email,longitude,image,state,city,address,venue,to,description,latitude,from,moreInfoLink,title
LindaSchaller@bonnethouse.org,-80.104465,http://www.artscalendar.com/sites/artscalendar.com/images/org/220002243/bonnet_medium.jpg,FL,Fort Lauderdale,900 North Birch Road,Bonnet House Museum and Gardens,03/14/2011,"Island Theater, Mondays<br> <br> Reservations Required (954) 563-5393 x 137<br> <br> Nov 8, 2010<br> 6:30-8:00pm<br> Conservator Marsha Schloesser<br> History &amp; Preservation of Carousel Animals<br> <br> Jan 10, 2011<br> 10-11:30am<br> J. Kent Planck<br> Hugh Taylor Birch &quot;The Big Boss&quot;<br> <br> Feb 7, 2011<br> 6:30-8:00pm<br> Bonnet House Curator, Stephen Draft<br> Transformation of Bonnet House in the 1930s<br> <br> Mar 14, 2011<br> 10-11:30am Helen Landers, Broward County Historian &amp; Denyse Cunningham, Curator Broward County Historical Commission &amp; Museum<br> Life in Fort Lauderdale 1911-1920 <br> &nbsp;</p>			</p>    			<br><br>",26.135141,11/08/2010,http://www.artscalendar.com/event/detail/440922210/Bonnet_House_Lecture,Bonnet House Lecture
,-80.1399765,http://www.artscalendar.com/sites/artscalendar.com/images/event/440915537/goingfishing_medium.jpg,FL,Miami Beach,924 Lincoln Road,ArtCenter/ South Florida Vitrine Window Space,11/18/2011,"Come view the new drawings and paintings of artist, Stephanie Rodriguez called Monster Mash. Her series is a collection of drawings and paintings inspired by classic horror movies and literature. Located in the Vitrine Window Display, ArtCenter/ South Florida, 924 Lincoln Road, Miami Beach.</p>			</p>    			<br><br>",25.7905114,10/08/2010,http://www.artscalendar.com/event/detail/440915537/Monster_Mash_Art_of_the_Macabre,"Monster Mash, Art of the Macabre"
stranahan1@aol.com,-80.13746,http://www.artscalendar.com/sites/artscalendar.com/images/org/220014809/indexhouse_medium.gif,FL,Fort Lauderdale,335 South East Sixth Avenue at Las Olas Boulevard,Stranahan House,05/01/2011,Participants will be introduced to the spirits that dwell in the Historic Stranahan House. You will hear the results of the Paranormal Investigations held in this House Museum. You will take a boat ride down the New River while listening to stories of the the colorful characters that once lived along the banks of the New River.</p>			</p>    			<br><br>,26.11852,05/16/2010,http://www.artscalendar.com/event/detail/440742585/River_Ghost_Tour,River Ghost Tour
info@southfloridajubilee.com,-80.2677439,http://www.artscalendar.com/sites/artscalendar.com/images/event/440876771/rob_3665cdiv_medium.jpg,FL,Fort Lauderdale,5350 Southwest 90th Avenue,Pioneer Middle School,05/19/2011,South Florida Jubilee Chorus wants you!! Join us any Thursday to meet new people and sing in harmony using the uniquely American Sweet Adelines International barbershop style. Real Women. Real Harmony. Real Fun.</p>			</p>    			<br><br>,26.050863,09/23/2010,http://www.artscalendar.com/event/detail/440876771/Women_Who_Love_to_Sing,Women Who Love to Sing
,-80.147971,http://www.artscalendar.com/sites/artscalendar.com/images/event/440899032/mods2c-autonation_medium.jpg,FL,Fort Lauderdale,401 Southwest Second Street,Museum of Discovery and Science,09/05/2011,"In Animation&rsquo;s stimulating and fun environment, visitors will explore the process of animation from concept to finished product &mdash; from storyboarding, character design, and drawing techniques to movement, timing, filming, and sound. Larger-than-life graphics of popular Cartoon Network characters provide a colorful backdrop to the exhibit, which also explores the history of animation and features a screening room and a cartoon museum. Animation was developed by the Oregon Museum of Science and Industry in collaboration with Cartoon Network. <br> &nbsp;</p>			</p>    			<br><br>",26.120993,05/28/2011,http://www.artscalendar.com/event/detail/440899032/Animation_Exhibit_,Animation Exhibit
,-80.1399765,http://www.artscalendar.com/sites/artscalendar.com/images/event/440915537/goingfishing_medium.jpg,FL,Miami Beach,924 Lincoln Road,ArtCenter/ South Florida Vitrine Window Space,11/18/2011,"Come view the new drawings and paintings of artist, Stephanie Rodriguez called Monster Mash. Her series is a collection of drawings and paintings inspired by classic horror movies and literature. Located in the Vitrine Window Display, ArtCenter/ South Florida, 924 Lincoln Road, Miami Beach.</p>			</p>    			<br><br>",25.7905114,10/08/2010,http://www.artscalendar.com/event/detail/440915537/Monster_Mash_Art_of_the_Macabre,"Monster Mash, Art of the Macabre"
,-80.263152,http://www.artscalendar.com/sites/artscalendar.com/images/event/440615065/kids-painting-summer-72-dpi_medium.jpg,FL,Coral Springs,2855 Coral Springs Drive,Coral Springs Museum of Art,01/01/2037,"Art Sampler for the Young 6-9. Each week a new medium will be explored using paint, pastels, collage, watercolor &amp; mixed media. Have fun &amp; learn about famous artists and their work.<br> &nbsp;</p>			</p>    			<br><br>",26.264663,02/22/2010,http://www.artscalendar.com/event/detail/440615065/Art_Classes_in_an_Art_Museum,Art Classes in an Art Museum
,-80.1524984,http://www.artscalendar.com/sites/artscalendar.com/images/event/440460764/440460764img1_medium.jpg,FL,Deerfield Beach,401 South Powerline Road,Quiet Waters Park,03/13/2011,"Celebrate 500 years of fun in a single day! Browse through the enchanted crafts village where over one-hundred merchants and artisans demonstrate and sell their wares. Behold glass blowing, hammered pewter, wooden toys, unique pottery, clothing and a wealth of other riches. Applaud hundreds of performers, on stage and literally all around you. Mingle with sword fighters, minstrels, magicians, mud-beggars, wenches and more, for all the world's a stage!</p>			</p>    			<br><br>",26.308546,02/12/2011,http://www.artscalendar.com/event/detail/440460764/Florida_Renaissance_Festival,Florida Renaissance Festival
,-80.148274,http://www.artscalendar.com/sites/artscalendar.com/images/org/220005264/eco_medium.jpg,FL,Miami,Miami-Dade Parks,Eco-Adventures,01/01/2037,"On Eco-Adventures' naturalist-guided trip, canoeists will observe herons, white ibis and osprey and explore a tropical hardwood hammock in East Greynolds Park. Step back in time as you explore this natural river system in northeast Miami-Dade County.</p>			</p>    			<br><br>",25.847842,08/17/2009,http://www.artscalendar.com/event/detail/440420106/Historic_Oleta_River_Canoe_Trek,Historic Oleta River Canoe Trek
,-80.147971,http://www.artscalendar.com/sites/artscalendar.com/images/event/440899025/arabia_poster_medium.jpg,FL,Fort Lauderdale,401 Southwest Second Street,Museum of Discovery and Science,05/31/2011,"Steeped in ancient history and unique customs not found anywhere else in the world, Arabia mystifies us, shimmering like a desert mirage. For more than 2,000 years, its people have flourished in one of the harshest environments on the planet. Yet little is known about its fascinating culture which has remained hidden from the West for far too long. Now, with the full force of IMAX&reg; 3D cinematography, Arabia takes viewers deep into the heart of this exotic land where they&rsquo;ll experience firsthand the mystique of Arabia both past and present. Like visitors on a magic carpet ride, audiences will discover the lost city of Madain Saleh and explore its ancient tombs; they will travel with a camel caravan along the early frankincense trade route; they will share in the lamp-lit warmth of a Bedouin family tent and travel back in time to the Islamic Golden Age when Arabian science and scholarship flourished; and they will survive a desert sandstorm and dive the coral reefs and ancient shipwrecks of the dazzling Red Sea.</p>			</p>    			<br><br>",26.120993,09/03/2010,http://www.artscalendar.com/event/detail/440899025/ARABIA_3D,ARABIA 3D
,-80.147971,http://www.artscalendar.com/sites/artscalendar.com/images/event/440899026/dinosaurs-3d_medium.jpg,FL,Fort Lauderdale,401 Southwest Second Street,Museum of Discovery and Science,05/31/2011,"Dinosaurs are among the most fascinating animals to have ever walked the Earth. We are captivated by their size and intrigued that they disappeared millions of years ago. Dinosaurs: Giants of Patagonia 3D will take a unique 3D journey to Patagonia in southern Argentina to discover the world of the largest known dinosaurs. Done in close collaboration with the foremost paleontologists, the film creates highly realistic computer generated 3D footage of the giant dinosaurs, Giganotosaurus and Argentinosaurus.</p>			</p>    			<br><br>",26.120993,09/03/2010,http://www.artscalendar.com/event/detail/440899026/DINOSAURS_GIANTS_OF_PATAGONIA_3D,DINOSAURS: GIANTS OF PATAGONIA 3D
,,http://www.artscalendar.com/sites/artscalendar.com/images/event/440828802/fancy_medium.jpg,FL,Fort Lauderdale,2400 Civic Center Place,Miramar Cultural Center,04/16/2011,"Fancy Nancy &amp; Other Storybooks, a musical revue based on popular children's literature. Six delightful stories come to life in Theatreworks USA's musical revue Fancy Nancy &amp; Other Storybooks . Performed by a five-member cast who portray dozens of characters throughout the show, the stories represent various issues, themes and ideas relevant to a broad and diverse audience of children. Books featured in the show include: FANCY NANCY - Nancy just doesn't understand why she's the only one who appreciated the value of frilly accessories and a prodigious vocabulary. It's time to teach her family how to be fancy! BABYMOUSE, THE MUSICAL - Curtain up, light the lights! Will the irresistible, irrepressible Babymouse win the lead in the school musical or will Felicia Furrypaws steal the show? DUCK FOR PRESIDENT - The winds of change are blowing, and a politically ambitious Duck is leading the revolution! But can he bring a new bill to Capitol Hill? I HAVE TO GO! - Andrew insists that he doesn't need to use the restroom, but once he's zipped, snapped, buttoned, and buckled in the backseat, he hears the call of nature. LEONARDO, THE TERRIBLE MONSTER - Though he isn't big and he can't seem to frighten anyone, Leonardo just knows he can scare the tuna salad out of the biggest scaredy-cat. PIRATES DON'T CHANGE DIAPERS -- When Jeremy Jacob's old seafaring mateys show up to claim a buried treasure, they wake up his little sister, and the whole piratical crew must go on.</p>			</p>    			<br><br>",,04/16/2011,http://www.artscalendar.com/event/detail/440828802/Fancy_Nancy_and_Other_Storybooks,Fancy Nancy and Other Storybooks
,-80.2265545,http://www.artscalendar.com/sites/artscalendar.com/images/event/440828801/frog_medium.jpg,FL,Fort Lauderdale,3100 Ray Ferrero Junior Boulevard,Rose and Alfred Miniaci Performing Arts Center,04/24/2011,"Stages Productions magical tale of The Frog Prince comes to life with its timeless lessons of compassion, keeping promises, and true beauty. This powerful musical cleverly mixes these vital themes with great songs, comedy, dancing, and just enough romance to create a memorable experience for the whole family. Join the enchanted frog, the beautiful princess, and the entire kingdom as they learn that &quot;you can't judge a book by its cover, and you can't judge a frog by his warts!&quot;</p>			</p>    			<br><br>",26.0695412,04/24/2011,http://www.artscalendar.com/event/detail/440828801/Frog_Prince,Frog Prince
,-80.149426,http://www.artscalendar.com/sites/artscalendar.com/images/event/440828800/pooh_medium.jpg,FL,Fort Lauderdale,201 Southwest 5th Avenue,Broward Center for the Performing Arts,05/01/2011,"Join Christopher, and his best friend Pooh, and the whole animal crew for a delightful, eye-opening adventure told with the hands and voices of the deaf and hearing actors. Follow Pooh and Piglet on a Heffalump hunt, watch the Rabbit scheme to rid the forest of Kanga's dreaded bathtub, and help Eeyore search for his tail. Along the way you just might pick up a few lessons of friendship, loyalty and acceptance. Featuring the brilliant talent of Sign Stage on Tour in its 15th touring year, this family production is signed and spoken simultaneously.<br> &nbsp;</p>			</p>    			<br><br>",26.1193,05/01/2011,http://www.artscalendar.com/event/detail/440828800/Winne_the_Pooh,Winne the Pooh
,,http://www.artscalendar.com/sites/artscalendar.com/images/event/440828799/butterfly_medium.jpg,FL,Fort Lauderdale,2400 Civic Center Place,Miramar Cultural Center,05/02/2011,"Triumph of the human spirit, this play shares the hopes, the fears, and the beauty of the children of Terezin. Over 15,000 Jewish children passed through Terezin Concentration Camp during World War II in which fewer than 100 survived. Their true story, told through the artwork and poetry they left behind, creates a compelling picture of defiance and of vibrant life!</p>			</p>    			<br><br>",,05/02/2011,http://www.artscalendar.com/event/detail/440828799/I_Never_Saw_Another_Butterfly_,I Never Saw Another Butterfly
,-80.196719,http://www.artscalendar.com/sites/artscalendar.com/images/event/440828797/pooh_medium.jpg,FL,Miami,11300 Northeast Second Avenue,Broad Center for the Performing Arts,05/04/2011,"5/4/2011<br> Amaturo Theater<br> Join Christopher, his best friend Pooh, and the whole animal crew for a delightful, eye-opening adventure told with the hands and voices of the deaf and hearing actors.</p>			</p>    			<br><br>",25.878502,05/04/2011,http://www.artscalendar.com/event/detail/440828797/Winnie_the_Pooh,Winnie the Pooh
,-80.136172,http://www.artscalendar.com/sites/artscalendar.com/images/event/440828796/doktor_medium.jpg,FL,Fort Lauderdale,707 Northeast Eighth Street,Broward Center for the Performing Arts  &gt; Parker Playhouse,05/05/2011,"Docktor Kaboom! takes his audience on an amazing educational tour of the modern scientific method, using humor and comedy while demonstrating spectacular applications of the physical sciences.</p>			</p>    			<br><br>",26.134246,05/05/2011,http://www.artscalendar.com/event/detail/440828796/Doktor_Kaboom_,Doktor Kaboom!
,-80.134567,http://www.artscalendar.com/sites/artscalendar.com/images/event/440828794/doktor_medium.jpg,FL,Aventura,3385 NE 188th Street,Aventura Art and Cultural Center,05/06/2011,"Doktor Kaboom! is an interactive performance that creatively blends theatre arts with the wonders of scientific exploration. Join him for a sidesplitting journey of increasingly spectacular, and often successful, experiments and demonstrations. Docktor Kaboom! takes his audience on an amazing educational tour of the modern scientific method, using humor and comedy while demonstrating spectacular applications of the physical sciences.</p>			</p>    			<br><br>",25.949623,05/06/2011,http://www.artscalendar.com/event/detail/440828794/Doktor_Kaboom,Doktor Kaboom!
,,http://www.artscalendar.com/sites/artscalendar.com/images/event/440828795/caps4_medium.jpg,FL,Fort Lauderdale,2400 Civic Center Place,Miramar Cultural Center,05/06/2011,Hudson Vagabond Puppets uses bunraku puppetry to act out the familiar story of the cap salesman who falls asleep under a under a 10-foot tall canopy of trees and wake up without his wares!</p>			</p>    			<br><br>,,05/06/2011,http://www.artscalendar.com/event/detail/440828795/Caps_for_Sale_,Caps for Sale
,-80.2265545,http://www.artscalendar.com/sites/artscalendar.com/images/event/440828793/caps_medium.jpg,FL,Fort Lauderdale,3100 Ray Ferrero Junior Boulevard,Rose and Alfred Miniaci Performing Arts Center,05/07/2011,"Hudson Vagabond Puppets uses bunraku puppetry to act out the familiar story of the cap salesman who falls asleep under a under a 10-foot tall canopy of trees and wake up without his wares! The second act is the story of three increasingly large billy-goats, attempting to cross a bridge in defiance of an obnoxious ogre. The production involves creative extensions of the stories that make the audience part of the action! <br> &nbsp;</p>			</p>    			<br><br>",26.0695412,05/07/2011,http://www.artscalendar.com/event/detail/440828793/Caps_4_SaleThree_Billy_Goats_,Caps 4 Sale/Three Billy Goats
,-80.134567,http://www.artscalendar.com/sites/artscalendar.com/images/event/440828792/stuart_medium.jpg,FL,Aventura,3385 NE 188th Street,Aventura Art and Cultural Center,05/14/2011,"Theatre IV, the nation's second largest touring theatre for young audiences, will present Stuart Little. From the loving heart of E. B. White, author of Charlotte's Web, comes this merry musical about a noble mouse that jumps headlong into adventures big enough to match any imagination. By turns funny, tender and exciting, Stuart Little mixes gorgeous child-size puppets with live actors to work theatrical magic.</p>			</p>    			<br><br>",25.949623,05/14/2011,http://www.artscalendar.com/event/detail/440828792/Stuart_Little,Stuart Little
,,http://www.artscalendar.com/sites/artscalendar.com/images/event/440828802/fancy_medium.jpg,FL,Fort Lauderdale,2400 Civic Center Place,Miramar Cultural Center,04/16/2011,"Fancy Nancy &amp; Other Storybooks, a musical revue based on popular children's literature. Six delightful stories come to life in Theatreworks USA's musical revue Fancy Nancy &amp; Other Storybooks . Performed by a five-member cast who portray dozens of characters throughout the show, the stories represent various issues, themes and ideas relevant to a broad and diverse audience of children. Books featured in the show include: FANCY NANCY - Nancy just doesn't understand why she's the only one who appreciated the value of frilly accessories and a prodigious vocabulary. It's time to teach her family how to be fancy! BABYMOUSE, THE MUSICAL - Curtain up, light the lights! Will the irresistible, irrepressible Babymouse win the lead in the school musical or will Felicia Furrypaws steal the show? DUCK FOR PRESIDENT - The winds of change are blowing, and a politically ambitious Duck is leading the revolution! But can he bring a new bill to Capitol Hill? I HAVE TO GO! - Andrew insists that he doesn't need to use the restroom, but once he's zipped, snapped, buttoned, and buckled in the backseat, he hears the call of nature. LEONARDO, THE TERRIBLE MONSTER - Though he isn't big and he can't seem to frighten anyone, Leonardo just knows he can scare the tuna salad out of the biggest scaredy-cat. PIRATES DON'T CHANGE DIAPERS -- When Jeremy Jacob's old seafaring mateys show up to claim a buried treasure, they wake up his little sister, and the whole piratical crew must go on.</p>			</p>    			<br><br>",,04/16/2011,http://www.artscalendar.com/event/detail/440828802/Fancy_Nancy_and_Other_Storybooks,Fancy Nancy and Other Storybooks
,-80.2265545,http://www.artscalendar.com/sites/artscalendar.com/images/event/440828801/frog_medium.jpg,FL,Fort Lauderdale,3100 Ray Ferrero Junior Boulevard,Rose and Alfred Miniaci Performing Arts Center,04/24/2011,"Stages Productions magical tale of The Frog Prince comes to life with its timeless lessons of compassion, keeping promises, and true beauty. This powerful musical cleverly mixes these vital themes with great songs, comedy, dancing, and just enough romance to create a memorable experience for the whole family. Join the enchanted frog, the beautiful princess, and the entire kingdom as they learn that &quot;you can't judge a book by its cover, and you can't judge a frog by his warts!&quot;</p>			</p>    			<br><br>",26.0695412,04/24/2011,http://www.artscalendar.com/event/detail/440828801/Frog_Prince,Frog Prince
,-80.134567,http://www.artscalendar.com/sites/artscalendar.com/images/event/440921097/zero_medium.jpg,FL,Aventura,3385 NE 188th Street,Aventura Art and Cultural Center,02/27/2011,"Mazel Musicals, Inc. and the Broward Center for the Performing Arts present Zero Hour. Set in theatre legend Zero Mostel's painting studio on West 28th Street, a na&iuml;ve reporter attempts to interview the famously volatile artist, prompting an explosion of memory, humor, outrage and juicy backstage lore.</p> <p>Mostel is remembered for his comedic genius and his definitive roles, but in the 1950's, he was equally known for his place on the infamous Hollywood blacklist. Directed by three-time Oscar-nominated film star Piper Laurie, Jim Brochu's striking portrayal brings all of Mostel's swagger, ferocity, intelligence and fantastic wit back to the stage in this volcanic tour-de-force.<br> &nbsp;</p>			</p>    			<br><br>",25.949623,02/16/2011,http://www.artscalendar.com/event/detail/440921097/Zero_Hour,Zero Hour
stranahan1@aol.com,-80.13746,http://www.artscalendar.com/sites/artscalendar.com/images/org/220014809/indexhouse_medium.gif,FL,Fort Lauderdale,335 South East Sixth Avenue at Las Olas Boulevard,Stranahan House,05/01/2011,Participants will be introduced to the spirits that dwell in the Historic Stranahan House. You will hear the results of the Paranormal Investigations held in this House Museum. You will take a boat ride down the New River while listening to stories of the the colorful characters that once lived along the banks of the New River.</p>			</p>    			<br><br>,26.11852,05/16/2010,http://www.artscalendar.com/event/detail/440742585/River_Ghost_Tour,River Ghost Tour
,-80.149426,http://www.artscalendar.com/sites/artscalendar.com/images/event/440828800/pooh_medium.jpg,FL,Fort Lauderdale,201 Southwest 5th Avenue,Broward Center for the Performing Arts,05/01/2011,"Join Christopher, and his best friend Pooh, and the whole animal crew for a delightful, eye-opening adventure told with the hands and voices of the deaf and hearing actors. Follow Pooh and Piglet on a Heffalump hunt, watch the Rabbit scheme to rid the forest of Kanga's dreaded bathtub, and help Eeyore search for his tail. Along the way you just might pick up a few lessons of friendship, loyalty and acceptance. Featuring the brilliant talent of Sign Stage on Tour in its 15th touring year, this family production is signed and spoken simultaneously.<br> &nbsp;</p>			</p>    			<br><br>",26.1193,05/01/2011,http://www.artscalendar.com/event/detail/440828800/Winne_the_Pooh,Winne the Pooh
,-80.149426,http://www.artscalendar.com/sites/artscalendar.com/images/event/440828809/madam_medium.jpg,FL,Fort Lauderdale,201 Southwest 5th Avenue,Broward Center for the Performing Arts,03/24/2011,"Japan, early twentieth century. On a flowering terrace above Nagasaki harbor, U.S. Navy Lieutenant B. F. Pinkerton inspects the house he has leased from a marriage broker, Goro, who has just procured him three servants and a geisha wife, Cio-Cio-San, known as Madama Butterfly.<br> <br> <br> &nbsp;</p>			</p>    			<br><br>",26.1193,03/24/2011,http://www.artscalendar.com/event/detail/440828809/Madama_Butterfly,Madama Butterfly
,,http://www.artscalendar.com/sites/artscalendar.com/images/event/440828799/butterfly_medium.jpg,FL,Fort Lauderdale,2400 Civic Center Place,Miramar Cultural Center,05/02/2011,"Triumph of the human spirit, this play shares the hopes, the fears, and the beauty of the children of Terezin. Over 15,000 Jewish children passed through Terezin Concentration Camp during World War II in which fewer than 100 survived. Their true story, told through the artwork and poetry they left behind, creates a compelling picture of defiance and of vibrant life!</p>			</p>    			<br><br>",,05/02/2011,http://www.artscalendar.com/event/detail/440828799/I_Never_Saw_Another_Butterfly_,I Never Saw Another Butterfly
,-80.134567,http://www.artscalendar.com/sites/artscalendar.com/images/event/440828805/neil_medium.jpg,FL,Aventura,3385 NE 188th Street,Aventura Art and Cultural Center,04/02/2011,"Rob Garett has headlined at Caesar's Palace, the Sands Hotel and the Tropicana in Las Vegas. He has performed all over the world from London, England to Oslo, Norway and now he is coming to the Aventura Arts &amp; Cultural Center.</p> <p>4/2/2011<br> Aventura Arts &amp; Cultural Ctr<br> &nbsp;</p>			</p>    			<br><br>",25.949623,04/02/2011,http://www.artscalendar.com/event/detail/440828805/Rob_Garett_King_of_Diamonds_A_Neil_Diamond_Tribute_Concert_,"Rob Garett ""King of Diamonds"" - A Neil Diamond Tribute Concert"
,-80.149426,http://www.artscalendar.com/sites/artscalendar.com/images/event/440471035/laffing_medium.jpg,FL,Fort Lauderdale,201 Southwest 5th Avenue,Broward Center for the Performing Arts,05/14/2011,"Laffing Matterz, a live, original, musical comedy revue spoofing current events, returns to Fort Lauderdale at the Broward Center for the Performing Arts. Laffing Matterz combines the best of dinner theater with the hilarity of topical satire in a one of a kind evening that everyone will enjoy.</p>			</p>    			<br><br>",26.1193,10/15/2009,http://www.artscalendar.com/event/detail/440471035/Laffing_Matterz,Laffing Matterz
,-80.196719,http://www.artscalendar.com/sites/artscalendar.com/images/event/440828797/pooh_medium.jpg,FL,Miami,11300 Northeast Second Avenue,Broad Center for the Performing Arts,05/04/2011,"5/4/2011<br> Amaturo Theater<br> Join Christopher, his best friend Pooh, and the whole animal crew for a delightful, eye-opening adventure told with the hands and voices of the deaf and hearing actors.</p>			</p>    			<br><br>",25.878502,05/04/2011,http://www.artscalendar.com/event/detail/440828797/Winnie_the_Pooh,Winnie the Pooh
,-80.136172,http://www.artscalendar.com/sites/artscalendar.com/images/event/440828796/doktor_medium.jpg,FL,Fort Lauderdale,707 Northeast Eighth Street,Broward Center for the Performing Arts  &gt; Parker Playhouse,05/05/2011,"Docktor Kaboom! takes his audience on an amazing educational tour of the modern scientific method, using humor and comedy while demonstrating spectacular applications of the physical sciences.</p>			</p>    			<br><br>",26.134246,05/05/2011,http://www.artscalendar.com/event/detail/440828796/Doktor_Kaboom_,Doktor Kaboom!
,-80.134567,http://www.artscalendar.com/sites/artscalendar.com/images/event/440828794/doktor_medium.jpg,FL,Aventura,3385 NE 188th Street,Aventura Art and Cultural Center,05/06/2011,"Doktor Kaboom! is an interactive performance that creatively blends theatre arts with the wonders of scientific exploration. Join him for a sidesplitting journey of increasingly spectacular, and often successful, experiments and demonstrations. Docktor Kaboom! takes his audience on an amazing educational tour of the modern scientific method, using humor and comedy while demonstrating spectacular applications of the physical sciences.</p>			</p>    			<br><br>",25.949623,05/06/2011,http://www.artscalendar.com/event/detail/440828794/Doktor_Kaboom,Doktor Kaboom!
,,http://www.artscalendar.com/sites/artscalendar.com/images/event/440828795/caps4_medium.jpg,FL,Fort Lauderdale,2400 Civic Center Place,Miramar Cultural Center,05/06/2011,Hudson Vagabond Puppets uses bunraku puppetry to act out the familiar story of the cap salesman who falls asleep under a under a 10-foot tall canopy of trees and wake up without his wares!</p>			</p>    			<br><br>,,05/06/2011,http://www.artscalendar.com/event/detail/440828795/Caps_for_Sale_,Caps for Sale
,-80.2265545,http://www.artscalendar.com/sites/artscalendar.com/images/event/440828793/caps_medium.jpg,FL,Fort Lauderdale,3100 Ray Ferrero Junior Boulevard,Rose and Alfred Miniaci Performing Arts Center,05/07/2011,"Hudson Vagabond Puppets uses bunraku puppetry to act out the familiar story of the cap salesman who falls asleep under a under a 10-foot tall canopy of trees and wake up without his wares! The second act is the story of three increasingly large billy-goats, attempting to cross a bridge in defiance of an obnoxious ogre. The production involves creative extensions of the stories that make the audience part of the action! <br> &nbsp;</p>			</p>    			<br><br>",26.0695412,05/07/2011,http://www.artscalendar.com/event/detail/440828793/Caps_4_SaleThree_Billy_Goats_,Caps 4 Sale/Three Billy Goats
,-80.134567,http://www.artscalendar.com/sites/artscalendar.com/images/event/440828792/stuart_medium.jpg,FL,Aventura,3385 NE 188th Street,Aventura Art and Cultural Center,05/14/2011,"Theatre IV, the nation's second largest touring theatre for young audiences, will present Stuart Little. From the loving heart of E. B. White, author of Charlotte's Web, comes this merry musical about a noble mouse that jumps headlong into adventures big enough to match any imagination. By turns funny, tender and exciting, Stuart Little mixes gorgeous child-size puppets with live actors to work theatrical magic.</p>			</p>    			<br><br>",25.949623,05/14/2011,http://www.artscalendar.com/event/detail/440828792/Stuart_Little,Stuart Little
,-80.140314,http://www.artscalendar.com/sites/artscalendar.com/images/event/440862076/ethan_medium.jpg,FL,Hollywood,1650 Harrison Street,Art and Culture Center of Hollywood,03/06/2011,"At age nine, Ethan is taking the entertainment world by storm with an amazing talent well beyond his years. The young pianist and composer seamlessly brings to life some of music&rsquo;s most well known classics and biggest hits from every era and genre, entertaining crowds with a repertoire that spans from Bach and Mozart to disco, jazz, pop, and rock songs. Witness the musical virtuosity of Ethan Bortnick as he delivers a trip through music&rsquo;s rich history and introduces some of his very own compositions, including the entertaining and inspiring stories behind his original songs. As motivating as they are entertaining, his concerts captivate both kids and adults while reminding the audience that &ldquo;anything is possible.&rdquo; This is a rare opportunity to experience a uniquely gifted musician and entertainer in a show that&rsquo;s magical and inspiring for all ages!</p>			</p>    			<br><br>",26.010378,03/05/2011,http://www.artscalendar.com/event/detail/440862076/Ethan_Bortnick_and_His_Musical_Time_Machine,Ethan Bortnick and His Musical Time Machine
,-80.119747,http://www.artscalendar.com/sites/artscalendar.com/images/event/440741533/markferincola_medium.jpg,FL,Miami Beach,6701 Collins Ave,Deauville Hotel,01/01/2037,"Mothers Day May 9, 2010 6 &ndash; 9 pm.</p> <p>Come experience this great show, at the Deauville Hotel. An evening of Live Music, Entertainment and Dancing to an18 pc. Orchestra, Playing Jazz, Swing, Ballads, Blues, Latin and more. Featuring: Terri Gonzalez, Our Show Dancers, The All Star Circus performers, S. Florida&rsquo;s best Stand up Comedian&rsquo;s and Special Guest performers, all on stage in the &ldquo;Jazz Lounge Supper Club &rdquo; with a large dance floor. Dance floor is open during the show when the band is on !</p> <p>&nbsp;The Big Band Show is a monthly show held at the legendary &quot;Deauville Hotel&rdquo; on the 2nd Sunday of each month</p> <p>Appetizer, Ala Carte&rsquo; and Pre Fixe&rsquo; Dinner menu available as well as a Full Service Bar. &ldquo;Deauville Beach Resort Hotel&rdquo; 6701 Collins ave. Miami Beach Fl. Show Tickets $20.00 Available at www.markfernicola.com or call 954 557-7993 We accept all major credit cards. <br> &nbsp;</p>			</p>    			<br><br>",25.850514,05/09/2010,http://www.artscalendar.com/event/detail/440741533/A_SWINGIN_EVENING_OF_ENTERTAINMENT_with_MARK_FERNICOLA_AND_THE_LAST_FLIGHT_OUT_BIG_BAND_,“A SWINGIN’ EVENING OF ENTERTAINMENT” with MARK FERNICOLA AND THE LAST FLIGHT OUT BIG BAND.
,-80.147971,http://www.artscalendar.com/sites/artscalendar.com/images/event/440899032/mods2c-autonation_medium.jpg,FL,Fort Lauderdale,401 Southwest Second Street,Museum of Discovery and Science,09/05/2011,"In Animation&rsquo;s stimulating and fun environment, visitors will explore the process of animation from concept to finished product &mdash; from storyboarding, character design, and drawing techniques to movement, timing, filming, and sound. Larger-than-life graphics of popular Cartoon Network characters provide a colorful backdrop to the exhibit, which also explores the history of animation and features a screening room and a cartoon museum. Animation was developed by the Oregon Museum of Science and Industry in collaboration with Cartoon Network. <br> &nbsp;</p>			</p>    			<br><br>",26.120993,05/28/2011,http://www.artscalendar.com/event/detail/440899032/Animation_Exhibit_,Animation Exhibit
,-80.1399765,http://www.artscalendar.com/sites/artscalendar.com/images/event/440915537/goingfishing_medium.jpg,FL,Miami Beach,924 Lincoln Road,ArtCenter/ South Florida Vitrine Window Space,11/18/2011,"Come view the new drawings and paintings of artist, Stephanie Rodriguez called Monster Mash. Her series is a collection of drawings and paintings inspired by classic horror movies and literature. Located in the Vitrine Window Display, ArtCenter/ South Florida, 924 Lincoln Road, Miami Beach.</p>			</p>    			<br><br>",25.7905114,10/08/2010,http://www.artscalendar.com/event/detail/440915537/Monster_Mash_Art_of_the_Macabre,"Monster Mash, Art of the Macabre"
,,http://www.artscalendar.com/sites/artscalendar.com/images/event/440858652/westside_medium.jpg,,,,,02/27/2011,"More than fifty years ago one musical changed theater forever. Now it&rsquo;s back on Broadway mesmerizing audiences once again. From the first note to the final breath, WEST SIDE STORY soars as the greatest love story of all time.</p> <p>Directed by its two-time Tony Award&reg;-winning librettist Arthur Laurents, WEST SIDE STORY remains as powerful, poignant and timely as ever. The new Broadway cast album of WEST SIDE STORY recently won the 2010 Grammy Award&reg; for Best Musical Show Album.</p> <p>The Bernstein and Sondheim score is considered to be one of Broadway's finest and features such classics of the American musical theatre as &quot;Something's Coming,&quot; &quot;Tonight,&quot; &quot;America,&quot; &quot;I Feel Pretty&quot; and &quot;Somewhere.&quot;</p> <p>&nbsp;</p>			</p>    			<br><br>",,02/15/2011,http://www.artscalendar.com/event/detail/440858652/West_Side_Story,West Side Story
,-80.313136,http://www.artscalendar.com/sites/artscalendar.com/images/org/220082041/220082041img1_medium.jpg,FL,Fort Lauderdale,12200 West Broward Boulevard,Mosaic Theatre,03/06/2011,"A New Comedy about Guys with One Tiny Problem by Martin Casella &nbsp;(SOUTHEAST US PREMIERE)<br> &quot;Casella is at his best when he's going for laughs. He gets a lot of them.&quot; - NY Times<br> &quot;A funny and charming play. The Vagina Monologues for guys!&quot; - NY Post<br> What &quot;The Irish Curse&quot; is - and how it manifests itself - is the raw centerpiece of this wicked, rollicking and very funny new play. From its blistering language to its brutally honest look at sex and body image, &quot;The Irish Curse&quot; is a revealing portrait of how men and society define masculinity, daring to pose the fundamental question that has been on the minds of men since the beginning of time: &quot;Do I measure up to the next guy?&quot; A small group of Irish-American men (all professionally successful New Yorkers) meets every Wednesday night, at a men's self-help group. One evening, when a twenty-something blue-collar guy joins the group, he challenges everything the other men thought about &quot;the Irish curse,&quot; tackling their obsession with body image and unmasking the comical/truthful questions of identity, masculinity, sex, relationships, and social status that define their lives. <br> &nbsp;</p>			</p>    			<br><br>",26.120766,02/10/2011,http://www.artscalendar.com/event/detail/440930661/The_Irish_Curse,The Irish Curse
,-80.136172,http://www.artscalendar.com/sites/artscalendar.com/images/event/440921107/wonder_medium.jpg,FL,Fort Lauderdale,707 Northeast Eighth Street,Broward Center for the Performing Arts  &gt; Parker Playhouse,03/13/2011,"New York City in 1916. Paris in the 30's. Hollywood of the 40's. New Orleans in the 50's...And somewhere in the world today.</p> <p>&quot;'SWONDERFUL&quot; takes you on a ride to the different places, times, and musical styles that make the Gershwin brothers the most successful songwriting team in the history of popular music. Like a technicolor movie musical, &quot;'SWONDERFUL&quot;, paints a picture of nostalgia and entertainment while paying tribute to the incomparable songbook of George and Ira Gershwin.<br> &nbsp;</p>			</p>    			<br><br>",26.134246,03/10/2011,http://www.artscalendar.com/event/detail/440921107/SWonderful_Off_Broadway_In_Broward,'SWonderful - Off Broadway In Broward
,,http://www.artscalendar.com/sites/artscalendar.com/images/event/440921113/newshanghai_medium.jpg,FL,Fort Lauderdale,2400 Civic Center Place,Miramar Cultural Center,03/20/2011,"Astonishing athletes defy gravity and execute breathtaking feats as they stretch the limits of human ability in the spellbinding New Shanghai Circus.</p> <p>CBS News calls the show &quot;fantastic,&quot; and sold-out audiences marvel as they watch this talented troupe of fearless performers with boundless energy bring to life more than two thousand years of Chinese circus traditions.</p> <p>If it's humanly possible -- and even if it's not! - Shanghai's acrobats, jugglers and contortionists defy gravity and delight adults and children alike with spectacular flair and limitless imagination. Dazzling costumes, awe-inspiring sets and incredible choreography make Shanghai Circus an amazing experience for the whole family. So, sit back and enjoy the super-human displays of power and extraordinary grace when the New Shanghai Circus comes to town.<br> &nbsp;</p>			</p>    			<br><br>",,03/20/2011,http://www.artscalendar.com/event/detail/440921113/New_Shanghai_Circus,New Shanghai Circus
stranahan1@aol.com,-80.13746,http://www.artscalendar.com/sites/artscalendar.com/images/org/220014809/indexhouse_medium.gif,FL,Fort Lauderdale,335 South East Sixth Avenue at Las Olas Boulevard,Stranahan House,05/01/2011,Participants will be introduced to the spirits that dwell in the Historic Stranahan House. You will hear the results of the Paranormal Investigations held in this House Museum. You will take a boat ride down the New River while listening to stories of the the colorful characters that once lived along the banks of the New River.</p>			</p>    			<br><br>,26.11852,05/16/2010,http://www.artscalendar.com/event/detail/440742585/River_Ghost_Tour,River Ghost Tour
,-80.2109582,http://www.artscalendar.com/sites/artscalendar.com/images/event/440360402/440360402img1_medium.jpg,FL,Fort Lauderdale,5710 Seminole Way,Ah-Tah-Thi-Ki Museum,10/16/2011,The Ah-Tah-Thi-Ki Museum will present an exhibit with great historical significance. The exhibit will let you explore the Arms of the Seminole Wars. The museum houses some of the most unique and well preserved weaponry from the time periods of 1817-1858. This exhibit will focus on the changing technology of weaponry and how these advancements shaped the Seminole Wars.</p>			</p>    			<br><br>,26.0503733,02/02/2011,http://www.artscalendar.com/event/detail/440360402/Arms_of_the_Seminole_Wars,Arms of the Seminole Wars
,-80.130204,http://www.artscalendar.com/sites/artscalendar.com/images/event/440008445/franzjosef_medium.jpg,FL,Miami Beach,2121 Park Avenue,Bass Museum of Art,01/01/2037,"The Austrian works in the Bass collection have been called the most representative group of works from ""The Golden Age of Emperor Franz Joseph."" John Bass's father had been a counselor to Franz Joseph, whose long reign over the Austro-Hungarian Empire encompassed the end of the Biedermeier period.  Re-opening August 14th, the exhibition will be on view in a newly-installed period room in the style of mid-nineteenth century Austria.    Throughout the course of amassing his collection, works by Hans Makart, Eugene Jettel, Eduard Veith - to name only a few represented in the exhibition - appealed to John Bass on a personal level as these were works by artists he had known from a very young age.  The Austrian art in the Bass collection provides the most personal view of John Bass, a Viennese expatriate who came to live in the United States but who never completely forgot his homeland.    Exhibit Location:  Henri and Flore Lesieur Pavilion  			</p>    			<br><br>",25.7975603,08/22/2007,http://www.artscalendar.com/event/detail/440008445/Austrian_Art_The_Golden_Age_of_Emperor_Franz_Joseph,Austrian Art: The Golden Age of Emperor Franz Joseph
,-80.149426,http://www.artscalendar.com/sites/artscalendar.com/images/event/440828807/second_medium.jpg,FL,Fort Lauderdale,201 Southwest 5th Avenue,Broward Center for the Performing Arts,03/25/2011,"The Second City's Fair &amp; Unbalanced takes unbridled comic pleasure in the foibles of our politicians, celebrities and even our significant others.</p> <p>No institution escapes the satiric eye of The Second City -- from the blowhards of the Beltway to the Hollywood elite. Ripped from the stages of Second City's legendary theatres in Chicago and Toronto, The Second City's Fair &amp; Unbalanced is a hilarious ride through present-day America.</p> <p>&nbsp;</p>			</p>    			<br><br>",26.1193,03/25/2011,http://www.artscalendar.com/event/detail/440828807/Second_City_2011,Second City 2011
,-80.1322113,http://www.artscalendar.com/sites/artscalendar.com/images/event/440069020/naomi_medium.jpg,FL,Miami Beach,1205 Washington Avenue,World Erotic Art Museum,01/01/2037,"Naomi Wilzig, 70, has accumulated 4,000 pieces of erotic art over thirteen years.  Her collection includes biblical, mythological, oriental, ethnographic, neo-classical, European 17th to 20th century, alternative lifestyles, contemporary classes and much, much more!  			</p>    			<br><br>",25.7830273,08/22/2007,http://www.artscalendar.com/event/detail/440069020/The_Naomi_Wilzig_Collection,The Naomi Wilzig Collection
,-80.136172,http://www.artscalendar.com/sites/artscalendar.com/images/event/440828808/spring_medium.jpg,FL,Fort Lauderdale,707 Northeast Eighth Street,Broward Center for the Performing Arts  &gt; Parker Playhouse,03/27/2011,"The winner of 8 Tony Awards, including Best Musical, SPRING AWAKENING explores the journey from adolescence to adulthood with a poignancy and passion you will never forget.</p> <p>Told by Duncan Sheik and Steven Sater through &quot;The most gorgeous Broadway score this decade,&quot; Entertainment Weekly, the landmark musical is an electrifying fusion of morality, sexuality and rock &amp; roll that is exhilarating audiences across the nation like no other musical in years.</p> <p>Join this group of late 19th century German students on their passage as they navigate teenage self-discovery and coming of age anxiety in a powerful celebration of youth and rebellion in the daring, remarkable SPRING AWAKENING. &quot;Broadway may never the same again!&quot; NY Times</p> <p><br> &nbsp;</p>			</p>    			<br><br>",26.134246,03/24/2011,http://www.artscalendar.com/event/detail/440828808/Spring_Awakening,Spring Awakening
,-80.130204,http://www.artscalendar.com/sites/artscalendar.com/images/event/440073372/the_tournament_prev_medium.jpg,FL,Miami Beach,2121 Park Avenue,Bass Museum of Art,01/01/2037,"The Bass Museum has the most encyclopedic art collection in the region that includes some 3,000 works of art that are displayed on a rotating basis.  The signature piece of the Bass Museum collection, The Coronation of the Virgin is on permanent display at the top of the museum's Grand Ramp, designed by Arata Isozaki.  The fifteenth century large scale altarpiece, attributed to Sandro Botticelli and Domenico Ghirlandaio, is one of the two altarpieces originally in the Camaldolese Badia of San Giusto e San Clemente, Volterra, described by Vasari in his Life of Ghirlandaio.     This work represents Botticelli's and Ghirlandaio's only known collaboratively produced panel painting, and the only surviving example of their shared participation in the design and execution of a single composition.  This altarpiece was painted in the artists' joint residence near Volterra during the year they worked together on frescos for Lorenzo il Magnifico in his villa at Spedaletto.  This altarpiece is also important as the last major work of Ghirlandaio's career.     Exhibit Location:  Grand Ramp    			</p>    			<br><br>",25.7975603,08/22/2007,http://www.artscalendar.com/event/detail/440073372/Treasures_from_the_Bass_Museum_of_Art,Treasures from the Bass Museum of Art
,-80.134567,http://www.artscalendar.com/sites/artscalendar.com/images/event/440921111/circum_medium.jpg,FL,Aventura,3385 NE 188th Street,Aventura Art and Cultural Center,03/27/2011,"Mazel Musicals, Inc. and the Broward Center for the Performing Arts present Circumcise Me. It's your average Irish, Italian Catholic kid from Philly, Comic Actor, Sober Alcoholic, Recovering Drug Addict, Husband, Father, Reform, Conservative, Unorthodox, Orthodox Jew.</p> <p>His name is Yisrael Campbell, and this is his story - a spiritual journey stretching across four decades, two continents, and three circumcisions. It's that rare collision of comedy and theater that will have women howling with laughter, men squirming in their seats, and everyone standing up to cheer. Poignant, provocative, and powerfully witty, Circumcise Me is the true - and truly unforgettable - story of a man who was born to be funny. The Jewish part came later.<br> &nbsp;</p>			</p>    			<br><br>",25.949623,03/16/2011,http://www.artscalendar.com/event/detail/440921111/Circumcise_Me_The_Double_Chai_Series,Circumcise Me - The Double Chai Series
,-80.106958,http://www.artscalendar.com/sites/artscalendar.com/images/event/440615097/little_pamona_medium.jpg,FL,Fort Lauderdale,One East Las Olas Boulevard,Museum of Art | Fort Lauderdale - Nova Southeastern University,01/01/2037,"In 1978, Dr. Meyer and Golda Marks donated a collection of nearly 1,500 works from their favorite collecting focus &ndash; works in all media from the Northern European mid-twentieth century CoBrA movement &ndash; to the Museum of Art ?Fort Lauderdale. A very generous and significant donation for this institution, the collection is considered the largest devoted to CoBrA in the United States. The name CoBrA is an acronym of the first letters of three of the central cities associated with this movement &ndash; Copenhagen, Brussels and Amsterdam.</p>			</p>    			<br><br>",26.1182209,02/24/2010,http://www.artscalendar.com/event/detail/440615097/The_Many_Faces_of_CoBrA_,The Many Faces of CoBrA
,-80.149426,http://www.artscalendar.com/sites/artscalendar.com/images/event/440828803/forbidden_medium.jpg,FL,Fort Lauderdale,201 Southwest 5th Avenue,Broward Center for the Performing Arts,04/17/2011,"From ANNIE to PHANTOM to WICKED, this fall-down funny, satirical roast of over 30 Broadway hits features outrageous costumes, silly spoofs of the songs you know by heart and madcap impressions by a stellar cast!</p> <p>New spoofs include SOUTH PACIFIC, Patti LuPone in GYPSY and GREASE -- You're the One That I Hate! It's never been more fun poking fun at your favorite musicals and stars! A New York sensation for 27 years, a talented quartet of comic chameleons throw out pointed parodies at a dizzying pace.</p> <p>&nbsp;</p>			</p>    			<br><br>",26.1193,04/14/2011,http://www.artscalendar.com/event/detail/440828803/Forbidden_Broadway,Forbidden Broadway
,-80.106958,http://www.artscalendar.com/sites/artscalendar.com/images/event/440615098/william_glackens_1_medium.jpg,FL,Fort Lauderdale,One East Las Olas Boulevard,Museum of Art | Fort Lauderdale - Nova Southeastern University,01/01/2037,"When Ira Glackens, son of American impressionist William Glackens, died in 1991, he left his substantial collection of works by his father to the Museum of Art | Fort Lauderdale. <br> <br> The original donation included more than two hundred works in a variety of media, later supplemented by another 300 works given by the Sansom Foundation, a nonprofit organization founded by Ira and Nancy Glackens in the 1950s to oversee their art interests. <br> <br> The Glackens Collection ranges from the artist&rsquo;s earliest known painting (Philadelphia Landscape, from 1893) to his last completed canvas (White Rose and Other Flowers, from 1937). The collection also includes works by such contemporaries of William Glackens as Maurice Prendergast, Ernest Lawson, and John Sloan.</p>			</p>    			<br><br>",26.1182209,02/24/2010,http://www.artscalendar.com/event/detail/440615098/The_Spectacle_of_Life_The_Art_of_William_Glackens_,The Spectacle of Life: The Art of William Glackens
,-80.106958,http://www.artscalendar.com/sites/artscalendar.com/images/event/440615099/indigo_room2_medium.jpg,FL,Fort Lauderdale,One East Las Olas Boulevard,Museum of Art | Fort Lauderdale - Nova Southeastern University,01/01/2037,"This installation from the heart and hands of Duval-Carri&eacute; bespeaks his ineradicable connection to the island of his birth. Knowledgeable about Vodou since childhood, the artist incorporates the religion&rsquo;s theatrical sacred personages as players in his visual dramas of upheaval and transcendence. Migration out of Haiti, with consequences for the country left behind, is a persistent theme.</p>			</p>    			<br><br>",26.1182209,02/24/2010,http://www.artscalendar.com/event/detail/440615099/The_Indigo_Room_or_Is_Memory_Water_Soluble_,The Indigo Room or Is Memory Water Soluble
,-80.134567,http://www.artscalendar.com/sites/artscalendar.com/images/event/440828804/melodies_medium.jpg,FL,Aventura,3385 NE 188th Street,Aventura Art and Cultural Center,04/17/2011,"Mazel Musicals, Inc. and the Broward Center of the Performing Arts present THE MELODIES and MEMORIES SERIES of the Gold Standards of the American Songbook, which includes &quot;The Night is Filled with Music&quot; - The Music of the RKO Pictures Era. Irving Berlin, Cole Porter, Jerome Kern, Dorothy Fields, George Gershwin and many others wrote songs for the fabulous movies of Fred Astaire and Ginger Rogers. This Melodies and Memories series program also salutes the lasting legacy of RKO's early contribution to the music of all of the early Disney classics.</p> <p>Songs include: The Continental, The Way You Look Tonight, A Foggy Day, They All Laughed, But Not For Me, When You Wish Upon A Star, Someday My Prince Will Come and Zip A Dee Doo Dah.<br> &nbsp;</p>			</p>    			<br><br>",25.949623,04/13/2011,http://www.artscalendar.com/event/detail/440828804/Melodies_and_Memories_The_Nights_Filled_With_Music,Melodies and Memories - The Nights Filled With Music
,-80.106958,http://www.artscalendar.com/sites/artscalendar.com/images/event/440615100/barr_38_medium.jpg,FL,Fort Lauderdale,One East Las Olas Boulevard,Museum of Art | Fort Lauderdale - Nova Southeastern University,01/01/2037,"Names for this body of work have changed over the decades. Charles Biederman (1906 &ndash; 2004), one of the best known artists represented here, used the term constructionism to describe his work, something related to and yet distinct from the Russian avant-garde art movement of the 1910s and 1920s known as constructivism. Later, the term structurism was used. By the late 1970s, however, Biederman settled on the simpler term: new art.</p>			</p>    			<br><br>",26.1182209,02/24/2010,http://www.artscalendar.com/event/detail/440615100/Constructed_Reliefs_from_the_Maurice_and_Sarah_Lipschultz_Collection_,Constructed Reliefs from the Maurice and Sarah Lipschultz Collection
,-80.261417,http://www.artscalendar.com/sites/artscalendar.com/images/event/440930652/radiant_ad_medium.jpg,FL,Miami,4120 Laguna Street,New Theatre,04/17/2011,"By Shirley Lauro. World Premiere. The tempestuous, dramatic life of Marie Curie, one of the world's first recognized woman scientists, whose discovery and isolation of radium earned her two Nobel Prizes and revolutionized science forever, as she ushered in &quot;The Atomic Age&quot; and the first cure for cancer.<br> &nbsp;</p>			</p>    			<br><br>",25.733491,03/25/2011,http://www.artscalendar.com/event/detail/440930652/The_Radiant_,The Radiant
,-80.106958,http://www.artscalendar.com/sites/artscalendar.com/images/event/440615101/marca_relli_3_medium.jpg,FL,Fort Lauderdale,One East Las Olas Boulevard,Museum of Art | Fort Lauderdale - Nova Southeastern University,01/01/2037,"In the late 1940s, following the end of World War II, a group of artists living in downtown New York created an informal gathering place they called the Eighth Street Club. Conrad Marca-Relli was one of the founding members along with Willem and Elaine DeKooning, Mark Rothko, Robert Motherwell and Barnet Newman, all hailed as pioneers of Abstract Expressionism, the first internationally recognized art movement to originate in North America. Drawing on the artists&rsquo; unconscious and individual abstract styles, Abstract Expressionist painting is characterized by uniform all-over composition and significant scale. Marca-Relli&rsquo;s contribution&mdash;here exemplified by Night Rider (1959) &mdash; was to raise the medium of collage to the scale and complexity associated with the painting of this ground-breaking movement.</p>			</p>    			<br><br>",26.1182209,02/24/2010,http://www.artscalendar.com/event/detail/440615101/Conrad_MarcaRelli_,Conrad Marca-Relli
,-80.149426,http://www.artscalendar.com/sites/artscalendar.com/images/event/440828806/wicked_medium.jpg,FL,Fort Lauderdale,201 Southwest 5th Avenue,Broward Center for the Performing Arts,04/24/2011,"SO MUCH HAPPENED BEFORE DOROTHY DROPPED IN. Long before that girl from Kansas arrives in Munchkinland, two girls meet in the land of Oz.</p> <p>One - born with emerald green skin - is smart, fiery and misunderstood. The other is beautiful, ambitious and very popular. How these two grow to become the Wicked Witch of the West and Glinda the Good Witch makes for &quot;the most completely satisfying new musical in a long time,&quot; USA Today. On Broadway and around the world, WICKED has worked its magic on critics and audiences alike. Winner of 26 major awards, including a Grammy and three Tony Awards&reg;, WICKED is &quot;Broadway's biggest blockbuster,&quot; The New York Times.<br> &nbsp;</p>			</p>    			<br><br>",26.1193,03/30/2011,http://www.artscalendar.com/event/detail/440828806/Wicked,Wicked
,-80.313136,http://www.artscalendar.com/sites/artscalendar.com/images/org/220082041/220082041img1_medium.jpg,FL,Fort Lauderdale,12200 West Broward Boulevard,Mosaic Theatre,04/24/2011,"By Stephen Belber&nbsp;(SOUTHEAST US PREMIERE)</p> <p><br> &quot;It's a piercing, compassionate portrait of two damaged people briefly reaching out to each other.&quot; - Backstage<br> &quot;Compelling... a sublime, beautifully acted drama.&quot; - NY Times<br> Molly and Ray unexpectedly meet 25 years after a one-afternoon adolescent fling. She has a successful media career; he owns a small landscaping business. Both begin to romanticize their chance reunion, but a renewed connection is disrupted when Ray reveals the sordid details of a crime that left him incarcerated for ten years. Their encounter reveals two vastly different paths taken and two lonely souls attempting to reclaim a moment of possibility, when they were young and perhaps at their very best<br> &nbsp;</p>			</p>    			<br><br>",26.120766,03/31/2011,http://www.artscalendar.com/event/detail/440930662/Dusk_Rings_A_Bell,Dusk Rings A Bell
miniaci@nova.edu,-80.2265545,http://www.artscalendar.com/sites/artscalendar.com/images/org/220087411/220087411img1_medium.jpg,FL,Fort Lauderdale,3100 Ray Ferrero Junior Boulevard,Rose and Alfred Miniaci Performing Arts Center,04/30/2011,"The 2010-2011 Cabaret Series at Nova Southeastern University The Cabaret Series hosted by Nova Southeastern University features Broadway and Grammy Award winning artist in spellbinding performances. Each event will be held in the Rose and Alfred Miniaci Performing Arts Center on NSU's main campus in Ft. Lauderdale. This season&rsquo;s featured artists include: Grammy Award winner - Melissa Manchester : October 2, 2010 West Side Story's - Kurt Peterson &amp; Victoria Mallory -February 26, 2011 Broadway extraordinaire - Kevin Spirtas : April 30, 2011 Where:Nova Southeastern University Address:Rose and Alfred Miniaci Performing Arts Center 3100 Ray Ferrero Jr. Blvd. Ft. Lauderdale, Fl. 33314 Website: http://www.miniacipac.com/Events/ When: October 2, 2010 - Melissa Manchester February 26, 2011 - Kurt Peterson &amp; Victoria Mallory April 30, 2011 - Kevin Spirtas Time:7:00 pm Costs: Tickets on Sale: August 14th $20.00 $40.00 $100.00 VIP (Includes VIP reception with artists)</p>			</p>    			<br><br>",26.0695412,08/14/2010,http://www.artscalendar.com/event/detail/440842613/NSU_20102011_Cabaret_Series,NSU 2010-2011 Cabaret Series
,-80.134567,http://www.artscalendar.com/sites/artscalendar.com/images/event/440828798/mesh_medium.jpg,FL,Aventura,3385 NE 188th Street,Aventura Art and Cultural Center,05/08/2011,"Mazel Musicals, Inc. and the Broward Center for the Performing Arts present Meshuggah-Nuns. In the fifth &quot;Nunsense&quot; adventure, we find the Sisters on an all-expense-paid trip on the &quot;Faiths of All Nations&quot; Cruise. It seems that the Kunkels (the poor family who live behind Mt. Saint Helen's School) have won the lottery. Although they had given their ticket to the Sisters in exchange for some gifts, when it was discovered that the ticket was a winner, the Sisters returned the ticket to the Kunkels. In appreciation, the Kunkels have paid for the Sisters' trip.</p> <p>After a time at sea, the ship runs into a terrible storm that lasts nearly a week. Many people become seasick including the entertainers - the cast of &quot;Fiddler on the Roof.&quot; All, except the actor playing &quot;Tevye&quot;, that is. The ship's captain, knowing of the Sisters' show-business savvy, requests that the Sisters and &quot;Tevye&quot; put on an original revue. The result: &quot;Meshuggah-Nuns!&quot; <br> &nbsp;</p>			</p>    			<br><br>",25.949623,04/27/2011,http://www.artscalendar.com/event/detail/440828798/Meshuggah_Nuns_The_Double_Chai_Series,Meshuggah - Nuns - The Double Chai Series
,-80.149426,http://www.artscalendar.com/sites/artscalendar.com/images/event/440838034/swingin_medium.jpg,FL,Fort Lauderdale,201 Southwest 5th Avenue,Broward Center for the Performing Arts,05/15/2011,"A Swingin' Evening of Entertainment is hosted by Mark Fernicola as he performs with the Last Flight Out Big Band featuring Terri Gonzalez, and is accompanied by a myriad of talented performers.</p> <p>This show is a night of jazz, swing, ballads, blues, Latin music and more. The 18 piece Last Flight Out Big Band, plays the music of Buddy Rich, Stan Kenton, Weather Report and others. The band backs the superb vocal styling of Mark Fernicola and Terri Gonzalez as well as those of special guest artists. The band plays a wide variety of music and rhythms to dance to. The band pays tribute to great vibraphone players like Lionel Hampton, Tito Puente, and Cal Tjader. Dancers perform tap dance, swing, jazz, modern, or freestyle in choreographed performance numbers for each show. Some of South Florida's best stand up comedians and performers from the All Star Circus will entertain too. Drink, dine and dance your way through three hours of non-stop music and live entertainment! Big Band will be performing in the Abdo New River Room every 3rd Sunday of the month from September 19th - May 15th.<br> &nbsp;</p>			</p>    			<br><br>",26.1193,09/19/2010,http://www.artscalendar.com/event/detail/440838034/A_Swingin_Evening_of_Entertainment_,A Swingin' Evening of Entertainment
,-80.196719,http://www.artscalendar.com/sites/artscalendar.com/images/event/440828791/hair_medium.jpg,FL,Miami,11300 Northeast Second Avenue,Broad Center for the Performing Arts,06/19/2011,"&quot;The Public Theater's new Tony-winning production of HAIR is the most electric celebration on Broadway!</p> <p>This exuberant musical about a group of young Americans searching for peace and love in a turbulent time has struck a resonant chord with audiences young and old. HAIR features an extraordinary cast and dozens of unforgettable songs, including &quot;Aquarius,&quot; &quot;Let the Sun Shine In,&quot; &quot;Good Morning, Starshine&quot; and &quot;Easy To Be Hard.&quot; Its relevance is UNDENIABLE. Its energy is UNBRIDLED. Its truth is UNWAVERING. It's HAIR, and IT'S TIME.&quot;</p> <p>DISCLAIMER - While many find this show suitable for young adults (13 and older), parental discretion is advised. There is a dimly lit 20-second scene with nudity that is non-sexual in nature.<br> &nbsp;</p>			</p>    			<br><br>",25.878502,06/07/2011,http://www.artscalendar.com/event/detail/440828791/Hair,Hair
,-80.313136,http://www.artscalendar.com/sites/artscalendar.com/images/org/220082041/220082041img1_medium.jpg,FL,Fort Lauderdale,12200 West Broward Boulevard,Mosaic Theatre,06/26/2011,"By Sam Shepard (SOUTHEAST US PREMIERE)</p> <p><br> &quot;A poignant and honest continuation of themes that have always been present in the work of one of this country's most important dramatists, here reconsidered in the light and shadow of time passed.&quot; - NY Times<br> &quot;Finely wrought... as enjoyable and enlightening as a night spent stargazing.&quot; - Talkin' Broadway<br> A gruffly poignant and darkly funny play. Byron and Ames are old friends, re-united by mutual desperation. Over bourbon on ice, they sit, reflect and bicker until fifty years of love, friendship and rivalry are put to the test at the barrel of a gun.<br> &nbsp;</p>			</p>    			<br><br>",26.120766,06/02/2011,http://www.artscalendar.com/event/detail/440930663/Ages_Of_The_Moon,Ages Of The Moon
,-80.149426,http://www.artscalendar.com/sites/artscalendar.com/images/event/440828790/mam1_medium.jpg,FL,Fort Lauderdale,201 Southwest 5th Avenue,Broward Center for the Performing Arts,07/24/2011,"A mother. A daughter. 3 possible dads. And a trip down the aisle you'll never forget! Over 32 million people all around the world have fallen in love with the characters, the story and the music that make MAMMA MIA! the ultimate feel-good show!</p> <p>Writer Catherine Johnson's sunny, funny tale unfolds on a Greek island paradise. On the eve of her wedding, a daughter's quest to discover the identity of her father brings 3 men from her mother's past back to the island they last visited 20 years ago. The story-telling magic of ABBA's timeless songs propels this enchanting tale of love, laughter and friendship, and every night everyone's having the time of their lives! With more productions playing internationally than any other musical, MAMMA MIA! is the World's No.1 Show!<br> &nbsp;</p>			</p>    			<br><br>",26.1193,07/19/2011,http://www.artscalendar.com/event/detail/440828790/Mamma_Mia,Mamma Mia
,-80.1399765,http://www.artscalendar.com/sites/artscalendar.com/images/event/440915537/goingfishing_medium.jpg,FL,Miami Beach,924 Lincoln Road,ArtCenter/ South Florida Vitrine Window Space,11/18/2011,"Come view the new drawings and paintings of artist, Stephanie Rodriguez called Monster Mash. Her series is a collection of drawings and paintings inspired by classic horror movies and literature. Located in the Vitrine Window Display, ArtCenter/ South Florida, 924 Lincoln Road, Miami Beach.</p>			</p>    			<br><br>",25.7905114,10/08/2010,http://www.artscalendar.com/event/detail/440915537/Monster_Mash_Art_of_the_Macabre,"Monster Mash, Art of the Macabre"
boxoffice@miamicityballet.org,-80.149426,http://www.artscalendar.com/sites/artscalendar.com/images/event/440910853/mc_rp_promethean_small_medium.jpg,FL,Fort Lauderdale,201 Southwest 5th Avenue,Broward Center for the Performing Arts,03/13/2011,"Program III spotlights Paul Taylor&rsquo;s Promethean Fire &ndash; a work that has been suggested as Taylor&rsquo;s response to 9/11. Set to Leopold Stokowski&rsquo;s magnificent orchestral transcriptions of Bach, it has been hailed as a masterpiece. Program III also includes Balanchine&rsquo;s high spirited Scotch Symphony and Tharp&rsquo;s jazzy Nine Sinatra Songs.</p>			</p>    			<br><br>",26.1193,03/11/2011,http://www.artscalendar.com/event/detail/440910853/Program_III,Program III
,-80.149426,http://www.artscalendar.com/sites/artscalendar.com/images/event/440921108/program_iii_medium.jpg,FL,Fort Lauderdale,201 Southwest 5th Avenue,Broward Center for the Performing Arts,03/13/2011,"Scotch Symphony (Choreography by Balanchine/Music by Mendelssohn) <br> With its lovely allusions to Romantic ballet, and its masterful deployment of Mendelssohn's rousing symphony, this ballet has been enthralling audiences for more than 50 years.</p> <p>Promethean Fire (Choreography by Taylor/Music by Bach) -- Company Premiere <br> Is this powerful transcendent piece, as has been suggested, Paul Taylor's response to 9/11? Promethean Fire explores a spectrum of human emotions surrounding a catastrophic event, but ultimately concludes with a sense of spiritual renewal and perseverance. Set to Leopold Stokowski's magnificent orchestral transcriptions of Bach, it has been hailed everywhere as a masterpiece. &quot;The best new dance I've seen in ages.&quot; (The Washington Post)</p> <p>Nine Sinatra Songs (Choreography by Tharp/Music by Arlen, Mercer, Cahn, et al.) <br> Perhaps Twyla Tharp's most popular work, Nine Sinatra Songs radiates glamour, excitement, passion, and fun as she flings her dancers at the best of Sinatra, from &quot;My Way&quot; to &quot;Something Stupid,&quot; exhibiting what one critic called her &quot;slithers, blind leaps, upsy-daisy lifts.&quot; One of MCB's biggest hits!</p>			</p>    			<br><br>",26.1193,03/11/2011,http://www.artscalendar.com/event/detail/440921108/Miami_City_Ballet_Program_III,Miami City Ballet - Program III
,-80.149426,http://www.artscalendar.com/sites/artscalendar.com/images/event/440921117/program_iv_medium.jpg,FL,Fort Lauderdale,201 Southwest 5th Avenue,Broward Center for the Performing Arts,05/01/2011,"Romeo and Juliet (Choreography by Cranko, Music by Prokofiev) -- Company Premiere <br> John Cranko's acclaimed full-evening version of the world's most famous love story is, according to The New York Times, &quot;Arguably the best dance treatment of Prokofiev's celebrated score.&quot; And Cranko's choreographic setting of William Shakespeare's classic is internationally acknowledged as one of the most important works in the history of ballet. An unforgettable ballet. A major event!</p>			</p>    			<br><br>",26.1193,04/29/2011,http://www.artscalendar.com/event/detail/440921117/Miami_City_Ballet_Program_IV,Miami City Ballet - Program IV
,-80.149426,http://www.artscalendar.com/sites/artscalendar.com/images/event/440921122/young_medium.jpg,FL,Fort Lauderdale,201 Southwest 5th Avenue,Broward Center for the Performing Arts,05/15/2011,"Arts Ballet Theatre of Florida, under the direction of Ballet Master Vladimir Issaev ends its season with a classical repertoire that only high quality dancers can perform.</p> <p>The repertoire includes the most famous classical Pas de Deux and neo-classical pieces by Vladimir Issaev and guest choreographers and international dancers. <br> &nbsp;</p>			</p>    			<br><br>",26.1193,05/15/2011,http://www.artscalendar.com/event/detail/440921122/International_Young_Dancers_Festival_,International Young Dancers Festival
,-80.147971,http://www.artscalendar.com/sites/artscalendar.com/images/event/440899024/imax_hubble3d02_medium.jpg,FL,Fort Lauderdale,401 Southwest Second Street,Museum of Discovery and Science,05/31/2011,"In Hubble 3D, audiences will be able to float in space alongside the astronauts as they perform the repairs and upgrades to the telescope, and then fly to the edge of the universe, through its first new images. Hubble&rsquo;s incredible legacy changes the way we see and think about the universe, and it is an honor to give people a chance to experience its breath-taking images in IMAX 3D. The IMAX 3D camera, which flew onboard the Space Shuttle Atlantis, captured stunning 3D images of the intricate spacewalks required to service the telescope during the most recent mission last May. Shot by the STS-125 astronauts, this intimate look at the complexities of repairing the telescope will put IMAX audiences right there along-side the spacewalking astronauts. Hubble 3D will combine this awe-inspiring IMAX footage with breathtaking up-close imagery of distant galaxies, the birth of stars and planets, and more - revealing the cosmos as never before. Hubble 3D has been generously sponsored locally by The Arthur F. and Alice E. Adams Foundation.</p>			</p>    			<br><br>",26.120993,09/03/2010,http://www.artscalendar.com/event/detail/440899024/HUBBLE_3D,HUBBLE 3D
,-80.147971,http://www.artscalendar.com/sites/artscalendar.com/images/event/440899025/arabia_poster_medium.jpg,FL,Fort Lauderdale,401 Southwest Second Street,Museum of Discovery and Science,05/31/2011,"Steeped in ancient history and unique customs not found anywhere else in the world, Arabia mystifies us, shimmering like a desert mirage. For more than 2,000 years, its people have flourished in one of the harshest environments on the planet. Yet little is known about its fascinating culture which has remained hidden from the West for far too long. Now, with the full force of IMAX&reg; 3D cinematography, Arabia takes viewers deep into the heart of this exotic land where they&rsquo;ll experience firsthand the mystique of Arabia both past and present. Like visitors on a magic carpet ride, audiences will discover the lost city of Madain Saleh and explore its ancient tombs; they will travel with a camel caravan along the early frankincense trade route; they will share in the lamp-lit warmth of a Bedouin family tent and travel back in time to the Islamic Golden Age when Arabian science and scholarship flourished; and they will survive a desert sandstorm and dive the coral reefs and ancient shipwrecks of the dazzling Red Sea.</p>			</p>    			<br><br>",26.120993,09/03/2010,http://www.artscalendar.com/event/detail/440899025/ARABIA_3D,ARABIA 3D
,-80.147971,http://www.artscalendar.com/sites/artscalendar.com/images/event/440899026/dinosaurs-3d_medium.jpg,FL,Fort Lauderdale,401 Southwest Second Street,Museum of Discovery and Science,05/31/2011,"Dinosaurs are among the most fascinating animals to have ever walked the Earth. We are captivated by their size and intrigued that they disappeared millions of years ago. Dinosaurs: Giants of Patagonia 3D will take a unique 3D journey to Patagonia in southern Argentina to discover the world of the largest known dinosaurs. Done in close collaboration with the foremost paleontologists, the film creates highly realistic computer generated 3D footage of the giant dinosaurs, Giganotosaurus and Argentinosaurus.</p>			</p>    			<br><br>",26.120993,09/03/2010,http://www.artscalendar.com/event/detail/440899026/DINOSAURS_GIANTS_OF_PATAGONIA_3D,DINOSAURS: GIANTS OF PATAGONIA 3D
,-80.104465,http://www.artscalendar.com/sites/artscalendar.com/images/event/440501961/articles_18_medium.jpg,FL,Fort Lauderdale,900 North Birch Road,Bonnet House Museum and Gardens,02/24/2011,"Experience this concert under the stars on the beautiful Bonnet House Estate with wine, canapes, coffee and dessert included in the price</p>			</p>    			<br><br>",26.135141,02/24/2011,http://www.artscalendar.com/event/detail/440501961/Young_Artist_Music_Series_Florida_Grand_Opera,Young Artist Music Series - Florida Grand Opera
,-80.149426,http://www.artscalendar.com/sites/artscalendar.com/images/event/440921101/turandot_medium.jpg,FL,Fort Lauderdale,201 Southwest 5th Avenue,Broward Center for the Performing Arts,02/24/2011,"Nessun dorma, have made Turandot more popular than ever. The story of the conversion of an ice princess through the power of love, placed in ancient Peking, provides the essential elements for grand opera - passion, dramatic tension, an exotic locale.</p> <p>Puccini gifts us with one glorious aria and ensemble after another. The richness of melody and the sumptuousness of the orchestral music are the stuff that creates opera fans for life.</p> <p>&nbsp;</p>			</p>    			<br><br>",26.1193,02/24/2011,http://www.artscalendar.com/event/detail/440921101/Turandot_Opera_International,Turandot - Opera International
,-80.1399765,http://www.artscalendar.com/sites/artscalendar.com/images/event/440915537/goingfishing_medium.jpg,FL,Miami Beach,924 Lincoln Road,ArtCenter/ South Florida Vitrine Window Space,11/18/2011,"Come view the new drawings and paintings of artist, Stephanie Rodriguez called Monster Mash. Her series is a collection of drawings and paintings inspired by classic horror movies and literature. Located in the Vitrine Window Display, ArtCenter/ South Florida, 924 Lincoln Road, Miami Beach.</p>			</p>    			<br><br>",25.7905114,10/08/2010,http://www.artscalendar.com/event/detail/440915537/Monster_Mash_Art_of_the_Macabre,"Monster Mash, Art of the Macabre"
,-80.236163,http://www.artscalendar.com/sites/artscalendar.com/images/event/440911683/scherperl_1_crop_medium.jpg,FL,Fort Lauderdale,3501 South West Davie Road,Bailey Concert Hall,02/26/2011,"The Broward Symphony Orchestra will be performing classical works under the baton of Zoe Zeniodi. Visit www.browardsymphony.com for more information.<br> <br> <br> <br> Saturday, February. 26th, 2011 at 8:00pm <br> <br> o Works to include &quot;Exultate Jubilate&quot; (Mozart) and world premiere of &quot;Through a glass darkly&quot; (Sleeper)<br> <br> &nbsp;</p>			</p>    			<br><br>",26.081211,02/26/2011,http://www.artscalendar.com/event/detail/440911683/Broward_Symphony_Orchestra,Broward Symphony Orchestra
,-80.2265545,http://www.artscalendar.com/sites/artscalendar.com/images/event/440921104/kurt_medium.jpg,FL,Fort Lauderdale,3100 Ray Ferrero Junior Boulevard,Rose and Alfred Miniaci Performing Arts Center,02/26/2011,"Kurt Peterson and Victoria Mallory first appeared on the Broadway stage in the summer of 1968 when they charmed the city with their poignant portrayals of 'Tony' and 'Maria' in the highly acclaimed Lincoln Center production of West Side Story.</p> <p>Join us as they take the stage performing Twilight Notes at the Rose and Alfred Miniaci Performing Arts Center at Nova Southeastern University. The concert will include songs and anecdotes from Peterson and Mallory's early years on Broadway in West Side Story, Follies, Dear World, A Little Night Music, Sondheim: A Musical Tribute and many others.</p> <p>VIP tickets include a post event reception which the artist will attend.</p> <p>&nbsp;</p>			</p>    			<br><br>",26.0695412,02/26/2011,http://www.artscalendar.com/event/detail/440921104/Kurt_Peterson_Victoria_Mallory,Kurt Peterson & Victoria Mallory
,-80.149426,http://www.artscalendar.com/sites/artscalendar.com/images/event/440921103/dan_medium.jpg,FL,Fort Lauderdale,201 Southwest 5th Avenue,Broward Center for the Performing Arts,02/26/2011,"ArtsUnited is proud to present sex advice columnist, author, journalist, pundit, and political humorist Dan Savage in &quot;Savage Love,&quot; as the finale performance of ArtExplosion 11 Int'l LGBT Arts Festival.</p> <p>Savage's sex advice column, &quot;Savage Love,&quot; first appeared in 1991, in the first issue of The Stranger, a Seattle news weekly. The once-a-week column is funny, informative, outrageous, and now syndicated to better alternative weeklies across America.</p> <p>Savage's frank discussion of sexuality, political insight, and cultural commentary has often been the subject of controversy, both with traditional conservatives and the &quot;gay establishment&quot;; but the humor and perspective with which it is delivered has made Savage a popular media pundit. Savage is currently a contributor to &quot;This American Life,&quot; an hour-long radio show, as well as a frequent contributor to Out magazine and a &quot;Real Time Real Reporter&quot; on HBO's Real Time with Bill Maher. The &quot;Savage Lovecast&quot; is a weekly audio podcast based on Savage's column.</p> <p>Savage is also the author of The Commitment: Love, Sex, Marriage, and My Family, Skipping Towards Gomorrah: The Seven Deadly Sins And The Pursuit Of Happiness In America, Savage Love: Straight Answers from America's Most Popular Sex Columnist, and The Kid: What Happened After My Boyfriend and I Decided to Go Get Pregnant. The latter book tells how Savage and his boyfriend adopted their son from his willing mother, a &quot;spare-changing gutter punk&quot; and is the inspiration for the upcoming musical from the producers of Avenue Q. <br> &nbsp;</p>			</p>    			<br><br>",26.1193,02/26/2011,http://www.artscalendar.com/event/detail/440921103/ArtExplosion_Finale_Starring_Dan_Savage,ArtExplosion Finale - Starring Dan Savage
,-80.1302541,http://www.artscalendar.com/sites/artscalendar.com/images/event/440614843/mandalaforweb.liora_medium.jpg,FL,Fort Lauderdale,1350 East Sunrise Boulevard,ArtServe,02/22/2012,"A painting class where you are free to work in any 2d media. Bring your own supplies, and prepare to explore your creativity, hone your technique, use of color, and composition. Prepare to stretch in different directions. Advanced students choosing to work on their own projects, with coaching and critique are welcome. A relaxed atmosphere focusing on the creative process, treating the artist soul gently. Beginners are welcome. All levels. Wednesdays, (ongoing) at Artserve. (please register in advance) 1:00 to 4:00 pm. Cost: &nbsp;$150. for 6 weeks Contact Liora: 954-583-8757 lioraart@aol.com</p>			</p>    			<br><br>",26.1371141,02/05/2010,http://www.artscalendar.com/event/detail/440614843/Painting_2D_open_media_demos_in_acrylic,Painting : 2D open media (demos in acrylic)
,-80.142496,http://www.artscalendar.com/sites/artscalendar.com/images/org/220000967/allmediahacc-postcarda_medium.jpg,FL,Hollywood,1770 Monroe Street,Hollywood Central Performing Arts Center,02/26/2011,"The Art and Culture Center of Hollywood offers private piano, guitar, and voice instruction for students of all ages. These one-on-one lessons give students the ability to progress at their own pace, allowing them to gain full understanding of musical techniques, notes, vocabulary and music appreciation. No prior experience required. Guitar and piano students that take 10 or more classes will be invited to participate in our Spring Recital.<br> <br> <br> <br> <br> <br> Classes take place at the Hollywood Central Performing Arts Center, 1770 Monroe Street (US-1 and Monroe) or other affiliated Center locations. <br> <br> <br> <br> <br> <br> Guitar and piano lessons: Children, teens and adults.<br> <br> <br> Voice lessons: Children and teens.<br> <br> <br> Lessons by appointment.</p>			</p>    			<br><br>",26.007848,10/02/2010,http://www.artscalendar.com/event/detail/440941965/Piano_Guitar_and_Voice_Private_Instruction_,"Piano, Guitar and Voice Private Instruction"
,-80.134567,http://www.artscalendar.com/sites/artscalendar.com/images/event/440921097/zero_medium.jpg,FL,Aventura,3385 NE 188th Street,Aventura Art and Cultural Center,02/27/2011,"Mazel Musicals, Inc. and the Broward Center for the Performing Arts present Zero Hour. Set in theatre legend Zero Mostel's painting studio on West 28th Street, a na&iuml;ve reporter attempts to interview the famously volatile artist, prompting an explosion of memory, humor, outrage and juicy backstage lore.</p> <p>Mostel is remembered for his comedic genius and his definitive roles, but in the 1950's, he was equally known for his place on the infamous Hollywood blacklist. Directed by three-time Oscar-nominated film star Piper Laurie, Jim Brochu's striking portrayal brings all of Mostel's swagger, ferocity, intelligence and fantastic wit back to the stage in this volcanic tour-de-force.<br> &nbsp;</p>			</p>    			<br><br>",25.949623,02/16/2011,http://www.artscalendar.com/event/detail/440921097/Zero_Hour,Zero Hour
,-80.136172,http://www.artscalendar.com/sites/artscalendar.com/images/placeholder.png,FL,Fort Lauderdale,707 Northeast Eighth Street,Broward Center for the Performing Arts  &gt; Parker Playhouse,02/27/2011,"It's a life lived out loud in this exhilarating new musical about &quot;The First Lady of Song,&quot; Ella Fitzgerald.</p> <p>This theatrical event weaves myth, memory and music as it tells the uplifting and poignant story of one of the greatest jazz/pop vocalists of 20th century music.</p> <p>It's 1966 and the fabled songstress is preparing for one of the most important concerts of her career. As she jams with the musicians (including famed trumpeter Louis Armstrong) and gets ready to meet the audience, Ella reflects on her life, her secrets and the love of music that made her soar. <br> &nbsp;</p>			</p>    			<br><br>",26.134246,02/24/2011,http://www.artscalendar.com/event/detail/440921102/Ella,Ella
tickets@pbopera.org,-80.061103,http://www.artscalendar.com/sites/artscalendar.com/images/event/440900529/fincosi_medium.jpg,FL,West Palm Beach,701 Okeechobee Boulevard,Kravis Center for the Performing Arts,02/28/2011,Two young men boast that their fiances will be faithful. Their cynical friend makes a bet that the women will stray. Mischief and hilarity ensue as the womens fidelity is put to the test.<br> <br> Sung in Italian with English Supertitles<br> <br> Fiordiligi: Sabina Cvilak (2/25 &amp; 2/27) / Caitlin Lynch (2/26 &amp; 2/28)<br> Dorabella: Jurgita Adamonyte (2/25 &amp; 2/27) / Patricia Risley (2/26 &amp; 2/28)<br> Ferrando: Norman Shankle (2/25 &amp; 2/27) /Joel Prieto (2/26 &amp; 2/28)<br> Guglielmo: David Adam Moore (2/25 &amp; 2/27) / Andrew Schroeder (2/26 &amp; 2/28)<br> Despina: Abigail Nims<br> Don Alfonso: Matteo Peirone<br> <br> Conductor: Gianluca Martinenghi<br> Director: Stephen Lawless</p>			</p>    			<br><br>,26.706872,02/25/2011,http://www.artscalendar.com/event/detail/440900529/COSI_FAN_TUTTE_by_WA_Mozart,COSI FAN TUTTE by W.A. Mozart
,-80.149426,http://www.artscalendar.com/sites/artscalendar.com/images/event/440921105/itz_medium.jpg,FL,Fort Lauderdale,201 Southwest 5th Avenue,Broward Center for the Performing Arts,02/28/2011,"See why the Toronto Star says, &quot;Itzhak Perlman wows the crowd... the applause was thunderous... for warmth of tone and generosity of spirit he remains without peer.&quot;</p> <p>The world falls in love with music when Itzhak Perlman takes up his violin. A superstar by any standard and a rarity in the classical field, Perlman has taken hold of the public imagination as few violin virtuosos ever have, bringing joy to millions with his playing. Beloved for his charm and humanity as well as his flawless technique, Perlman never fails to bring audiences to their feet. His adventurous repertory encompasses everything from the major classical works for the violin to some of the most challenging and exciting music of today. A master of baroque, classical, romantic and modern music, he also has lavished his intensely joyful string sounds on everything from the brave old world of klezmer to the limitless frontiers of jazz and beyond, with a mastery that moves classical music lovers and new audiences alike.</p> <p>Now, the 4-time Emmy and 15-time Grammy Award winner returns to the Broward Center stage as part of the Broward Center's 2010-11 Classical Series with a solo recital of audience favorites.<br> &nbsp;</p>			</p>    			<br><br>",26.1193,02/28/2011,http://www.artscalendar.com/event/detail/440921105/Itzhak_Perlman_,Itzhak Perlman
,-80.149426,http://www.artscalendar.com/sites/artscalendar.com/images/event/440921106/sima_medium.jpg,FL,Fort Lauderdale,201 Southwest 5th Avenue,Broward Center for the Performing Arts,03/03/2011,"Praised for &quot;powerful&quot; and &quot;heartfelt&quot; interpretations of classical and ethnic repertoire, the Sima Trio is quickly becoming one of the leading young trios of its generation. In this chamber series, the musicians will perform Miami's own composer extraordinaire Zwilich's Septet for Piano Trio and String Quartet. From contemporary to classic, the virtuosi turn toward Bach's Brandenburg Concerto No. 3, a kaleidoscope of Italian-influenced harmony and rhythm and Brahms's Sextet No. 2, one of the best-loved works in the chamber music repertoire.</p> <p>&nbsp;</p>			</p>    			<br><br>",26.1193,03/03/2011,http://www.artscalendar.com/event/detail/440921106/Sima_Trio_South_Florida_Symphony,Sima Trio - South Florida Symphony
,-80.140314,http://www.artscalendar.com/sites/artscalendar.com/images/event/440862076/ethan_medium.jpg,FL,Hollywood,1650 Harrison Street,Art and Culture Center of Hollywood,03/06/2011,"At age nine, Ethan is taking the entertainment world by storm with an amazing talent well beyond his years. The young pianist and composer seamlessly brings to life some of music&rsquo;s most well known classics and biggest hits from every era and genre, entertaining crowds with a repertoire that spans from Bach and Mozart to disco, jazz, pop, and rock songs. Witness the musical virtuosity of Ethan Bortnick as he delivers a trip through music&rsquo;s rich history and introduces some of his very own compositions, including the entertaining and inspiring stories behind his original songs. As motivating as they are entertaining, his concerts captivate both kids and adults while reminding the audience that &ldquo;anything is possible.&rdquo; This is a rare opportunity to experience a uniquely gifted musician and entertainer in a show that&rsquo;s magical and inspiring for all ages!</p>			</p>    			<br><br>",26.010378,03/05/2011,http://www.artscalendar.com/event/detail/440862076/Ethan_Bortnick_and_His_Musical_Time_Machine,Ethan Bortnick and His Musical Time Machine
,-80.149426,http://www.artscalendar.com/sites/artscalendar.com/images/event/440812895/billallredclassicjazzband_medium.jpg,FL,Fort Lauderdale,201 Southwest 5th Avenue,Broward Ctr for the Perf Arts Amaturo,03/09/2011,"Back by popular demand, the Bill Allred Classic Jazz Band is an incredible ensemble with a reputation for unbelievable power, musical fire, superb individual improvisation, soulful vocals and lots of good musical fun. Originating in Orlando and now in its 20th year, the band is featured at jazz festivals around the country and on numerous jazz cruises. Join Bill and the band for an incredible evening of music from New Orleans to Harlem.</p>			</p>    			<br><br>",26.1193,03/09/2011,http://www.artscalendar.com/event/detail/440812895/From_Basin_Street_to_the_Big_Bands_The_Bill_Allred_Classic_Jazz_Band,From Basin Street to the Big Bands - The Bill Allred Classic Jazz Band
,-80.2265545,http://www.artscalendar.com/sites/artscalendar.com/images/event/440921109/we_four_medium.jpg,FL,Fort Lauderdale,3100 Ray Ferrero Junior Boulevard,Rose and Alfred Miniaci Performing Arts Center,03/12/2011,"We Four is a new band of veteran New York jazz players, all of whom feel a special connection to John Coltrane. The band is composed of tenor saxophonist Javon Jackson, pianist Mulgrew Miller, bassist Peter Washington and drummer Jimmy Cobb. The repertoire will be a jazz lover's delight from that hard-swinging era when so many standards and bluesy compositions were arranged and played so craftily. No band can do it better than this one. <br> &nbsp;</p>			</p>    			<br><br>",26.0695412,03/12/2011,http://www.artscalendar.com/event/detail/440921109/We_Four_Celebrating_John_Coltrane_,We Four - Celebrating John Coltrane
,-80.149426,http://www.artscalendar.com/sites/artscalendar.com/images/event/440921110/valli_medium.jpg,FL,Fort Lauderdale,201 Southwest 5th Avenue,Broward Center for the Performing Arts,03/15/2011,"The Original Jersey Boy. 1967...Frankie Valli &amp; The Four Seasons, with their traditional Italian-American sound, rise to superstar status with nineteen top ten hits &amp; over one hundred million records sold.</p>			</p>    			<br><br>",26.1193,03/15/2011,http://www.artscalendar.com/event/detail/440921110/A_Tribute_To_Frankie_Valli_Florida_Sunshine_Pops,A Tribute To Frankie Valli - Florida Sunshine Pops
,-80.149426,http://www.artscalendar.com/sites/artscalendar.com/images/event/440828810/sir_j_medium.jpg,FL,Fort Lauderdale,201 Southwest 5th Avenue,Broward Center for the Performing Arts,03/17/2011,"One of the world's most beloved classical artists, Sir James Galway brings his magic flute to the Broward Center for an intimate evening of classic flute concertos and highlights from a selection of his favorite pieces looking back over his long, distinguished career.</p> <p>Regarded as both a supreme interpreter of the classical flute repertoire and a consummate entertainer whose appeal crosses all musical boundaries, James Galway has earned both runaway popularity and critical respect. His sparkling stage personality coupled with his extensive touring, frequent television appearances and more than 30 million albums sold date have endeared him to millions of fans worldwide. Don't miss a chance to enjoy the Grammy-award winning flautists perform masterworks and modern-day favorites when he appears in a special concert recital for one night only.<br> &nbsp;</p> <p>Generously underwritten by Micki and Bernie Peck<br> &nbsp;</p>			</p>    			<br><br>",26.1193,03/17/2011,http://www.artscalendar.com/event/detail/440828810/Sir_James_Galway_,Sir James Galway
,-80.136172,http://www.artscalendar.com/sites/artscalendar.com/images/event/440921112/naturally_medium.jpg,FL,Fort Lauderdale,707 Northeast Eighth Street,Broward Center for the Performing Arts  &gt; Parker Playhouse,03/18/2011,"Naturally 7 gives a stunning performance of what they call &quot;vocal play&quot; -- a cappella music that includes uncanny imitations of electric instruments.</p> <p>The distinction between vocal and instrumental falls away during their spiritually influenced set of hip-hop and R&amp;B-tinged covers that include a radical reworking of Phil Collins' In the Air Tonight, renditions of music by Simon and Garfunkel and some of their own hits and gospel remakes!</p> <p>As the opening act for Michael Buble's 2010 Tour, Naturally 7 was met with standing ovations in Europe, the U.K, Canada, Australia and the US.<br> &nbsp;</p>			</p>    			<br><br>",26.134246,03/18/2011,http://www.artscalendar.com/event/detail/440921112/Naturally_7,Naturally 7
,-80.149426,http://www.artscalendar.com/sites/artscalendar.com/images/event/440921114/romantic_medium.jpg,FL,Fort Lauderdale,201 Southwest 5th Avenue,Broward Center for the Performing Arts,03/22/2011,"This romantic evening features Enrique Graf performing Beethoven's Piano Concerto No. 4. Graf was born in Montevideo, Uruguay, and is now an American citizen. He started studying piano at the age of four with his mother. After winning all of the national competitions in Uruguay, he came to the Peabody Conservatory of the Johns Hopkins University to study with Leon Fleisher. Other compositions on the program include Bizet L'Arlesienne Suite No. 1, Glazunov Selections from the Raymonda Ballet and von Weber's Invitation to the Dance.</p>			</p>    			<br><br>",26.1193,03/22/2011,http://www.artscalendar.com/event/detail/440921114/Romantic_Masterpieces,Romantic Masterpieces
,-80.104465,http://www.artscalendar.com/sites/artscalendar.com/images/org/220002243/bonnet_medium.jpg,FL,Fort Lauderdale,900 North Birch Road,Bonnet House Museum and Gardens,03/24/2011,"Experience this concert under the stars on the beautiful Bonnet House Estate with wine, canapes, coffee and dessert included in the price</p>			</p>    			<br><br>",26.135141,03/24/2011,http://www.artscalendar.com/event/detail/440476274/Young_Artist_Music_Series_Frost_School_of_Music,Young Artist Music Series - Frost School of Music
,-80.149426,http://www.artscalendar.com/sites/artscalendar.com/images/event/440828809/madam_medium.jpg,FL,Fort Lauderdale,201 Southwest 5th Avenue,Broward Center for the Performing Arts,03/24/2011,"Japan, early twentieth century. On a flowering terrace above Nagasaki harbor, U.S. Navy Lieutenant B. F. Pinkerton inspects the house he has leased from a marriage broker, Goro, who has just procured him three servants and a geisha wife, Cio-Cio-San, known as Madama Butterfly.<br> <br> <br> &nbsp;</p>			</p>    			<br><br>",26.1193,03/24/2011,http://www.artscalendar.com/event/detail/440828809/Madama_Butterfly,Madama Butterfly
tickets@pbopera.org,-80.061103,http://www.artscalendar.com/sites/artscalendar.com/images/event/440900531/fintosca_medium.jpg,FL,West Palm Beach,701 Okeechobee Boulevard,Kravis Center for the Performing Arts,03/28/2011,"Don't miss Puccini&rsquo;s timeless drama about an idealistic artist, a celebrated diva, and a corrupt police chief entangled in a web of lust, politics, and violence.<br> <br> Sung in Italian with English Supertitles<br> <br> Tosca: Chiara Taigi (3/25 &amp; 3/27) / Tiffany Abban (3/26 &amp; 3/28)<br> Cavaradossi: Riccardo Massi (3/25 &amp; 3/27) / Warren Mok (3/26 &amp; 3/28)<br> Scarpia: Claudio Sgura (3/25 &amp; 3/27)<br> Angelotti: TBD <br> Sacristan: Matteo Peirone<br> <br> Conductor: Bruno Aprea<br> Director: Massimo Gasparon</p>			</p>    			<br><br>",26.706872,03/25/2011,http://www.artscalendar.com/event/detail/440900531/TOSCA_by_Giacomo_Puccini,TOSCA by Giacomo Puccini
,-80.134567,http://www.artscalendar.com/sites/artscalendar.com/images/event/440828805/neil_medium.jpg,FL,Aventura,3385 NE 188th Street,Aventura Art and Cultural Center,04/02/2011,"Rob Garett has headlined at Caesar's Palace, the Sands Hotel and the Tropicana in Las Vegas. He has performed all over the world from London, England to Oslo, Norway and now he is coming to the Aventura Arts &amp; Cultural Center.</p> <p>4/2/2011<br> Aventura Arts &amp; Cultural Ctr<br> &nbsp;</p>			</p>    			<br><br>",25.949623,04/02/2011,http://www.artscalendar.com/event/detail/440828805/Rob_Garett_King_of_Diamonds_A_Neil_Diamond_Tribute_Concert_,"Rob Garett ""King of Diamonds"" - A Neil Diamond Tribute Concert"
,-80.104465,http://www.artscalendar.com/sites/artscalendar.com/images/event/440476268/music_pic_medium.jpg,FL,Fort Lauderdale,900 North Birch Road,Bonnet House Museum and Gardens,04/07/2011,"Experience this concert under the stars on the beautiful Bonnet House Estate with wine, canapes, coffee and dessert included in the price</p>			</p>    			<br><br>",26.135141,04/07/2011,http://www.artscalendar.com/event/detail/440476268/Young_Artist_Music_Series_Florida_Atlantic_University_Department_of_Music,Young Artist Music Series - Florida Atlantic University Department of Music
,-80.2265545,http://www.artscalendar.com/sites/artscalendar.com/images/event/440921115/amina_medium.jpg,FL,Fort Lauderdale,3100 Ray Ferrero Junior Boulevard,Rose and Alfred Miniaci Performing Arts Center,04/09/2011,"South Florida JAZZ will feature one of Europe's most cosmopolitan and sophisticated artists, pianist Amina Figarova, with her international sextet. Here is your chance to discover a treasure and see her in her second South Florida JAZZ performance. The frontline of flute, saxophone and trumpet is renowned throughout the globe. The Amina Figarova Sextet appears courtesy of the Dutch government, which provides transportation to the United States for this engagement.</p> <p>&nbsp;</p>			</p>    			<br><br>",26.0695412,04/09/2011,http://www.artscalendar.com/event/detail/440921115/Amina_Figarova_Sextet_,Amina Figarova Sextet
,-80.149426,http://www.artscalendar.com/sites/artscalendar.com/images/event/440921116/back_by_medium.jpg,FL,Fort Lauderdale,201 Southwest 5th Avenue,Broward Center for the Performing Arts,04/12/2011,"Franc D'Ambrosio, legendary star of Broadway and longest running Phantom of the Opera, Franc will be joined by Rebecca Spencer, Eduardo Aladren and Courtenay Budd for an evening of Broadway and Operatic favorites.</p>			</p>    			<br><br>",26.1193,04/12/2011,http://www.artscalendar.com/event/detail/440921116/Back_by_Popular_Demand_Symphony_of_the_Americas,Back by Popular Demand - Symphony of the Americas
,-80.149426,http://www.artscalendar.com/sites/artscalendar.com/images/event/440812905/turkmauro_medium.jpg,FL,Fort Lauderdale,201 Southwest 5th Avenue,Broward Ctr for the Perf Arts Amaturo,04/13/2011,"Join Eric Allison and members of the Gold Coast Jazz Society Band for a fantastic evening of titan tenor sax jazz. Mauro, a favorite of the local jazz scene, along with Eric Allison, will perform jazz classics of Zoot Sims and Al Cohn, Sonny Stitt and Gene Ammons, and Johnny Griffin and Eddie &quot;Lockjaw&quot; Davis and more.</p>			</p>    			<br><br>",26.1193,04/13/2011,http://www.artscalendar.com/event/detail/440812905/Tenor_Titans_Turk_Mauro_Gold_Coast_Jazz_Society_Band_,Tenor Titans - Turk Mauro & Gold Coast Jazz Society Band
,-80.236163,http://www.artscalendar.com/sites/artscalendar.com/images/event/440911685/scherperl_1_crop_medium.jpg,FL,Fort Lauderdale,3501 South West Davie Road,Bailey Concert Hall,04/30/2011,"The Broward Symphony Orchestra will be performing classical works under the baton of Zoe Zeniodi. Visit www.browardsymphony.com for more information.<br> <br> Saturday, April 30th, 2011 at 8:00pm <br> o Works to include &quot;Mass in C&quot; (Beethoven)<br> <br> &nbsp;</p>			</p>    			<br><br>",26.081211,04/30/2011,http://www.artscalendar.com/event/detail/440911685/Broward_Symphony_Orchestra,Broward Symphony Orchestra
,-80.2265545,http://www.artscalendar.com/sites/artscalendar.com/images/event/440921118/kevin_medium.jpg,FL,Fort Lauderdale,3100 Ray Ferrero Junior Boulevard,Rose and Alfred Miniaci Performing Arts Center,04/30/2011,"Broadway extraordinaire Kevin Spirtas takes the stage at the Rose and Alfred Miniaci Performing Arts Center at Nova Southeastern University.</p> <p>Join us for an electrifying concert as Spirtas takes you on a tour of his career featuring highlights from his Broadway debut to his years as Dr. Craig Wesley on Days of Our Lives. Whether crooning his way through a beautiful ballad or dancing from a plethora of classic Broadway shows, you won't want to miss Spirtas perform selections from A Chorus Line, Phantom Of The Opera, West Side Story, Camelot, Chicago, The Boy From Oz, and many others!</p> <p>VIP tickets include a post event reception which the artist will attend.</p> <p>&nbsp;</p>			</p>    			<br><br>",26.0695412,04/30/2011,http://www.artscalendar.com/event/detail/440921118/Kevin_Spirtas,Kevin Spirtas
,-80.149426,http://www.artscalendar.com/sites/artscalendar.com/images/event/440921119/adam_medium.jpg,FL,Fort Lauderdale,201 Southwest 5th Avenue,Broward Center for the Performing Arts,05/01/2011,"In this dazzling finale, the Symphony invites you to revel in the triumphant spirit of Shostakovich's Festive Overture, a lyrical and vivacious tribute to the 37th anniversary of the 1917 Russian Revolution.</p> <p>Inspiration gives way to enchantment with Symphony No. 5 (Concerto for Orchestra), a celebration of and memorial to composers created by Miami's Pulitzer Prize-winner Ellen Taafe Zwilich. Closing the series, prodigal guest pianist Golka demonstrates his brilliance at the ivories by taking on Tchaikovsky's emotional masterpiece, Piano Concerto No. 1.</p> <p><br> &nbsp;</p>			</p>    			<br><br>",26.1193,05/01/2011,http://www.artscalendar.com/event/detail/440921119/Adam_Golka_South_Florida_Symphony,Adam Golka - South Florida Symphony
,-80.256778,http://www.artscalendar.com/sites/artscalendar.com/images/event/440932321/820652018_fu26s-x3_medium.jpg,FL,Fort Lauderdale,2692 N. University Drive,Kingshead Pub,05/02/2011,"Open Mike (Music) -- Every Other Tuesday!<br> <br> Come, have fun -- and the Pub's food is great, excellent prices!<br> <br> Run by Shauna Sweeney, whose credits include:<br> <br> ~~~ Sunfest Music Festival 2010 (Opening for Matt Nathanson, Jack's Mannequin, &amp; Erin McCarley)<br> <br> ~~~ Season-Long Resident Band for VIP Level Half-Time Performances For UMiami Hurricane football games at Dolphin Stadium<br> <br> ~~~ VIP Room Performance for Dave Matthews Band concert at Cruzan Ampitheatre, West Palm Beach, FL<br> <br> &nbsp;</p>			</p>    			<br><br>",26.157249,10/04/2010,http://www.artscalendar.com/event/detail/440932321/Open_Mike_Kingshead_Pub_Sunrise,"Open Mike, Kingshead Pub, Sunrise"
,-80.149426,http://www.artscalendar.com/sites/artscalendar.com/images/event/440812919/davis&dow_medium.jpg,FL,Fort Lauderdale,201 Southwest 5th Avenue,Broward Ctr for the Perf Arts Amaturo,05/11/2011,"&quot;Julie and Kelly are truly a breath of fresh air in the South Florida music community. With all the chick singers out there in the country I find Julie to be right there with the cream of the crop. She has a great voice, charisma, tasty repertoire and truly loves to entertain,&quot; Stu Grant, host of &ldquo;Jazz Impressions&rdquo; on WXEL FM 90.7. Join guitarist, Kelly Dow, jazz vocalist extraordinaire, Julie Davis and friends as they perform jazz steeped in the tradition of Django Reinhardt, the legendary jazz musician who influenced the hot jazz scene in Paris. A swingin&rsquo; &amp; singin&rsquo; musical event celebrating over 100 years of hot jazz.</p>			</p>    			<br><br>",26.1193,05/11/2011,http://www.artscalendar.com/event/detail/440812919/Hot_House_Swing_Davis_Dow_Jazz_Band_,Hot House Swing - Davis & Dow Jazz Band
,-80.149426,http://www.artscalendar.com/sites/artscalendar.com/images/event/440471035/laffing_medium.jpg,FL,Fort Lauderdale,201 Southwest 5th Avenue,Broward Center for the Performing Arts,05/14/2011,"Laffing Matterz, a live, original, musical comedy revue spoofing current events, returns to Fort Lauderdale at the Broward Center for the Performing Arts. Laffing Matterz combines the best of dinner theater with the hilarity of topical satire in a one of a kind evening that everyone will enjoy.</p>			</p>    			<br><br>",26.1193,10/15/2009,http://www.artscalendar.com/event/detail/440471035/Laffing_Matterz,Laffing Matterz
,-80.106958,http://www.artscalendar.com/sites/artscalendar.com/images/event/440615097/little_pamona_medium.jpg,FL,Fort Lauderdale,One East Las Olas Boulevard,Museum of Art | Fort Lauderdale - Nova Southeastern University,01/01/2037,"In 1978, Dr. Meyer and Golda Marks donated a collection of nearly 1,500 works from their favorite collecting focus &ndash; works in all media from the Northern European mid-twentieth century CoBrA movement &ndash; to the Museum of Art ?Fort Lauderdale. A very generous and significant donation for this institution, the collection is considered the largest devoted to CoBrA in the United States. The name CoBrA is an acronym of the first letters of three of the central cities associated with this movement &ndash; Copenhagen, Brussels and Amsterdam.</p>			</p>    			<br><br>",26.1182209,02/24/2010,http://www.artscalendar.com/event/detail/440615097/The_Many_Faces_of_CoBrA_,The Many Faces of CoBrA
,-80.2265545,http://www.artscalendar.com/sites/artscalendar.com/images/event/440921121/martin_medium.jpg,FL,Fort Lauderdale,3100 Ray Ferrero Junior Boulevard,Rose and Alfred Miniaci Performing Arts Center,05/14/2011,"Martin Bejerano Trio <br> Cuban-American incendiary and creative pianist, Martin Bejerano, and his New York trio, with bassist Edward Perez and drummer Ludwig Alfonso, will premier Potential Energy Suite, a composition commissioned by Chamber Music America for a grant awarded to him by that organization. Mr. Bejerano is among the fastest rising stars in jazz. He is a fixture in the bands of Russell Malone and the legendary drummer Roy Haynes in addition to leading his own band and following academic pursuits both in New York and Miami. <br> &nbsp;</p>			</p>    			<br><br>",26.0695412,05/14/2011,http://www.artscalendar.com/event/detail/440921121/Martin_Bejerano_Trio_South_Florida_Jazz,Martin Bejerano Trio - South Florida Jazz
,-80.106958,http://www.artscalendar.com/sites/artscalendar.com/images/event/440615098/william_glackens_1_medium.jpg,FL,Fort Lauderdale,One East Las Olas Boulevard,Museum of Art | Fort Lauderdale - Nova Southeastern University,01/01/2037,"When Ira Glackens, son of American impressionist William Glackens, died in 1991, he left his substantial collection of works by his father to the Museum of Art | Fort Lauderdale. <br> <br> The original donation included more than two hundred works in a variety of media, later supplemented by another 300 works given by the Sansom Foundation, a nonprofit organization founded by Ira and Nancy Glackens in the 1950s to oversee their art interests. <br> <br> The Glackens Collection ranges from the artist&rsquo;s earliest known painting (Philadelphia Landscape, from 1893) to his last completed canvas (White Rose and Other Flowers, from 1937). The collection also includes works by such contemporaries of William Glackens as Maurice Prendergast, Ernest Lawson, and John Sloan.</p>			</p>    			<br><br>",26.1182209,02/24/2010,http://www.artscalendar.com/event/detail/440615098/The_Spectacle_of_Life_The_Art_of_William_Glackens_,The Spectacle of Life: The Art of William Glackens
,-80.149426,http://www.artscalendar.com/sites/artscalendar.com/images/event/440921120/dongi_medium.jpg,FL,Fort Lauderdale,201 Southwest 5th Avenue,Broward Center for the Performing Arts,05/14/2011,"Considered by many to be the most perfect opera ever written, Mozart's Don Giovanni continues to thrill audiences today as it did at its premiere in 1787. Don Giovanni was the second collaboration between Mozart and librettist Lorenzo Da Ponte following their success with The Marriage of Figaro. Mozart used the story of the infamous lover, Don Juan, to create one of opera's most vivid characters and one of the world's most popular operas.</p> <p>Following his success at the Metropolitan Opera, David Pittsinger returns to Florida Grand Opera to sing a favorite role. He was last seen at FGO as Scarpia in Tosca. Bassbaritone Tom Corbeil joins the cast as the Don's servant Leporello. Andrew Bidlack, who returns as Don Ottavio, made his FGO debut as Almaviva in the 2009/2010 season's The Barber of Seville. Jonathan G. Michie, who first appeared with FGO in Lucia di Lammermoor in 2010 returns as Masetto, and Morris Robinson, who was seen in FGO's 2006 Rigoletto and Aida productions, returns as the Commendatore. The production will be led by conductor Andrew Bisantz.</p>			</p>    			<br><br>",26.1193,05/12/2011,http://www.artscalendar.com/event/detail/440921120/Don_Giovanni_Florida_Grand_Opera,Don Giovanni - Florida Grand Opera
,-80.106958,http://www.artscalendar.com/sites/artscalendar.com/images/event/440615099/indigo_room2_medium.jpg,FL,Fort Lauderdale,One East Las Olas Boulevard,Museum of Art | Fort Lauderdale - Nova Southeastern University,01/01/2037,"This installation from the heart and hands of Duval-Carri&eacute; bespeaks his ineradicable connection to the island of his birth. Knowledgeable about Vodou since childhood, the artist incorporates the religion&rsquo;s theatrical sacred personages as players in his visual dramas of upheaval and transcendence. Migration out of Haiti, with consequences for the country left behind, is a persistent theme.</p>			</p>    			<br><br>",26.1182209,02/24/2010,http://www.artscalendar.com/event/detail/440615099/The_Indigo_Room_or_Is_Memory_Water_Soluble_,The Indigo Room or Is Memory Water Soluble
,-80.115776,http://www.artscalendar.com/sites/artscalendar.com/images/event/440932768/soamusicontop1_medium_medium.jpg,FL,Fort Lauderdale,2301 South East 17th Street,Hyatt Regency Pier Sixty-Six,05/15/2011,"The Fort Lauderdale String Quartet of the Symphony of the Americas on the Pier Top!</p> <p>Ready for an unrivaled experience? ...Treat your senses!</p> <p>Listen to the magic of music, Look at the breathtaking panorama, Taste your favorite cocktail, All at Once!</p> <p>You will be caught up in the magic of music - closer than you thought possible, with the feeling that you can almost &quot;touch&quot; it. The intimate setting of Pier Sixty Six is elegant, yet inviting and relaxed...perfect for presenting a string quartet - one of the purest forms of chamber music. Composers throughout the ages chose string quartets to share their deepest emotions without the use of words.<br> &nbsp;</p>			</p>    			<br><br>",26.101865,05/15/2011,http://www.artscalendar.com/event/detail/440932768/Music_On_Top,Music On Top
,-80.106958,http://www.artscalendar.com/sites/artscalendar.com/images/event/440615100/barr_38_medium.jpg,FL,Fort Lauderdale,One East Las Olas Boulevard,Museum of Art | Fort Lauderdale - Nova Southeastern University,01/01/2037,"Names for this body of work have changed over the decades. Charles Biederman (1906 &ndash; 2004), one of the best known artists represented here, used the term constructionism to describe his work, something related to and yet distinct from the Russian avant-garde art movement of the 1910s and 1920s known as constructivism. Later, the term structurism was used. By the late 1970s, however, Biederman settled on the simpler term: new art.</p>			</p>    			<br><br>",26.1182209,02/24/2010,http://www.artscalendar.com/event/detail/440615100/Constructed_Reliefs_from_the_Maurice_and_Sarah_Lipschultz_Collection_,Constructed Reliefs from the Maurice and Sarah Lipschultz Collection
info@southfloridajubilee.com,-80.2677439,http://www.artscalendar.com/sites/artscalendar.com/images/event/440876771/rob_3665cdiv_medium.jpg,FL,Fort Lauderdale,5350 Southwest 90th Avenue,Pioneer Middle School,05/19/2011,South Florida Jubilee Chorus wants you!! Join us any Thursday to meet new people and sing in harmony using the uniquely American Sweet Adelines International barbershop style. Real Women. Real Harmony. Real Fun.</p>			</p>    			<br><br>,26.050863,09/23/2010,http://www.artscalendar.com/event/detail/440876771/Women_Who_Love_to_Sing,Women Who Love to Sing
,-80.106958,http://www.artscalendar.com/sites/artscalendar.com/images/event/440615101/marca_relli_3_medium.jpg,FL,Fort Lauderdale,One East Las Olas Boulevard,Museum of Art | Fort Lauderdale - Nova Southeastern University,01/01/2037,"In the late 1940s, following the end of World War II, a group of artists living in downtown New York created an informal gathering place they called the Eighth Street Club. Conrad Marca-Relli was one of the founding members along with Willem and Elaine DeKooning, Mark Rothko, Robert Motherwell and Barnet Newman, all hailed as pioneers of Abstract Expressionism, the first internationally recognized art movement to originate in North America. Drawing on the artists&rsquo; unconscious and individual abstract styles, Abstract Expressionist painting is characterized by uniform all-over composition and significant scale. Marca-Relli&rsquo;s contribution&mdash;here exemplified by Night Rider (1959) &mdash; was to raise the medium of collage to the scale and complexity associated with the painting of this ground-breaking movement.</p>			</p>    			<br><br>",26.1182209,02/24/2010,http://www.artscalendar.com/event/detail/440615101/Conrad_MarcaRelli_,Conrad Marca-Relli
,-80.2265545,http://www.artscalendar.com/sites/artscalendar.com/images/event/440921123/elling_medium.jpg,FL,Fort Lauderdale,3100 Ray Ferrero Junior Boulevard,Rose and Alfred Miniaci Performing Arts Center,06/11/2011,"Kurt Elling <br> Chicago native Kurt Elling is the most accomplished male jazz singer extant. In a career spanning 14 years, 42-year-old Elling has risen to international prominence as a jazz artist and creative singer. An intellectual superman, he is a master of &quot;vocalese&quot; and scatting. Each of his eight albums was nominated for a Grammy Award and the most recent won the Grammy for Best Vocal Jazz Album in 2010. He is a perennial critics poll-winner and his quartet tours the world, performing to critical acclaim in Europe, Asia, Canada, Israel, and Australia. This will be Mr. Elling's fourth performance for South Florida JAZZ. <br> &nbsp;</p>			</p>    			<br><br>",26.0695412,06/11/2011,http://www.artscalendar.com/event/detail/440921123/Kurt_Elling_South_Florida_Jazz,Kurt Elling - South Florida Jazz
,-80.120906,http://www.artscalendar.com/sites/artscalendar.com/images/event/50/bakery10_medium.jpg,FL,Fort Lauderdale,"Sunrise Square, 1201 North Federal Hwy",Croissan'Time French Bakery and Fine Foods,01/01/2037,"There's nothing like a good French pastry. Doesn't matter if you find it in Paris - or in Fort Lauderdale. These folks know how to bake sweets the right way. Lately I've been making a semi-habit of going to one of the best French bakeries in South Florida. Croissan'Time is a delightful shop in a strip mall, though it can be a little hard to find at first. But really, it is definitely worth the effort. Owned by Bernard Casse, Croissan'Time has been baking up luscious croissants, Danish, turnovers, beignets and more since 1986. For some reason, I had stopped here only on rare occasions in the past, often to buy a special treat for Easter or Thanksgiving. No more. It has joined a short list of my favorite morning stops these days.&nbsp;</p> <p>Monsieur Casse has been doing this a while. A long while, actually. He's been a French baker and pastry chef for 43 years. If you want a treat, drop by for a breakfast of a beignet and their wonderful coffee. Mmm, it's most excellent.</p> <p>And if you do your dropping by on a Sunday, there's an extra treat waiting. Croissan'Time has a live jazz band playing in front of the store on late Sunday mornings, a decent little trio with an unusually interesting drummer. This place is a lot more than a coffee shop. People come here and line up for boxes of cakes, pies and other pastries. But there's also a whole lunch menu. From quiches to salads, from brie to pate on a baguette, Croissan'Time offers many choices. They even sell French butter, Madrange cooked French ham and game meats such as quail, partridge and venison. Interesting restaurant, this. In addition to the tasty food, Croissan'Time has transformed the sidewalk exterior into a surprisingly pleasant space, covered in climbing foliage and frequented by sparrows that chirp and wing energetically around. To find Croissan'Time, head south on Federal Highway and look for it on the right side of the road just before Sunrise Boulevard. Their address is 1201 N. Federal Highway, Fort Lauderdale. The phone number is 954-565-8555. You won't see the Arc de Triomphe from their outdoor tables, obviously - but when you're tasting one of their beignets, it's easy enough to imagine.</p>			</p>    			<br><br>",26.141517,10/29/2009,http://www.artscalendar.com/event/detail/50/Croissantime_Sunday_Jazz_Brunch,Croissan'time Sunday Jazz Brunch
,-80.1346048,http://www.artscalendar.com/sites/artscalendar.com/images/event/440615104/bestillandknowcover_medium.jpg,FL,Fort LAuderdale,817 SE 17th Street,The Grateful Palate,01/01/2037,"&nbsp;The Grateful Palate 817 SE 17th Street Fort Lauderdale, FL 33316 (954) 764-2725</p> <p>Thursday's and Friday's 8-11pm</p> <p>Saturday's 8-11 Randy Bernsen Trio!&nbsp; Jazzy Ya'll!!!</p>			</p>    			<br><br>",26.100424,02/25/2010,http://www.artscalendar.com/event/detail/440615104/Randy_Bernsen_at_Grateful_Palate,Randy Bernsen at Grateful Palate
,-80.119747,http://www.artscalendar.com/sites/artscalendar.com/images/event/440741533/markferincola_medium.jpg,FL,Miami Beach,6701 Collins Ave,Deauville Hotel,01/01/2037,"Mothers Day May 9, 2010 6 &ndash; 9 pm.</p> <p>Come experience this great show, at the Deauville Hotel. An evening of Live Music, Entertainment and Dancing to an18 pc. Orchestra, Playing Jazz, Swing, Ballads, Blues, Latin and more. Featuring: Terri Gonzalez, Our Show Dancers, The All Star Circus performers, S. Florida&rsquo;s best Stand up Comedian&rsquo;s and Special Guest performers, all on stage in the &ldquo;Jazz Lounge Supper Club &rdquo; with a large dance floor. Dance floor is open during the show when the band is on !</p> <p>&nbsp;The Big Band Show is a monthly show held at the legendary &quot;Deauville Hotel&rdquo; on the 2nd Sunday of each month</p> <p>Appetizer, Ala Carte&rsquo; and Pre Fixe&rsquo; Dinner menu available as well as a Full Service Bar. &ldquo;Deauville Beach Resort Hotel&rdquo; 6701 Collins ave. Miami Beach Fl. Show Tickets $20.00 Available at www.markfernicola.com or call 954 557-7993 We accept all major credit cards. <br> &nbsp;</p>			</p>    			<br><br>",25.850514,05/09/2010,http://www.artscalendar.com/event/detail/440741533/A_SWINGIN_EVENING_OF_ENTERTAINMENT_with_MARK_FERNICOLA_AND_THE_LAST_FLIGHT_OUT_BIG_BAND_,“A SWINGIN’ EVENING OF ENTERTAINMENT” with MARK FERNICOLA AND THE LAST FLIGHT OUT BIG BAND.
,-80.136172,http://www.artscalendar.com/sites/artscalendar.com/images/event/440921107/wonder_medium.jpg,FL,Fort Lauderdale,707 Northeast Eighth Street,Broward Center for the Performing Arts  &gt; Parker Playhouse,03/13/2011,"New York City in 1916. Paris in the 30's. Hollywood of the 40's. New Orleans in the 50's...And somewhere in the world today.</p> <p>&quot;'SWONDERFUL&quot; takes you on a ride to the different places, times, and musical styles that make the Gershwin brothers the most successful songwriting team in the history of popular music. Like a technicolor movie musical, &quot;'SWONDERFUL&quot;, paints a picture of nostalgia and entertainment while paying tribute to the incomparable songbook of George and Ira Gershwin.<br> &nbsp;</p>			</p>    			<br><br>",26.134246,03/10/2011,http://www.artscalendar.com/event/detail/440921107/SWonderful_Off_Broadway_In_Broward,'SWonderful - Off Broadway In Broward
,-80.149426,http://www.artscalendar.com/sites/artscalendar.com/images/event/440838034/swingin_medium.jpg,FL,Fort Lauderdale,201 Southwest 5th Avenue,Broward Center for the Performing Arts,05/15/2011,"A Swingin' Evening of Entertainment is hosted by Mark Fernicola as he performs with the Last Flight Out Big Band featuring Terri Gonzalez, and is accompanied by a myriad of talented performers.</p> <p>This show is a night of jazz, swing, ballads, blues, Latin music and more. The 18 piece Last Flight Out Big Band, plays the music of Buddy Rich, Stan Kenton, Weather Report and others. The band backs the superb vocal styling of Mark Fernicola and Terri Gonzalez as well as those of special guest artists. The band plays a wide variety of music and rhythms to dance to. The band pays tribute to great vibraphone players like Lionel Hampton, Tito Puente, and Cal Tjader. Dancers perform tap dance, swing, jazz, modern, or freestyle in choreographed performance numbers for each show. Some of South Florida's best stand up comedians and performers from the All Star Circus will entertain too. Drink, dine and dance your way through three hours of non-stop music and live entertainment! Big Band will be performing in the Abdo New River Room every 3rd Sunday of the month from September 19th - May 15th.<br> &nbsp;</p>			</p>    			<br><br>",26.1193,09/19/2010,http://www.artscalendar.com/event/detail/440838034/A_Swingin_Evening_of_Entertainment_,A Swingin' Evening of Entertainment
,-80.196719,http://www.artscalendar.com/sites/artscalendar.com/images/event/440828791/hair_medium.jpg,FL,Miami,11300 Northeast Second Avenue,Broad Center for the Performing Arts,06/19/2011,"&quot;The Public Theater's new Tony-winning production of HAIR is the most electric celebration on Broadway!</p> <p>This exuberant musical about a group of young Americans searching for peace and love in a turbulent time has struck a resonant chord with audiences young and old. HAIR features an extraordinary cast and dozens of unforgettable songs, including &quot;Aquarius,&quot; &quot;Let the Sun Shine In,&quot; &quot;Good Morning, Starshine&quot; and &quot;Easy To Be Hard.&quot; Its relevance is UNDENIABLE. Its energy is UNBRIDLED. Its truth is UNWAVERING. It's HAIR, and IT'S TIME.&quot;</p> <p>DISCLAIMER - While many find this show suitable for young adults (13 and older), parental discretion is advised. There is a dimly lit 20-second scene with nudity that is non-sexual in nature.<br> &nbsp;</p>			</p>    			<br><br>",25.878502,06/07/2011,http://www.artscalendar.com/event/detail/440828791/Hair,Hair
,-80.149426,http://www.artscalendar.com/sites/artscalendar.com/images/event/440828790/mam1_medium.jpg,FL,Fort Lauderdale,201 Southwest 5th Avenue,Broward Center for the Performing Arts,07/24/2011,"A mother. A daughter. 3 possible dads. And a trip down the aisle you'll never forget! Over 32 million people all around the world have fallen in love with the characters, the story and the music that make MAMMA MIA! the ultimate feel-good show!</p> <p>Writer Catherine Johnson's sunny, funny tale unfolds on a Greek island paradise. On the eve of her wedding, a daughter's quest to discover the identity of her father brings 3 men from her mother's past back to the island they last visited 20 years ago. The story-telling magic of ABBA's timeless songs propels this enchanting tale of love, laughter and friendship, and every night everyone's having the time of their lives! With more productions playing internationally than any other musical, MAMMA MIA! is the World's No.1 Show!<br> &nbsp;</p>			</p>    			<br><br>",26.1193,07/19/2011,http://www.artscalendar.com/event/detail/440828790/Mamma_Mia,Mamma Mia
,-80.1399765,http://www.artscalendar.com/sites/artscalendar.com/images/event/440915537/goingfishing_medium.jpg,FL,Miami Beach,924 Lincoln Road,ArtCenter/ South Florida Vitrine Window Space,11/18/2011,"Come view the new drawings and paintings of artist, Stephanie Rodriguez called Monster Mash. Her series is a collection of drawings and paintings inspired by classic horror movies and literature. Located in the Vitrine Window Display, ArtCenter/ South Florida, 924 Lincoln Road, Miami Beach.</p>			</p>    			<br><br>",25.7905114,10/08/2010,http://www.artscalendar.com/event/detail/440915537/Monster_Mash_Art_of_the_Macabre,"Monster Mash, Art of the Macabre"
,-80.1302541,http://www.artscalendar.com/sites/artscalendar.com/images/event/440614843/mandalaforweb.liora_medium.jpg,FL,Fort Lauderdale,1350 East Sunrise Boulevard,ArtServe,02/22/2012,"A painting class where you are free to work in any 2d media. Bring your own supplies, and prepare to explore your creativity, hone your technique, use of color, and composition. Prepare to stretch in different directions. Advanced students choosing to work on their own projects, with coaching and critique are welcome. A relaxed atmosphere focusing on the creative process, treating the artist soul gently. Beginners are welcome. All levels. Wednesdays, (ongoing) at Artserve. (please register in advance) 1:00 to 4:00 pm. Cost: &nbsp;$150. for 6 weeks Contact Liora: 954-583-8757 lioraart@aol.com</p>			</p>    			<br><br>",26.1371141,02/05/2010,http://www.artscalendar.com/event/detail/440614843/Painting_2D_open_media_demos_in_acrylic,Painting : 2D open media (demos in acrylic)
,-80.263152,http://www.artscalendar.com/sites/artscalendar.com/images/event/440615065/kids-painting-summer-72-dpi_medium.jpg,FL,Coral Springs,2855 Coral Springs Drive,Coral Springs Museum of Art,01/01/2037,"Art Sampler for the Young 6-9. Each week a new medium will be explored using paint, pastels, collage, watercolor &amp; mixed media. Have fun &amp; learn about famous artists and their work.<br> &nbsp;</p>			</p>    			<br><br>",26.264663,02/22/2010,http://www.artscalendar.com/event/detail/440615065/Art_Classes_in_an_Art_Museum,Art Classes in an Art Museum
boxoffice@miamicityballet.org,-80.149426,http://www.artscalendar.com/sites/artscalendar.com/images/event/440910853/mc_rp_promethean_small_medium.jpg,FL,Fort Lauderdale,201 Southwest 5th Avenue,Broward Center for the Performing Arts,03/13/2011,"Program III spotlights Paul Taylor&rsquo;s Promethean Fire &ndash; a work that has been suggested as Taylor&rsquo;s response to 9/11. Set to Leopold Stokowski&rsquo;s magnificent orchestral transcriptions of Bach, it has been hailed as a masterpiece. Program III also includes Balanchine&rsquo;s high spirited Scotch Symphony and Tharp&rsquo;s jazzy Nine Sinatra Songs.</p>			</p>    			<br><br>",26.1193,03/11/2011,http://www.artscalendar.com/event/detail/440910853/Program_III,Program III
,-80.149426,http://www.artscalendar.com/sites/artscalendar.com/images/event/440921108/program_iii_medium.jpg,FL,Fort Lauderdale,201 Southwest 5th Avenue,Broward Center for the Performing Arts,03/13/2011,"Scotch Symphony (Choreography by Balanchine/Music by Mendelssohn) <br> With its lovely allusions to Romantic ballet, and its masterful deployment of Mendelssohn's rousing symphony, this ballet has been enthralling audiences for more than 50 years.</p> <p>Promethean Fire (Choreography by Taylor/Music by Bach) -- Company Premiere <br> Is this powerful transcendent piece, as has been suggested, Paul Taylor's response to 9/11? Promethean Fire explores a spectrum of human emotions surrounding a catastrophic event, but ultimately concludes with a sense of spiritual renewal and perseverance. Set to Leopold Stokowski's magnificent orchestral transcriptions of Bach, it has been hailed everywhere as a masterpiece. &quot;The best new dance I've seen in ages.&quot; (The Washington Post)</p> <p>Nine Sinatra Songs (Choreography by Tharp/Music by Arlen, Mercer, Cahn, et al.) <br> Perhaps Twyla Tharp's most popular work, Nine Sinatra Songs radiates glamour, excitement, passion, and fun as she flings her dancers at the best of Sinatra, from &quot;My Way&quot; to &quot;Something Stupid,&quot; exhibiting what one critic called her &quot;slithers, blind leaps, upsy-daisy lifts.&quot; One of MCB's biggest hits!</p>			</p>    			<br><br>",26.1193,03/11/2011,http://www.artscalendar.com/event/detail/440921108/Miami_City_Ballet_Program_III,Miami City Ballet - Program III
,-80.149426,http://www.artscalendar.com/sites/artscalendar.com/images/event/440921117/program_iv_medium.jpg,FL,Fort Lauderdale,201 Southwest 5th Avenue,Broward Center for the Performing Arts,05/01/2011,"Romeo and Juliet (Choreography by Cranko, Music by Prokofiev) -- Company Premiere <br> John Cranko's acclaimed full-evening version of the world's most famous love story is, according to The New York Times, &quot;Arguably the best dance treatment of Prokofiev's celebrated score.&quot; And Cranko's choreographic setting of William Shakespeare's classic is internationally acknowledged as one of the most important works in the history of ballet. An unforgettable ballet. A major event!</p>			</p>    			<br><br>",26.1193,04/29/2011,http://www.artscalendar.com/event/detail/440921117/Miami_City_Ballet_Program_IV,Miami City Ballet - Program IV
,-80.149426,http://www.artscalendar.com/sites/artscalendar.com/images/event/440921122/young_medium.jpg,FL,Fort Lauderdale,201 Southwest 5th Avenue,Broward Center for the Performing Arts,05/15/2011,"Arts Ballet Theatre of Florida, under the direction of Ballet Master Vladimir Issaev ends its season with a classical repertoire that only high quality dancers can perform.</p> <p>The repertoire includes the most famous classical Pas de Deux and neo-classical pieces by Vladimir Issaev and guest choreographers and international dancers. <br> &nbsp;</p>			</p>    			<br><br>",26.1193,05/15/2011,http://www.artscalendar.com/event/detail/440921122/International_Young_Dancers_Festival_,International Young Dancers Festival
,-80.140314,http://www.artscalendar.com/sites/artscalendar.com/images/org/220000967/allmediahacc-postcarda_medium.jpg,FL,Hollywood,1650 Harrison Street,Art and Culture Center of Hollywood,02/23/2011,"High School Level<br> <br> The Visual Arts Studio&rsquo;s Art School Boot Camp is a program for prospective college students who want to gain insight on how to get accepted into a college or university art program. In this four-week intensive lecture series, high school students will gain a better understanding of portfolio development, the college application process, tips for scholarships and financial assistance, and comprehensive information from premier art schools around the country.<br> <br> High School Level for Grades 9 &ndash; 12<br> 4 weekly classes held on Wednesdays from 4-6 pm<br> Feb. 2 &ndash; Feb. 23, 2011<br> Class Location: Art School, 1626 Harrison Street, Hollywood</p>			</p>    			<br><br>",26.010378,02/02/2011,http://www.artscalendar.com/event/detail/440941977/Visual_Arts_Studio_Art_School_Boot_Camp,Visual Arts Studio - Art School Boot Camp
,-80.140314,http://www.artscalendar.com/sites/artscalendar.com/images/org/220000967/allmediahacc-postcarda_medium.jpg,FL,Hollywood,1650 Harrison Street,Art and Culture Center of Hollywood,02/26/2011,"Discover downtown Hollywood through art. Using pencil, inks, and sketchbooks, explore interior space, atmosphere, light, and the human figure, while learning basic drawing skills. First class meets in the Art School and will go over the basic fundamentals of life drawing. Each class after will meet at various sites in downtown Hollywood. Once registered, students will receive information regarding meeting locations. <br> <br> Class Location: First class will be held in the Arts School. Remaining classes will be held at various sites in Downtown Hollywood.<br> Skill Level: Beginning &ndash; Intermediate</p>			</p>    			<br><br>",26.010378,01/22/2011,http://www.artscalendar.com/event/detail/440941957/Downtown_Drawing,Downtown Drawing
,-80.140314,http://www.artscalendar.com/sites/artscalendar.com/images/event/440862075/birds-are-nice_medium.jpg,FL,Hollywood,1650 Harrison Street,Art and Culture Center of Hollywood,04/05/2011,"Opening Reception: Fri., March 4, 6-9 pm</p> <p>A Little Love is an installation piece by artist Birds are Nice featuring an animated video short and forest installation. A lonely girl finds love on her walk through the forest with the help of a little bird. The film short, a debut animation by Birds are Nice, will be entitled Put a Little Love in Your Heart.</p>			</p>    			<br><br>",26.010378,03/10/2011,http://www.artscalendar.com/event/detail/440862075/Birds_are_Nice_A_Little_Love,Birds are Nice: A Little Love
,-80.140314,http://www.artscalendar.com/sites/artscalendar.com/images/event/440862074/cristina-lei-rodriguez_medium.jpg,FL,Hollywood,1650 Harrison Street,Art and Culture Center of Hollywood,04/10/2011,"Opening Reception: Fri., March 4, 6-9 pm. Cristina Lei Rodriquez&rsquo;s work delves into the aesthetics of desire that are part of the consumer products that surround us. Her works are primarily sculptural landscapes, sometimes very realistic and other times very abstract.<br> &nbsp;</p>			</p>    			<br><br>",26.010378,03/05/2011,http://www.artscalendar.com/event/detail/440862074/Cristina_Lei_Rodriguez_Forever,Cristina Lei Rodriguez: Forever
,-80.140314,http://www.artscalendar.com/sites/artscalendar.com/images/org/220000967/allmediahacc-postcarda_medium.jpg,FL,Hollywood,1650 Harrison Street,Art and Culture Center of Hollywood,04/14/2011,"Drop-in on these monthly figure drawing classes. Attend one or all! Use any medium and create works from a live model.<br> <br> This program is designed for individuals 18 year or older. High school juniors and seniors may attend with guardian permission. Drawing boards are available on site. Cost: $15 members per session, $20 non-members per session.<br> <br> Location: Art and Culture Center Art School, 1626 Harrison Street, Hollywood.</p>			</p>    			<br><br>",26.010378,10/14/2010,http://www.artscalendar.com/event/detail/440941963/DropIn_Figure_Drawing,Drop-In Figure Drawing
,-80.147971,http://www.artscalendar.com/sites/artscalendar.com/images/event/440899032/mods2c-autonation_medium.jpg,FL,Fort Lauderdale,401 Southwest Second Street,Museum of Discovery and Science,09/05/2011,"In Animation&rsquo;s stimulating and fun environment, visitors will explore the process of animation from concept to finished product &mdash; from storyboarding, character design, and drawing techniques to movement, timing, filming, and sound. Larger-than-life graphics of popular Cartoon Network characters provide a colorful backdrop to the exhibit, which also explores the history of animation and features a screening room and a cartoon museum. Animation was developed by the Oregon Museum of Science and Industry in collaboration with Cartoon Network. <br> &nbsp;</p>			</p>    			<br><br>",26.120993,05/28/2011,http://www.artscalendar.com/event/detail/440899032/Animation_Exhibit_,Animation Exhibit
,-80.1399765,http://www.artscalendar.com/sites/artscalendar.com/images/event/440915537/goingfishing_medium.jpg,FL,Miami Beach,924 Lincoln Road,ArtCenter/ South Florida Vitrine Window Space,11/18/2011,"Come view the new drawings and paintings of artist, Stephanie Rodriguez called Monster Mash. Her series is a collection of drawings and paintings inspired by classic horror movies and literature. Located in the Vitrine Window Display, ArtCenter/ South Florida, 924 Lincoln Road, Miami Beach.</p>			</p>    			<br><br>",25.7905114,10/08/2010,http://www.artscalendar.com/event/detail/440915537/Monster_Mash_Art_of_the_Macabre,"Monster Mash, Art of the Macabre"
,-80.1302541,http://www.artscalendar.com/sites/artscalendar.com/images/event/440614843/mandalaforweb.liora_medium.jpg,FL,Fort Lauderdale,1350 East Sunrise Boulevard,ArtServe,02/22/2012,"A painting class where you are free to work in any 2d media. Bring your own supplies, and prepare to explore your creativity, hone your technique, use of color, and composition. Prepare to stretch in different directions. Advanced students choosing to work on their own projects, with coaching and critique are welcome. A relaxed atmosphere focusing on the creative process, treating the artist soul gently. Beginners are welcome. All levels. Wednesdays, (ongoing) at Artserve. (please register in advance) 1:00 to 4:00 pm. Cost: &nbsp;$150. for 6 weeks Contact Liora: 954-583-8757 lioraart@aol.com</p>			</p>    			<br><br>",26.1371141,02/05/2010,http://www.artscalendar.com/event/detail/440614843/Painting_2D_open_media_demos_in_acrylic,Painting : 2D open media (demos in acrylic)
,-80.106958,http://www.artscalendar.com/sites/artscalendar.com/images/event/440615097/little_pamona_medium.jpg,FL,Fort Lauderdale,One East Las Olas Boulevard,Museum of Art | Fort Lauderdale - Nova Southeastern University,01/01/2037,"In 1978, Dr. Meyer and Golda Marks donated a collection of nearly 1,500 works from their favorite collecting focus &ndash; works in all media from the Northern European mid-twentieth century CoBrA movement &ndash; to the Museum of Art ?Fort Lauderdale. A very generous and significant donation for this institution, the collection is considered the largest devoted to CoBrA in the United States. The name CoBrA is an acronym of the first letters of three of the central cities associated with this movement &ndash; Copenhagen, Brussels and Amsterdam.</p>			</p>    			<br><br>",26.1182209,02/24/2010,http://www.artscalendar.com/event/detail/440615097/The_Many_Faces_of_CoBrA_,The Many Faces of CoBrA
,-80.106958,http://www.artscalendar.com/sites/artscalendar.com/images/event/440615098/william_glackens_1_medium.jpg,FL,Fort Lauderdale,One East Las Olas Boulevard,Museum of Art | Fort Lauderdale - Nova Southeastern University,01/01/2037,"When Ira Glackens, son of American impressionist William Glackens, died in 1991, he left his substantial collection of works by his father to the Museum of Art | Fort Lauderdale. <br> <br> The original donation included more than two hundred works in a variety of media, later supplemented by another 300 works given by the Sansom Foundation, a nonprofit organization founded by Ira and Nancy Glackens in the 1950s to oversee their art interests. <br> <br> The Glackens Collection ranges from the artist&rsquo;s earliest known painting (Philadelphia Landscape, from 1893) to his last completed canvas (White Rose and Other Flowers, from 1937). The collection also includes works by such contemporaries of William Glackens as Maurice Prendergast, Ernest Lawson, and John Sloan.</p>			</p>    			<br><br>",26.1182209,02/24/2010,http://www.artscalendar.com/event/detail/440615098/The_Spectacle_of_Life_The_Art_of_William_Glackens_,The Spectacle of Life: The Art of William Glackens
,-80.106958,http://www.artscalendar.com/sites/artscalendar.com/images/event/440615099/indigo_room2_medium.jpg,FL,Fort Lauderdale,One East Las Olas Boulevard,Museum of Art | Fort Lauderdale - Nova Southeastern University,01/01/2037,"This installation from the heart and hands of Duval-Carri&eacute; bespeaks his ineradicable connection to the island of his birth. Knowledgeable about Vodou since childhood, the artist incorporates the religion&rsquo;s theatrical sacred personages as players in his visual dramas of upheaval and transcendence. Migration out of Haiti, with consequences for the country left behind, is a persistent theme.</p>			</p>    			<br><br>",26.1182209,02/24/2010,http://www.artscalendar.com/event/detail/440615099/The_Indigo_Room_or_Is_Memory_Water_Soluble_,The Indigo Room or Is Memory Water Soluble
,-80.106958,http://www.artscalendar.com/sites/artscalendar.com/images/event/440615100/barr_38_medium.jpg,FL,Fort Lauderdale,One East Las Olas Boulevard,Museum of Art | Fort Lauderdale - Nova Southeastern University,01/01/2037,"Names for this body of work have changed over the decades. Charles Biederman (1906 &ndash; 2004), one of the best known artists represented here, used the term constructionism to describe his work, something related to and yet distinct from the Russian avant-garde art movement of the 1910s and 1920s known as constructivism. Later, the term structurism was used. By the late 1970s, however, Biederman settled on the simpler term: new art.</p>			</p>    			<br><br>",26.1182209,02/24/2010,http://www.artscalendar.com/event/detail/440615100/Constructed_Reliefs_from_the_Maurice_and_Sarah_Lipschultz_Collection_,Constructed Reliefs from the Maurice and Sarah Lipschultz Collection
,-80.106958,http://www.artscalendar.com/sites/artscalendar.com/images/event/440615101/marca_relli_3_medium.jpg,FL,Fort Lauderdale,One East Las Olas Boulevard,Museum of Art | Fort Lauderdale - Nova Southeastern University,01/01/2037,"In the late 1940s, following the end of World War II, a group of artists living in downtown New York created an informal gathering place they called the Eighth Street Club. Conrad Marca-Relli was one of the founding members along with Willem and Elaine DeKooning, Mark Rothko, Robert Motherwell and Barnet Newman, all hailed as pioneers of Abstract Expressionism, the first internationally recognized art movement to originate in North America. Drawing on the artists&rsquo; unconscious and individual abstract styles, Abstract Expressionist painting is characterized by uniform all-over composition and significant scale. Marca-Relli&rsquo;s contribution&mdash;here exemplified by Night Rider (1959) &mdash; was to raise the medium of collage to the scale and complexity associated with the painting of this ground-breaking movement.</p>			</p>    			<br><br>",26.1182209,02/24/2010,http://www.artscalendar.com/event/detail/440615101/Conrad_MarcaRelli_,Conrad Marca-Relli
,-80.1524984,http://www.artscalendar.com/sites/artscalendar.com/images/event/440460764/440460764img1_medium.jpg,FL,Deerfield Beach,401 South Powerline Road,Quiet Waters Park,03/13/2011,"Celebrate 500 years of fun in a single day! Browse through the enchanted crafts village where over one-hundred merchants and artisans demonstrate and sell their wares. Behold glass blowing, hammered pewter, wooden toys, unique pottery, clothing and a wealth of other riches. Applaud hundreds of performers, on stage and literally all around you. Mingle with sword fighters, minstrels, magicians, mud-beggars, wenches and more, for all the world's a stage!</p>			</p>    			<br><br>",26.308546,02/12/2011,http://www.artscalendar.com/event/detail/440460764/Florida_Renaissance_Festival,Florida Renaissance Festival
,-80.2265545,http://www.artscalendar.com/sites/artscalendar.com/images/placeholder.png,FL,Fort Lauderdale,"3100 Ray Ferrero, Jr. Boulevard","Alvin Sherman Library, Research, and Information Technology Center",03/20/2011,"Culture Vultures - Keeping the Arts Alive presents Sunday Happenings at the Nova Southeastern University Alvin Sherman Library:<br> Marie Smith is known in South Florida as &ldquo;the Irish famine lady.&rdquo; Her passion, the Irish Hunger of 1845&ndash;50, has led her<br> to champion human rights for Northern Ireland as well as generate an understanding of The Great Hunger and its effect<br> on American and world history.</p>			</p>    			<br><br>",26.0695412,03/20/2011,http://www.artscalendar.com/event/detail/440842781/The_Great_Hunger,The Great Hunger
,-80.2265545,http://www.artscalendar.com/sites/artscalendar.com/images/placeholder.png,FL,Fort Lauderdale,"3100 Ray Ferrero, Jr. Boulevard","Alvin Sherman Library, Research, and Information Technology Center",04/10/2011,"Culture Vultures - Keeping the Arts Alive presents Sunday Happenings at the Nova Southeastern University Alvin Sherman Library:<br> Professor Jean D&rsquo;Costa, a poet, author, and educator, believes we use poetry to live! She will show how poetry helps us<br> express, remember, analyze, and communicate aspects of our lives, from the very simple to the most complex.</p>			</p>    			<br><br>",26.0695412,04/10/2011,http://www.artscalendar.com/event/detail/440842783/The_Necessity_of_Poetry,The Necessity of Poetry
,-80.2265545,http://www.artscalendar.com/sites/artscalendar.com/images/placeholder.png,FL,Fort Lauderdale,"3100 Ray Ferrero, Jr. Boulevard","Alvin Sherman Library, Research, and Information Technology Center",05/15/2011,"Culture Vultures - Keeping the Arts Alive presents Sunday Happenings at the Nova Southeastern University Alvin Sherman Library:<br> Reiko Nishioka, Director of Education at the Morikami Museum and Japanese Gardens, will introduce the audience<br> to George Morikami, explain the Yamato Colony, and share the legacy left to South Florida by these early settlers.</p>			</p>    			<br><br>",26.0695412,05/15/2011,http://www.artscalendar.com/event/detail/440842785/A_Japanese_Garden_in_South_Florida,A Japanese Garden in South Florida
tama@polynesianshow.com,-80.1329297,http://www.artscalendar.com/sites/artscalendar.com/images/org/220082096/220082096img1_medium.jpg,FL,Oakland Park,4000 N. Dixie Hwy,Jaco Pastorius Park,05/15/2011,"Come and Experience the Cultural and Beauty of the Polynesian Islands,<br> <br> The day-long festival features live performances and entertainment by Polynesian musicians, dancers, chanters, singers, drummers, and artists.<br> <br> Vendors offer authentic polynesian food, refreshments, arts and crafts,clothing island jewelry, tropical plants and gift items.and more</p>			</p>    			<br><br>",26.1760946,05/15/2011,http://www.artscalendar.com/event/detail/440943455/Polynesian_Cultural_Festival,Polynesian Cultural Festival
,-80.5234223,http://www.artscalendar.com/sites/artscalendar.com/images/event/440421804/shark_valley_medium.jpg,FL,Homestead,40001 State Road 9336,Everglades National Park,01/01/2037,"Shark Valley Tram Tours offers a two-hour, open air tour through the Shark Valley section of Everglades National Park. All tours are led by park trained naturalists, fully prepared to make your journey a memorable one. Beside giving insight into the ecosystem as a whole, your guide will also help to point out some of the 'hidden' aspects which help to make this a world renowned wetlands. The open vehicles allow visitors to view wildlife within the sawgrass prairies on either side of the tram.    At the half-way point of the tour, a 45-foot high observation deck gives visitors an opportunity to enjoy the tranquil vistas of the Everglades, extending outward 20 miles in all directions. A gradual ramp provides easy access to the observation tower deck, and every part of the ramp and deck provide chances to view something different.    Important Information:  Visitation is highest from December through April, and reservations are strongly recommended during this time period. You may reserve for the 9:00am, 10:00am, 2:00pm, 3:00pm and 4:00pm  trams.			</p>    			<br><br>",25.4082242,05/01/2009,http://www.artscalendar.com/event/detail/440421804/Shark_Valley_Tram_Tour,Shark Valley Tram Tour
,-80.309331,http://www.artscalendar.com/sites/artscalendar.com/images/event/440420635/airboat_medium.jpg,FL,Miami,3401 Southwest 72nd Avenue,Sense of Wonder Nature Center,01/01/2037,"Glide through the Everglades with your local guide and experience the breathtaking beauty and unique wildlife native to the 'river of grass.' After your airboat ride, have lunch at the Coopertown Restaurant and then jump back in the Eco-van for a scenic drive through the everglades. This Eco-Adventures trip leaves from the A.D. Barnes Park Sense of Wonder Nature Center.</p>			</p>    			<br><br>",25.737145,08/17/2009,http://www.artscalendar.com/event/detail/440420635/Everglades_Airboat_and_Scenic_Adventure,Everglades Airboat and Scenic Adventure
,-80.148274,http://www.artscalendar.com/sites/artscalendar.com/images/org/220005264/eco_medium.jpg,FL,Miami,Miami-Dade Parks,Eco-Adventures,01/01/2037,"On Eco-Adventures' naturalist-guided trip, canoeists will observe herons, white ibis and osprey and explore a tropical hardwood hammock in East Greynolds Park. Step back in time as you explore this natural river system in northeast Miami-Dade County.</p>			</p>    			<br><br>",25.847842,08/17/2009,http://www.artscalendar.com/event/detail/440420106/Historic_Oleta_River_Canoe_Trek,Historic Oleta River Canoe Trek
,-80.309331,http://www.artscalendar.com/sites/artscalendar.com/images/event/440420103/indiankey_medium.jpg,FL,Miami,3401 Southwest 72nd Avenue,Sense of Wonder Nature Center,01/01/2037,"Explore Indian Key by canoe, just as the first settlers did in the 1800s. Snorkel in the clear waters and surrounding coral reefs which are teeming with wildlife! Join Eco-Adventures as they retell historic events and spend the day exploring the island on foot. The trip leaves from A.D. Barnes Park Sense of Wonder Nature Center.			</p>    			<br><br>",25.737145,08/17/2009,http://www.artscalendar.com/event/detail/440420103/Indian_Key_Canoe_and_Snorkel_Excursion,Indian Key Canoe and Snorkel Excursion
,-80.273138,http://www.artscalendar.com/sites/artscalendar.com/images/event/440409857/matheson_medium.jpg,FL,Miami,9610 Old Cutler Road,Matheson Hammock Park,01/01/2037,"Immerse yourself in the remarkable beauty of Biscayne Bay. Travel with your naturalist-guide through mangroves, the world's only salt-water trees, and discover a world filled with brown pelicans, osprey, great blue herons, nurse sharks, sting rays and more. The trip leaves from the Matheson Hammock Park Marina.</p>			</p>    			<br><br>",25.680183,08/14/2009,http://www.artscalendar.com/event/detail/440409857/Matheson_Bay_Shore_Canoe_Trek,Matheson Bay Shore Canoe Trek
,-80.1735565,http://www.artscalendar.com/sites/artscalendar.com/images/event/440424773/keywest_medium.jpg,FL,Miami,City of Miami,Meeting Location To Be Provided,01/01/2037,"On this tour you will first stop for breakfast (not included in tour price). Afterwards you will enjoy a scenic, comfortable drive across 42 bridges and 32 islands to Key West (takes approximately three-and-a-half hours). Then, after arriving in Key West, you have plenty of time to explore Key West on your own. You could visit Hemingway's house or Mallory Square located by the historic Key West waterfront (this open-air marketplace and entertainment complex is a great place to start or end your trip to Key West). The trip back to Miami departs at around 4:00pm.			</p>    			<br><br>",25.776235,01/01/2009,http://www.artscalendar.com/event/detail/440424773/Key_West,Key West
,-80.1735565,http://www.artscalendar.com/sites/artscalendar.com/images/event/440424828/fort_lauderdale_medium.jpg,FL,Miami,City of Miami,Meeting Location To Be Provided,01/01/2037,"Fort Lauderdale is not called the 'Venice of Florida' without reason. This city by the sea is a fantastic holiday getaway with countless waterways, thousands of boats and yachts and numerous restaurants. Miami Nice Tours offers a round-trip trek to Fort Lauderdale exploring the city's wonders, including a romantic walk by famous Las Olas Boulevard.			</p>    			<br><br>",25.776235,01/01/2009,http://www.artscalendar.com/event/detail/440424828/Fort_Lauderdale_City_Tour,Fort Lauderdale City Tour
,-80.140314,http://www.artscalendar.com/sites/artscalendar.com/images/org/220000967/allmediahacc-postcarda_medium.jpg,FL,Hollywood,1650 Harrison Street,Art and Culture Center of Hollywood,02/23/2011,"High School Level<br> <br> The Visual Arts Studio&rsquo;s Art School Boot Camp is a program for prospective college students who want to gain insight on how to get accepted into a college or university art program. In this four-week intensive lecture series, high school students will gain a better understanding of portfolio development, the college application process, tips for scholarships and financial assistance, and comprehensive information from premier art schools around the country.<br> <br> High School Level for Grades 9 &ndash; 12<br> 4 weekly classes held on Wednesdays from 4-6 pm<br> Feb. 2 &ndash; Feb. 23, 2011<br> Class Location: Art School, 1626 Harrison Street, Hollywood</p>			</p>    			<br><br>",26.010378,02/02/2011,http://www.artscalendar.com/event/detail/440941977/Visual_Arts_Studio_Art_School_Boot_Camp,Visual Arts Studio - Art School Boot Camp
,-80.140314,http://www.artscalendar.com/sites/artscalendar.com/images/org/220000967/allmediahacc-postcarda_medium.jpg,FL,Hollywood,1650 Harrison Street,Art and Culture Center of Hollywood,02/26/2011,"Discover downtown Hollywood through art. Using pencil, inks, and sketchbooks, explore interior space, atmosphere, light, and the human figure, while learning basic drawing skills. First class meets in the Art School and will go over the basic fundamentals of life drawing. Each class after will meet at various sites in downtown Hollywood. Once registered, students will receive information regarding meeting locations. <br> <br> Class Location: First class will be held in the Arts School. Remaining classes will be held at various sites in Downtown Hollywood.<br> Skill Level: Beginning &ndash; Intermediate</p>			</p>    			<br><br>",26.010378,01/22/2011,http://www.artscalendar.com/event/detail/440941957/Downtown_Drawing,Downtown Drawing
,-80.140314,http://www.artscalendar.com/sites/artscalendar.com/images/event/440862075/birds-are-nice_medium.jpg,FL,Hollywood,1650 Harrison Street,Art and Culture Center of Hollywood,04/05/2011,"Opening Reception: Fri., March 4, 6-9 pm</p> <p>A Little Love is an installation piece by artist Birds are Nice featuring an animated video short and forest installation. A lonely girl finds love on her walk through the forest with the help of a little bird. The film short, a debut animation by Birds are Nice, will be entitled Put a Little Love in Your Heart.</p>			</p>    			<br><br>",26.010378,03/10/2011,http://www.artscalendar.com/event/detail/440862075/Birds_are_Nice_A_Little_Love,Birds are Nice: A Little Love
,-80.140314,http://www.artscalendar.com/sites/artscalendar.com/images/event/440862074/cristina-lei-rodriguez_medium.jpg,FL,Hollywood,1650 Harrison Street,Art and Culture Center of Hollywood,04/10/2011,"Opening Reception: Fri., March 4, 6-9 pm. Cristina Lei Rodriquez&rsquo;s work delves into the aesthetics of desire that are part of the consumer products that surround us. Her works are primarily sculptural landscapes, sometimes very realistic and other times very abstract.<br> &nbsp;</p>			</p>    			<br><br>",26.010378,03/05/2011,http://www.artscalendar.com/event/detail/440862074/Cristina_Lei_Rodriguez_Forever,Cristina Lei Rodriguez: Forever
,-80.140314,http://www.artscalendar.com/sites/artscalendar.com/images/org/220000967/allmediahacc-postcarda_medium.jpg,FL,Hollywood,1650 Harrison Street,Art and Culture Center of Hollywood,04/14/2011,"Drop-in on these monthly figure drawing classes. Attend one or all! Use any medium and create works from a live model.<br> <br> This program is designed for individuals 18 year or older. High school juniors and seniors may attend with guardian permission. Drawing boards are available on site. Cost: $15 members per session, $20 non-members per session.<br> <br> Location: Art and Culture Center Art School, 1626 Harrison Street, Hollywood.</p>			</p>    			<br><br>",26.010378,10/14/2010,http://www.artscalendar.com/event/detail/440941963/DropIn_Figure_Drawing,Drop-In Figure Drawing
,-80.147971,http://www.artscalendar.com/sites/artscalendar.com/images/event/440899032/mods2c-autonation_medium.jpg,FL,Fort Lauderdale,401 Southwest Second Street,Museum of Discovery and Science,09/05/2011,"In Animation&rsquo;s stimulating and fun environment, visitors will explore the process of animation from concept to finished product &mdash; from storyboarding, character design, and drawing techniques to movement, timing, filming, and sound. Larger-than-life graphics of popular Cartoon Network characters provide a colorful backdrop to the exhibit, which also explores the history of animation and features a screening room and a cartoon museum. Animation was developed by the Oregon Museum of Science and Industry in collaboration with Cartoon Network. <br> &nbsp;</p>			</p>    			<br><br>",26.120993,05/28/2011,http://www.artscalendar.com/event/detail/440899032/Animation_Exhibit_,Animation Exhibit
,-80.1399765,http://www.artscalendar.com/sites/artscalendar.com/images/event/440915537/goingfishing_medium.jpg,FL,Miami Beach,924 Lincoln Road,ArtCenter/ South Florida Vitrine Window Space,11/18/2011,"Come view the new drawings and paintings of artist, Stephanie Rodriguez called Monster Mash. Her series is a collection of drawings and paintings inspired by classic horror movies and literature. Located in the Vitrine Window Display, ArtCenter/ South Florida, 924 Lincoln Road, Miami Beach.</p>			</p>    			<br><br>",25.7905114,10/08/2010,http://www.artscalendar.com/event/detail/440915537/Monster_Mash_Art_of_the_Macabre,"Monster Mash, Art of the Macabre"
,-80.147971,http://www.artscalendar.com/sites/artscalendar.com/images/event/440899024/imax_hubble3d02_medium.jpg,FL,Fort Lauderdale,401 Southwest Second Street,Museum of Discovery and Science,05/31/2011,"In Hubble 3D, audiences will be able to float in space alongside the astronauts as they perform the repairs and upgrades to the telescope, and then fly to the edge of the universe, through its first new images. Hubble&rsquo;s incredible legacy changes the way we see and think about the universe, and it is an honor to give people a chance to experience its breath-taking images in IMAX 3D. The IMAX 3D camera, which flew onboard the Space Shuttle Atlantis, captured stunning 3D images of the intricate spacewalks required to service the telescope during the most recent mission last May. Shot by the STS-125 astronauts, this intimate look at the complexities of repairing the telescope will put IMAX audiences right there along-side the spacewalking astronauts. Hubble 3D will combine this awe-inspiring IMAX footage with breathtaking up-close imagery of distant galaxies, the birth of stars and planets, and more - revealing the cosmos as never before. Hubble 3D has been generously sponsored locally by The Arthur F. and Alice E. Adams Foundation.</p>			</p>    			<br><br>",26.120993,09/03/2010,http://www.artscalendar.com/event/detail/440899024/HUBBLE_3D,HUBBLE 3D
,-80.147971,http://www.artscalendar.com/sites/artscalendar.com/images/event/440899025/arabia_poster_medium.jpg,FL,Fort Lauderdale,401 Southwest Second Street,Museum of Discovery and Science,05/31/2011,"Steeped in ancient history and unique customs not found anywhere else in the world, Arabia mystifies us, shimmering like a desert mirage. For more than 2,000 years, its people have flourished in one of the harshest environments on the planet. Yet little is known about its fascinating culture which has remained hidden from the West for far too long. Now, with the full force of IMAX&reg; 3D cinematography, Arabia takes viewers deep into the heart of this exotic land where they&rsquo;ll experience firsthand the mystique of Arabia both past and present. Like visitors on a magic carpet ride, audiences will discover the lost city of Madain Saleh and explore its ancient tombs; they will travel with a camel caravan along the early frankincense trade route; they will share in the lamp-lit warmth of a Bedouin family tent and travel back in time to the Islamic Golden Age when Arabian science and scholarship flourished; and they will survive a desert sandstorm and dive the coral reefs and ancient shipwrecks of the dazzling Red Sea.</p>			</p>    			<br><br>",26.120993,09/03/2010,http://www.artscalendar.com/event/detail/440899025/ARABIA_3D,ARABIA 3D
,-80.147971,http://www.artscalendar.com/sites/artscalendar.com/images/event/440899026/dinosaurs-3d_medium.jpg,FL,Fort Lauderdale,401 Southwest Second Street,Museum of Discovery and Science,05/31/2011,"Dinosaurs are among the most fascinating animals to have ever walked the Earth. We are captivated by their size and intrigued that they disappeared millions of years ago. Dinosaurs: Giants of Patagonia 3D will take a unique 3D journey to Patagonia in southern Argentina to discover the world of the largest known dinosaurs. Done in close collaboration with the foremost paleontologists, the film creates highly realistic computer generated 3D footage of the giant dinosaurs, Giganotosaurus and Argentinosaurus.</p>			</p>    			<br><br>",26.120993,09/03/2010,http://www.artscalendar.com/event/detail/440899026/DINOSAURS_GIANTS_OF_PATAGONIA_3D,DINOSAURS: GIANTS OF PATAGONIA 3D
LindaSchaller@bonnethouse.org,-80.104465,http://www.artscalendar.com/sites/artscalendar.com/images/org/220002243/bonnet_medium.jpg,FL,Fort Lauderdale,900 North Birch Road,Bonnet House Museum and Gardens,03/14/2011,"Island Theater, Mondays<br> <br> Reservations Required (954) 563-5393 x 137<br> <br> Nov 8, 2010<br> 6:30-8:00pm<br> Conservator Marsha Schloesser<br> History &amp; Preservation of Carousel Animals<br> <br> Jan 10, 2011<br> 10-11:30am<br> J. Kent Planck<br> Hugh Taylor Birch &quot;The Big Boss&quot;<br> <br> Feb 7, 2011<br> 6:30-8:00pm<br> Bonnet House Curator, Stephen Draft<br> Transformation of Bonnet House in the 1930s<br> <br> Mar 14, 2011<br> 10-11:30am Helen Landers, Broward County Historian &amp; Denyse Cunningham, Curator Broward County Historical Commission &amp; Museum<br> Life in Fort Lauderdale 1911-1920 <br> &nbsp;</p>			</p>    			<br><br>",26.135141,11/08/2010,http://www.artscalendar.com/event/detail/440922210/Bonnet_House_Lecture,Bonnet House Lecture
,,http://www.artscalendar.com/sites/artscalendar.com/images/event/440828802/fancy_medium.jpg,FL,Fort Lauderdale,2400 Civic Center Place,Miramar Cultural Center,04/16/2011,"Fancy Nancy &amp; Other Storybooks, a musical revue based on popular children's literature. Six delightful stories come to life in Theatreworks USA's musical revue Fancy Nancy &amp; Other Storybooks . Performed by a five-member cast who portray dozens of characters throughout the show, the stories represent various issues, themes and ideas relevant to a broad and diverse audience of children. Books featured in the show include: FANCY NANCY - Nancy just doesn't understand why she's the only one who appreciated the value of frilly accessories and a prodigious vocabulary. It's time to teach her family how to be fancy! BABYMOUSE, THE MUSICAL - Curtain up, light the lights! Will the irresistible, irrepressible Babymouse win the lead in the school musical or will Felicia Furrypaws steal the show? DUCK FOR PRESIDENT - The winds of change are blowing, and a politically ambitious Duck is leading the revolution! But can he bring a new bill to Capitol Hill? I HAVE TO GO! - Andrew insists that he doesn't need to use the restroom, but once he's zipped, snapped, buttoned, and buckled in the backseat, he hears the call of nature. LEONARDO, THE TERRIBLE MONSTER - Though he isn't big and he can't seem to frighten anyone, Leonardo just knows he can scare the tuna salad out of the biggest scaredy-cat. PIRATES DON'T CHANGE DIAPERS -- When Jeremy Jacob's old seafaring mateys show up to claim a buried treasure, they wake up his little sister, and the whole piratical crew must go on.</p>			</p>    			<br><br>",,04/16/2011,http://www.artscalendar.com/event/detail/440828802/Fancy_Nancy_and_Other_Storybooks,Fancy Nancy and Other Storybooks
,-80.2265545,http://www.artscalendar.com/sites/artscalendar.com/images/event/440828801/frog_medium.jpg,FL,Fort Lauderdale,3100 Ray Ferrero Junior Boulevard,Rose and Alfred Miniaci Performing Arts Center,04/24/2011,"Stages Productions magical tale of The Frog Prince comes to life with its timeless lessons of compassion, keeping promises, and true beauty. This powerful musical cleverly mixes these vital themes with great songs, comedy, dancing, and just enough romance to create a memorable experience for the whole family. Join the enchanted frog, the beautiful princess, and the entire kingdom as they learn that &quot;you can't judge a book by its cover, and you can't judge a frog by his warts!&quot;</p>			</p>    			<br><br>",26.0695412,04/24/2011,http://www.artscalendar.com/event/detail/440828801/Frog_Prince,Frog Prince
stranahan1@aol.com,-80.13746,http://www.artscalendar.com/sites/artscalendar.com/images/org/220014809/indexhouse_medium.gif,FL,Fort Lauderdale,335 South East Sixth Avenue at Las Olas Boulevard,Stranahan House,05/01/2011,Participants will be introduced to the spirits that dwell in the Historic Stranahan House. You will hear the results of the Paranormal Investigations held in this House Museum. You will take a boat ride down the New River while listening to stories of the the colorful characters that once lived along the banks of the New River.</p>			</p>    			<br><br>,26.11852,05/16/2010,http://www.artscalendar.com/event/detail/440742585/River_Ghost_Tour,River Ghost Tour
,-80.149426,http://www.artscalendar.com/sites/artscalendar.com/images/event/440828800/pooh_medium.jpg,FL,Fort Lauderdale,201 Southwest 5th Avenue,Broward Center for the Performing Arts,05/01/2011,"Join Christopher, and his best friend Pooh, and the whole animal crew for a delightful, eye-opening adventure told with the hands and voices of the deaf and hearing actors. Follow Pooh and Piglet on a Heffalump hunt, watch the Rabbit scheme to rid the forest of Kanga's dreaded bathtub, and help Eeyore search for his tail. Along the way you just might pick up a few lessons of friendship, loyalty and acceptance. Featuring the brilliant talent of Sign Stage on Tour in its 15th touring year, this family production is signed and spoken simultaneously.<br> &nbsp;</p>			</p>    			<br><br>",26.1193,05/01/2011,http://www.artscalendar.com/event/detail/440828800/Winne_the_Pooh,Winne the Pooh
,,http://www.artscalendar.com/sites/artscalendar.com/images/event/440828799/butterfly_medium.jpg,FL,Fort Lauderdale,2400 Civic Center Place,Miramar Cultural Center,05/02/2011,"Triumph of the human spirit, this play shares the hopes, the fears, and the beauty of the children of Terezin. Over 15,000 Jewish children passed through Terezin Concentration Camp during World War II in which fewer than 100 survived. Their true story, told through the artwork and poetry they left behind, creates a compelling picture of defiance and of vibrant life!</p>			</p>    			<br><br>",,05/02/2011,http://www.artscalendar.com/event/detail/440828799/I_Never_Saw_Another_Butterfly_,I Never Saw Another Butterfly
,-80.196719,http://www.artscalendar.com/sites/artscalendar.com/images/event/440828797/pooh_medium.jpg,FL,Miami,11300 Northeast Second Avenue,Broad Center for the Performing Arts,05/04/2011,"5/4/2011<br> Amaturo Theater<br> Join Christopher, his best friend Pooh, and the whole animal crew for a delightful, eye-opening adventure told with the hands and voices of the deaf and hearing actors.</p>			</p>    			<br><br>",25.878502,05/04/2011,http://www.artscalendar.com/event/detail/440828797/Winnie_the_Pooh,Winnie the Pooh
,-80.136172,http://www.artscalendar.com/sites/artscalendar.com/images/event/440828796/doktor_medium.jpg,FL,Fort Lauderdale,707 Northeast Eighth Street,Broward Center for the Performing Arts  &gt; Parker Playhouse,05/05/2011,"Docktor Kaboom! takes his audience on an amazing educational tour of the modern scientific method, using humor and comedy while demonstrating spectacular applications of the physical sciences.</p>			</p>    			<br><br>",26.134246,05/05/2011,http://www.artscalendar.com/event/detail/440828796/Doktor_Kaboom_,Doktor Kaboom!
,-80.134567,http://www.artscalendar.com/sites/artscalendar.com/images/event/440828794/doktor_medium.jpg,FL,Aventura,3385 NE 188th Street,Aventura Art and Cultural Center,05/06/2011,"Doktor Kaboom! is an interactive performance that creatively blends theatre arts with the wonders of scientific exploration. Join him for a sidesplitting journey of increasingly spectacular, and often successful, experiments and demonstrations. Docktor Kaboom! takes his audience on an amazing educational tour of the modern scientific method, using humor and comedy while demonstrating spectacular applications of the physical sciences.</p>			</p>    			<br><br>",25.949623,05/06/2011,http://www.artscalendar.com/event/detail/440828794/Doktor_Kaboom,Doktor Kaboom!
,,http://www.artscalendar.com/sites/artscalendar.com/images/event/440828795/caps4_medium.jpg,FL,Fort Lauderdale,2400 Civic Center Place,Miramar Cultural Center,05/06/2011,Hudson Vagabond Puppets uses bunraku puppetry to act out the familiar story of the cap salesman who falls asleep under a under a 10-foot tall canopy of trees and wake up without his wares!</p>			</p>    			<br><br>,,05/06/2011,http://www.artscalendar.com/event/detail/440828795/Caps_for_Sale_,Caps for Sale
,-80.2265545,http://www.artscalendar.com/sites/artscalendar.com/images/event/440828793/caps_medium.jpg,FL,Fort Lauderdale,3100 Ray Ferrero Junior Boulevard,Rose and Alfred Miniaci Performing Arts Center,05/07/2011,"Hudson Vagabond Puppets uses bunraku puppetry to act out the familiar story of the cap salesman who falls asleep under a under a 10-foot tall canopy of trees and wake up without his wares! The second act is the story of three increasingly large billy-goats, attempting to cross a bridge in defiance of an obnoxious ogre. The production involves creative extensions of the stories that make the audience part of the action! <br> &nbsp;</p>			</p>    			<br><br>",26.0695412,05/07/2011,http://www.artscalendar.com/event/detail/440828793/Caps_4_SaleThree_Billy_Goats_,Caps 4 Sale/Three Billy Goats
,-80.134567,http://www.artscalendar.com/sites/artscalendar.com/images/event/440828792/stuart_medium.jpg,FL,Aventura,3385 NE 188th Street,Aventura Art and Cultural Center,05/14/2011,"Theatre IV, the nation's second largest touring theatre for young audiences, will present Stuart Little. From the loving heart of E. B. White, author of Charlotte's Web, comes this merry musical about a noble mouse that jumps headlong into adventures big enough to match any imagination. By turns funny, tender and exciting, Stuart Little mixes gorgeous child-size puppets with live actors to work theatrical magic.</p>			</p>    			<br><br>",25.949623,05/14/2011,http://www.artscalendar.com/event/detail/440828792/Stuart_Little,Stuart Little
,-80.2109582,http://www.artscalendar.com/sites/artscalendar.com/images/event/440360402/440360402img1_medium.jpg,FL,Fort Lauderdale,5710 Seminole Way,Ah-Tah-Thi-Ki Museum,10/16/2011,The Ah-Tah-Thi-Ki Museum will present an exhibit with great historical significance. The exhibit will let you explore the Arms of the Seminole Wars. The museum houses some of the most unique and well preserved weaponry from the time periods of 1817-1858. This exhibit will focus on the changing technology of weaponry and how these advancements shaped the Seminole Wars.</p>			</p>    			<br><br>,26.0503733,02/02/2011,http://www.artscalendar.com/event/detail/440360402/Arms_of_the_Seminole_Wars,Arms of the Seminole Wars
,-80.130204,http://www.artscalendar.com/sites/artscalendar.com/images/event/440008445/franzjosef_medium.jpg,FL,Miami Beach,2121 Park Avenue,Bass Museum of Art,01/01/2037,"The Austrian works in the Bass collection have been called the most representative group of works from ""The Golden Age of Emperor Franz Joseph."" John Bass's father had been a counselor to Franz Joseph, whose long reign over the Austro-Hungarian Empire encompassed the end of the Biedermeier period.  Re-opening August 14th, the exhibition will be on view in a newly-installed period room in the style of mid-nineteenth century Austria.    Throughout the course of amassing his collection, works by Hans Makart, Eugene Jettel, Eduard Veith - to name only a few represented in the exhibition - appealed to John Bass on a personal level as these were works by artists he had known from a very young age.  The Austrian art in the Bass collection provides the most personal view of John Bass, a Viennese expatriate who came to live in the United States but who never completely forgot his homeland.    Exhibit Location:  Henri and Flore Lesieur Pavilion  			</p>    			<br><br>",25.7975603,08/22/2007,http://www.artscalendar.com/event/detail/440008445/Austrian_Art_The_Golden_Age_of_Emperor_Franz_Joseph,Austrian Art: The Golden Age of Emperor Franz Joseph
,-80.1322113,http://www.artscalendar.com/sites/artscalendar.com/images/event/440069020/naomi_medium.jpg,FL,Miami Beach,1205 Washington Avenue,World Erotic Art Museum,01/01/2037,"Naomi Wilzig, 70, has accumulated 4,000 pieces of erotic art over thirteen years.  Her collection includes biblical, mythological, oriental, ethnographic, neo-classical, European 17th to 20th century, alternative lifestyles, contemporary classes and much, much more!  			</p>    			<br><br>",25.7830273,08/22/2007,http://www.artscalendar.com/event/detail/440069020/The_Naomi_Wilzig_Collection,The Naomi Wilzig Collection
,-80.130204,http://www.artscalendar.com/sites/artscalendar.com/images/event/440073372/the_tournament_prev_medium.jpg,FL,Miami Beach,2121 Park Avenue,Bass Museum of Art,01/01/2037,"The Bass Museum has the most encyclopedic art collection in the region that includes some 3,000 works of art that are displayed on a rotating basis.  The signature piece of the Bass Museum collection, The Coronation of the Virgin is on permanent display at the top of the museum's Grand Ramp, designed by Arata Isozaki.  The fifteenth century large scale altarpiece, attributed to Sandro Botticelli and Domenico Ghirlandaio, is one of the two altarpieces originally in the Camaldolese Badia of San Giusto e San Clemente, Volterra, described by Vasari in his Life of Ghirlandaio.     This work represents Botticelli's and Ghirlandaio's only known collaboratively produced panel painting, and the only surviving example of their shared participation in the design and execution of a single composition.  This altarpiece was painted in the artists' joint residence near Volterra during the year they worked together on frescos for Lorenzo il Magnifico in his villa at Spedaletto.  This altarpiece is also important as the last major work of Ghirlandaio's career.     Exhibit Location:  Grand Ramp    			</p>    			<br><br>",25.7975603,08/22/2007,http://www.artscalendar.com/event/detail/440073372/Treasures_from_the_Bass_Museum_of_Art,Treasures from the Bass Museum of Art
,-80.106958,http://www.artscalendar.com/sites/artscalendar.com/images/event/440615097/little_pamona_medium.jpg,FL,Fort Lauderdale,One East Las Olas Boulevard,Museum of Art | Fort Lauderdale - Nova Southeastern University,01/01/2037,"In 1978, Dr. Meyer and Golda Marks donated a collection of nearly 1,500 works from their favorite collecting focus &ndash; works in all media from the Northern European mid-twentieth century CoBrA movement &ndash; to the Museum of Art ?Fort Lauderdale. A very generous and significant donation for this institution, the collection is considered the largest devoted to CoBrA in the United States. The name CoBrA is an acronym of the first letters of three of the central cities associated with this movement &ndash; Copenhagen, Brussels and Amsterdam.</p>			</p>    			<br><br>",26.1182209,02/24/2010,http://www.artscalendar.com/event/detail/440615097/The_Many_Faces_of_CoBrA_,The Many Faces of CoBrA
,-80.106958,http://www.artscalendar.com/sites/artscalendar.com/images/event/440615098/william_glackens_1_medium.jpg,FL,Fort Lauderdale,One East Las Olas Boulevard,Museum of Art | Fort Lauderdale - Nova Southeastern University,01/01/2037,"When Ira Glackens, son of American impressionist William Glackens, died in 1991, he left his substantial collection of works by his father to the Museum of Art | Fort Lauderdale. <br> <br> The original donation included more than two hundred works in a variety of media, later supplemented by another 300 works given by the Sansom Foundation, a nonprofit organization founded by Ira and Nancy Glackens in the 1950s to oversee their art interests. <br> <br> The Glackens Collection ranges from the artist&rsquo;s earliest known painting (Philadelphia Landscape, from 1893) to his last completed canvas (White Rose and Other Flowers, from 1937). The collection also includes works by such contemporaries of William Glackens as Maurice Prendergast, Ernest Lawson, and John Sloan.</p>			</p>    			<br><br>",26.1182209,02/24/2010,http://www.artscalendar.com/event/detail/440615098/The_Spectacle_of_Life_The_Art_of_William_Glackens_,The Spectacle of Life: The Art of William Glackens
,-80.106958,http://www.artscalendar.com/sites/artscalendar.com/images/event/440615099/indigo_room2_medium.jpg,FL,Fort Lauderdale,One East Las Olas Boulevard,Museum of Art | Fort Lauderdale - Nova Southeastern University,01/01/2037,"This installation from the heart and hands of Duval-Carri&eacute; bespeaks his ineradicable connection to the island of his birth. Knowledgeable about Vodou since childhood, the artist incorporates the religion&rsquo;s theatrical sacred personages as players in his visual dramas of upheaval and transcendence. Migration out of Haiti, with consequences for the country left behind, is a persistent theme.</p>			</p>    			<br><br>",26.1182209,02/24/2010,http://www.artscalendar.com/event/detail/440615099/The_Indigo_Room_or_Is_Memory_Water_Soluble_,The Indigo Room or Is Memory Water Soluble
,-80.106958,http://www.artscalendar.com/sites/artscalendar.com/images/event/440615100/barr_38_medium.jpg,FL,Fort Lauderdale,One East Las Olas Boulevard,Museum of Art | Fort Lauderdale - Nova Southeastern University,01/01/2037,"Names for this body of work have changed over the decades. Charles Biederman (1906 &ndash; 2004), one of the best known artists represented here, used the term constructionism to describe his work, something related to and yet distinct from the Russian avant-garde art movement of the 1910s and 1920s known as constructivism. Later, the term structurism was used. By the late 1970s, however, Biederman settled on the simpler term: new art.</p>			</p>    			<br><br>",26.1182209,02/24/2010,http://www.artscalendar.com/event/detail/440615100/Constructed_Reliefs_from_the_Maurice_and_Sarah_Lipschultz_Collection_,Constructed Reliefs from the Maurice and Sarah Lipschultz Collection
,-80.106958,http://www.artscalendar.com/sites/artscalendar.com/images/event/440615101/marca_relli_3_medium.jpg,FL,Fort Lauderdale,One East Las Olas Boulevard,Museum of Art | Fort Lauderdale - Nova Southeastern University,01/01/2037,"In the late 1940s, following the end of World War II, a group of artists living in downtown New York created an informal gathering place they called the Eighth Street Club. Conrad Marca-Relli was one of the founding members along with Willem and Elaine DeKooning, Mark Rothko, Robert Motherwell and Barnet Newman, all hailed as pioneers of Abstract Expressionism, the first internationally recognized art movement to originate in North America. Drawing on the artists&rsquo; unconscious and individual abstract styles, Abstract Expressionist painting is characterized by uniform all-over composition and significant scale. Marca-Relli&rsquo;s contribution&mdash;here exemplified by Night Rider (1959) &mdash; was to raise the medium of collage to the scale and complexity associated with the painting of this ground-breaking movement.</p>			</p>    			<br><br>",26.1182209,02/24/2010,http://www.artscalendar.com/event/detail/440615101/Conrad_MarcaRelli_,Conrad Marca-Relli
,-80.104465,http://www.artscalendar.com/sites/artscalendar.com/images/event/440501961/articles_18_medium.jpg,FL,Fort Lauderdale,900 North Birch Road,Bonnet House Museum and Gardens,02/24/2011,"Experience this concert under the stars on the beautiful Bonnet House Estate with wine, canapes, coffee and dessert included in the price</p>			</p>    			<br><br>",26.135141,02/24/2011,http://www.artscalendar.com/event/detail/440501961/Young_Artist_Music_Series_Florida_Grand_Opera,Young Artist Music Series - Florida Grand Opera
,-80.149426,http://www.artscalendar.com/sites/artscalendar.com/images/event/440921101/turandot_medium.jpg,FL,Fort Lauderdale,201 Southwest 5th Avenue,Broward Center for the Performing Arts,02/24/2011,"Nessun dorma, have made Turandot more popular than ever. The story of the conversion of an ice princess through the power of love, placed in ancient Peking, provides the essential elements for grand opera - passion, dramatic tension, an exotic locale.</p> <p>Puccini gifts us with one glorious aria and ensemble after another. The richness of melody and the sumptuousness of the orchestral music are the stuff that creates opera fans for life.</p> <p>&nbsp;</p>			</p>    			<br><br>",26.1193,02/24/2011,http://www.artscalendar.com/event/detail/440921101/Turandot_Opera_International,Turandot - Opera International
,-80.236163,http://www.artscalendar.com/sites/artscalendar.com/images/event/440911683/scherperl_1_crop_medium.jpg,FL,Fort Lauderdale,3501 South West Davie Road,Bailey Concert Hall,02/26/2011,"The Broward Symphony Orchestra will be performing classical works under the baton of Zoe Zeniodi. Visit www.browardsymphony.com for more information.<br> <br> <br> <br> Saturday, February. 26th, 2011 at 8:00pm <br> <br> o Works to include &quot;Exultate Jubilate&quot; (Mozart) and world premiere of &quot;Through a glass darkly&quot; (Sleeper)<br> <br> &nbsp;</p>			</p>    			<br><br>",26.081211,02/26/2011,http://www.artscalendar.com/event/detail/440911683/Broward_Symphony_Orchestra,Broward Symphony Orchestra
,-80.2265545,http://www.artscalendar.com/sites/artscalendar.com/images/event/440921104/kurt_medium.jpg,FL,Fort Lauderdale,3100 Ray Ferrero Junior Boulevard,Rose and Alfred Miniaci Performing Arts Center,02/26/2011,"Kurt Peterson and Victoria Mallory first appeared on the Broadway stage in the summer of 1968 when they charmed the city with their poignant portrayals of 'Tony' and 'Maria' in the highly acclaimed Lincoln Center production of West Side Story.</p> <p>Join us as they take the stage performing Twilight Notes at the Rose and Alfred Miniaci Performing Arts Center at Nova Southeastern University. The concert will include songs and anecdotes from Peterson and Mallory's early years on Broadway in West Side Story, Follies, Dear World, A Little Night Music, Sondheim: A Musical Tribute and many others.</p> <p>VIP tickets include a post event reception which the artist will attend.</p> <p>&nbsp;</p>			</p>    			<br><br>",26.0695412,02/26/2011,http://www.artscalendar.com/event/detail/440921104/Kurt_Peterson_Victoria_Mallory,Kurt Peterson & Victoria Mallory
,-80.149426,http://www.artscalendar.com/sites/artscalendar.com/images/event/440921103/dan_medium.jpg,FL,Fort Lauderdale,201 Southwest 5th Avenue,Broward Center for the Performing Arts,02/26/2011,"ArtsUnited is proud to present sex advice columnist, author, journalist, pundit, and political humorist Dan Savage in &quot;Savage Love,&quot; as the finale performance of ArtExplosion 11 Int'l LGBT Arts Festival.</p> <p>Savage's sex advice column, &quot;Savage Love,&quot; first appeared in 1991, in the first issue of The Stranger, a Seattle news weekly. The once-a-week column is funny, informative, outrageous, and now syndicated to better alternative weeklies across America.</p> <p>Savage's frank discussion of sexuality, political insight, and cultural commentary has often been the subject of controversy, both with traditional conservatives and the &quot;gay establishment&quot;; but the humor and perspective with which it is delivered has made Savage a popular media pundit. Savage is currently a contributor to &quot;This American Life,&quot; an hour-long radio show, as well as a frequent contributor to Out magazine and a &quot;Real Time Real Reporter&quot; on HBO's Real Time with Bill Maher. The &quot;Savage Lovecast&quot; is a weekly audio podcast based on Savage's column.</p> <p>Savage is also the author of The Commitment: Love, Sex, Marriage, and My Family, Skipping Towards Gomorrah: The Seven Deadly Sins And The Pursuit Of Happiness In America, Savage Love: Straight Answers from America's Most Popular Sex Columnist, and The Kid: What Happened After My Boyfriend and I Decided to Go Get Pregnant. The latter book tells how Savage and his boyfriend adopted their son from his willing mother, a &quot;spare-changing gutter punk&quot; and is the inspiration for the upcoming musical from the producers of Avenue Q. <br> &nbsp;</p>			</p>    			<br><br>",26.1193,02/26/2011,http://www.artscalendar.com/event/detail/440921103/ArtExplosion_Finale_Starring_Dan_Savage,ArtExplosion Finale - Starring Dan Savage
,-80.142496,http://www.artscalendar.com/sites/artscalendar.com/images/org/220000967/allmediahacc-postcarda_medium.jpg,FL,Hollywood,1770 Monroe Street,Hollywood Central Performing Arts Center,02/26/2011,"The Art and Culture Center of Hollywood offers private piano, guitar, and voice instruction for students of all ages. These one-on-one lessons give students the ability to progress at their own pace, allowing them to gain full understanding of musical techniques, notes, vocabulary and music appreciation. No prior experience required. Guitar and piano students that take 10 or more classes will be invited to participate in our Spring Recital.<br> <br> <br> <br> <br> <br> Classes take place at the Hollywood Central Performing Arts Center, 1770 Monroe Street (US-1 and Monroe) or other affiliated Center locations. <br> <br> <br> <br> <br> <br> Guitar and piano lessons: Children, teens and adults.<br> <br> <br> Voice lessons: Children and teens.<br> <br> <br> Lessons by appointment.</p>			</p>    			<br><br>",26.007848,10/02/2010,http://www.artscalendar.com/event/detail/440941965/Piano_Guitar_and_Voice_Private_Instruction_,"Piano, Guitar and Voice Private Instruction"
,-80.134567,http://www.artscalendar.com/sites/artscalendar.com/images/event/440921097/zero_medium.jpg,FL,Aventura,3385 NE 188th Street,Aventura Art and Cultural Center,02/27/2011,"Mazel Musicals, Inc. and the Broward Center for the Performing Arts present Zero Hour. Set in theatre legend Zero Mostel's painting studio on West 28th Street, a na&iuml;ve reporter attempts to interview the famously volatile artist, prompting an explosion of memory, humor, outrage and juicy backstage lore.</p> <p>Mostel is remembered for his comedic genius and his definitive roles, but in the 1950's, he was equally known for his place on the infamous Hollywood blacklist. Directed by three-time Oscar-nominated film star Piper Laurie, Jim Brochu's striking portrayal brings all of Mostel's swagger, ferocity, intelligence and fantastic wit back to the stage in this volcanic tour-de-force.<br> &nbsp;</p>			</p>    			<br><br>",25.949623,02/16/2011,http://www.artscalendar.com/event/detail/440921097/Zero_Hour,Zero Hour
,-80.136172,http://www.artscalendar.com/sites/artscalendar.com/images/placeholder.png,FL,Fort Lauderdale,707 Northeast Eighth Street,Broward Center for the Performing Arts  &gt; Parker Playhouse,02/27/2011,"It's a life lived out loud in this exhilarating new musical about &quot;The First Lady of Song,&quot; Ella Fitzgerald.</p> <p>This theatrical event weaves myth, memory and music as it tells the uplifting and poignant story of one of the greatest jazz/pop vocalists of 20th century music.</p> <p>It's 1966 and the fabled songstress is preparing for one of the most important concerts of her career. As she jams with the musicians (including famed trumpeter Louis Armstrong) and gets ready to meet the audience, Ella reflects on her life, her secrets and the love of music that made her soar. <br> &nbsp;</p>			</p>    			<br><br>",26.134246,02/24/2011,http://www.artscalendar.com/event/detail/440921102/Ella,Ella
tickets@pbopera.org,-80.061103,http://www.artscalendar.com/sites/artscalendar.com/images/event/440900529/fincosi_medium.jpg,FL,West Palm Beach,701 Okeechobee Boulevard,Kravis Center for the Performing Arts,02/28/2011,Two young men boast that their fiances will be faithful. Their cynical friend makes a bet that the women will stray. Mischief and hilarity ensue as the womens fidelity is put to the test.<br> <br> Sung in Italian with English Supertitles<br> <br> Fiordiligi: Sabina Cvilak (2/25 &amp; 2/27) / Caitlin Lynch (2/26 &amp; 2/28)<br> Dorabella: Jurgita Adamonyte (2/25 &amp; 2/27) / Patricia Risley (2/26 &amp; 2/28)<br> Ferrando: Norman Shankle (2/25 &amp; 2/27) /Joel Prieto (2/26 &amp; 2/28)<br> Guglielmo: David Adam Moore (2/25 &amp; 2/27) / Andrew Schroeder (2/26 &amp; 2/28)<br> Despina: Abigail Nims<br> Don Alfonso: Matteo Peirone<br> <br> Conductor: Gianluca Martinenghi<br> Director: Stephen Lawless</p>			</p>    			<br><br>,26.706872,02/25/2011,http://www.artscalendar.com/event/detail/440900529/COSI_FAN_TUTTE_by_WA_Mozart,COSI FAN TUTTE by W.A. Mozart
,-80.149426,http://www.artscalendar.com/sites/artscalendar.com/images/event/440921105/itz_medium.jpg,FL,Fort Lauderdale,201 Southwest 5th Avenue,Broward Center for the Performing Arts,02/28/2011,"See why the Toronto Star says, &quot;Itzhak Perlman wows the crowd... the applause was thunderous... for warmth of tone and generosity of spirit he remains without peer.&quot;</p> <p>The world falls in love with music when Itzhak Perlman takes up his violin. A superstar by any standard and a rarity in the classical field, Perlman has taken hold of the public imagination as few violin virtuosos ever have, bringing joy to millions with his playing. Beloved for his charm and humanity as well as his flawless technique, Perlman never fails to bring audiences to their feet. His adventurous repertory encompasses everything from the major classical works for the violin to some of the most challenging and exciting music of today. A master of baroque, classical, romantic and modern music, he also has lavished his intensely joyful string sounds on everything from the brave old world of klezmer to the limitless frontiers of jazz and beyond, with a mastery that moves classical music lovers and new audiences alike.</p> <p>Now, the 4-time Emmy and 15-time Grammy Award winner returns to the Broward Center stage as part of the Broward Center's 2010-11 Classical Series with a solo recital of audience favorites.<br> &nbsp;</p>			</p>    			<br><br>",26.1193,02/28/2011,http://www.artscalendar.com/event/detail/440921105/Itzhak_Perlman_,Itzhak Perlman
,-80.149426,http://www.artscalendar.com/sites/artscalendar.com/images/event/440921106/sima_medium.jpg,FL,Fort Lauderdale,201 Southwest 5th Avenue,Broward Center for the Performing Arts,03/03/2011,"Praised for &quot;powerful&quot; and &quot;heartfelt&quot; interpretations of classical and ethnic repertoire, the Sima Trio is quickly becoming one of the leading young trios of its generation. In this chamber series, the musicians will perform Miami's own composer extraordinaire Zwilich's Septet for Piano Trio and String Quartet. From contemporary to classic, the virtuosi turn toward Bach's Brandenburg Concerto No. 3, a kaleidoscope of Italian-influenced harmony and rhythm and Brahms's Sextet No. 2, one of the best-loved works in the chamber music repertoire.</p> <p>&nbsp;</p>			</p>    			<br><br>",26.1193,03/03/2011,http://www.artscalendar.com/event/detail/440921106/Sima_Trio_South_Florida_Symphony,Sima Trio - South Florida Symphony
,-80.140314,http://www.artscalendar.com/sites/artscalendar.com/images/event/440862076/ethan_medium.jpg,FL,Hollywood,1650 Harrison Street,Art and Culture Center of Hollywood,03/06/2011,"At age nine, Ethan is taking the entertainment world by storm with an amazing talent well beyond his years. The young pianist and composer seamlessly brings to life some of music&rsquo;s most well known classics and biggest hits from every era and genre, entertaining crowds with a repertoire that spans from Bach and Mozart to disco, jazz, pop, and rock songs. Witness the musical virtuosity of Ethan Bortnick as he delivers a trip through music&rsquo;s rich history and introduces some of his very own compositions, including the entertaining and inspiring stories behind his original songs. As motivating as they are entertaining, his concerts captivate both kids and adults while reminding the audience that &ldquo;anything is possible.&rdquo; This is a rare opportunity to experience a uniquely gifted musician and entertainer in a show that&rsquo;s magical and inspiring for all ages!</p>			</p>    			<br><br>",26.010378,03/05/2011,http://www.artscalendar.com/event/detail/440862076/Ethan_Bortnick_and_His_Musical_Time_Machine,Ethan Bortnick and His Musical Time Machine
,-80.149426,http://www.artscalendar.com/sites/artscalendar.com/images/event/440812895/billallredclassicjazzband_medium.jpg,FL,Fort Lauderdale,201 Southwest 5th Avenue,Broward Ctr for the Perf Arts Amaturo,03/09/2011,"Back by popular demand, the Bill Allred Classic Jazz Band is an incredible ensemble with a reputation for unbelievable power, musical fire, superb individual improvisation, soulful vocals and lots of good musical fun. Originating in Orlando and now in its 20th year, the band is featured at jazz festivals around the country and on numerous jazz cruises. Join Bill and the band for an incredible evening of music from New Orleans to Harlem.</p>			</p>    			<br><br>",26.1193,03/09/2011,http://www.artscalendar.com/event/detail/440812895/From_Basin_Street_to_the_Big_Bands_The_Bill_Allred_Classic_Jazz_Band,From Basin Street to the Big Bands - The Bill Allred Classic Jazz Band
,-80.2265545,http://www.artscalendar.com/sites/artscalendar.com/images/event/440921109/we_four_medium.jpg,FL,Fort Lauderdale,3100 Ray Ferrero Junior Boulevard,Rose and Alfred Miniaci Performing Arts Center,03/12/2011,"We Four is a new band of veteran New York jazz players, all of whom feel a special connection to John Coltrane. The band is composed of tenor saxophonist Javon Jackson, pianist Mulgrew Miller, bassist Peter Washington and drummer Jimmy Cobb. The repertoire will be a jazz lover's delight from that hard-swinging era when so many standards and bluesy compositions were arranged and played so craftily. No band can do it better than this one. <br> &nbsp;</p>			</p>    			<br><br>",26.0695412,03/12/2011,http://www.artscalendar.com/event/detail/440921109/We_Four_Celebrating_John_Coltrane_,We Four - Celebrating John Coltrane
,-80.149426,http://www.artscalendar.com/sites/artscalendar.com/images/event/440921110/valli_medium.jpg,FL,Fort Lauderdale,201 Southwest 5th Avenue,Broward Center for the Performing Arts,03/15/2011,"The Original Jersey Boy. 1967...Frankie Valli &amp; The Four Seasons, with their traditional Italian-American sound, rise to superstar status with nineteen top ten hits &amp; over one hundred million records sold.</p>			</p>    			<br><br>",26.1193,03/15/2011,http://www.artscalendar.com/event/detail/440921110/A_Tribute_To_Frankie_Valli_Florida_Sunshine_Pops,A Tribute To Frankie Valli - Florida Sunshine Pops
,-80.149426,http://www.artscalendar.com/sites/artscalendar.com/images/event/440828810/sir_j_medium.jpg,FL,Fort Lauderdale,201 Southwest 5th Avenue,Broward Center for the Performing Arts,03/17/2011,"One of the world's most beloved classical artists, Sir James Galway brings his magic flute to the Broward Center for an intimate evening of classic flute concertos and highlights from a selection of his favorite pieces looking back over his long, distinguished career.</p> <p>Regarded as both a supreme interpreter of the classical flute repertoire and a consummate entertainer whose appeal crosses all musical boundaries, James Galway has earned both runaway popularity and critical respect. His sparkling stage personality coupled with his extensive touring, frequent television appearances and more than 30 million albums sold date have endeared him to millions of fans worldwide. Don't miss a chance to enjoy the Grammy-award winning flautists perform masterworks and modern-day favorites when he appears in a special concert recital for one night only.<br> &nbsp;</p> <p>Generously underwritten by Micki and Bernie Peck<br> &nbsp;</p>			</p>    			<br><br>",26.1193,03/17/2011,http://www.artscalendar.com/event/detail/440828810/Sir_James_Galway_,Sir James Galway
,-80.136172,http://www.artscalendar.com/sites/artscalendar.com/images/event/440921112/naturally_medium.jpg,FL,Fort Lauderdale,707 Northeast Eighth Street,Broward Center for the Performing Arts  &gt; Parker Playhouse,03/18/2011,"Naturally 7 gives a stunning performance of what they call &quot;vocal play&quot; -- a cappella music that includes uncanny imitations of electric instruments.</p> <p>The distinction between vocal and instrumental falls away during their spiritually influenced set of hip-hop and R&amp;B-tinged covers that include a radical reworking of Phil Collins' In the Air Tonight, renditions of music by Simon and Garfunkel and some of their own hits and gospel remakes!</p> <p>As the opening act for Michael Buble's 2010 Tour, Naturally 7 was met with standing ovations in Europe, the U.K, Canada, Australia and the US.<br> &nbsp;</p>			</p>    			<br><br>",26.134246,03/18/2011,http://www.artscalendar.com/event/detail/440921112/Naturally_7,Naturally 7
,-80.149426,http://www.artscalendar.com/sites/artscalendar.com/images/event/440921114/romantic_medium.jpg,FL,Fort Lauderdale,201 Southwest 5th Avenue,Broward Center for the Performing Arts,03/22/2011,"This romantic evening features Enrique Graf performing Beethoven's Piano Concerto No. 4. Graf was born in Montevideo, Uruguay, and is now an American citizen. He started studying piano at the age of four with his mother. After winning all of the national competitions in Uruguay, he came to the Peabody Conservatory of the Johns Hopkins University to study with Leon Fleisher. Other compositions on the program include Bizet L'Arlesienne Suite No. 1, Glazunov Selections from the Raymonda Ballet and von Weber's Invitation to the Dance.</p>			</p>    			<br><br>",26.1193,03/22/2011,http://www.artscalendar.com/event/detail/440921114/Romantic_Masterpieces,Romantic Masterpieces
,-80.104465,http://www.artscalendar.com/sites/artscalendar.com/images/org/220002243/bonnet_medium.jpg,FL,Fort Lauderdale,900 North Birch Road,Bonnet House Museum and Gardens,03/24/2011,"Experience this concert under the stars on the beautiful Bonnet House Estate with wine, canapes, coffee and dessert included in the price</p>			</p>    			<br><br>",26.135141,03/24/2011,http://www.artscalendar.com/event/detail/440476274/Young_Artist_Music_Series_Frost_School_of_Music,Young Artist Music Series - Frost School of Music
,-80.149426,http://www.artscalendar.com/sites/artscalendar.com/images/event/440828809/madam_medium.jpg,FL,Fort Lauderdale,201 Southwest 5th Avenue,Broward Center for the Performing Arts,03/24/2011,"Japan, early twentieth century. On a flowering terrace above Nagasaki harbor, U.S. Navy Lieutenant B. F. Pinkerton inspects the house he has leased from a marriage broker, Goro, who has just procured him three servants and a geisha wife, Cio-Cio-San, known as Madama Butterfly.<br> <br> <br> &nbsp;</p>			</p>    			<br><br>",26.1193,03/24/2011,http://www.artscalendar.com/event/detail/440828809/Madama_Butterfly,Madama Butterfly
tickets@pbopera.org,-80.061103,http://www.artscalendar.com/sites/artscalendar.com/images/event/440900531/fintosca_medium.jpg,FL,West Palm Beach,701 Okeechobee Boulevard,Kravis Center for the Performing Arts,03/28/2011,"Don't miss Puccini&rsquo;s timeless drama about an idealistic artist, a celebrated diva, and a corrupt police chief entangled in a web of lust, politics, and violence.<br> <br> Sung in Italian with English Supertitles<br> <br> Tosca: Chiara Taigi (3/25 &amp; 3/27) / Tiffany Abban (3/26 &amp; 3/28)<br> Cavaradossi: Riccardo Massi (3/25 &amp; 3/27) / Warren Mok (3/26 &amp; 3/28)<br> Scarpia: Claudio Sgura (3/25 &amp; 3/27)<br> Angelotti: TBD <br> Sacristan: Matteo Peirone<br> <br> Conductor: Bruno Aprea<br> Director: Massimo Gasparon</p>			</p>    			<br><br>",26.706872,03/25/2011,http://www.artscalendar.com/event/detail/440900531/TOSCA_by_Giacomo_Puccini,TOSCA by Giacomo Puccini
,-80.134567,http://www.artscalendar.com/sites/artscalendar.com/images/event/440828805/neil_medium.jpg,FL,Aventura,3385 NE 188th Street,Aventura Art and Cultural Center,04/02/2011,"Rob Garett has headlined at Caesar's Palace, the Sands Hotel and the Tropicana in Las Vegas. He has performed all over the world from London, England to Oslo, Norway and now he is coming to the Aventura Arts &amp; Cultural Center.</p> <p>4/2/2011<br> Aventura Arts &amp; Cultural Ctr<br> &nbsp;</p>			</p>    			<br><br>",25.949623,04/02/2011,http://www.artscalendar.com/event/detail/440828805/Rob_Garett_King_of_Diamonds_A_Neil_Diamond_Tribute_Concert_,"Rob Garett ""King of Diamonds"" - A Neil Diamond Tribute Concert"
,-80.104465,http://www.artscalendar.com/sites/artscalendar.com/images/event/440476268/music_pic_medium.jpg,FL,Fort Lauderdale,900 North Birch Road,Bonnet House Museum and Gardens,04/07/2011,"Experience this concert under the stars on the beautiful Bonnet House Estate with wine, canapes, coffee and dessert included in the price</p>			</p>    			<br><br>",26.135141,04/07/2011,http://www.artscalendar.com/event/detail/440476268/Young_Artist_Music_Series_Florida_Atlantic_University_Department_of_Music,Young Artist Music Series - Florida Atlantic University Department of Music
,-80.2265545,http://www.artscalendar.com/sites/artscalendar.com/images/event/440921115/amina_medium.jpg,FL,Fort Lauderdale,3100 Ray Ferrero Junior Boulevard,Rose and Alfred Miniaci Performing Arts Center,04/09/2011,"South Florida JAZZ will feature one of Europe's most cosmopolitan and sophisticated artists, pianist Amina Figarova, with her international sextet. Here is your chance to discover a treasure and see her in her second South Florida JAZZ performance. The frontline of flute, saxophone and trumpet is renowned throughout the globe. The Amina Figarova Sextet appears courtesy of the Dutch government, which provides transportation to the United States for this engagement.</p> <p>&nbsp;</p>			</p>    			<br><br>",26.0695412,04/09/2011,http://www.artscalendar.com/event/detail/440921115/Amina_Figarova_Sextet_,Amina Figarova Sextet
,-80.149426,http://www.artscalendar.com/sites/artscalendar.com/images/event/440921116/back_by_medium.jpg,FL,Fort Lauderdale,201 Southwest 5th Avenue,Broward Center for the Performing Arts,04/12/2011,"Franc D'Ambrosio, legendary star of Broadway and longest running Phantom of the Opera, Franc will be joined by Rebecca Spencer, Eduardo Aladren and Courtenay Budd for an evening of Broadway and Operatic favorites.</p>			</p>    			<br><br>",26.1193,04/12/2011,http://www.artscalendar.com/event/detail/440921116/Back_by_Popular_Demand_Symphony_of_the_Americas,Back by Popular Demand - Symphony of the Americas
,-80.149426,http://www.artscalendar.com/sites/artscalendar.com/images/event/440812905/turkmauro_medium.jpg,FL,Fort Lauderdale,201 Southwest 5th Avenue,Broward Ctr for the Perf Arts Amaturo,04/13/2011,"Join Eric Allison and members of the Gold Coast Jazz Society Band for a fantastic evening of titan tenor sax jazz. Mauro, a favorite of the local jazz scene, along with Eric Allison, will perform jazz classics of Zoot Sims and Al Cohn, Sonny Stitt and Gene Ammons, and Johnny Griffin and Eddie &quot;Lockjaw&quot; Davis and more.</p>			</p>    			<br><br>",26.1193,04/13/2011,http://www.artscalendar.com/event/detail/440812905/Tenor_Titans_Turk_Mauro_Gold_Coast_Jazz_Society_Band_,Tenor Titans - Turk Mauro & Gold Coast Jazz Society Band
,-80.236163,http://www.artscalendar.com/sites/artscalendar.com/images/event/440911685/scherperl_1_crop_medium.jpg,FL,Fort Lauderdale,3501 South West Davie Road,Bailey Concert Hall,04/30/2011,"The Broward Symphony Orchestra will be performing classical works under the baton of Zoe Zeniodi. Visit www.browardsymphony.com for more information.<br> <br> Saturday, April 30th, 2011 at 8:00pm <br> o Works to include &quot;Mass in C&quot; (Beethoven)<br> <br> &nbsp;</p>			</p>    			<br><br>",26.081211,04/30/2011,http://www.artscalendar.com/event/detail/440911685/Broward_Symphony_Orchestra,Broward Symphony Orchestra
,-80.2265545,http://www.artscalendar.com/sites/artscalendar.com/images/event/440921118/kevin_medium.jpg,FL,Fort Lauderdale,3100 Ray Ferrero Junior Boulevard,Rose and Alfred Miniaci Performing Arts Center,04/30/2011,"Broadway extraordinaire Kevin Spirtas takes the stage at the Rose and Alfred Miniaci Performing Arts Center at Nova Southeastern University.</p> <p>Join us for an electrifying concert as Spirtas takes you on a tour of his career featuring highlights from his Broadway debut to his years as Dr. Craig Wesley on Days of Our Lives. Whether crooning his way through a beautiful ballad or dancing from a plethora of classic Broadway shows, you won't want to miss Spirtas perform selections from A Chorus Line, Phantom Of The Opera, West Side Story, Camelot, Chicago, The Boy From Oz, and many others!</p> <p>VIP tickets include a post event reception which the artist will attend.</p> <p>&nbsp;</p>			</p>    			<br><br>",26.0695412,04/30/2011,http://www.artscalendar.com/event/detail/440921118/Kevin_Spirtas,Kevin Spirtas
,-80.149426,http://www.artscalendar.com/sites/artscalendar.com/images/event/440921119/adam_medium.jpg,FL,Fort Lauderdale,201 Southwest 5th Avenue,Broward Center for the Performing Arts,05/01/2011,"In this dazzling finale, the Symphony invites you to revel in the triumphant spirit of Shostakovich's Festive Overture, a lyrical and vivacious tribute to the 37th anniversary of the 1917 Russian Revolution.</p> <p>Inspiration gives way to enchantment with Symphony No. 5 (Concerto for Orchestra), a celebration of and memorial to composers created by Miami's Pulitzer Prize-winner Ellen Taafe Zwilich. Closing the series, prodigal guest pianist Golka demonstrates his brilliance at the ivories by taking on Tchaikovsky's emotional masterpiece, Piano Concerto No. 1.</p> <p><br> &nbsp;</p>			</p>    			<br><br>",26.1193,05/01/2011,http://www.artscalendar.com/event/detail/440921119/Adam_Golka_South_Florida_Symphony,Adam Golka - South Florida Symphony
,-80.256778,http://www.artscalendar.com/sites/artscalendar.com/images/event/440932321/820652018_fu26s-x3_medium.jpg,FL,Fort Lauderdale,2692 N. University Drive,Kingshead Pub,05/02/2011,"Open Mike (Music) -- Every Other Tuesday!<br> <br> Come, have fun -- and the Pub's food is great, excellent prices!<br> <br> Run by Shauna Sweeney, whose credits include:<br> <br> ~~~ Sunfest Music Festival 2010 (Opening for Matt Nathanson, Jack's Mannequin, &amp; Erin McCarley)<br> <br> ~~~ Season-Long Resident Band for VIP Level Half-Time Performances For UMiami Hurricane football games at Dolphin Stadium<br> <br> ~~~ VIP Room Performance for Dave Matthews Band concert at Cruzan Ampitheatre, West Palm Beach, FL<br> <br> &nbsp;</p>			</p>    			<br><br>",26.157249,10/04/2010,http://www.artscalendar.com/event/detail/440932321/Open_Mike_Kingshead_Pub_Sunrise,"Open Mike, Kingshead Pub, Sunrise"
,-80.149426,http://www.artscalendar.com/sites/artscalendar.com/images/event/440812919/davis&dow_medium.jpg,FL,Fort Lauderdale,201 Southwest 5th Avenue,Broward Ctr for the Perf Arts Amaturo,05/11/2011,"&quot;Julie and Kelly are truly a breath of fresh air in the South Florida music community. With all the chick singers out there in the country I find Julie to be right there with the cream of the crop. She has a great voice, charisma, tasty repertoire and truly loves to entertain,&quot; Stu Grant, host of &ldquo;Jazz Impressions&rdquo; on WXEL FM 90.7. Join guitarist, Kelly Dow, jazz vocalist extraordinaire, Julie Davis and friends as they perform jazz steeped in the tradition of Django Reinhardt, the legendary jazz musician who influenced the hot jazz scene in Paris. A swingin&rsquo; &amp; singin&rsquo; musical event celebrating over 100 years of hot jazz.</p>			</p>    			<br><br>",26.1193,05/11/2011,http://www.artscalendar.com/event/detail/440812919/Hot_House_Swing_Davis_Dow_Jazz_Band_,Hot House Swing - Davis & Dow Jazz Band
,-80.149426,http://www.artscalendar.com/sites/artscalendar.com/images/event/440471035/laffing_medium.jpg,FL,Fort Lauderdale,201 Southwest 5th Avenue,Broward Center for the Performing Arts,05/14/2011,"Laffing Matterz, a live, original, musical comedy revue spoofing current events, returns to Fort Lauderdale at the Broward Center for the Performing Arts. Laffing Matterz combines the best of dinner theater with the hilarity of topical satire in a one of a kind evening that everyone will enjoy.</p>			</p>    			<br><br>",26.1193,10/15/2009,http://www.artscalendar.com/event/detail/440471035/Laffing_Matterz,Laffing Matterz
,-80.2265545,http://www.artscalendar.com/sites/artscalendar.com/images/event/440921121/martin_medium.jpg,FL,Fort Lauderdale,3100 Ray Ferrero Junior Boulevard,Rose and Alfred Miniaci Performing Arts Center,05/14/2011,"Martin Bejerano Trio <br> Cuban-American incendiary and creative pianist, Martin Bejerano, and his New York trio, with bassist Edward Perez and drummer Ludwig Alfonso, will premier Potential Energy Suite, a composition commissioned by Chamber Music America for a grant awarded to him by that organization. Mr. Bejerano is among the fastest rising stars in jazz. He is a fixture in the bands of Russell Malone and the legendary drummer Roy Haynes in addition to leading his own band and following academic pursuits both in New York and Miami. <br> &nbsp;</p>			</p>    			<br><br>",26.0695412,05/14/2011,http://www.artscalendar.com/event/detail/440921121/Martin_Bejerano_Trio_South_Florida_Jazz,Martin Bejerano Trio - South Florida Jazz
,-80.149426,http://www.artscalendar.com/sites/artscalendar.com/images/event/440921120/dongi_medium.jpg,FL,Fort Lauderdale,201 Southwest 5th Avenue,Broward Center for the Performing Arts,05/14/2011,"Considered by many to be the most perfect opera ever written, Mozart's Don Giovanni continues to thrill audiences today as it did at its premiere in 1787. Don Giovanni was the second collaboration between Mozart and librettist Lorenzo Da Ponte following their success with The Marriage of Figaro. Mozart used the story of the infamous lover, Don Juan, to create one of opera's most vivid characters and one of the world's most popular operas.</p> <p>Following his success at the Metropolitan Opera, David Pittsinger returns to Florida Grand Opera to sing a favorite role. He was last seen at FGO as Scarpia in Tosca. Bassbaritone Tom Corbeil joins the cast as the Don's servant Leporello. Andrew Bidlack, who returns as Don Ottavio, made his FGO debut as Almaviva in the 2009/2010 season's The Barber of Seville. Jonathan G. Michie, who first appeared with FGO in Lucia di Lammermoor in 2010 returns as Masetto, and Morris Robinson, who was seen in FGO's 2006 Rigoletto and Aida productions, returns as the Commendatore. The production will be led by conductor Andrew Bisantz.</p>			</p>    			<br><br>",26.1193,05/12/2011,http://www.artscalendar.com/event/detail/440921120/Don_Giovanni_Florida_Grand_Opera,Don Giovanni - Florida Grand Opera
,-80.115776,http://www.artscalendar.com/sites/artscalendar.com/images/event/440932768/soamusicontop1_medium_medium.jpg,FL,Fort Lauderdale,2301 South East 17th Street,Hyatt Regency Pier Sixty-Six,05/15/2011,"The Fort Lauderdale String Quartet of the Symphony of the Americas on the Pier Top!</p> <p>Ready for an unrivaled experience? ...Treat your senses!</p> <p>Listen to the magic of music, Look at the breathtaking panorama, Taste your favorite cocktail, All at Once!</p> <p>You will be caught up in the magic of music - closer than you thought possible, with the feeling that you can almost &quot;touch&quot; it. The intimate setting of Pier Sixty Six is elegant, yet inviting and relaxed...perfect for presenting a string quartet - one of the purest forms of chamber music. Composers throughout the ages chose string quartets to share their deepest emotions without the use of words.<br> &nbsp;</p>			</p>    			<br><br>",26.101865,05/15/2011,http://www.artscalendar.com/event/detail/440932768/Music_On_Top,Music On Top
info@southfloridajubilee.com,-80.2677439,http://www.artscalendar.com/sites/artscalendar.com/images/event/440876771/rob_3665cdiv_medium.jpg,FL,Fort Lauderdale,5350 Southwest 90th Avenue,Pioneer Middle School,05/19/2011,South Florida Jubilee Chorus wants you!! Join us any Thursday to meet new people and sing in harmony using the uniquely American Sweet Adelines International barbershop style. Real Women. Real Harmony. Real Fun.</p>			</p>    			<br><br>,26.050863,09/23/2010,http://www.artscalendar.com/event/detail/440876771/Women_Who_Love_to_Sing,Women Who Love to Sing
,-80.2265545,http://www.artscalendar.com/sites/artscalendar.com/images/event/440921123/elling_medium.jpg,FL,Fort Lauderdale,3100 Ray Ferrero Junior Boulevard,Rose and Alfred Miniaci Performing Arts Center,06/11/2011,"Kurt Elling <br> Chicago native Kurt Elling is the most accomplished male jazz singer extant. In a career spanning 14 years, 42-year-old Elling has risen to international prominence as a jazz artist and creative singer. An intellectual superman, he is a master of &quot;vocalese&quot; and scatting. Each of his eight albums was nominated for a Grammy Award and the most recent won the Grammy for Best Vocal Jazz Album in 2010. He is a perennial critics poll-winner and his quartet tours the world, performing to critical acclaim in Europe, Asia, Canada, Israel, and Australia. This will be Mr. Elling's fourth performance for South Florida JAZZ. <br> &nbsp;</p>			</p>    			<br><br>",26.0695412,06/11/2011,http://www.artscalendar.com/event/detail/440921123/Kurt_Elling_South_Florida_Jazz,Kurt Elling - South Florida Jazz
,-80.120906,http://www.artscalendar.com/sites/artscalendar.com/images/event/50/bakery10_medium.jpg,FL,Fort Lauderdale,"Sunrise Square, 1201 North Federal Hwy",Croissan'Time French Bakery and Fine Foods,01/01/2037,"There's nothing like a good French pastry. Doesn't matter if you find it in Paris - or in Fort Lauderdale. These folks know how to bake sweets the right way. Lately I've been making a semi-habit of going to one of the best French bakeries in South Florida. Croissan'Time is a delightful shop in a strip mall, though it can be a little hard to find at first. But really, it is definitely worth the effort. Owned by Bernard Casse, Croissan'Time has been baking up luscious croissants, Danish, turnovers, beignets and more since 1986. For some reason, I had stopped here only on rare occasions in the past, often to buy a special treat for Easter or Thanksgiving. No more. It has joined a short list of my favorite morning stops these days.&nbsp;</p> <p>Monsieur Casse has been doing this a while. A long while, actually. He's been a French baker and pastry chef for 43 years. If you want a treat, drop by for a breakfast of a beignet and their wonderful coffee. Mmm, it's most excellent.</p> <p>And if you do your dropping by on a Sunday, there's an extra treat waiting. Croissan'Time has a live jazz band playing in front of the store on late Sunday mornings, a decent little trio with an unusually interesting drummer. This place is a lot more than a coffee shop. People come here and line up for boxes of cakes, pies and other pastries. But there's also a whole lunch menu. From quiches to salads, from brie to pate on a baguette, Croissan'Time offers many choices. They even sell French butter, Madrange cooked French ham and game meats such as quail, partridge and venison. Interesting restaurant, this. In addition to the tasty food, Croissan'Time has transformed the sidewalk exterior into a surprisingly pleasant space, covered in climbing foliage and frequented by sparrows that chirp and wing energetically around. To find Croissan'Time, head south on Federal Highway and look for it on the right side of the road just before Sunrise Boulevard. Their address is 1201 N. Federal Highway, Fort Lauderdale. The phone number is 954-565-8555. You won't see the Arc de Triomphe from their outdoor tables, obviously - but when you're tasting one of their beignets, it's easy enough to imagine.</p>			</p>    			<br><br>",26.141517,10/29/2009,http://www.artscalendar.com/event/detail/50/Croissantime_Sunday_Jazz_Brunch,Croissan'time Sunday Jazz Brunch
,-80.1346048,http://www.artscalendar.com/sites/artscalendar.com/images/event/440615104/bestillandknowcover_medium.jpg,FL,Fort LAuderdale,817 SE 17th Street,The Grateful Palate,01/01/2037,"&nbsp;The Grateful Palate 817 SE 17th Street Fort Lauderdale, FL 33316 (954) 764-2725</p> <p>Thursday's and Friday's 8-11pm</p> <p>Saturday's 8-11 Randy Bernsen Trio!&nbsp; Jazzy Ya'll!!!</p>			</p>    			<br><br>",26.100424,02/25/2010,http://www.artscalendar.com/event/detail/440615104/Randy_Bernsen_at_Grateful_Palate,Randy Bernsen at Grateful Palate
,-80.119747,http://www.artscalendar.com/sites/artscalendar.com/images/event/440741533/markferincola_medium.jpg,FL,Miami Beach,6701 Collins Ave,Deauville Hotel,01/01/2037,"Mothers Day May 9, 2010 6 &ndash; 9 pm.</p> <p>Come experience this great show, at the Deauville Hotel. An evening of Live Music, Entertainment and Dancing to an18 pc. Orchestra, Playing Jazz, Swing, Ballads, Blues, Latin and more. Featuring: Terri Gonzalez, Our Show Dancers, The All Star Circus performers, S. Florida&rsquo;s best Stand up Comedian&rsquo;s and Special Guest performers, all on stage in the &ldquo;Jazz Lounge Supper Club &rdquo; with a large dance floor. Dance floor is open during the show when the band is on !</p> <p>&nbsp;The Big Band Show is a monthly show held at the legendary &quot;Deauville Hotel&rdquo; on the 2nd Sunday of each month</p> <p>Appetizer, Ala Carte&rsquo; and Pre Fixe&rsquo; Dinner menu available as well as a Full Service Bar. &ldquo;Deauville Beach Resort Hotel&rdquo; 6701 Collins ave. Miami Beach Fl. Show Tickets $20.00 Available at www.markfernicola.com or call 954 557-7993 We accept all major credit cards. <br> &nbsp;</p>			</p>    			<br><br>",25.850514,05/09/2010,http://www.artscalendar.com/event/detail/440741533/A_SWINGIN_EVENING_OF_ENTERTAINMENT_with_MARK_FERNICOLA_AND_THE_LAST_FLIGHT_OUT_BIG_BAND_,“A SWINGIN’ EVENING OF ENTERTAINMENT” with MARK FERNICOLA AND THE LAST FLIGHT OUT BIG BAND.
,,http://www.artscalendar.com/sites/artscalendar.com/images/event/440858652/westside_medium.jpg,,,,,02/27/2011,"More than fifty years ago one musical changed theater forever. Now it&rsquo;s back on Broadway mesmerizing audiences once again. From the first note to the final breath, WEST SIDE STORY soars as the greatest love story of all time.</p> <p>Directed by its two-time Tony Award&reg;-winning librettist Arthur Laurents, WEST SIDE STORY remains as powerful, poignant and timely as ever. The new Broadway cast album of WEST SIDE STORY recently won the 2010 Grammy Award&reg; for Best Musical Show Album.</p> <p>The Bernstein and Sondheim score is considered to be one of Broadway's finest and features such classics of the American musical theatre as &quot;Something's Coming,&quot; &quot;Tonight,&quot; &quot;America,&quot; &quot;I Feel Pretty&quot; and &quot;Somewhere.&quot;</p> <p>&nbsp;</p>			</p>    			<br><br>",,02/15/2011,http://www.artscalendar.com/event/detail/440858652/West_Side_Story,West Side Story
,-80.313136,http://www.artscalendar.com/sites/artscalendar.com/images/org/220082041/220082041img1_medium.jpg,FL,Fort Lauderdale,12200 West Broward Boulevard,Mosaic Theatre,03/06/2011,"A New Comedy about Guys with One Tiny Problem by Martin Casella &nbsp;(SOUTHEAST US PREMIERE)<br> &quot;Casella is at his best when he's going for laughs. He gets a lot of them.&quot; - NY Times<br> &quot;A funny and charming play. The Vagina Monologues for guys!&quot; - NY Post<br> What &quot;The Irish Curse&quot; is - and how it manifests itself - is the raw centerpiece of this wicked, rollicking and very funny new play. From its blistering language to its brutally honest look at sex and body image, &quot;The Irish Curse&quot; is a revealing portrait of how men and society define masculinity, daring to pose the fundamental question that has been on the minds of men since the beginning of time: &quot;Do I measure up to the next guy?&quot; A small group of Irish-American men (all professionally successful New Yorkers) meets every Wednesday night, at a men's self-help group. One evening, when a twenty-something blue-collar guy joins the group, he challenges everything the other men thought about &quot;the Irish curse,&quot; tackling their obsession with body image and unmasking the comical/truthful questions of identity, masculinity, sex, relationships, and social status that define their lives. <br> &nbsp;</p>			</p>    			<br><br>",26.120766,02/10/2011,http://www.artscalendar.com/event/detail/440930661/The_Irish_Curse,The Irish Curse
,-80.136172,http://www.artscalendar.com/sites/artscalendar.com/images/event/440921107/wonder_medium.jpg,FL,Fort Lauderdale,707 Northeast Eighth Street,Broward Center for the Performing Arts  &gt; Parker Playhouse,03/13/2011,"New York City in 1916. Paris in the 30's. Hollywood of the 40's. New Orleans in the 50's...And somewhere in the world today.</p> <p>&quot;'SWONDERFUL&quot; takes you on a ride to the different places, times, and musical styles that make the Gershwin brothers the most successful songwriting team in the history of popular music. Like a technicolor movie musical, &quot;'SWONDERFUL&quot;, paints a picture of nostalgia and entertainment while paying tribute to the incomparable songbook of George and Ira Gershwin.<br> &nbsp;</p>			</p>    			<br><br>",26.134246,03/10/2011,http://www.artscalendar.com/event/detail/440921107/SWonderful_Off_Broadway_In_Broward,'SWonderful - Off Broadway In Broward
,,http://www.artscalendar.com/sites/artscalendar.com/images/event/440921113/newshanghai_medium.jpg,FL,Fort Lauderdale,2400 Civic Center Place,Miramar Cultural Center,03/20/2011,"Astonishing athletes defy gravity and execute breathtaking feats as they stretch the limits of human ability in the spellbinding New Shanghai Circus.</p> <p>CBS News calls the show &quot;fantastic,&quot; and sold-out audiences marvel as they watch this talented troupe of fearless performers with boundless energy bring to life more than two thousand years of Chinese circus traditions.</p> <p>If it's humanly possible -- and even if it's not! - Shanghai's acrobats, jugglers and contortionists defy gravity and delight adults and children alike with spectacular flair and limitless imagination. Dazzling costumes, awe-inspiring sets and incredible choreography make Shanghai Circus an amazing experience for the whole family. So, sit back and enjoy the super-human displays of power and extraordinary grace when the New Shanghai Circus comes to town.<br> &nbsp;</p>			</p>    			<br><br>",,03/20/2011,http://www.artscalendar.com/event/detail/440921113/New_Shanghai_Circus,New Shanghai Circus
,-80.149426,http://www.artscalendar.com/sites/artscalendar.com/images/event/440828807/second_medium.jpg,FL,Fort Lauderdale,201 Southwest 5th Avenue,Broward Center for the Performing Arts,03/25/2011,"The Second City's Fair &amp; Unbalanced takes unbridled comic pleasure in the foibles of our politicians, celebrities and even our significant others.</p> <p>No institution escapes the satiric eye of The Second City -- from the blowhards of the Beltway to the Hollywood elite. Ripped from the stages of Second City's legendary theatres in Chicago and Toronto, The Second City's Fair &amp; Unbalanced is a hilarious ride through present-day America.</p> <p>&nbsp;</p>			</p>    			<br><br>",26.1193,03/25/2011,http://www.artscalendar.com/event/detail/440828807/Second_City_2011,Second City 2011
,-80.136172,http://www.artscalendar.com/sites/artscalendar.com/images/event/440828808/spring_medium.jpg,FL,Fort Lauderdale,707 Northeast Eighth Street,Broward Center for the Performing Arts  &gt; Parker Playhouse,03/27/2011,"The winner of 8 Tony Awards, including Best Musical, SPRING AWAKENING explores the journey from adolescence to adulthood with a poignancy and passion you will never forget.</p> <p>Told by Duncan Sheik and Steven Sater through &quot;The most gorgeous Broadway score this decade,&quot; Entertainment Weekly, the landmark musical is an electrifying fusion of morality, sexuality and rock &amp; roll that is exhilarating audiences across the nation like no other musical in years.</p> <p>Join this group of late 19th century German students on their passage as they navigate teenage self-discovery and coming of age anxiety in a powerful celebration of youth and rebellion in the daring, remarkable SPRING AWAKENING. &quot;Broadway may never the same again!&quot; NY Times</p> <p><br> &nbsp;</p>			</p>    			<br><br>",26.134246,03/24/2011,http://www.artscalendar.com/event/detail/440828808/Spring_Awakening,Spring Awakening
,-80.134567,http://www.artscalendar.com/sites/artscalendar.com/images/event/440921111/circum_medium.jpg,FL,Aventura,3385 NE 188th Street,Aventura Art and Cultural Center,03/27/2011,"Mazel Musicals, Inc. and the Broward Center for the Performing Arts present Circumcise Me. It's your average Irish, Italian Catholic kid from Philly, Comic Actor, Sober Alcoholic, Recovering Drug Addict, Husband, Father, Reform, Conservative, Unorthodox, Orthodox Jew.</p> <p>His name is Yisrael Campbell, and this is his story - a spiritual journey stretching across four decades, two continents, and three circumcisions. It's that rare collision of comedy and theater that will have women howling with laughter, men squirming in their seats, and everyone standing up to cheer. Poignant, provocative, and powerfully witty, Circumcise Me is the true - and truly unforgettable - story of a man who was born to be funny. The Jewish part came later.<br> &nbsp;</p>			</p>    			<br><br>",25.949623,03/16/2011,http://www.artscalendar.com/event/detail/440921111/Circumcise_Me_The_Double_Chai_Series,Circumcise Me - The Double Chai Series
,-80.149426,http://www.artscalendar.com/sites/artscalendar.com/images/event/440828803/forbidden_medium.jpg,FL,Fort Lauderdale,201 Southwest 5th Avenue,Broward Center for the Performing Arts,04/17/2011,"From ANNIE to PHANTOM to WICKED, this fall-down funny, satirical roast of over 30 Broadway hits features outrageous costumes, silly spoofs of the songs you know by heart and madcap impressions by a stellar cast!</p> <p>New spoofs include SOUTH PACIFIC, Patti LuPone in GYPSY and GREASE -- You're the One That I Hate! It's never been more fun poking fun at your favorite musicals and stars! A New York sensation for 27 years, a talented quartet of comic chameleons throw out pointed parodies at a dizzying pace.</p> <p>&nbsp;</p>			</p>    			<br><br>",26.1193,04/14/2011,http://www.artscalendar.com/event/detail/440828803/Forbidden_Broadway,Forbidden Broadway
,-80.134567,http://www.artscalendar.com/sites/artscalendar.com/images/event/440828804/melodies_medium.jpg,FL,Aventura,3385 NE 188th Street,Aventura Art and Cultural Center,04/17/2011,"Mazel Musicals, Inc. and the Broward Center of the Performing Arts present THE MELODIES and MEMORIES SERIES of the Gold Standards of the American Songbook, which includes &quot;The Night is Filled with Music&quot; - The Music of the RKO Pictures Era. Irving Berlin, Cole Porter, Jerome Kern, Dorothy Fields, George Gershwin and many others wrote songs for the fabulous movies of Fred Astaire and Ginger Rogers. This Melodies and Memories series program also salutes the lasting legacy of RKO's early contribution to the music of all of the early Disney classics.</p> <p>Songs include: The Continental, The Way You Look Tonight, A Foggy Day, They All Laughed, But Not For Me, When You Wish Upon A Star, Someday My Prince Will Come and Zip A Dee Doo Dah.<br> &nbsp;</p>			</p>    			<br><br>",25.949623,04/13/2011,http://www.artscalendar.com/event/detail/440828804/Melodies_and_Memories_The_Nights_Filled_With_Music,Melodies and Memories - The Nights Filled With Music
,-80.261417,http://www.artscalendar.com/sites/artscalendar.com/images/event/440930652/radiant_ad_medium.jpg,FL,Miami,4120 Laguna Street,New Theatre,04/17/2011,"By Shirley Lauro. World Premiere. The tempestuous, dramatic life of Marie Curie, one of the world's first recognized woman scientists, whose discovery and isolation of radium earned her two Nobel Prizes and revolutionized science forever, as she ushered in &quot;The Atomic Age&quot; and the first cure for cancer.<br> &nbsp;</p>			</p>    			<br><br>",25.733491,03/25/2011,http://www.artscalendar.com/event/detail/440930652/The_Radiant_,The Radiant
,-80.149426,http://www.artscalendar.com/sites/artscalendar.com/images/event/440828806/wicked_medium.jpg,FL,Fort Lauderdale,201 Southwest 5th Avenue,Broward Center for the Performing Arts,04/24/2011,"SO MUCH HAPPENED BEFORE DOROTHY DROPPED IN. Long before that girl from Kansas arrives in Munchkinland, two girls meet in the land of Oz.</p> <p>One - born with emerald green skin - is smart, fiery and misunderstood. The other is beautiful, ambitious and very popular. How these two grow to become the Wicked Witch of the West and Glinda the Good Witch makes for &quot;the most completely satisfying new musical in a long time,&quot; USA Today. On Broadway and around the world, WICKED has worked its magic on critics and audiences alike. Winner of 26 major awards, including a Grammy and three Tony Awards&reg;, WICKED is &quot;Broadway's biggest blockbuster,&quot; The New York Times.<br> &nbsp;</p>			</p>    			<br><br>",26.1193,03/30/2011,http://www.artscalendar.com/event/detail/440828806/Wicked,Wicked
,-80.313136,http://www.artscalendar.com/sites/artscalendar.com/images/org/220082041/220082041img1_medium.jpg,FL,Fort Lauderdale,12200 West Broward Boulevard,Mosaic Theatre,04/24/2011,"By Stephen Belber&nbsp;(SOUTHEAST US PREMIERE)</p> <p><br> &quot;It's a piercing, compassionate portrait of two damaged people briefly reaching out to each other.&quot; - Backstage<br> &quot;Compelling... a sublime, beautifully acted drama.&quot; - NY Times<br> Molly and Ray unexpectedly meet 25 years after a one-afternoon adolescent fling. She has a successful media career; he owns a small landscaping business. Both begin to romanticize their chance reunion, but a renewed connection is disrupted when Ray reveals the sordid details of a crime that left him incarcerated for ten years. Their encounter reveals two vastly different paths taken and two lonely souls attempting to reclaim a moment of possibility, when they were young and perhaps at their very best<br> &nbsp;</p>			</p>    			<br><br>",26.120766,03/31/2011,http://www.artscalendar.com/event/detail/440930662/Dusk_Rings_A_Bell,Dusk Rings A Bell
miniaci@nova.edu,-80.2265545,http://www.artscalendar.com/sites/artscalendar.com/images/org/220087411/220087411img1_medium.jpg,FL,Fort Lauderdale,3100 Ray Ferrero Junior Boulevard,Rose and Alfred Miniaci Performing Arts Center,04/30/2011,"The 2010-2011 Cabaret Series at Nova Southeastern University The Cabaret Series hosted by Nova Southeastern University features Broadway and Grammy Award winning artist in spellbinding performances. Each event will be held in the Rose and Alfred Miniaci Performing Arts Center on NSU's main campus in Ft. Lauderdale. This season&rsquo;s featured artists include: Grammy Award winner - Melissa Manchester : October 2, 2010 West Side Story's - Kurt Peterson &amp; Victoria Mallory -February 26, 2011 Broadway extraordinaire - Kevin Spirtas : April 30, 2011 Where:Nova Southeastern University Address:Rose and Alfred Miniaci Performing Arts Center 3100 Ray Ferrero Jr. Blvd. Ft. Lauderdale, Fl. 33314 Website: http://www.miniacipac.com/Events/ When: October 2, 2010 - Melissa Manchester February 26, 2011 - Kurt Peterson &amp; Victoria Mallory April 30, 2011 - Kevin Spirtas Time:7:00 pm Costs: Tickets on Sale: August 14th $20.00 $40.00 $100.00 VIP (Includes VIP reception with artists)</p>			</p>    			<br><br>",26.0695412,08/14/2010,http://www.artscalendar.com/event/detail/440842613/NSU_20102011_Cabaret_Series,NSU 2010-2011 Cabaret Series
,-80.134567,http://www.artscalendar.com/sites/artscalendar.com/images/event/440828798/mesh_medium.jpg,FL,Aventura,3385 NE 188th Street,Aventura Art and Cultural Center,05/08/2011,"Mazel Musicals, Inc. and the Broward Center for the Performing Arts present Meshuggah-Nuns. In the fifth &quot;Nunsense&quot; adventure, we find the Sisters on an all-expense-paid trip on the &quot;Faiths of All Nations&quot; Cruise. It seems that the Kunkels (the poor family who live behind Mt. Saint Helen's School) have won the lottery. Although they had given their ticket to the Sisters in exchange for some gifts, when it was discovered that the ticket was a winner, the Sisters returned the ticket to the Kunkels. In appreciation, the Kunkels have paid for the Sisters' trip.</p> <p>After a time at sea, the ship runs into a terrible storm that lasts nearly a week. Many people become seasick including the entertainers - the cast of &quot;Fiddler on the Roof.&quot; All, except the actor playing &quot;Tevye&quot;, that is. The ship's captain, knowing of the Sisters' show-business savvy, requests that the Sisters and &quot;Tevye&quot; put on an original revue. The result: &quot;Meshuggah-Nuns!&quot; <br> &nbsp;</p>			</p>    			<br><br>",25.949623,04/27/2011,http://www.artscalendar.com/event/detail/440828798/Meshuggah_Nuns_The_Double_Chai_Series,Meshuggah - Nuns - The Double Chai Series
,-80.149426,http://www.artscalendar.com/sites/artscalendar.com/images/event/440838034/swingin_medium.jpg,FL,Fort Lauderdale,201 Southwest 5th Avenue,Broward Center for the Performing Arts,05/15/2011,"A Swingin' Evening of Entertainment is hosted by Mark Fernicola as he performs with the Last Flight Out Big Band featuring Terri Gonzalez, and is accompanied by a myriad of talented performers.</p> <p>This show is a night of jazz, swing, ballads, blues, Latin music and more. The 18 piece Last Flight Out Big Band, plays the music of Buddy Rich, Stan Kenton, Weather Report and others. The band backs the superb vocal styling of Mark Fernicola and Terri Gonzalez as well as those of special guest artists. The band plays a wide variety of music and rhythms to dance to. The band pays tribute to great vibraphone players like Lionel Hampton, Tito Puente, and Cal Tjader. Dancers perform tap dance, swing, jazz, modern, or freestyle in choreographed performance numbers for each show. Some of South Florida's best stand up comedians and performers from the All Star Circus will entertain too. Drink, dine and dance your way through three hours of non-stop music and live entertainment! Big Band will be performing in the Abdo New River Room every 3rd Sunday of the month from September 19th - May 15th.<br> &nbsp;</p>			</p>    			<br><br>",26.1193,09/19/2010,http://www.artscalendar.com/event/detail/440838034/A_Swingin_Evening_of_Entertainment_,A Swingin' Evening of Entertainment
,-80.196719,http://www.artscalendar.com/sites/artscalendar.com/images/event/440828791/hair_medium.jpg,FL,Miami,11300 Northeast Second Avenue,Broad Center for the Performing Arts,06/19/2011,"&quot;The Public Theater's new Tony-winning production of HAIR is the most electric celebration on Broadway!</p> <p>This exuberant musical about a group of young Americans searching for peace and love in a turbulent time has struck a resonant chord with audiences young and old. HAIR features an extraordinary cast and dozens of unforgettable songs, including &quot;Aquarius,&quot; &quot;Let the Sun Shine In,&quot; &quot;Good Morning, Starshine&quot; and &quot;Easy To Be Hard.&quot; Its relevance is UNDENIABLE. Its energy is UNBRIDLED. Its truth is UNWAVERING. It's HAIR, and IT'S TIME.&quot;</p> <p>DISCLAIMER - While many find this show suitable for young adults (13 and older), parental discretion is advised. There is a dimly lit 20-second scene with nudity that is non-sexual in nature.<br> &nbsp;</p>			</p>    			<br><br>",25.878502,06/07/2011,http://www.artscalendar.com/event/detail/440828791/Hair,Hair
,-80.313136,http://www.artscalendar.com/sites/artscalendar.com/images/org/220082041/220082041img1_medium.jpg,FL,Fort Lauderdale,12200 West Broward Boulevard,Mosaic Theatre,06/26/2011,"By Sam Shepard (SOUTHEAST US PREMIERE)</p> <p><br> &quot;A poignant and honest continuation of themes that have always been present in the work of one of this country's most important dramatists, here reconsidered in the light and shadow of time passed.&quot; - NY Times<br> &quot;Finely wrought... as enjoyable and enlightening as a night spent stargazing.&quot; - Talkin' Broadway<br> A gruffly poignant and darkly funny play. Byron and Ames are old friends, re-united by mutual desperation. Over bourbon on ice, they sit, reflect and bicker until fifty years of love, friendship and rivalry are put to the test at the barrel of a gun.<br> &nbsp;</p>			</p>    			<br><br>",26.120766,06/02/2011,http://www.artscalendar.com/event/detail/440930663/Ages_Of_The_Moon,Ages Of The Moon
,-80.149426,http://www.artscalendar.com/sites/artscalendar.com/images/event/440828790/mam1_medium.jpg,FL,Fort Lauderdale,201 Southwest 5th Avenue,Broward Center for the Performing Arts,07/24/2011,"A mother. A daughter. 3 possible dads. And a trip down the aisle you'll never forget! Over 32 million people all around the world have fallen in love with the characters, the story and the music that make MAMMA MIA! the ultimate feel-good show!</p> <p>Writer Catherine Johnson's sunny, funny tale unfolds on a Greek island paradise. On the eve of her wedding, a daughter's quest to discover the identity of her father brings 3 men from her mother's past back to the island they last visited 20 years ago. The story-telling magic of ABBA's timeless songs propels this enchanting tale of love, laughter and friendship, and every night everyone's having the time of their lives! With more productions playing internationally than any other musical, MAMMA MIA! is the World's No.1 Show!<br> &nbsp;</p>			</p>    			<br><br>",26.1193,07/19/2011,http://www.artscalendar.com/event/detail/440828790/Mamma_Mia,Mamma Mia
,-80.140314,http://www.artscalendar.com/sites/artscalendar.com/images/org/220000967/allmediahacc-postcarda_medium.jpg,FL,Hollywood,1650 Harrison Street,Art and Culture Center of Hollywood,02/23/2011,"High School Level<br> <br> The Visual Arts Studio&rsquo;s Art School Boot Camp is a program for prospective college students who want to gain insight on how to get accepted into a college or university art program. In this four-week intensive lecture series, high school students will gain a better understanding of portfolio development, the college application process, tips for scholarships and financial assistance, and comprehensive information from premier art schools around the country.<br> <br> High School Level for Grades 9 &ndash; 12<br> 4 weekly classes held on Wednesdays from 4-6 pm<br> Feb. 2 &ndash; Feb. 23, 2011<br> Class Location: Art School, 1626 Harrison Street, Hollywood</p>			</p>    			<br><br>",26.010378,02/02/2011,http://www.artscalendar.com/event/detail/440941977/Visual_Arts_Studio_Art_School_Boot_Camp,Visual Arts Studio - Art School Boot Camp
,-80.140314,http://www.artscalendar.com/sites/artscalendar.com/images/org/220000967/allmediahacc-postcarda_medium.jpg,FL,Hollywood,1650 Harrison Street,Art and Culture Center of Hollywood,02/26/2011,"Discover downtown Hollywood through art. Using pencil, inks, and sketchbooks, explore interior space, atmosphere, light, and the human figure, while learning basic drawing skills. First class meets in the Art School and will go over the basic fundamentals of life drawing. Each class after will meet at various sites in downtown Hollywood. Once registered, students will receive information regarding meeting locations. <br> <br> Class Location: First class will be held in the Arts School. Remaining classes will be held at various sites in Downtown Hollywood.<br> Skill Level: Beginning &ndash; Intermediate</p>			</p>    			<br><br>",26.010378,01/22/2011,http://www.artscalendar.com/event/detail/440941957/Downtown_Drawing,Downtown Drawing
,-80.140314,http://www.artscalendar.com/sites/artscalendar.com/images/event/440862075/birds-are-nice_medium.jpg,FL,Hollywood,1650 Harrison Street,Art and Culture Center of Hollywood,04/05/2011,"Opening Reception: Fri., March 4, 6-9 pm</p> <p>A Little Love is an installation piece by artist Birds are Nice featuring an animated video short and forest installation. A lonely girl finds love on her walk through the forest with the help of a little bird. The film short, a debut animation by Birds are Nice, will be entitled Put a Little Love in Your Heart.</p>			</p>    			<br><br>",26.010378,03/10/2011,http://www.artscalendar.com/event/detail/440862075/Birds_are_Nice_A_Little_Love,Birds are Nice: A Little Love
,-80.140314,http://www.artscalendar.com/sites/artscalendar.com/images/event/440862074/cristina-lei-rodriguez_medium.jpg,FL,Hollywood,1650 Harrison Street,Art and Culture Center of Hollywood,04/10/2011,"Opening Reception: Fri., March 4, 6-9 pm. Cristina Lei Rodriquez&rsquo;s work delves into the aesthetics of desire that are part of the consumer products that surround us. Her works are primarily sculptural landscapes, sometimes very realistic and other times very abstract.<br> &nbsp;</p>			</p>    			<br><br>",26.010378,03/05/2011,http://www.artscalendar.com/event/detail/440862074/Cristina_Lei_Rodriguez_Forever,Cristina Lei Rodriguez: Forever
,-80.140314,http://www.artscalendar.com/sites/artscalendar.com/images/org/220000967/allmediahacc-postcarda_medium.jpg,FL,Hollywood,1650 Harrison Street,Art and Culture Center of Hollywood,04/14/2011,"Drop-in on these monthly figure drawing classes. Attend one or all! Use any medium and create works from a live model.<br> <br> This program is designed for individuals 18 year or older. High school juniors and seniors may attend with guardian permission. Drawing boards are available on site. Cost: $15 members per session, $20 non-members per session.<br> <br> Location: Art and Culture Center Art School, 1626 Harrison Street, Hollywood.</p>			</p>    			<br><br>",26.010378,10/14/2010,http://www.artscalendar.com/event/detail/440941963/DropIn_Figure_Drawing,Drop-In Figure Drawing
,-80.147971,http://www.artscalendar.com/sites/artscalendar.com/images/event/440899032/mods2c-autonation_medium.jpg,FL,Fort Lauderdale,401 Southwest Second Street,Museum of Discovery and Science,09/05/2011,"In Animation&rsquo;s stimulating and fun environment, visitors will explore the process of animation from concept to finished product &mdash; from storyboarding, character design, and drawing techniques to movement, timing, filming, and sound. Larger-than-life graphics of popular Cartoon Network characters provide a colorful backdrop to the exhibit, which also explores the history of animation and features a screening room and a cartoon museum. Animation was developed by the Oregon Museum of Science and Industry in collaboration with Cartoon Network. <br> &nbsp;</p>			</p>    			<br><br>",26.120993,05/28/2011,http://www.artscalendar.com/event/detail/440899032/Animation_Exhibit_,Animation Exhibit
,-80.1399765,http://www.artscalendar.com/sites/artscalendar.com/images/event/440915537/goingfishing_medium.jpg,FL,Miami Beach,924 Lincoln Road,ArtCenter/ South Florida Vitrine Window Space,11/18/2011,"Come view the new drawings and paintings of artist, Stephanie Rodriguez called Monster Mash. Her series is a collection of drawings and paintings inspired by classic horror movies and literature. Located in the Vitrine Window Display, ArtCenter/ South Florida, 924 Lincoln Road, Miami Beach.</p>			</p>    			<br><br>",25.7905114,10/08/2010,http://www.artscalendar.com/event/detail/440915537/Monster_Mash_Art_of_the_Macabre,"Monster Mash, Art of the Macabre"
