Organization Secondary,Organization Primary,Date of Purchase,Purchase Type,Purchase Category,Purchase Vendor,Purchase ID,Total,VAT Registration Number
--------------------------------------------------,--------------------------------------------------,-----------------------,--------------------------------------------------,--------------------------------------------------,--------------------------------------------------,--------------------------------------------------,---------------------,--------------------------------------------------
DCMS                                              ,NHM                                               ,2012-10-10 00:00:00.000,Agency Temporary Staff Costs                      ,VE Production Special Effects                     ,Spring Personnel                                  ,CADPINVSM0000008742                               ,             785.2000,                                                  
DCMS                                              ,NHM                                               ,2012-10-10 00:00:00.000,B/S - Prepayments Drs (ManAccts)                  ,PEG Marketing                                     ,CAE Technology Services                           ,CADPINVSM0000008751                               ,            9587.0000,                                                  
DCMS                                              ,NHM                                               ,2012-10-10 00:00:00.000,BMS Controls                                      ,Estates Engineering                               ,Emcor Facility Services Ltd                       ,CADPINVSM0000008768                               ,             593.8900,                                                  
DCMS                                              ,NHM                                               ,2012-10-10 00:00:00.000,Copyright Licensing                               ,PEG Visitor Offer Strat Non Exh Proj              ,Ardea London Ltd                                  ,CADPINVSM0000008743                               ,             900.0000,                                                  
DCMS                                              ,NHM                                               ,2012-10-10 00:00:00.000,Equipment < £5k                                   ,VE Production Display & Conservation              ,traka PLC                                         ,CADPINVSM0000008737                               ,            8690.0000,                                                  
DCMS                                              ,NHM                                               ,2012-10-10 00:00:00.000,Est RoutineMaint - Day to day Maint               ,Estates Buildings                                 ,Emcor Facility Services Ltd                       ,CADPINVSM0000008765                               ,            1368.5400,                                                  
DCMS                                              ,NHM                                               ,2012-10-10 00:00:00.000,Est RoutineMaint - Day to day Maint               ,Estates Buildings                                 ,Emcor Facility Services Ltd                       ,CADPINVSM0000008766                               ,            2838.8300,                                                  
DCMS                                              ,NHM                                               ,2012-10-10 00:00:00.000,Est RoutineMaint - Day to day Maint               ,Estates Buildings                                 ,Emcor Facility Services Ltd                       ,CADPINVSM0000008774                               ,            4779.6500,                                                  
DCMS                                              ,NHM                                               ,2012-10-10 00:00:00.000,Estates Mechanical Works                          ,Estates Engineering                               ,Emcor Facility Services Ltd                       ,CADPINVSM0000008755                               ,          109978.6900,                                                  
DCMS                                              ,NHM                                               ,2012-10-10 00:00:00.000,Estates Mechanical Works                          ,Estates Engineering                               ,Emcor Facility Services Ltd                       ,CADPINVSM0000008767                               ,            3570.8400,                                                  
DCMS                                              ,NHM                                               ,2012-10-10 00:00:00.000,Estates Mechanical Works                          ,Estates Engineering                               ,Emcor Facility Services Ltd                       ,CADPINVSM0000008770                               ,            1551.0700,                                                  
DCMS                                              ,NHM                                               ,2012-10-10 00:00:00.000,Estates Mechanical Works                          ,Estates Engineering                               ,Emcor Facility Services Ltd                       ,CADPINVSM0000008771                               ,             604.1600,                                                  
DCMS                                              ,NHM                                               ,2012-10-10 00:00:00.000,Estates Mechanical Works                          ,Estates Engineering                               ,Emcor Facility Services Ltd                       ,CADPINVSM0000008775                               ,            1986.5700,                                                  
DCMS                                              ,NHM                                               ,2012-10-10 00:00:00.000,Exhibition Production                             ,PEG Vis Serv Temporary Exhibitions                ,C&M Apostolides Ltd                               ,CADPINVSM0000008740                               ,            2321.0000,                                                  
DCMS                                              ,NHM                                               ,2012-10-10 00:00:00.000,Exhibition Production                             ,PEG Vis Serv Temporary Exhibitions                ,The Moule Partnership                             ,CADPINVSM0000008738                               ,           16795.7000,                                                  
DCMS                                              ,NHM                                               ,2012-10-10 00:00:00.000,Irrecoverable VAT                                 ,DCS Finance                                       ,Adept Scientific Plc                              ,CADPINVSM0000008744                               ,              52.4700,                                                  
DCMS                                              ,NHM                                               ,2012-10-10 00:00:00.000,Irrecoverable VAT                                 ,DCS Finance                                       ,Dell Computer Corporation Ltd                     ,CADPINVSM0000008781                               ,               6.0500,                                                  
DCMS                                              ,NHM                                               ,2012-10-10 00:00:00.000,Irrecoverable VAT                                 ,DCS Finance                                       ,Dell Computer Corporation Ltd                     ,CADPINVSM0000008782                               ,             203.2400,                                                  
DCMS                                              ,NHM                                               ,2012-10-10 00:00:00.000,Irrecoverable VAT                                 ,DCS Finance                                       ,Dell Computer Corporation Ltd                     ,CADPINVSM0000008785                               ,              47.7600,                                                  
DCMS                                              ,NHM                                               ,2012-10-10 00:00:00.000,Irrecoverable VAT                                 ,DCS Finance                                       ,Godfrey Syrett                                    ,CADPINVSM0000008756                               ,               4.2500,                                                  
DCMS                                              ,NHM                                               ,2012-10-10 00:00:00.000,Irrecoverable VAT                                 ,DCS Finance                                       ,TrustMarque Solutions                             ,CADPINVSM0000008783                               ,              15.9000,                                                  
DCMS                                              ,NHM                                               ,2012-10-10 00:00:00.000,IT Maintenance                                    ,PEG Marketing                                     ,CAE Technology Services                           ,CADPINVSM0000008750                               ,            4692.2900,                                                  
DCMS                                              ,NHM                                               ,2012-10-10 00:00:00.000,IT Maintenance                                    ,PEG Marketing                                     ,CAE Technology Services                           ,CADPINVSM0000008751                               ,            2739.1400,                                                  
DCMS                                              ,NHM                                               ,2012-10-10 00:00:00.000,IT Software                                       ,DCS ICT (Info Computer Techonology)               ,Adept Scientific Plc                              ,CADPINVSM0000008744                               ,            8250.0000,                                                  
DCMS                                              ,NHM                                               ,2012-10-10 00:00:00.000,MF - General Running Costs                        ,Science Directorate                               ,Godfrey Syrett                                    ,CADPINVSM0000008756                               ,             111.1500,                                                  
DCMS                                              ,NHM                                               ,2012-10-10 00:00:00.000,MF - General Running Costs                        ,Science Directorate                               ,Godfrey Syrett                                    ,CADPINVSM0000008756                               ,             118.3500,                                                  
DCMS                                              ,NHM                                               ,2012-10-10 00:00:00.000,MF - General Running Costs                        ,Science Directorate                               ,Godfrey Syrett                                    ,CADPINVSM0000008756                               ,             438.7500,                                                  
DCMS                                              ,NHM                                               ,2012-10-10 00:00:00.000,MF - IT Equipment < £5k                           ,DCS ICT (Info Computer Techonology)               ,Dell Computer Corporation Ltd                     ,CADPINVSM0000008781                               ,             190.3800,                                                  
DCMS                                              ,NHM                                               ,2012-10-10 00:00:00.000,MF - IT Equipment < £5k                           ,DCS ICT (Info Computer Techonology)               ,Dell Computer Corporation Ltd                     ,CADPINVSM0000008781                               ,             760.4100,                                                  
DCMS                                              ,NHM                                               ,2012-10-10 00:00:00.000,MF - IT Equipment < £5k                           ,DCS ICT (Info Computer Techonology)               ,Dell Computer Corporation Ltd                     ,CADPINVSM0000008782                               ,           10652.0000,                                                  
DCMS                                              ,NHM                                               ,2012-10-10 00:00:00.000,MF - IT Equipment < £5k                           ,DCS ICT (Info Computer Techonology)               ,Dell Computer Corporation Ltd                     ,CADPINVSM0000008782                               ,           21304.0000,                                                  
DCMS                                              ,NHM                                               ,2012-10-15 00:00:00.000,Agency Temporary Staff Costs                      ,VE Production Special Effects                     ,Spring Personnel                                  ,CADPINVSM0000008799                               ,             475.4400,                                                  
DCMS                                              ,NHM                                               ,2012-10-15 00:00:00.000,B/S - Equipment (Plant & Machinery)               ,Botany Research                                   ,Panasonic Biomedical sales Europe BV              ,CADPINVSM0000008811                               ,            7589.0000,                                                  
DCMS                                              ,NHM                                               ,2012-10-15 00:00:00.000,B/S - Prepayments Drs (ManAccts)                  ,PEG Marketing                                     ,CAE Technology Services                           ,CADPINVSM0000008787                               ,            1453.6300,                                                  
DCMS                                              ,NHM                                               ,2012-10-15 00:00:00.000,B/S - Tangible Fixed Assets - Exhibi              ,PEG Visitor Offer Strat Non Exh Proj              ,Casson Mann                                       ,CADPINVSM0000008808                               ,            5614.6000,                                                  
DCMS                                              ,NHM                                               ,2012-10-15 00:00:00.000,B/S - Tangible Fixed Assets - Exhibi              ,PEG Visitor Offer Strat Non Exh Proj              ,SVM Facilities Group Ltd                          ,CADPINVSM0000008804                               ,             688.7800,                                                  
DCMS                                              ,NHM                                               ,2012-10-15 00:00:00.000,Equipment < £5k                                   ,VE Production Special Effects                     ,GV Multi-media                                    ,CADPINVSM0000008809                               ,            3175.0000,                                                  
DCMS                                              ,NHM                                               ,2012-10-15 00:00:00.000,Exhibition Production                             ,PEG Vis Serv Temporary Exhibitions                ,H & B Contracts Ltd                               ,CADPINVSM0000008810                               ,            1296.0000,                                                  
DCMS                                              ,NHM                                               ,2012-10-15 00:00:00.000,Exhibition Production                             ,PEG Vis Serv Temporary Exhibitions                ,H & B Contracts Ltd                               ,CADPINVSM0000008810                               ,            1296.0000,                                                  
DCMS                                              ,NHM                                               ,2012-10-15 00:00:00.000,Irrecoverable VAT                                 ,DCS Finance                                       ,Eurodata Systems Limited                          ,CADPINVSM0000008805                               ,              21.6200,                                                  
DCMS                                              ,NHM                                               ,2012-10-15 00:00:00.000,Irrecoverable VAT                                 ,Entomology Admin                                  ,KE Software (UK) Ltd                              ,CADPINVSM0000008796                               ,             368.8200,                                                  
DCMS                                              ,NHM                                               ,2012-10-15 00:00:00.000,IT Equipment < £5k                                ,Palaeontology Research                            ,Dell Computer Corporation Ltd                     ,CADPINVSM0000008788                               ,            1077.8300,                                                  
DCMS                                              ,NHM                                               ,2012-10-15 00:00:00.000,IT Equipment < £5k                                ,Palaeontology Research                            ,Dell Computer Corporation Ltd                     ,CADPINVSM0000008788                               ,            5389.1600,                                                  
DCMS                                              ,NHM                                               ,2012-10-15 00:00:00.000,IT Services                                       ,DCS ICT (Info Computer Techonology)               ,Eurodata Systems Limited                          ,CADPINVSM0000008805                               ,            3400.0000,                                                  
DCMS                                              ,NHM                                               ,2012-10-15 00:00:00.000,IT Software                                       ,Science Facilities - Molecular Colle              ,KE Software (UK) Ltd                              ,CADPINVSM0000008796                               ,            4500.0000,                                                  
DCMS                                              ,NHM                                               ,2012-10-15 00:00:00.000,Lab Consumables                                   ,Zoology Research CLSD                             ,Starlab (UK) Ltd                                  ,CADPINVSM0000008798                               ,             106.4200,                                                  
DCMS                                              ,NHM                                               ,2012-10-15 00:00:00.000,Lab Consumables                                   ,Zoology Research CLSD                             ,Starlab (UK) Ltd                                  ,CADPINVSM0000008798                               ,             532.0800,                                                  
DCMS                                              ,NHM                                               ,2012-10-15 00:00:00.000,P/L - Advertising Costs                           ,PEG Marketing                                     ,Total Media Prodcution Ltd (TPL)                  ,CADPINVSM0000008791                               ,            2192.0000,                                                  
DCMS                                              ,NHM                                               ,2012-10-15 00:00:00.000,P/L - Advertising Costs                           ,PEG Marketing                                     ,Total Media Prodcution Ltd (TPL)                  ,CADPINVSM0000008792                               ,            1400.0000,                                                  
DCMS                                              ,NHM                                               ,2012-10-15 00:00:00.000,P/L - Signage                                     ,PEG Marketing                                     ,Displayways                                       ,CADPINVSM0000008797                               ,            1586.0000,                                                  
DCMS                                              ,NHM                                               ,2012-10-15 00:00:00.000,Professional Printing                             ,PEG Marketing                                     ,Newgate Concise                                   ,CADPINVSM0000008793                               ,            1195.0000,                                                  
DCMS                                              ,NHM                                               ,2012-10-15 00:00:00.000,Sci Cap Irrecoverable VAT                         ,Botany Administration                             ,Panasonic Biomedical sales Europe BV              ,CADPINVSM0000008811                               ,             621.9900,                                                  
DCMS                                              ,NHM                                               ,2012-10-17 00:00:00.000,B/S - Prepayments Drs (ManAccts)                  ,PEG Marketing                                     ,CAE Technology Services                           ,CADPINVSM0000008812                               ,            4392.9600,                                                  
DCMS                                              ,NHM                                               ,2012-10-17 00:00:00.000,B/S - Prepayments Drs (ManAccts)                  ,PEG Marketing                                     ,CAE Technology Services                           ,CADPINVSM0000008812                               ,            4491.9800,                                                  
DCMS                                              ,NHM                                               ,2012-10-17 00:00:00.000,Carpets/Flooring repairs/replacement              ,Estates Furniture                                 ,Teco Interiors Limited                            ,CADPINVSM0000008815                               ,            3868.3100,                                                  
DCMS                                              ,NHM                                               ,2012-10-17 00:00:00.000,Decant / Recant / Moving Costs                    ,Estates Furniture                                 ,Crest Commercial Removals Ltd                     ,CADPINVSM0000008816                               ,             725.0000,                                                  
DCMS                                              ,NHM                                               ,2012-10-17 00:00:00.000,Distribution / Mailshots                          ,PEG Marketing                                     ,Get Smart Distributors                            ,CADPINVSM0000008819                               ,            2000.0000,                                                  
DCMS                                              ,NHM                                               ,2012-10-17 00:00:00.000,Est General Furniture Purchases                   ,Estates Furniture                                 ,EFG Matthews Office Furniture Ltd                 ,CADPINVSM0000008821                               ,             528.0000,                                                  
DCMS                                              ,NHM                                               ,2012-10-17 00:00:00.000,Est RoutineMaint - Day to day Maint               ,Estates Buildings                                 ,Teco Interiors Limited                            ,CADPINVSM0000008817                               ,             756.7000,                                                  
DCMS                                              ,NHM                                               ,2012-10-17 00:00:00.000,IT Maintenance                                    ,Est Security SK                                   ,traka PLC                                         ,CADPINVSM0000008814                               ,            3300.0000,                                                  
DCMS                                              ,NHM                                               ,2012-10-17 00:00:00.000,Lab Consumables                                   ,Zoology Research CLSD                             ,Cambio Ltd                                        ,CADPINVSM0000008822                               ,             146.0700,                                                  
DCMS                                              ,NHM                                               ,2012-10-17 00:00:00.000,Lab Consumables                                   ,Zoology Research CLSD                             ,Cambio Ltd                                        ,CADPINVSM0000008822                               ,             730.3500,                                                  
DCMS                                              ,NHM                                               ,2012-10-24 00:00:00.000,Est RoutineMaint - Day to day Maint               ,Estates Buildings                                 ,Godfrey Syrett                                    ,CADPINVSM0000008848                               ,             198.9000,                                                  
DCMS                                              ,NHM                                               ,2012-10-24 00:00:00.000,Est RoutineMaint - Day to day Maint               ,Estates Buildings                                 ,Godfrey Syrett                                    ,CADPINVSM0000008848                               ,             222.3000,                                                  
DCMS                                              ,NHM                                               ,2012-10-24 00:00:00.000,Est RoutineMaint - Day to day Maint               ,Estates Buildings                                 ,Godfrey Syrett                                    ,CADPINVSM0000008848                               ,             230.4000,                                                  
DCMS                                              ,NHM                                               ,2012-10-24 00:00:00.000,Estates Mechanical Works                          ,Estates Engineering                               ,Emcor Facility Services Ltd                       ,CADPINVSM0000008860                               ,            1281.8400,                                                  
DCMS                                              ,NHM                                               ,2012-10-24 00:00:00.000,Estates Mechanical Works                          ,Estates Engineering                               ,Emcor Facility Services Ltd                       ,CADPINVSM0000008861                               ,            1205.0000,                                                  
DCMS                                              ,NHM                                               ,2012-10-24 00:00:00.000,Estates Mechanical Works                          ,Estates Engineering                               ,Emcor Facility Services Ltd                       ,CADPINVSM0000008864                               ,             487.2200,                                                  
DCMS                                              ,NHM                                               ,2012-10-24 00:00:00.000,Estates Mechanical Works                          ,Estates Engineering                               ,Emcor Facility Services Ltd                       ,CADPINVSM0000008866                               ,             672.8200,                                                  
DCMS                                              ,NHM                                               ,2012-10-24 00:00:00.000,Estates Mechanical Works                          ,Estates Engineering                               ,Emcor Facility Services Ltd                       ,CADPINVSM0000008869                               ,            1486.9800,                                                  
DCMS                                              ,NHM                                               ,2012-10-24 00:00:00.000,Irrecoverable VAT                                 ,Botany Administration                             ,Dell Computer Corporation Ltd                     ,CADPINVSM0000008873                               ,             100.9600,                                                  
DCMS                                              ,NHM                                               ,2012-10-24 00:00:00.000,IT Maintenance                                    ,Est Security SK                                   ,Remsdaq Ltd                                       ,CADPINVSM0000008853                               ,            3936.6000,                                                  
DCMS                                              ,NHM                                               ,2012-10-24 00:00:00.000,IT Maintenance                                    ,Est Security SK                                   ,Remsdaq Ltd                                       ,CADPINVSM0000008854                               ,            3936.6000,                                                  
DCMS                                              ,NHM                                               ,2012-10-24 00:00:00.000,IT Maintenance                                    ,Est Security SK                                   ,Remsdaq Ltd                                       ,CADPINVSM0000008855                               ,            3936.6000,                                                  
DCMS                                              ,NHM                                               ,2012-10-24 00:00:00.000,Lifts & Escalotors PPM                            ,Estates Engineering                               ,Emcor Facility Services Ltd                       ,CADPINVSM0000008865                               ,            1945.6500,                                                  
DCMS                                              ,NHM                                               ,2012-10-24 00:00:00.000,MF - IT Equipment < £5k                           ,Botany Research                                   ,Dell Computer Corporation Ltd                     ,CADPINVSM0000008873                               ,             209.8200,                                                  
DCMS                                              ,NHM                                               ,2012-10-24 00:00:00.000,MF - IT Equipment < £5k                           ,Botany Research                                   ,Dell Computer Corporation Ltd                     ,CADPINVSM0000008873                               ,            1021.9800,                                                  
DCMS                                              ,NHM                                               ,2012-10-24 00:00:00.000,P/L - Est Irrecoverable VAT R/Costs               ,Estates Management                                ,Emcor Facility Services Ltd                       ,CADPINVSM0000008859                               ,              10.2900,                                                  
DCMS                                              ,NHM                                               ,2012-10-24 00:00:00.000,P/L - Est Irrecoverable VAT R/Costs               ,Estates Management                                ,Emcor Facility Services Ltd                       ,CADPINVSM0000008860                               ,               8.1500,                                                  
DCMS                                              ,NHM                                               ,2012-10-24 00:00:00.000,P/L - Est Irrecoverable VAT R/Costs               ,Estates Management                                ,Emcor Facility Services Ltd                       ,CADPINVSM0000008861                               ,               7.6600,                                                  
DCMS                                              ,NHM                                               ,2012-10-24 00:00:00.000,P/L - Est Irrecoverable VAT R/Costs               ,Estates Management                                ,Emcor Facility Services Ltd                       ,CADPINVSM0000008862                               ,               9.4700,                                                  
DCMS                                              ,NHM                                               ,2012-10-24 00:00:00.000,P/L - Est Irrecoverable VAT R/Costs               ,Estates Management                                ,Emcor Facility Services Ltd                       ,CADPINVSM0000008863                               ,               6.7900,                                                  
DCMS                                              ,NHM                                               ,2012-10-24 00:00:00.000,P/L - Est Irrecoverable VAT R/Costs               ,Estates Management                                ,Emcor Facility Services Ltd                       ,CADPINVSM0000008864                               ,               3.1000,                                                  
DCMS                                              ,NHM                                               ,2012-10-24 00:00:00.000,P/L - Est Irrecoverable VAT R/Costs               ,Estates Management                                ,Emcor Facility Services Ltd                       ,CADPINVSM0000008865                               ,              12.3700,                                                  
DCMS                                              ,NHM                                               ,2012-10-24 00:00:00.000,P/L - Est Irrecoverable VAT R/Costs               ,Estates Management                                ,Emcor Facility Services Ltd                       ,CADPINVSM0000008866                               ,               4.2800,                                                  
DCMS                                              ,NHM                                               ,2012-10-24 00:00:00.000,P/L - Est Irrecoverable VAT R/Costs               ,Estates Management                                ,Emcor Facility Services Ltd                       ,CADPINVSM0000008867                               ,              23.0600,                                                  
DCMS                                              ,NHM                                               ,2012-10-24 00:00:00.000,P/L - Est Irrecoverable VAT R/Costs               ,Estates Management                                ,Emcor Facility Services Ltd                       ,CADPINVSM0000008868                               ,              10.6300,                                                  
DCMS                                              ,NHM                                               ,2012-10-24 00:00:00.000,P/L - Est Irrecoverable VAT R/Costs               ,Estates Management                                ,Emcor Facility Services Ltd                       ,CADPINVSM0000008869                               ,               9.4600,                                                  
DCMS                                              ,NHM                                               ,2012-10-24 00:00:00.000,P/L - Est Irrecoverable VAT R/Costs               ,Estates Management                                ,Glazing Refurbishment Ltd                         ,CADPINVSM0000008846                               ,               3.0500,                                                  
DCMS                                              ,NHM                                               ,2012-10-24 00:00:00.000,P/L - Est Irrecoverable VAT R/Costs               ,Estates Management                                ,Godfrey Syrett                                    ,CADPINVSM0000008848                               ,               4.1400,                                                  
DCMS                                              ,NHM                                               ,2012-10-24 00:00:00.000,P/L - Est Irrecoverable VAT R/Costs               ,Estates Management                                ,Morris Leslie South East Ltd                      ,CADPINVSM0000008847                               ,               2.7000,                                                  
DCMS                                              ,NHM                                               ,2012-10-24 00:00:00.000,P/L - Est Irrecoverable VAT R/Costs               ,Estates Management                                ,Radiocoms Systems Limited                         ,CADPINVSM0000008852                               ,              14.7300,                                                  
DCMS                                              ,NHM                                               ,2012-10-30 00:00:00.000,Est - Routinemaint -Grounds Maint                 ,Estates Buildings                                 ,Custom Cutters Tree Specialists Ltd               ,CADPINVSM0000008908                               ,            9640.0000,                                                  
DCMS                                              ,NHM                                               ,2012-10-30 00:00:00.000,Est Statutory Mechanical Inspections              ,Estates Engineering                               ,Allianz                                           ,CADPINVSM0000008907                               ,            9950.0500,                                                  
DCMS                                              ,NHM                                               ,2012-10-30 00:00:00.000,Irrecoverable VAT                                 ,Zoology Admin                                     ,Apple Computer                                    ,CADPINVSM0000008894                               ,              88.0300,                                                  
DCMS                                              ,NHM                                               ,2012-10-30 00:00:00.000,Irrecoverable VAT                                 ,DCS Finance                                       ,European Electronique Ltd                         ,CADPINVSM0000008890                               ,              30.8200,                                                  
DCMS                                              ,NHM                                               ,2012-10-30 00:00:00.000,IT Consumables                                    ,Photographic Unit (Image Resources)               ,CMY UK                                            ,CADPINVSM0000008889                               ,               8.9500,                                                  
DCMS                                              ,NHM                                               ,2012-10-30 00:00:00.000,IT Consumables                                    ,Photographic Unit (Image Resources)               ,CMY UK                                            ,CADPINVSM0000008889                               ,              59.0000,                                                  
DCMS                                              ,NHM                                               ,2012-10-30 00:00:00.000,IT Consumables                                    ,Photographic Unit (Image Resources)               ,CMY UK                                            ,CADPINVSM0000008889                               ,             118.0000,                                                  
DCMS                                              ,NHM                                               ,2012-10-30 00:00:00.000,IT Consumables                                    ,Photographic Unit (Image Resources)               ,CMY UK                                            ,CADPINVSM0000008889                               ,             177.0000,                                                  
DCMS                                              ,NHM                                               ,2012-10-30 00:00:00.000,IT Consumables                                    ,Photographic Unit (Image Resources)               ,CMY UK                                            ,CADPINVSM0000008889                               ,             257.6400,                                                  
DCMS                                              ,NHM                                               ,2012-10-30 00:00:00.000,IT Consumables                                    ,Photographic Unit (Image Resources)               ,CMY UK                                            ,CADPINVSM0000008889                               ,             312.2400,                                                  
DCMS                                              ,NHM                                               ,2012-10-30 00:00:00.000,MF - IT Equipment < £5k                           ,Zoology Research CLSD                             ,Apple Computer                                    ,CADPINVSM0000008894                               ,            1074.0000,                                                  
DCMS                                              ,NHM                                               ,2012-10-30 00:00:00.000,MF - IT Equipment < £5k                           ,PEG Interactive Media CLOSED                      ,Apple Computer                                    ,CADPINVSM0000008896                               ,            1331.0000,                                                  
DCMS                                              ,NHM                                               ,2012-10-30 00:00:00.000,MF - IT Equipment < £5k                           ,DCS ICT (Info Computer Techonology)               ,European Electronique Ltd                         ,CADPINVSM0000008890                               ,            1748.4900,                                                  
DCMS                                              ,NHM                                               ,2012-10-30 00:00:00.000,MF - IT Equipment < £5k                           ,DCS ICT (Info Computer Techonology)               ,European Electronique Ltd                         ,CADPINVSM0000008890                               ,            3097.7000,                                                  
DCMS                                              ,NHM                                               ,2012-10-30 00:00:00.000,P/L - Est Irrecoverable VAT R/Costs               ,Estates Management                                ,Allianz                                           ,CADPINVSM0000008907                               ,              63.2800,                                                  
DCMS                                              ,NHM                                               ,2012-10-30 00:00:00.000,P/L - Est Irrecoverable VAT R/Costs               ,Estates Management                                ,Custom Cutters Tree Specialists Ltd               ,CADPINVSM0000008908                               ,              61.3100,                                                  
DCMS                                              ,NHM                                               ,2012-10-30 00:00:00.000,P/L - Est Irrecoverable VAT R/Costs               ,Estates Management                                ,Cynergin Consultants Ltd                          ,CADPINVSM0000008909                               ,              93.0100,                                                  
DCMS                                              ,NHM                                               ,2012-10-30 00:00:00.000,P/L - Est Irrecoverable VAT R/Costs               ,Estates Management                                ,Emcor Facility Services Ltd                       ,CADPINVSM0000008906                               ,              54.3700,                                                  
DCMS                                              ,NHM                                               ,2012-10-30 00:00:00.000,P/L - Lighting                                    ,VE Production Display & Conservation              ,Emcor Facility Services Ltd                       ,CADPINVSM0000008891                               ,             715.4100,                                                  
DCMS                                              ,NHM                                               ,2012-10-30 00:00:00.000,P/L - Lighting                                    ,VE Production Display & Conservation              ,Emcor Facility Services Ltd                       ,CADPINVSM0000008892                               ,            1010.9000,                                                  
DCMS                                              ,NHM                                               ,2012-10-30 00:00:00.000,P/L - Lighting                                    ,VE Production Display & Conservation              ,Emcor Facility Services Ltd                       ,CADPINVSM0000008905                               ,             591.9600,                                                  
DCMS                                              ,NHM                                               ,2012-10-30 00:00:00.000,Professional Services/Fees                        ,Estates Engineering                               ,Cynergin Consultants Ltd                          ,CADPINVSM0000008909                               ,           14625.0000,                                                  
DCMS                                              ,NHM                                               ,2012-10-30 00:00:00.000,Professional Services/Fees                        ,PEG Vis Serv Temporary Exhibitions                ,Nissen Richards studio Ltd                        ,CADPINVSM0000008893                               ,            4455.0000,                                                  
DCMS                                              ,NHM                                               ,2012-10-30 00:00:00.000,Redecoration                                      ,Estates Buildings                                 ,Emcor Facility Services Ltd                       ,CADPINVSM0000008906                               ,            8549.3100,                                                  
DCMS                                              ,NHM                                               ,2012-11-01 00:00:00.000,B/S - Tangible F Assets - L&B - Cons              ,Estates Engineering                               ,Emcor Facility Services Ltd                       ,CADPINVSM0000008917                               ,           62042.8000,                                                  
DCMS                                              ,NHM                                               ,2012-11-01 00:00:00.000,B/S - Tangible F Assets - L&B - Fees              ,Estates Buildings                                 ,Dannatt Johnson Architects                        ,CADPINVSM0000008921                               ,            1350.0000,                                                  
DCMS                                              ,NHM                                               ,2012-11-01 00:00:00.000,B/S - Tangible F Assets - L&B - Fees              ,Estates Buildings                                 ,Dannatt Johnson Architects                        ,CADPINVSM0000008921                               ,            1350.0000,                                                  
DCMS                                              ,NHM                                               ,2012-11-01 00:00:00.000,Irrecoverable VAT                                 ,DCS Finance                                       ,Dell Computer Corporation Ltd                     ,CADPINVSM0000008919                               ,             203.2400,                                                  
DCMS                                              ,NHM                                               ,2012-11-01 00:00:00.000,Irrecoverable VAT                                 ,Palaeontology Admin                               ,Seton Ltd                                         ,CADPINVSM0000008923                               ,              44.1500,                                                  
DCMS                                              ,NHM                                               ,2012-11-01 00:00:00.000,Irrecoverable VAT                                 ,Zoology Admin                                     ,Teco Interiors Limited                            ,CADPINVSM0000008912                               ,              93.6200,                                                  
DCMS                                              ,NHM                                               ,2012-11-01 00:00:00.000,Irrecoverable VAT                                 ,DCS Finance                                       ,Tectrade Computers Ltd                            ,CADPINVSM0000008911                               ,              36.0700,                                                  
DCMS                                              ,NHM                                               ,2012-10-05 00:00:00.000,Equip Hire & Maintenance (Leases)                 ,VE Production Display & Conservation              ,EFG Matthews Office Furniture Ltd                 ,PINV      170764                                  ,             440.0000,                                                  
DCMS                                              ,NHM                                               ,2012-10-05 00:00:00.000,Exhibition Production                             ,PEG Vis Serv Temporary Exhibitions                ,Vinyl Graphics Ltd                                ,PINV      170702                                  ,            1264.8500,                                                  
DCMS                                              ,NHM                                               ,2012-10-05 00:00:00.000,Exhibition Production                             ,PEG Vis Serv Temporary Exhibitions                ,Vinyl Graphics Ltd                                ,PINV      170704                                  ,            2283.5300,                                                  
DCMS                                              ,NHM                                               ,2012-10-05 00:00:00.000,Irrecoverable VAT                                 ,DCS Finance                                       ,Canon (UK) Ltd                                    ,PINV      170736                                  ,               5.9900,                                                  
DCMS                                              ,NHM                                               ,2012-10-05 00:00:00.000,Irrecoverable VAT                                 ,DCS Finance                                       ,Certes Computing Ltd                              ,PINV      170762                                  ,               9.7300,                                                  
DCMS                                              ,NHM                                               ,2012-10-05 00:00:00.000,Irrecoverable VAT                                 ,DCS Finance                                       ,Certes Computing Ltd                              ,PINV      170763                                  ,              20.3500,                                                  
DCMS                                              ,NHM                                               ,2012-10-05 00:00:00.000,Irrecoverable VAT                                 ,DCS Finance                                       ,Spring Personnel                                  ,PINV      170751                                  ,               4.9700,                                                  
DCMS                                              ,NHM                                               ,2012-10-05 00:00:00.000,Irrecoverable VAT                                 ,DCS Finance                                       ,Spring Personnel                                  ,PINV      170752                                  ,               3.2000,                                                  
DCMS                                              ,NHM                                               ,2012-10-05 00:00:00.000,Irrecoverable VAT                                 ,DCS Finance                                       ,Spring Personnel                                  ,PINV      170753                                  ,               3.2000,                                                  
DCMS                                              ,NHM                                               ,2012-10-05 00:00:00.000,Irrecoverable VAT                                 ,DCS Finance                                       ,Spring Personnel                                  ,PINV      170754                                  ,               4.5300,                                                  
DCMS                                              ,NHM                                               ,2012-10-05 00:00:00.000,Irrecoverable VAT                                 ,DCS Finance                                       ,Spring Personnel                                  ,PINV      170755                                  ,               4.4100,                                                  
DCMS                                              ,NHM                                               ,2012-10-05 00:00:00.000,Irrecoverable VAT                                 ,DCS Finance                                       ,Spring Personnel                                  ,PINV      170758                                  ,               4.3600,                                                  
DCMS                                              ,NHM                                               ,2012-10-05 00:00:00.000,Maintenance & Repair                              ,PEG Visitor Offer Strat Non Exh Proj              ,Szerelmey Ltd                                     ,PINV      170713                                  ,           12227.8400,                                                  
DCMS                                              ,NHM                                               ,2012-10-05 00:00:00.000,MF - Travel Costs                                 ,Commerce Mgmt & Strategy                          ,Key Travel                                        ,PINV      170726                                  ,             909.0900,                                                  
DCMS                                              ,NHM                                               ,2012-10-05 00:00:00.000,Printing & stationery                             ,Science Administration Team                       ,Canon (UK) Ltd                                    ,PINV      170736                                  ,             941.6000,                                                  
DCMS                                              ,NHM                                               ,2012-10-05 00:00:00.000,Printing & stationery                             ,VE VLE Bookings&Sales                             ,Witherbys Lithoflow                               ,PINV      170727                                  ,            1284.0000,                                                  
DCMS                                              ,NHM                                               ,2012-10-08 00:00:00.000,Agency Temporary Staff Costs                      ,PEG Interactive Media CLOSED                      ,PFJ Recruitment Consultants                       ,PINV      170814                                  ,            1050.0000,                                                  
DCMS                                              ,NHM                                               ,2012-10-08 00:00:00.000,Agency Temporary Staff Costs                      ,PEG Interactive Media CLOSED                      ,PFJ Recruitment Consultants                       ,PINV      170815                                  ,            1050.0000,                                                  
DCMS                                              ,NHM                                               ,2012-10-08 00:00:00.000,Agency Temporary Staff Costs                      ,PEG Interactive Media CLOSED                      ,PFJ Recruitment Consultants                       ,PINV      170816                                  ,            1050.0000,                                                  
DCMS                                              ,NHM                                               ,2012-10-08 00:00:00.000,Agency Temporary Staff Costs                      ,PEG Interactive Media CLOSED                      ,PFJ Recruitment Consultants                       ,PINV      170817                                  ,            1050.0000,                                                  
DCMS                                              ,NHM                                               ,2012-10-08 00:00:00.000,Agency Temporary Staff Costs                      ,PEG Interactive Media CLOSED                      ,PFJ Recruitment Consultants                       ,PINV      170818                                  ,            1050.0000,                                                  
DCMS                                              ,NHM                                               ,2012-10-08 00:00:00.000,Agency Temporary Staff Costs                      ,PEG Interactive Media CLOSED                      ,PFJ Recruitment Consultants                       ,PINV      170819                                  ,            1050.0000,                                                  
DCMS                                              ,NHM                                               ,2012-10-08 00:00:00.000,Agency Temporary Staff Costs                      ,PEG Interactive Media CLOSED                      ,Spring Personnel                                  ,PINV      170777                                  ,             158.5000,                                                  
DCMS                                              ,NHM                                               ,2012-10-08 00:00:00.000,Agency Temporary Staff Costs                      ,PEG Interactive Media CLOSED                      ,Spring Personnel                                  ,PINV      170777                                  ,             794.0000,                                                  
DCMS                                              ,NHM                                               ,2012-10-08 00:00:00.000,Agency Temporary Staff Costs                      ,Estates Management                                ,Spring Personnel                                  ,PINV      170795                                  ,             994.3200,                                                  
DCMS                                              ,NHM                                               ,2012-10-08 00:00:00.000,Agency Temporary Staff Costs                      ,DCS Finance                                       ,Spring Personnel                                  ,PINV      170796                                  ,             490.7500,                                                  
DCMS                                              ,NHM                                               ,2012-10-08 00:00:00.000,Agency Temporary Staff Costs                      ,DCS Finance                                       ,Spring Personnel                                  ,PINV      170796                                  ,             509.1000,                                                  
DCMS                                              ,NHM                                               ,2012-10-08 00:00:00.000,Agency Temporary Staff Costs                      ,DCS Finance                                       ,Spring Personnel                                  ,PINV      170796                                  ,             526.6800,                                                  
DCMS                                              ,NHM                                               ,2012-10-08 00:00:00.000,Agency Temporary Staff Costs                      ,DCS Finance                                       ,Spring Personnel                                  ,PINV      170797                                  ,             504.7400,                                                  
DCMS                                              ,NHM                                               ,2012-10-08 00:00:00.000,Agency Temporary Staff Costs                      ,DCS Finance                                       ,Spring Personnel                                  ,PINV      170797                                  ,             509.1000,                                                  
DCMS                                              ,NHM                                               ,2012-10-08 00:00:00.000,Agency Temporary Staff Costs                      ,DCS Finance                                       ,Spring Personnel                                  ,PINV      170797                                  ,             543.6000,                                                  
DCMS                                              ,NHM                                               ,2012-10-08 00:00:00.000,Agency Temporary Staff Costs                      ,Estates Management                                ,Spring Personnel                                  ,PINV      170798                                  ,             994.3200,                                                  
DCMS                                              ,NHM                                               ,2012-10-08 00:00:00.000,Agency Temporary Staff Costs                      ,Estates Management                                ,Spring Personnel                                  ,PINV      170799                                  ,             994.3200,                                                  
DCMS                                              ,NHM                                               ,2012-10-08 00:00:00.000,Agency Temporary Staff Costs                      ,Estates Management                                ,Spring Personnel                                  ,PINV      170800                                  ,             455.7300,                                                  
DCMS                                              ,NHM                                               ,2012-10-08 00:00:00.000,Irrecoverable VAT                                 ,DCS Finance                                       ,Spring Personnel                                  ,PINV      170799                                  ,               6.3200,                                                  
DCMS                                              ,NHM                                               ,2012-10-08 00:00:00.000,Irrecoverable VAT                                 ,DCS Finance                                       ,Spring Personnel                                  ,PINV      170800                                  ,               2.9000,                                                  
DCMS                                              ,NHM                                               ,2012-10-08 00:00:00.000,Irrecoverable VAT                                 ,DCS Finance                                       ,Spring Personnel                                  ,PINV      170805                                  ,               4.8400,                                                  
DCMS                                              ,NHM                                               ,2012-10-08 00:00:00.000,Irrecoverable VAT                                 ,Entomology Admin                                  ,Spring Personnel                                  ,PINV      170806                                  ,              48.5400,                                                  
DCMS                                              ,NHM                                               ,2012-10-08 00:00:00.000,Irrecoverable VAT                                 ,Entomology Admin                                  ,Spring Personnel                                  ,PINV      170807                                  ,              48.5400,                                                  
DCMS                                              ,NHM                                               ,2012-10-08 00:00:00.000,Irrecoverable VAT                                 ,DCS Finance                                       ,Spring Personnel                                  ,PINV      170808                                  ,               3.3100,                                                  
DCMS                                              ,NHM                                               ,2012-10-08 00:00:00.000,Irrecoverable VAT                                 ,DCS Finance                                       ,Spring Personnel                                  ,PINV      170809                                  ,               3.4900,                                                  
DCMS                                              ,NHM                                               ,2012-10-08 00:00:00.000,Irrecoverable VAT                                 ,DCS Finance                                       ,Spring Personnel                                  ,PINV      170810                                  ,               3.4900,                                                  
DCMS                                              ,NHM                                               ,2012-10-08 00:00:00.000,Irrecoverable VAT                                 ,DCS Finance                                       ,Spring Personnel                                  ,PINV      170811                                  ,               3.4900,                                                  
DCMS                                              ,NHM                                               ,2012-10-08 00:00:00.000,Irrecoverable VAT                                 ,DCS Finance                                       ,Wild Yeast                                        ,PINV      170827                                  ,               8.0600,                                                  
DCMS                                              ,NHM                                               ,2012-10-08 00:00:00.000,IT Systems Development                            ,KEMu System                                       ,KE Software (UK) Ltd                              ,PINV      170788                                  ,            7120.0000,                                                  
DCMS                                              ,NHM                                               ,2012-10-08 00:00:00.000,P/L - Est  Electricity                            ,Estates Utilities & Rents                         ,Southern Electric                                 ,PINV      170781                                  ,            8376.5200,                                                  
DCMS                                              ,NHM                                               ,2012-10-08 00:00:00.000,P/L - Est  Electricity                            ,Estates Utilities & Rents                         ,Southern Electric                                 ,PINV      170782                                  ,            7695.6400,                                                  
DCMS                                              ,NHM                                               ,2012-10-08 00:00:00.000,P/L - Est  Electricity                            ,Estates Utilities & Rents                         ,Southern Electric                                 ,PINV      170783                                  ,            4859.9800,                                                  
DCMS                                              ,NHM                                               ,2012-10-08 00:00:00.000,P/L - Est  Electricity                            ,Estates Utilities & Rents                         ,Southern Electric                                 ,PINV      170786                                  ,            4335.9800,                                                  
DCMS                                              ,NHM                                               ,2012-10-08 00:00:00.000,P/L - Est Irrecoverable VAT R/Costs               ,Estates Management                                ,Allstar Business Solutions Ltd                    ,PINV      170823                                  ,               3.4800,                                                  
DCMS                                              ,NHM                                               ,2012-10-08 00:00:00.000,P/L - Est Irrecoverable VAT R/Costs               ,Estates Management                                ,Charles Kendall Packing Ltd                       ,PINV      170789                                  ,              41.7400,                                                  
DCMS                                              ,NHM                                               ,2012-10-08 00:00:00.000,P/L - Est Irrecoverable VAT R/Costs               ,Estates Management                                ,Investec Asset Finance Plc                        ,PINV      170793                                  ,              14.6300,                                                  
DCMS                                              ,NHM                                               ,2012-10-08 00:00:00.000,P/L - Est Irrecoverable VAT R/Costs               ,Estates Management                                ,Servest (Sherwood) Ltd                            ,PINV      170812                                  ,             724.1500,                                                  
DCMS                                              ,NHM                                               ,2012-10-08 00:00:00.000,P/L - Est Irrecoverable VAT R/Costs               ,Estates Management                                ,Spring Personnel                                  ,PINV      170795                                  ,               6.3200,                                                  
DCMS                                              ,NHM                                               ,2012-10-08 00:00:00.000,P/L - General Running Costs                       ,VE VLE Learning Experience                        ,BIG                                               ,PINV      170825                                  ,             186.2000,                                                  
DCMS                                              ,NHM                                               ,2012-10-08 00:00:00.000,P/L - General Running Costs                       ,VE VLE Learning Experience                        ,BIG                                               ,PINV      170825                                  ,             931.0000,                                                  
DCMS                                              ,NHM                                               ,2012-10-08 00:00:00.000,P/L - General Running Costs                       ,Botany Research                                   ,Cardiff University                                ,PINV      170790                                  ,             750.0000,                                                  
DCMS                                              ,NHM                                               ,2012-10-08 00:00:00.000,P/L - General Running Costs                       ,VE VLE Learning Experience                        ,KALLAWAY Limited                                  ,PINV      170771                                  ,            3000.0000,                                                  
DCMS                                              ,NHM                                               ,2012-10-08 00:00:00.000,P/L - General Running Costs                       ,PEG - Development                                 ,Wild Yeast                                        ,PINV      170827                                  ,            1267.8000,                                                  
DCMS                                              ,NHM                                               ,2012-10-08 00:00:00.000,P/L - Members Magazine Costs                      ,Commerce Memberships                              ,Witherbys Lithoflow                               ,PINV      170839                                  ,            6198.0000,                                                  
DCMS                                              ,NHM                                               ,2012-10-08 00:00:00.000,P/L - Monitoring Costs                            ,DCS Directorate                                   ,Emap Construct Ltd                                ,PINV      170766                                  ,            9260.1600,                                                  
DCMS                                              ,NHM                                               ,2012-10-08 00:00:00.000,P/L - Postage                                     ,Est Hskpg SK                                      ,Investec Asset Finance Plc                        ,PINV      170793                                  ,            2300.0000,                                                  
DCMS                                              ,NHM                                               ,2012-10-08 00:00:00.000,P/L - Serials                                     ,Sci L&A Collections&Reader Services               ,Swets Information Services Ltd                    ,PINV      170787                                  ,           62890.4900,                                                  
DCMS                                              ,NHM                                               ,2012-10-08 00:00:00.000,Recruitment Costs & Placement Fees                ,Commerce Mgmt & Strategy                          ,Spring Personnel                                  ,PINV      170801                                  ,             781.8800,                                                  
DCMS                                              ,NHM                                               ,2012-10-08 00:00:00.000,Recruitment Costs & Placement Fees                ,Commerce Mgmt & Strategy                          ,Spring Personnel                                  ,PINV      170802                                  ,             667.2000,                                                  
DCMS                                              ,NHM                                               ,2012-10-08 00:00:00.000,Recruitment Costs & Placement Fees                ,Commerce Mgmt & Strategy                          ,Spring Personnel                                  ,PINV      170803                                  ,             865.2800,                                                  
DCMS                                              ,NHM                                               ,2012-10-08 00:00:00.000,Recruitment Costs & Placement Fees                ,Commerce Mgmt & Strategy                          ,Spring Personnel                                  ,PINV      170804                                  ,             844.4300,                                                  
DCMS                                              ,NHM                                               ,2012-10-08 00:00:00.000,SS Agency Temp Staff Costs                        ,S/S - Telephones                                  ,Real Staffing Group Ltd                           ,PINV      170822                                  ,            1827.6500,                                                  
DCMS                                              ,NHM                                               ,2012-10-09 00:00:00.000,Agency Temporary Staff Costs                      ,VE VLE Bookings&Sales                             ,Spring Personnel                                  ,PINV      170874                                  ,            1383.8800,                                                  
DCMS                                              ,NHM                                               ,2012-10-09 00:00:00.000,Agency Temporary Staff Costs                      ,VE VLE Bookings&Sales                             ,Spring Personnel                                  ,PINV      170874                                  ,            1455.1900,                                                  
DCMS                                              ,NHM                                               ,2012-10-09 00:00:00.000,Agency Temporary Staff Costs                      ,VE VLE Bookings&Sales                             ,Spring Personnel                                  ,PINV      170874                                  ,            2380.1200,                                                  
DCMS                                              ,NHM                                               ,2012-10-09 00:00:00.000,Agency Temporary Staff Costs                      ,VE VLE Bookings&Sales                             ,Spring Personnel                                  ,PINV      170874                                  ,            3018.1400,                                                  
DCMS                                              ,NHM                                               ,2012-10-09 00:00:00.000,Agency Temporary Staff Costs                      ,VE VLE Bookings&Sales                             ,Spring Personnel                                  ,PINV      170874                                  ,            4314.3400,                                                  
DCMS                                              ,NHM                                               ,2012-10-09 00:00:00.000,Agency Temporary Staff Costs                      ,VE VLE Bookings&Sales                             ,Spring Personnel                                  ,PINV      170875                                  ,             581.0100,                                                  
DCMS                                              ,NHM                                               ,2012-10-09 00:00:00.000,Agency Temporary Staff Costs                      ,VE VLE Bookings&Sales                             ,Spring Personnel                                  ,PINV      170875                                  ,            1215.5300,                                                  
DCMS                                              ,NHM                                               ,2012-10-09 00:00:00.000,Agency Temporary Staff Costs                      ,VE VLE Bookings&Sales                             ,Spring Personnel                                  ,PINV      170875                                  ,            2161.9400,                                                  
DCMS                                              ,NHM                                               ,2012-10-09 00:00:00.000,Agency Temporary Staff Costs                      ,VE VLE Bookings&Sales                             ,Spring Personnel                                  ,PINV      170875                                  ,            2615.2500,                                                  
DCMS                                              ,NHM                                               ,2012-10-09 00:00:00.000,Agency Temporary Staff Costs                      ,VE VLE Bookings&Sales                             ,Spring Personnel                                  ,PINV      170875                                  ,            4926.8600,                                                  
DCMS                                              ,NHM                                               ,2012-10-09 00:00:00.000,Agency Temporary Staff Costs                      ,VE VLE Bookings&Sales                             ,Spring Personnel                                  ,PINV      170876                                  ,             664.4700,                                                  
DCMS                                              ,NHM                                               ,2012-10-09 00:00:00.000,Agency Temporary Staff Costs                      ,VE VLE Bookings&Sales                             ,Spring Personnel                                  ,PINV      170876                                  ,            1458.9000,                                                  
DCMS                                              ,NHM                                               ,2012-10-09 00:00:00.000,Agency Temporary Staff Costs                      ,VE VLE Bookings&Sales                             ,Spring Personnel                                  ,PINV      170876                                  ,            3003.5300,                                                  
DCMS                                              ,NHM                                               ,2012-10-09 00:00:00.000,Agency Temporary Staff Costs                      ,VE VLE Bookings&Sales                             ,Spring Personnel                                  ,PINV      170876                                  ,            5877.2900,                                                  
DCMS                                              ,NHM                                               ,2012-10-09 00:00:00.000,Agency Temporary Staff Costs                      ,VE VLE Welcome&Information                        ,Step Ahead                                        ,PINV      170866                                  ,            4199.9400,                                                  
DCMS                                              ,NHM                                               ,2012-10-09 00:00:00.000,Irrecoverable VAT                                 ,DCS Finance                                       ,London Universities                               ,PINV      170863                                  ,              38.1600,                                                  
DCMS                                              ,NHM                                               ,2012-10-09 00:00:00.000,SS Agency Temp Staff Costs                        ,S/S - Telephones                                  ,Real Staffing Group Ltd                           ,PINV      170852                                  ,            1827.6500,                                                  
DCMS                                              ,NHM                                               ,2012-10-09 00:00:00.000,Subscriptions                                     ,DCS Finance Procurement                           ,London Universities                               ,PINV      170863                                  ,            6000.0000,                                                  
DCMS                                              ,NHM                                               ,2012-10-10 00:00:00.000,Agency Temporary Staff Costs                      ,DCS Finance                                       ,Accountancy Divisions Ltd                         ,PINV      170896                                  ,             420.5000,                                                  
DCMS                                              ,NHM                                               ,2012-10-10 00:00:00.000,Agency Temporary Staff Costs                      ,DCS ICT (Info Computer Techonology)               ,Eurobase People                                   ,PINV      170884                                  ,             628.3200,                                                  
DCMS                                              ,NHM                                               ,2012-10-10 00:00:00.000,Agency Temporary Staff Costs                      ,DCS ICT (Info Computer Techonology)               ,Eurobase People                                   ,PINV      170885                                  ,             811.5000,                                                  
DCMS                                              ,NHM                                               ,2012-10-10 00:00:00.000,Agency Temporary Staff Costs                      ,DCS ICT (Info Computer Techonology)               ,Eurobase People                                   ,PINV      170886                                  ,             728.0000,                                                  
DCMS                                              ,NHM                                               ,2012-10-10 00:00:00.000,Agency Temporary Staff Costs                      ,DCS Audit & Risk Assurance                        ,Marks Sattin                                      ,PINV      170855                                  ,            1350.2300,                                                  
DCMS                                              ,NHM                                               ,2012-10-10 00:00:00.000,Agency Temporary Staff Costs                      ,VE VLE Bookings&Sales                             ,Spring Personnel                                  ,PINV      170871                                  ,            1098.6000,                                                  
DCMS                                              ,NHM                                               ,2012-10-10 00:00:00.000,Agency Temporary Staff Costs                      ,VE VLE Bookings&Sales                             ,Spring Personnel                                  ,PINV      170871                                  ,            1475.6500,                                                  
DCMS                                              ,NHM                                               ,2012-10-10 00:00:00.000,Agency Temporary Staff Costs                      ,VE VLE Bookings&Sales                             ,Spring Personnel                                  ,PINV      170871                                  ,            2327.0300,                                                  
DCMS                                              ,NHM                                               ,2012-10-10 00:00:00.000,Agency Temporary Staff Costs                      ,VE VLE Bookings&Sales                             ,Spring Personnel                                  ,PINV      170871                                  ,            2912.7700,                                                  
DCMS                                              ,NHM                                               ,2012-10-10 00:00:00.000,Agency Temporary Staff Costs                      ,VE VLE Bookings&Sales                             ,Spring Personnel                                  ,PINV      170871                                  ,            6350.6000,                                                  
DCMS                                              ,NHM                                               ,2012-10-10 00:00:00.000,B/S - Tangible F Assets - L&B - Cons              ,Estates Buildings                                 ,BAM Construction Ltd                              ,PINV      170862                                  ,           21000.0000,                                                  
DCMS                                              ,NHM                                               ,2012-10-10 00:00:00.000,B/S - Tangible F Assets - L&B - Cons              ,Estates Buildings                                 ,ISG Interior Services Group Plc                   ,PINV      170865                                  ,           57890.3500,                                                  
DCMS                                              ,NHM                                               ,2012-10-10 00:00:00.000,B/S - Tangible F Assets - L&B - Cons              ,Estates Buildings                                 ,ISG Interior Services Group Plc                   ,PINV      170867                                  ,           44091.9800,                                                  
DCMS                                              ,NHM                                               ,2012-10-10 00:00:00.000,B/S - Tangible F/A - L&B - Irrec VAT              ,Estates Buildings                                 ,BAM Construction Ltd                              ,PINV      170862                                  ,             533.4000,                                                  
DCMS                                              ,NHM                                               ,2012-10-10 00:00:00.000,Printing & stationery                             ,DCS Human Resources Operations                    ,Office Depot (Guilbert UK Ltd)                    ,PINV      170872                                  ,              62.9100,                                                  
DCMS                                              ,NHM                                               ,2012-10-10 00:00:00.000,Printing & stationery                             ,Estates Management                                ,Office Depot (Guilbert UK Ltd)                    ,PINV      170872                                  ,              68.4700,                                                  
DCMS                                              ,NHM                                               ,2012-10-10 00:00:00.000,Printing & stationery                             ,DCS Finance                                       ,Office Depot (Guilbert UK Ltd)                    ,PINV      170872                                  ,              71.6100,                                                  
DCMS                                              ,NHM                                               ,2012-10-10 00:00:00.000,Printing & stationery                             ,DCS Directorate                                   ,Office Depot (Guilbert UK Ltd)                    ,PINV      170872                                  ,              83.3500,                                                  
DCMS                                              ,NHM                                               ,2012-10-10 00:00:00.000,Printing & stationery                             ,PEG - Communications Central                      ,Office Depot (Guilbert UK Ltd)                    ,PINV      170872                                  ,              83.8600,                                                  
DCMS                                              ,NHM                                               ,2012-10-10 00:00:00.000,Printing & stationery                             ,Botany Administration                             ,Office Depot (Guilbert UK Ltd)                    ,PINV      170872                                  ,             111.1500,                                                  
DCMS                                              ,NHM                                               ,2012-10-10 00:00:00.000,Printing & stationery                             ,Palaeontology Admin                               ,Office Depot (Guilbert UK Ltd)                    ,PINV      170872                                  ,             139.3300,                                                  
DCMS                                              ,NHM                                               ,2012-10-10 00:00:00.000,Printing & stationery                             ,Sci L&A Management                                ,Office Depot (Guilbert UK Ltd)                    ,PINV      170872                                  ,             147.0100,                                                  
DCMS                                              ,NHM                                               ,2012-10-10 00:00:00.000,Printing & Stationery                             ,PEG - Development                                 ,Office Depot (Guilbert UK Ltd)                    ,PINV      170872                                  ,             164.0500,                                                  
DCMS                                              ,NHM                                               ,2012-10-10 00:00:00.000,Printing & stationery                             ,PEG VS Bookings & Helpdesk                        ,Office Depot (Guilbert UK Ltd)                    ,PINV      170872                                  ,             205.6600,                                                  
DCMS                                              ,NHM                                               ,2012-10-10 00:00:00.000,Printing & stationery                             ,PEG Directorate & Resources                       ,Office Depot (Guilbert UK Ltd)                    ,PINV      170872                                  ,             280.1200,                                                  
DCMS                                              ,NHM                                               ,2012-10-10 00:00:00.000,Printing & stationery                             ,PEG - Learning Management                         ,Office Depot (Guilbert UK Ltd)                    ,PINV      170872                                  ,             281.7000,                                                  
DCMS                                              ,NHM                                               ,2012-10-10 00:00:00.000,Printing & stationery                             ,PEG VS Bookings & Helpdesk                        ,Office Depot (Guilbert UK Ltd)                    ,PINV      170872                                  ,             516.6400,                                                  
DCMS                                              ,NHM                                               ,2012-10-10 00:00:00.000,Printing & stationery                             ,Zoology Admin                                     ,Office Depot (Guilbert UK Ltd)                    ,PINV      170872                                  ,             562.6700,                                                  
DCMS                                              ,NHM                                               ,2012-10-10 00:00:00.000,Printing & stationery                             ,Tring Administration                              ,Office Depot (Guilbert UK Ltd)                    ,PINV      170872                                  ,             592.3200,                                                  
DCMS                                              ,NHM                                               ,2012-10-10 00:00:00.000,Printing & stationery                             ,Science Administration Team                       ,Office Depot (Guilbert UK Ltd)                    ,PINV      170872                                  ,             723.3600,                                                  
DCMS                                              ,NHM                                               ,2012-10-10 00:00:00.000,Professional Services/Fees                        ,Est Security SK                                   ,AON Hewitt Ltd                                    ,PINV      170898                                  ,             430.6100,                                                  
DCMS                                              ,NHM                                               ,2012-10-10 00:00:00.000,Telephone Installation & Equip                    ,DCS Telephones                                    ,Data Track Technology Plc                         ,PINV      170900                                  ,            3190.0000,                                                  
DCMS                                              ,NHM                                               ,2012-10-10 00:00:00.000,Vehicle Leasing Costs                             ,Estates Stationery & Transport                    ,Arnold Clark Finance Limited                      ,PINV      170897                                  ,             918.4900,                                                  
DCMS                                              ,NHM                                               ,2012-10-17 00:00:00.000,Agency Temporary Staff Costs                      ,DCS Finance                                       ,Accountancy Divisions Ltd                         ,PINV      170963                                  ,             529.2500,                                                  
DCMS                                              ,NHM                                               ,2012-10-17 00:00:00.000,Agency Temporary Staff Costs                      ,DCS ICT (Info Computer Techonology)               ,Certes Computing Ltd                              ,PINV      170948                                  ,            3187.5000,                                                  
DCMS                                              ,NHM                                               ,2012-10-17 00:00:00.000,Agency Temporary Staff Costs                      ,DCS ICT (Info Computer Techonology)               ,Eurobase People                                   ,PINV      170939                                  ,            3979.3600,                                                  
DCMS                                              ,NHM                                               ,2012-10-17 00:00:00.000,Agency Temporary Staff Costs                      ,DCS ICT (Info Computer Techonology)               ,Eurobase People                                   ,PINV      170940                                  ,             728.0000,                                                  
DCMS                                              ,NHM                                               ,2012-10-17 00:00:00.000,Agency Temporary Staff Costs                      ,DCS ICT (Info Computer Techonology)               ,Eurobase People                                   ,PINV      170941                                  ,             876.4200,                                                  
DCMS                                              ,NHM                                               ,2012-10-17 00:00:00.000,Agency Temporary Staff Costs                      ,DCS ICT (Info Computer Techonology)               ,Eurobase People                                   ,PINV      170942                                  ,            1047.2000,                                                  
DCMS                                              ,NHM                                               ,2012-10-17 00:00:00.000,Agency Temporary Staff Costs                      ,DCS ICT (Info Computer Techonology)               ,Eurobase People                                   ,PINV      170943                                  ,             476.0800,                                                  
DCMS                                              ,NHM                                               ,2012-10-17 00:00:00.000,Agency Temporary Staff Costs                      ,DCS ICT (Info Computer Techonology)               ,Eurobase People                                   ,PINV      170945                                  ,            1047.2000,                                                  
DCMS                                              ,NHM                                               ,2012-10-17 00:00:00.000,Agency Temporary Staff Costs                      ,DCS ICT (Info Computer Techonology)               ,Eurobase People                                   ,PINV      170947                                  ,             728.0000,                                                  
DCMS                                              ,NHM                                               ,2012-10-17 00:00:00.000,Agency Temporary Staff Costs                      ,DCS Audit & Risk Assurance                        ,Marks Sattin                                      ,PINV      171003                                  ,            1359.0500,                                                  
DCMS                                              ,NHM                                               ,2012-10-17 00:00:00.000,Agency Temporary Staff Costs                      ,DCS Human Resources Operations                    ,Spring Personnel                                  ,PINV      170909                                  ,             685.0800,                                                  
DCMS                                              ,NHM                                               ,2012-10-17 00:00:00.000,Agency Temporary Staff Costs                      ,DCS Human Resources Operations                    ,Spring Personnel                                  ,PINV      170910                                  ,             647.0200,                                                  
DCMS                                              ,NHM                                               ,2012-10-17 00:00:00.000,Agency Temporary Staff Costs                      ,DCS Human Resources Operations                    ,Spring Personnel                                  ,PINV      170991                                  ,             940.1000,                                                  
DCMS                                              ,NHM                                               ,2012-10-17 00:00:00.000,Agency Temporary Staff Costs                      ,DCS Finance                                       ,Spring Personnel                                  ,PINV      170999                                  ,            -437.9000,                                                  
DCMS                                              ,NHM                                               ,2012-10-17 00:00:00.000,Agency Temporary Staff Costs                      ,DCS Finance                                       ,Spring Personnel                                  ,PINV      170999                                  ,             254.5500,                                                  
DCMS                                              ,NHM                                               ,2012-10-17 00:00:00.000,Agency Temporary Staff Costs                      ,DCS Finance                                       ,Spring Personnel                                  ,PINV      170999                                  ,             292.8000,                                                  
DCMS                                              ,NHM                                               ,2012-10-17 00:00:00.000,Agency Temporary Staff Costs                      ,DCS Finance                                       ,Spring Personnel                                  ,PINV      170999                                  ,             526.6800,                                                  
DCMS                                              ,NHM                                               ,2012-10-17 00:00:00.000,Agency Temporary Staff Costs                      ,DCS Finance                                       ,Spring Personnel                                  ,PINV      170999                                  ,             543.6000,                                                  
DCMS                                              ,NHM                                               ,2012-10-17 00:00:00.000,Agency Temporary Staff Costs                      ,DCS Human Resources Operations                    ,Spring Personnel                                  ,PINV      171000                                  ,             542.3600,                                                  
DCMS                                              ,NHM                                               ,2012-10-17 00:00:00.000,Agency Temporary Staff Costs                      ,PEG VS Bookings & Helpdesk                        ,Spring Personnel                                  ,PINV      171004                                  ,            1013.8000,                                                  
DCMS                                              ,NHM                                               ,2012-10-17 00:00:00.000,B/S -Tang FA - Perm Exhib Construct               ,PEG Visitor Offer Strat Non Exh Proj              ,J W Restoration Ltd                               ,PINV      170957                                  ,             480.0000,                                                  
DCMS                                              ,NHM                                               ,2012-10-17 00:00:00.000,DA Events                                         ,VE VLE Bookings&Sales                             ,Music & Arts Security Limited                     ,PINV      170922                                  ,             627.0000,                                                  
DCMS                                              ,NHM                                               ,2012-10-17 00:00:00.000,DA Events                                         ,VE VLE Bookings&Sales                             ,Royal College of Music                            ,PINV      170972                                  ,             470.0000,                                                  
DCMS                                              ,NHM                                               ,2012-10-17 00:00:00.000,Elec Works                                        ,Estates Engineering                               ,Emcor Facility Services Ltd                       ,PINV      170960                                  ,             513.7000,                                                  
DCMS                                              ,NHM                                               ,2012-10-17 00:00:00.000,Equip Hire & Maintenance (Leases)                 ,LIS - Photcopying Unit                            ,CF Asset Finance                                  ,PINV      170959                                  ,            4949.8600,                                                  
DCMS                                              ,NHM                                               ,2012-10-17 00:00:00.000,Est - Routinemaint -Grounds Maint                 ,VE Production Display & Conservation              ,Gary Grant                                        ,PINV      170975                                  ,            2226.0000,                                                  
DCMS                                              ,NHM                                               ,2012-10-17 00:00:00.000,EXF - Travel                                      ,VE VLE Learning Experience                        ,Newgate Concise                                   ,PINV      171011                                  ,             103.0000,                                                  
DCMS                                              ,NHM                                               ,2012-10-17 00:00:00.000,EXF - Travel                                      ,VE VLE Learning Experience                        ,Newgate Concise                                   ,PINV      171011                                  ,             515.0000,                                                  
DCMS                                              ,NHM                                               ,2012-10-17 00:00:00.000,Exhibition Production                             ,PEG Vis Serv Temporary Exhibitions                ,Neptunus Ltd                                      ,PINV      170950                                  ,            1992.0000,                                                  
DCMS                                              ,NHM                                               ,2012-10-17 00:00:00.000,Exhibition Production                             ,PEG Visitor Offer Strat Non Exh Proj              ,Topografik                                        ,PINV      170936                                  ,            1050.0000,                                                  
DCMS                                              ,NHM                                               ,2012-10-17 00:00:00.000,Exhibition Production                             ,PEG Vis Serv Temporary Exhibitions                ,TRAC Ltd                                          ,PINV      170952                                  ,            1450.0000,                                                  
DCMS                                              ,NHM                                               ,2012-10-17 00:00:00.000,Hospitality                                       ,VE Production Display & Conservation              ,Benugo                                            ,PINV      170953                                  ,             875.0000,                                                  
DCMS                                              ,NHM                                               ,2012-10-17 00:00:00.000,HR Employee Assistance Programme                  ,DCS Human Resources Operations                    ,Workplace Options                                 ,PINV      170986                                  ,            3225.8300,                                                  
DCMS                                              ,NHM                                               ,2012-10-17 00:00:00.000,HR Payroll Provider                               ,DCS Human Resources Operations                    ,NorthgateArinso UK Ltd                            ,PINV      170961                                  ,           10079.2700,                                                  
DCMS                                              ,NHM                                               ,2012-10-17 00:00:00.000,Irrecoverable VAT                                 ,DCS Finance                                       ,Accountancy Divisions Ltd                         ,PINV      170963                                  ,               3.3700,                                                  
DCMS                                              ,NHM                                               ,2012-10-17 00:00:00.000,Irrecoverable VAT                                 ,DCS Finance                                       ,Best Practice User Group Ltd                      ,PINV      170995                                  ,               4.1300,                                                  
DCMS                                              ,NHM                                               ,2012-10-17 00:00:00.000,Irrecoverable VAT                                 ,DCS Finance                                       ,Certes Computing Ltd                              ,PINV      170948                                  ,              20.2700,                                                  
DCMS                                              ,NHM                                               ,2012-10-17 00:00:00.000,Irrecoverable VAT                                 ,DCS Finance                                       ,CF Asset Finance                                  ,PINV      170959                                  ,              31.4800,                                                  
DCMS                                              ,NHM                                               ,2012-10-17 00:00:00.000,Irrecoverable VAT                                 ,DCS Finance                                       ,Eurobase People                                   ,PINV      170939                                  ,              25.3100,                                                  
DCMS                                              ,NHM                                               ,2012-10-17 00:00:00.000,Irrecoverable VAT                                 ,DCS Finance                                       ,Eurobase People                                   ,PINV      170940                                  ,               4.6300,                                                  
DCMS                                              ,NHM                                               ,2012-10-17 00:00:00.000,Irrecoverable VAT                                 ,DCS Finance                                       ,Eurobase People                                   ,PINV      170941                                  ,               5.5700,                                                  
DCMS                                              ,NHM                                               ,2012-10-17 00:00:00.000,Irrecoverable VAT                                 ,DCS Finance                                       ,Eurobase People                                   ,PINV      170942                                  ,               6.6600,                                                  
DCMS                                              ,NHM                                               ,2012-10-17 00:00:00.000,Irrecoverable VAT                                 ,DCS Finance                                       ,Eurobase People                                   ,PINV      170943                                  ,               3.0300,                                                  
DCMS                                              ,NHM                                               ,2012-10-17 00:00:00.000,Irrecoverable VAT                                 ,DCS Finance                                       ,Eurobase People                                   ,PINV      170945                                  ,               6.6600,                                                  
DCMS                                              ,NHM                                               ,2012-10-17 00:00:00.000,Irrecoverable VAT                                 ,DCS Finance                                       ,Eurobase People                                   ,PINV      170947                                  ,               4.6300,                                                  
DCMS                                              ,NHM                                               ,2012-10-17 00:00:00.000,Irrecoverable VAT                                 ,DCS Finance                                       ,Marks Sattin                                      ,PINV      171003                                  ,               8.6400,                                                  
DCMS                                              ,NHM                                               ,2012-10-17 00:00:00.000,Irrecoverable VAT                                 ,Zoology Admin                                     ,New Alchemy                                       ,PINV      170997                                  ,              40.9800,                                                  
DCMS                                              ,NHM                                               ,2012-10-17 00:00:00.000,P/L - General Running Costs                       ,Palaeontology Research                            ,The Queen Elizabeth II Conference Ce              ,PINV      170988                                  ,           62744.1800,                                                  
DCMS                                              ,NHM                                               ,2012-10-17 00:00:00.000,P/L -Training Costs                               ,DCS HR Organisational Development                 ,Lewisham College                                  ,PINV      170981                                  ,            1050.0000,                                                  
DCMS                                              ,NHM                                               ,2012-10-17 00:00:00.000,Printing & stationery                             ,PEG - Learning Management                         ,Right Document Solutions                          ,PINV      171022                                  ,             750.0900,                                                  
DCMS                                              ,NHM                                               ,2012-10-17 00:00:00.000,Professional Services/Fees                        ,Zoology Curation                                  ,New Alchemy                                       ,PINV      170997                                  ,             500.0000,                                                  
DCMS                                              ,NHM                                               ,2012-10-17 00:00:00.000,Professional Services/Fees                        ,Estates Buildings                                 ,Tuscan Holdings Ltd                               ,PINV      171018                                  ,             715.0000,                                                  
DCMS                                              ,NHM                                               ,2012-10-17 00:00:00.000,Recruitment Costs & Placement Fees                ,DCS Human Resources Operations                    ,Disclosure Scotland                               ,PINV      170985                                  ,             700.0000,                                                  
DCMS                                              ,NHM                                               ,2012-10-17 00:00:00.000,Subscriptions                                     ,DCS Policy & Planning Directorate                 ,Best Practice User Group Ltd                      ,PINV      170995                                  ,             650.0000,                                                  
DCMS                                              ,NHM                                               ,2012-10-17 00:00:00.000,Telephone Installation & Equip                    ,DCS Telephones                                    ,Data Track Technology Plc                         ,PINV      170974                                  ,             650.0000,                                                  
DCMS                                              ,NHM                                               ,2012-10-17 00:00:00.000,Transport                                         ,PEG Vis Serv Temporary Exhibitions                ,Charles Kendall Packing Ltd                       ,PINV      170951                                  ,           19814.6700,                                                  
DCMS                                              ,NHM                                               ,2012-10-17 00:00:00.000,Vehicle Leasing Costs                             ,Estates Stationery & Transport                    ,Arnold Clark Finance Limited                      ,PINV      171015                                  ,             918.4900,                                                  
DCMS                                              ,NHM                                               ,2012-10-17 00:00:00.000,Work In Progress - Publishing                     ,Commerce Publishing                               ,Mercer Design                                     ,PINV      171001                                  ,            3590.5000,                                                  
DCMS                                              ,NHM                                               ,2012-10-17 00:00:00.000,Work In Progress - Publishing                     ,Commerce Publishing                               ,Rosamund Kidman Cox                               ,PINV      170977                                  ,            3050.0000,                                                  
DCMS                                              ,NHM                                               ,2012-10-17 00:00:00.000,Work In Progress - Publishing                     ,Commerce Publishing                               ,Saxon Digital Services                            ,PINV      171002                                  ,             965.5000,                                                  
DCMS                                              ,NHM                                               ,2012-10-18 00:00:00.000,Agency Temporary Staff Costs                      ,DCS ICT (Info Computer Techonology)               ,Certes Computing Ltd                              ,PINV      171090                                  ,            1529.4000,                                                  
DCMS                                              ,NHM                                               ,2012-10-18 00:00:00.000,Agency Temporary Staff Costs                      ,VE Production Display & Conservation              ,Spring Personnel                                  ,PINV      171048                                  ,             729.7100,                                                  
DCMS                                              ,NHM                                               ,2012-10-18 00:00:00.000,Agency Temporary Staff Costs                      ,VE Production Display & Conservation              ,Spring Personnel                                  ,PINV      171049                                  ,             593.9500,                                                  
DCMS                                              ,NHM                                               ,2012-10-18 00:00:00.000,Agency Temporary Staff Costs                      ,Science Research & Consulting Office              ,Spring Personnel                                  ,PINV      171050                                  ,             425.0400,                                                  
DCMS                                              ,NHM                                               ,2012-10-18 00:00:00.000,Agency Temporary Staff Costs                      ,DCS ICT (Info Computer Techonology)               ,Spring Personnel                                  ,PINV      171078                                  ,             625.5000,                                                  
DCMS                                              ,NHM                                               ,2012-10-18 00:00:00.000,Agency Temporary Staff Costs                      ,DCS ICT (Info Computer Techonology)               ,Spring Personnel                                  ,PINV      171079                                  ,             503.1000,                                                  
DCMS                                              ,NHM                                               ,2012-10-18 00:00:00.000,Agency Temporary Staff Costs                      ,Entomology Admin                                  ,Spring Personnel                                  ,PINV      171080                                  ,             641.5500,                                                  
DCMS                                              ,NHM                                               ,2012-10-18 00:00:00.000,Agency Temporary Staff Costs                      ,VE VLE Welcome&Information                        ,Spring Personnel                                  ,PINV      171081                                  ,            1626.3000,                                                  
DCMS                                              ,NHM                                               ,2012-10-18 00:00:00.000,Agency Temporary Staff Costs                      ,Entomology Admin                                  ,Spring Personnel                                  ,PINV      171082                                  ,             592.2000,                                                  
DCMS                                              ,NHM                                               ,2012-10-18 00:00:00.000,Agency Temporary Staff Costs                      ,Entomology Admin                                  ,Spring Personnel                                  ,PINV      171083                                  ,             460.6000,                                                  
DCMS                                              ,NHM                                               ,2012-10-18 00:00:00.000,Agency Temporary Staff Costs                      ,VE VLE Welcome&Information                        ,Spring Personnel                                  ,PINV      171084                                  ,            1946.6100,                                                  
DCMS                                              ,NHM                                               ,2012-10-18 00:00:00.000,Agency Temporary Staff Costs                      ,VE VLE Welcome&Information                        ,Spring Personnel                                  ,PINV      171085                                  ,            1336.9200,                                                  
DCMS                                              ,NHM                                               ,2012-10-18 00:00:00.000,Agency Temporary Staff Costs                      ,VE VLE Welcome&Information                        ,Spring Personnel                                  ,PINV      171086                                  ,            1410.3000,                                                  
DCMS                                              ,NHM                                               ,2012-10-18 00:00:00.000,Agency Temporary Staff Costs                      ,VE VLE Welcome&Information                        ,Spring Personnel                                  ,PINV      171087                                  ,            1408.0500,                                                  
DCMS                                              ,NHM                                               ,2012-10-18 00:00:00.000,Agency Temporary Staff Costs                      ,VE VLE Welcome&Information                        ,Spring Personnel                                  ,PINV      171088                                  ,            4269.7500,                                                  
DCMS                                              ,NHM                                               ,2012-10-18 00:00:00.000,Agency Temporary Staff Costs                      ,DCS Human Resources Operations                    ,Spring Personnel                                  ,PINV      171089                                  ,             807.3800,                                                  
DCMS                                              ,NHM                                               ,2012-10-18 00:00:00.000,Agency Temporary Staff Costs                      ,VE VLE Welcome&Information                        ,Step Ahead                                        ,PINV      171062                                  ,            3741.3600,                                                  
DCMS                                              ,NHM                                               ,2012-10-18 00:00:00.000,Agency Temporary Staff Costs                      ,VE VLE Welcome&Information                        ,Step Ahead                                        ,PINV      171063                                  ,             946.1300,                                                  
DCMS                                              ,NHM                                               ,2012-10-19 00:00:00.000,Agency Temporary Staff Costs                      ,DCS ICT (Info Computer Techonology)               ,Eurobase People                                   ,PINV      171106                                  ,             728.0000,                                                  
DCMS                                              ,NHM                                               ,2012-10-19 00:00:00.000,Agency Temporary Staff Costs                      ,DCS ICT (Info Computer Techonology)               ,Eurobase People                                   ,PINV      171107                                  ,             908.8800,                                                  
DCMS                                              ,NHM                                               ,2012-10-19 00:00:00.000,Agency Temporary Staff Costs                      ,DCS ICT (Info Computer Techonology)               ,Eurobase People                                   ,PINV      171108                                  ,             833.1400,                                                  
DCMS                                              ,NHM                                               ,2012-10-19 00:00:00.000,B/S - Tangible F Assets - L&B - Cons              ,PEG Visitor Offer Strat Non Exh Proj              ,Marshalls Group PLC                               ,PINV      171036                                  ,           76719.2300,                                                  
DCMS                                              ,NHM                                               ,2012-10-19 00:00:00.000,Irrecoverable VAT                                 ,DCS Finance                                       ,Eurobase People                                   ,PINV      171105                                  ,               6.6600,                                                  
DCMS                                              ,NHM                                               ,2012-10-19 00:00:00.000,Irrecoverable VAT                                 ,DCS Finance                                       ,Eurobase People                                   ,PINV      171106                                  ,               4.6300,                                                  
DCMS                                              ,NHM                                               ,2012-10-19 00:00:00.000,Irrecoverable VAT                                 ,DCS Finance                                       ,Eurobase People                                   ,PINV      171107                                  ,               5.7800,                                                  
DCMS                                              ,NHM                                               ,2012-10-19 00:00:00.000,Irrecoverable VAT                                 ,DCS Finance                                       ,Eurobase People                                   ,PINV      171108                                  ,               5.3000,                                                  
DCMS                                              ,NHM                                               ,2012-10-19 00:00:00.000,MF - General Running Costs                        ,VE VLE Welcome&Information                        ,Emcor Facility Services Ltd                       ,PINV      171109                                  ,            1104.6100,                                                  
DCMS                                              ,NHM                                               ,2012-10-19 00:00:00.000,MF - Travel Costs                                 ,PEG Service Development (Ex Vis Exp)              ,Olimpicars                                        ,PINV      171114                                  ,              32.5000,                                                  
DCMS                                              ,NHM                                               ,2012-10-19 00:00:00.000,P/L - Courier Costs                               ,Zoology Research CLSD                             ,DHL International (UK) Ltd                        ,PINV      171056                                  ,             619.3200,                                                  
DCMS                                              ,NHM                                               ,2012-10-19 00:00:00.000,P/L - General Running Costs                       ,Mineralogy Research                               ,Harrington Gardens House Ltd                      ,PINV      171115                                  ,             655.0000,                                                  
DCMS                                              ,NHM                                               ,2012-10-19 00:00:00.000,P/L - General Running Costs                       ,VE VLE Learning Experience                        ,Olimpicars                                        ,PINV      171114                                  ,             483.4500,                                                  
DCMS                                              ,NHM                                               ,2012-10-19 00:00:00.000,Recruitment Costs & Placement Fees                ,Commerce Mgmt & Strategy                          ,Spring Personnel                                  ,PINV      171113                                  ,             594.2300,                                                  
DCMS                                              ,NHM                                               ,2012-10-22 00:00:00.000,Elec & Mech Contract Services                     ,Estates Buildings                                 ,Emcor Facility Services Ltd                       ,PINV      170870                                  ,            4572.0000,                                                  
DCMS                                              ,NHM                                               ,2012-10-22 00:00:00.000,Elec & Mech Contract Services                     ,Estates Engineering                               ,Emcor Facility Services Ltd                       ,PINV      170870                                  ,          153851.1700,                                                  
DCMS                                              ,NHM                                               ,2012-10-22 00:00:00.000,P/L - Est Irrecoverable VAT R/Costs               ,Estates Management                                ,Emcor Facility Services Ltd                       ,PINV      170870                                  ,            1007.5700,                                                  
DCMS                                              ,NHM                                               ,2012-10-23 00:00:00.000,Agency Temporary Staff Costs                      ,DCS Finance                                       ,Accountancy Divisions Ltd                         ,PINV      171124                                  ,             543.7500,                                                  
DCMS                                              ,NHM                                               ,2012-10-23 00:00:00.000,Agency Temporary Staff Costs                      ,PEG VS Bookings & Helpdesk                        ,Spring Personnel                                  ,PINV      171157                                  ,             932.2000,                                                  
DCMS                                              ,NHM                                               ,2012-10-23 00:00:00.000,Agency Temporary Staff Costs                      ,PEG Interactive Media CLOSED                      ,Spring Personnel                                  ,PINV      171159                                  ,            1155.0000,                                                  
DCMS                                              ,NHM                                               ,2012-10-23 00:00:00.000,Agency Temporary Staff Costs                      ,PEG Interactive Media CLOSED                      ,Spring Personnel                                  ,PINV      171163                                  ,             608.6500,                                                  
DCMS                                              ,NHM                                               ,2012-10-23 00:00:00.000,Agency Temporary Staff Costs                      ,PEG Interactive Media CLOSED                      ,Spring Personnel                                  ,PINV      171167                                  ,             583.9800,                                                  
DCMS                                              ,NHM                                               ,2012-10-23 00:00:00.000,Agency Temporary Staff Costs                      ,PEG Interactive Media CLOSED                      ,Spring Personnel                                  ,PINV      171168                                  ,             575.7500,                                                  
DCMS                                              ,NHM                                               ,2012-10-23 00:00:00.000,Agency Temporary Staff Costs                      ,PEG Interactive Media CLOSED                      ,Spring Personnel                                  ,PINV      171169                                  ,             600.4300,                                                  
DCMS                                              ,NHM                                               ,2012-10-23 00:00:00.000,Agency Temporary Staff Costs                      ,PEG Interactive Media CLOSED                      ,Spring Personnel                                  ,PINV      171170                                  ,             608.6500,                                                  
DCMS                                              ,NHM                                               ,2012-10-23 00:00:00.000,Agency Temporary Staff Costs                      ,PEG Interactive Media CLOSED                      ,Spring Personnel                                  ,PINV      171171                                  ,             575.7500,                                                  
DCMS                                              ,NHM                                               ,2012-10-23 00:00:00.000,Cleaning&FM Contract                              ,Est Hskpg SK                                      ,Servest (Sherwood) Ltd                            ,PINV      171133                                  ,            1066.3800,                                                  
DCMS                                              ,NHM                                               ,2012-10-23 00:00:00.000,Cleaning&FM Contract                              ,Est Hskpg SK                                      ,Servest (Sherwood) Ltd                            ,PINV      171134                                  ,            1380.3800,                                                  
DCMS                                              ,NHM                                               ,2012-10-23 00:00:00.000,Equipment < £5k                                   ,VE Production Special Effects                     ,TMP (UK) Ltd                                      ,PINV      171126                                  ,            2665.9800,                                                  
DCMS                                              ,NHM                                               ,2012-10-23 00:00:00.000,EXF - Travel                                      ,Entomology Research                               ,Key Travel                                        ,PINV      171119                                  ,             703.5600,                                                  
DCMS                                              ,NHM                                               ,2012-10-23 00:00:00.000,Irrecoverable VAT                                 ,DCS Finance                                       ,Accountancy Divisions Ltd                         ,PINV      171124                                  ,               3.4600,                                                  
DCMS                                              ,NHM                                               ,2012-10-23 00:00:00.000,Irrecoverable VAT                                 ,DCS Finance                                       ,Spring Personnel                                  ,PINV      171157                                  ,               5.9300,                                                  
DCMS                                              ,NHM                                               ,2012-10-24 00:00:00.000,IT Services                                       ,DCS ICT (Info Computer Techonology)               ,Recall Ltd                                        ,PINV      171104                                  ,             569.6600,                                                  
DCMS                                              ,NHM                                               ,2012-10-24 00:00:00.000,Lab Consumables                                   ,Mineralogy Facility                               ,VWR International Ltd                             ,PINV      171155                                  ,             738.7000,                                                  
DCMS                                              ,NHM                                               ,2012-10-24 00:00:00.000,MF - General Running Costs                        ,PEG Innovations / Art Science                     ,Wise Productions (UK) Ltd                         ,PINV      171136                                  ,            3750.0000,                                                  
DCMS                                              ,NHM                                               ,2012-10-24 00:00:00.000,P/L - Est Boiler House Heating                    ,Estates Utilities & Rents                         ,Gazprom Marketing & Trading Retail L              ,PINV      171122                                  ,           63302.1500,                                                  
DCMS                                              ,NHM                                               ,2012-10-24 00:00:00.000,P/L - Est Irrecoverable VAT R/Costs               ,Estates Management                                ,Arnold Clark Finance Limited                      ,PINV      171152                                  ,               5.8400,                                                  
DCMS                                              ,NHM                                               ,2012-10-24 00:00:00.000,P/L - Est Irrecoverable VAT R/Costs               ,Estates Management                                ,Securit                                           ,PINV      171196                                  ,               3.1100,                                                  
DCMS                                              ,NHM                                               ,2012-10-24 00:00:00.000,P/L - Furniture & Fittings <£5K                   ,Tring Administration                              ,Teco Interiors Limited                            ,PINV      171100                                  ,            3168.0000,                                                  
DCMS                                              ,NHM                                               ,2012-10-24 00:00:00.000,P/L - General Running Costs                       ,VE VLE Learning Experience                        ,Benugo                                            ,PINV      171101                                  ,             298.8000,                                                  
DCMS                                              ,NHM                                               ,2012-10-24 00:00:00.000,P/L - General Running Costs                       ,VE VLE Learning Experience                        ,Benugo                                            ,PINV      171101                                  ,            1494.0000,                                                  
DCMS                                              ,NHM                                               ,2012-10-24 00:00:00.000,P/L - Health & Safety                             ,DCS HR Organisational Development                 ,SA Associates                                     ,PINV      171095                                  ,             493.8900,                                                  
DCMS                                              ,NHM                                               ,2012-10-24 00:00:00.000,P/L - PGO Superannuation Services                 ,DCS Human Resources Operations                    ,Cabinet Office                                    ,PINV      171158                                  ,           12484.6000,                                                  
DCMS                                              ,NHM                                               ,2012-10-24 00:00:00.000,P/L - Security                                    ,Tring Administration                              ,G4S Cash Services (UK) Ltd                        ,PINV      171140                                  ,             212.3100,                                                  
DCMS                                              ,NHM                                               ,2012-10-24 00:00:00.000,P/L - Security                                    ,VE VLE Welcome&Information                        ,G4S Cash Services (UK) Ltd                        ,PINV      171140                                  ,            1322.5200,                                                  
DCMS                                              ,NHM                                               ,2012-10-24 00:00:00.000,Printing & Stationery                             ,Botany Research                                   ,Field Studies Council                             ,PINV      171112                                  ,            2702.0000,                                                  
DCMS                                              ,NHM                                               ,2012-10-24 00:00:00.000,Professional Services/Fees                        ,DCS Directorate                                   ,JCA Group Ltd                                     ,PINV      171098                                  ,            8000.0000,                                                  
DCMS                                              ,NHM                                               ,2012-10-24 00:00:00.000,Professional Services/Fees                        ,PEG Vis Serv Temporary Exhibitions                ,NDY Consulting Ltd                                ,PINV      171161                                  ,            1800.0000,                                                  
DCMS                                              ,NHM                                               ,2012-10-24 00:00:00.000,Security Contract Costs                           ,Est Security SK                                   ,Wilson James Limited                              ,PINV      171117                                  ,               0.0200,                                                  
DCMS                                              ,NHM                                               ,2012-10-24 00:00:00.000,Security Contract Costs                           ,Est Security SK                                   ,Wilson James Limited                              ,PINV      171117                                  ,           18133.8800,                                                  
DCMS                                              ,NHM                                               ,2012-10-24 00:00:00.000,Security Contract Costs                           ,Est Security SK                                   ,Wilson James Limited                              ,PINV      171117                                  ,          150393.6500,                                                  
DCMS                                              ,NHM                                               ,2012-10-24 00:00:00.000,Security ID System                                ,Est Security SK                                   ,Securit                                           ,PINV      171196                                  ,             489.5000,                                                  
DCMS                                              ,NHM                                               ,2012-10-24 00:00:00.000,Specimen Conservation                             ,Sci L&A Collections&Reader Services               ,Sonja Schwoll                                     ,PINV      171111                                  ,            1300.0000,                                                  
DCMS                                              ,NHM                                               ,2012-10-24 00:00:00.000,Vehicle Leasing Costs                             ,Estates Stationery & Transport                    ,Arnold Clark Finance Limited                      ,PINV      171152                                  ,             918.4900,                                                  
DCMS                                              ,NHM                                               ,2012-10-29 00:00:00.000,Agency Temporary Staff Costs                      ,DCS Finance                                       ,Accountancy Divisions Ltd                         ,PINV      171227                                  ,             500.2500,                                                  
DCMS                                              ,NHM                                               ,2012-10-29 00:00:00.000,Agency Temporary Staff Costs                      ,DCS ICT (Info Computer Techonology)               ,Certes Computing Ltd                              ,PINV      171256                                  ,            3958.2700,                                                  
DCMS                                              ,NHM                                               ,2012-10-29 00:00:00.000,Agency Temporary Staff Costs                      ,DCS ICT (Info Computer Techonology)               ,Eurobase People                                   ,PINV      171234                                  ,            1047.2000,                                                  
DCMS                                              ,NHM                                               ,2012-10-29 00:00:00.000,Agency Temporary Staff Costs                      ,DCS ICT (Info Computer Techonology)               ,Eurobase People                                   ,PINV      171235                                  ,             833.1400,                                                  
DCMS                                              ,NHM                                               ,2012-10-29 00:00:00.000,Agency Temporary Staff Costs                      ,DCS ICT (Info Computer Techonology)               ,Eurobase People                                   ,PINV      171236                                  ,             800.6800,                                                  
DCMS                                              ,NHM                                               ,2012-10-29 00:00:00.000,Agency Temporary Staff Costs                      ,DCS ICT (Info Computer Techonology)               ,Eurobase People                                   ,PINV      171237                                  ,             582.4000,                                                  
DCMS                                              ,NHM                                               ,2012-10-29 00:00:00.000,Agency Temporary Staff Costs                      ,PEG Interactive Media CLOSED                      ,PFJ Recruitment Consultants                       ,PINV      171199                                  ,            1050.0000,                                                  
DCMS                                              ,NHM                                               ,2012-10-29 00:00:00.000,Agency Temporary Staff Costs                      ,DCS Human Resources Operations                    ,Spring Personnel                                  ,PINV      171178                                  ,             912.4500,                                                  
DCMS                                              ,NHM                                               ,2012-10-29 00:00:00.000,Agency Temporary Staff Costs                      ,DCS Human Resources Operations                    ,Spring Personnel                                  ,PINV      171183                                  ,             547.1100,                                                  
DCMS                                              ,NHM                                               ,2012-10-29 00:00:00.000,Agency Temporary Staff Costs                      ,VE VLE Welcome&Information                        ,Step Ahead                                        ,PINV      171290                                  ,            1072.5000,                                                  
DCMS                                              ,NHM                                               ,2012-10-29 00:00:00.000,Agency Temporary Staff Costs                      ,VE VLE Welcome&Information                        ,Step Ahead                                        ,PINV      171291                                  ,             750.7500,                                                  
DCMS                                              ,NHM                                               ,2012-10-29 00:00:00.000,Agency Temporary Staff Costs                      ,VE VLE Welcome&Information                        ,Step Ahead                                        ,PINV      171292                                  ,             536.2500,                                                  
DCMS                                              ,NHM                                               ,2012-10-29 00:00:00.000,Agency Temporary Staff Costs                      ,VE VLE Welcome&Information                        ,Step Ahead                                        ,PINV      171294                                  ,             514.8000,                                                  
DCMS                                              ,NHM                                               ,2012-10-29 00:00:00.000,B/S - Tangible Fixed Assets - Exhibi              ,PEG Visitor Offer Strat Non Exh Proj              ,Adams Environmental Ltd                           ,PINV      171213                                  ,             550.0000,                                                  
DCMS                                              ,NHM                                               ,2012-10-29 00:00:00.000,Contractor Costs                                  ,VE VLE Learning Experience                        ,Wilson James Limited                              ,PINV      171226                                  ,            1286.6700,                                                  
DCMS                                              ,NHM                                               ,2012-10-29 00:00:00.000,Elec Works                                        ,Estates Engineering                               ,Emcor Facility Services Ltd                       ,PINV      171252                                  ,            2904.1200,                                                  
DCMS                                              ,NHM                                               ,2012-10-29 00:00:00.000,Elec Works                                        ,Estates Engineering                               ,Emcor Facility Services Ltd                       ,PINV      171253                                  ,            3337.1500,                                                  
DCMS                                              ,NHM                                               ,2012-10-29 00:00:00.000,Est RoutineMaint - Day to day Maint               ,Estates Buildings                                 ,Emcor Facility Services Ltd                       ,PINV      171188                                  ,            1529.5000,                                                  
DCMS                                              ,NHM                                               ,2012-10-29 00:00:00.000,Est RoutineMaint - Day to day Maint               ,Estates Buildings                                 ,Emcor Facility Services Ltd                       ,PINV      171189                                  ,            2631.5100,                                                  
DCMS                                              ,NHM                                               ,2012-10-29 00:00:00.000,Est RoutineMaint - Day to day Maint               ,Estates Buildings                                 ,Emcor Facility Services Ltd                       ,PINV      171252                                  ,            2227.2200,                                                  
DCMS                                              ,NHM                                               ,2012-10-29 00:00:00.000,Est RoutineMaint - Day to day Maint               ,Estates Buildings                                 ,Emcor Facility Services Ltd                       ,PINV      171253                                  ,            1430.9700,                                                  
DCMS                                              ,NHM                                               ,2012-10-29 00:00:00.000,Estates Mechanical Works                          ,Estates Engineering                               ,Emcor Facility Services Ltd                       ,PINV      171190                                  ,            1003.8600,                                                  
DCMS                                              ,NHM                                               ,2012-10-29 00:00:00.000,Estates Mechanical Works                          ,Estates Engineering                               ,Emcor Facility Services Ltd                       ,PINV      171252                                  ,            4503.2700,                                                  
DCMS                                              ,NHM                                               ,2012-10-29 00:00:00.000,Estates Mechanical Works                          ,Estates Engineering                               ,Emcor Facility Services Ltd                       ,PINV      171253                                  ,            6250.4900,                                                  
DCMS                                              ,NHM                                               ,2012-10-29 00:00:00.000,EXF - Travel                                      ,Botany Curation                                   ,Key Travel                                        ,PINV      171241                                  ,             597.3900,                                                  
DCMS                                              ,NHM                                               ,2012-10-29 00:00:00.000,Exhibition Production                             ,PEG Vis Serv Temporary Exhibitions                ,Morris Leslie South East Ltd                      ,PINV      171211                                  ,             740.0000,                                                  
DCMS                                              ,NHM                                               ,2012-10-29 00:00:00.000,Exhibition Production                             ,PEG Vis Serv Temporary Exhibitions                ,R H Electrics                                     ,PINV      171214                                  ,             560.0000,                                                  
DCMS                                              ,NHM                                               ,2012-10-29 00:00:00.000,Irrecoverable VAT                                 ,DCS Finance                                       ,Accountancy Divisions Ltd                         ,PINV      171227                                  ,               3.1800,                                                  
DCMS                                              ,NHM                                               ,2012-10-29 00:00:00.000,Irrecoverable VAT                                 ,Zoology Admin                                     ,Alcohols Ltd                                      ,PINV      171193                                  ,              93.8400,                                                  
DCMS                                              ,NHM                                               ,2012-10-29 00:00:00.000,Irrecoverable VAT                                 ,DCS Finance                                       ,Certes Computing Ltd                              ,PINV      171256                                  ,              25.1700,                                                  
DCMS                                              ,NHM                                               ,2012-10-29 00:00:00.000,Irrecoverable VAT                                 ,DCS Finance                                       ,Eurobase People                                   ,PINV      171234                                  ,               6.6600,                                                  
DCMS                                              ,NHM                                               ,2012-10-29 00:00:00.000,Irrecoverable VAT                                 ,DCS Finance                                       ,Eurobase People                                   ,PINV      171235                                  ,               5.3000,                                                  
DCMS                                              ,NHM                                               ,2012-10-29 00:00:00.000,Irrecoverable VAT                                 ,DCS Finance                                       ,Eurobase People                                   ,PINV      171236                                  ,               5.0900,                                                  
DCMS                                              ,NHM                                               ,2012-10-29 00:00:00.000,Irrecoverable VAT                                 ,DCS Finance                                       ,Eurobase People                                   ,PINV      171237                                  ,               3.7000,                                                  
DCMS                                              ,NHM                                               ,2012-10-29 00:00:00.000,Irrecoverable VAT                                 ,DCS Finance                                       ,LexisNexis                                        ,PINV      171228                                  ,               2.7400,                                                  
DCMS                                              ,NHM                                               ,2012-10-29 00:00:00.000,Irrecoverable VAT                                 ,DCS Finance                                       ,Rod Springett Training Associates                 ,PINV      171194                                  ,              29.1600,                                                  
DCMS                                              ,NHM                                               ,2012-10-29 00:00:00.000,Irrecoverable VAT                                 ,Zoology Admin                                     ,Sigma-Aldrich Company Limited                     ,PINV      171184                                  ,              65.1400,                                                  
DCMS                                              ,NHM                                               ,2012-10-29 00:00:00.000,Irrecoverable VAT                                 ,DCS Finance                                       ,Spring Personnel                                  ,PINV      171178                                  ,               5.8000,                                                  
DCMS                                              ,NHM                                               ,2012-10-29 00:00:00.000,Irrecoverable VAT                                 ,DCS Finance                                       ,Spring Personnel                                  ,PINV      171183                                  ,               3.4800,                                                  
DCMS                                              ,NHM                                               ,2012-10-29 00:00:00.000,Irrecoverable VAT                                 ,DCS Finance                                       ,Spring Personnel                                  ,PINV      171230                                  ,               5.2300,                                                  
DCMS                                              ,NHM                                               ,2012-10-29 00:00:00.000,Irrecoverable VAT                                 ,DCS Finance                                       ,Spring Personnel                                  ,PINV      171231                                  ,               5.2300,                                                  
DCMS                                              ,NHM                                               ,2012-10-29 00:00:00.000,Irrecoverable VAT                                 ,DCS Finance                                       ,Spring Personnel                                  ,PINV      171232                                  ,               3.5500,                                                  
DCMS                                              ,NHM                                               ,2012-10-29 00:00:00.000,Irrecoverable VAT                                 ,DCS Finance                                       ,Spring Personnel                                  ,PINV      171233                                  ,               3.6500,                                                  
DCMS                                              ,NHM                                               ,2012-10-29 00:00:00.000,Recruitment Costs & Placement Fees                ,Commerce Mgmt & Strategy                          ,Spring Personnel                                  ,PINV      171267                                  ,             861.2000,                                                  
DCMS                                              ,NHM                                               ,2012-10-29 00:00:00.000,Recruitment Costs & Placement Fees                ,Commerce Mgmt & Strategy                          ,Spring Personnel                                  ,PINV      171271                                  ,             516.7200,                                                  
DCMS                                              ,NHM                                               ,2012-10-29 00:00:00.000,Recruitment Costs & Placement Fees                ,Commerce Mgmt & Strategy                          ,Spring Personnel                                  ,PINV      171272                                  ,             801.9900,                                                  
DCMS                                              ,NHM                                               ,2012-10-29 00:00:00.000,Recruitment Costs & Placement Fees                ,Commerce Mgmt & Strategy                          ,Spring Personnel                                  ,PINV      171273                                  ,             489.9800,                                                  
DCMS                                              ,NHM                                               ,2012-10-29 00:00:00.000,Sci Individual Merit Promo Scheme                 ,Science Directorate                               ,Natural Environment Research Council              ,PINV      171250                                  ,            6250.0000,                                                  
DCMS                                              ,NHM                                               ,2012-10-29 00:00:00.000,Specimen Conservation                             ,Sci L&A Collections&Reader Services               ,Riley Dunn & Wilson                               ,PINV      171257                                  ,             134.2900,                                                  
DCMS                                              ,NHM                                               ,2012-10-29 00:00:00.000,Specimen Conservation                             ,Sci L&A Collections&Reader Services               ,Riley Dunn & Wilson                               ,PINV      171257                                  ,            1638.4800,                                                  
DCMS                                              ,NHM                                               ,2012-10-29 00:00:00.000,Work In Progress - Publishing                     ,Commerce Publishing                               ,10 10 Printing UK Limited                         ,PINV      171191                                  ,           26850.1300,                                                  
DCMS                                              ,NHM                                               ,2012-10-30 00:00:00.000,Agency Temporary Staff Costs                      ,DCS Audit & Risk Assurance                        ,Marks Sattin                                      ,PINV      171307                                  ,            1332.5800,                                                  
DCMS                                              ,NHM                                               ,2012-10-30 00:00:00.000,Agency Temporary Staff Costs                      ,DCS Audit & Risk Assurance                        ,Marks Sattin                                      ,PINV      171308                                  ,            1376.7000,                                                  
DCMS                                              ,NHM                                               ,2012-10-30 00:00:00.000,Agency Temporary Staff Costs                      ,PEG - Communications Central                      ,Spring Personnel                                  ,PINV      171296                                  ,             739.8600,                                                  
DCMS                                              ,NHM                                               ,2012-10-30 00:00:00.000,Agency Temporary Staff Costs                      ,PEG - Communications Central                      ,Spring Personnel                                  ,PINV      171297                                  ,             749.9900,                                                  
DCMS                                              ,NHM                                               ,2012-10-30 00:00:00.000,Agency Temporary Staff Costs                      ,PEG - Communications Central                      ,Spring Personnel                                  ,PINV      171298                                  ,             820.9400,                                                  
DCMS                                              ,NHM                                               ,2012-10-30 00:00:00.000,Agency Temporary Staff Costs                      ,DCS Finance                                       ,Spring Personnel                                  ,PINV      171299                                  ,             514.8000,                                                  
DCMS                                              ,NHM                                               ,2012-10-30 00:00:00.000,Agency Temporary Staff Costs                      ,DCS Finance                                       ,Spring Personnel                                  ,PINV      171299                                  ,             535.6800,                                                  
DCMS                                              ,NHM                                               ,2012-10-30 00:00:00.000,Agency Temporary Staff Costs                      ,DCS Finance                                       ,Spring Personnel                                  ,PINV      171299                                  ,             636.8400,                                                  
DCMS                                              ,NHM                                               ,2012-10-30 00:00:00.000,Agency Temporary Staff Costs                      ,DCS Finance                                       ,Spring Personnel                                  ,PINV      171299                                  ,             964.7000,                                                  
DCMS                                              ,NHM                                               ,2012-10-30 00:00:00.000,Agency Temporary Staff Costs                      ,DCS Finance                                       ,Spring Personnel                                  ,PINV      171300                                  ,             491.0400,                                                  
DCMS                                              ,NHM                                               ,2012-10-30 00:00:00.000,Agency Temporary Staff Costs                      ,DCS Finance                                       ,Spring Personnel                                  ,PINV      171300                                  ,             514.8000,                                                  
DCMS                                              ,NHM                                               ,2012-10-30 00:00:00.000,Agency Temporary Staff Costs                      ,DCS Finance                                       ,Spring Personnel                                  ,PINV      171300                                  ,             535.6800,                                                  
DCMS                                              ,NHM                                               ,2012-10-30 00:00:00.000,Agency Temporary Staff Costs                      ,DCS Finance                                       ,Spring Personnel                                  ,PINV      171300                                  ,             586.8000,                                                  
DCMS                                              ,NHM                                               ,2012-10-30 00:00:00.000,Agency Temporary Staff Costs                      ,DCS Finance                                       ,Spring Personnel                                  ,PINV      171300                                  ,             672.2200,                                                  
DCMS                                              ,NHM                                               ,2012-10-30 00:00:00.000,Agency Temporary Staff Costs                      ,DCS Finance                                       ,Spring Personnel                                  ,PINV      171300                                  ,             938.2700,                                                  
DCMS                                              ,NHM                                               ,2012-10-30 00:00:00.000,Agency Temporary Staff Costs                      ,PEG Directorate & Resources                       ,Spring Personnel                                  ,PINV      171302                                  ,             596.1600,                                                  
DCMS                                              ,NHM                                               ,2012-10-30 00:00:00.000,Agency Temporary Staff Costs                      ,PEG Directorate & Resources                       ,Spring Personnel                                  ,PINV      171303                                  ,             636.3800,                                                  
DCMS                                              ,NHM                                               ,2012-10-30 00:00:00.000,Agency Temporary Staff Costs                      ,PEG Directorate & Resources                       ,Spring Personnel                                  ,PINV      171304                                  ,             644.8600,                                                  
DCMS                                              ,NHM                                               ,2012-10-30 00:00:00.000,Agency Temporary Staff Costs                      ,PEG Directorate & Resources                       ,Spring Personnel                                  ,PINV      171305                                  ,             627.8900,                                                  
DCMS                                              ,NHM                                               ,2012-10-30 00:00:00.000,Hospitality                                       ,PEG Innovations / Art Science                     ,Royal College of Music                            ,PINV      171309                                  ,             520.0000,                                                  
DCMS                                              ,NHM                                               ,2012-10-30 00:00:00.000,Irrecoverable VAT                                 ,DCS Finance                                       ,Marks Sattin                                      ,PINV      171307                                  ,               8.4800,                                                  
DCMS                                              ,NHM                                               ,2012-10-30 00:00:00.000,Irrecoverable VAT                                 ,DCS Finance                                       ,Marks Sattin                                      ,PINV      171308                                  ,               8.7600,                                                  
DCMS                                              ,NHM                                               ,2012-10-30 00:00:00.000,Irrecoverable VAT                                 ,DCS Finance                                       ,Spring Personnel                                  ,PINV      171299                                  ,              16.8700,                                                  
DCMS                                              ,NHM                                               ,2012-10-30 00:00:00.000,Irrecoverable VAT                                 ,DCS Finance                                       ,Spring Personnel                                  ,PINV      171300                                  ,              23.7800,                                                  
DCMS                                              ,NHM                                               ,2012-10-30 00:00:00.000,Irrecoverable VAT                                 ,DCS Finance                                       ,Witherbys Lithoflow                               ,PINV      171301                                  ,               3.8000,                                                  
DCMS                                              ,NHM                                               ,2012-10-30 00:00:00.000,P/L - Agency Staff Costs                          ,VE VLE Learning Experience                        ,Spring Personnel                                  ,PINV      171306                                  ,             255.8300,                                                  
DCMS                                              ,NHM                                               ,2012-10-31 00:00:00.000,P/L - Est Irrecoverable VAT R/Costs               ,Estates Management                                ,Vodafone Limited                                  ,PINV      171321                                  ,              18.0100,                                                  
DCMS                                              ,NHM                                               ,2012-10-31 00:00:00.000,P/L - Members Events Costs                        ,Commerce Visitor Events                           ,Benugo                                            ,PINV      171318                                  ,            2667.7000,                                                  
DCMS                                              ,NHM                                               ,2012-10-31 00:00:00.000,P/L -Training Costs                               ,DCS HR Organisational Development                 ,Ashridge Management Limited                       ,PINV      171336                                  ,            2175.0000,                                                  
DCMS                                              ,NHM                                               ,2012-10-31 00:00:00.000,Professional Services/Fees                        ,Estates Buildings                                 ,Bailey Consulting                                 ,PINV      171328                                  ,            2644.1800,                                                  
DCMS                                              ,NHM                                               ,2012-10-31 00:00:00.000,Work In Progress - Publishing                     ,Commerce Publishing                               ,Life Lines Editorial  t/a A Harman                ,PINV      171332                                  ,             510.0000,                                                  
DCMS                                              ,NHM                                               ,2012-11-02 00:00:00.000,Agency Temporary Staff Costs                      ,DCS Human Resources Operations                    ,Spring Personnel                                  ,PINV      171368                                  ,             895.8600,                                                  
DCMS                                              ,NHM                                               ,2012-11-02 00:00:00.000,Communications Promotional Costs                  ,PEG Media & External Relations                    ,Dynamic Bars                                      ,PINV      171402                                  ,             250.0000,                                                  
DCMS                                              ,NHM                                               ,2012-11-02 00:00:00.000,Equip Hire & Maintenance                          ,Botany Research                                   ,Toyota Financial Services                         ,PINV      171408                                  ,              96.1500,                                                  
DCMS                                              ,NHM                                               ,2012-11-02 00:00:00.000,Equip Hire & Maintenance                          ,Botany Research                                   ,Toyota Financial Services                         ,PINV      171408                                  ,             480.6900,                                                  
DCMS                                              ,NHM                                               ,2012-11-02 00:00:00.000,Equip Hire & Maintenance (Leases)                 ,Mineralogy Facility                               ,PANalytical Ltd.                                  ,PINV      171380                                  ,            3717.0000,                                                  
DCMS                                              ,NHM                                               ,2012-11-02 00:00:00.000,Freelancers / Self-employed                       ,PEG Interpretation CLOSED                         ,Sarah Stewart                                     ,PINV      171400                                  ,            2250.0000,                                                  
DCMS                                              ,NHM                                               ,2012-11-02 00:00:00.000,Hostel/Hotel Accommodation                        ,Science Research & Consulting Office              ,Harrington Gardens House Ltd                      ,PINV      171343                                  ,             760.0000,                                                  
DCMS                                              ,NHM                                               ,2012-11-02 00:00:00.000,Hostel/Hotel Accommodation                        ,Science Research & Consulting Office              ,Harrington Gardens House Ltd                      ,PINV      171345                                  ,             760.0000,                                                  
DCMS                                              ,NHM                                               ,2012-11-02 00:00:00.000,Hostel/Hotel Accommodation                        ,Science Research & Consulting Office              ,Harrington Gardens House Ltd                      ,PINV      171347                                  ,             760.0000,                                                  
DCMS                                              ,NHM                                               ,2012-11-02 00:00:00.000,Hostel/Hotel Accommodation                        ,Science Research & Consulting Office              ,Harrington Gardens House Ltd                      ,PINV      171348                                  ,             760.0000,                                                  
DCMS                                              ,NHM                                               ,2012-11-02 00:00:00.000,Hostel/Hotel Accommodation                        ,Science Research & Consulting Office              ,Harrington Gardens House Ltd                      ,PINV      171349                                  ,             760.0000,                                                  
DCMS                                              ,NHM                                               ,2012-11-02 00:00:00.000,Hostel/Hotel Accommodation                        ,Science Research & Consulting Office              ,Harrington Gardens House Ltd                      ,PINV      171350                                  ,             760.0000,                                                  
DCMS                                              ,NHM                                               ,2012-11-02 00:00:00.000,Hostel/Hotel Accommodation                        ,Science Research & Consulting Office              ,Harrington Gardens House Ltd                      ,PINV      171351                                  ,             880.0000,                                                  
DCMS                                              ,NHM                                               ,2012-11-02 00:00:00.000,Hostel/Hotel Accommodation                        ,Science Research & Consulting Office              ,Harrington Gardens House Ltd                      ,PINV      171353                                  ,             915.0000,                                                  
DCMS                                              ,NHM                                               ,2012-11-02 00:00:00.000,Hostel/Hotel Accommodation                        ,Science Research & Consulting Office              ,Harrington Gardens House Ltd                      ,PINV      171354                                  ,             680.0000,                                                  
DCMS                                              ,NHM                                               ,2012-11-02 00:00:00.000,Hostel/Hotel Accommodation                        ,Science Research & Consulting Office              ,Harrington Gardens House Ltd                      ,PINV      171356                                  ,             680.0000,                                                  
DCMS                                              ,NHM                                               ,2012-11-02 00:00:00.000,Hostel/Hotel Accommodation                        ,Science Research & Consulting Office              ,Harrington Gardens House Ltd                      ,PINV      171358                                  ,             760.0000,                                                  
DCMS                                              ,NHM                                               ,2012-11-02 00:00:00.000,Hostel/Hotel Accommodation                        ,Science Research & Consulting Office              ,Harrington Gardens House Ltd                      ,PINV      171360                                  ,             940.0000,                                                  
DCMS                                              ,NHM                                               ,2012-11-02 00:00:00.000,Hostel/Hotel Accommodation                        ,Science Research & Consulting Office              ,Harrington Gardens House Ltd                      ,PINV      171361                                  ,             760.0000,                                                  
DCMS                                              ,NHM                                               ,2012-11-02 00:00:00.000,Hostel/Hotel Accommodation                        ,Science Research & Consulting Office              ,Harrington Gardens House Ltd                      ,PINV      171367                                  ,             760.0000,                                                  
DCMS                                              ,NHM                                               ,2012-11-02 00:00:00.000,Hostel/Hotel Accommodation                        ,Science Research & Consulting Office              ,Harrington Gardens House Ltd                      ,PINV      171370                                  ,             760.0000,                                                  
DCMS                                              ,NHM                                               ,2012-11-02 00:00:00.000,Hostel/Hotel Accommodation                        ,Science Research & Consulting Office              ,Harrington Gardens House Ltd                      ,PINV      171374                                  ,             810.0000,                                                  
DCMS                                              ,NHM                                               ,2012-11-02 00:00:00.000,P/L - Members Magazine Costs                      ,Commerce Memberships                              ,Karolyn Shindler                                  ,PINV      171399                                  ,             760.0000,                                                  
DCMS                                              ,NHM                                               ,2012-11-02 00:00:00.000,P/L - Members Magazine Costs                      ,Commerce Memberships                              ,Uni-mail                                          ,PINV      171377                                  ,            2302.8800,                                                  
DCMS                                              ,NHM                                               ,2012-11-02 00:00:00.000,P/L -Training Costs                               ,DCS HR Organisational Development                 ,University of Manchester                          ,PINV      171406                                  ,            2350.0000,                                                  
DCMS                                              ,NHM                                               ,2012-11-02 00:00:00.000,Work In Progress - Publishing                     ,Commerce Publishing                               ,Steve Parker                                      ,PINV      171364                                  ,            1500.0000,                                                  
DCMS                                              ,NHM                                               ,2012-10-11 00:00:00.000,B/S - F Assets Equip Irr VAT                      ,Sci L&A Management                                ,Barclay Card                                      ,PGPC        5776                                  ,              31.7500,                                                  
DCMS                                              ,NHM                                               ,2012-10-11 00:00:00.000,Equipment < £5k                                   ,VE Production Special Effects                     ,APPLE ITUNES STORE-GBP                            ,PGPC        5778                                  ,               0.6900,                                                  
DCMS                                              ,NHM                                               ,2012-10-11 00:00:00.000,Equipment < £5k                                   ,VE Production Special Effects                     ,ECOPAC (UK) LTD                                   ,PGPC        5778                                  ,             205.0000,                                                  
DCMS                                              ,NHM                                               ,2012-10-11 00:00:00.000,EXF - Travel                                      ,Mineralogy Research                               ,Barclay Card                                      ,PGPC        5794                                  ,              55.1000,                                                  
DCMS                                              ,NHM                                               ,2012-10-11 00:00:00.000,EXF - Travel                                      ,Mineralogy Research                               ,NATURAL HISTORY MUSEUM                            ,PGPC        5794                                  ,             275.5000,                                                  
DCMS                                              ,NHM                                               ,2012-10-11 00:00:00.000,Hospitality                                       ,DCS Finance Procurement                           ,CITYSPRINT                                        ,PGPC        5792                                  ,              24.6300,                                                  
DCMS                                              ,NHM                                               ,2012-11-05 00:00:00.000,P/L -Training Costs                               ,DCS HR Organisational Development                 ,NATURAL HISTORY MUSEUM                            ,PGPC        5815                                  ,              34.1000,                                                  
DCMS                                              ,NHM                                               ,2012-11-05 00:00:00.000,P/L -Training Costs                               ,DCS HR Organisational Development                 ,NATURAL HISTORY MUSEUM                            ,PGPC        5815                                  ,              40.3000,                                                  
DCMS                                              ,NHM                                               ,2012-11-05 00:00:00.000,P/L -Training Costs                               ,DCS HR Organisational Development                 ,NATURAL HISTORY MUSEUM                            ,PGPC        5815                                  ,             195.3000,                                                  
DCMS                                              ,NHM                                               ,2012-11-05 00:00:00.000,P/L -Training Costs                               ,DCS HR Organisational Development                 ,WWW.THEMINDGYM.COM                                ,PGPC        5815                                  ,             450.0000,                                                  
DCMS                                              ,NHM                                               ,2012-11-05 00:00:00.000,Subscriptions                                     ,DCS HR Organisational Development                 ,CIPD MEMBERSHIP RENEWA                            ,PGPC        5815                                  ,             134.0000,                                                  
DCMS                                              ,NHM                                               ,2012-11-05 00:00:00.000,P/L -Training Costs                               ,DCS HR Organisational Development                 ,BIBBY FACTORS SUSSEX                              ,PGPC        5815                                  ,              30.0000,                                                  
DCMS                                              ,NHM                                               ,2012-11-05 00:00:00.000,P/L -Training Costs                               ,DCS HR Organisational Development                 ,BIBBY FACTORS SUSSEX                              ,PGPC        5815                                  ,            1250.0000,                                                  
DCMS                                              ,NHM                                               ,2012-11-05 00:00:00.000,P/L -Training Costs                               ,DCS HR Organisational Development                 ,BIRKBECK COLLEGE                                  ,PGPC        5815                                  ,            3975.0000,                                                  
DCMS                                              ,NHM                                               ,2012-11-05 00:00:00.000,P/L -Training Costs                               ,DCS HR Organisational Development                 ,NATURAL HISTORY MUSEUM                            ,PGPC        5815                                  ,              12.5200,                                                  
DCMS                                              ,NHM                                               ,2012-11-05 00:00:00.000,P/L -Training Costs                               ,DCS HR Organisational Development                 ,NATURAL HISTORY MUSEUM                            ,PGPC        5815                                  ,              15.5000,                                                  
DCMS                                              ,NHM                                               ,2012-11-05 00:00:00.000,P/L -Training Costs                               ,DCS HR Organisational Development                 ,NATURAL HISTORY MUSEUM                            ,PGPC        5815                                  ,              18.6000,                                                  
DCMS                                              ,NHM                                               ,2012-10-30 00:00:00.000,IT Equipment < £5k                                ,Palaeontology Research                            ,AMAZON MKTPLCE EU-UK                              ,PGPC        5801                                  ,              38.5500,                                                  
DCMS                                              ,NHM                                               ,2012-10-30 00:00:00.000,MF - Travel Costs                                 ,Science Research & Consulting Office              ,AMAZON EU                                         ,PGPC        5801                                  ,             179.4800,                                                  
DCMS                                              ,NHM                                               ,2012-10-30 00:00:00.000,MF - Travel Costs                                 ,Science Research & Consulting Office              ,MERCURE BERLIN CITY                               ,PGPC        5801                                  ,             612.2300,                                                  
DCMS                                              ,NHM                                               ,2012-10-30 00:00:00.000,P/L - Equip & Related Costs                       ,Palaeontology Research                            ,WWW.UKDIGITALCAMERAS                              ,PGPC        5801                                  ,             385.0000,                                                  
DCMS                                              ,NHM                                               ,2012-10-30 00:00:00.000,P/L - General Running Costs                       ,Palaeontology Research                            ,WATERSTONES                                       ,PGPC        5801                                  ,               4.9900,                                                  
DCMS                                              ,NHM                                               ,2012-11-05 00:00:00.000,Irrecoverable VAT                                 ,DCS Finance                                       ,Barclay Card                                      ,PGPC        5815                                  ,              12.8300,                                                  
DCMS                                              ,NHM                                               ,2012-10-29 00:00:00.000,P/L - General Running Costs                       ,Entomology Admin                                  ,RBI SUTTON PAYMENTS                               ,PGPC        5760                                  ,             700.0000,                                                  
DCMS                                              ,NHM                                               ,2012-10-29 00:00:00.000,P/L - Publications                                ,Palaeontology Research                            ,SPRINGER VERLAG                                   ,PGPC        5760                                  ,             570.3900,                                                  
DCMS                                              ,NHM                                               ,2012-10-29 00:00:00.000,Publications                                      ,Palaeontology Research                            ,SPRINGER VERLAG                                   ,PGPC        5760                                  ,             200.0000,                                                  
DCMS                                              ,NHM                                               ,2012-10-30 00:00:00.000,EXF - Travel                                      ,Palaeontology Research                            ,FLUGHAFEN HAMBURG GMBH                            ,PGPC        5801                                  ,              52.7600,                                                  
DCMS                                              ,NHM                                               ,2012-10-30 00:00:00.000,EXF - Travel                                      ,Palaeontology Research                            ,STARBUCKS                                         ,PGPC        5801                                  ,               4.4000,                                                  
DCMS                                              ,NHM                                               ,2012-10-30 00:00:00.000,EXF - Travel                                      ,Palaeontology Research                            ,STEIGENB.CONTI-HANSA                              ,PGPC        5801                                  ,             225.6600,                                                  
DCMS                                              ,NHM                                               ,2012-10-29 00:00:00.000,Equipment < £5k                                   ,VE Production Special Effects                     ,AMAZON MKTPLCE EU-UK                              ,PGPC        5783                                  ,             105.9900,                                                  
DCMS                                              ,NHM                                               ,2012-10-29 00:00:00.000,Equipment < £5k                                   ,VE Production Special Effects                     ,KEY INDUSTRIAL EQUIPMENT                          ,PGPC        5783                                  ,            1168.8000,                                                  
DCMS                                              ,NHM                                               ,2012-10-29 00:00:00.000,Equipment < £5k                                   ,VE Production Special Effects                     ,LPKF LASER & ELECTRONICS                          ,PGPC        5783                                  ,             220.9500,                                                  
DCMS                                              ,NHM                                               ,2012-10-29 00:00:00.000,Equipment < £5k                                   ,VE Production Special Effects                     ,PIXELS (UK) LTD                                   ,PGPC        5783                                  ,            1302.3400,                                                  
DCMS                                              ,NHM                                               ,2012-10-29 00:00:00.000,Equipment < £5k                                   ,Entomology Curation                               ,VF NORTHERN EUROPE LTD                            ,PGPC        5760                                  ,             134.0000,                                                  
DCMS                                              ,NHM                                               ,2012-10-29 00:00:00.000,Equipment < £5k                                   ,Entomology Research                               ,AMAZON MKTPLCE EU-UK                              ,PGPC        5760                                  ,               3.8800,                                                  
DCMS                                              ,NHM                                               ,2012-10-29 00:00:00.000,Equipment < £5k                                   ,Entomology Research                               ,AMAZON MKTPLCE EU-UK                              ,PGPC        5760                                  ,               6.9400,                                                  
DCMS                                              ,NHM                                               ,2012-10-29 00:00:00.000,Equipment < £5k                                   ,Entomology Research                               ,AMAZON MKTPLCE EU-UK                              ,PGPC        5760                                  ,              10.4600,                                                  
DCMS                                              ,NHM                                               ,2012-10-29 00:00:00.000,Equipment < £5k                                   ,Entomology Research                               ,AMAZON MKTPLCE EU-UK                              ,PGPC        5760                                  ,              18.5100,                                                  
DCMS                                              ,NHM                                               ,2012-10-29 00:00:00.000,Equipment < £5k                                   ,Entomology Research                               ,AMAZON MKTPLCE EU-UK                              ,PGPC        5760                                  ,              32.6900,                                                  
DCMS                                              ,NHM                                               ,2012-10-29 00:00:00.000,Equipment < £5k                                   ,Entomology Research                               ,AMAZON MKTPLCE EU-UK                              ,PGPC        5760                                  ,              48.2900,                                                  
DCMS                                              ,NHM                                               ,2012-10-29 00:00:00.000,Acquisitions (Books & Collections)                ,Sci L&A Collections&Reader Services               ,WWW.KOELTZ.COM                                    ,PGPC        5811                                  ,             365.1100,                                                  
DCMS                                              ,NHM                                               ,2012-10-29 00:00:00.000,Curatorial Supplies                               ,Botany Curation                                   ,POLYBAGS LTD                                      ,PGPC        5760                                  ,              48.5100,                                                  
DCMS                                              ,NHM                                               ,2012-10-29 00:00:00.000,Curatorial Supplies                               ,Entomology Curation                               ,VWR INTERNATIONAL LTD                             ,PGPC        5760                                  ,              48.2600,                                                  
DCMS                                              ,NHM                                               ,2012-10-29 00:00:00.000,Equipment < £5k                                   ,Entomology Research                               ,AMAZON EU                                         ,PGPC        5760                                  ,              64.6100,                                                  
DCMS                                              ,NHM                                               ,2012-10-29 00:00:00.000,Equipment < £5k                                   ,Entomology Research                               ,AMAZON EU                                         ,PGPC        5760                                  ,             734.9900,                                                  
DCMS                                              ,NHM                                               ,2012-10-29 00:00:00.000,Equipment < £5k                                   ,Entomology Research                               ,AMAZON MKTPLCE EU-UK                              ,PGPC        5760                                  ,               2.3800,                                                  
DCMS                                              ,NHM                                               ,2012-10-29 00:00:00.000,Acquisitions (Books & Collections)                ,Sci L&A Collections&Reader Services               ,WP-BUTTERFLY CONSE                                ,PGPC        5811                                  ,               8.5000,                                                  
DCMS                                              ,NHM                                               ,2012-10-29 00:00:00.000,Acquisitions (Books & Collections)                ,Sci L&A Collections&Reader Services               ,WP-BUTTERFLY CONSE                                ,PGPC        5811                                  ,              55.0000,                                                  
DCMS                                              ,NHM                                               ,2012-10-29 00:00:00.000,Acquisitions (Books & Collections)                ,Sci L&A Collections&Reader Services               ,WWW.GEOLSOC.ORG.UK                                ,PGPC        5811                                  ,             354.0000,                                                  
DCMS                                              ,NHM                                               ,2012-10-29 00:00:00.000,Acquisitions (Books & Collections)                ,Sci L&A Collections&Reader Services               ,WWW.KOELTZ.COM                                    ,PGPC        5811                                  ,              45.8600,                                                  
DCMS                                              ,NHM                                               ,2012-10-29 00:00:00.000,Acquisitions (Books & Collections)                ,Sci L&A Collections&Reader Services               ,WWW.KOELTZ.COM                                    ,PGPC        5811                                  ,              85.9700,                                                  
DCMS                                              ,NHM                                               ,2012-10-29 00:00:00.000,Acquisitions (Books & Collections)                ,Sci L&A Collections&Reader Services               ,WWW.KOELTZ.COM                                    ,PGPC        5811                                  ,              87.8800,                                                  
DCMS                                              ,NHM                                               ,2012-10-29 00:00:00.000,Acquisitions (Books & Collections)                ,Sci L&A Collections&Reader Services               ,NHBS LTD                                          ,PGPC        5811                                  ,             420.3500,                                                  
DCMS                                              ,NHM                                               ,2012-10-29 00:00:00.000,Acquisitions (Books & Collections)                ,Sci L&A Collections&Reader Services               ,PAYPAL VIRGINIAMUS                                ,PGPC        5811                                  ,              25.3700,                                                  
DCMS                                              ,NHM                                               ,2012-10-29 00:00:00.000,Acquisitions (Books & Collections)                ,Sci L&A Collections&Reader Services               ,PAYPAL VIRGINIAMUS                                ,PGPC        5811                                  ,              28.1900,                                                  
DCMS                                              ,NHM                                               ,2012-10-29 00:00:00.000,Acquisitions (Books & Collections)                ,Sci L&A Collections&Reader Services               ,PEMBERLEY BOOKS                                   ,PGPC        5811                                  ,             166.1800,                                                  
DCMS                                              ,NHM                                               ,2012-10-29 00:00:00.000,Acquisitions (Books & Collections)                ,Sci L&A Collections&Reader Services               ,PES WWW.HCEIS.COM                                 ,PGPC        5811                                  ,             147.9500,                                                  
DCMS                                              ,NHM                                               ,2012-10-29 00:00:00.000,Acquisitions (Books & Collections)                ,Sci L&A Collections&Reader Services               ,SEPM                                              ,PGPC        5811                                  ,              35.8600,                                                  
DCMS                                              ,NHM                                               ,2012-10-29 00:00:00.000,Acquisitions (Books & Collections)                ,Sci L&A Collections&Reader Services               ,NHBS LTD                                          ,PGPC        5811                                  ,              97.9100,                                                  
DCMS                                              ,NHM                                               ,2012-10-29 00:00:00.000,Acquisitions (Books & Collections)                ,Sci L&A Collections&Reader Services               ,NHBS LTD                                          ,PGPC        5811                                  ,             108.0000,                                                  
DCMS                                              ,NHM                                               ,2012-10-29 00:00:00.000,Acquisitions (Books & Collections)                ,Sci L&A Collections&Reader Services               ,NHBS LTD                                          ,PGPC        5811                                  ,             115.7100,                                                  
DCMS                                              ,NHM                                               ,2012-10-29 00:00:00.000,Acquisitions (Books & Collections)                ,Sci L&A Collections&Reader Services               ,NHBS LTD                                          ,PGPC        5811                                  ,             117.4000,                                                  
DCMS                                              ,NHM                                               ,2012-10-29 00:00:00.000,Acquisitions (Books & Collections)                ,Sci L&A Collections&Reader Services               ,NHBS LTD                                          ,PGPC        5811                                  ,             194.1300,                                                  
DCMS                                              ,NHM                                               ,2012-10-29 00:00:00.000,Acquisitions (Books & Collections)                ,Sci L&A Collections&Reader Services               ,NHBS LTD                                          ,PGPC        5811                                  ,             220.5600,                                                  
DCMS                                              ,NHM                                               ,2012-10-29 00:00:00.000,Acquisitions (Books & Collections)                ,Sci L&A Collections&Reader Services               ,NHBS LTD                                          ,PGPC        5811                                  ,              24.5600,                                                  
DCMS                                              ,NHM                                               ,2012-10-29 00:00:00.000,Acquisitions (Books & Collections)                ,Sci L&A Collections&Reader Services               ,NHBS LTD                                          ,PGPC        5811                                  ,              31.9800,                                                  
DCMS                                              ,NHM                                               ,2012-10-29 00:00:00.000,Acquisitions (Books & Collections)                ,Sci L&A Collections&Reader Services               ,NHBS LTD                                          ,PGPC        5811                                  ,              36.8200,                                                  
DCMS                                              ,NHM                                               ,2012-10-29 00:00:00.000,Acquisitions (Books & Collections)                ,Sci L&A Collections&Reader Services               ,NHBS LTD                                          ,PGPC        5811                                  ,              51.6600,                                                  
DCMS                                              ,NHM                                               ,2012-10-29 00:00:00.000,Acquisitions (Books & Collections)                ,Sci L&A Collections&Reader Services               ,NHBS LTD                                          ,PGPC        5811                                  ,              56.9800,                                                  
DCMS                                              ,NHM                                               ,2012-10-29 00:00:00.000,Acquisitions (Books & Collections)                ,Sci L&A Collections&Reader Services               ,NHBS LTD                                          ,PGPC        5811                                  ,              62.9500,                                                  
DCMS                                              ,NHM                                               ,2012-10-29 00:00:00.000,Acquisitions (Books & Collections)                ,Sci L&A Collections&Reader Services               ,Amazon EU                                         ,PGPC        5811                                  ,             652.5500,                                                  
DCMS                                              ,NHM                                               ,2012-10-29 00:00:00.000,Acquisitions (Books & Collections)                ,Sci L&A Collections&Reader Services               ,ANDREW ISLES NATURAL HISTORY                      ,PGPC        5811                                  ,              42.3200,                                                  
DCMS                                              ,NHM                                               ,2012-10-29 00:00:00.000,Acquisitions (Books & Collections)                ,Sci L&A Collections&Reader Services               ,ANDREW ISLES NATURAL HISTORY                      ,PGPC        5811                                  ,              80.8600,                                                  
DCMS                                              ,NHM                                               ,2012-10-29 00:00:00.000,Acquisitions (Books & Collections)                ,Sci L&A Collections&Reader Services               ,ELSEVIER SCIENCE LTD                              ,PGPC        5811                                  ,              49.7600,                                                  
DCMS                                              ,NHM                                               ,2012-10-29 00:00:00.000,Acquisitions (Books & Collections)                ,Sci L&A Collections&Reader Services               ,NHBS LTD                                          ,PGPC        5811                                  ,               7.3700,                                                  
DCMS                                              ,NHM                                               ,2012-10-29 00:00:00.000,Acquisitions (Books & Collections)                ,Sci L&A Collections&Reader Services               ,NHBS LTD                                          ,PGPC        5811                                  ,               8.6100,                                                  
DCMS                                              ,NHM                                               ,2012-10-29 00:00:00.000,Acquisitions (Books & Collections)                ,Sci L&A Collections&Reader Services               ,Amazon EU                                         ,PGPC        5811                                  ,               8.9900,                                                  
DCMS                                              ,NHM                                               ,2012-10-29 00:00:00.000,Acquisitions (Books & Collections)                ,Sci L&A Collections&Reader Services               ,Amazon EU                                         ,PGPC        5811                                  ,              14.5200,                                                  
DCMS                                              ,NHM                                               ,2012-10-29 00:00:00.000,Acquisitions (Books & Collections)                ,Sci L&A Collections&Reader Services               ,Amazon EU                                         ,PGPC        5811                                  ,              24.9500,                                                  
DCMS                                              ,NHM                                               ,2012-10-29 00:00:00.000,Acquisitions (Books & Collections)                ,Sci L&A Collections&Reader Services               ,Amazon EU                                         ,PGPC        5811                                  ,              32.0000,                                                  
DCMS                                              ,NHM                                               ,2012-10-29 00:00:00.000,Acquisitions (Books & Collections)                ,Sci L&A Collections&Reader Services               ,Amazon EU                                         ,PGPC        5811                                  ,              46.7900,                                                  
DCMS                                              ,NHM                                               ,2012-10-29 00:00:00.000,Acquisitions (Books & Collections)                ,Sci L&A Collections&Reader Services               ,Amazon EU                                         ,PGPC        5811                                  ,              95.0000,                                                  
DCMS                                              ,NHM                                               ,2012-10-18 00:00:00.000,P/L - Subscriptions                               ,PEG - Development                                 ,THE CHRONICLE                                     ,PGPC        5766                                  ,              34.9100,                                                  
DCMS                                              ,NHM                                               ,2012-10-18 00:00:00.000,P/L -Training Costs                               ,DCS HR Organisational Development                 ,ACTIONPLANNING.CO                                 ,PGPC        5766                                  ,             320.8300,                                                  
DCMS                                              ,NHM                                               ,2012-10-18 00:00:00.000,Specimen Conservation                             ,Palaeontology Curation                            ,THE NATIONAL TRUST                                ,PGPC        5769                                  ,              30.0500,                                                  
DCMS                                              ,NHM                                               ,2012-10-18 00:00:00.000,Specimen Conservation                             ,Palaeontology Curation                            ,WWW.JOHNLEWIS.COM                                 ,PGPC        5769                                  ,             372.4700,                                                  
DCMS                                              ,NHM                                               ,2012-10-18 00:00:00.000,Subscriptions                                     ,VE VLE Welcome&Information                        ,THE LEISURE MEDIA                                 ,PGPC        5802                                  ,              92.0000,                                                  
DCMS                                              ,NHM                                               ,2012-10-29 00:00:00.000,Acquisitions (Books & Collections)                ,Sci L&A Collections&Reader Services               ,ABEBOOKS.COM                                      ,PGPC        5811                                  ,              32.7400,                                                  
DCMS                                              ,NHM                                               ,2012-10-18 00:00:00.000,P/L - Fundraising Expenditure                     ,PEG - Development                                 ,GILDING THE LILY                                  ,PGPC        5766                                  ,              17.5000,                                                  
DCMS                                              ,NHM                                               ,2012-10-18 00:00:00.000,P/L - General Running Costs                       ,Palaeontology Research                            ,AMAZON MKTPLCE EU-UK                              ,PGPC        5754                                  ,              44.2900,                                                  
DCMS                                              ,NHM                                               ,2012-10-18 00:00:00.000,P/L - General Running Costs                       ,Palaeontology Research                            ,AMAZON MKTPLCE EU-UK                              ,PGPC        5754                                  ,             136.3700,                                                  
DCMS                                              ,NHM                                               ,2012-10-18 00:00:00.000,P/L - General Running Costs                       ,Zoology Research CLSD                             ,BIOMED CENTRAL LTD                                ,PGPC        5754                                  ,             240.0000,                                                  
DCMS                                              ,NHM                                               ,2012-10-18 00:00:00.000,P/L - Hospitality                                 ,PEG - Development                                 ,NATURAL HISTORY MUSEUM                            ,PGPC        5766                                  ,             146.4000,                                                  
DCMS                                              ,NHM                                               ,2012-10-18 00:00:00.000,P/L - Market Research Costs                       ,PEG Learning Programme Developers                 ,SURVEYMONKEY.COM                                  ,PGPC        5768                                  ,              59.0300,                                                  
DCMS                                              ,NHM                                               ,2012-10-18 00:00:00.000,MF - Travel Costs                                 ,PEG Learning Programme Developers                 ,TRAINLINE.COM                                     ,PGPC        5768                                  ,             169.5000,                                                  
DCMS                                              ,NHM                                               ,2012-10-18 00:00:00.000,MF - Travel Costs                                 ,VE VLE Welcome&Information                        ,TRAINLINE.COM                                     ,PGPC        5802                                  ,              23.6000,                                                  
DCMS                                              ,NHM                                               ,2012-10-18 00:00:00.000,MF - Travel Costs                                 ,VE VLE Welcome&Information                        ,TRAINLINE.COM                                     ,PGPC        5802                                  ,              62.9000,                                                  
DCMS                                              ,NHM                                               ,2012-10-18 00:00:00.000,MF - Travel Costs                                 ,VE VLE Welcome&Information                        ,TRAINLINE.COM                                     ,PGPC        5802                                  ,             121.5000,                                                  
DCMS                                              ,NHM                                               ,2012-10-18 00:00:00.000,MF - Travel Costs                                 ,PEG Learning Programme Developers                 ,WH SMITH                                          ,PGPC        5768                                  ,               3.9500,                                                  
DCMS                                              ,NHM                                               ,2012-10-18 00:00:00.000,Museum Membership Contributions                   ,Science Directorate                               ,PAYPAL TDWG MBRSHP                                ,PGPC        5771                                  ,             327.7100,                                                  
DCMS                                              ,NHM                                               ,2012-10-18 00:00:00.000,MF - Travel Costs                                 ,Palaeontology Curation                            ,SHELL TONBRIDGE                                   ,PGPC        5769                                  ,              66.2500,                                                  
DCMS                                              ,NHM                                               ,2012-10-18 00:00:00.000,MF - Travel Costs                                 ,PEG Learning Programme Developers                 ,THE CORNISH PASTY SHOP                            ,PGPC        5768                                  ,               4.9500,                                                  
DCMS                                              ,NHM                                               ,2012-10-18 00:00:00.000,MF - Travel Costs                                 ,PEG Learning Programme Developers                 ,THE MEADFOOT BAY HOTEL                            ,PGPC        5768                                  ,              40.0000,                                                  
DCMS                                              ,NHM                                               ,2012-10-18 00:00:00.000,MF - Travel Costs                                 ,PEG Learning Programme Developers                 ,TRAINLINE.COM                                     ,PGPC        5768                                  ,              32.7000,                                                  
DCMS                                              ,NHM                                               ,2012-10-18 00:00:00.000,MF - Travel Costs                                 ,PEG Learning Programme Developers                 ,TRAINLINE.COM                                     ,PGPC        5768                                  ,              45.0000,                                                  
DCMS                                              ,NHM                                               ,2012-10-18 00:00:00.000,MF - Travel Costs                                 ,PEG Learning Programme Developers                 ,TRAINLINE.COM                                     ,PGPC        5768                                  ,              54.1000,                                                  
DCMS                                              ,NHM                                               ,2012-10-18 00:00:00.000,MF - Travel Costs                                 ,PEG Learning Programme Developers                 ,LE PAIN QUOTIDIEN                                 ,PGPC        5768                                  ,               1.8500,                                                  
DCMS                                              ,NHM                                               ,2012-10-18 00:00:00.000,MF - Travel Costs                                 ,PEG Learning Programme Developers                 ,LE PAIN QUOTIEN                                   ,PGPC        5768                                  ,              12.0500,                                                  
DCMS                                              ,NHM                                               ,2012-10-18 00:00:00.000,MF - Travel Costs                                 ,PEG Learning Programme Developers                 ,NATURAL HISTORY MUSEUM                            ,PGPC        5768                                  ,               3.1700,                                                  
DCMS                                              ,NHM                                               ,2012-10-18 00:00:00.000,MF - Travel Costs                                 ,PEG Learning Programme Developers                 ,NATURAL HISTORY MUSEUM                            ,PGPC        5768                                  ,               3.7500,                                                  
DCMS                                              ,NHM                                               ,2012-10-18 00:00:00.000,MF - Travel Costs                                 ,PEG Learning Programme Developers                 ,NATURAL HISTORY MUSEUM                            ,PGPC        5768                                  ,               5.9000,                                                  
DCMS                                              ,NHM                                               ,2012-10-18 00:00:00.000,MF - Travel Costs                                 ,Palaeontology Curation                            ,SHELL KINGSLEY                                    ,PGPC        5769                                  ,              68.4300,                                                  
DCMS                                              ,NHM                                               ,2012-10-18 00:00:00.000,MF - Travel Costs                                 ,VE VLE Welcome&Information                        ,COLUMBUS TRAINLINE                                ,PGPC        5802                                  ,               2.0000,                                                  
DCMS                                              ,NHM                                               ,2012-10-18 00:00:00.000,MF - Travel Costs                                 ,VE VLE Welcome&Information                        ,COLUMBUS TRAINLINE                                ,PGPC        5802                                  ,               3.0000,                                                  
DCMS                                              ,NHM                                               ,2012-10-18 00:00:00.000,MF - Travel Costs                                 ,Science Research & Consulting Office              ,EUROSTAR INTERNET                                 ,PGPC        5754                                  ,              76.0000,                                                  
DCMS                                              ,NHM                                               ,2012-10-18 00:00:00.000,MF - Travel Costs                                 ,Science Research & Consulting Office              ,EUROSTAR INTERNET                                 ,PGPC        5754                                  ,              77.0000,                                                  
DCMS                                              ,NHM                                               ,2012-10-18 00:00:00.000,MF - Travel Costs                                 ,VE Production Special Effects                     ,GIRAFFE CONCEPTS                                  ,PGPC        5759                                  ,             159.8600,                                                  
DCMS                                              ,NHM                                               ,2012-10-18 00:00:00.000,MF - Travel Costs                                 ,Science Research & Consulting Office              ,HOTEL MEDICIS 8277077                             ,PGPC        5754                                  ,             494.7900,                                                  
DCMS                                              ,NHM                                               ,2012-10-18 00:00:00.000,MF - General Running Costs                        ,VE VLE Welcome&Information                        ,W M MORRISONS                                     ,PGPC        5802                                  ,              15.0000,                                                  
DCMS                                              ,NHM                                               ,2012-10-18 00:00:00.000,MF - Travel Costs                                 ,VE Production Special Effects                     ,AMAZON MKTPLCE EU-UK                              ,PGPC        5759                                  ,             365.0000,                                                  
DCMS                                              ,NHM                                               ,2012-10-18 00:00:00.000,MF - Travel Costs                                 ,PEG Learning Programme Developers                 ,Barclay Card                                      ,PGPC        5768                                  ,               4.3400,                                                  
DCMS                                              ,NHM                                               ,2012-10-18 00:00:00.000,MF - Travel Costs                                 ,VE Production Special Effects                     ,BLOOMSBURY BOWLING                                ,PGPC        5759                                  ,             152.0000,                                                  
DCMS                                              ,NHM                                               ,2012-10-18 00:00:00.000,MF - Travel Costs                                 ,Palaeontology Curation                            ,BONAPARTES BAR                                    ,PGPC        5769                                  ,              12.7600,                                                  
DCMS                                              ,NHM                                               ,2012-10-18 00:00:00.000,MF - Travel Costs                                 ,Science Directorate                               ,BRITISH A                                         ,PGPC        5771                                  ,             128.0700,                                                  
DCMS                                              ,NHM                                               ,2012-10-18 00:00:00.000,MF - General Running Costs                        ,Science Directorate                               ,NATURAL HISTORY MUSEUM                            ,PGPC        5771                                  ,              15.5000,                                                  
DCMS                                              ,NHM                                               ,2012-10-18 00:00:00.000,MF - General Running Costs                        ,Science Directorate                               ,NATURAL HISTORY MUSEUM                            ,PGPC        5771                                  ,              18.5000,                                                  
DCMS                                              ,NHM                                               ,2012-10-18 00:00:00.000,MF - General Running Costs                        ,Science Directorate                               ,NATURAL HISTORY MUSEUM                            ,PGPC        5771                                  ,              26.0400,                                                  
DCMS                                              ,NHM                                               ,2012-10-18 00:00:00.000,MF - General Running Costs                        ,Science Directorate                               ,OCADO LTD                                         ,PGPC        5771                                  ,              80.1700,                                                  
DCMS                                              ,NHM                                               ,2012-10-18 00:00:00.000,MF - General Running Costs                        ,VE VLE Welcome&Information                        ,THE DYSLEXIA SHOP LTD                             ,PGPC        5802                                  ,              11.7200,                                                  
DCMS                                              ,NHM                                               ,2012-10-18 00:00:00.000,MF - General Running Costs                        ,VE VLE Welcome&Information                        ,W M MORRISONS                                     ,PGPC        5802                                  ,              10.0000,                                                  
DCMS                                              ,NHM                                               ,2012-10-18 00:00:00.000,Lab Consumables                                   ,Botany Research                                   ,Barclay Card                                      ,PGPC        5754                                  ,             550.0000,                                                  
DCMS                                              ,NHM                                               ,2012-10-18 00:00:00.000,Lab Consumables                                   ,Botany Research                                   ,SOURCE BIO SCIENCE                                ,PGPC        5754                                  ,            2750.0000,                                                  
DCMS                                              ,NHM                                               ,2012-10-18 00:00:00.000,MF - General Running Costs                        ,VE VLE Welcome&Information                        ,AMAZON MKTPLCE EU-UK                              ,PGPC        5802                                  ,               9.9000,                                                  
DCMS                                              ,NHM                                               ,2012-10-18 00:00:00.000,MF - General Running Costs                        ,VE VLE Welcome&Information                        ,AMAZON MKTPLCE EU-UK                              ,PGPC        5802                                  ,              23.8600,                                                  
DCMS                                              ,NHM                                               ,2012-10-18 00:00:00.000,MF - General Running Costs                        ,VE VLE Welcome&Information                        ,AMAZON MKTPLCE EU-UK                              ,PGPC        5802                                  ,              31.6500,                                                  
DCMS                                              ,NHM                                               ,2012-10-18 00:00:00.000,MF - General Running Costs                        ,VE VLE Welcome&Information                        ,INSTITUTE OF CUSTOMER                             ,PGPC        5802                                  ,             228.0000,                                                  
DCMS                                              ,NHM                                               ,2012-10-18 00:00:00.000,Irrecoverable VAT                                 ,DCS Finance                                       ,Barclay Card                                      ,PGPC        5766                                  ,               2.0400,                                                  
DCMS                                              ,NHM                                               ,2012-10-18 00:00:00.000,Irrecoverable VAT                                 ,Palaeontology Admin                               ,Barclay Card                                      ,PGPC        5769                                  ,              41.5700,                                                  
DCMS                                              ,NHM                                               ,2012-10-18 00:00:00.000,Irrecoverable VAT                                 ,DCS Finance                                       ,Barclay Card                                      ,PGPC        5771                                  ,               1.9900,                                                  
DCMS                                              ,NHM                                               ,2012-10-18 00:00:00.000,IT Software                                       ,VE Production Special Effects                     ,37SIGNALS-CHARGE.COM                              ,PGPC        5759                                  ,              13.2200,                                                  
DCMS                                              ,NHM                                               ,2012-10-18 00:00:00.000,IT Software                                       ,Entomology Research                               ,DNH GODADDY.COM EUROPE                            ,PGPC        5754                                  ,              49.4400,                                                  
DCMS                                              ,NHM                                               ,2012-10-18 00:00:00.000,IT Software                                       ,VE Production Special Effects                     ,FS ROGUEAMOEBA.COM                                ,PGPC        5759                                  ,              20.7700,                                                  
DCMS                                              ,NHM                                               ,2012-10-18 00:00:00.000,Hospitality                                       ,PEG Learning Programme Developers                 ,NATURAL HISTORY MUSEUM                            ,PGPC        5768                                  ,             101.5000,                                                  
DCMS                                              ,NHM                                               ,2012-10-18 00:00:00.000,Hospitality                                       ,Science Directorate                               ,NATURAL HISTORY MUSEUM                            ,PGPC        5771                                  ,              92.5000,                                                  
DCMS                                              ,NHM                                               ,2012-10-18 00:00:00.000,Hospitality                                       ,VE VLE Welcome&Information                        ,NATURAL HISTORY MUSEUM                            ,PGPC        5802                                  ,               1.6800,                                                  
DCMS                                              ,NHM                                               ,2012-10-18 00:00:00.000,Hospitality                                       ,VE VLE Welcome&Information                        ,NATURAL HISTORY MUSEUM                            ,PGPC        5802                                  ,               3.1000,                                                  
DCMS                                              ,NHM                                               ,2012-10-18 00:00:00.000,Hospitality                                       ,VE VLE Welcome&Information                        ,NATURAL HISTORY MUSEUM                            ,PGPC        5802                                  ,               3.6300,                                                  
DCMS                                              ,NHM                                               ,2012-10-18 00:00:00.000,Hospitality                                       ,PEG Learning Programme Developers                 ,TRAINLINE.COM                                     ,PGPC        5768                                  ,             124.5000,                                                  
DCMS                                              ,NHM                                               ,2012-10-18 00:00:00.000,EXF - Travel                                      ,Mineralogy Curation                               ,IBIS BASTEI DRESDEN                               ,PGPC        5799                                  ,             488.8600,                                                  
DCMS                                              ,NHM                                               ,2012-10-18 00:00:00.000,EXF - Travel                                      ,Mineralogy Curation                               ,KUFFLER & BUCHER                                  ,PGPC        5799                                  ,              27.8300,                                                  
DCMS                                              ,NHM                                               ,2012-10-18 00:00:00.000,EXF - Travel                                      ,Mineralogy Curation                               ,RAUSCHENBACH DELI                                 ,PGPC        5799                                  ,              43.7400,                                                  
DCMS                                              ,NHM                                               ,2012-10-18 00:00:00.000,EXF - Travel                                      ,Mineralogy Curation                               ,RAUSCHENBACH DELI                                 ,PGPC        5799                                  ,              64.0400,                                                  
DCMS                                              ,NHM                                               ,2012-10-18 00:00:00.000,EXF - Travel                                      ,Entomology Research                               ,TRAINLINE.COM                                     ,PGPC        5754                                  ,              86.9000,                                                  
DCMS                                              ,NHM                                               ,2012-10-18 00:00:00.000,Hospitality                                       ,PEG Learning Programme Developers                 ,Barclay Card                                      ,PGPC        5768                                  ,              20.3000,                                                  
DCMS                                              ,NHM                                               ,2012-10-18 00:00:00.000,EXF - Travel                                      ,Mineralogy Curation                               ,BISTRO CAFÉ AM SCHLOSS                            ,PGPC        5799                                  ,              23.5500,                                                  
DCMS                                              ,NHM                                               ,2012-10-18 00:00:00.000,EXF - Travel                                      ,Mineralogy Curation                               ,CLOCKHOUSE CARS LTD                               ,PGPC        5799                                  ,              54.5000,                                                  
DCMS                                              ,NHM                                               ,2012-10-18 00:00:00.000,EXF - Travel                                      ,Entomology Research                               ,EASYHOTEL SOUTH KEN                               ,PGPC        5754                                  ,             301.9500,                                                  
DCMS                                              ,NHM                                               ,2012-10-18 00:00:00.000,EXF - Travel                                      ,Mineralogy Curation                               ,FLUGHAFEN-RESTAURANTS                             ,PGPC        5799                                  ,               5.5500,                                                  
DCMS                                              ,NHM                                               ,2012-10-17 00:00:00.000,Irrecoverable VAT                                 ,DCS Finance                                       ,NorthgateArinso UK Ltd                            ,PINV      170961                                  ,              64.1000,                                                  
DCMS                                              ,NHM                                               ,2012-10-17 00:00:00.000,Irrecoverable VAT                                 ,DCS Finance                                       ,Spring Personnel                                  ,PINV      170909                                  ,               4.3600,                                                  
DCMS                                              ,NHM                                               ,2012-10-17 00:00:00.000,Irrecoverable VAT                                 ,DCS Finance                                       ,Spring Personnel                                  ,PINV      170910                                  ,               4.1100,                                                  
DCMS                                              ,NHM                                               ,2012-10-17 00:00:00.000,Irrecoverable VAT                                 ,DCS Finance                                       ,Spring Personnel                                  ,PINV      170911                                  ,               3.3800,                                                  
DCMS                                              ,NHM                                               ,2012-10-17 00:00:00.000,Irrecoverable VAT                                 ,DCS Finance                                       ,Spring Personnel                                  ,PINV      170912                                  ,               3.3800,                                                  
DCMS                                              ,NHM                                               ,2012-10-17 00:00:00.000,Irrecoverable VAT                                 ,DCS Finance                                       ,Spring Personnel                                  ,PINV      170913                                  ,               3.2800,                                                  
DCMS                                              ,NHM                                               ,2012-10-17 00:00:00.000,Irrecoverable VAT                                 ,DCS Finance                                       ,Spring Personnel                                  ,PINV      170923                                  ,               3.3800,                                                  
DCMS                                              ,NHM                                               ,2012-10-17 00:00:00.000,Irrecoverable VAT                                 ,DCS Finance                                       ,Spring Personnel                                  ,PINV      170933                                  ,               7.0100,                                                  
DCMS                                              ,NHM                                               ,2012-10-17 00:00:00.000,Irrecoverable VAT                                 ,DCS Finance                                       ,Spring Personnel                                  ,PINV      170934                                  ,               6.4700,                                                  
DCMS                                              ,NHM                                               ,2012-10-17 00:00:00.000,Irrecoverable VAT                                 ,DCS Finance                                       ,Spring Personnel                                  ,PINV      170964                                  ,               4.2900,                                                  
DCMS                                              ,NHM                                               ,2012-10-17 00:00:00.000,Irrecoverable VAT                                 ,DCS Finance                                       ,Spring Personnel                                  ,PINV      170965                                  ,               4.9700,                                                  
DCMS                                              ,NHM                                               ,2012-10-17 00:00:00.000,Irrecoverable VAT                                 ,DCS Finance                                       ,Spring Personnel                                  ,PINV      170966                                  ,               3.2000,                                                  
DCMS                                              ,NHM                                               ,2012-10-17 00:00:00.000,Irrecoverable VAT                                 ,DCS Finance                                       ,Spring Personnel                                  ,PINV      170967                                  ,               3.6300,                                                  
DCMS                                              ,NHM                                               ,2012-10-17 00:00:00.000,Irrecoverable VAT                                 ,DCS Finance                                       ,Spring Personnel                                  ,PINV      170968                                  ,               4.9700,                                                  
DCMS                                              ,NHM                                               ,2012-10-17 00:00:00.000,Irrecoverable VAT                                 ,DCS Finance                                       ,Spring Personnel                                  ,PINV      170969                                  ,               3.2000,                                                  
DCMS                                              ,NHM                                               ,2012-10-17 00:00:00.000,Irrecoverable VAT                                 ,DCS Finance                                       ,Spring Personnel                                  ,PINV      170987                                  ,               5.9800,                                                  
DCMS                                              ,NHM                                               ,2012-10-17 00:00:00.000,Irrecoverable VAT                                 ,DCS Finance                                       ,Spring Personnel                                  ,PINV      170989                                  ,               5.8700,                                                  
DCMS                                              ,NHM                                               ,2012-10-17 00:00:00.000,Irrecoverable VAT                                 ,DCS Finance                                       ,Spring Personnel                                  ,PINV      170990                                  ,               4.9600,                                                  
DCMS                                              ,NHM                                               ,2012-10-17 00:00:00.000,Irrecoverable VAT                                 ,DCS Finance                                       ,Spring Personnel                                  ,PINV      170991                                  ,               5.9800,                                                  
DCMS                                              ,NHM                                               ,2012-10-17 00:00:00.000,Irrecoverable VAT                                 ,DCS Finance                                       ,Spring Personnel                                  ,PINV      170999                                  ,               7.5100,                                                  
DCMS                                              ,NHM                                               ,2012-10-17 00:00:00.000,Irrecoverable VAT                                 ,DCS Finance                                       ,Spring Personnel                                  ,PINV      171000                                  ,               3.4500,                                                  
DCMS                                              ,NHM                                               ,2012-10-17 00:00:00.000,Irrecoverable VAT                                 ,DCS Finance                                       ,Spring Personnel                                  ,PINV      171004                                  ,               6.4500,                                                  
DCMS                                              ,NHM                                               ,2012-10-17 00:00:00.000,Irrecoverable VAT                                 ,DCS Finance                                       ,White Light (Electrics) Ltd                       ,PINV      170949                                  ,              57.7500,                                                  
DCMS                                              ,NHM                                               ,2012-10-17 00:00:00.000,Irrecoverable VAT                                 ,DCS Finance                                       ,Workplace Options                                 ,PINV      170986                                  ,              20.5200,                                                  
DCMS                                              ,NHM                                               ,2012-10-17 00:00:00.000,IT Systems Development                            ,KEMu System                                       ,KE Software (UK) Ltd                              ,PINV      170992                                  ,            1311.3600,                                                  
DCMS                                              ,NHM                                               ,2012-10-17 00:00:00.000,IT Systems Development                            ,KEMu System                                       ,KE Software (UK) Ltd                              ,PINV      170992                                  ,           16000.0000,                                                  
DCMS                                              ,NHM                                               ,2012-10-17 00:00:00.000,IT Systems Development                            ,KEMu System                                       ,KE Software (UK) Ltd                              ,PINV      170993                                  ,             942.5400,                                                  
DCMS                                              ,NHM                                               ,2012-10-17 00:00:00.000,IT Systems Development                            ,KEMu System                                       ,KE Software (UK) Ltd                              ,PINV      170993                                  ,           11500.0000,                                                  
DCMS                                              ,NHM                                               ,2012-10-17 00:00:00.000,IT Systems Development                            ,KEMu System                                       ,KE Software (UK) Ltd                              ,PINV      170994                                  ,             663.8800,                                                  
DCMS                                              ,NHM                                               ,2012-10-17 00:00:00.000,IT Systems Development                            ,KEMu System                                       ,KE Software (UK) Ltd                              ,PINV      170994                                  ,            8100.0000,                                                  
DCMS                                              ,NHM                                               ,2012-10-17 00:00:00.000,P/L - Equip & Related Costs                       ,PEG - Development                                 ,White Light (Electrics) Ltd                       ,PINV      170949                                  ,            9080.0000,                                                  
DCMS                                              ,NHM                                               ,2012-10-17 00:00:00.000,P/L - Est Gas                                     ,Estates Utilities & Rents                         ,Gazprom Marketing & Trading Retail L              ,PINV      171005                                  ,            2193.6800,                                                  
DCMS                                              ,NHM                                               ,2012-10-17 00:00:00.000,P/L - Est Gas                                     ,Estates Utilities & Rents                         ,Gazprom Marketing & Trading Retail L              ,PINV      171006                                  ,            4596.3000,                                                  
DCMS                                              ,NHM                                               ,2012-10-17 00:00:00.000,P/L - Est Irrecoverable VAT R/Costs               ,Estates Management                                ,Arnold Clark Finance Limited                      ,PINV      171015                                  ,               5.8400,                                                  
DCMS                                              ,NHM                                               ,2012-10-17 00:00:00.000,P/L - Est Irrecoverable VAT R/Costs               ,Estates Management                                ,Data Track Technology Plc                         ,PINV      170974                                  ,               4.1300,                                                  
DCMS                                              ,NHM                                               ,2012-10-17 00:00:00.000,P/L - Est Irrecoverable VAT R/Costs               ,Estates Management                                ,Emcor Facility Services Ltd                       ,PINV      170960                                  ,               3.2700,                                                  
DCMS                                              ,NHM                                               ,2012-10-17 00:00:00.000,P/L - Est Irrecoverable VAT R/Costs               ,Estates Management                                ,Tuscan Holdings Ltd                               ,PINV      171018                                  ,               4.5500,                                                  
DCMS                                              ,NHM                                               ,2012-10-18 00:00:00.000,EXF - Travel                                      ,Mineralogy Curation                               ,GIRAFFE                                           ,PGPC        5799                                  ,              14.0500,                                                  
DCMS                                              ,NHM                                               ,2012-10-18 00:00:00.000,EXF - Travel                                      ,Mineralogy Curation                               ,HEATHROW RAIL LINK                                ,PGPC        5799                                  ,              19.0000,                                                  
DCMS                                              ,NHM                                               ,2012-10-18 00:00:00.000,Equipment < £5k                                   ,PEG Learning Programme Developers                 ,PAYPAL OSTEOLAB                                   ,PGPC        5768                                  ,              50.7900,                                                  
DCMS                                              ,NHM                                               ,2012-10-18 00:00:00.000,Equipment < £5k                                   ,PEG Learning Programme Developers                 ,PAYPAL OSTEOLAB                                   ,PGPC        5768                                  ,             424.8600,                                                  
DCMS                                              ,NHM                                               ,2012-10-18 00:00:00.000,Equipment < £5k                                   ,VE Production Special Effects                     ,SKYPE COMMUNICATION                               ,PGPC        5759                                  ,              11.5000,                                                  
DCMS                                              ,NHM                                               ,2012-10-18 00:00:00.000,Equipment < £5k                                   ,VE Production Special Effects                     ,WWW.CANFORD.CO.UK                                 ,PGPC        5759                                  ,              40.8500,                                                  
DCMS                                              ,NHM                                               ,2012-10-18 00:00:00.000,Equipment < £5k                                   ,VE Production Special Effects                     ,WWW.REPSOLE.COM                                   ,PGPC        5775                                  ,              18.0800,                                                  
DCMS                                              ,NHM                                               ,2012-10-18 00:00:00.000,Equipment < £5k                                   ,VE Production Special Effects                     ,WWW.REPSOLE.COM                                   ,PGPC        5775                                  ,              29.0700,                                                  
DCMS                                              ,NHM                                               ,2012-10-18 00:00:00.000,Equipment < £5k                                   ,VE Production Special Effects                     ,AMAZON MKTPLCE EU-UK                              ,PGPC        5759                                  ,              54.2500,                                                  
DCMS                                              ,NHM                                               ,2012-10-18 00:00:00.000,Equipment < £5k                                   ,VE Production Special Effects                     ,AMAZON MKTPLCE EU-UK                              ,PGPC        5759                                  ,              59.9800,                                                  
DCMS                                              ,NHM                                               ,2012-10-18 00:00:00.000,Equipment < £5k                                   ,PEG Learning Programme Developers                 ,AMAZON MKTPLCE EU-UK                              ,PGPC        5768                                  ,               6.7100,                                                  
DCMS                                              ,NHM                                               ,2012-10-18 00:00:00.000,Equipment < £5k                                   ,VE Production Special Effects                     ,AMPLICON LIVELINE LTD                             ,PGPC        5775                                  ,            1770.0000,                                                  
DCMS                                              ,NHM                                               ,2012-10-18 00:00:00.000,Equipment < £5k                                   ,PEG Learning Programme Developers                 ,Barclay Card                                      ,PGPC        5768                                  ,              95.1300,                                                  
DCMS                                              ,NHM                                               ,2012-10-18 00:00:00.000,Equipment < £5k                                   ,VE Production Special Effects                     ,FARNELL ELECTRONIC                                ,PGPC        5775                                  ,               3.0100,                                                  
DCMS                                              ,NHM                                               ,2012-10-18 00:00:00.000,Equip Hire & Maintenance (Leases)                 ,VE VLE Welcome&Information                        ,BT BILL PAYMENT 2                                 ,PGPC        5802                                  ,              48.7600,                                                  
DCMS                                              ,NHM                                               ,2012-10-18 00:00:00.000,Equipment < £5k                                   ,VE Production Special Effects                     ,AMAZON EU                                         ,PGPC        5759                                  ,              74.9500,                                                  
DCMS                                              ,NHM                                               ,2012-10-18 00:00:00.000,Equipment < £5k                                   ,VE Production Special Effects                     ,AMAZON EU                                         ,PGPC        5759                                  ,             237.9500,                                                  
DCMS                                              ,NHM                                               ,2012-10-18 00:00:00.000,Equipment < £5k                                   ,VE Production Special Effects                     ,AMAZON EU                                         ,PGPC        5759                                  ,             563.9400,                                                  
DCMS                                              ,NHM                                               ,2012-10-18 00:00:00.000,Equipment < £5k                                   ,VE Production Special Effects                     ,AMAZON MKTPLCE EU-UK                              ,PGPC        5759                                  ,              15.4200,                                                  
DCMS                                              ,NHM                                               ,2012-10-18 00:00:00.000,Equipment < £5k                                   ,VE Production Special Effects                     ,AMAZON MKTPLCE EU-UK                              ,PGPC        5759                                  ,              18.4000,                                                  
DCMS                                              ,NHM                                               ,2012-10-11 00:00:00.000,SS Subscriptions                                  ,National Museum Directors Conf NMDC               ,MAILCHIMP                                         ,PGPC        5787                                  ,              16.5900,                                                  
DCMS                                              ,NHM                                               ,2012-10-11 00:00:00.000,SS Travel & Subsistence                           ,National Museum Directors Conf NMDC               ,GREAT CENTRAL RAIK                                ,PGPC        5787                                  ,             136.4000,                                                  
DCMS                                              ,NHM                                               ,2012-10-11 00:00:00.000,Tools Purchased                                   ,VE Production Special Effects                     ,ALLENDALE GROUP                                   ,PGPC        5778                                  ,              87.5800,                                                  
DCMS                                              ,NHM                                               ,2012-10-11 00:00:00.000,Tools Purchased                                   ,VE Production Special Effects                     ,GOOGLE COLLECTS DIRECT                            ,PGPC        5778                                  ,              32.7600,                                                  
DCMS                                              ,NHM                                               ,2012-10-11 00:00:00.000,Tools Purchased                                   ,VE Production Special Effects                     ,WWW SHOP APT CO UK                                ,PGPC        5778                                  ,             324.0700,                                                  
DCMS                                              ,NHM                                               ,2012-10-18 00:00:00.000,Conference (Delegate) Fees                        ,Entomology Research                               ,ACT TDWG ANNUAL MEETING                           ,PGPC        5754                                  ,             651.5200,                                                  
DCMS                                              ,NHM                                               ,2012-10-11 00:00:00.000,P/L -Training Costs                               ,DCS HR Organisational Development                 ,WWW.THEMINDGYM.COM                                ,PGPC        5780                                  ,            1080.0000,                                                  
DCMS                                              ,NHM                                               ,2012-10-11 00:00:00.000,Printing & stationery                             ,Sci L&A Archives                                  ,AMAZON MKTPLCE EU-UK                              ,PGPC        5776                                  ,              16.7500,                                                  
DCMS                                              ,NHM                                               ,2012-10-11 00:00:00.000,Specimen Conservation                             ,Sci L&A Collections&Reader Services               ,PRESERVATION EQUIP                                ,PGPC        5776                                  ,             387.4000,                                                  
DCMS                                              ,NHM                                               ,2012-10-11 00:00:00.000,SS General Running Costs                          ,National Museum Directors Conf NMDC               ,BENUGO LIMITED                                    ,PGPC        5787                                  ,             867.2500,                                                  
DCMS                                              ,NHM                                               ,2012-10-11 00:00:00.000,SS General Running Costs                          ,National Museum Directors Conf NMDC               ,HUMMINGBIRD BAKERY                                ,PGPC        5787                                  ,               6.0000,                                                  
DCMS                                              ,NHM                                               ,2012-10-11 00:00:00.000,SS General Running Costs                          ,National Museum Directors Conf NMDC               ,NATURAL HISTORY MUSEUM                            ,PGPC        5787                                  ,               3.4700,                                                  
DCMS                                              ,NHM                                               ,2012-10-18 00:00:00.000,Agency Temporary Staff Costs                      ,VE VLE Welcome&Information                        ,Step Ahead                                        ,PINV      171064                                  ,            1131.1500,                                                  
DCMS                                              ,NHM                                               ,2012-10-18 00:00:00.000,Agency Temporary Staff Costs                      ,VE VLE Welcome&Information                        ,Step Ahead                                        ,PINV      171065                                  ,            3601.2500,                                                  
DCMS                                              ,NHM                                               ,2012-10-18 00:00:00.000,Agency Temporary Staff Costs                      ,VE VLE Welcome&Information                        ,Step Ahead                                        ,PINV      171066                                  ,            2354.8100,                                                  
DCMS                                              ,NHM                                               ,2012-10-18 00:00:00.000,Agency Temporary Staff Costs                      ,VE VLE Welcome&Information                        ,Step Ahead                                        ,PINV      171067                                  ,             946.1300,                                                  
DCMS                                              ,NHM                                               ,2012-10-18 00:00:00.000,Agency Temporary Staff Costs                      ,VE VLE Welcome&Information                        ,Step Ahead                                        ,PINV      171069                                  ,            4091.6900,                                                  
DCMS                                              ,NHM                                               ,2012-10-18 00:00:00.000,Agency Temporary Staff Costs                      ,VE VLE Welcome&Information                        ,Step Ahead                                        ,PINV      171070                                  ,            5001.8800,                                                  
DCMS                                              ,NHM                                               ,2012-10-18 00:00:00.000,Agency Temporary Staff Costs                      ,VE VLE Welcome&Information                        ,Step Ahead                                        ,PINV      171071                                  ,             964.3200,                                                  
DCMS                                              ,NHM                                               ,2012-10-18 00:00:00.000,COS Publishing / stock adj                        ,Commerce Publishing                               ,Frances Lincoln Ltd                               ,PINV      171054                                  ,             212.3700,                                                  
DCMS                                              ,NHM                                               ,2012-10-18 00:00:00.000,COS Publishing / stock adj                        ,Commerce Publishing                               ,Frances Lincoln Ltd                               ,PINV      171054                                  ,             752.0500,                                                  
DCMS                                              ,NHM                                               ,2012-10-18 00:00:00.000,COS Publishing / stock adj                        ,Commerce Publishing                               ,Frances Lincoln Ltd                               ,PINV      171054                                  ,            1503.7300,                                                  
DCMS                                              ,NHM                                               ,2012-10-18 00:00:00.000,Equip Hire & Maintenance                          ,Botany Research                                   ,Arval PHH                                         ,PINV      171053                                  ,             134.2000,                                                  
DCMS                                              ,NHM                                               ,2012-10-18 00:00:00.000,Equip Hire & Maintenance                          ,Botany Research                                   ,Arval PHH                                         ,PINV      171053                                  ,             670.9600,                                                  
DCMS                                              ,NHM                                               ,2012-10-18 00:00:00.000,Equip Hire & Maintenance (Leases)                 ,PEG Learning Programme Developers                 ,4D Model Shop                                     ,PINV      171058                                  ,             693.7800,                                                  
DCMS                                              ,NHM                                               ,2012-10-18 00:00:00.000,EXF - Travel                                      ,Palaeontology Research                            ,Key Travel                                        ,PINV      171059                                  ,             820.2900,                                                  
DCMS                                              ,NHM                                               ,2012-10-18 00:00:00.000,EXF - Travel                                      ,Zoology Research CLSD                             ,Key Travel                                        ,PINV      171060                                  ,             841.0900,                                                  
DCMS                                              ,NHM                                               ,2012-10-18 00:00:00.000,Exhibition Production                             ,PEG Visitor Offer Strat Non Exh Proj              ,Mechanical & Ferrous Ltd                          ,PINV      171034                                  ,             471.0000,                                                  
DCMS                                              ,NHM                                               ,2012-10-18 00:00:00.000,Exhibition Production                             ,PEG Visitor Offer Strat Non Exh Proj              ,Mechanical & Ferrous Ltd                          ,PINV      171035                                  ,             426.0000,                                                  
DCMS                                              ,NHM                                               ,2012-10-18 00:00:00.000,Irrecoverable VAT                                 ,DCS Finance                                       ,Certes Computing Ltd                              ,PINV      171090                                  ,               9.7300,                                                  
DCMS                                              ,NHM                                               ,2012-10-18 00:00:00.000,Irrecoverable VAT                                 ,DCS Finance                                       ,Spring Personnel                                  ,PINV      171050                                  ,               2.7000,                                                  
DCMS                                              ,NHM                                               ,2012-10-18 00:00:00.000,Irrecoverable VAT                                 ,DCS Finance                                       ,Spring Personnel                                  ,PINV      171078                                  ,               3.9800,                                                  
DCMS                                              ,NHM                                               ,2012-10-18 00:00:00.000,Irrecoverable VAT                                 ,DCS Finance                                       ,Spring Personnel                                  ,PINV      171079                                  ,               3.2000,                                                  
DCMS                                              ,NHM                                               ,2012-10-18 00:00:00.000,Irrecoverable VAT                                 ,Entomology Admin                                  ,Spring Personnel                                  ,PINV      171080                                  ,              52.5800,                                                  
DCMS                                              ,NHM                                               ,2012-10-18 00:00:00.000,Irrecoverable VAT                                 ,Entomology Admin                                  ,Spring Personnel                                  ,PINV      171082                                  ,              48.5400,                                                  
DCMS                                              ,NHM                                               ,2012-10-18 00:00:00.000,Irrecoverable VAT                                 ,Entomology Admin                                  ,Spring Personnel                                  ,PINV      171083                                  ,              37.7500,                                                  
DCMS                                              ,NHM                                               ,2012-10-18 00:00:00.000,Irrecoverable VAT                                 ,DCS Finance                                       ,Spring Personnel                                  ,PINV      171089                                  ,               5.1400,                                                  
DCMS                                              ,NHM                                               ,2012-10-18 00:00:00.000,P/L - General Running Costs                       ,VE VLE Learning Experience                        ,Benugo                                            ,PINV      171072                                  ,             136.2000,                                                  
DCMS                                              ,NHM                                               ,2012-10-18 00:00:00.000,P/L - General Running Costs                       ,VE VLE Learning Experience                        ,Benugo                                            ,PINV      171072                                  ,             681.0000,                                                  
DCMS                                              ,NHM                                               ,2012-10-18 00:00:00.000,P/L - General Running Costs                       ,Botany Research                                   ,Zephyr Flags & Banners                            ,PINV      171028                                  ,              88.6000,                                                  
DCMS                                              ,NHM                                               ,2012-10-18 00:00:00.000,P/L - General Running Costs                       ,Botany Research                                   ,Zephyr Flags & Banners                            ,PINV      171028                                  ,             443.0000,                                                  
DCMS                                              ,NHM                                               ,2012-10-18 00:00:00.000,Professional Services/Fees                        ,PEG Vis Serv Temporary Exhibitions                ,Baker Mallett                                     ,PINV      171046                                  ,             696.0000,                                                  
DCMS                                              ,NHM                                               ,2012-10-18 00:00:00.000,Professional Services/Fees                        ,PEG Vis Serv Temporary Exhibitions                ,Muse                                              ,PINV      171033                                  ,            6300.0000,                                                  
DCMS                                              ,NHM                                               ,2012-10-18 00:00:00.000,Promotional Costs                                 ,Commerce Publishing                               ,V & A Enterprises Ltd                             ,PINV      171027                                  ,             909.0000,                                                  
DCMS                                              ,NHM                                               ,2012-10-19 00:00:00.000,Agency Temporary Staff Costs                      ,DCS ICT (Info Computer Techonology)               ,Eurobase People                                   ,PINV      171105                                  ,            1047.2000,                                                  
DCMS                                              ,NHM                                               ,2012-10-11 00:00:00.000,P/L -Training Costs                               ,DCS HR Organisational Development                 ,NATURAL HISTORY MUSEUM                            ,PGPC        5780                                  ,              31.0000,                                                  
DCMS                                              ,NHM                                               ,2012-10-11 00:00:00.000,P/L -Training Costs                               ,DCS HR Organisational Development                 ,NATURAL HISTORY MUSEUM                            ,PGPC        5780                                  ,              57.0000,                                                  
DCMS                                              ,NHM                                               ,2012-10-11 00:00:00.000,P/L -Training Costs                               ,DCS HR Organisational Development                 ,NATURAL HISTORY MUSEUM                            ,PGPC        5780                                  ,             139.2000,                                                  
DCMS                                              ,NHM                                               ,2012-10-11 00:00:00.000,P/L -Training Costs                               ,DCS HR Organisational Development                 ,NATURAL HISTORY MUSEUM                            ,PGPC        5780                                  ,             173.6000,                                                  
DCMS                                              ,NHM                                               ,2012-10-11 00:00:00.000,P/L -Training Costs                               ,DCS HR Organisational Development                 ,NATURAL HISTORY MUSEUM                            ,PGPC        5780                                  ,             181.8000,                                                  
DCMS                                              ,NHM                                               ,2012-10-11 00:00:00.000,P/L -Training Costs                               ,DCS HR Organisational Development                 ,SHL GROUP LTD                                     ,PGPC        5780                                  ,             755.0000,                                                  
DCMS                                              ,NHM                                               ,2012-10-11 00:00:00.000,P/L -Training Costs                               ,DCS HR Organisational Development                 ,NATURAL HISTORY MUSEUM                            ,PGPC        5780                                  ,              15.5000,                                                  
DCMS                                              ,NHM                                               ,2012-10-11 00:00:00.000,P/L -Training Costs                               ,DCS HR Organisational Development                 ,NATURAL HISTORY MUSEUM                            ,PGPC        5780                                  ,              15.5000,                                                  
DCMS                                              ,NHM                                               ,2012-10-11 00:00:00.000,P/L -Training Costs                               ,DCS HR Organisational Development                 ,NATURAL HISTORY MUSEUM                            ,PGPC        5780                                  ,              18.6000,                                                  
DCMS                                              ,NHM                                               ,2012-10-11 00:00:00.000,P/L -Training Costs                               ,DCS HR Organisational Development                 ,NATURAL HISTORY MUSEUM                            ,PGPC        5780                                  ,              21.7000,                                                  
DCMS                                              ,NHM                                               ,2012-10-11 00:00:00.000,P/L -Training Costs                               ,DCS HR Organisational Development                 ,NATURAL HISTORY MUSEUM                            ,PGPC        5780                                  ,              21.7000,                                                  
DCMS                                              ,NHM                                               ,2012-10-11 00:00:00.000,P/L -Training Costs                               ,DCS HR Organisational Development                 ,NATURAL HISTORY MUSEUM                            ,PGPC        5780                                  ,              29.7600,                                                  
DCMS                                              ,NHM                                               ,2012-10-11 00:00:00.000,P/L - Courier Costs                               ,DCS ICT (Info Computer Techonology)               ,CITYSPRINT                                        ,PGPC        5792                                  ,              48.9200,                                                  
DCMS                                              ,NHM                                               ,2012-10-11 00:00:00.000,P/L - General Running Costs                       ,Entomology Curation                               ,ACADEMY OF NATURAL                                ,PGPC        5794                                  ,              32.8200,                                                  
DCMS                                              ,NHM                                               ,2012-10-11 00:00:00.000,P/L - General Running Costs                       ,Entomology Research                               ,ALPHA VISA CONGRESS                               ,PGPC        5794                                  ,             341.7400,                                                  
DCMS                                              ,NHM                                               ,2012-10-11 00:00:00.000,P/L -Training Costs                               ,DCS HR Organisational Development                 ,I P D SUBSCRIPTIONS                               ,PGPC        5780                                  ,              60.0000,                                                  
DCMS                                              ,NHM                                               ,2012-10-11 00:00:00.000,P/L -Training Costs                               ,DCS HR Organisational Development                 ,NATURAL HISTORY MUSEUM                            ,PGPC        5780                                  ,               0.1200,                                                  
DCMS                                              ,NHM                                               ,2012-10-11 00:00:00.000,P/L -Training Costs                               ,DCS HR Organisational Development                 ,NATURAL HISTORY MUSEUM                            ,PGPC        5780                                  ,              12.4000,                                                  
DCMS                                              ,NHM                                               ,2012-10-11 00:00:00.000,MF - Travel Costs                                 ,PEG Interactive Media CLOSED                      ,WWW.NHM.AC.UK                                     ,PGPC        5789                                  ,              21.5000,                                                  
DCMS                                              ,NHM                                               ,2012-10-11 00:00:00.000,MF - Travel Costs                                 ,PEG Interactive Media CLOSED                      ,WWW.NHM.AC.UK                                     ,PGPC        5789                                  ,             160.0000,                                                  
DCMS                                              ,NHM                                               ,2012-10-11 00:00:00.000,MF - Travel Costs                                 ,PEG Interactive Media CLOSED                      ,WWW.NHM.AC.UK                                     ,PGPC        5789                                  ,             230.0000,                                                  
DCMS                                              ,NHM                                               ,2012-10-11 00:00:00.000,P/L - Courier Costs                               ,PEG - Communications Central                      ,CITYSPRINT                                        ,PGPC        5792                                  ,               9.4500,                                                  
DCMS                                              ,NHM                                               ,2012-10-11 00:00:00.000,P/L - Courier Costs                               ,PEG - Communications Central                      ,CITYSPRINT                                        ,PGPC        5792                                  ,              17.2500,                                                  
DCMS                                              ,NHM                                               ,2012-10-11 00:00:00.000,P/L - Courier Costs                               ,PEG - Communications Central                      ,CITYSPRINT                                        ,PGPC        5792                                  ,              29.9900,                                                  
DCMS                                              ,NHM                                               ,2012-10-11 00:00:00.000,MF - Travel Costs                                 ,Entomology Research                               ,PROMENADE HOTEL-F/O                               ,PGPC        5776                                  ,             234.0500,                                                  
DCMS                                              ,NHM                                               ,2012-10-11 00:00:00.000,MF - Travel Costs                                 ,Entomology Research                               ,PROMENADE HOTEL-F/O                               ,PGPC        5776                                  ,             244.6100,                                                  
DCMS                                              ,NHM                                               ,2012-10-11 00:00:00.000,MF - Travel Costs                                 ,Entomology Research                               ,PROMENADE HOTEL-F/O                               ,PGPC        5776                                  ,             292.5700,                                                  
DCMS                                              ,NHM                                               ,2012-10-11 00:00:00.000,MF - Travel Costs                                 ,Entomology Research                               ,PROMENADE HOTEL-F/O                               ,PGPC        5776                                  ,             519.8000,                                                  
DCMS                                              ,NHM                                               ,2012-10-11 00:00:00.000,MF - Travel Costs                                 ,PEG Vis Serv Temporary Exhibitions                ,TRAINLINE.COM                                     ,PGPC        5790                                  ,              42.1000,                                                  
DCMS                                              ,NHM                                               ,2012-10-11 00:00:00.000,MF - Travel Costs                                 ,PEG Interactive Media CLOSED                      ,WWW.NHM.AC.UK                                     ,PGPC        5789                                  ,               6.9000,                                                  
DCMS                                              ,NHM                                               ,2012-10-11 00:00:00.000,MF - Travel Costs                                 ,PEG Vis Serv Temporary Exhibitions                ,EUROSTAR ACC                                      ,PGPC        5790                                  ,             119.0000,                                                  
DCMS                                              ,NHM                                               ,2012-10-11 00:00:00.000,MF - Travel Costs                                 ,PEG Vis Serv Temporary Exhibitions                ,EUROSTAR ACC                                      ,PGPC        5790                                  ,             599.0000,                                                  
DCMS                                              ,NHM                                               ,2012-10-23 00:00:00.000,Irrecoverable VAT                                 ,Mineralogy Admin                                  ,Systat Software Inc                               ,PINV      171137                                  ,              63.7800,                                                  
DCMS                                              ,NHM                                               ,2012-10-23 00:00:00.000,IT Software                                       ,Mineralogy Facility                               ,Systat Software Inc                               ,PINV      171137                                  ,             778.2000,                                                  
DCMS                                              ,NHM                                               ,2012-10-23 00:00:00.000,P/L - Advertising Costs                           ,Sci L&A Collections&Reader Services               ,TMP (UK) Ltd                                      ,PINV      171156                                  ,             850.6200,                                                  
DCMS                                              ,NHM                                               ,2012-10-23 00:00:00.000,P/L - Est Irrecoverable VAT R/Costs               ,Estates Management                                ,Servest (Sherwood) Ltd                            ,PINV      171133                                  ,               6.7800,                                                  
DCMS                                              ,NHM                                               ,2012-10-23 00:00:00.000,P/L - Est Irrecoverable VAT R/Costs               ,Estates Management                                ,Servest (Sherwood) Ltd                            ,PINV      171134                                  ,               8.7800,                                                  
DCMS                                              ,NHM                                               ,2012-10-23 00:00:00.000,P/L - Est Water/Sewage                            ,Estates Utilities & Rents                         ,Thames Water Utilities Ltd                        ,PINV      171174                                  ,             813.5100,                                                  
DCMS                                              ,NHM                                               ,2012-10-23 00:00:00.000,Promotional Costs                                 ,Commerce Publishing                               ,Active Joinery                                    ,PINV      171141                                  ,             855.0000,                                                  
DCMS                                              ,NHM                                               ,2012-10-23 00:00:00.000,Recruitment Costs & Placement Fees                ,PEG Interactive Media CLOSED                      ,TMP (UK) Ltd                                      ,PINV      171127                                  ,             905.0000,                                                  
DCMS                                              ,NHM                                               ,2012-10-23 00:00:00.000,Recruitment Costs & Placement Fees                ,Botany Research                                   ,TMP (UK) Ltd                                      ,PINV      171129                                  ,             584.0000,                                                  
DCMS                                              ,NHM                                               ,2012-10-23 00:00:00.000,Recruitment Costs & Placement Fees                ,PEG - Development                                 ,TMP (UK) Ltd                                      ,PINV      171130                                  ,             820.7500,                                                  
DCMS                                              ,NHM                                               ,2012-10-24 00:00:00.000,Agency Temporary Staff Costs                      ,PEG Interactive Media CLOSED                      ,PFJ Recruitment Consultants                       ,PINV      171198                                  ,            1050.0000,                                                  
DCMS                                              ,NHM                                               ,2012-10-24 00:00:00.000,Agency Temporary Staff Costs                      ,Tring Visitor Services (FOH)                      ,Spring Personnel                                  ,PINV      171102                                  ,             430.9500,                                                  
DCMS                                              ,NHM                                               ,2012-10-24 00:00:00.000,Agency Temporary Staff Costs                      ,VE VLE Welcome&Information                        ,Spring Personnel                                  ,PINV      171125                                  ,             420.3800,                                                  
DCMS                                              ,NHM                                               ,2012-10-24 00:00:00.000,Agency Temporary Staff Costs                      ,VE VLE Welcome&Information                        ,Spring Personnel                                  ,PINV      171125                                  ,            4523.1200,                                                  
DCMS                                              ,NHM                                               ,2012-10-24 00:00:00.000,Agency Temporary Staff Costs                      ,VE VLE Bookings&Sales                             ,Spring Personnel                                  ,PINV      171128                                  ,            1264.0200,                                                  
DCMS                                              ,NHM                                               ,2012-10-24 00:00:00.000,Agency Temporary Staff Costs                      ,VE VLE Bookings&Sales                             ,Spring Personnel                                  ,PINV      171128                                  ,            2058.5400,                                                  
DCMS                                              ,NHM                                               ,2012-10-24 00:00:00.000,Agency Temporary Staff Costs                      ,VE VLE Bookings&Sales                             ,Spring Personnel                                  ,PINV      171128                                  ,            2094.1300,                                                  
DCMS                                              ,NHM                                               ,2012-10-24 00:00:00.000,Agency Temporary Staff Costs                      ,VE VLE Bookings&Sales                             ,Spring Personnel                                  ,PINV      171128                                  ,            4015.7700,                                                  
DCMS                                              ,NHM                                               ,2012-10-24 00:00:00.000,Agency Temporary Staff Costs                      ,VE VLE Bookings&Sales                             ,Spring Personnel                                  ,PINV      171131                                  ,            1023.2900,                                                  
DCMS                                              ,NHM                                               ,2012-10-24 00:00:00.000,Agency Temporary Staff Costs                      ,VE VLE Bookings&Sales                             ,Spring Personnel                                  ,PINV      171131                                  ,            1990.6200,                                                  
DCMS                                              ,NHM                                               ,2012-10-24 00:00:00.000,Agency Temporary Staff Costs                      ,VE VLE Bookings&Sales                             ,Spring Personnel                                  ,PINV      171131                                  ,            2457.5500,                                                  
DCMS                                              ,NHM                                               ,2012-10-24 00:00:00.000,Agency Temporary Staff Costs                      ,VE VLE Bookings&Sales                             ,Spring Personnel                                  ,PINV      171131                                  ,            4595.7200,                                                  
DCMS                                              ,NHM                                               ,2012-10-24 00:00:00.000,Agency Temporary Staff Costs                      ,Tring Visitor Services (FOH)                      ,Spring Personnel                                  ,PINV      171132                                  ,             386.7500,                                                  
DCMS                                              ,NHM                                               ,2012-10-24 00:00:00.000,Est RoutineMaint - Day to day Maint               ,Estates Buildings                                 ,Ifield & Barrett Roofing Ltd                      ,PINV      171229                                  ,            1995.0000,                                                  
DCMS                                              ,NHM                                               ,2012-10-24 00:00:00.000,Exhibition Production                             ,PEG Vis Serv Temporary Exhibitions                ,Arts & Sciences Ltd                               ,PINV      171091                                  ,           51098.3100,                                                  
DCMS                                              ,NHM                                               ,2012-10-24 00:00:00.000,Freelancers / Self-employed                       ,VE Production Display & Conservation              ,Sarah Punshon                                     ,PINV      171093                                  ,            2350.0000,                                                  
DCMS                                              ,NHM                                               ,2012-10-24 00:00:00.000,Hospitality                                       ,PEG Innovations / Art Science                     ,The Moving Venue Caterers Ltd                     ,PINV      171138                                  ,            6956.0000,                                                  
DCMS                                              ,NHM                                               ,2012-10-24 00:00:00.000,Irrecoverable VAT                                 ,DCS Finance                                       ,Cabinet Office                                    ,PINV      171158                                  ,              79.4000,                                                  
DCMS                                              ,NHM                                               ,2012-10-24 00:00:00.000,Irrecoverable VAT                                 ,DCS Finance                                       ,JCA Group Ltd                                     ,PINV      171098                                  ,              50.8800,                                                  
DCMS                                              ,NHM                                               ,2012-10-24 00:00:00.000,Irrecoverable VAT                                 ,DCS Finance                                       ,Recall Ltd                                        ,PINV      171104                                  ,               3.6200,                                                  
DCMS                                              ,NHM                                               ,2012-10-24 00:00:00.000,Irrecoverable VAT                                 ,DCS Finance                                       ,SA Associates                                     ,PINV      171095                                  ,               3.1400,                                                  
DCMS                                              ,NHM                                               ,2012-10-24 00:00:00.000,Irrecoverable VAT                                 ,Mineralogy Admin                                  ,VWR International Ltd                             ,PINV      171155                                  ,              60.5400,                                                  
DCMS                                              ,NHM                                               ,2012-10-24 00:00:00.000,Irrecoverable VAT                                 ,DCS Finance                                       ,Wilson James Limited                              ,PINV      171117                                  ,             956.5000,                                                  
DCMS                                              ,NHM                                               ,2012-10-11 00:00:00.000,MF - Travel Costs                                 ,VE Production Special Effects                     ,GREEN TOMATO CARS                                 ,PGPC        5778                                  ,              71.0600,                                                  
DCMS                                              ,NHM                                               ,2012-10-11 00:00:00.000,MF - Travel Costs                                 ,VE Production Special Effects                     ,LHR EXPRESS CARS LTD                              ,PGPC        5778                                  ,              72.8000,                                                  
DCMS                                              ,NHM                                               ,2012-10-11 00:00:00.000,MF - Travel Costs                                 ,Entomology Research                               ,PROMENADE HOTEL-F/O                               ,PGPC        5776                                  ,              36.2700,                                                  
DCMS                                              ,NHM                                               ,2012-10-11 00:00:00.000,MF - Travel Costs                                 ,Entomology Research                               ,PROMENADE HOTEL-F/O                               ,PGPC        5776                                  ,              67.2700,                                                  
DCMS                                              ,NHM                                               ,2012-10-11 00:00:00.000,IT Services                                       ,DCS Finance Procurement                           ,BIP SOLUTIONS LTD                                 ,PGPC        5792                                  ,            2750.0000,                                                  
DCMS                                              ,NHM                                               ,2012-10-11 00:00:00.000,IT Software                                       ,VE Production Special Effects                     ,APPLE ITUNES STORE-GBP                            ,PGPC        5778                                  ,               6.9900,                                                  
DCMS                                              ,NHM                                               ,2012-10-11 00:00:00.000,Lab Consumables                                   ,Palaeontology Research                            ,AMAZON EU                                         ,PGPC        5794                                  ,              71.9800,                                                  
DCMS                                              ,NHM                                               ,2012-10-11 00:00:00.000,MF - General Running Costs                        ,DCS Finance Procurement                           ,ACHILLES INFORMAT                                 ,PGPC        5792                                  ,             450.0000,                                                  
DCMS                                              ,NHM                                               ,2012-10-11 00:00:00.000,MF - General Running Costs                        ,Sci L&A Collections&Reader Services               ,AMAZON MKTPLCE EU-UK                              ,PGPC        5776                                  ,               4.0900,                                                  
DCMS                                              ,NHM                                               ,2012-10-11 00:00:00.000,MF - IT Equipment < £5k                           ,VE Production Special Effects                     ,PAYPAL FORMAT DE                                  ,PGPC        5778                                  ,              52.9100,                                                  
DCMS                                              ,NHM                                               ,2012-10-11 00:00:00.000,Hospitality                                       ,PEG Interactive Media CLOSED                      ,NATURAL HISTORY MUSEUM                            ,PGPC        5789                                  ,              10.8500,                                                  
DCMS                                              ,NHM                                               ,2012-10-11 00:00:00.000,Hospitality                                       ,PEG Interactive Media CLOSED                      ,NATURAL HISTORY MUSEUM                            ,PGPC        5789                                  ,             262.4000,                                                  
DCMS                                              ,NHM                                               ,2012-10-11 00:00:00.000,Hospitality                                       ,DCS Finance Procurement                           ,NATURAL HISTORY MUSEUM                            ,PGPC        5792                                  ,              82.4000,                                                  
DCMS                                              ,NHM                                               ,2012-10-11 00:00:00.000,Irrecoverable VAT                                 ,DCS Finance                                       ,Barclay Card                                      ,PGPC        5780                                  ,              16.4600,                                                  
DCMS                                              ,NHM                                               ,2012-10-11 00:00:00.000,Irrecoverable VAT                                 ,DCS Finance                                       ,Barclay Card                                      ,PGPC        5792                                  ,              22.1700,                                                  
DCMS                                              ,NHM                                               ,2012-10-11 00:00:00.000,IT Services                                       ,DCS Finance Procurement                           ,BIP SOLUTIONS LTD                                 ,PGPC        5792                                  ,             130.0000,                                                  
DCMS                                              ,NHM                                               ,2012-10-25 00:00:00.000,Conference (delegate) Fees                        ,PEG Interpretation CLOSED                         ,V & A MUSEUM                                      ,PGPI          27                                  ,              22.0000,NULL                                              
DCMS                                              ,NHM                                               ,2012-10-25 00:00:00.000,Est RoutineMaint - Day to day Maint               ,Estates Buildings                                 ,MARKET LOCK & SAFE                                ,PGPI          31                                  ,             328.9200,NULL                                              
DCMS                                              ,NHM                                               ,2012-10-25 00:00:00.000,Est RoutineMaint - Day to day Maint               ,Estates Buildings                                 ,SCREWFIX DIRECT                                   ,PGPI          31                                  ,              81.6100,NULL                                              
DCMS                                              ,NHM                                               ,2012-10-25 00:00:00.000,Est RoutineMaint - Day to day Maint               ,Estates Buildings                                 ,SETON                                             ,PGPI          31                                  ,             -12.9500,NULL                                              
DCMS                                              ,NHM                                               ,2012-10-25 00:00:00.000,Est RoutineMaint - Day to day Maint               ,Estates Buildings                                 ,TRAKA PLC                                         ,PGPI          31                                  ,              82.0000,NULL                                              
DCMS                                              ,NHM                                               ,2012-10-25 00:00:00.000,Estates Mechanical Works                          ,Estates Engineering                               ,WWW.ALCOENG.CO.UK                                 ,PGPI          31                                  ,             137.5700,NULL                                              
DCMS                                              ,NHM                                               ,2012-10-25 00:00:00.000,EXF - Travel                                      ,Science Research & Consulting Office              ,Marche Berlin Schonefeld                          ,PGPI          15                                  ,              13.7600,NULL                                              
DCMS                                              ,NHM                                               ,2012-10-25 00:00:00.000,EXF - Travel                                      ,Science Research & Consulting Office              ,TV-Turm Alexanderplatz                            ,PGPI          15                                  ,              83.3100,NULL                                              
DCMS                                              ,NHM                                               ,2012-10-25 00:00:00.000,EXF - Travel                                      ,Science Research & Consulting Office              ,TV-Turm Alexanderplatz                            ,PGPI          15                                  ,            1168.2900,NULL                                              
DCMS                                              ,NHM                                               ,2012-10-25 00:00:00.000,Hospitality                                       ,PEG Learning - Volunteer Prog CLOSED              ,NATURAL HISTORY MUSEUM                            ,PGPI           9                                  ,             525.0400,NULL                                              
DCMS                                              ,NHM                                               ,2012-10-25 00:00:00.000,Hospitality                                       ,Estates Management                                ,NATURAL HISTORY MUSEUM                            ,PGPI          31                                  ,              43.0000,NULL                                              
DCMS                                              ,NHM                                               ,2012-10-25 00:00:00.000,Hospitality                                       ,Science Research & Consulting Office              ,WWW.MAJESTIC.CO.UK                                ,PGPI          15                                  ,              41.9400,NULL                                              
DCMS                                              ,NHM                                               ,2012-10-25 00:00:00.000,Irrecoverable VAT                                 ,DCS Finance                                       ,Barclay Card                                      ,PGPI          15                                  ,               0.0100,NULL                                              
DCMS                                              ,NHM                                               ,2012-10-25 00:00:00.000,Irrecoverable VAT                                 ,DCS Finance                                       ,Barclay Card                                      ,PGPI          30                                  ,               7.3600,NULL                                              
DCMS                                              ,NHM                                               ,2012-10-25 00:00:00.000,MF - General Running Costs                        ,Est Security SK                                   ,PAYNE SECURITY                                    ,PGPI          31                                  ,             489.5000,NULL                                              
DCMS                                              ,NHM                                               ,2012-10-25 00:00:00.000,MF - General Running Costs                        ,Tring Administration                              ,TV LICENSING                                      ,PGPI          18                                  ,             145.5000,NULL                                              
DCMS                                              ,NHM                                               ,2012-10-25 00:00:00.000,MF - Travel Costs                                 ,Science Research & Consulting Office              ,APCOA - HAL - SS T5                               ,PGPI          15                                  ,               2.3300,NULL                                              
DCMS                                              ,NHM                                               ,2012-10-25 00:00:00.000,MF - Travel Costs                                 ,Science Research & Consulting Office              ,COURTYARD BY MARRIOTT                             ,PGPI          15                                  ,             107.6900,NULL                                              
DCMS                                              ,NHM                                               ,2012-10-29 00:00:00.000,Agency Temporary Staff Costs                      ,DCS Human Resources Operations                    ,Spring Personnel                                  ,PINV      171230                                  ,             822.8000,                                                  
DCMS                                              ,NHM                                               ,2012-10-29 00:00:00.000,Agency Temporary Staff Costs                      ,DCS Human Resources Operations                    ,Spring Personnel                                  ,PINV      171231                                  ,             822.8000,                                                  
DCMS                                              ,NHM                                               ,2012-10-29 00:00:00.000,Agency Temporary Staff Costs                      ,DCS Human Resources Operations                    ,Spring Personnel                                  ,PINV      171232                                  ,             558.2500,                                                  
DCMS                                              ,NHM                                               ,2012-10-29 00:00:00.000,Agency Temporary Staff Costs                      ,DCS Human Resources Operations                    ,Spring Personnel                                  ,PINV      171233                                  ,             574.2000,                                                  
DCMS                                              ,NHM                                               ,2012-10-29 00:00:00.000,Agency Temporary Staff Costs                      ,DCS Human Resources Operations                    ,Spring Personnel                                  ,PINV      171245                                  ,             574.2000,                                                  
DCMS                                              ,NHM                                               ,2012-10-29 00:00:00.000,Agency Temporary Staff Costs                      ,Science Administration Team                       ,Spring Personnel                                  ,PINV      171246                                  ,             491.5200,                                                  
DCMS                                              ,NHM                                               ,2012-10-29 00:00:00.000,Agency Temporary Staff Costs                      ,Sci L&A Collections&Reader Services               ,Spring Personnel                                  ,PINV      171247                                  ,              44.9500,                                                  
DCMS                                              ,NHM                                               ,2012-10-29 00:00:00.000,Agency Temporary Staff Costs                      ,Sci L&A Collections&Reader Services               ,Spring Personnel                                  ,PINV      171247                                  ,             548.4200,                                                  
DCMS                                              ,NHM                                               ,2012-10-29 00:00:00.000,Agency Temporary Staff Costs                      ,Science Administration Team                       ,Spring Personnel                                  ,PINV      171248                                  ,             549.0000,                                                  
DCMS                                              ,NHM                                               ,2012-10-29 00:00:00.000,Agency Temporary Staff Costs                      ,VE VLE Bookings&Sales                             ,Spring Personnel                                  ,PINV      171264                                  ,             593.6000,                                                  
DCMS                                              ,NHM                                               ,2012-10-29 00:00:00.000,Agency Temporary Staff Costs                      ,VE VLE Bookings&Sales                             ,Spring Personnel                                  ,PINV      171265                                  ,             445.2000,                                                  
DCMS                                              ,NHM                                               ,2012-10-29 00:00:00.000,Agency Temporary Staff Costs                      ,VE VLE Welcome&Information                        ,Spring Personnel                                  ,PINV      171268                                  ,            1229.7000,                                                  
DCMS                                              ,NHM                                               ,2012-10-29 00:00:00.000,Agency Temporary Staff Costs                      ,PEG VS Bookings & Helpdesk                        ,Spring Personnel                                  ,PINV      171269                                  ,            1017.2500,                                                  
DCMS                                              ,NHM                                               ,2012-10-29 00:00:00.000,Agency Temporary Staff Costs                      ,Estates Management                                ,Spring Personnel                                  ,PINV      171274                                  ,             994.3200,                                                  
DCMS                                              ,NHM                                               ,2012-10-29 00:00:00.000,Agency Temporary Staff Costs                      ,Estates Management                                ,Spring Personnel                                  ,PINV      171275                                  ,             994.3200,                                                  
DCMS                                              ,NHM                                               ,2012-10-29 00:00:00.000,Agency Temporary Staff Costs                      ,DCS ICT (Info Computer Techonology)               ,Spring Personnel                                  ,PINV      171276                                  ,             781.8800,                                                  
DCMS                                              ,NHM                                               ,2012-10-29 00:00:00.000,Agency Temporary Staff Costs                      ,DCS Human Resources Operations                    ,Spring Personnel                                  ,PINV      171277                                  ,             685.0800,                                                  
DCMS                                              ,NHM                                               ,2012-10-29 00:00:00.000,Agency Temporary Staff Costs                      ,VE VLE Bookings&Sales                             ,Spring Personnel                                  ,PINV      171278                                  ,             742.0000,                                                  
DCMS                                              ,NHM                                               ,2012-10-29 00:00:00.000,Agency Temporary Staff Costs                      ,Science Research & Consulting Office              ,Spring Personnel                                  ,PINV      171279                                  ,             552.0000,                                                  
DCMS                                              ,NHM                                               ,2012-10-29 00:00:00.000,Agency Temporary Staff Costs                      ,Science Administration Team                       ,Spring Personnel                                  ,PINV      171280                                  ,             549.0000,                                                  
DCMS                                              ,NHM                                               ,2012-10-29 00:00:00.000,Agency Temporary Staff Costs                      ,DCS ICT (Info Computer Techonology)               ,Spring Personnel                                  ,PINV      171281                                  ,             712.5000,                                                  
DCMS                                              ,NHM                                               ,2012-10-29 00:00:00.000,Agency Temporary Staff Costs                      ,DCS ICT (Info Computer Techonology)               ,Spring Personnel                                  ,PINV      171282                                  ,             825.0000,                                                  
DCMS                                              ,NHM                                               ,2012-10-29 00:00:00.000,Agency Temporary Staff Costs                      ,DCS ICT (Info Computer Techonology)               ,Spring Personnel                                  ,PINV      171283                                  ,             825.0000,                                                  
DCMS                                              ,NHM                                               ,2012-10-29 00:00:00.000,Agency Temporary Staff Costs                      ,DCS ICT (Info Computer Techonology)               ,Spring Personnel                                  ,PINV      171284                                  ,             825.0000,                                                  
DCMS                                              ,NHM                                               ,2012-10-29 00:00:00.000,Agency Temporary Staff Costs                      ,VE VLE Welcome&Information                        ,Step Ahead                                        ,PINV      171207                                  ,            3996.3800,                                                  
DCMS                                              ,NHM                                               ,2012-10-29 00:00:00.000,Agency Temporary Staff Costs                      ,VE VLE Welcome&Information                        ,Step Ahead                                        ,PINV      171208                                  ,            1187.0000,                                                  
DCMS                                              ,NHM                                               ,2012-10-29 00:00:00.000,Agency Temporary Staff Costs                      ,VE VLE Welcome&Information                        ,Step Ahead                                        ,PINV      171285                                  ,            6173.7200,                                                  
DCMS                                              ,NHM                                               ,2012-10-29 00:00:00.000,Agency Temporary Staff Costs                      ,VE VLE Welcome&Information                        ,Step Ahead                                        ,PINV      171286                                  ,             965.2500,                                                  
DCMS                                              ,NHM                                               ,2012-10-29 00:00:00.000,Agency Temporary Staff Costs                      ,VE VLE Welcome&Information                        ,Step Ahead                                        ,PINV      171287                                  ,            1072.5000,                                                  
DCMS                                              ,NHM                                               ,2012-10-29 00:00:00.000,Agency Temporary Staff Costs                      ,VE VLE Welcome&Information                        ,Step Ahead                                        ,PINV      171288                                  ,            1179.7500,                                                  
DCMS                                              ,NHM                                               ,2012-10-29 00:00:00.000,Agency Temporary Staff Costs                      ,VE VLE Welcome&Information                        ,Step Ahead                                        ,PINV      171289                                  ,             965.2500,                                                  
DCMS                                              ,NHM                                               ,2012-10-25 00:00:00.000,MF - Travel Costs                                 ,PEG Interpretation CLOSED                         ,EASYJET     000200719750                          ,PGPI          27                                  ,             472.4400,NULL                                              
DCMS                                              ,NHM                                               ,2012-10-25 00:00:00.000,MF - Travel Costs                                 ,PEG Interpretation CLOSED                         ,EASYJET     000200720321                          ,PGPI          27                                  ,              87.0100,NULL                                              
DCMS                                              ,NHM                                               ,2012-10-25 00:00:00.000,MF - Travel Costs                                 ,PEG Interpretation CLOSED                         ,EASYJET     000200720614                          ,PGPI          27                                  ,             446.1300,NULL                                              
DCMS                                              ,NHM                                               ,2012-10-25 00:00:00.000,MF - Travel Costs                                 ,PEG Interpretation CLOSED                         ,EASYJET     000200720831                          ,PGPI          27                                  ,             372.4800,NULL                                              
DCMS                                              ,NHM                                               ,2012-10-25 00:00:00.000,MF - Travel Costs                                 ,PEG Interpretation CLOSED                         ,EASYJET     000200720957                          ,PGPI          27                                  ,              55.4900,NULL                                              
DCMS                                              ,NHM                                               ,2012-10-25 00:00:00.000,MF - Travel Costs                                 ,Science Research & Consulting Office              ,EAT                                               ,PGPI          15                                  ,               6.6400,NULL                                              
DCMS                                              ,NHM                                               ,2012-10-25 00:00:00.000,MF - Travel Costs                                 ,PEG Interpretation CLOSED                         ,EC MAINLINE CO INT                                ,PGPI          27                                  ,             249.3500,NULL                                              
DCMS                                              ,NHM                                               ,2012-10-25 00:00:00.000,MF - Travel Costs                                 ,Tring Administration                              ,LONDON MIDLAND TIC                                ,PGPI          18                                  ,              23.7000,NULL                                              
DCMS                                              ,NHM                                               ,2012-10-25 00:00:00.000,MF - Travel Costs                                 ,Science Research & Consulting Office              ,TAXI PAY GMBH                                     ,PGPI          15                                  ,              20.6700,NULL                                              
DCMS                                              ,NHM                                               ,2012-10-25 00:00:00.000,MF - Travel Costs                                 ,Science Research & Consulting Office              ,TAXI PAY GMBH                                     ,PGPI          15                                  ,              20.7200,NULL                                              
DCMS                                              ,NHM                                               ,2012-10-25 00:00:00.000,Non-UK Irrecoverable Taxes                        ,Science Research & Consulting Office              ,MERCURE BERLIN CITY                               ,PGPI          15                                  ,              12.3600,NULL                                              
DCMS                                              ,NHM                                               ,2012-10-25 00:00:00.000,Non-UK Irrecoverable Taxes                        ,Science Research & Consulting Office              ,MERCURE BERLIN CITY                               ,PGPI          15                                  ,              28.7900,NULL                                              
DCMS                                              ,NHM                                               ,2012-10-25 00:00:00.000,Non-UK Irrecoverable Taxes                        ,Science Research & Consulting Office              ,MERCURE BERLIN CITY                               ,PGPI          15                                  ,              37.1200,NULL                                              
DCMS                                              ,NHM                                               ,2012-10-25 00:00:00.000,P/L - Equip & Related Costs                       ,PEG - Development                                 ,TALBOT DESIGNS LIMITED                            ,PGPI          30                                  ,             806.0000,NULL                                              
DCMS                                              ,NHM                                               ,2012-10-25 00:00:00.000,P/L - Est Irrecoverable VAT R/Costs               ,Estates Management                                ,Barclay Card                                      ,PGPI          31                                  ,               7.5800,NULL                                              
DCMS                                              ,NHM                                               ,2012-10-25 00:00:00.000,P/L - General Running Costs                       ,Botany Research                                   ,Amazon EU                                         ,PGPI          15                                  ,               3.7400,NULL                                              
DCMS                                              ,NHM                                               ,2012-10-25 00:00:00.000,P/L - General Running Costs                       ,Botany Research                                   ,Amazon EU                                         ,PGPI          15                                  ,               9.1300,NULL                                              
DCMS                                              ,NHM                                               ,2012-10-25 00:00:00.000,P/L - General Running Costs                       ,Botany Research                                   ,Amazon EU                                         ,PGPI          15                                  ,               9.5800,NULL                                              
DCMS                                              ,NHM                                               ,2012-10-25 00:00:00.000,P/L - General Running Costs                       ,PEG - Development                                 ,CYMBA                                             ,PGPI          30                                  ,             350.0000,NULL                                              
DCMS                                              ,NHM                                               ,2012-10-25 00:00:00.000,P/L - General Running Costs                       ,Science Research & Consulting Office              ,M3-CONNECT GMBH                                   ,PGPI          15                                  ,               2.5100,NULL                                              
DCMS                                              ,NHM                                               ,2012-10-25 00:00:00.000,P/L - General Running Costs                       ,Science Research & Consulting Office              ,MERCURE BERLIN CITY                               ,PGPI          15                                  ,             135.7400,NULL                                              
DCMS                                              ,NHM                                               ,2012-10-25 00:00:00.000,P/L - General Running Costs                       ,Science Research & Consulting Office              ,MERCURE BERLIN CITY                               ,PGPI          15                                  ,             241.1900,NULL                                              
DCMS                                              ,NHM                                               ,2012-10-25 00:00:00.000,P/L - General Running Costs                       ,Science Research & Consulting Office              ,MERCURE BERLIN CITY                               ,PGPI          15                                  ,             407.1700,NULL                                              
DCMS                                              ,NHM                                               ,2012-10-25 00:00:00.000,P/L - Postage                                     ,Tring Administration                              ,JPN LTD                                           ,PGPI          18                                  ,             239.9600,NULL                                              
DCMS                                              ,NHM                                               ,2012-10-25 00:00:00.000,P/L - Security                                    ,Tring Administration                              ,TRADE SIGNS                                       ,PGPI          18                                  ,             129.4000,NULL                                              
DCMS                                              ,NHM                                               ,2012-10-25 00:00:00.000,Printing & stationery                             ,Estates Management                                ,RICS BOOKS                                        ,PGPI          31                                  ,              42.0000,NULL                                              
DCMS                                              ,NHM                                               ,2012-10-25 00:00:00.000,Recruitment Costs & Placement Fees                ,Science Research & Consulting Office              ,DIE BERLINER REPUBLIK                             ,PGPI          15                                  ,              39.9900,NULL                                              
DCMS                                              ,NHM                                               ,2012-10-25 00:00:00.000,Refuse & Waste Removal                            ,Tring Administration                              ,BISHOPS SKIP HIRE                                 ,PGPI          18                                  ,             208.3300,NULL                                              
DCMS                                              ,NHM                                               ,2012-10-26 00:00:00.000,Irrecoverable VAT                                 ,DCS Finance                                       ,Barclay Card                                      ,PGPI          25                                  ,               2.0000,NULL                                              
DCMS                                              ,NHM                                               ,2012-10-26 00:00:00.000,MF - General Running Costs                        ,Botany Administration                             ,UKBA2451799266                                    ,PGPI          25                                  ,             179.0000,NULL                                              
DCMS                                              ,NHM                                               ,2012-10-26 00:00:00.000,MF - General Running Costs                        ,DCS Human Resources Operations                    ,UKBA2453256299                                    ,PGPI          25                                  ,             500.0000,NULL                                              
DCMS                                              ,NHM                                               ,2012-10-26 00:00:00.000,P/L - Volunteers Expenditure                      ,DCS Human Resources Operations                    ,BRITISH GEOLOGICAL SUR                            ,PGPI          25                                  ,              38.5000,NULL                                              
DCMS                                              ,NHM                                               ,2012-10-10 00:00:00.000,MF - IT Equipment < £5k                           ,DCS ICT (Info Computer Techonology)               ,Dell Computer Corporation Ltd                     ,CADPINVSM0000008785                               ,             951.9000,                                                  
DCMS                                              ,NHM                                               ,2012-10-10 00:00:00.000,MF - IT Equipment < £5k                           ,DCS ICT (Info Computer Techonology)               ,Dell Computer Corporation Ltd                     ,CADPINVSM0000008785                               ,            1960.4700,                                                  
DCMS                                              ,NHM                                               ,2012-10-10 00:00:00.000,MF - IT Equipment < £5k                           ,DCS ICT (Info Computer Techonology)               ,Dell Computer Corporation Ltd                     ,CADPINVSM0000008785                               ,            4596.5500,                                                  
DCMS                                              ,NHM                                               ,2012-10-10 00:00:00.000,MF - Travel Costs                                 ,Sci L&A Collections&Reader Services               ,Framers Equipment Ltd                             ,CADPINVSM0000008759                               ,              16.2300,                                                  
DCMS                                              ,NHM                                               ,2012-10-10 00:00:00.000,MF - Travel Costs                                 ,Sci L&A Collections&Reader Services               ,Framers Equipment Ltd                             ,CADPINVSM0000008759                               ,             198.0000,                                                  
DCMS                                              ,NHM                                               ,2012-10-10 00:00:00.000,P/L - Advertising Costs                           ,PEG Marketing                                     ,Total Media Limited                               ,CADPINVSM0000008753                               ,            3551.3700,                                                  
DCMS                                              ,NHM                                               ,2012-10-10 00:00:00.000,P/L - Advertising Costs                           ,PEG Marketing                                     ,Total Media Limited                               ,CADPINVSM0000008763                               ,            1349.8500,                                                  
DCMS                                              ,NHM                                               ,2012-10-10 00:00:00.000,P/L - Education Costs                             ,Tring Administration                              ,D Frampton                                        ,CADPINVSM0000008761                               ,             600.0000,                                                  
DCMS                                              ,NHM                                               ,2012-10-10 00:00:00.000,P/L - Est Irrecoverable VAT R/Costs               ,Estates Management                                ,Emcor Facility Services Ltd                       ,CADPINVSM0000008755                               ,             699.4600,                                                  
DCMS                                              ,NHM                                               ,2012-10-10 00:00:00.000,P/L - Est Irrecoverable VAT R/Costs               ,Estates Management                                ,Emcor Facility Services Ltd                       ,CADPINVSM0000008765                               ,               8.7000,                                                  
DCMS                                              ,NHM                                               ,2012-10-10 00:00:00.000,P/L - Est Irrecoverable VAT R/Costs               ,Estates Management                                ,Emcor Facility Services Ltd                       ,CADPINVSM0000008766                               ,              18.0600,                                                  
DCMS                                              ,NHM                                               ,2012-10-10 00:00:00.000,P/L - Est Irrecoverable VAT R/Costs               ,Estates Management                                ,Emcor Facility Services Ltd                       ,CADPINVSM0000008767                               ,              22.7100,                                                  
DCMS                                              ,NHM                                               ,2012-10-10 00:00:00.000,P/L - Est Irrecoverable VAT R/Costs               ,Estates Management                                ,Emcor Facility Services Ltd                       ,CADPINVSM0000008768                               ,               3.7800,                                                  
DCMS                                              ,NHM                                               ,2012-10-10 00:00:00.000,P/L - Est Irrecoverable VAT R/Costs               ,Estates Management                                ,Emcor Facility Services Ltd                       ,CADPINVSM0000008769                               ,               6.2000,                                                  
DCMS                                              ,NHM                                               ,2012-10-10 00:00:00.000,P/L - Est Irrecoverable VAT R/Costs               ,Estates Management                                ,Emcor Facility Services Ltd                       ,CADPINVSM0000008770                               ,               9.8600,                                                  
DCMS                                              ,NHM                                               ,2012-10-10 00:00:00.000,P/L - Est Irrecoverable VAT R/Costs               ,Estates Management                                ,Emcor Facility Services Ltd                       ,CADPINVSM0000008771                               ,               3.8400,                                                  
DCMS                                              ,NHM                                               ,2012-10-10 00:00:00.000,P/L - Est Irrecoverable VAT R/Costs               ,Estates Management                                ,Emcor Facility Services Ltd                       ,CADPINVSM0000008773                               ,               7.7600,                                                  
DCMS                                              ,NHM                                               ,2012-10-10 00:00:00.000,P/L - Est Irrecoverable VAT R/Costs               ,Estates Management                                ,Emcor Facility Services Ltd                       ,CADPINVSM0000008774                               ,              30.4000,                                                  
DCMS                                              ,NHM                                               ,2012-10-10 00:00:00.000,P/L - Est Irrecoverable VAT R/Costs               ,Estates Management                                ,Emcor Facility Services Ltd                       ,CADPINVSM0000008775                               ,              12.6300,                                                  
DCMS                                              ,NHM                                               ,2012-10-10 00:00:00.000,P/L - Est Irrecoverable VAT R/Costs               ,Estates Management                                ,Mott MacDonald                                    ,CADPINVSM0000008745                               ,               3.6900,                                                  
DCMS                                              ,NHM                                               ,2012-10-10 00:00:00.000,P/L - Est Water/Sewage                            ,Estates Engineering                               ,Emcor Facility Services Ltd                       ,CADPINVSM0000008769                               ,             975.5500,                                                  
DCMS                                              ,NHM                                               ,2012-10-10 00:00:00.000,P/L - Est Water/Sewage                            ,Estates Engineering                               ,Emcor Facility Services Ltd                       ,CADPINVSM0000008773                               ,            1219.8700,                                                  
DCMS                                              ,NHM                                               ,2012-10-10 00:00:00.000,P/L -Training Costs                               ,DCS HR Organisational Development                 ,TrustMarque Solutions                             ,CADPINVSM0000008783                               ,            2500.0000,                                                  
DCMS                                              ,NHM                                               ,2012-10-10 00:00:00.000,Professional Services/Fees                        ,Estates Buildings                                 ,Baker Mallett                                     ,CADPINVSM0000008777                               ,             922.3200,                                                  
DCMS                                              ,NHM                                               ,2012-10-10 00:00:00.000,Professional Services/Fees                        ,Estates Buildings                                 ,Baker Mallett                                     ,CADPINVSM0000008779                               ,            1951.8000,                                                  
DCMS                                              ,NHM                                               ,2012-10-10 00:00:00.000,Professional Services/Fees                        ,Estates Buildings                                 ,Mott MacDonald                                    ,CADPINVSM0000008745                               ,             579.5800,                                                  
DCMS                                              ,NHM                                               ,2012-10-10 00:00:00.000,Sci Cap Irrecoverable VAT                         ,Collections Committee (Furniture)                 ,Exosect Ltd                                       ,CADPINVSM0000008764                               ,              95.0700,                                                  
DCMS                                              ,NHM                                               ,2012-10-10 00:00:00.000,Specimen Conservation                             ,Collections Committee (Furniture)                 ,Exosect Ltd                                       ,CADPINVSM0000008764                               ,            1160.0000,                                                  
DCMS                                              ,NHM                                               ,2012-10-10 00:00:00.000,Specimen Conservation                             ,Sci L&A Collections&Reader Services               ,Framers Equipment Ltd                             ,CADPINVSM0000008759                               ,              30.3200,                                                  
DCMS                                              ,NHM                                               ,2012-10-10 00:00:00.000,Specimen Conservation                             ,Sci L&A Collections&Reader Services               ,Framers Equipment Ltd                             ,CADPINVSM0000008759                               ,             370.0000,                                                  
DCMS                                              ,NHM                                               ,2012-10-29 00:00:00.000,Irrecoverable VAT                                 ,DCS Finance                                       ,Spring Personnel                                  ,PINV      171245                                  ,               3.6500,                                                  
DCMS                                              ,NHM                                               ,2012-10-29 00:00:00.000,Irrecoverable VAT                                 ,DCS Finance                                       ,Spring Personnel                                  ,PINV      171246                                  ,               3.1300,                                                  
DCMS                                              ,NHM                                               ,2012-10-29 00:00:00.000,Irrecoverable VAT                                 ,DCS Finance                                       ,Spring Personnel                                  ,PINV      171248                                  ,               3.4900,                                                  
DCMS                                              ,NHM                                               ,2012-10-29 00:00:00.000,Irrecoverable VAT                                 ,DCS Finance                                       ,Spring Personnel                                  ,PINV      171276                                  ,               4.9700,                                                  
DCMS                                              ,NHM                                               ,2012-10-29 00:00:00.000,Irrecoverable VAT                                 ,DCS Finance                                       ,Spring Personnel                                  ,PINV      171277                                  ,               4.3600,                                                  
DCMS                                              ,NHM                                               ,2012-10-29 00:00:00.000,Irrecoverable VAT                                 ,DCS Finance                                       ,Spring Personnel                                  ,PINV      171279                                  ,               3.5100,                                                  
DCMS                                              ,NHM                                               ,2012-10-29 00:00:00.000,Irrecoverable VAT                                 ,DCS Finance                                       ,Spring Personnel                                  ,PINV      171280                                  ,               3.4900,                                                  
DCMS                                              ,NHM                                               ,2012-10-29 00:00:00.000,Irrecoverable VAT                                 ,DCS Finance                                       ,Spring Personnel                                  ,PINV      171281                                  ,               4.5300,                                                  
DCMS                                              ,NHM                                               ,2012-10-29 00:00:00.000,Irrecoverable VAT                                 ,DCS Finance                                       ,Spring Personnel                                  ,PINV      171282                                  ,               5.2500,                                                  
DCMS                                              ,NHM                                               ,2012-10-29 00:00:00.000,Irrecoverable VAT                                 ,DCS Finance                                       ,Spring Personnel                                  ,PINV      171283                                  ,               5.2500,                                                  
DCMS                                              ,NHM                                               ,2012-10-29 00:00:00.000,Irrecoverable VAT                                 ,DCS Finance                                       ,Spring Personnel                                  ,PINV      171284                                  ,               5.2500,                                                  
DCMS                                              ,NHM                                               ,2012-10-29 00:00:00.000,Irrecoverable VAT                                 ,DCS Finance                                       ,Systems Accountants Limited                       ,PINV      171197                                  ,              33.3900,                                                  
DCMS                                              ,NHM                                               ,2012-10-29 00:00:00.000,Lab Consumables                                   ,Zoology Facility                                  ,Sigma-Aldrich Company Limited                     ,PINV      171184                                  ,             794.7600,                                                  
DCMS                                              ,NHM                                               ,2012-10-29 00:00:00.000,Lab Consumables - Alcohol                         ,Zoology Curation                                  ,Alcohols Ltd                                      ,PINV      171193                                  ,            1145.0000,                                                  
DCMS                                              ,NHM                                               ,2012-10-29 00:00:00.000,Lifts & Escalotors PPM                            ,Estates Engineering                               ,Kone Escalators                                   ,PINV      171201                                  ,            5127.2400,                                                  
DCMS                                              ,NHM                                               ,2012-10-29 00:00:00.000,MF - Travel Costs                                 ,Science Directorate                               ,Key Travel                                        ,PINV      171238                                  ,             884.7400,                                                  
DCMS                                              ,NHM                                               ,2012-10-29 00:00:00.000,MF - Travel Costs                                 ,Entomology Curation                               ,Key Travel                                        ,PINV      171239                                  ,             669.0900,                                                  
DCMS                                              ,NHM                                               ,2012-10-29 00:00:00.000,P/L - Est Irrecoverable VAT R/Costs               ,Estates Management                                ,Emcor Facility Services Ltd                       ,PINV      171189                                  ,              16.7400,                                                  
DCMS                                              ,NHM                                               ,2012-10-29 00:00:00.000,P/L - Est Irrecoverable VAT R/Costs               ,Estates Management                                ,Emcor Facility Services Ltd                       ,PINV      171190                                  ,               6.3800,                                                  
DCMS                                              ,NHM                                               ,2012-10-29 00:00:00.000,P/L - Est Irrecoverable VAT R/Costs               ,Estates Management                                ,Emcor Facility Services Ltd                       ,PINV      171252                                  ,              61.2700,                                                  
DCMS                                              ,NHM                                               ,2012-10-29 00:00:00.000,P/L - Est Irrecoverable VAT R/Costs               ,Estates Management                                ,Emcor Facility Services Ltd                       ,PINV      171253                                  ,              70.0700,                                                  
DCMS                                              ,NHM                                               ,2012-10-29 00:00:00.000,P/L - Est Irrecoverable VAT R/Costs               ,Estates Management                                ,Kone Escalators                                   ,PINV      171201                                  ,              32.6100,                                                  
DCMS                                              ,NHM                                               ,2012-10-29 00:00:00.000,P/L - Est Irrecoverable VAT R/Costs               ,Estates Management                                ,Spring Personnel                                  ,PINV      171274                                  ,               6.3200,                                                  
DCMS                                              ,NHM                                               ,2012-10-29 00:00:00.000,P/L - Est Irrecoverable VAT R/Costs               ,Estates Management                                ,Spring Personnel                                  ,PINV      171275                                  ,               6.3200,                                                  
DCMS                                              ,NHM                                               ,2012-10-29 00:00:00.000,P/L - General Running Costs                       ,Mineralogy Research                               ,Hendon Hall Hotel                                 ,PINV      170903                                  ,            4989.0000,                                                  
DCMS                                              ,NHM                                               ,2012-10-29 00:00:00.000,P/L - Graphic Works                               ,VE Production Display & Conservation              ,BAF Graphics                                      ,PINV      171221                                  ,            1198.0000,                                                  
DCMS                                              ,NHM                                               ,2012-10-29 00:00:00.000,P/L - Operating Income                            ,Palaeontology Research                            ,Queen Mary & Westfield College                    ,PINV      171262                                  ,           11250.0000,                                                  
DCMS                                              ,NHM                                               ,2012-10-29 00:00:00.000,P/L - Operating Income                            ,Palaeontology Research                            ,The British Museum                                ,PINV      171260                                  ,           73696.0000,                                                  
DCMS                                              ,NHM                                               ,2012-10-29 00:00:00.000,P/L - Operating Income                            ,Palaeontology Research                            ,UCL                                               ,PINV      171261                                  ,           56348.0000,                                                  
DCMS                                              ,NHM                                               ,2012-10-29 00:00:00.000,P/L - Subscriptions                               ,PEG - Development                                 ,LexisNexis                                        ,PINV      171228                                  ,             431.0000,                                                  
DCMS                                              ,NHM                                               ,2012-10-29 00:00:00.000,P/L -Training Costs                               ,DCS HR Organisational Development                 ,Rod Springett Training Associates                 ,PINV      171194                                  ,            4585.0000,                                                  
DCMS                                              ,NHM                                               ,2012-10-29 00:00:00.000,Printing & stationery                             ,PEG Innovations / Art Science                     ,Clicks Digital Solutions                          ,PINV      171255                                  ,            1974.0000,                                                  
DCMS                                              ,NHM                                               ,2012-10-29 00:00:00.000,Professional Services/Fees                        ,DCS Finance                                       ,Systems Accountants Limited                       ,PINV      171197                                  ,            2250.0000,                                                  
DCMS                                              ,NHM                                               ,2012-10-29 00:00:00.000,Professional Services/Fees                        ,DCS Finance                                       ,Systems Accountants Limited                       ,PINV      171197                                  ,            3000.0000,                                                  
DCMS                                              ,NHM                                               ,2012-10-29 00:00:00.000,Recruitment Costs & Placement Fees                ,Commerce Mgmt & Strategy                          ,Spring Personnel                                  ,PINV      171266                                  ,             850.4400,                                                  
DCMS                                              ,NHM                                               ,2012-10-17 00:00:00.000,P/L - Est Irrecoverable VAT R/Costs               ,Estates Management                                ,Crest Commercial Removals Ltd                     ,CADPINVSM0000008816                               ,               4.6100,                                                  
DCMS                                              ,NHM                                               ,2012-10-17 00:00:00.000,P/L - Est Irrecoverable VAT R/Costs               ,Estates Management                                ,EFG Matthews Office Furniture Ltd                 ,CADPINVSM0000008821                               ,               3.3600,                                                  
DCMS                                              ,NHM                                               ,2012-10-17 00:00:00.000,P/L - Est Irrecoverable VAT R/Costs               ,Estates Management                                ,Teco Interiors Limited                            ,CADPINVSM0000008815                               ,              24.6000,                                                  
DCMS                                              ,NHM                                               ,2012-10-17 00:00:00.000,P/L - Est Irrecoverable VAT R/Costs               ,Estates Management                                ,traka PLC                                         ,CADPINVSM0000008814                               ,              20.9900,                                                  
DCMS                                              ,NHM                                               ,2012-10-18 00:00:00.000,Agency Temporary Staff Costs                      ,VE Production Special Effects                     ,Spring Personnel                                  ,CADPINVSM0000008825                               ,             460.0800,                                                  
DCMS                                              ,NHM                                               ,2012-10-18 00:00:00.000,Copyright Licensing                               ,PEG Visitor Offer Strat Non Exh Proj              ,Rex Features Ltd                                  ,CADPINVSM0000008828                               ,             751.5000,                                                  
DCMS                                              ,NHM                                               ,2012-10-18 00:00:00.000,Equip Hire & Maintenance (Leases)                 ,VE Production Display & Conservation              ,Emcor Facility Services Ltd                       ,CADPINVSM0000008839                               ,            1646.9300,                                                  
DCMS                                              ,NHM                                               ,2012-10-18 00:00:00.000,Exhibition Production                             ,PEG Vis Serv Temporary Exhibitions                ,Displayways                                       ,CADPINVSM0000008826                               ,            9671.0000,                                                  
DCMS                                              ,NHM                                               ,2012-10-18 00:00:00.000,Exhibition Production                             ,PEG Vis Serv Temporary Exhibitions                ,Displayways                                       ,CADPINVSM0000008831                               ,             940.0000,                                                  
DCMS                                              ,NHM                                               ,2012-10-18 00:00:00.000,Exhibition Production                             ,PEG Vis Serv Temporary Exhibitions                ,GR/DD Ltd                                         ,CADPINVSM0000008830                               ,            7000.0000,                                                  
DCMS                                              ,NHM                                               ,2012-10-18 00:00:00.000,Joinery Maintenance                               ,VE Production Painting & Joinery                  ,Alloway Timber (Southern) Ltd                     ,CADPINVSM0000008835                               ,             434.5600,                                                  
DCMS                                              ,NHM                                               ,2012-10-18 00:00:00.000,MF - IT Equipment < £5k                           ,Collections Committee (Furniture)                 ,Dell Computer Corporation Ltd                     ,CADPINVSM0000008838                               ,             846.1200,                                                  
DCMS                                              ,NHM                                               ,2012-10-18 00:00:00.000,Professional Services/Fees                        ,PEG Vis Serv Temporary Exhibitions                ,Easy Tiger Creative Ltd                           ,CADPINVSM0000008832                               ,            4500.0000,                                                  
DCMS                                              ,NHM                                               ,2012-10-18 00:00:00.000,Professional Services/Fees                        ,PEG Vis Serv Temporary Exhibitions                ,Easy Tiger Creative Ltd                           ,CADPINVSM0000008833                               ,            2500.0000,                                                  
DCMS                                              ,NHM                                               ,2012-10-18 00:00:00.000,Professional Services/Fees                        ,PEG Visitor Offer Strat Non Exh Proj              ,Plowman Craven & Associates                       ,CADPINVSM0000008827                               ,            2250.0000,                                                  
DCMS                                              ,NHM                                               ,2012-10-18 00:00:00.000,Sci Cap Irrecoverable VAT                         ,Collections Committee (Furniture)                 ,Dell Computer Corporation Ltd                     ,CADPINVSM0000008838                               ,              69.3500,                                                  
DCMS                                              ,NHM                                               ,2012-10-19 00:00:00.000,Elec Works                                        ,Estates Engineering                               ,Emcor Facility Services Ltd                       ,CADPINVSM0000008844                               ,            2917.9300,                                                  
DCMS                                              ,NHM                                               ,2012-10-19 00:00:00.000,Est RoutineMaint - Day to day Maint               ,Estates Buildings                                 ,Emcor Facility Services Ltd                       ,CADPINVSM0000008843                               ,             831.6700,                                                  
DCMS                                              ,NHM                                               ,2012-10-19 00:00:00.000,Est RoutineMaint - Repairs to Glaz                ,Estates Buildings                                 ,Emcor Facility Services Ltd                       ,CADPINVSM0000008845                               ,            1144.5000,                                                  
DCMS                                              ,NHM                                               ,2012-10-19 00:00:00.000,P/L - Est Irrecoverable VAT R/Costs               ,Estates Management                                ,Emcor Facility Services Ltd                       ,CADPINVSM0000008843                               ,               5.2900,                                                  
DCMS                                              ,NHM                                               ,2012-10-19 00:00:00.000,P/L - Est Irrecoverable VAT R/Costs               ,Estates Management                                ,Emcor Facility Services Ltd                       ,CADPINVSM0000008844                               ,              18.5600,                                                  
DCMS                                              ,NHM                                               ,2012-10-19 00:00:00.000,P/L - Est Irrecoverable VAT R/Costs               ,Estates Management                                ,Emcor Facility Services Ltd                       ,CADPINVSM0000008845                               ,               7.2800,                                                  
DCMS                                              ,NHM                                               ,2012-10-19 00:00:00.000,Professional Services/Fees                        ,Estates Buildings                                 ,Baker Mallett                                     ,CADPINVSM0000008840                               ,             978.0000,                                                  
DCMS                                              ,NHM                                               ,2012-10-24 00:00:00.000,BMS Controls                                      ,Estates Engineering                               ,Emcor Facility Services Ltd                       ,CADPINVSM0000008859                               ,            1618.6500,                                                  
DCMS                                              ,NHM                                               ,2012-10-24 00:00:00.000,Carpets/Flooring repairs/replacement              ,Estates Furniture                                 ,Teco Interiors Limited                            ,CADPINVSM0000008850                               ,            2199.6600,                                                  
DCMS                                              ,NHM                                               ,2012-10-24 00:00:00.000,Decant / Recant / Moving Costs                    ,Estates Buildings                                 ,Morris Leslie South East Ltd                      ,CADPINVSM0000008847                               ,             435.0000,                                                  
DCMS                                              ,NHM                                               ,2012-10-24 00:00:00.000,Elec Works                                        ,Estates Engineering                               ,Emcor Facility Services Ltd                       ,CADPINVSM0000008868                               ,            1670.9700,                                                  
DCMS                                              ,NHM                                               ,2012-10-24 00:00:00.000,Est General Furniture Purchases                   ,Estates Furniture                                 ,Teco Interiors Limited                            ,CADPINVSM0000008849                               ,             722.8500,                                                  
DCMS                                              ,NHM                                               ,2012-10-24 00:00:00.000,Est RoutineMaint - Day to day Maint               ,Estates Buildings                                 ,Glazing Refurbishment Ltd                         ,CADPINVSM0000008846                               ,             480.0000,                                                  
DCMS                                              ,NHM                                               ,2012-10-26 00:00:00.000,P/L -Training Costs                               ,DCS HR Organisational Development                 ,ACADEMY OF EXEC CO                                ,PGPI          25                                  ,             189.0000,NULL                                              
DCMS                                              ,NHM                                               ,2012-10-26 00:00:00.000,P/L -Training Costs                               ,DCS HR Organisational Development                 ,NATURAL HISTORY MUSEUM                            ,PGPI          25                                  ,               4.9500,NULL                                              
DCMS                                              ,NHM                                               ,2012-10-26 00:00:00.000,P/L -Training Costs                               ,DCS HR Organisational Development                 ,NATURAL HISTORY MUSEUM                            ,PGPI          25                                  ,              17.0500,NULL                                              
DCMS                                              ,NHM                                               ,2012-10-26 00:00:00.000,P/L -Training Costs                               ,DCS HR Organisational Development                 ,NATURAL HISTORY MUSEUM                            ,PGPI          25                                  ,              17.0500,NULL                                              
DCMS                                              ,NHM                                               ,2012-10-26 00:00:00.000,P/L -Training Costs                               ,DCS HR Organisational Development                 ,WWW OPPASSESSMENT EU COM                          ,PGPI          25                                  ,              18.5000,NULL                                              
DCMS                                              ,NHM                                               ,2012-10-26 00:00:00.000,P/L -Training Costs                               ,DCS HR Organisational Development                 ,WWW OPPASSESSMENT EU COM                          ,PGPI          25                                  ,              55.5000,NULL                                              
DCMS                                              ,NHM                                               ,2012-10-30 00:00:00.000,Acquisitions (Books & Collections)                ,Sci L&A Collections&Reader Services               ,ABEBOOKS.COM                                      ,PGPI          50                                  ,              10.3000,NULL                                              
DCMS                                              ,NHM                                               ,2012-10-30 00:00:00.000,Acquisitions (Books & Collections)                ,Sci L&A Collections&Reader Services               ,Amazon EU                                         ,PGPI          50                                  ,               6.9900,NULL                                              
DCMS                                              ,NHM                                               ,2012-10-30 00:00:00.000,Acquisitions (Books & Collections)                ,Sci L&A Collections&Reader Services               ,Amazon EU                                         ,PGPI          50                                  ,               9.9900,NULL                                              
DCMS                                              ,NHM                                               ,2012-10-30 00:00:00.000,Acquisitions (Books & Collections)                ,Sci L&A Collections&Reader Services               ,Amazon EU                                         ,PGPI          50                                  ,              36.4200,NULL                                              
DCMS                                              ,NHM                                               ,2012-10-30 00:00:00.000,Acquisitions (Books & Collections)                ,Sci L&A Collections&Reader Services               ,LONDON MIDLAND TIC                                ,PGPI          50                                  ,              24.8000,NULL                                              
DCMS                                              ,NHM                                               ,2012-10-30 00:00:00.000,Acquisitions (Books & Collections)                ,Sci L&A Collections&Reader Services               ,NHBS LTD                                          ,PGPI          50                                  ,              14.7500,NULL                                              
DCMS                                              ,NHM                                               ,2012-10-30 00:00:00.000,Acquisitions (Books & Collections)                ,Sci L&A Collections&Reader Services               ,NHBS LTD                                          ,PGPI          50                                  ,              32.9900,NULL                                              
DCMS                                              ,NHM                                               ,2012-10-30 00:00:00.000,Acquisitions (Books & Collections)                ,Sci L&A Collections&Reader Services               ,NHBS LTD                                          ,PGPI          50                                  ,              35.8300,NULL                                              
DCMS                                              ,NHM                                               ,2012-10-30 00:00:00.000,Acquisitions (Books & Collections)                ,Sci L&A Collections&Reader Services               ,NHBS LTD                                          ,PGPI          50                                  ,             137.1500,NULL                                              
DCMS                                              ,NHM                                               ,2012-10-30 00:00:00.000,Acquisitions (Books & Collections)                ,Sci L&A Collections&Reader Services               ,SHERATON HOTELS COMMANDER                         ,PGPI          50                                  ,             500.7900,NULL                                              
DCMS                                              ,NHM                                               ,2012-10-30 00:00:00.000,EXF - Travel                                      ,Mineralogy Research                               ,A3 AEGEAN AI3902286592085                         ,PGPI          45                                  ,             444.4500,NULL                                              
DCMS                                              ,NHM                                               ,2012-10-30 00:00:00.000,EXF - Travel                                      ,Palaeontology Research                            ,AERLING     2IJIGN HILL T                         ,PGPI          45                                  ,             116.9800,NULL                                              
DCMS                                              ,NHM                                               ,2012-10-30 00:00:00.000,EXF - Travel                                      ,Palaeontology Research                            ,EAST MIDLANDS                                     ,PGPI          45                                  ,              97.0000,NULL                                              
DCMS                                              ,NHM                                               ,2012-10-30 00:00:00.000,EXF - Travel                                      ,Mineralogy Research                               ,EXPEDIA CO UK                                     ,PGPI          45                                  ,               2.0000,NULL                                              
DCMS                                              ,NHM                                               ,2012-10-30 00:00:00.000,EXF - Travel                                      ,Mineralogy Research                               ,EXPEDIA CO UK                                     ,PGPI          45                                  ,              70.0700,NULL                                              
DCMS                                              ,NHM                                               ,2012-10-30 00:00:00.000,EXF - Travel                                      ,Mineralogy Research                               ,HELIOTOPOS MAGMA                                  ,PGPI          45                                  ,             239.5600,NULL                                              
DCMS                                              ,NHM                                               ,2012-10-30 00:00:00.000,Irrecoverable VAT                                 ,Mineralogy Admin                                  ,Barclay Card                                      ,PGPI          34                                  ,               1.3300,NULL                                              
DCMS                                              ,NHM                                               ,2012-10-30 00:00:00.000,Irrecoverable VAT                                 ,Zoology Admin                                     ,Barclay Card                                      ,PGPI          34                                  ,              26.0400,NULL                                              
DCMS                                              ,NHM                                               ,2012-10-30 00:00:00.000,Irrecoverable VAT                                 ,DCS Finance                                       ,Barclay Card                                      ,PGPI          45                                  ,               0.1400,NULL                                              
DCMS                                              ,NHM                                               ,2012-10-30 00:00:00.000,Irrecoverable VAT                                 ,Zoology Admin                                     ,Barclay Card                                      ,PGPI          45                                  ,               1.7200,NULL                                              
DCMS                                              ,NHM                                               ,2012-10-30 00:00:00.000,Irrecoverable VAT                                 ,Mineralogy Admin                                  ,Barclay Card                                      ,PGPI          45                                  ,              37.7100,NULL                                              
DCMS                                              ,NHM                                               ,2012-10-30 00:00:00.000,Lab Consumables                                   ,Zoology Research CLSD                             ,Barclay Card                                      ,PGPI          45                                  ,               8.8000,NULL                                              
DCMS                                              ,NHM                                               ,2012-10-30 00:00:00.000,Lab Consumables                                   ,Palaeontology Research                            ,Barclay Card                                      ,PGPI          45                                  ,               9.4000,NULL                                              
DCMS                                              ,NHM                                               ,2012-10-30 00:00:00.000,Lab Consumables                                   ,Mineralogy Facility                               ,BRAMMER UK                                        ,PGPI          45                                  ,             179.3900,NULL                                              
DCMS                                              ,NHM                                               ,2012-10-30 00:00:00.000,Lab Consumables                                   ,Palaeontology Research                            ,CONSERVATION.CO.UK                                ,PGPI          45                                  ,              47.0000,NULL                                              
DCMS                                              ,NHM                                               ,2012-10-30 00:00:00.000,Lab Consumables                                   ,Zoology Research CLSD                             ,G P SUPPLIES LTD                                  ,PGPI          45                                  ,              21.0200,NULL                                              
DCMS                                              ,NHM                                               ,2012-10-30 00:00:00.000,Lab Consumables                                   ,Palaeontology Research                            ,HENRY SCHEIN LTD                                  ,PGPI          45                                  ,             136.0200,NULL                                              
DCMS                                              ,NHM                                               ,2012-10-24 00:00:00.000,P/L - Est Irrecoverable VAT R/Costs               ,Estates Management                                ,Remsdaq Ltd                                       ,CADPINVSM0000008853                               ,              25.0400,                                                  
DCMS                                              ,NHM                                               ,2012-10-24 00:00:00.000,P/L - Est Irrecoverable VAT R/Costs               ,Estates Management                                ,Remsdaq Ltd                                       ,CADPINVSM0000008854                               ,              25.0400,                                                  
DCMS                                              ,NHM                                               ,2012-10-24 00:00:00.000,P/L - Est Irrecoverable VAT R/Costs               ,Estates Management                                ,Remsdaq Ltd                                       ,CADPINVSM0000008855                               ,              25.0400,                                                  
DCMS                                              ,NHM                                               ,2012-10-24 00:00:00.000,P/L - Est Irrecoverable VAT R/Costs               ,Estates Management                                ,Teco Interiors Limited                            ,CADPINVSM0000008849                               ,               4.6000,                                                  
DCMS                                              ,NHM                                               ,2012-10-24 00:00:00.000,P/L - Est Irrecoverable VAT R/Costs               ,Estates Management                                ,Teco Interiors Limited                            ,CADPINVSM0000008850                               ,              13.9900,                                                  
DCMS                                              ,NHM                                               ,2012-10-24 00:00:00.000,P/L - Est Water/Sewage                            ,Estates Engineering                               ,Emcor Facility Services Ltd                       ,CADPINVSM0000008862                               ,            1488.9400,                                                  
DCMS                                              ,NHM                                               ,2012-10-24 00:00:00.000,P/L - Est Water/Sewage                            ,Estates Engineering                               ,Emcor Facility Services Ltd                       ,CADPINVSM0000008863                               ,            1068.2000,                                                  
DCMS                                              ,NHM                                               ,2012-10-24 00:00:00.000,P/L - Est Water/Sewage                            ,Estates Engineering                               ,Emcor Facility Services Ltd                       ,CADPINVSM0000008867                               ,            3625.3400,                                                  
DCMS                                              ,NHM                                               ,2012-10-24 00:00:00.000,Professional Services/Fees                        ,Estates Buildings                                 ,Dannatt Johnson Architects                        ,CADPINVSM0000008874                               ,            1921.1400,                                                  
DCMS                                              ,NHM                                               ,2012-10-24 00:00:00.000,Professional Services/Fees                        ,Estates Buildings                                 ,Dannatt Johnson Architects                        ,CADPINVSM0000008874                               ,            3730.2800,                                                  
DCMS                                              ,NHM                                               ,2012-10-24 00:00:00.000,Radios                                            ,Est Security SK                                   ,Radiocoms Systems Limited                         ,CADPINVSM0000008852                               ,            2315.4100,                                                  
DCMS                                              ,NHM                                               ,2012-10-29 00:00:00.000,B/S - Tangible F Assets - L&B - Cons              ,Estates Engineering                               ,Emcor Facility Services Ltd                       ,CADPINVSM0000008887                               ,           29731.8600,                                                  
DCMS                                              ,NHM                                               ,2012-10-29 00:00:00.000,BMS Controls                                      ,Estates Engineering                               ,Emcor Facility Services Ltd                       ,CADPINVSM0000008875                               ,            1077.7500,                                                  
DCMS                                              ,NHM                                               ,2012-10-29 00:00:00.000,Est RoutineMaint - Day to day Maint               ,Estates Buildings                                 ,Emcor Facility Services Ltd                       ,CADPINVSM0000008878                               ,            2125.5000,                                                  
DCMS                                              ,NHM                                               ,2012-10-29 00:00:00.000,Est RoutineMaint - Day to day Maint               ,Estates Buildings                                 ,Emcor Facility Services Ltd                       ,CADPINVSM0000008879                               ,            1334.1600,                                                  
DCMS                                              ,NHM                                               ,2012-10-29 00:00:00.000,Est RoutineMaint - Day to day Maint               ,Estates Buildings                                 ,Emcor Facility Services Ltd                       ,CADPINVSM0000008881                               ,            2152.7500,                                                  
DCMS                                              ,NHM                                               ,2012-10-29 00:00:00.000,Est RoutineMaint - Day to day Maint               ,Estates Buildings                                 ,Emcor Facility Services Ltd                       ,CADPINVSM0000008882                               ,            2447.0500,                                                  
DCMS                                              ,NHM                                               ,2012-10-29 00:00:00.000,Est RoutineMaint - Day to day Maint               ,Estates Buildings                                 ,Emcor Facility Services Ltd                       ,CADPINVSM0000008883                               ,            2060.1000,                                                  
DCMS                                              ,NHM                                               ,2012-10-29 00:00:00.000,Est RoutineMaint - Day to day Maint               ,Estates Buildings                                 ,Emcor Facility Services Ltd                       ,CADPINVSM0000008884                               ,             732.4800,                                                  
DCMS                                              ,NHM                                               ,2012-10-29 00:00:00.000,Forklift & Specialist Equip                       ,Estates Furniture                                 ,Emcor Facility Services Ltd                       ,CADPINVSM0000008880                               ,            3343.0000,                                                  
DCMS                                              ,NHM                                               ,2012-10-29 00:00:00.000,P/L - Advertising Costs                           ,PEG Marketing                                     ,Total Media Limited                               ,CADPINVSM0000008885                               ,            4654.6500,                                                  
DCMS                                              ,NHM                                               ,2012-10-29 00:00:00.000,P/L - Est Irrecoverable VAT R/Costs               ,Estates Management                                ,Emcor Facility Services Ltd                       ,CADPINVSM0000008875                               ,               6.8500,                                                  
DCMS                                              ,NHM                                               ,2012-10-29 00:00:00.000,P/L - Est Irrecoverable VAT R/Costs               ,Estates Management                                ,Emcor Facility Services Ltd                       ,CADPINVSM0000008876                               ,               5.7200,                                                  
DCMS                                              ,NHM                                               ,2012-10-29 00:00:00.000,P/L - Est Irrecoverable VAT R/Costs               ,Estates Management                                ,Emcor Facility Services Ltd                       ,CADPINVSM0000008877                               ,               5.4200,                                                  
DCMS                                              ,NHM                                               ,2012-10-29 00:00:00.000,P/L - Est Irrecoverable VAT R/Costs               ,Estates Management                                ,Emcor Facility Services Ltd                       ,CADPINVSM0000008878                               ,              13.5200,                                                  
DCMS                                              ,NHM                                               ,2012-10-29 00:00:00.000,P/L - Est Irrecoverable VAT R/Costs               ,Estates Management                                ,Emcor Facility Services Ltd                       ,CADPINVSM0000008879                               ,               8.4900,                                                  
DCMS                                              ,NHM                                               ,2012-10-29 00:00:00.000,P/L - Est Irrecoverable VAT R/Costs               ,Estates Management                                ,Emcor Facility Services Ltd                       ,CADPINVSM0000008880                               ,              21.2600,                                                  
DCMS                                              ,NHM                                               ,2012-10-29 00:00:00.000,P/L - Est Irrecoverable VAT R/Costs               ,Estates Management                                ,Emcor Facility Services Ltd                       ,CADPINVSM0000008884                               ,               4.6600,                                                  
DCMS                                              ,NHM                                               ,2012-10-29 00:00:00.000,P/L - Est Water/Sewage                            ,Estates Engineering                               ,Emcor Facility Services Ltd                       ,CADPINVSM0000008876                               ,             899.2500,                                                  
DCMS                                              ,NHM                                               ,2012-10-29 00:00:00.000,P/L - Est Water/Sewage                            ,Estates Engineering                               ,Emcor Facility Services Ltd                       ,CADPINVSM0000008877                               ,             851.9200,                                                  
DCMS                                              ,NHM                                               ,2012-10-30 00:00:00.000,P/L - Agency Staff Costs                          ,VE VLE Learning Experience                        ,Spring Personnel                                  ,PINV      171306                                  ,            1279.1500,                                                  
DCMS                                              ,NHM                                               ,2012-10-30 00:00:00.000,Printing & stationery                             ,DCS HR Organisational Development                 ,Witherbys Lithoflow                               ,PINV      171301                                  ,             597.0000,                                                  
DCMS                                              ,NHM                                               ,2012-10-31 00:00:00.000,Agency Temporary Staff Costs                      ,DCS Finance                                       ,Spring Personnel                                  ,PINV      171313                                  ,             394.3200,                                                  
DCMS                                              ,NHM                                               ,2012-10-31 00:00:00.000,Agency Temporary Staff Costs                      ,DCS Finance                                       ,Spring Personnel                                  ,PINV      171313                                  ,             514.8000,                                                  
DCMS                                              ,NHM                                               ,2012-10-31 00:00:00.000,Agency Temporary Staff Costs                      ,DCS Finance                                       ,Spring Personnel                                  ,PINV      171313                                  ,             535.6800,                                                  
DCMS                                              ,NHM                                               ,2012-10-31 00:00:00.000,Agency Temporary Staff Costs                      ,DCS Finance                                       ,Spring Personnel                                  ,PINV      171313                                  ,             586.8000,                                                  
DCMS                                              ,NHM                                               ,2012-10-31 00:00:00.000,Agency Temporary Staff Costs                      ,DCS Finance                                       ,Spring Personnel                                  ,PINV      171313                                  ,             628.0000,                                                  
DCMS                                              ,NHM                                               ,2012-10-31 00:00:00.000,Agency Temporary Staff Costs                      ,DCS Finance                                       ,Spring Personnel                                  ,PINV      171313                                  ,            1017.5600,                                                  
DCMS                                              ,NHM                                               ,2012-10-31 00:00:00.000,Agency Temporary Staff Costs                      ,DCS Finance                                       ,Spring Personnel                                  ,PINV      171314                                  ,             424.5600,                                                  
DCMS                                              ,NHM                                               ,2012-10-31 00:00:00.000,Agency Temporary Staff Costs                      ,DCS Finance                                       ,Spring Personnel                                  ,PINV      171314                                  ,             526.6800,                                                  
DCMS                                              ,NHM                                               ,2012-10-31 00:00:00.000,B/S - Tangible F Assets - L&B - Cons              ,Estates Buildings                                 ,NDB Construction Ltd                              ,PINV      171327                                  ,            3780.9000,                                                  
DCMS                                              ,NHM                                               ,2012-10-31 00:00:00.000,Cabling                                           ,S/S - Telephones                                  ,Emcor Facility Services Ltd                       ,PINV      171324                                  ,            6335.5000,                                                  
DCMS                                              ,NHM                                               ,2012-10-31 00:00:00.000,Cabling                                           ,S/S - Telephones                                  ,Verizon                                           ,PINV      171323                                  ,            2199.1900,                                                  
DCMS                                              ,NHM                                               ,2012-10-31 00:00:00.000,Cleaning&FM Contract                              ,Est Hskpg SK                                      ,Servest (Sherwood) Ltd                            ,PINV      171341                                  ,            1186.7000,                                                  
DCMS                                              ,NHM                                               ,2012-10-31 00:00:00.000,Equip Hire & Maintenance (Leases)                 ,PEG Interpretation CLOSED                         ,CF Asset Finance                                  ,PINV      171331                                  ,             635.8700,                                                  
DCMS                                              ,NHM                                               ,2012-10-31 00:00:00.000,EXF - Travel                                      ,Entomology Research                               ,Key Travel                                        ,PINV      171325                                  ,             562.1900,                                                  
DCMS                                              ,NHM                                               ,2012-10-31 00:00:00.000,Exhibition Production                             ,PEG Vis Serv Temporary Exhibitions                ,Morris Leslie South East Ltd                      ,PINV      171334                                  ,              35.0000,                                                  
DCMS                                              ,NHM                                               ,2012-10-31 00:00:00.000,Exhibition Production                             ,PEG Vis Serv Temporary Exhibitions                ,Morris Leslie South East Ltd                      ,PINV      171334                                  ,             710.0000,                                                  
DCMS                                              ,NHM                                               ,2012-10-31 00:00:00.000,Exhibition Production                             ,PEG Visitor Offer Strat Non Exh Proj              ,Preservation Equipment Ltd                        ,PINV      171335                                  ,            1076.4000,                                                  
DCMS                                              ,NHM                                               ,2012-10-31 00:00:00.000,Freelancers / Self-employed                       ,PEG Learning Programme Developers                 ,J. A. Preece                                      ,PINV      171330                                  ,            1000.0000,                                                  
DCMS                                              ,NHM                                               ,2012-10-31 00:00:00.000,Hospitality                                       ,PEG Innovations / Art Science                     ,Benugo                                            ,PINV      171320                                  ,            3377.3000,                                                  
DCMS                                              ,NHM                                               ,2012-10-31 00:00:00.000,Irrecoverable VAT                                 ,DCS Finance                                       ,Ashridge Management Limited                       ,PINV      171336                                  ,              13.8300,                                                  
DCMS                                              ,NHM                                               ,2012-10-31 00:00:00.000,Irrecoverable VAT                                 ,DCS Finance                                       ,Donation Boxes.co.uk Ltd                          ,PINV      171338                                  ,               9.8200,                                                  
DCMS                                              ,NHM                                               ,2012-10-31 00:00:00.000,Irrecoverable VAT                                 ,DCS Finance                                       ,Hide and Seek Productions Limited                 ,PINV      171312                                  ,              95.4000,                                                  
DCMS                                              ,NHM                                               ,2012-10-31 00:00:00.000,Irrecoverable VAT                                 ,DCS Finance                                       ,Hide and Seek Productions Limited                 ,PINV      171315                                  ,              95.4000,                                                  
DCMS                                              ,NHM                                               ,2012-10-31 00:00:00.000,Irrecoverable VAT                                 ,DCS Finance                                       ,Spring Personnel                                  ,PINV      171313                                  ,              23.3800,                                                  
DCMS                                              ,NHM                                               ,2012-10-31 00:00:00.000,Irrecoverable VAT                                 ,DCS Finance                                       ,Spring Personnel                                  ,PINV      171314                                  ,               6.0500,                                                  
DCMS                                              ,NHM                                               ,2012-10-31 00:00:00.000,MF - General Running Costs                        ,PEG Media & External Relations                    ,Hide and Seek Productions Limited                 ,PINV      171312                                  ,           15000.0000,                                                  
DCMS                                              ,NHM                                               ,2012-10-31 00:00:00.000,MF - General Running Costs                        ,PEG Media & External Relations                    ,Hide and Seek Productions Limited                 ,PINV      171315                                  ,           15000.0000,                                                  
DCMS                                              ,NHM                                               ,2012-10-31 00:00:00.000,Mobiles/Pagers                                    ,DCS Telephones                                    ,Vodafone Limited                                  ,PINV      171321                                  ,             937.4500,                                                  
DCMS                                              ,NHM                                               ,2012-10-31 00:00:00.000,Mobiles/Pagers                                    ,DCS Telephones                                    ,Vodafone Limited                                  ,PINV      171321                                  ,            2832.2000,                                                  
DCMS                                              ,NHM                                               ,2012-10-31 00:00:00.000,P/L - Equip & Related Costs                       ,PEG - Development                                 ,Donation Boxes.co.uk Ltd                          ,PINV      171338                                  ,            1544.0000,                                                  
DCMS                                              ,NHM                                               ,2012-10-31 00:00:00.000,P/L - Est Irrecoverable VAT R/Costs               ,Estates Management                                ,Bailey Consulting                                 ,PINV      171328                                  ,              16.8200,                                                  
DCMS                                              ,NHM                                               ,2012-10-31 00:00:00.000,P/L - Est Irrecoverable VAT R/Costs               ,Estates Management                                ,Servest (Sherwood) Ltd                            ,PINV      171341                                  ,               7.5500,                                                  
DCMS                                              ,NHM                                               ,2012-11-01 00:00:00.000,MF - IT Equipment < £5k                           ,DCS ICT (Info Computer Techonology)               ,Dell Computer Corporation Ltd                     ,CADPINVSM0000008919                               ,            6391.2000,                                                  
DCMS                                              ,NHM                                               ,2012-11-01 00:00:00.000,MF - IT Equipment < £5k                           ,DCS ICT (Info Computer Techonology)               ,Dell Computer Corporation Ltd                     ,CADPINVSM0000008919                               ,           25564.8000,                                                  
DCMS                                              ,NHM                                               ,2012-11-01 00:00:00.000,MF - IT Equipment < £5k                           ,DCS ICT (Info Computer Techonology)               ,Tectrade Computers Ltd                            ,CADPINVSM0000008911                               ,            5671.0000,                                                  
DCMS                                              ,NHM                                               ,2012-11-01 00:00:00.000,P/L - Furniture & Fittings <£5K                   ,Zoology Curation                                  ,Teco Interiors Limited                            ,CADPINVSM0000008912                               ,            1142.2400,                                                  
DCMS                                              ,NHM                                               ,2012-11-01 00:00:00.000,P/L - Health & Safety                             ,Palaeontology Curation                            ,Seton Ltd                                         ,CADPINVSM0000008923                               ,              76.9500,                                                  
DCMS                                              ,NHM                                               ,2012-11-01 00:00:00.000,Professional Services/Fees                        ,PEG Vis Serv Temporary Exhibitions                ,Universal Design Studio Ltd                       ,CADPINVSM0000008924                               ,            8375.0000,                                                  
DCMS                                              ,NHM                                               ,2012-10-10 00:00:00.000,Agency Temporary Staff Costs                      ,VE VLE Bookings&Sales                             ,Spring Personnel                                  ,PCNOTE        4171                                ,            -461.5400,                                                  
DCMS                                              ,NHM                                               ,2012-10-10 00:00:00.000,P/L - Est Water/Sewage                            ,Estates Utilities & Rents                         ,Thames Water Utilities Ltd                        ,PCNOTE        4167                                ,            -635.9500,                                                  
DCMS                                              ,NHM                                               ,2012-10-16 00:00:00.000,P/L - General Running Costs                       ,Palaeontology Research                            ,The Queen Elizabeth II Conference Ce              ,PCNOTE        4177                                ,           -6971.5800,                                                  
DCMS                                              ,NHM                                               ,2012-10-16 00:00:00.000,P/L - General Running Costs                       ,Palaeontology Research                            ,The Queen Elizabeth II Conference Ce              ,PCNOTE        4177                                ,           -1394.3200,                                                  
DCMS                                              ,NHM                                               ,2012-10-24 00:00:00.000,Irrecoverable VAT                                 ,Mineralogy Admin                                  ,Systat Software UK Limited                        ,PCNOTE        4185                                ,             -63.7800,                                                  
DCMS                                              ,NHM                                               ,2012-10-24 00:00:00.000,IT Software                                       ,Mineralogy Facility                               ,Systat Software UK Limited                        ,PCNOTE        4185                                ,            -778.2000,                                                  
DCMS                                              ,NHM                                               ,2012-10-24 00:00:00.000,SS Electricity                                    ,S/S - HV Ring Main                                ,Southern Electric                                 ,PCNOTE        4178                                ,           -8684.7300,                                                  
DCMS                                              ,NHM                                               ,2012-11-02 00:00:00.000,Cleaning&FM Contract                              ,Est Hskpg SK                                      ,Servest (Sherwood) Ltd                            ,PCNOTE        4190                                ,            -517.0000,                                                  
DCMS                                              ,NHM                                               ,2012-11-02 00:00:00.000,P/L - Est Irrecoverable VAT R/Costs               ,Estates Management                                ,Servest (Sherwood) Ltd                            ,PCNOTE        4190                                ,              -3.2900,                                                  
DCMS                                              ,NHM                                               ,2012-10-05 00:00:00.000,Agency Temporary Staff Costs                      ,DCS ICT (Info Computer Techonology)               ,Certes Computing Ltd                              ,PINV      170762                                  ,            1529.4000,                                                  
DCMS                                              ,NHM                                               ,2012-10-05 00:00:00.000,Agency Temporary Staff Costs                      ,DCS ICT (Info Computer Techonology)               ,Certes Computing Ltd                              ,PINV      170763                                  ,            3200.0000,                                                  
DCMS                                              ,NHM                                               ,2012-10-05 00:00:00.000,Agency Temporary Staff Costs                      ,VE VLE Bookings&Sales                             ,Spring Personnel                                  ,PINV      170730                                  ,             602.8800,                                                  
DCMS                                              ,NHM                                               ,2012-10-05 00:00:00.000,Agency Temporary Staff Costs                      ,VE VLE Bookings&Sales                             ,Spring Personnel                                  ,PINV      170731                                  ,             779.1000,                                                  
DCMS                                              ,NHM                                               ,2012-10-05 00:00:00.000,Agency Temporary Staff Costs                      ,VE VLE Bookings&Sales                             ,Spring Personnel                                  ,PINV      170732                                  ,             612.1500,                                                  
DCMS                                              ,NHM                                               ,2012-10-05 00:00:00.000,Agency Temporary Staff Costs                      ,VE Production Display & Conservation              ,Spring Personnel                                  ,PINV      170734                                  ,             576.9800,                                                  
DCMS                                              ,NHM                                               ,2012-10-05 00:00:00.000,Agency Temporary Staff Costs                      ,VE Production Display & Conservation              ,Spring Personnel                                  ,PINV      170735                                  ,            1802.9200,                                                  
DCMS                                              ,NHM                                               ,2012-10-05 00:00:00.000,Agency Temporary Staff Costs                      ,DCS ICT (Info Computer Techonology)               ,Spring Personnel                                  ,PINV      170751                                  ,             781.8800,                                                  
DCMS                                              ,NHM                                               ,2012-10-05 00:00:00.000,Agency Temporary Staff Costs                      ,DCS ICT (Info Computer Techonology)               ,Spring Personnel                                  ,PINV      170752                                  ,             503.1000,                                                  
DCMS                                              ,NHM                                               ,2012-10-05 00:00:00.000,Agency Temporary Staff Costs                      ,DCS ICT (Info Computer Techonology)               ,Spring Personnel                                  ,PINV      170753                                  ,             503.1000,                                                  
DCMS                                              ,NHM                                               ,2012-10-05 00:00:00.000,Agency Temporary Staff Costs                      ,DCS ICT (Info Computer Techonology)               ,Spring Personnel                                  ,PINV      170754                                  ,             712.5000,                                                  
DCMS                                              ,NHM                                               ,2012-10-05 00:00:00.000,Agency Temporary Staff Costs                      ,DCS ICT (Info Computer Techonology)               ,Spring Personnel                                  ,PINV      170755                                  ,             693.5000,                                                  
DCMS                                              ,NHM                                               ,2012-10-05 00:00:00.000,Agency Temporary Staff Costs                      ,DCS Human Resources Operations                    ,Spring Personnel                                  ,PINV      170758                                  ,             685.0800,                                                  
DCMS                                              ,NHM                                               ,2012-10-05 00:00:00.000,Copyright Licensing                               ,PEG Visitor Offer Strat Non Exh Proj              ,Getty Images (UK) Ltd.                            ,PINV      170724                                  ,            2248.4000,                                                  
DCMS                                              ,NHM                                               ,2012-10-05 00:00:00.000,Copyright Licensing                               ,PEG Visitor Offer Strat Non Exh Proj              ,Getty Images (UK) Ltd.                            ,PINV      170725                                  ,             864.8000,                                                  
DCMS                                              ,NHM                                               ,2012-10-30 00:00:00.000,Lab Consumables                                   ,Mineralogy Facility                               ,OHYGIENE                                          ,PGPI          45                                  ,             103.3500,NULL                                              
DCMS                                              ,NHM                                               ,2012-10-30 00:00:00.000,Lab Consumables                                   ,Mineralogy Facility                               ,RS COMPONENTS                                     ,PGPI          45                                  ,              26.0700,NULL                                              
DCMS                                              ,NHM                                               ,2012-10-30 00:00:00.000,Lab Consumables                                   ,Mineralogy Facility                               ,RS COMPONENTS                                     ,PGPI          45                                  ,             151.3400,NULL                                              
DCMS                                              ,NHM                                               ,2012-10-30 00:00:00.000,Lab Consumables                                   ,Zoology Research CLSD                             ,SAMS RESEARCH SERVICES L                          ,PGPI          45                                  ,              44.0000,NULL                                              
DCMS                                              ,NHM                                               ,2012-10-30 00:00:00.000,Lab Consumables                                   ,Mineralogy Facility                               ,WP-GLASS EXPANSION                                ,PGPI          45                                  ,             681.0000,NULL                                              
DCMS                                              ,NHM                                               ,2012-10-30 00:00:00.000,Lab Consumables                                   ,Mineralogy Facility                               ,WP-GLASS EXPANSION                                ,PGPI          45                                  ,             717.0000,NULL                                              
DCMS                                              ,NHM                                               ,2012-10-30 00:00:00.000,Lab Consumables                                   ,Mineralogy Facility                               ,WWW.CATER4YOU.CO.UK                               ,PGPI          45                                  ,              51.7100,NULL                                              
DCMS                                              ,NHM                                               ,2012-10-30 00:00:00.000,MF - General Running Costs                        ,PEG Learning Programme Developers                 ,Amazon  Mktplce EU-UK                             ,PGPI          49                                  ,              31.4500,NULL                                              
DCMS                                              ,NHM                                               ,2012-10-30 00:00:00.000,MF - General Running Costs                        ,PEG Learning Programme Developers                 ,BONECLONES                                        ,PGPI          49                                  ,             341.7300,NULL                                              
DCMS                                              ,NHM                                               ,2012-10-30 00:00:00.000,MF - General Running Costs                        ,Science Directorate                               ,NATURAL HISTORY MUSEUM                            ,PGPI          45                                  ,              22.2000,NULL                                              
DCMS                                              ,NHM                                               ,2012-10-30 00:00:00.000,MF - General Running Costs                        ,PEG Learning Programme Developers                 ,PAYPAL  ANDREWHAVER                               ,PGPI          49                                  ,              45.4900,NULL                                              
DCMS                                              ,NHM                                               ,2012-10-30 00:00:00.000,MF - General Running Costs                        ,PEG Learning Programme Developers                 ,PUMPKIN CAFE                                      ,PGPI          49                                  ,               7.8400,NULL                                              
DCMS                                              ,NHM                                               ,2012-10-30 00:00:00.000,MF - General Running Costs                        ,PEG Learning Programme Developers                 ,UPS LTD                                           ,PGPI          49                                  ,              66.1700,NULL                                              
DCMS                                              ,NHM                                               ,2012-10-30 00:00:00.000,MF - IT Equipment < £5k                           ,Mineralogy Research                               ,MICROSOFT STORE                                   ,PGPI          45                                  ,            -165.9800,NULL                                              
DCMS                                              ,NHM                                               ,2012-10-30 00:00:00.000,MF - Travel Costs                                 ,PEG Learning Programme Developers                 ,Barclay Card                                      ,PGPI          49                                  ,              21.0700,NULL                                              
DCMS                                              ,NHM                                               ,2012-10-30 00:00:00.000,MF - Travel Costs                                 ,PEG Learning Programme Developers                 ,KENTS CAVERN                                      ,PGPI          49                                  ,              20.8500,NULL                                              
DCMS                                              ,NHM                                               ,2012-10-30 00:00:00.000,MF - Travel Costs                                 ,Sci L&A Collections&Reader Services               ,LONDON MIDLAND TIC                                ,PGPI          50                                  ,              24.8000,NULL                                              
DCMS                                              ,NHM                                               ,2012-10-30 00:00:00.000,MF - Travel Costs                                 ,Sci L&A Collections&Reader Services               ,NORTHERN RAIL WEBSALES                            ,PGPI          50                                  ,              48.2000,NULL                                              
DCMS                                              ,NHM                                               ,2012-10-30 00:00:00.000,MF - Travel Costs                                 ,Palaeontology Research                            ,PALAEONTOLOGICAL A                                ,PGPI          45                                  ,             207.5000,NULL                                              
DCMS                                              ,NHM                                               ,2012-10-30 00:00:00.000,MF - Travel Costs                                 ,Palaeontology Curation                            ,PREMIER INN44511275                               ,PGPI          45                                  ,             229.0000,NULL                                              
DCMS                                              ,NHM                                               ,2012-10-30 00:00:00.000,MF - Travel Costs                                 ,PEG Learning Programme Developers                 ,THE MEADFOOT BAY HOTEL                            ,PGPI          49                                  ,             105.3300,NULL                                              
DCMS                                              ,NHM                                               ,2012-10-30 00:00:00.000,MF - Travel Costs                                 ,PEG Learning Programme Developers                 ,TRAINLINE.COM                                     ,PGPI          49                                  ,              98.5000,NULL                                              
DCMS                                              ,NHM                                               ,2012-10-30 00:00:00.000,MF - Travel Costs                                 ,PEG Learning Programme Developers                 ,TRAINLINE.COM                                     ,PGPI          49                                  ,             142.5000,NULL                                              
DCMS                                              ,NHM                                               ,2012-10-30 00:00:00.000,P/L - Courier Costs                               ,Zoology Curation                                  ,DHL EXPRESS                                       ,PGPI          34                                  ,             862.5300,NULL                                              
DCMS                                              ,NHM                                               ,2012-10-30 00:00:00.000,P/L - Courier Costs                               ,Est Hskpg SK                                      ,DHL EXPRESS (UK) LIMIT                            ,PGPI          42                                  ,              24.5000,NULL                                              
DCMS                                              ,NHM                                               ,2012-10-30 00:00:00.000,P/L - Courier Costs                               ,Est Hskpg SK                                      ,DHL EXPRESS (UK) LIMIT                            ,PGPI          42                                  ,              31.6300,NULL                                              
DCMS                                              ,NHM                                               ,2012-10-30 00:00:00.000,P/L - Courier Costs                               ,Est Hskpg SK                                      ,DHL EXPRESS (UK) LIMIT                            ,PGPI          42                                  ,              46.2000,NULL                                              
DCMS                                              ,NHM                                               ,2012-10-30 00:00:00.000,P/L - Courier Costs                               ,Est Hskpg SK                                      ,DHL EXPRESS (UK) LIMIT                            ,PGPI          42                                  ,              62.3000,NULL                                              
DCMS                                              ,NHM                                               ,2012-10-30 00:00:00.000,P/L - Courier Costs                               ,Est Hskpg SK                                      ,DHL EXPRESS (UK) LIMIT                            ,PGPI          42                                  ,             135.8000,NULL                                              
DCMS                                              ,NHM                                               ,2012-10-30 00:00:00.000,P/L - Courier Costs                               ,Est Hskpg SK                                      ,DHL EXPRESS (UK) LIMIT                            ,PGPI          42                                  ,             213.5000,NULL                                              
DCMS                                              ,NHM                                               ,2012-10-30 00:00:00.000,P/L - Courier Costs                               ,Mineralogy Research                               ,DHL INTERNATIONAL (UK)                            ,PGPI          34                                  ,               5.9600,NULL                                              
DCMS                                              ,NHM                                               ,2012-10-30 00:00:00.000,P/L - Courier Costs                               ,Mineralogy Research                               ,DHL INTERNATIONAL (UK)                            ,PGPI          34                                  ,               6.1500,NULL                                              
DCMS                                              ,NHM                                               ,2012-10-30 00:00:00.000,P/L - Courier Costs                               ,Zoology Research CLSD                             ,DHL INTERNATIONAL (UK)                            ,PGPI          34                                  ,               6.1500,NULL                                              
DCMS                                              ,NHM                                               ,2012-10-30 00:00:00.000,P/L - Courier Costs                               ,Zoology Curation                                  ,DHL INTERNATIONAL (UK)                            ,PGPI          34                                  ,               6.5500,NULL                                              
DCMS                                              ,NHM                                               ,2012-10-08 00:00:00.000,Agency Temporary Staff Costs                      ,PEG VS Bookings & Helpdesk                        ,Spring Personnel                                  ,PINV      170805                                  ,             761.1000,                                                  
DCMS                                              ,NHM                                               ,2012-10-08 00:00:00.000,Agency Temporary Staff Costs                      ,Entomology Admin                                  ,Spring Personnel                                  ,PINV      170806                                  ,             592.2000,                                                  
DCMS                                              ,NHM                                               ,2012-10-08 00:00:00.000,Agency Temporary Staff Costs                      ,Entomology Admin                                  ,Spring Personnel                                  ,PINV      170807                                  ,             592.2000,                                                  
DCMS                                              ,NHM                                               ,2012-10-08 00:00:00.000,Agency Temporary Staff Costs                      ,Science Administration Team                       ,Spring Personnel                                  ,PINV      170808                                  ,             519.7200,                                                  
DCMS                                              ,NHM                                               ,2012-10-08 00:00:00.000,Agency Temporary Staff Costs                      ,Science Administration Team                       ,Spring Personnel                                  ,PINV      170809                                  ,             549.0000,                                                  
DCMS                                              ,NHM                                               ,2012-10-08 00:00:00.000,Agency Temporary Staff Costs                      ,Science Administration Team                       ,Spring Personnel                                  ,PINV      170810                                  ,             549.0000,                                                  
DCMS                                              ,NHM                                               ,2012-10-08 00:00:00.000,Agency Temporary Staff Costs                      ,Science Administration Team                       ,Spring Personnel                                  ,PINV      170811                                  ,             549.0000,                                                  
DCMS                                              ,NHM                                               ,2012-10-08 00:00:00.000,Agency Temporary Staff Costs                      ,PEG Interactive Media CLOSED                      ,Spring Personnel                                  ,PINV      170813                                  ,             317.5000,                                                  
DCMS                                              ,NHM                                               ,2012-10-08 00:00:00.000,Agency Temporary Staff Costs                      ,PEG Interactive Media CLOSED                      ,Spring Personnel                                  ,PINV      170813                                  ,             635.0000,                                                  
DCMS                                              ,NHM                                               ,2012-10-08 00:00:00.000,Cleaning&FM Contract                              ,Est Hskpg SK                                      ,Servest (Sherwood) Ltd                            ,PINV      170812                                  ,           -6259.2900,                                                  
DCMS                                              ,NHM                                               ,2012-10-08 00:00:00.000,Cleaning&FM Contract                              ,Est Hskpg SK                                      ,Servest (Sherwood) Ltd                            ,PINV      170812                                  ,           -1968.7500,                                                  
DCMS                                              ,NHM                                               ,2012-10-08 00:00:00.000,Cleaning&FM Contract                              ,Est Hskpg SK                                      ,Servest (Sherwood) Ltd                            ,PINV      170812                                  ,           -1250.0000,                                                  
DCMS                                              ,NHM                                               ,2012-10-08 00:00:00.000,Cleaning&FM Contract                              ,Est Hskpg SK                                      ,Servest (Sherwood) Ltd                            ,PINV      170812                                  ,              10.2900,                                                  
DCMS                                              ,NHM                                               ,2012-10-08 00:00:00.000,Cleaning&FM Contract                              ,Est Hskpg SK                                      ,Servest (Sherwood) Ltd                            ,PINV      170812                                  ,             245.1100,                                                  
DCMS                                              ,NHM                                               ,2012-10-08 00:00:00.000,Cleaning&FM Contract                              ,Est Hskpg SK                                      ,Servest (Sherwood) Ltd                            ,PINV      170812                                  ,             307.0000,                                                  
DCMS                                              ,NHM                                               ,2012-10-08 00:00:00.000,Cleaning&FM Contract                              ,Est Hskpg SK                                      ,Servest (Sherwood) Ltd                            ,PINV      170812                                  ,             599.4600,                                                  
DCMS                                              ,NHM                                               ,2012-10-08 00:00:00.000,Cleaning&FM Contract                              ,Est Hskpg SK                                      ,Servest (Sherwood) Ltd                            ,PINV      170812                                  ,             738.0000,                                                  
DCMS                                              ,NHM                                               ,2012-10-08 00:00:00.000,Cleaning&FM Contract                              ,Est Hskpg SK                                      ,Servest (Sherwood) Ltd                            ,PINV      170812                                  ,             800.2300,                                                  
DCMS                                              ,NHM                                               ,2012-10-08 00:00:00.000,Cleaning&FM Contract                              ,Est Hskpg SK                                      ,Servest (Sherwood) Ltd                            ,PINV      170812                                  ,             863.2000,                                                  
DCMS                                              ,NHM                                               ,2012-10-08 00:00:00.000,Cleaning&FM Contract                              ,Est Hskpg SK                                      ,Servest (Sherwood) Ltd                            ,PINV      170812                                  ,            1416.5600,                                                  
DCMS                                              ,NHM                                               ,2012-10-08 00:00:00.000,Cleaning&FM Contract                              ,Est Hskpg SK                                      ,Servest (Sherwood) Ltd                            ,PINV      170812                                  ,            1489.7900,                                                  
DCMS                                              ,NHM                                               ,2012-10-08 00:00:00.000,Cleaning&FM Contract                              ,Est Hskpg SK                                      ,Servest (Sherwood) Ltd                            ,PINV      170812                                  ,            1632.2800,                                                  
DCMS                                              ,NHM                                               ,2012-10-08 00:00:00.000,Cleaning&FM Contract                              ,Est Hskpg SK                                      ,Servest (Sherwood) Ltd                            ,PINV      170812                                  ,            1944.0200,                                                  
DCMS                                              ,NHM                                               ,2012-10-08 00:00:00.000,Cleaning&FM Contract                              ,Est Hskpg SK                                      ,Servest (Sherwood) Ltd                            ,PINV      170812                                  ,            4091.9700,                                                  
DCMS                                              ,NHM                                               ,2012-10-08 00:00:00.000,Cleaning&FM Contract                              ,Est Hskpg SK                                      ,Servest (Sherwood) Ltd                            ,PINV      170812                                  ,            4293.6400,                                                  
DCMS                                              ,NHM                                               ,2012-10-08 00:00:00.000,Cleaning&FM Contract                              ,Est Hskpg SK                                      ,Servest (Sherwood) Ltd                            ,PINV      170812                                  ,            6017.2200,                                                  
DCMS                                              ,NHM                                               ,2012-10-08 00:00:00.000,Cleaning&FM Contract                              ,Est Hskpg SK                                      ,Servest (Sherwood) Ltd                            ,PINV      170812                                  ,            6389.0900,                                                  
DCMS                                              ,NHM                                               ,2012-10-08 00:00:00.000,Cleaning&FM Contract                              ,Est Hskpg SK                                      ,Servest (Sherwood) Ltd                            ,PINV      170812                                  ,           12262.9200,                                                  
DCMS                                              ,NHM                                               ,2012-10-08 00:00:00.000,Cleaning&FM Contract                              ,Est Hskpg SK                                      ,Servest (Sherwood) Ltd                            ,PINV      170812                                  ,           80239.5200,                                                  
DCMS                                              ,NHM                                               ,2012-10-08 00:00:00.000,Decant / Recant / Moving Costs                    ,Estates Buildings                                 ,Charles Kendall Packing Ltd                       ,PINV      170789                                  ,            6562.5000,                                                  
DCMS                                              ,NHM                                               ,2012-10-08 00:00:00.000,Irrecoverable VAT                                 ,DCS Finance                                       ,Emap Construct Ltd                                ,PINV      170766                                  ,              58.8900,                                                  
DCMS                                              ,NHM                                               ,2012-10-08 00:00:00.000,Irrecoverable VAT                                 ,DCS Finance                                       ,Spring Personnel                                  ,PINV      170796                                  ,               9.7100,                                                  
DCMS                                              ,NHM                                               ,2012-10-08 00:00:00.000,Irrecoverable VAT                                 ,DCS Finance                                       ,Spring Personnel                                  ,PINV      170797                                  ,               9.9100,                                                  
DCMS                                              ,NHM                                               ,2012-10-08 00:00:00.000,Irrecoverable VAT                                 ,DCS Finance                                       ,Spring Personnel                                  ,PINV      170798                                  ,               6.3200,                                                  
DCMS                                              ,NHM                                               ,2012-11-02 00:00:00.000,Hostel/Hotel Accommodation                        ,Science Research & Consulting Office              ,Harrington Gardens House Ltd                      ,PINV      171376                                  ,             590.0000,                                                  
DCMS                                              ,NHM                                               ,2012-11-02 00:00:00.000,Hostel/Hotel Accommodation                        ,Science Research & Consulting Office              ,Harrington Gardens House Ltd                      ,PINV      171383                                  ,             570.0000,                                                  
DCMS                                              ,NHM                                               ,2012-11-02 00:00:00.000,Hostel/Hotel Accommodation                        ,Science Research & Consulting Office              ,Harrington Gardens House Ltd                      ,PINV      171384                                  ,             640.0000,                                                  
DCMS                                              ,NHM                                               ,2012-11-02 00:00:00.000,Hostel/Hotel Accommodation                        ,Science Research & Consulting Office              ,Harrington Gardens House Ltd                      ,PINV      171385                                  ,            1260.0000,                                                  
DCMS                                              ,NHM                                               ,2012-11-02 00:00:00.000,Hostel/Hotel Accommodation                        ,Science Research & Consulting Office              ,Harrington Gardens House Ltd                      ,PINV      171386                                  ,            1520.0000,                                                  
DCMS                                              ,NHM                                               ,2012-11-02 00:00:00.000,Hostel/Hotel Accommodation                        ,Science Research & Consulting Office              ,Harrington Gardens House Ltd                      ,PINV      171387                                  ,            1520.0000,                                                  
DCMS                                              ,NHM                                               ,2012-11-02 00:00:00.000,Hostel/Hotel Accommodation                        ,Science Research & Consulting Office              ,Harrington Gardens House Ltd                      ,PINV      171388                                  ,            1200.0000,                                                  
DCMS                                              ,NHM                                               ,2012-11-02 00:00:00.000,Hostel/Hotel Accommodation                        ,Science Research & Consulting Office              ,Harrington Gardens House Ltd                      ,PINV      171389                                  ,            1520.0000,                                                  
DCMS                                              ,NHM                                               ,2012-11-02 00:00:00.000,Hostel/Hotel Accommodation                        ,Science Research & Consulting Office              ,Harrington Gardens House Ltd                      ,PINV      171390                                  ,            1320.0000,                                                  
DCMS                                              ,NHM                                               ,2012-11-02 00:00:00.000,Hostel/Hotel Accommodation                        ,Science Research & Consulting Office              ,Harrington Gardens House Ltd                      ,PINV      171391                                  ,            1140.0000,                                                  
DCMS                                              ,NHM                                               ,2012-11-02 00:00:00.000,Hostel/Hotel Accommodation                        ,Science Research & Consulting Office              ,Harrington Gardens House Ltd                      ,PINV      171392                                  ,            1520.0000,                                                  
DCMS                                              ,NHM                                               ,2012-11-02 00:00:00.000,Hostel/Hotel Accommodation                        ,Science Research & Consulting Office              ,Harrington Gardens House Ltd                      ,PINV      171393                                  ,            1140.0000,                                                  
DCMS                                              ,NHM                                               ,2012-11-02 00:00:00.000,Hostel/Hotel Accommodation                        ,Science Research & Consulting Office              ,Harrington Gardens House Ltd                      ,PINV      171394                                  ,            1140.0000,                                                  
DCMS                                              ,NHM                                               ,2012-11-02 00:00:00.000,Hostel/Hotel Accommodation                        ,Science Research & Consulting Office              ,Harrington Gardens House Ltd                      ,PINV      171395                                  ,            1200.0000,                                                  
DCMS                                              ,NHM                                               ,2012-11-02 00:00:00.000,Hostel/Hotel Accommodation                        ,Science Research & Consulting Office              ,Harrington Gardens House Ltd                      ,PINV      171396                                  ,            1850.0000,                                                  
DCMS                                              ,NHM                                               ,2012-11-02 00:00:00.000,Irrecoverable VAT                                 ,DCS Finance                                       ,Childcare Vouchers Lrtd                           ,PINV      171409                                  ,               1.6800,                                                  
DCMS                                              ,NHM                                               ,2012-11-02 00:00:00.000,Irrecoverable VAT                                 ,DCS Finance                                       ,Dynamic Bars                                      ,PINV      171402                                  ,               1.5900,                                                  
DCMS                                              ,NHM                                               ,2012-11-02 00:00:00.000,Irrecoverable VAT                                 ,DCS Finance                                       ,Farrer &Co                                        ,PINV      171397                                  ,               8.6800,                                                  
DCMS                                              ,NHM                                               ,2012-11-02 00:00:00.000,Irrecoverable VAT                                 ,DCS Finance                                       ,Farrer &Co                                        ,PINV      171398                                  ,              37.4100,                                                  
DCMS                                              ,NHM                                               ,2012-11-02 00:00:00.000,Irrecoverable VAT                                 ,Mineralogy Admin                                  ,PANalytical Ltd.                                  ,PINV      171380                                  ,             304.6500,                                                  
DCMS                                              ,NHM                                               ,2012-11-02 00:00:00.000,Irrecoverable VAT                                 ,DCS Finance                                       ,Spring Personnel                                  ,PINV      171368                                  ,               5.7000,                                                  
DCMS                                              ,NHM                                               ,2012-11-02 00:00:00.000,MF - General Running Costs                        ,DCS Human Resources Operations                    ,Childcare Vouchers Lrtd                           ,PINV      171409                                  ,             264.9000,                                                  
DCMS                                              ,NHM                                               ,2012-11-02 00:00:00.000,MF - General Running Costs                        ,VE VLE Learning Experience                        ,Dynamic Bars                                      ,PINV      171402                                  ,             250.0000,                                                  
DCMS                                              ,NHM                                               ,2012-11-02 00:00:00.000,MF - General Running Costs                        ,PEG Learning Programme Developers                 ,University of Oxford                              ,PINV      171405                                  ,            1294.0800,                                                  
DCMS                                              ,NHM                                               ,2012-11-02 00:00:00.000,P/L - Est Irrecoverable VAT R/Costs               ,Estates Management                                ,Farrer &Co                                        ,PINV      171398                                  ,               5.4300,                                                  
DCMS                                              ,NHM                                               ,2012-11-02 00:00:00.000,P/L - Legal Fees                                  ,DCS Finance                                       ,Farrer &Co                                        ,PINV      171397                                  ,            1365.0000,                                                  
DCMS                                              ,NHM                                               ,2012-11-02 00:00:00.000,P/L - Legal Fees                                  ,Estates Management                                ,Farrer &Co                                        ,PINV      171398                                  ,             853.5900,                                                  
DCMS                                              ,NHM                                               ,2012-11-02 00:00:00.000,P/L - Legal Fees                                  ,DCS Human Resources Operations                    ,Farrer &Co                                        ,PINV      171398                                  ,            2334.6700,                                                  
DCMS                                              ,NHM                                               ,2012-11-02 00:00:00.000,P/L - Legal Fees                                  ,DCS Finance                                       ,Farrer &Co                                        ,PINV      171398                                  ,            3547.2400,                                                  
DCMS                                              ,NHM                                               ,2012-11-02 00:00:00.000,P/L - Members Events Costs                        ,Commerce Visitor Events                           ,Guy Shoham                                        ,PINV      171403                                  ,             900.0000,                                                  
DCMS                                              ,NHM                                               ,2012-10-08 00:00:00.000,SS Electricity                                    ,S/S - HV Ring Main                                ,Southern Electric                                 ,PINV      170768                                  ,           56621.4500,                                                  
DCMS                                              ,NHM                                               ,2012-10-08 00:00:00.000,SS Electricity                                    ,S/S - HV Ring Main                                ,Southern Electric                                 ,PINV      170769                                  ,           53007.4700,                                                  
DCMS                                              ,NHM                                               ,2012-10-08 00:00:00.000,SS Electricity                                    ,S/S - HV Ring Main                                ,Southern Electric                                 ,PINV      170780                                  ,            8684.7300,                                                  
DCMS                                              ,NHM                                               ,2012-10-08 00:00:00.000,SS Electricity                                    ,S/S - HV Ring Main                                ,Southern Electric                                 ,PINV      170784                                  ,           11635.8600,                                                  
DCMS                                              ,NHM                                               ,2012-10-08 00:00:00.000,SS Electricity                                    ,S/S - HV Ring Main                                ,Southern Electric                                 ,PINV      170785                                  ,           27583.2000,                                                  
DCMS                                              ,NHM                                               ,2012-10-08 00:00:00.000,SS Maintenance                                    ,Combined Heat & Power unit                        ,Servest (Sherwood) Ltd                            ,PINV      170812                                  ,             182.8900,                                                  
DCMS                                              ,NHM                                               ,2012-10-08 00:00:00.000,SS Mercury Calls (Telephones)                     ,S/S - Telephones                                  ,Vodafone Limited                                  ,PINV      170774                                  ,            1088.9000,                                                  
DCMS                                              ,NHM                                               ,2012-10-08 00:00:00.000,SS Mercury Calls (Telephones)                     ,S/S - Telephones                                  ,Vodafone Limited                                  ,PINV      170774                                  ,            3186.2000,                                                  
DCMS                                              ,NHM                                               ,2012-10-08 00:00:00.000,Vehicle Fuel Purchases                            ,Estates Stationery & Transport                    ,Allstar Business Solutions Ltd                    ,PINV      170823                                  ,             547.9100,                                                  
DCMS                                              ,NHM                                               ,2012-10-09 00:00:00.000,Agency Temporary Staff Costs                      ,PEG Interactive Media CLOSED                      ,Kathy Neal Media                                  ,PINV      170770                                  ,            2970.0000,                                                  
DCMS                                              ,NHM                                               ,2012-10-09 00:00:00.000,Agency Temporary Staff Costs                      ,PEG Interactive Media CLOSED                      ,Spring Personnel                                  ,PINV      170820                                  ,             428.1800,                                                  
DCMS                                              ,NHM                                               ,2012-10-09 00:00:00.000,Agency Temporary Staff Costs                      ,PEG Interactive Media CLOSED                      ,Spring Personnel                                  ,PINV      170826                                  ,            1155.0000,                                                  
DCMS                                              ,NHM                                               ,2012-10-09 00:00:00.000,Agency Temporary Staff Costs                      ,PEG Interactive Media CLOSED                      ,Spring Personnel                                  ,PINV      170828                                  ,             924.0000,                                                  
DCMS                                              ,NHM                                               ,2012-10-09 00:00:00.000,Agency Temporary Staff Costs                      ,PEG Interactive Media CLOSED                      ,Spring Personnel                                  ,PINV      170829                                  ,            1811.2500,                                                  
DCMS                                              ,NHM                                               ,2012-10-09 00:00:00.000,Agency Temporary Staff Costs                      ,PEG Interactive Media CLOSED                      ,Spring Personnel                                  ,PINV      170831                                  ,             475.7500,                                                  
DCMS                                              ,NHM                                               ,2012-10-09 00:00:00.000,Agency Temporary Staff Costs                      ,PEG Interactive Media CLOSED                      ,Spring Personnel                                  ,PINV      170833                                  ,             494.7800,                                                  
DCMS                                              ,NHM                                               ,2012-10-09 00:00:00.000,Agency Temporary Staff Costs                      ,PEG Interactive Media CLOSED                      ,Spring Personnel                                  ,PINV      170834                                  ,             418.6600,                                                  
DCMS                                              ,NHM                                               ,2012-10-09 00:00:00.000,Agency Temporary Staff Costs                      ,PEG Interactive Media CLOSED                      ,Spring Personnel                                  ,PINV      170838                                  ,             924.0000,                                                  
DCMS                                              ,NHM                                               ,2012-10-09 00:00:00.000,Agency Temporary Staff Costs                      ,PEG Interactive Media CLOSED                      ,Spring Personnel                                  ,PINV      170841                                  ,            1155.0000,                                                  
DCMS                                              ,NHM                                               ,2012-10-09 00:00:00.000,Agency Temporary Staff Costs                      ,PEG Interactive Media CLOSED                      ,Spring Personnel                                  ,PINV      170843                                  ,            1039.5000,                                                  
DCMS                                              ,NHM                                               ,2012-10-09 00:00:00.000,Agency Temporary Staff Costs                      ,VE VLE Welcome&Information                        ,Spring Personnel                                  ,PINV      170845                                  ,            4976.6900,                                                  
DCMS                                              ,NHM                                               ,2012-10-09 00:00:00.000,Agency Temporary Staff Costs                      ,VE VLE Bookings&Sales                             ,Spring Personnel                                  ,PINV      170854                                  ,             142.5000,                                                  
DCMS                                              ,NHM                                               ,2012-10-09 00:00:00.000,Agency Temporary Staff Costs                      ,VE VLE Bookings&Sales                             ,Spring Personnel                                  ,PINV      170854                                  ,            1947.9100,                                                  
DCMS                                              ,NHM                                               ,2012-10-09 00:00:00.000,Agency Temporary Staff Costs                      ,VE VLE Bookings&Sales                             ,Spring Personnel                                  ,PINV      170854                                  ,            2291.7300,                                                  
DCMS                                              ,NHM                                               ,2012-10-09 00:00:00.000,Agency Temporary Staff Costs                      ,VE VLE Bookings&Sales                             ,Spring Personnel                                  ,PINV      170854                                  ,            3734.4700,                                                  
DCMS                                              ,NHM                                               ,2012-10-09 00:00:00.000,Agency Temporary Staff Costs                      ,VE VLE Bookings&Sales                             ,Spring Personnel                                  ,PINV      170869                                  ,            1315.4900,                                                  
DCMS                                              ,NHM                                               ,2012-10-09 00:00:00.000,Agency Temporary Staff Costs                      ,VE VLE Bookings&Sales                             ,Spring Personnel                                  ,PINV      170869                                  ,            2587.8900,                                                  
DCMS                                              ,NHM                                               ,2012-10-09 00:00:00.000,Agency Temporary Staff Costs                      ,VE VLE Bookings&Sales                             ,Spring Personnel                                  ,PINV      170869                                  ,            3011.1300,                                                  
DCMS                                              ,NHM                                               ,2012-10-09 00:00:00.000,Agency Temporary Staff Costs                      ,VE VLE Bookings&Sales                             ,Spring Personnel                                  ,PINV      170869                                  ,            4313.8800,                                                  
DCMS                                              ,NHM                                               ,2012-10-09 00:00:00.000,Agency Temporary Staff Costs                      ,VE VLE Bookings&Sales                             ,Spring Personnel                                  ,PINV      170873                                  ,            1504.2900,                                                  
DCMS                                              ,NHM                                               ,2012-10-09 00:00:00.000,Agency Temporary Staff Costs                      ,VE VLE Bookings&Sales                             ,Spring Personnel                                  ,PINV      170873                                  ,            2327.7200,                                                  
DCMS                                              ,NHM                                               ,2012-10-09 00:00:00.000,Agency Temporary Staff Costs                      ,VE VLE Bookings&Sales                             ,Spring Personnel                                  ,PINV      170873                                  ,            2718.1900,                                                  
DCMS                                              ,NHM                                               ,2012-10-09 00:00:00.000,Agency Temporary Staff Costs                      ,VE VLE Bookings&Sales                             ,Spring Personnel                                  ,PINV      170873                                  ,            5553.3500,                                                  
DCMS                                              ,NHM                                               ,2012-10-30 00:00:00.000,P/L - Courier Costs                               ,Zoology Research CLSD                             ,DHL INTERNATIONAL (UK)                            ,PGPI          34                                  ,               6.5500,NULL                                              
DCMS                                              ,NHM                                               ,2012-10-30 00:00:00.000,P/L - Courier Costs                               ,Zoology Curation                                  ,DHL INTERNATIONAL (UK)                            ,PGPI          34                                  ,               7.8000,NULL                                              
DCMS                                              ,NHM                                               ,2012-10-30 00:00:00.000,P/L - Courier Costs                               ,Zoology Research CLSD                             ,DHL INTERNATIONAL (UK)                            ,PGPI          34                                  ,               9.4100,NULL                                              
DCMS                                              ,NHM                                               ,2012-10-30 00:00:00.000,P/L - Courier Costs                               ,Zoology Curation                                  ,DHL INTERNATIONAL (UK)                            ,PGPI          34                                  ,               9.4500,NULL                                              
DCMS                                              ,NHM                                               ,2012-10-30 00:00:00.000,P/L - Courier Costs                               ,Mineralogy Curation                               ,DHL INTERNATIONAL (UK)                            ,PGPI          34                                  ,              10.1000,NULL                                              
DCMS                                              ,NHM                                               ,2012-10-30 00:00:00.000,P/L - Courier Costs                               ,Zoology Research CLSD                             ,DHL INTERNATIONAL (UK)                            ,PGPI          34                                  ,              11.1500,NULL                                              
DCMS                                              ,NHM                                               ,2012-10-30 00:00:00.000,P/L - Courier Costs                               ,Mineralogy Curation                               ,DHL INTERNATIONAL (UK)                            ,PGPI          34                                  ,              12.0200,NULL                                              
DCMS                                              ,NHM                                               ,2012-10-30 00:00:00.000,P/L - Courier Costs                               ,Zoology Curation                                  ,DHL INTERNATIONAL (UK)                            ,PGPI          34                                  ,              12.0200,NULL                                              
DCMS                                              ,NHM                                               ,2012-10-30 00:00:00.000,P/L - Courier Costs                               ,Zoology Research CLSD                             ,DHL INTERNATIONAL (UK)                            ,PGPI          34                                  ,              12.0200,NULL                                              
DCMS                                              ,NHM                                               ,2012-10-30 00:00:00.000,P/L - Courier Costs                               ,Zoology Curation                                  ,DHL INTERNATIONAL (UK)                            ,PGPI          34                                  ,              12.5000,NULL                                              
DCMS                                              ,NHM                                               ,2012-10-30 00:00:00.000,P/L - Courier Costs                               ,Zoology Research CLSD                             ,DHL INTERNATIONAL (UK)                            ,PGPI          34                                  ,              12.5000,NULL                                              
DCMS                                              ,NHM                                               ,2012-10-30 00:00:00.000,P/L - Courier Costs                               ,Zoology Curation                                  ,DHL INTERNATIONAL (UK)                            ,PGPI          34                                  ,              13.2000,NULL                                              
DCMS                                              ,NHM                                               ,2012-10-30 00:00:00.000,P/L - Courier Costs                               ,Mineralogy Curation                               ,DHL INTERNATIONAL (UK)                            ,PGPI          34                                  ,              14.1600,NULL                                              
DCMS                                              ,NHM                                               ,2012-10-30 00:00:00.000,P/L - Courier Costs                               ,Zoology Curation                                  ,DHL INTERNATIONAL (UK)                            ,PGPI          34                                  ,              14.4100,NULL                                              
DCMS                                              ,NHM                                               ,2012-10-30 00:00:00.000,P/L - Courier Costs                               ,Zoology Research CLSD                             ,DHL INTERNATIONAL (UK)                            ,PGPI          34                                  ,              14.4100,NULL                                              
DCMS                                              ,NHM                                               ,2012-10-30 00:00:00.000,P/L - Courier Costs                               ,Zoology Curation                                  ,DHL INTERNATIONAL (UK)                            ,PGPI          34                                  ,              14.9700,NULL                                              
DCMS                                              ,NHM                                               ,2012-10-30 00:00:00.000,P/L - Courier Costs                               ,Zoology Curation                                  ,DHL INTERNATIONAL (UK)                            ,PGPI          34                                  ,              15.1500,NULL                                              
DCMS                                              ,NHM                                               ,2012-10-30 00:00:00.000,P/L - Courier Costs                               ,Zoology Curation                                  ,DHL INTERNATIONAL (UK)                            ,PGPI          34                                  ,              15.6000,NULL                                              
DCMS                                              ,NHM                                               ,2012-10-30 00:00:00.000,P/L - Courier Costs                               ,Zoology Curation                                  ,DHL INTERNATIONAL (UK)                            ,PGPI          34                                  ,              16.7000,NULL                                              
DCMS                                              ,NHM                                               ,2012-10-30 00:00:00.000,P/L - Courier Costs                               ,Zoology Research CLSD                             ,DHL INTERNATIONAL (UK)                            ,PGPI          34                                  ,              17.9600,NULL                                              
DCMS                                              ,NHM                                               ,2012-10-30 00:00:00.000,P/L - Courier Costs                               ,Zoology Curation                                  ,DHL INTERNATIONAL (UK)                            ,PGPI          34                                  ,              18.7200,NULL                                              
DCMS                                              ,NHM                                               ,2012-10-30 00:00:00.000,P/L - Courier Costs                               ,Zoology Curation                                  ,DHL INTERNATIONAL (UK)                            ,PGPI          34                                  ,              19.7500,NULL                                              
DCMS                                              ,NHM                                               ,2012-10-30 00:00:00.000,P/L - Courier Costs                               ,Zoology Curation                                  ,DHL INTERNATIONAL (UK)                            ,PGPI          34                                  ,              20.8000,NULL                                              
DCMS                                              ,NHM                                               ,2012-10-30 00:00:00.000,P/L - Courier Costs                               ,Zoology Research CLSD                             ,DHL INTERNATIONAL (UK)                            ,PGPI          34                                  ,              21.1900,NULL                                              
DCMS                                              ,NHM                                               ,2012-10-30 00:00:00.000,P/L - Courier Costs                               ,Zoology Curation                                  ,DHL INTERNATIONAL (UK)                            ,PGPI          34                                  ,              22.5500,NULL                                              
DCMS                                              ,NHM                                               ,2012-10-30 00:00:00.000,P/L - Courier Costs                               ,Zoology Curation                                  ,DHL INTERNATIONAL (UK)                            ,PGPI          34                                  ,              25.9000,NULL                                              
DCMS                                              ,NHM                                               ,2012-10-30 00:00:00.000,P/L - Courier Costs                               ,Mineralogy Curation                               ,DHL INTERNATIONAL (UK)                            ,PGPI          34                                  ,              26.1600,NULL                                              
DCMS                                              ,NHM                                               ,2012-10-30 00:00:00.000,P/L - Courier Costs                               ,Zoology Curation                                  ,DHL INTERNATIONAL (UK)                            ,PGPI          34                                  ,              26.1600,NULL                                              
DCMS                                              ,NHM                                               ,2012-10-30 00:00:00.000,P/L - Courier Costs                               ,Zoology Curation                                  ,DHL INTERNATIONAL (UK)                            ,PGPI          34                                  ,              26.4100,NULL                                              
DCMS                                              ,NHM                                               ,2012-10-30 00:00:00.000,P/L - Courier Costs                               ,Zoology Research CLSD                             ,DHL INTERNATIONAL (UK)                            ,PGPI          34                                  ,              27.1800,NULL                                              
DCMS                                              ,NHM                                               ,2012-10-30 00:00:00.000,P/L - Courier Costs                               ,Zoology Curation                                  ,DHL INTERNATIONAL (UK)                            ,PGPI          34                                  ,              27.6500,NULL                                              
DCMS                                              ,NHM                                               ,2012-10-30 00:00:00.000,P/L - Courier Costs                               ,Zoology Curation                                  ,DHL INTERNATIONAL (UK)                            ,PGPI          34                                  ,              29.5500,NULL                                              
DCMS                                              ,NHM                                               ,2012-10-30 00:00:00.000,P/L - Courier Costs                               ,Zoology Curation                                  ,DHL INTERNATIONAL (UK)                            ,PGPI          34                                  ,              29.8900,NULL                                              
DCMS                                              ,NHM                                               ,2012-10-30 00:00:00.000,P/L - Courier Costs                               ,Zoology Curation                                  ,DHL INTERNATIONAL (UK)                            ,PGPI          34                                  ,              29.9000,NULL                                              
DCMS                                              ,NHM                                               ,2012-10-30 00:00:00.000,P/L - Courier Costs                               ,Zoology Curation                                  ,DHL INTERNATIONAL (UK)                            ,PGPI          34                                  ,              33.6200,NULL                                              
DCMS                                              ,NHM                                               ,2012-10-10 00:00:00.000,Elec Works                                        ,Estates Engineering                               ,Emcor Facility Services Ltd                       ,PINV      170891                                  ,             654.1700,                                                  
DCMS                                              ,NHM                                               ,2012-10-10 00:00:00.000,Elec Works                                        ,Estates Engineering                               ,Emcor Facility Services Ltd                       ,PINV      170892                                  ,             749.6700,                                                  
DCMS                                              ,NHM                                               ,2012-10-10 00:00:00.000,Equip Hire & Maintenance (Leases)                 ,Sci L&A Collections&Reader Services               ,Office Depot (Guilbert UK Ltd)                    ,PINV      170872                                  ,               9.3400,                                                  
DCMS                                              ,NHM                                               ,2012-10-10 00:00:00.000,Equip Hire & Maintenance (Leases)                 ,Sci L&A Collections&Reader Services               ,Office Depot (Guilbert UK Ltd)                    ,PINV      170872                                  ,             114.0000,                                                  
DCMS                                              ,NHM                                               ,2012-10-10 00:00:00.000,Exhibition Production                             ,PEG Vis Serv Temporary Exhibitions                ,Arts & Sciences Ltd                               ,PINV      170858                                  ,           72414.6400,                                                  
DCMS                                              ,NHM                                               ,2012-10-10 00:00:00.000,Irrecoverable VAT                                 ,DCS Finance                                       ,Accountancy Divisions Ltd                         ,PINV      170896                                  ,               2.6700,                                                  
DCMS                                              ,NHM                                               ,2012-10-10 00:00:00.000,Irrecoverable VAT                                 ,DCS Finance                                       ,Eurobase People                                   ,PINV      170884                                  ,               4.0000,                                                  
DCMS                                              ,NHM                                               ,2012-10-10 00:00:00.000,Irrecoverable VAT                                 ,DCS Finance                                       ,Eurobase People                                   ,PINV      170885                                  ,               5.1600,                                                  
DCMS                                              ,NHM                                               ,2012-10-10 00:00:00.000,Irrecoverable VAT                                 ,DCS Finance                                       ,Eurobase People                                   ,PINV      170886                                  ,               4.6300,                                                  
DCMS                                              ,NHM                                               ,2012-10-10 00:00:00.000,Irrecoverable VAT                                 ,DCS Finance                                       ,Marks Sattin                                      ,PINV      170855                                  ,               8.5900,                                                  
DCMS                                              ,NHM                                               ,2012-10-10 00:00:00.000,Irrecoverable VAT                                 ,Entomology Admin                                  ,Office Depot (Guilbert UK Ltd)                    ,PINV      170872                                  ,               3.8200,                                                  
DCMS                                              ,NHM                                               ,2012-10-10 00:00:00.000,Irrecoverable VAT                                 ,Mineralogy Admin                                  ,Office Depot (Guilbert UK Ltd)                    ,PINV      170872                                  ,               4.3800,                                                  
DCMS                                              ,NHM                                               ,2012-10-10 00:00:00.000,Irrecoverable VAT                                 ,DCS Finance                                       ,Office Depot (Guilbert UK Ltd)                    ,PINV      170872                                  ,               8.2800,                                                  
DCMS                                              ,NHM                                               ,2012-10-10 00:00:00.000,Irrecoverable VAT                                 ,Botany Administration                             ,Office Depot (Guilbert UK Ltd)                    ,PINV      170872                                  ,               9.1100,                                                  
DCMS                                              ,NHM                                               ,2012-10-10 00:00:00.000,Irrecoverable VAT                                 ,Palaeontology Admin                               ,Office Depot (Guilbert UK Ltd)                    ,PINV      170872                                  ,              11.4200,                                                  
DCMS                                              ,NHM                                               ,2012-10-10 00:00:00.000,Irrecoverable VAT                                 ,Zoology Admin                                     ,Office Depot (Guilbert UK Ltd)                    ,PINV      170872                                  ,             105.4100,                                                  
DCMS                                              ,NHM                                               ,2012-10-10 00:00:00.000,Irrecoverable VAT                                 ,DCS Finance                                       ,Sticky Content Limited                            ,PINV      170880                                  ,               7.6300,                                                  
DCMS                                              ,NHM                                               ,2012-10-10 00:00:00.000,P/L - Equipment & Related Costs                   ,Combined Heat & Power unit                        ,Vital Energi                                      ,PINV      170868                                  ,           60555.5500,                                                  
DCMS                                              ,NHM                                               ,2012-10-10 00:00:00.000,P/L - Est Irrecoverable VAT R/Costs               ,Estates Management                                ,AON Hewitt Ltd                                    ,PINV      170898                                  ,               2.7400,                                                  
DCMS                                              ,NHM                                               ,2012-10-10 00:00:00.000,P/L - Est Irrecoverable VAT R/Costs               ,Estates Management                                ,Arnold Clark Finance Limited                      ,PINV      170897                                  ,               5.8400,                                                  
DCMS                                              ,NHM                                               ,2012-10-10 00:00:00.000,P/L - Est Irrecoverable VAT R/Costs               ,Estates Management                                ,Data Track Technology Plc                         ,PINV      170900                                  ,              20.2900,                                                  
DCMS                                              ,NHM                                               ,2012-10-10 00:00:00.000,P/L - Est Irrecoverable VAT R/Costs               ,Estates Management                                ,Emcor Facility Services Ltd                       ,PINV      170891                                  ,               4.1600,                                                  
DCMS                                              ,NHM                                               ,2012-10-10 00:00:00.000,P/L - Est Irrecoverable VAT R/Costs               ,Estates Management                                ,Emcor Facility Services Ltd                       ,PINV      170892                                  ,               4.7700,                                                  
DCMS                                              ,NHM                                               ,2012-10-10 00:00:00.000,P/L - Est Irrecoverable VAT R/Costs               ,Estates Management                                ,Office Depot (Guilbert UK Ltd)                    ,PINV      170872                                  ,               0.4400,                                                  
DCMS                                              ,NHM                                               ,2012-10-10 00:00:00.000,P/L - Est Water/Sewage                            ,Estates Utilities & Rents                         ,Thames Water Utilities Ltd                        ,PINV      170906                                  ,             527.0100,                                                  
DCMS                                              ,NHM                                               ,2012-10-10 00:00:00.000,P/L - General Running Costs                       ,VE VLE Learning Experience                        ,Total Media Limited                               ,PINV      170899                                  ,             930.9300,                                                  
DCMS                                              ,NHM                                               ,2012-10-10 00:00:00.000,P/L - General Running Costs                       ,Palaeontology Research                            ,University of Oxford                              ,PINV      170864                                  ,            8000.0000,                                                  
DCMS                                              ,NHM                                               ,2012-10-10 00:00:00.000,P/L -Training Costs                               ,DCS HR Organisational Development                 ,Sticky Content Limited                            ,PINV      170880                                  ,            1200.0000,                                                  
DCMS                                              ,NHM                                               ,2012-10-10 00:00:00.000,Printing & stationery                             ,PEG Interpretation CLOSED                         ,Office Depot (Guilbert UK Ltd)                    ,PINV      170872                                  ,              34.0000,                                                  
DCMS                                              ,NHM                                               ,2012-10-10 00:00:00.000,Printing & stationery                             ,Entomology Admin                                  ,Office Depot (Guilbert UK Ltd)                    ,PINV      170872                                  ,              46.6300,                                                  
DCMS                                              ,NHM                                               ,2012-10-10 00:00:00.000,Printing & stationery                             ,Science Research & Consulting Office              ,Office Depot (Guilbert UK Ltd)                    ,PINV      170872                                  ,              50.5800,                                                  
DCMS                                              ,NHM                                               ,2012-10-10 00:00:00.000,Printing & stationery                             ,Mineralogy Admin                                  ,Office Depot (Guilbert UK Ltd)                    ,PINV      170872                                  ,              53.5000,                                                  
DCMS                                              ,NHM                                               ,2012-10-29 00:00:00.000,P/L - Courier Costs                               ,Botany Research                                   ,Barclay Card                                      ,PGPC        5760                                  ,               9.4700,                                                  
DCMS                                              ,NHM                                               ,2012-10-29 00:00:00.000,P/L - Courier Costs                               ,Botany Research                                   ,DHL EXPRESS                                       ,PGPC        5760                                  ,              47.2300,                                                  
DCMS                                              ,NHM                                               ,2012-10-29 00:00:00.000,P/L - Courier Costs                               ,Entomology Curation                               ,DHL EXPRESS                                       ,PGPC        5760                                  ,              50.1900,                                                  
DCMS                                              ,NHM                                               ,2012-10-29 00:00:00.000,P/L - Courier Costs                               ,Entomology Curation                               ,DHL EXPRESS                                       ,PGPC        5760                                  ,              53.2000,                                                  
DCMS                                              ,NHM                                               ,2012-10-29 00:00:00.000,P/L - Courier Costs                               ,Entomology Curation                               ,DHL EXPRESS                                       ,PGPC        5760                                  ,             292.7000,                                                  
DCMS                                              ,NHM                                               ,2012-10-29 00:00:00.000,P/L - General Running Costs                       ,Entomology Research                               ,PP 6389CODE                                       ,PGPC        5760                                  ,               1.0000,                                                  
DCMS                                              ,NHM                                               ,2012-10-29 00:00:00.000,MF - Travel Costs                                 ,Science Group Enquiries                           ,TRAINLINE.COM                                     ,PGPC        5760                                  ,              39.4500,                                                  
DCMS                                              ,NHM                                               ,2012-10-29 00:00:00.000,MF - Travel Costs                                 ,Zoology Curation                                  ,TRAINLINE.COM                                     ,PGPC        5760                                  ,              39.4500,                                                  
DCMS                                              ,NHM                                               ,2012-10-29 00:00:00.000,MF - Travel Costs                                 ,Entomology Curation                               ,TRAVELODGE WEBSITE                                ,PGPC        5760                                  ,              68.6000,                                                  
DCMS                                              ,NHM                                               ,2012-10-29 00:00:00.000,MF - Travel Costs                                 ,Zoology Curation                                  ,WWW.REDSPOTTEDHANK                                ,PGPC        5760                                  ,              10.0000,                                                  
DCMS                                              ,NHM                                               ,2012-10-29 00:00:00.000,MF - Travel Costs                                 ,Entomology Curation                               ,WWW.REDSPOTTEDHANK                                ,PGPC        5760                                  ,              24.0000,                                                  
DCMS                                              ,NHM                                               ,2012-10-29 00:00:00.000,MF - Travel Costs                                 ,Zoology Curation                                  ,WWW.REDSPOTTEDHANK                                ,PGPC        5760                                  ,              68.5000,                                                  
DCMS                                              ,NHM                                               ,2012-10-29 00:00:00.000,MF - Travel Costs                                 ,Entomology Research                               ,CESKE BRAHY                                       ,PGPC        5760                                  ,               4.5400,                                                  
DCMS                                              ,NHM                                               ,2012-10-29 00:00:00.000,MF - Travel Costs                                 ,Botany Research                                   ,EUROSTAR INTERNET                                 ,PGPC        5760                                  ,             195.0000,                                                  
DCMS                                              ,NHM                                               ,2012-10-29 00:00:00.000,MF - Travel Costs                                 ,Entomology Curation                               ,HOLIDAY INN EXPRESS FFM C                         ,PGPC        5760                                  ,             100.2600,                                                  
DCMS                                              ,NHM                                               ,2012-10-29 00:00:00.000,MF - Travel Costs                                 ,Entomology Curation                               ,HOTEL EUROPA                                      ,PGPC        5760                                  ,             175.3000,                                                  
DCMS                                              ,NHM                                               ,2012-10-29 00:00:00.000,MF - Travel Costs                                 ,Zoology Curation                                  ,KEY TRAVEL                                        ,PGPC        5760                                  ,             851.8600,                                                  
DCMS                                              ,NHM                                               ,2012-10-29 00:00:00.000,MF - Travel Costs                                 ,Zoology Curation                                  ,THREE SISTERS                                     ,PGPC        5760                                  ,              85.0000,                                                  
DCMS                                              ,NHM                                               ,2012-10-29 00:00:00.000,Lab Consumables                                   ,Zoology Facility                                  ,SEVERN BIOTECH LTD                                ,PGPC        5760                                  ,            1050.0000,                                                  
DCMS                                              ,NHM                                               ,2012-10-29 00:00:00.000,Lab Consumables                                   ,Zoology Curation                                  ,WWW.CULTPENS.COM                                  ,PGPC        5760                                  ,              36.4300,                                                  
DCMS                                              ,NHM                                               ,2012-10-29 00:00:00.000,Lab Consumables                                   ,Zoology Curation                                  ,WWW.CULTPENS.COM                                  ,PGPC        5760                                  ,              54.6500,                                                  
DCMS                                              ,NHM                                               ,2012-10-29 00:00:00.000,Lab Consumables                                   ,Zoology Curation                                  ,WWW.LIGHTBULBY2U.COM                              ,PGPC        5760                                  ,             156.0000,                                                  
DCMS                                              ,NHM                                               ,2012-10-29 00:00:00.000,Lab Consumables                                   ,Zoology Research CLSD                             ,WWW.LIGHTBULBY2U.COM                              ,PGPC        5760                                  ,             156.0000,                                                  
DCMS                                              ,NHM                                               ,2012-10-29 00:00:00.000,MF - General Running Costs                        ,Zoology Curation                                  ,WWW.DEFRA.GOV.UK                                  ,PGPC        5760                                  ,              47.0000,                                                  
DCMS                                              ,NHM                                               ,2012-10-29 00:00:00.000,Equipment < £5k                                   ,Entomology Research                               ,WWW.SCIENTIFIC-LABS.CO.UK                         ,PGPC        5760                                  ,              37.8000,                                                  
DCMS                                              ,NHM                                               ,2012-10-29 00:00:00.000,Equipment < £5k                                   ,Zoology Research CLSD                             ,WWW.WETSUITOUTLET.CO.UK                           ,PGPC        5760                                  ,              62.2900,                                                  
DCMS                                              ,NHM                                               ,2012-10-29 00:00:00.000,Irrecoverable VAT                                 ,Botany Administration                             ,Barclay Card                                      ,PGPC        5760                                  ,               3.9800,                                                  
DCMS                                              ,NHM                                               ,2012-10-29 00:00:00.000,Irrecoverable VAT                                 ,Entomology Admin                                  ,Barclay Card                                      ,PGPC        5760                                  ,              95.4800,                                                  
DCMS                                              ,NHM                                               ,2012-10-29 00:00:00.000,Irrecoverable VAT                                 ,Zoology Admin                                     ,Barclay Card                                      ,PGPC        5760                                  ,              96.6000,                                                  
DCMS                                              ,NHM                                               ,2012-10-29 00:00:00.000,Lab Consumables                                   ,Zoology Research CLSD                             ,AMAZON MKTPLCE EU-UK                              ,PGPC        5760                                  ,               3.7900,                                                  
DCMS                                              ,NHM                                               ,2012-10-29 00:00:00.000,Equipment < £5k                                   ,Entomology Research                               ,VWR INTERNATIONAL LTD                             ,PGPC        5760                                  ,              23.1900,                                                  
DCMS                                              ,NHM                                               ,2012-10-29 00:00:00.000,Equipment < £5k                                   ,Zoology Research CLSD                             ,WETSUITOUTLET.CO.UK                               ,PGPC        5760                                  ,              16.5800,                                                  
DCMS                                              ,NHM                                               ,2012-10-29 00:00:00.000,Equipment < £5k                                   ,Zoology Research CLSD                             ,WETSUITOUTLET.CO.UK                               ,PGPC        5760                                  ,              49.7500,                                                  
DCMS                                              ,NHM                                               ,2012-10-29 00:00:00.000,Equipment < £5k                                   ,Entomology Research                               ,WWW.HONEYBROS.COM                                 ,PGPC        5760                                  ,             208.7200,                                                  
DCMS                                              ,NHM                                               ,2012-10-29 00:00:00.000,Equipment < £5k                                   ,Zoology Research CLSD                             ,WWW.MARINESCENE.CO.UK                             ,PGPC        5760                                  ,              58.4600,                                                  
DCMS                                              ,NHM                                               ,2012-10-29 00:00:00.000,Equipment < £5k                                   ,Zoology Research CLSD                             ,WWW.MARINESCENE.CO.UK                             ,PGPC        5760                                  ,             325.9800,                                                  
DCMS                                              ,NHM                                               ,2012-10-29 00:00:00.000,Equipment < £5k                                   ,Entomology Research                               ,AMAZON MKTPLCE EU-UK                              ,PGPC        5760                                  ,              68.3200,                                                  
DCMS                                              ,NHM                                               ,2012-10-17 00:00:00.000,Agency Temporary Staff Costs                      ,Science Research & Consulting Office              ,Spring Personnel                                  ,PINV      170911                                  ,             531.3000,                                                  
DCMS                                              ,NHM                                               ,2012-10-17 00:00:00.000,Agency Temporary Staff Costs                      ,Science Research & Consulting Office              ,Spring Personnel                                  ,PINV      170912                                  ,             531.3000,                                                  
DCMS                                              ,NHM                                               ,2012-10-17 00:00:00.000,Agency Temporary Staff Costs                      ,Science Research & Consulting Office              ,Spring Personnel                                  ,PINV      170913                                  ,             516.1200,                                                  
DCMS                                              ,NHM                                               ,2012-10-17 00:00:00.000,Agency Temporary Staff Costs                      ,PEG Directorate & Resources                       ,Spring Personnel                                  ,PINV      170916                                  ,             482.0800,                                                  
DCMS                                              ,NHM                                               ,2012-10-17 00:00:00.000,Agency Temporary Staff Costs                      ,PEG Directorate & Resources                       ,Spring Personnel                                  ,PINV      170918                                  ,             559.3600,                                                  
DCMS                                              ,NHM                                               ,2012-10-17 00:00:00.000,Agency Temporary Staff Costs                      ,PEG Directorate & Resources                       ,Spring Personnel                                  ,PINV      170919                                  ,             434.2400,                                                  
DCMS                                              ,NHM                                               ,2012-10-17 00:00:00.000,Agency Temporary Staff Costs                      ,Science Research & Consulting Office              ,Spring Personnel                                  ,PINV      170923                                  ,             531.3000,                                                  
DCMS                                              ,NHM                                               ,2012-10-17 00:00:00.000,Agency Temporary Staff Costs                      ,PEG Interactive Media CLOSED                      ,Spring Personnel                                  ,PINV      170925                                  ,             873.1300,                                                  
DCMS                                              ,NHM                                               ,2012-10-17 00:00:00.000,Agency Temporary Staff Costs                      ,PEG Interactive Media CLOSED                      ,Spring Personnel                                  ,PINV      170926                                  ,              79.3800,                                                  
DCMS                                              ,NHM                                               ,2012-10-17 00:00:00.000,Agency Temporary Staff Costs                      ,PEG Interactive Media CLOSED                      ,Spring Personnel                                  ,PINV      170926                                  ,             317.5000,                                                  
DCMS                                              ,NHM                                               ,2012-10-17 00:00:00.000,Agency Temporary Staff Costs                      ,PEG Interactive Media CLOSED                      ,Spring Personnel                                  ,PINV      170926                                  ,             555.6200,                                                  
DCMS                                              ,NHM                                               ,2012-10-17 00:00:00.000,Agency Temporary Staff Costs                      ,PEG Interactive Media CLOSED                      ,Spring Personnel                                  ,PINV      170927                                  ,             158.7500,                                                  
DCMS                                              ,NHM                                               ,2012-10-17 00:00:00.000,Agency Temporary Staff Costs                      ,PEG Interactive Media CLOSED                      ,Spring Personnel                                  ,PINV      170927                                  ,             793.7500,                                                  
DCMS                                              ,NHM                                               ,2012-10-17 00:00:00.000,Agency Temporary Staff Costs                      ,PEG Interactive Media CLOSED                      ,Spring Personnel                                  ,PINV      170928                                  ,              47.6300,                                                  
DCMS                                              ,NHM                                               ,2012-10-17 00:00:00.000,Agency Temporary Staff Costs                      ,PEG Interactive Media CLOSED                      ,Spring Personnel                                  ,PINV      170928                                  ,             428.6200,                                                  
DCMS                                              ,NHM                                               ,2012-10-17 00:00:00.000,Agency Temporary Staff Costs                      ,PEG Interactive Media CLOSED                      ,Spring Personnel                                  ,PINV      170928                                  ,             476.2500,                                                  
DCMS                                              ,NHM                                               ,2012-10-17 00:00:00.000,Agency Temporary Staff Costs                      ,Tring Administration                              ,Spring Personnel                                  ,PINV      170929                                  ,             408.8600,                                                  
DCMS                                              ,NHM                                               ,2012-10-17 00:00:00.000,Agency Temporary Staff Costs                      ,Tring Administration                              ,Spring Personnel                                  ,PINV      170930                                  ,             359.1300,                                                  
DCMS                                              ,NHM                                               ,2012-10-17 00:00:00.000,Agency Temporary Staff Costs                      ,Tring Administration                              ,Spring Personnel                                  ,PINV      170931                                  ,             436.4800,                                                  
DCMS                                              ,NHM                                               ,2012-10-17 00:00:00.000,Agency Temporary Staff Costs                      ,Tring Visitor Services (FOH)                      ,Spring Personnel                                  ,PINV      170932                                  ,             580.1300,                                                  
DCMS                                              ,NHM                                               ,2012-10-17 00:00:00.000,Agency Temporary Staff Costs                      ,PEG VS Bookings & Helpdesk                        ,Spring Personnel                                  ,PINV      170933                                  ,            1102.3000,                                                  
DCMS                                              ,NHM                                               ,2012-10-17 00:00:00.000,Agency Temporary Staff Costs                      ,PEG VS Bookings & Helpdesk                        ,Spring Personnel                                  ,PINV      170934                                  ,            1017.2500,                                                  
DCMS                                              ,NHM                                               ,2012-10-17 00:00:00.000,Agency Temporary Staff Costs                      ,DCS ICT (Info Computer Techonology)               ,Spring Personnel                                  ,PINV      170964                                  ,             674.5000,                                                  
DCMS                                              ,NHM                                               ,2012-10-17 00:00:00.000,Agency Temporary Staff Costs                      ,DCS ICT (Info Computer Techonology)               ,Spring Personnel                                  ,PINV      170965                                  ,             781.8800,                                                  
DCMS                                              ,NHM                                               ,2012-10-17 00:00:00.000,Agency Temporary Staff Costs                      ,DCS ICT (Info Computer Techonology)               ,Spring Personnel                                  ,PINV      170966                                  ,             503.1000,                                                  
DCMS                                              ,NHM                                               ,2012-10-17 00:00:00.000,Agency Temporary Staff Costs                      ,DCS ICT (Info Computer Techonology)               ,Spring Personnel                                  ,PINV      170967                                  ,             570.0000,                                                  
DCMS                                              ,NHM                                               ,2012-10-17 00:00:00.000,Agency Temporary Staff Costs                      ,DCS ICT (Info Computer Techonology)               ,Spring Personnel                                  ,PINV      170968                                  ,             781.8800,                                                  
DCMS                                              ,NHM                                               ,2012-10-17 00:00:00.000,Agency Temporary Staff Costs                      ,DCS ICT (Info Computer Techonology)               ,Spring Personnel                                  ,PINV      170969                                  ,             503.1000,                                                  
DCMS                                              ,NHM                                               ,2012-10-17 00:00:00.000,Agency Temporary Staff Costs                      ,DCS Human Resources Operations                    ,Spring Personnel                                  ,PINV      170987                                  ,             940.1000,                                                  
DCMS                                              ,NHM                                               ,2012-10-17 00:00:00.000,Agency Temporary Staff Costs                      ,DCS Human Resources Operations                    ,Spring Personnel                                  ,PINV      170989                                  ,             923.5100,                                                  
DCMS                                              ,NHM                                               ,2012-10-17 00:00:00.000,Agency Temporary Staff Costs                      ,DCS Human Resources Operations                    ,Spring Personnel                                  ,PINV      170990                                  ,             779.7300,                                                  
DCMS                                              ,NHM                                               ,2012-10-30 00:00:00.000,P/L - Courier Costs                               ,Zoology Curation                                  ,DHL INTERNATIONAL (UK)                            ,PGPI          34                                  ,              36.1600,NULL                                              
DCMS                                              ,NHM                                               ,2012-10-30 00:00:00.000,P/L - Courier Costs                               ,Zoology Curation                                  ,DHL INTERNATIONAL (UK)                            ,PGPI          34                                  ,              38.7100,NULL                                              
DCMS                                              ,NHM                                               ,2012-10-30 00:00:00.000,P/L - Courier Costs                               ,Zoology Curation                                  ,DHL INTERNATIONAL (UK)                            ,PGPI          34                                  ,              39.2100,NULL                                              
DCMS                                              ,NHM                                               ,2012-10-30 00:00:00.000,P/L - Courier Costs                               ,Zoology Curation                                  ,DHL INTERNATIONAL (UK)                            ,PGPI          34                                  ,              39.2200,NULL                                              
DCMS                                              ,NHM                                               ,2012-10-30 00:00:00.000,P/L - Courier Costs                               ,Zoology Curation                                  ,DHL INTERNATIONAL (UK)                            ,PGPI          34                                  ,              41.0700,NULL                                              
DCMS                                              ,NHM                                               ,2012-10-30 00:00:00.000,P/L - Courier Costs                               ,Zoology Research CLSD                             ,DHL INTERNATIONAL (UK)                            ,PGPI          34                                  ,              41.0700,NULL                                              
DCMS                                              ,NHM                                               ,2012-10-30 00:00:00.000,P/L - Courier Costs                               ,Zoology Research CLSD                             ,DHL INTERNATIONAL (UK)                            ,PGPI          34                                  ,              51.0500,NULL                                              
DCMS                                              ,NHM                                               ,2012-10-30 00:00:00.000,P/L - Courier Costs                               ,Zoology Curation                                  ,DHL INTERNATIONAL (UK)                            ,PGPI          34                                  ,              59.9300,NULL                                              
DCMS                                              ,NHM                                               ,2012-10-30 00:00:00.000,P/L - Courier Costs                               ,Zoology Research CLSD                             ,DHL INTERNATIONAL (UK)                            ,PGPI          34                                  ,              61.8800,NULL                                              
DCMS                                              ,NHM                                               ,2012-10-30 00:00:00.000,P/L - Courier Costs                               ,Zoology Research CLSD                             ,DHL INTERNATIONAL (UK)                            ,PGPI          34                                  ,              69.8700,NULL                                              
DCMS                                              ,NHM                                               ,2012-10-30 00:00:00.000,P/L - Courier Costs                               ,Zoology Research CLSD                             ,DHL INTERNATIONAL (UK)                            ,PGPI          34                                  ,              78.4100,NULL                                              
DCMS                                              ,NHM                                               ,2012-10-30 00:00:00.000,P/L - Courier Costs                               ,Zoology Curation                                  ,DHL INTERNATIONAL (UK)                            ,PGPI          34                                  ,              83.8000,NULL                                              
DCMS                                              ,NHM                                               ,2012-10-30 00:00:00.000,P/L - Courier Costs                               ,Zoology Research CLSD                             ,DHL INTERNATIONAL (UK)                            ,PGPI          34                                  ,             122.8300,NULL                                              
DCMS                                              ,NHM                                               ,2012-10-30 00:00:00.000,P/L - Courier Costs                               ,Est Hskpg SK                                      ,ROYAL MAIL GROUP                                  ,PGPI          42                                  ,              13.5500,NULL                                              
DCMS                                              ,NHM                                               ,2012-10-30 00:00:00.000,P/L - Courier Costs                               ,Est Hskpg SK                                      ,ROYAL MAIL GROUP                                  ,PGPI          42                                  ,             387.6500,NULL                                              
DCMS                                              ,NHM                                               ,2012-10-30 00:00:00.000,P/L - Est Irrecoverable VAT R/Costs               ,Estates Management                                ,Barclay Card                                      ,PGPI          42                                  ,               1.3100,NULL                                              
DCMS                                              ,NHM                                               ,2012-10-30 00:00:00.000,P/L -Training Costs                               ,DCS HR Organisational Development                 ,ST GEORGE INTERNATIONA                            ,PGPI          45                                  ,             465.0000,NULL                                              
DCMS                                              ,NHM                                               ,2012-10-30 00:00:00.000,Resources                                         ,PEG Learning Programme Developers                 ,Amazon EU                                         ,PGPI          49                                  ,               5.3700,NULL                                              
DCMS                                              ,NHM                                               ,2012-10-30 00:00:00.000,Resources                                         ,PEG Learning Programme Developers                 ,Barclay Card                                      ,PGPI          49                                  ,               1.0700,NULL                                              
DCMS                                              ,NHM                                               ,2012-10-30 00:00:00.000,Resources                                         ,PEG Learning Programme Developers                 ,KENTS CAVERN                                      ,PGPI          49                                  ,               5.0000,NULL                                              
DCMS                                              ,NHM                                               ,2012-10-30 00:00:00.000,Vehicle Hire                                      ,Estates Stationery & Transport                    ,SHB 4X4                                           ,PGPI          42                                  ,             -60.0000,NULL                                              
DCMS                                              ,NHM                                               ,2012-11-05 00:00:00.000,B/S -Tang FA - Perm Exhib Construct               ,PEG Visitor Offer Strat Non Exh Proj              ,MARKET LOCK & SAFE                                ,PGPI          56                                  ,             145.5400,NULL                                              
DCMS                                              ,NHM                                               ,2012-11-05 00:00:00.000,Conference (delegate) Fees                        ,Science Directorate                               ,MED KITCHEN PROPER                                ,PGPI          23                                  ,             149.6800,NULL                                              
DCMS                                              ,NHM                                               ,2012-11-05 00:00:00.000,Conference (delegate) Fees                        ,Science Directorate                               ,NATURAL HISTORY MUSEUM                            ,PGPI          58                                  ,             193.5000,NULL                                              
DCMS                                              ,NHM                                               ,2012-11-05 00:00:00.000,Conference (delegate) Fees                        ,Science Directorate                               ,NATURAL HISTORY MUSEUM                            ,PGPI          58                                  ,             208.5000,NULL                                              
DCMS                                              ,NHM                                               ,2012-11-05 00:00:00.000,Equipment < £5k                                   ,VE Production Engineering                         ,Amazon  Mktplce EU-UK                             ,PGPI          51                                  ,               5.4500,NULL                                              
DCMS                                              ,NHM                                               ,2012-11-05 00:00:00.000,Equipment < £5k                                   ,VE Production Engineering                         ,Amazon  Mktplce EU-UK                             ,PGPI          51                                  ,               8.2200,NULL                                              
DCMS                                              ,NHM                                               ,2012-11-05 00:00:00.000,Equipment < £5k                                   ,VE Production Engineering                         ,Amazon  Mktplce EU-UK                             ,PGPI          51                                  ,              13.9800,NULL                                              
DCMS                                              ,NHM                                               ,2012-11-05 00:00:00.000,Equipment < £5k                                   ,VE Production Engineering                         ,Amazon  Mktplce EU-UK                             ,PGPI          51                                  ,              19.7000,NULL                                              
DCMS                                              ,NHM                                               ,2012-11-05 00:00:00.000,Equipment < £5k                                   ,VE Production Engineering                         ,Amazon  Mktplce EU-UK                             ,PGPI          51                                  ,              50.1400,NULL                                              
DCMS                                              ,NHM                                               ,2012-11-05 00:00:00.000,Equipment < £5k                                   ,VE Production Engineering                         ,Amazon EU                                         ,PGPI          51                                  ,               6.4200,NULL                                              
DCMS                                              ,NHM                                               ,2012-11-05 00:00:00.000,Equipment < £5k                                   ,VE Production Display & Conservation              ,Amazon EU                                         ,PGPI          69                                  ,               8.9900,NULL                                              
DCMS                                              ,NHM                                               ,2012-11-05 00:00:00.000,Equipment < £5k                                   ,VE Production Display & Conservation              ,BRITISH STANDARDS                                 ,PGPI          69                                  ,              60.0000,NULL                                              
DCMS                                              ,NHM                                               ,2012-11-05 00:00:00.000,Equipment < £5k                                   ,VE Production Display & Conservation              ,NATURAL HISTORY MSM SH                            ,PGPI          69                                  ,              19.7800,NULL                                              
DCMS                                              ,NHM                                               ,2012-11-05 00:00:00.000,Equipment < £5k                                   ,VE Production Display & Conservation              ,RAPID RACKING LTD                                 ,PGPI          69                                  ,            1780.0000,NULL                                              
DCMS                                              ,NHM                                               ,2012-11-05 00:00:00.000,Equipment < £5k                                   ,VE Production Display & Conservation              ,RS COMPONENTS                                     ,PGPI          69                                  ,               0.4100,NULL                                              
DCMS                                              ,NHM                                               ,2012-11-05 00:00:00.000,Est General Furniture Purchases                   ,Estates Furniture                                 ,WWW.LINK51.CO.UK                                  ,PGPI          56                                  ,             222.0000,NULL                                              
DCMS                                              ,NHM                                               ,2012-11-05 00:00:00.000,Est RoutineMaint - Day to day Maint               ,Estates Buildings                                 ,HILLS PANEL PRODUCTS LTD                          ,PGPI          56                                  ,              22.4500,NULL                                              
DCMS                                              ,NHM                                               ,2012-11-05 00:00:00.000,Est RoutineMaint - Day to day Maint               ,Estates Buildings                                 ,MARKET LOCK & SAFE                                ,PGPI          56                                  ,              33.2000,NULL                                              
DCMS                                              ,NHM                                               ,2012-11-05 00:00:00.000,Est RoutineMaint - Day to day Maint               ,Estates Buildings                                 ,MARKET LOCK & SAFE                                ,PGPI          56                                  ,              38.6600,NULL                                              
DCMS                                              ,NHM                                               ,2012-11-05 00:00:00.000,Est RoutineMaint - Day to day Maint               ,Estates Buildings                                 ,MARKET LOCK & SAFE                                ,PGPI          56                                  ,              60.8600,NULL                                              
DCMS                                              ,NHM                                               ,2012-11-05 00:00:00.000,Est RoutineMaint - Day to day Maint               ,Estates Buildings                                 ,RICHMONDS OF LONDO                                ,PGPI          56                                  ,             211.7000,NULL                                              
DCMS                                              ,NHM                                               ,2012-11-05 00:00:00.000,Est RoutineMaint - Day to day Maint               ,Estates Buildings                                 ,SCREWFIX DIRECT                                   ,PGPI          56                                  ,              29.1700,NULL                                              
DCMS                                              ,NHM                                               ,2012-11-05 00:00:00.000,Est RoutineMaint - Day to day Maint               ,Estates Buildings                                 ,SCREWFIX DIRECT                                   ,PGPI          56                                  ,              35.8200,NULL                                              
DCMS                                              ,NHM                                               ,2012-11-05 00:00:00.000,Est RoutineMaint - Day to day Maint               ,Estates Buildings                                 ,SCREWFIX DIRECT                                   ,PGPI          56                                  ,              39.4700,NULL                                              
DCMS                                              ,NHM                                               ,2012-11-05 00:00:00.000,Est RoutineMaint - Day to day Maint               ,Estates Buildings                                 ,SCREWFIX DIRECT                                   ,PGPI          56                                  ,              45.1900,NULL                                              
DCMS                                              ,NHM                                               ,2012-11-05 00:00:00.000,Est RoutineMaint - Day to day Maint               ,Estates Buildings                                 ,SETON                                             ,PGPI          56                                  ,             213.2900,NULL                                              
DCMS                                              ,NHM                                               ,2012-11-05 00:00:00.000,EXF - Travel                                      ,Palaeontology Research                            ,EXPEDIA CO UK                                     ,PGPI          66                                  ,               5.0000,NULL                                              
DCMS                                              ,NHM                                               ,2012-11-05 00:00:00.000,EXF - Travel                                      ,Palaeontology Research                            ,GO AIRPORT SHUTTLE                                ,PGPI          66                                  ,              23.6500,NULL                                              
DCMS                                              ,NHM                                               ,2012-11-05 00:00:00.000,EXF - Travel                                      ,Palaeontology Research                            ,HEATHROW RAIL LINK                                ,PGPI          66                                  ,              19.0000,NULL                                              
DCMS                                              ,NHM                                               ,2012-11-05 00:00:00.000,EXF - Travel                                      ,Palaeontology Research                            ,J W CHENS                                         ,PGPI          66                                  ,              12.7700,NULL                                              
DCMS                                              ,NHM                                               ,2012-11-05 00:00:00.000,EXF - Travel                                      ,Palaeontology Research                            ,TESCO STORES 2745                                 ,PGPI          66                                  ,               7.9500,NULL                                              
DCMS                                              ,NHM                                               ,2012-11-05 00:00:00.000,EXF - Travel                                      ,Palaeontology Research                            ,THE KENSINGTON CREPERIE                           ,PGPI          66                                  ,              28.1500,NULL                                              
DCMS                                              ,NHM                                               ,2012-11-05 00:00:00.000,EXF - Travel                                      ,Palaeontology Research                            ,USAIR       0372560244084                         ,PGPI          66                                  ,             530.9600,NULL                                              
DCMS                                              ,NHM                                               ,2012-11-05 00:00:00.000,Hospitality                                       ,Science Directorate                               ,NATURAL HISTORY MUSEUM                            ,PGPI          58                                  ,              92.5000,NULL                                              
DCMS                                              ,NHM                                               ,2012-11-05 00:00:00.000,Hospitality                                       ,VE Production Display & Conservation              ,NATURAL HISTORY MUSEUM                            ,PGPI          69                                  ,            1536.5000,NULL                                              
DCMS                                              ,NHM                                               ,2012-11-05 00:00:00.000,Hospitality                                       ,Science Directorate                               ,QUEENS ARMS                                       ,PGPI          23                                  ,              19.5000,NULL                                              
DCMS                                              ,NHM                                               ,2012-11-05 00:00:00.000,Irrecoverable VAT                                 ,DCS Finance                                       ,Barclay Card                                      ,PGPI          23                                  ,               0.9500,NULL                                              
DCMS                                              ,NHM                                               ,2012-11-05 00:00:00.000,Irrecoverable VAT                                 ,Entomology Admin                                  ,Barclay Card                                      ,PGPI          47                                  ,              11.5800,NULL                                              
DCMS                                              ,NHM                                               ,2012-11-05 00:00:00.000,Irrecoverable VAT                                 ,DCS Finance                                       ,Barclay Card                                      ,PGPI          58                                  ,               4.6300,NULL                                              
DCMS                                              ,NHM                                               ,2012-11-05 00:00:00.000,Licences (TV / Other / non IT)                    ,Science Directorate                               ,THE HOME OFFICE                                   ,PGPI          58                                  ,            1156.0000,NULL                                              
DCMS                                              ,NHM                                               ,2012-11-05 00:00:00.000,Materials & Props                                 ,VE Production Display & Conservation              ,Amazon EU                                         ,PGPI          69                                  ,              26.4700,NULL                                              
DCMS                                              ,NHM                                               ,2012-11-05 00:00:00.000,Materials (Production)                            ,VE Production Engineering                         ,WWW.MCLENNAN.CO.UK                                ,PGPI          51                                  ,             222.4800,NULL                                              
DCMS                                              ,NHM                                               ,2012-11-05 00:00:00.000,MF - General Running Costs                        ,VE VLE Learning Experience                        ,MARKS & SPENCER                                   ,PGPI          47                                  ,              35.0000,NULL                                              
DCMS                                              ,NHM                                               ,2012-11-05 00:00:00.000,MF - General Running Costs                        ,Science Directorate                               ,NATURAL HISTORY MUSEUM                            ,PGPI          58                                  ,              46.5000,NULL                                              
DCMS                                              ,NHM                                               ,2012-11-05 00:00:00.000,MF - General Running Costs                        ,Science Directorate                               ,THE ZOOLOGICAL SOCIETY                            ,PGPI          23                                  ,              14.5000,NULL                                              
DCMS                                              ,NHM                                               ,2012-11-05 00:00:00.000,MF - Travel Costs                                 ,Science Directorate                               ,>BNP           1414144                            ,PGPI          66                                  ,              41.0600,NULL                                              
DCMS                                              ,NHM                                               ,2012-11-05 00:00:00.000,MF - Travel Costs                                 ,Science Directorate                               ,AUTOLUX                                           ,PGPI          23                                  ,              34.2100,NULL                                              
DCMS                                              ,NHM                                               ,2012-11-05 00:00:00.000,MF - Travel Costs                                 ,Science Directorate                               ,B.I. AMERICA                                      ,PGPI          66                                  ,               9.4000,NULL                                              
DCMS                                              ,NHM                                               ,2012-11-05 00:00:00.000,MF - Travel Costs                                 ,Science Directorate                               ,B.I. AMERICA                                      ,PGPI          66                                  ,              11.4900,NULL                                              
DCMS                                              ,NHM                                               ,2012-11-05 00:00:00.000,MF - Travel Costs                                 ,Science Directorate                               ,CASH FEE 2.95 2.95MIN                             ,PGPI          66                                  ,               2.9500,NULL                                              
DCMS                                              ,NHM                                               ,2012-11-05 00:00:00.000,MF - Travel Costs                                 ,Science Directorate                               ,EUROSTAR INTERNET                                 ,PGPI          66                                  ,             204.0000,NULL                                              
DCMS                                              ,NHM                                               ,2012-11-05 00:00:00.000,MF - Travel Costs                                 ,Science Directorate                               ,EXPEDIA CO UK                                     ,PGPI          23                                  ,               3.0000,NULL                                              
DCMS                                              ,NHM                                               ,2012-11-05 00:00:00.000,MF - Travel Costs                                 ,Entomology Research                               ,MALAY AIR   4439517863027                         ,PGPI          47                                  ,             391.0000,NULL                                              
DCMS                                              ,NHM                                               ,2012-11-05 00:00:00.000,MF - Travel Costs                                 ,Entomology Research                               ,MINI CAB                                          ,PGPI          47                                  ,              70.7000,NULL                                              
DCMS                                              ,NHM                                               ,2012-11-05 00:00:00.000,MF - Travel Costs                                 ,Science Directorate                               ,OMAR KHAYYAM                                      ,PGPI          23                                  ,              25.1000,NULL                                              
DCMS                                              ,NHM                                               ,2012-11-05 00:00:00.000,MF - Travel Costs                                 ,PEG Interpretation CLOSED                         ,SELFSERVE TICKET                                  ,PGPI          64                                  ,              23.8000,NULL                                              
DCMS                                              ,NHM                                               ,2012-11-05 00:00:00.000,MF - Travel Costs                                 ,Science Directorate                               ,SN BRUSSELS 0822286577574                         ,PGPI          23                                  ,             211.9500,NULL                                              
DCMS                                              ,NHM                                               ,2012-11-05 00:00:00.000,MF - Travel Costs                                 ,Science Directorate                               ,SOFITEL BRUSSELS EURO                             ,PGPI          23                                  ,               4.9500,NULL                                              
DCMS                                              ,NHM                                               ,2012-11-05 00:00:00.000,MF - Travel Costs                                 ,Science Directorate                               ,SOFITEL BRUSSELS EURO                             ,PGPI          23                                  ,              83.1700,NULL                                              
DCMS                                              ,NHM                                               ,2012-11-05 00:00:00.000,MF - Travel Costs                                 ,Science Directorate                               ,TAXA 4X35                                         ,PGPI          23                                  ,              12.0500,NULL                                              
DCMS                                              ,NHM                                               ,2012-11-05 00:00:00.000,MF - Travel Costs                                 ,Science Directorate                               ,TAXA 4X35                                         ,PGPI          23                                  ,              31.9300,NULL                                              
DCMS                                              ,NHM                                               ,2012-11-05 00:00:00.000,MF - Travel Costs                                 ,Science Directorate                               ,TAXA 4X35                                         ,PGPI          23                                  ,              38.2200,NULL                                              
DCMS                                              ,NHM                                               ,2012-11-05 00:00:00.000,MF - Travel Costs                                 ,Science Directorate                               ,THE GLOBE IRIS PUB                                ,PGPI          23                                  ,              16.2500,NULL                                              
DCMS                                              ,NHM                                               ,2012-11-05 00:00:00.000,MF - Travel Costs                                 ,VE Production Display & Conservation              ,TICKETOFFICESALE                                  ,PGPI          69                                  ,              18.0000,NULL                                              
DCMS                                              ,NHM                                               ,2012-11-05 00:00:00.000,MF - Travel Costs                                 ,PEG Interpretation CLOSED                         ,Titanic Comfort Hotel                             ,PGPI          64                                  ,             400.3700,NULL                                              
DCMS                                              ,NHM                                               ,2012-11-05 00:00:00.000,MF - Travel Costs                                 ,Science Directorate                               ,TSAMPA REST. TI                                   ,PGPI          66                                  ,              20.3500,NULL                                              
DCMS                                              ,NHM                                               ,2012-11-05 00:00:00.000,Museum Membership Contributions                   ,Science Directorate                               ,AMERICAN SOCIETY                                  ,PGPI          58                                  ,             274.5700,NULL                                              
DCMS                                              ,NHM                                               ,2012-11-05 00:00:00.000,P/L - Est Irrecoverable VAT R/Costs               ,Estates Management                                ,Barclay Card                                      ,PGPI          56                                  ,              10.7000,NULL                                              
DCMS                                              ,NHM                                               ,2012-11-05 00:00:00.000,Redecoration                                      ,Estates Buildings                                 ,SCREWFIX DIRECT                                   ,PGPI          56                                  ,              42.3800,NULL                                              
DCMS                                              ,NHM                                               ,2012-11-05 00:00:00.000,Redecoration                                      ,Estates Buildings                                 ,SCREWFIX DIRECT                                   ,PGPI          56                                  ,              66.3200,NULL                                              
DCMS                                              ,NHM                                               ,2012-11-05 00:00:00.000,Security ID System                                ,Est Security SK                                   ,CUSTOM-ID-CARD.CO                                 ,PGPI          56                                  ,             440.0000,NULL                                              
DCMS                                              ,NHM                                               ,2012-11-05 00:00:00.000,Subscriptions                                     ,Science Directorate                               ,AMERICAN SOCIETY                                  ,PGPI          58                                  ,              61.2300,NULL                                              
DCMS                                              ,NHM                                               ,2012-11-05 00:00:00.000,Subscriptions                                     ,Science Directorate                               ,AMERICAN SOCIETY                                  ,PGPI          58                                  ,              87.0200,NULL                                              
DCMS                                              ,NHM                                               ,2012-11-05 00:00:00.000,Tools Purchased                                   ,VE Production Engineering                         ,BUCKANDHICKMAN.COM                                ,PGPI          51                                  ,             108.5000,NULL                                              
DCMS                                              ,NHM                                               ,2012-10-29 00:00:00.000,B/S - Tangible F/A - L&B - Irrec VAT              ,B/S - Tangible F/A - L&B - Irrec VAT              ,Emcor Facility Services Ltd                       ,CADPINVSM0000008887                               ,             189.0900,                                                  
DCMS                                              ,NHM                                               ,2012-11-01 00:00:00.000,B/S - Tangible F/A - L&B - Irrec VAT              ,B/S - Tangible F/A - L&B - Irrec VAT              ,Emcor Facility Services Ltd                       ,CADPINVSM0000008917                               ,             394.5900,                                                  
DCMS                                              ,NHM                                               ,2012-10-10 00:00:00.000,B/S - Current Assets -  InterCompany              ,NHM Trading Company                               ,Office Depot (Guilbert UK Ltd)                    ,PINV      170872                                  ,              23.8300,                                                  
DCMS                                              ,NHM                                               ,2012-10-10 00:00:00.000,B/S - Current Assets -  InterCompany              ,NHM Trading Company                               ,Office Depot (Guilbert UK Ltd)                    ,PINV      170872                                  ,              32.8200,                                                  
DCMS                                              ,NHM                                               ,2012-10-10 00:00:00.000,B/S - Current Assets -  InterCompany              ,NHM Trading Company                               ,Office Depot (Guilbert UK Ltd)                    ,PINV      170872                                  ,             261.5200,                                                  
DCMS                                              ,NHM                                               ,2012-10-10 00:00:00.000,B/S - Tangible F/A - L&B - Irrec VAT              ,B/S - Tangible F/A - L&B - Irrec VAT              ,ISG Interior Services Group Plc                   ,PINV      170865                                  ,             368.1800,                                                  
DCMS                                              ,NHM                                               ,2012-10-10 00:00:00.000,B/S - Tangible F/A - L&B - Irrec VAT              ,B/S - Tangible F/A - L&B - Irrec VAT              ,ISG Interior Services Group Plc                   ,PINV      170867                                  ,             280.4300,                                                  
DCMS                                              ,NHM                                               ,2012-10-17 00:00:00.000,B/S - Current Assets -  InterCompany              ,NHM Trading Company                               ,Spring Personnel                                  ,PINV      170929                                  ,              44.2000,                                                  
DCMS                                              ,NHM                                               ,2012-10-17 00:00:00.000,B/S - Current Assets -  InterCompany              ,NHM Trading Company                               ,Spring Personnel                                  ,PINV      170930                                  ,              77.3500,                                                  
DCMS                                              ,NHM                                               ,2012-10-17 00:00:00.000,B/S - Current Assets -  InterCompany              ,NHM Trading Company                               ,Spring Personnel                                  ,PINV      170931                                  ,             127.0800,                                                  
DCMS                                              ,NHM                                               ,2012-10-17 00:00:00.000,B/S - Current Assets -  InterCompany              ,NHM Trading Company                               ,Spring Personnel                                  ,PINV      170932                                  ,             127.0800,                                                  
DCMS                                              ,NHM                                               ,2012-10-24 00:00:00.000,B/S - Current Assets -  InterCompany              ,NHM Trading Company                               ,SA Associates                                     ,PINV      171095                                  ,            4198.1200,                                                  
DCMS                                              ,NHM                                               ,2012-10-24 00:00:00.000,B/S - Current Assets -  InterCompany              ,NHM Trading Company                               ,Spring Personnel                                  ,PINV      171132                                  ,              17.2800,                                                  
DCMS                                              ,NHM                                               ,2012-10-24 00:00:00.000,B/S - Current Assets -  InterCompany              ,NHM Trading Company                               ,Spring Personnel                                  ,PINV      171132                                  ,              44.2000,                                                  
DCMS                                              ,NHM                                               ,2012-10-31 00:00:00.000,B/S - Current Assets -  InterCompany              ,NHM Trading Company                               ,CF Asset Finance                                  ,PINV      171331                                  ,             317.9500,                                                  
DCMS                                              ,NHM                                               ,2012-10-31 00:00:00.000,B/S - Tangible F/A - L&B - Irrec VAT              ,B/S - Tangible F/A - L&B - Irrec VAT              ,NDB Construction Ltd                              ,PINV      171327                                  ,              24.0500,                                                  
DCMS                                              ,NHM                                               ,2012-11-02 00:00:00.000,B/S - C/A - Child Care Vouchers                   ,B/S - C/A - Child Care Vouchers                   ,Childcare Vouchers Lrtd                           ,PINV      171409                                  ,            4415.0000,                                                  
DCMS                                              ,NHM                                               ,2012-11-02 00:00:00.000,B/S - Current Assets - Miscellaneous              ,B/S - Current Assets - Miscellaneous              ,Arval PHH                                         ,PINV      171413                                  ,             805.1600,                                                  
DCMS                                              ,NHM                                               ,2012-10-11 00:00:00.000,B/S - Current Assets -  InterCompany              ,NHM Trading Company                               ,CITYSPRINT                                        ,PGPC        5792                                  ,               6.1600,                                                  
DCMS                                              ,NHM                                               ,2012-10-11 00:00:00.000,B/S - Current Assets -  InterCompany              ,NHM Trading Company                               ,EVENTS                                            ,PGPC        5795                                  ,            1090.0700,                                                  
DCMS                                              ,NHM                                               ,2012-10-11 00:00:00.000,B/S - Current Assets - Miscellaneous              ,B/S - Current Assets - Miscellaneous              ,CITYSPRINT                                        ,PGPC        5792                                  ,              11.3400,                                                  
DCMS                                              ,NHM                                               ,2012-10-11 00:00:00.000,B/S - Current Assets - Miscellaneous              ,B/S - Current Assets - Miscellaneous              ,CITYSPRINT                                        ,PGPC        5792                                  ,              35.9900,                                                  
DCMS                                              ,NHM                                               ,2012-10-11 00:00:00.000,B/S - Current Assets - Miscellaneous              ,B/S - Current Assets - Miscellaneous              ,REALLY USEFUL PROD                                ,PGPC        5776                                  ,             129.5900,                                                  
DCMS                                              ,NHM                                               ,2012-10-11 00:00:00.000,B/S - Current Assets - Miscellaneous              ,B/S - Current Assets - Miscellaneous              ,WP-MEDFOR PRODUCTS                                ,PGPC        5776                                  ,             116.5900,                                                  
DCMS                                              ,NHM                                               ,2012-10-18 00:00:00.000,B/S - Current Assets -  InterCompany              ,NHM Trading Company                               ,PAYPAL REVIEWDISPLAY                              ,PGPC        5775                                  ,              42.0000,                                                  
DCMS                                              ,NHM                                               ,2012-10-29 00:00:00.000,B/S - Current Assets -  InterCompany              ,NHM Trading Company                               ,DHL EXPRESS                                       ,PGPC        5760                                  ,              76.6100,                                                  
DCMS                                              ,NHM                                               ,2012-10-29 00:00:00.000,B/S - Current Assets -  InterCompany              ,NHM Trading Company                               ,MATSUSHITA ELECTRIC                               ,PGPC        5783                                  ,             447.0300,                                                  
DCMS                                              ,NHM                                               ,2012-10-29 00:00:00.000,B/S - Current Assets -  InterCompany              ,NHM Trading Company                               ,TOURING EXHIBITIONS                               ,PGPC        5761                                  ,            4959.2400,                                                  
DCMS                                              ,NHM                                               ,2012-10-30 00:00:00.000,B/S - Current Assets -  InterCompany              ,NHM Trading Company                               ,PDC                                               ,PGPC        5810                                  ,             810.1100,                                                  
DCMS                                              ,NHM                                               ,2012-10-30 00:00:00.000,B/S - Current Assets -  InterCompany              ,NHM Trading Company                               ,WWW.GEOLSOC.ORG.UK                                ,PGPC        5801                                  ,              29.5000,                                                  
DCMS                                              ,NHM                                               ,2012-10-25 00:00:00.000,B/S - Current Liab - GPC I/face                   ,B/S - Current Liab - GPC I/face                   ,Summary                                           ,PGPI           9                                  ,            -630.0500,NULL                                              
DCMS                                              ,NHM                                               ,2012-10-25 00:00:00.000,B/S - Current Liab - GPC I/face                   ,B/S - Current Liab - GPC I/face                   ,Summary                                           ,PGPI          15                                  ,           -2393.1400,NULL                                              
DCMS                                              ,NHM                                               ,2012-10-25 00:00:00.000,B/S - Current Liab - GPC I/face                   ,B/S - Current Liab - GPC I/face                   ,Summary                                           ,PGPI          18                                  ,            -861.5400,NULL                                              
DCMS                                              ,NHM                                               ,2012-10-25 00:00:00.000,B/S - Current Liab - GPC I/face                   ,B/S - Current Liab - GPC I/face                   ,Summary                                           ,PGPI          27                                  ,           -1704.9000,NULL                                              
DCMS                                              ,NHM                                               ,2012-10-25 00:00:00.000,B/S - Current Liab - GPC I/face                   ,B/S - Current Liab - GPC I/face                   ,Summary                                           ,PGPI          30                                  ,           -1387.2000,NULL                                              
DCMS                                              ,NHM                                               ,2012-10-25 00:00:00.000,B/S - Current Liab - GPC I/face                   ,B/S - Current Liab - GPC I/face                   ,Summary                                           ,PGPI          31                                  ,           -1429.9800,NULL                                              
DCMS                                              ,NHM                                               ,2012-10-26 00:00:00.000,B/S - Current Liab - GPC I/face                   ,B/S - Current Liab - GPC I/face                   ,Summary                                           ,PGPI          25                                  ,           -1099.4300,NULL                                              
DCMS                                              ,NHM                                               ,2012-10-30 00:00:00.000,B/S - Current Liab - GPC I/face                   ,B/S - Current Liab - GPC I/face                   ,Summary                                           ,PGPI          34                                  ,           -2695.4500,NULL                                              
DCMS                                              ,NHM                                               ,2012-10-30 00:00:00.000,B/S - Current Liab - GPC I/face                   ,B/S - Current Liab - GPC I/face                   ,Summary                                           ,PGPI          42                                  ,            -896.2300,NULL                                              
DCMS                                              ,NHM                                               ,2012-10-30 00:00:00.000,B/S - Current Liab - GPC I/face                   ,B/S - Current Liab - GPC I/face                   ,Summary                                           ,PGPI          45                                  ,           -4004.5500,NULL                                              
DCMS                                              ,NHM                                               ,2012-10-30 00:00:00.000,B/S - Current Liab - GPC I/face                   ,B/S - Current Liab - GPC I/face                   ,Summary                                           ,PGPI          49                                  ,            -990.8700,NULL                                              
DCMS                                              ,NHM                                               ,2012-10-30 00:00:00.000,B/S - Current Liab - GPC I/face                   ,B/S - Current Liab - GPC I/face                   ,Summary                                           ,PGPI          50                                  ,            -883.0100,NULL                                              
DCMS                                              ,NHM                                               ,2012-11-02 00:00:00.000,B/S - Current Assets -  InterCompany              ,NHM Trading Company                               ,3DDISPLAYSL                                       ,PGPI          19                                  ,             537.9800,NULL                                              
DCMS                                              ,NHM                                               ,2012-11-02 00:00:00.000,B/S - Current Assets -  InterCompany              ,NHM Trading Company                               ,Amazon  Mktplce EU-UK                             ,PGPI          19                                  ,               2.3400,NULL                                              
DCMS                                              ,NHM                                               ,2012-11-02 00:00:00.000,B/S - Current Assets -  InterCompany              ,NHM Trading Company                               ,MELVILLE EXHIBITION                               ,PGPI          19                                  ,              18.4500,NULL                                              
DCMS                                              ,NHM                                               ,2012-11-02 00:00:00.000,B/S - Current Assets -  InterCompany              ,NHM Trading Company                               ,UPS SCS (UK) LTD                                  ,PGPI          19                                  ,             394.5600,NULL                                              
DCMS                                              ,NHM                                               ,2012-11-02 00:00:00.000,B/S - Current Assets -  InterCompany              ,NHM Trading Company                               ,WWW.PENNANT.CO.UK                                 ,PGPI          19                                  ,              69.9100,NULL                                              
DCMS                                              ,NHM                                               ,2012-11-02 00:00:00.000,B/S - Current Liab - GPC I/face                   ,B/S - Current Liab - GPC I/face                   ,Summary                                           ,PGPI          19                                  ,           -1130.8400,NULL                                              
DCMS                                              ,NHM                                               ,2012-11-05 00:00:00.000,B/S - Current Assets -  InterCompany              ,NHM Trading Company                               ,AKBAR BALTI RESTAURANT                            ,PGPI           7                                  ,              38.5500,NULL                                              
DCMS                                              ,NHM                                               ,2012-11-05 00:00:00.000,B/S - Current Assets -  InterCompany              ,NHM Trading Company                               ,AKI-BRICODIS S.A.                                 ,PGPI          38                                  ,              47.4600,NULL                                              
DCMS                                              ,NHM                                               ,2012-11-05 00:00:00.000,B/S - Current Assets -  InterCompany              ,NHM Trading Company                               ,Amazon  Mktplce EU-UK                             ,PGPI          38                                  ,              33.3500,NULL                                              
DCMS                                              ,NHM                                               ,2012-11-05 00:00:00.000,B/S - Current Assets -  InterCompany              ,NHM Trading Company                               ,AMO-TE CIENCIA                                    ,PGPI          38                                  ,              27.0800,NULL                                              
DCMS                                              ,NHM                                               ,2012-11-05 00:00:00.000,B/S - Current Assets -  InterCompany              ,NHM Trading Company                               ,APCOA-HAL- SS T1                                  ,PGPI          61                                  ,               5.7500,NULL                                              
DCMS                                              ,NHM                                               ,2012-11-05 00:00:00.000,B/S - Current Assets -  InterCompany              ,NHM Trading Company                               ,APCOA-HAL-SS T3                                   ,PGPI          38                                  ,               3.9200,NULL                                              
DCMS                                              ,NHM                                               ,2012-11-05 00:00:00.000,B/S - Current Assets -  InterCompany              ,NHM Trading Company                               ,AUTOGRILL CATERING UK BEL                         ,PGPI          61                                  ,               4.0800,NULL                                              
DCMS                                              ,NHM                                               ,2012-11-05 00:00:00.000,B/S - Current Assets -  InterCompany              ,NHM Trading Company                               ,AUTOGRILL CATERING UK BEL                         ,PGPI          61                                  ,              16.6200,NULL                                              
DCMS                                              ,NHM                                               ,2012-11-05 00:00:00.000,B/S - Current Assets -  InterCompany              ,NHM Trading Company                               ,AVENANCE PLC                                      ,PGPI           7                                  ,               8.7400,NULL                                              
DCMS                                              ,NHM                                               ,2012-11-05 00:00:00.000,B/S - Current Assets -  InterCompany              ,NHM Trading Company                               ,B & Q                                             ,PGPI          61                                  ,              46.7400,NULL                                              
DCMS                                              ,NHM                                               ,2012-11-05 00:00:00.000,B/S - Current Assets -  InterCompany              ,NHM Trading Company                               ,B AND K CATERERS                                  ,PGPI          61                                  ,              38.0400,NULL                                              
DCMS                                              ,NHM                                               ,2012-11-05 00:00:00.000,B/S - Current Assets -  InterCompany              ,NHM Trading Company                               ,B AND K CATERERS                                  ,PGPI          61                                  ,              76.2000,NULL                                              
DCMS                                              ,NHM                                               ,2012-11-05 00:00:00.000,B/S - Current Assets -  InterCompany              ,NHM Trading Company                               ,BRITISH A   1252493945699                         ,PGPI          14                                  ,             132.5500,NULL                                              
DCMS                                              ,NHM                                               ,2012-11-05 00:00:00.000,B/S - Current Assets -  InterCompany              ,NHM Trading Company                               ,BRITISH A   1252494256783                         ,PGPI          14                                  ,             162.1600,NULL                                              
DCMS                                              ,NHM                                               ,2012-11-05 00:00:00.000,B/S - Current Assets -  InterCompany              ,NHM Trading Company                               ,BRITISH AIRW1252286591718                         ,PGPI          38                                  ,             402.2000,NULL                                              
DCMS                                              ,NHM                                               ,2012-11-05 00:00:00.000,B/S - Current Assets -  InterCompany              ,NHM Trading Company                               ,BRITISH AIRW1252286591719                         ,PGPI          38                                  ,             402.2000,NULL                                              
DCMS                                              ,NHM                                               ,2012-11-05 00:00:00.000,B/S - Current Assets -  InterCompany              ,NHM Trading Company                               ,Cafe Rotunden                                     ,PGPI           4                                  ,              47.3900,NULL                                              
DCMS                                              ,NHM                                               ,2012-11-05 00:00:00.000,B/S - Current Assets -  InterCompany              ,NHM Trading Company                               ,CAFE ROUGE GATWICK                                ,PGPI           4                                  ,              24.7000,NULL                                              
DCMS                                              ,NHM                                               ,2012-11-05 00:00:00.000,B/S - Current Assets -  InterCompany              ,NHM Trading Company                               ,CASA DO LEAO                                      ,PGPI          38                                  ,             135.5900,NULL                                              
DCMS                                              ,NHM                                               ,2012-11-05 00:00:00.000,B/S - Current Assets -  InterCompany              ,NHM Trading Company                               ,CENTRA MALONE                                     ,PGPI          61                                  ,              15.0700,NULL                                              
DCMS                                              ,NHM                                               ,2012-11-05 00:00:00.000,B/S - Current Assets -  InterCompany              ,NHM Trading Company                               ,CHUBB FIRE LTD                                    ,PGPI          21                                  ,             493.4500,NULL                                              
DCMS                                              ,NHM                                               ,2012-11-05 00:00:00.000,B/S - Current Assets -  InterCompany              ,NHM Trading Company                               ,CONOR CAFE                                        ,PGPI          61                                  ,               4.3200,NULL                                              
DCMS                                              ,NHM                                               ,2012-11-05 00:00:00.000,B/S - Current Assets -  InterCompany              ,NHM Trading Company                               ,CONOR CAFE                                        ,PGPI          61                                  ,               7.3000,NULL                                              
DCMS                                              ,NHM                                               ,2012-11-05 00:00:00.000,B/S - Current Assets -  InterCompany              ,NHM Trading Company                               ,CONOR CAFE                                        ,PGPI          61                                  ,               9.2100,NULL                                              
DCMS                                              ,NHM                                               ,2012-11-05 00:00:00.000,B/S - Current Assets -  InterCompany              ,NHM Trading Company                               ,CONOR CAFE                                        ,PGPI          61                                  ,              11.0000,NULL                                              
DCMS                                              ,NHM                                               ,2012-11-05 00:00:00.000,B/S - Current Assets -  InterCompany              ,NHM Trading Company                               ,CONOR CAFE                                        ,PGPI          61                                  ,              17.7100,NULL                                              
DCMS                                              ,NHM                                               ,2012-11-05 00:00:00.000,B/S - Current Assets -  InterCompany              ,NHM Trading Company                               ,COSTA COFFEE                                      ,PGPI          61                                  ,               6.2500,NULL                                              
DCMS                                              ,NHM                                               ,2012-11-05 00:00:00.000,B/S - Current Assets -  InterCompany              ,NHM Trading Company                               ,DEDEMAN GUMBET TURZ.VE IN                         ,PGPI          61                                  ,              19.6000,NULL                                              
DCMS                                              ,NHM                                               ,2012-11-05 00:00:00.000,B/S - Current Assets -  InterCompany              ,NHM Trading Company                               ,DOUBLETREE BY HILT                                ,PGPI           7                                  ,              77.0800,NULL                                              
DCMS                                              ,NHM                                               ,2012-11-05 00:00:00.000,B/S - Current Assets -  InterCompany              ,NHM Trading Company                               ,DSB HELLERUP AUT                                  ,PGPI           4                                  ,               7.9400,NULL                                              
DCMS                                              ,NHM                                               ,2012-11-05 00:00:00.000,B/S - Current Assets -  InterCompany              ,NHM Trading Company                               ,DSB KASTRUP AUT                                   ,PGPI           4                                  ,              16.5800,NULL                                              
DCMS                                              ,NHM                                               ,2012-11-05 00:00:00.000,B/S - Current Assets -  InterCompany              ,NHM Trading Company                               ,EASYJET     000199901255                          ,PGPI          38                                  ,             363.8500,NULL                                              
DCMS                                              ,NHM                                               ,2012-11-05 00:00:00.000,B/S - Current Assets -  InterCompany              ,NHM Trading Company                               ,EASYJET     000200342149                          ,PGPI           4                                  ,              50.0000,NULL                                              
DCMS                                              ,NHM                                               ,2012-11-05 00:00:00.000,B/S - Current Assets -  InterCompany              ,NHM Trading Company                               ,EASYJET     000200725484                          ,PGPI          14                                  ,             228.9100,NULL                                              
DCMS                                              ,NHM                                               ,2012-11-05 00:00:00.000,B/S - Current Assets -  InterCompany              ,NHM Trading Company                               ,EASYJET     EKGJZC2                               ,PGPI           4                                  ,              48.5200,NULL                                              
DCMS                                              ,NHM                                               ,2012-11-05 00:00:00.000,B/S - Current Assets -  InterCompany              ,NHM Trading Company                               ,EC MAINLINE CO INT                                ,PGPI           7                                  ,              74.7000,NULL                                              
DCMS                                              ,NHM                                               ,2012-11-05 00:00:00.000,B/S - Current Assets -  InterCompany              ,NHM Trading Company                               ,EC MAINLINE CO INT                                ,PGPI           7                                  ,              79.1500,NULL                                              
DCMS                                              ,NHM                                               ,2012-11-05 00:00:00.000,B/S - Current Assets -  InterCompany              ,NHM Trading Company                               ,EC MAINLINE CO SST                                ,PGPI           7                                  ,              11.7000,NULL                                              
DCMS                                              ,NHM                                               ,2012-11-05 00:00:00.000,B/S - Current Assets -  InterCompany              ,NHM Trading Company                               ,EXPEDIA CO UK                                     ,PGPI          38                                  ,              10.0000,NULL                                              
DCMS                                              ,NHM                                               ,2012-11-05 00:00:00.000,B/S - Current Assets -  InterCompany              ,NHM Trading Company                               ,EXPEDIA CO UK                                     ,PGPI          61                                  ,               5.0000,NULL                                              
DCMS                                              ,NHM                                               ,2012-11-05 00:00:00.000,B/S - Current Assets -  InterCompany              ,NHM Trading Company                               ,EXPEDIA CO UK                                     ,PGPI          61                                  ,               7.0000,NULL                                              
DCMS                                              ,NHM                                               ,2012-11-05 00:00:00.000,B/S - Current Assets -  InterCompany              ,NHM Trading Company                               ,EXPERIMENTARIUMS CAFE AF                          ,PGPI           4                                  ,              16.2100,NULL                                              
DCMS                                              ,NHM                                               ,2012-11-05 00:00:00.000,B/S - Current Assets -  InterCompany              ,NHM Trading Company                               ,EXPERIMENTARIUMS CAFE AF                          ,PGPI           4                                  ,              18.5100,NULL                                              
DCMS                                              ,NHM                                               ,2012-11-05 00:00:00.000,B/S - Current Assets -  InterCompany              ,NHM Trading Company                               ,FIRST GTR WESTERN-                                ,PGPI          38                                  ,              15.8000,NULL                                              
DCMS                                              ,NHM                                               ,2012-11-05 00:00:00.000,B/S - Current Assets -  InterCompany              ,NHM Trading Company                               ,FIRST HULL TRAINS                                 ,PGPI           7                                  ,              14.2000,NULL                                              
DCMS                                              ,NHM                                               ,2012-11-05 00:00:00.000,B/S - Current Assets -  InterCompany              ,NHM Trading Company                               ,FIRST HULL TRAINS                                 ,PGPI           7                                  ,              74.0000,NULL                                              
DCMS                                              ,NHM                                               ,2012-11-05 00:00:00.000,B/S - Current Assets -  InterCompany              ,NHM Trading Company                               ,FLEET CARS LONDON LIMI                            ,PGPI          14                                  ,              24.5000,NULL                                              
DCMS                                              ,NHM                                               ,2012-11-05 00:00:00.000,B/S - Current Assets -  InterCompany              ,NHM Trading Company                               ,FLEET CARS LONDON LIMI                            ,PGPI          14                                  ,              61.7700,NULL                                              
DCMS                                              ,NHM                                               ,2012-11-05 00:00:00.000,B/S - Current Assets -  InterCompany              ,NHM Trading Company                               ,FRANKIE AND BENNYS                                ,PGPI          61                                  ,               9.0500,NULL                                              
DCMS                                              ,NHM                                               ,2012-11-05 00:00:00.000,B/S - Current Assets -  InterCompany              ,NHM Trading Company                               ,GERONIMO AIRPORTS                                 ,PGPI           4                                  ,               8.9500,NULL                                              
DCMS                                              ,NHM                                               ,2012-11-05 00:00:00.000,B/S - Current Assets -  InterCompany              ,NHM Trading Company                               ,GERONIMO AIRPORTS                                 ,PGPI          61                                  ,              22.1500,NULL                                              
DCMS                                              ,NHM                                               ,2012-11-05 00:00:00.000,B/S - Current Assets -  InterCompany              ,NHM Trading Company                               ,GRASSHOPPER TOYS                                  ,PGPI          21                                  ,             231.0000,NULL                                              
DCMS                                              ,NHM                                               ,2012-11-05 00:00:00.000,B/S - Current Assets -  InterCompany              ,NHM Trading Company                               ,GREAT CENTRAL RAIL                                ,PGPI           7                                  ,              26.5000,NULL                                              
DCMS                                              ,NHM                                               ,2012-11-05 00:00:00.000,B/S - Current Assets -  InterCompany              ,NHM Trading Company                               ,HAMBUGA                                           ,PGPI           4                                  ,              32.5100,NULL                                              
DCMS                                              ,NHM                                               ,2012-11-05 00:00:00.000,B/S - Current Assets -  InterCompany              ,NHM Trading Company                               ,HEERING  RESTAURANT  BIST                         ,PGPI          38                                  ,              97.5800,NULL                                              
DCMS                                              ,NHM                                               ,2012-11-05 00:00:00.000,B/S - Current Assets -  InterCompany              ,NHM Trading Company                               ,HELLERUP PARKHOTEL                                ,PGPI           4                                  ,            1916.1000,NULL                                              
DCMS                                              ,NHM                                               ,2012-11-05 00:00:00.000,B/S - Current Assets -  InterCompany              ,NHM Trading Company                               ,HELLERUP PARKHOTEL                                ,PGPI          38                                  ,             286.0000,NULL                                              
DCMS                                              ,NHM                                               ,2012-11-05 00:00:00.000,B/S - Current Assets -  InterCompany              ,NHM Trading Company                               ,HILTON                                            ,PGPI           7                                  ,              97.0000,NULL                                              
DCMS                                              ,NHM                                               ,2012-11-05 00:00:00.000,B/S - Current Assets -  InterCompany              ,NHM Trading Company                               ,HOMEBASE LTD 062                                  ,PGPI          21                                  ,              59.8300,NULL                                              
DCMS                                              ,NHM                                               ,2012-11-05 00:00:00.000,B/S - Current Assets -  InterCompany              ,NHM Trading Company                               ,HOTEL DA BOLSA                                    ,PGPI          14                                  ,              58.0300,NULL                                              
DCMS                                              ,NHM                                               ,2012-11-05 00:00:00.000,B/S - Current Assets -  InterCompany              ,NHM Trading Company                               ,HOTEL OLISSIPPO ORIENTE                           ,PGPI          38                                  ,            1561.0600,NULL                                              
DCMS                                              ,NHM                                               ,2012-11-05 00:00:00.000,B/S - Current Assets -  InterCompany              ,NHM Trading Company                               ,ITSU LTD                                          ,PGPI          38                                  ,              12.7900,NULL                                              
DCMS                                              ,NHM                                               ,2012-11-05 00:00:00.000,B/S - Current Assets -  InterCompany              ,NHM Trading Company                               ,JAMISON & GREEN LIMITED                           ,PGPI          61                                  ,              16.6300,NULL                                              
DCMS                                              ,NHM                                               ,2012-11-05 00:00:00.000,B/S - Current Assets -  InterCompany              ,NHM Trading Company                               ,JAMISON & GREEN LIMITED                           ,PGPI          61                                  ,              22.2000,NULL                                              
DCMS                                              ,NHM                                               ,2012-11-05 00:00:00.000,B/S - Current Assets -  InterCompany              ,NHM Trading Company                               ,LISBANOE                                          ,PGPI          61                                  ,              10.0000,NULL                                              
DCMS                                              ,NHM                                               ,2012-11-05 00:00:00.000,B/S - Current Assets -  InterCompany              ,NHM Trading Company                               ,LISBANOE                                          ,PGPI          61                                  ,              10.8000,NULL                                              
DCMS                                              ,NHM                                               ,2012-11-05 00:00:00.000,B/S - Current Assets -  InterCompany              ,NHM Trading Company                               ,LISBANOE                                          ,PGPI          61                                  ,              11.6800,NULL                                              
DCMS                                              ,NHM                                               ,2012-11-05 00:00:00.000,B/S - Current Assets -  InterCompany              ,NHM Trading Company                               ,LISBANOE                                          ,PGPI          61                                  ,              12.2000,NULL                                              
DCMS                                              ,NHM                                               ,2012-11-05 00:00:00.000,B/S - Current Assets -  InterCompany              ,NHM Trading Company                               ,LISBANOE                                          ,PGPI          61                                  ,              12.4000,NULL                                              
DCMS                                              ,NHM                                               ,2012-11-05 00:00:00.000,B/S - Current Assets -  InterCompany              ,NHM Trading Company                               ,LISBANOE                                          ,PGPI          61                                  ,              13.4500,NULL                                              
DCMS                                              ,NHM                                               ,2012-11-05 00:00:00.000,B/S - Current Assets -  InterCompany              ,NHM Trading Company                               ,LISBANOE                                          ,PGPI          61                                  ,              14.4000,NULL                                              
DCMS                                              ,NHM                                               ,2012-11-05 00:00:00.000,B/S - Current Assets -  InterCompany              ,NHM Trading Company                               ,LUCKIES OF LONDON LTD                             ,PGPI          21                                  ,             134.4000,NULL                                              
DCMS                                              ,NHM                                               ,2012-11-05 00:00:00.000,B/S - Current Assets -  InterCompany              ,NHM Trading Company                               ,LUL TICKET OFFICE.                                ,PGPI          61                                  ,              13.8000,NULL                                              
DCMS                                              ,NHM                                               ,2012-11-05 00:00:00.000,B/S - Current Assets -  InterCompany              ,NHM Trading Company                               ,M J M INDUSTRIAL L                                ,PGPI          51                                  ,              89.9400,NULL                                              
DCMS                                              ,NHM                                               ,2012-11-05 00:00:00.000,B/S - Current Assets -  InterCompany              ,NHM Trading Company                               ,M J M INDUSTRIAL L                                ,PGPI          51                                  ,             280.5700,NULL                                              
DCMS                                              ,NHM                                               ,2012-11-05 00:00:00.000,B/S - Current Assets -  InterCompany              ,NHM Trading Company                               ,MINI CAB                                          ,PGPI          21                                  ,              52.3500,NULL                                              
DCMS                                              ,NHM                                               ,2012-11-05 00:00:00.000,B/S - Current Assets -  InterCompany              ,NHM Trading Company                               ,NANDOS BRADFORD                                   ,PGPI           7                                  ,              14.4600,NULL                                              
DCMS                                              ,NHM                                               ,2012-11-05 00:00:00.000,B/S - Current Assets -  InterCompany              ,NHM Trading Company                               ,NATURAL HISTORY MUSEUM                            ,PGPI          14                                  ,               3.3000,NULL                                              
DCMS                                              ,NHM                                               ,2012-11-05 00:00:00.000,B/S - Current Assets -  InterCompany              ,NHM Trading Company                               ,NATURAL HISTORY MUSEUM                            ,PGPI          14                                  ,              15.1300,NULL                                              
DCMS                                              ,NHM                                               ,2012-11-05 00:00:00.000,B/S - Current Assets -  InterCompany              ,NHM Trading Company                               ,NATURAL HISTORY MUSEUM                            ,PGPI          21                                  ,              12.5200,NULL                                              
DCMS                                              ,NHM                                               ,2012-11-05 00:00:00.000,B/S - Current Assets -  InterCompany              ,NHM Trading Company                               ,NATURAL HISTORY MUSEUM                            ,PGPI          38                                  ,               8.2300,NULL                                              
DCMS                                              ,NHM                                               ,2012-11-05 00:00:00.000,B/S - Current Assets -  InterCompany              ,NHM Trading Company                               ,NEW SOUTHERN RAILW                                ,PGPI           4                                  ,              66.4000,NULL                                              
DCMS                                              ,NHM                                               ,2012-11-05 00:00:00.000,B/S - Current Assets -  InterCompany              ,NHM Trading Company                               ,NEW SOUTHERN RAILW                                ,PGPI          61                                  ,              23.2000,NULL                                              
DCMS                                              ,NHM                                               ,2012-11-05 00:00:00.000,B/S - Current Assets -  InterCompany              ,NHM Trading Company                               ,NORTHERN RAIL LTD                                 ,PGPI           7                                  ,               3.3000,NULL                                              
DCMS                                              ,NHM                                               ,2012-11-05 00:00:00.000,B/S - Current Assets -  InterCompany              ,NHM Trading Company                               ,NORWEGIAN A 3287096209292                         ,PGPI          61                                  ,             172.1000,NULL                                              
DCMS                                              ,NHM                                               ,2012-11-05 00:00:00.000,B/S - Current Assets -  InterCompany              ,NHM Trading Company                               ,OLISSIPO ORIENTE                                  ,PGPI           4                                  ,             180.4100,NULL                                              
DCMS                                              ,NHM                                               ,2012-11-05 00:00:00.000,B/S - Current Assets -  InterCompany              ,NHM Trading Company                               ,OLISSIPO ORIENTE                                  ,PGPI          38                                  ,               8.3000,NULL                                              
DCMS                                              ,NHM                                               ,2012-11-05 00:00:00.000,B/S - Current Assets -  InterCompany              ,NHM Trading Company                               ,PADDINGTON STATION                                ,PGPI          38                                  ,               5.5500,NULL                                              
DCMS                                              ,NHM                                               ,2012-11-05 00:00:00.000,B/S - Current Assets -  InterCompany              ,NHM Trading Company                               ,PASSEIO ANTIGO                                    ,PGPI           4                                  ,              12.0100,NULL                                              
DCMS                                              ,NHM                                               ,2012-11-05 00:00:00.000,B/S - Current Assets -  InterCompany              ,NHM Trading Company                               ,PAYPOINT.NET LTD                                  ,PGPI          21                                  ,             226.0000,NULL                                              
DCMS                                              ,NHM                                               ,2012-11-05 00:00:00.000,B/S - Current Assets -  InterCompany              ,NHM Trading Company                               ,PRET-A-MANGER                                     ,PGPI          14                                  ,               6.5600,NULL                                              
DCMS                                              ,NHM                                               ,2012-11-05 00:00:00.000,B/S - Current Assets -  InterCompany              ,NHM Trading Company                               ,QUEENS HOTEL YORK                                 ,PGPI           7                                  ,              52.9200,NULL                                              
DCMS                                              ,NHM                                               ,2012-11-05 00:00:00.000,B/S - Current Assets -  InterCompany              ,NHM Trading Company                               ,RAIL EUROPE LTD                                   ,PGPI          14                                  ,              62.2200,NULL                                              
DCMS                                              ,NHM                                               ,2012-11-05 00:00:00.000,B/S - Current Assets -  InterCompany              ,NHM Trading Company                               ,RANKIN ELECTRICAL                                 ,PGPI          61                                  ,              27.6500,NULL                                              
DCMS                                              ,NHM                                               ,2012-11-05 00:00:00.000,B/S - Current Assets -  InterCompany              ,NHM Trading Company                               ,RESTAURANT SANKT PEDER IS                         ,PGPI           4                                  ,              66.5300,NULL                                              
DCMS                                              ,NHM                                               ,2012-11-05 00:00:00.000,B/S - Current Assets -  InterCompany              ,NHM Trading Company                               ,RESTAURANT SANKT PEDER IS                         ,PGPI          38                                  ,              65.2200,NULL                                              
DCMS                                              ,NHM                                               ,2012-11-05 00:00:00.000,B/S - Current Assets -  InterCompany              ,NHM Trading Company                               ,ROSMANINHO AOS MOLHOS                             ,PGPI           4                                  ,              48.5700,NULL                                              
DCMS                                              ,NHM                                               ,2012-11-05 00:00:00.000,B/S - Current Assets -  InterCompany              ,NHM Trading Company                               ,ROSMANINHO AOS MOLHOS                             ,PGPI           4                                  ,              79.2200,NULL                                              
DCMS                                              ,NHM                                               ,2012-11-05 00:00:00.000,B/S - Current Assets -  InterCompany              ,NHM Trading Company                               ,ROYAL MAIL GROUP                                  ,PGPI          21                                  ,             202.2700,NULL                                              
DCMS                                              ,NHM                                               ,2012-11-05 00:00:00.000,B/S - Current Assets -  InterCompany              ,NHM Trading Company                               ,ROYAL MAIL GROUP                                  ,PGPI          21                                  ,             874.9000,NULL                                              
DCMS                                              ,NHM                                               ,2012-11-05 00:00:00.000,B/S - Current Assets -  InterCompany              ,NHM Trading Company                               ,SINNAMON COFFEE                                   ,PGPI          61                                  ,              15.0800,NULL                                              
DCMS                                              ,NHM                                               ,2012-11-05 00:00:00.000,B/S - Current Assets -  InterCompany              ,NHM Trading Company                               ,SINNAMON COFFEE                                   ,PGPI          61                                  ,              16.2800,NULL                                              
DCMS                                              ,NHM                                               ,2012-11-05 00:00:00.000,B/S - Current Assets -  InterCompany              ,NHM Trading Company                               ,SINNAMON COFFEE                                   ,PGPI          61                                  ,              20.0800,NULL                                              
DCMS                                              ,NHM                                               ,2012-11-05 00:00:00.000,B/S - Current Assets -  InterCompany              ,NHM Trading Company                               ,SINNAMON COFFEE                                   ,PGPI          61                                  ,              21.7200,NULL                                              
DCMS                                              ,NHM                                               ,2012-11-05 00:00:00.000,B/S - Current Assets -  InterCompany              ,NHM Trading Company                               ,SINNAMON COFFEE                                   ,PGPI          61                                  ,              21.9200,NULL                                              
DCMS                                              ,NHM                                               ,2012-11-05 00:00:00.000,B/S - Current Assets -  InterCompany              ,NHM Trading Company                               ,SINNAMON COFFEE                                   ,PGPI          61                                  ,              22.9600,NULL                                              
DCMS                                              ,NHM                                               ,2012-11-05 00:00:00.000,B/S - Current Assets -  InterCompany              ,NHM Trading Company                               ,SINNAMON COFFEE                                   ,PGPI          61                                  ,              23.9700,NULL                                              
DCMS                                              ,NHM                                               ,2012-11-05 00:00:00.000,B/S - Current Assets -  InterCompany              ,NHM Trading Company                               ,SINNAMON COFFEE                                   ,PGPI          61                                  ,              25.7000,NULL                                              
DCMS                                              ,NHM                                               ,2012-11-05 00:00:00.000,B/S - Current Assets -  InterCompany              ,NHM Trading Company                               ,SINNAMON COFFEE                                   ,PGPI          61                                  ,              27.3000,NULL                                              
DCMS                                              ,NHM                                               ,2012-11-05 00:00:00.000,B/S - Current Assets -  InterCompany              ,NHM Trading Company                               ,SINNAMON COFFEE                                   ,PGPI          61                                  ,              30.4600,NULL                                              
DCMS                                              ,NHM                                               ,2012-11-05 00:00:00.000,B/S - Current Assets -  InterCompany              ,NHM Trading Company                               ,STARBUCKS T2                                      ,PGPI           4                                  ,               9.2700,NULL                                              
DCMS                                              ,NHM                                               ,2012-11-05 00:00:00.000,B/S - Current Assets -  InterCompany              ,NHM Trading Company                               ,SUBWAY                                            ,PGPI          61                                  ,               3.5000,NULL                                              
DCMS                                              ,NHM                                               ,2012-11-05 00:00:00.000,B/S - Current Assets -  InterCompany              ,NHM Trading Company                               ,SUBWAY                                            ,PGPI          61                                  ,              12.3200,NULL                                              
DCMS                                              ,NHM                                               ,2012-11-05 00:00:00.000,B/S - Current Assets -  InterCompany              ,NHM Trading Company                               ,TAXA 4X35                                         ,PGPI          38                                  ,              41.4900,NULL                                              
DCMS                                              ,NHM                                               ,2012-11-05 00:00:00.000,B/S - Current Assets -  InterCompany              ,NHM Trading Company                               ,TAXINORD                                          ,PGPI          38                                  ,              51.4800,NULL                                              
DCMS                                              ,NHM                                               ,2012-11-05 00:00:00.000,B/S - Current Assets -  InterCompany              ,NHM Trading Company                               ,TESCO METRO 2056                                  ,PGPI          61                                  ,              11.1000,NULL                                              
DCMS                                              ,NHM                                               ,2012-11-05 00:00:00.000,B/S - Current Assets -  InterCompany              ,NHM Trading Company                               ,TESCO STORES                                      ,PGPI          21                                  ,               9.3100,NULL                                              
DCMS                                              ,NHM                                               ,2012-11-05 00:00:00.000,B/S - Current Assets -  InterCompany              ,NHM Trading Company                               ,TESCO STORES 2715                                 ,PGPI          61                                  ,               8.7000,NULL                                              
DCMS                                              ,NHM                                               ,2012-11-05 00:00:00.000,B/S - Current Assets -  InterCompany              ,NHM Trading Company                               ,TESCO STORES 5535                                 ,PGPI          61                                  ,               6.7000,NULL                                              
DCMS                                              ,NHM                                               ,2012-11-05 00:00:00.000,B/S - Current Assets -  InterCompany              ,NHM Trading Company                               ,TESCO STORES 5535                                 ,PGPI          61                                  ,              10.9800,NULL                                              
DCMS                                              ,NHM                                               ,2012-11-05 00:00:00.000,B/S - Current Assets -  InterCompany              ,NHM Trading Company                               ,THE BARKING DOG RESTAU                            ,PGPI          61                                  ,              19.9500,NULL                                              
DCMS                                              ,NHM                                               ,2012-11-05 00:00:00.000,B/S - Current Assets -  InterCompany              ,NHM Trading Company                               ,THE BARKING DOG RESTAU                            ,PGPI          61                                  ,              67.8500,NULL                                              
DCMS                                              ,NHM                                               ,2012-11-05 00:00:00.000,B/S - Current Assets -  InterCompany              ,NHM Trading Company                               ,ULSTER MUSEUMS                                    ,PGPI          61                                  ,               9.2000,NULL                                              
DCMS                                              ,NHM                                               ,2012-11-05 00:00:00.000,B/S - Current Assets -  InterCompany              ,NHM Trading Company                               ,UPS LTD                                           ,PGPI          21                                  ,              11.0000,NULL                                              
DCMS                                              ,NHM                                               ,2012-11-05 00:00:00.000,B/S - Current Assets -  InterCompany              ,NHM Trading Company                               ,UPS LTD                                           ,PGPI          21                                  ,              64.9800,NULL                                              
DCMS                                              ,NHM                                               ,2012-11-05 00:00:00.000,B/S - Current Assets -  InterCompany              ,NHM Trading Company                               ,UPS LTD                                           ,PGPI          21                                  ,             112.9400,NULL                                              
DCMS                                              ,NHM                                               ,2012-11-05 00:00:00.000,B/S - Current Assets -  InterCompany              ,NHM Trading Company                               ,UPS LTD                                           ,PGPI          21                                  ,             146.3700,NULL                                              
DCMS                                              ,NHM                                               ,2012-11-05 00:00:00.000,B/S - Current Assets -  InterCompany              ,NHM Trading Company                               ,VALUE CABS LTD                                    ,PGPI          61                                  ,              10.2000,NULL                                              
DCMS                                              ,NHM                                               ,2012-11-05 00:00:00.000,B/S - Current Assets -  InterCompany              ,NHM Trading Company                               ,VILLA SCALINI LIMITED                             ,PGPI          61                                  ,              43.5400,NULL                                              
DCMS                                              ,NHM                                               ,2012-11-05 00:00:00.000,B/S - Current Assets -  InterCompany              ,NHM Trading Company                               ,VILLA SCALINI LIMITED                             ,PGPI          61                                  ,              55.1100,NULL                                              
DCMS                                              ,NHM                                               ,2012-11-05 00:00:00.000,B/S - Current Assets -  InterCompany              ,NHM Trading Company                               ,VILLA SCALINI LIMITED                             ,PGPI          61                                  ,              56.6900,NULL                                              
DCMS                                              ,NHM                                               ,2012-11-05 00:00:00.000,B/S - Current Assets -  InterCompany              ,NHM Trading Company                               ,WELCOME RESTAURANT                                ,PGPI          61                                  ,              83.6500,NULL                                              
DCMS                                              ,NHM                                               ,2012-11-05 00:00:00.000,B/S - Current Assets -  InterCompany              ,NHM Trading Company                               ,WELLINGTON PARK HOTEL                             ,PGPI          61                                  ,             342.6200,NULL                                              
DCMS                                              ,NHM                                               ,2012-11-05 00:00:00.000,B/S - Current Assets -  InterCompany              ,NHM Trading Company                               ,WH SMITH                                          ,PGPI           4                                  ,               2.2000,NULL                                              
DCMS                                              ,NHM                                               ,2012-11-05 00:00:00.000,B/S - Current Assets -  InterCompany              ,NHM Trading Company                               ,WH SMITH                                          ,PGPI           4                                  ,               2.2900,NULL                                              
DCMS                                              ,NHM                                               ,2012-11-05 00:00:00.000,B/S - Current Assets -  InterCompany              ,NHM Trading Company                               ,WP-FIRSTGROUP PLC                                 ,PGPI          38                                  ,              15.0000,NULL                                              
DCMS                                              ,NHM                                               ,2012-11-05 00:00:00.000,B/S - Current Assets -  InterCompany              ,NHM Trading Company                               ,WWW.OTS-UK.CO.UK                                  ,PGPI          38                                  ,              96.1700,NULL                                              
DCMS                                              ,NHM                                               ,2012-11-05 00:00:00.000,B/S - Current Assets -  InterCompany              ,NHM Trading Company                               ,YO SUSHI UK                                       ,PGPI          38                                  ,              18.0400,NULL                                              
DCMS                                              ,NHM                                               ,2012-11-05 00:00:00.000,B/S - Current Liab - GPC I/face                   ,B/S - Current Liab - GPC I/face                   ,Summary                                           ,PGPI           4                                  ,           -2654.3100,NULL                                              
DCMS                                              ,NHM                                               ,2012-11-05 00:00:00.000,B/S - Current Liab - GPC I/face                   ,B/S - Current Liab - GPC I/face                   ,Summary                                           ,PGPI           7                                  ,            -601.1900,NULL                                              
DCMS                                              ,NHM                                               ,2012-11-05 00:00:00.000,B/S - Current Liab - GPC I/face                   ,B/S - Current Liab - GPC I/face                   ,Summary                                           ,PGPI          14                                  ,            -785.9700,NULL                                              
DCMS                                              ,NHM                                               ,2012-11-05 00:00:00.000,B/S - Current Liab - GPC I/face                   ,B/S - Current Liab - GPC I/face                   ,Summary                                           ,PGPI          21                                  ,           -3056.4400,NULL                                              
DCMS                                              ,NHM                                               ,2012-11-05 00:00:00.000,B/S - Current Liab - GPC I/face                   ,B/S - Current Liab - GPC I/face                   ,Summary                                           ,PGPI          23                                  ,            -674.4400,NULL                                              
DCMS                                              ,NHM                                               ,2012-11-05 00:00:00.000,B/S - Current Liab - GPC I/face                   ,B/S - Current Liab - GPC I/face                   ,Summary                                           ,PGPI          38                                  ,           -3838.2300,NULL                                              
DCMS                                              ,NHM                                               ,2012-11-05 00:00:00.000,B/S - Current Liab - GPC I/face                   ,B/S - Current Liab - GPC I/face                   ,Summary                                           ,PGPI          47                                  ,            -595.6800,NULL                                              
DCMS                                              ,NHM                                               ,2012-11-05 00:00:00.000,B/S - Current Liab - GPC I/face                   ,B/S - Current Liab - GPC I/face                   ,Summary                                           ,PGPI          51                                  ,            -827.0900,NULL                                              
DCMS                                              ,NHM                                               ,2012-11-05 00:00:00.000,B/S - Current Liab - GPC I/face                   ,B/S - Current Liab - GPC I/face                   ,Summary                                           ,PGPI          56                                  ,           -2219.5700,NULL                                              
DCMS                                              ,NHM                                               ,2012-11-05 00:00:00.000,B/S - Current Liab - GPC I/face                   ,B/S - Current Liab - GPC I/face                   ,Summary                                           ,PGPI          58                                  ,           -2450.0200,NULL                                              
DCMS                                              ,NHM                                               ,2012-11-05 00:00:00.000,B/S - Current Liab - GPC I/face                   ,B/S - Current Liab - GPC I/face                   ,Summary                                           ,PGPI          61                                  ,           -1829.0400,NULL                                              
DCMS                                              ,NHM                                               ,2012-11-05 00:00:00.000,B/S - Current Liab - GPC I/face                   ,B/S - Current Liab - GPC I/face                   ,Summary                                           ,PGPI          64                                  ,           -1224.9100,NULL                                              
DCMS                                              ,NHM                                               ,2012-11-05 00:00:00.000,B/S - Current Liab - GPC I/face                   ,B/S - Current Liab - GPC I/face                   ,Summary                                           ,PGPI          66                                  ,            -916.7300,NULL                                              
DCMS                                              ,NHM                                               ,2012-11-05 00:00:00.000,B/S - Current Liab - GPC I/face                   ,B/S - Current Liab - GPC I/face                   ,Summary                                           ,PGPI          69                                  ,           -4125.4500,NULL                                              
(1686 rows affected),,,,,,,,
