Passenger ID,FName,LName,Gender,Age,Nationality,AirportName,CountryCode,Country,ContinentCode,Continent,DepartureDt,ArrivalAirportCode,FlightPilot,StatusFlag
f1fMce,Ernestus,Beloe,Male,39,Albania,Songea Airport,TZ,"Tanzania, United Republic of",AF,Africa,09-10-2022,SGX,Marie Karleman,Delayed
EymuGs,Terry,MacVicar,Female,50,China,Inyokern Airport,US,United States,NAM,North America,7/30/2022,IYK,Gizela Impey,Cancelled
wFaryc,Ernie,Desaur,Male,12,Belarus,Kuujjuaq Airport,CA,Canada,NAM,North America,12/20/2022,YVP,Aurelie Edward,Cancelled
SY14Aa,Rosella,Mort,Female,81,Ukraine,Ottawa / Rockcliffe Seaplane Base,CA,Canada,NAM,North America,8/19/2022,TR7,Jory Rosenbush,Cancelled
ludGPi,Brenda,Bishopp,Female,25,Ukraine,North Perry Airport,US,United States,NAM,North America,5/31/2022,HWO,Carlyle Oldroyd,Delayed
0LMAgy,Cristiano,Agastina,Male,42,Philippines,Viracopos International Airport,BR,Brazil,SAM,South America,04-08-2022,VCP,Cathleen Milburn,Delayed
lejHOq,Wallis,Marjot,Female,36,Portugal,Zagora Airport,MA,Morocco,AF,Africa,8/15/2022,OZG,Dela Sweedland,Cancelled
ZaUdCc,Mamie,Baum,Female,88,Indonesia,Summit Airport,US,United States,NAM,North America,06-01-2022,UMM,Daryle Wenban,On Time
cqihrg,Georgianna,Ghio,Female,50,Guatemala,Puka Puka Airport,PF,French Polynesia,OC,Oceania,12-02-2022,PKP,Elianora Boal,On Time
XV8ZfV,Tommie,O'Currigan,Male,77,Bosnia and Herzegovina,Martindale Army Heliport,US,United States,NAM,North America,6/20/2022,MDA,Marleen Spradbrow,On Time
g3p37U,Jule,Edsell,Male,33,Ukraine,Chilas Airport,PK,Pakistan,AS,Asia,10/21/2022,CHB,Graham Ridwood,On Time
MwVoUn,Russ,Biskupski,Male,84,Philippines,South Caicos Airport,TC,Turks and Caicos Islands,NAM,North America,4/18/2022,XSC,Lilllie Rawstorne,Delayed
UoymYt,Stacee,Eyden,Male,38,Poland,Gallup Municipal Airport,US,United States,NAM,North America,08-06-2022,GUP,Sadella Bresnahan,On Time
K3YSqt,Stan,Quakley,Male,63,Poland,Excursion Inlet Seaplane Base,US,United States,NAM,North America,9/25/2022,EXI,Morly Suttell,Cancelled
qS3rA9,Moss,Sidworth,Male,88,Samoa,Koggala Airport,LK,Sri Lanka,AS,Asia,6/15/2022,KCT,Solomon McGeown,Delayed
bR71wD,Meridel,Jiroudek,Female,45,Indonesia,Swan Hill Airport,AU,Australia,OC,Oceania,2/19/2022,SWH,Leigh Le Brum,On Time
s5bZO3,Ignaz,Vispo,Male,38,Philippines,Cáceres Airport,BR,Brazil,SAM,South America,6/26/2022,CCX,Aylmar Franzen,On Time
C5WSIm,Dede,Camamill,Female,34,Spain,Southampton Airport,GB,United Kingdom,EU,Europe,02-03-2022,SOU,Durand Birrel,Cancelled
KcGhid,Cesaro,Moir,Male,49,Indonesia,Tumolbil Airport,PG,Papua New Guinea,OC,Oceania,06-10-2022,TLP,Alfonse Khotler,Delayed
OXMKfQ,Clarinda,Townsend,Female,11,Pakistan,Bokondini Airport,ID,Indonesia,AS,Asia,09-11-2022,BUI,Rosalia Lago,On Time
EzFAP2,Charyl,MacKartan,Female,6,France,Bodinumu Airport,PG,Papua New Guinea,OC,Oceania,4/28/2022,BNM,Peta Seville,On Time
K0q7C2,Christabel,Winterscale,Female,48,Ukraine,Paso De Los Libres Airport,AR,Argentina,SAM,South America,11/22/2022,AOL,Engracia Ottley,On Time
AgUzkh,Bondon,Rebillard,Male,35,Philippines,Aiyura Airport,PG,Papua New Guinea,OC,Oceania,05-11-2022,AYU,Roxie Fishbie,Cancelled
S18U6l,Ranique,Hannigane,Female,83,France,Muzaffarpur Airport,IN,India,AS,Asia,09-04-2022,MZU,Shantee Hanbury,Cancelled
emwpGg,Clovis,Lawrenceson,Female,14,Nigeria,Santa Ynez Airport,US,United States,NAM,North America,11-04-2022,SQA,Staci Crichten,On Time
sYyDAi,Reinold,Blues,Male,85,China,Kigoma Airport,TZ,"Tanzania, United Republic of",AF,Africa,12/13/2022,TKQ,Fayina Whanstall,Delayed
dYBA2J,Rossie,Hearsey,Male,31,Sweden,Lancaster Airport,US,United States,NAM,North America,10-10-2022,LNS,Jeannine Larby,Delayed
9hDyHs,Dallis,Francescoccio,Male,61,Albania,Oscoda Wurtsmith Airport,US,United States,NAM,North America,10-07-2022,OSC,Alysia Sollas,On Time
bFRDow,Rriocard,Bwye,Male,32,Russia,Benito Salas Airport,CO,Colombia,SAM,South America,11/19/2022,NVA,Sanford Mattiuzzi,On Time
YGa0Mc,Marius,Elliker,Male,56,Poland,Sierra Maestra Airport,CU,Cuba,NAM,North America,01-07-2022,MZO,Sid Hutsby,On Time
2cDRuN,Zonda,Roper,Female,55,Brazil,Conklin (Leismer) Airport,CA,Canada,NAM,North America,2/27/2022,CFM,Kylila Raftery,On Time
Qt6Oua,Hugh,Pithcock,Male,34,Sweden,José Martí International Airport,CU,Cuba,NAM,North America,06-10-2022,HAV,Carrissa Skotcher,Delayed
mSdakz,Carrie,Goodings,Female,65,Indonesia,Clear Lake Metroport,US,United States,NAM,North America,10/16/2022,CLC,Doris Tukely,Cancelled
7bTwuC,Orv,Bunclark,Male,8,Syria,Hill Air Force Base,US,United States,NAM,North America,8/14/2022,HIF,Timi Haddick,On Time
8QMGHu,Pebrook,Attoc,Male,58,Sweden,Shamattawa Airport,CA,Canada,NAM,North America,4/20/2022,ZTM,Monica Corlett,Cancelled
aHDjn6,Hedvig,Mougeot,Female,36,Guatemala,Whiteman Airport,US,United States,NAM,North America,1/25/2022,WHP,Ame McCaskell,Cancelled
AL3g28,Anderson,Philipot,Male,25,Nepal,Ísafjörður Airport,IS,Iceland,EU,Europe,1/29/2022,IFJ,Bianca O' Culligan,Delayed
ZNXw4o,Tracy,Degnen,Male,27,China,La Roche-sur-Yon Airport,FR,France,EU,Europe,06-01-2022,EDM,Lianna Fayter,Cancelled
NtB6NC,Land,Heam,Male,10,Ukraine,Tallahassee Regional Airport,US,United States,NAM,North America,5/15/2022,TLH,Ulric Bater,On Time
kGKwXR,Pincus,Unwins,Male,14,Japan,Hohenems-Dornbirn Airport,AT,Austria,EU,Europe,12/17/2022,HOH,Devin Jatczak,On Time
MDPATG,Darrin,Shervil,Male,77,Indonesia,Myrtle Beach International Airport,US,United States,NAM,North America,04-06-2022,MYR,Augustin Clemenzo,Delayed
w5wkBD,Koren,Decaze,Female,42,United States,Sirjan Airport,IR,"Iran, Islamic Republic of",AS,Asia,12-02-2022,SYJ,Milly Cowderay,On Time
l30YWh,Jere,Dubarry,Female,24,China,Doomadgee Airport,AU,Australia,OC,Oceania,06-02-2022,DMD,Aeriela Poncet,Delayed
fTufRo,Miller,Sherborne,Male,89,China,Muzaffarabad Airport,PK,Pakistan,AS,Asia,08-04-2022,MFG,Nesta Fransson,Cancelled
rEvknN,Dorthy,Simnell,Female,82,Indonesia,Bezmer Air Base,BG,Bulgaria,EU,Europe,1/28/2022,JAM,Lin Jillions,Cancelled
J2IFT4,Kristin,Paslow,Female,37,Slovenia,Cape Palmas Airport,LR,Liberia,AF,Africa,01-08-2022,CPA,Waldon Pavic,On Time
30S2G0,Grantley,Brewitt,Male,18,France,Vila Real Airport,PT,Portugal,EU,Europe,9/25/2022,VRL,Darcie Kellard,On Time
dK3GKG,Hunter,Lippitt,Male,62,China,Vila Bela da Santíssima Trindade Airport,BR,Brazil,SAM,South America,5/16/2022,MTG,Jillene Drepp,Delayed
zzjZQH,Lem,Tebald,Male,48,Monaco,Marsabit Airport,KE,Kenya,AF,Africa,3/24/2022,RBT,Wilone Flye,Delayed
9JZNhB,Manolo,Roden,Male,57,Sweden,Diego Jimenez Torres Airport,PR,Puerto Rico,NAM,North America,12/20/2022,FAJ,Natasha Titman,Cancelled
SmpZBj,Curt,Hakewell,Male,40,Indonesia,Digby / Annapolis Regional Airport,CA,Canada,NAM,North America,11/30/2022,YDG,Stillman Nono,Delayed
3b40zU,Katey,Duding,Female,71,Yemen,Osijek Airport,HR,Croatia,EU,Europe,01-12-2022,OSI,Aurlie MacGuffie,Cancelled
xGEpg2,Gilli,Murley,Female,2,Thailand,Crane Island Airstrip,US,United States,NAM,North America,1/14/2022,CKR,Myca McElmurray,Cancelled
FXIMuS,Peta,Joberne,Female,8,Guatemala,Tofino Harbour Seaplane Base,CA,Canada,NAM,North America,7/16/2022,YTP,Louisette Sawart,Cancelled
bmR6Ue,Arlan,Manifould,Male,11,Poland,Manti-Ephraim Airport,US,United States,NAM,North America,07-03-2022,NTJ,Kilian Thecham,On Time
hdPnGE,Shane,Morse,Female,5,Comoros,Doomadgee Airport,AU,Australia,OC,Oceania,10-05-2022,DMD,Murray Chantrell,Delayed
Swl8MJ,Lorenza,Johnsey,Female,86,China,Lawrence Municipal Airport,US,United States,NAM,North America,6/20/2022,LWM,Deborah Kendal,Delayed
fY6eqg,Chelsey,Lifton,Female,28,Ukraine,Roland Garros Airport,RE,Réunion,AF,Africa,07-01-2022,RUN,Allis Perin,Cancelled
gx93dr,Loni,Lissett,Female,66,Poland,Auckland International Airport,NZ,New Zealand,OC,Oceania,12-06-2022,AKL,Bogart Quinnette,Cancelled
2Utzw8,Guillaume,Chastel,Male,14,China,Ouango Fitini Airport,CI,Côte d'Ivoire,AF,Africa,5/24/2022,OFI,Thorvald Shelmerdine,Delayed
L50Esg,Hildegarde,Trenear,Female,42,Ukraine,Windarling Airport,AU,Australia,OC,Oceania,03-12-2022,WRN,Edik Dalrymple,Delayed
PwhlK4,Dick,Trillow,Male,61,Philippines,Sultan Iskandar Muda International Airport,ID,Indonesia,AS,Asia,04-02-2022,BTJ,Yulma Yakuntsov,On Time
DexXcO,Robbie,Bontoft,Male,29,Indonesia,Noshahr Airport,IR,"Iran, Islamic Republic of",AS,Asia,04-10-2022,NSH,Fanchette Easeman,Delayed
ZjdLo2,Marnie,Battleson,Female,2,China,Roche Harbor Airport,US,United States,NAM,North America,9/14/2022,RCE,Arlyne Wellsman,Delayed
LCUE4A,Claybourne,Inold,Male,9,China,Palmas del Mar Airstrip,PR,Puerto Rico,NAM,North America,1/20/2022,PPD,Geri Lowes,On Time
IixRKa,Henka,Climo,Female,40,Colombia,Lucélia Airport,BR,Brazil,SAM,South America,3/27/2022,0,Pru Seyler,Cancelled
cyQQRZ,Leta,Goldingay,Female,44,Tuvalu,Sanikiluaq Airport,CA,Canada,NAM,North America,6/21/2022,YSK,Durant Carrabott,Delayed
L1Bvmw,Ambrosio,Malone,Male,52,China,Guadalupe Airport,BR,Brazil,SAM,South America,01-12-2022,GDP,Wang Regorz,Cancelled
Vn1DUN,Othilie,Curm,Female,9,Laos,La Guaira Airport,VE,"Venezuela, Bolivarian Republic of",SAM,South America,12/15/2022,LAG,Griffie Manie,Delayed
GIZA9P,Wainwright,Farenden,Male,31,France,Juana Azurduy De Padilla Airport,BO,"Bolivia, Plurinational State of",SAM,South America,04-12-2022,SRE,Prentiss Barta,On Time
OdyXss,Culver,Beswick,Male,41,Haiti,Sparta Community Hunter Field,US,United States,NAM,North America,06-03-2022,SAR,Juditha Weson,Delayed
3VvGhc,Hesther,Casperri,Female,77,Canada,Chefornak Airport,US,United States,NAM,North America,1/29/2022,CYF,Leda Born,Delayed
v2CMNx,Morgana,Younglove,Female,38,Philippines,Casco Cove Coast Guard Station,US,United States,NAM,North America,5/19/2022,ATU,Helen-elizabeth Dowyer,Cancelled
ae9WCY,Devinne,Vedenyakin,Female,54,Indonesia,Upernavik Airport,GL,Greenland,EU,Europe,10/19/2022,JUV,Cara Goldby,Cancelled
KdmVSX,Mela,Gooble,Female,14,Poland,Mansehra Airport,PK,Pakistan,AS,Asia,2/15/2022,HRA,Tracy Van Brug,On Time
Q195t4,Laural,Veregan,Female,16,Yemen,Dadu West Airport,PK,Pakistan,AS,Asia,11/17/2022,DDU,Joelle Conaghy,Cancelled
xSQxNN,Julie,Nockolds,Male,71,Ukraine,Sharm El Sheikh International Airport,EG,Egypt,AS,Asia,4/21/2022,SSH,Esme Stoile,Cancelled
P0aeie,Tracee,Elloit,Female,77,Peru,Slayton Municipal Airport,US,United States,NAM,North America,07-03-2022,NSL,Darbee Bonifant,Delayed
6jzAuD,Harri,Dimmack,Female,88,Sweden,Flying Cloud Airport,US,United States,NAM,North America,1/20/2022,FCM,Mimi Abrahmer,On Time
qm3H1x,Bink,Lineen,Male,59,Yemen,Moyale Airport,KE,Kenya,AF,Africa,10-05-2022,OYL,Nolly Clemoes,Cancelled
gaJi81,Damien,Pote,Male,62,Poland,Yining Airport,CN,China,AS,Asia,11-10-2022,YIN,Bryn McQuarter,Delayed
xj7zGd,Johanna,McConnell,Female,52,China,Banfora Airport,BF,Burkina Faso,AF,Africa,5/28/2022,BNR,Darcee Sowten,On Time
RWfaZe,Jozef,Hayton,Male,62,Brazil,Jiansanjiang Airport,CN,China,AS,Asia,04-04-2022,JSJ,West Votier,Delayed
5mPntL,Oliver,Swayton,Male,86,Australia,Kirsch Municipal Airport,US,United States,NAM,North America,11/22/2022,IRS,Darin Reidshaw,Delayed
IFssBz,Hulda,Ghelarducci,Female,15,Yemen,Xinzhou Wutaishan Airport,CN,China,AS,Asia,05-03-2022,WUT,Gasparo Steadman,Cancelled
pMtehR,Hube,Astie,Male,67,Norway,El Maiten Airport,AR,Argentina,SAM,South America,06-02-2022,EMX,Law Molan,Delayed
Xu2XIY,Vern,Trevear,Male,3,Finland,Palmerston North Airport,NZ,New Zealand,OC,Oceania,01-02-2022,PMR,Alethea Erdis,On Time
FeQKJZ,Dotty,Lebel,Female,23,Denmark,Butaritari Atoll Airport,KI,Kiribati,OC,Oceania,10-11-2022,BBG,Sashenka Duiged,On Time
yv9cW6,Cortie,Alwen,Male,15,Indonesia,Eurico de Aguiar Salles Airport,BR,Brazil,SAM,South America,3/27/2022,VIX,Lishe Cartan,On Time
MhvW7J,Whitman,Stobbart,Male,34,Russia,Novo Campo Airport,BR,Brazil,SAM,South America,7/14/2022,BCR,Quinton Tumilty,Delayed
M6TH8l,Muhammad,Furbank,Male,2,France,Viru Harbour Airstrip,SB,Solomon Islands,OC,Oceania,02-02-2022,VIU,Marcelia Sutterby,Delayed
3fZxI4,Lynett,Traviss,Female,8,Slovenia,Lackland Air Force Base,US,United States,NAM,North America,2/17/2022,SKF,Garrek Dyers,Cancelled
pBGiXo,Joella,Bransby,Female,38,Brazil,Warren County Memorial Airport,US,United States,NAM,North America,3/18/2022,RNC,Brose MacGowing,Cancelled
8O29jd,Carlita,Hartwell,Female,43,Palestinian Territory,Santa Cruz Sky Park,US,United States,NAM,North America,6/25/2022,SRU,Reuben Claesens,Cancelled
nJxjYQ,Peder,Cavalier,Male,53,China,Marromeu Airport,MZ,Mozambique,AF,Africa,07-11-2022,RRM,Winne Fisby,On Time
KHxLMm,Odette,Willes,Female,89,Poland,William P Hobby Airport,US,United States,NAM,North America,4/22/2022,HOU,Ibrahim Splevings,Cancelled
ZXBwN2,Camellia,Johansen,Female,46,Indonesia,Kalumburu Airport,AU,Australia,OC,Oceania,6/13/2022,UBU,Laird Pearmine,Cancelled
3miUXF,Heda,Tetley,Female,46,Democratic Republic of the Congo,Fukushima Airport,JP,Japan,AS,Asia,08-05-2022,FKS,Cinda Cheer,On Time
XdHA6g,Zolly,Leipoldt,Male,60,Burundi,Geraldton Airport,AU,Australia,OC,Oceania,09-07-2022,GET,Dulsea Grafham,Cancelled
MBxKXM,Fredia,Rilton,Female,20,Portugal,Nordholz Naval Airbase,DE,Germany,EU,Europe,6/28/2022,FCN,Dag Castelletti,Delayed
gtBAX5,Trixy,McGonnell,Female,9,Philippines,Shoreham Airport,GB,United Kingdom,EU,Europe,1/29/2022,ESH,Jean Pitt,Delayed
bNTv6X,Elden,Eadmeads,Male,56,Greece,Kenmore Air Harbor Seaplane Base,US,United States,NAM,North America,2/20/2022,LKE,Ulrich Crosser,Cancelled
p2nNGg,Pauletta,Sima,Female,20,Indonesia,Cooperstown-Westville Airport,US,United States,NAM,North America,2/24/2022,COP,Barney Moniker,Cancelled
BEEjjI,Crysta,Whiteford,Female,1,Indonesia,Liboi Airport,KE,Kenya,AF,Africa,10-04-2022,LBK,Eba Gilvary,Delayed
Vji8Lp,Lorette,Dulieu,Female,42,Mexico,West Memphis Municipal Airport,US,United States,NAM,North America,10-03-2022,AWM,Lyman Gethyn,On Time
lKH2US,Neall,Perham,Male,37,Indonesia,Persian Gulf International Airport,IR,"Iran, Islamic Republic of",AS,Asia,1/13/2022,PGU,Jacenta Bonsale,On Time
5I5CK8,Netti,Tracy,Female,67,Portugal,Kalemie Airport,CD,"Congo, The Democratic Republic of the",AF,Africa,09-08-2022,FMI,Marie-ann Martensen,Cancelled
ejvqD8,Cornie,Eytel,Female,49,Brazil,Afton Municipal Airport,US,United States,NAM,North America,8/19/2022,AFO,Harman Noto,Cancelled
LkIaDU,Jacklyn,Shewon,Female,23,China,Maestro Marinho Franco Airport,BR,Brazil,SAM,South America,5/16/2022,ROO,Blithe Norkutt,Delayed
Zxh4Pb,Rochette,Wims,Female,29,United States,Mejit Atoll Airport,MH,Marshall Islands,OC,Oceania,05-01-2022,MJB,Christiane Matej,On Time
6xaP0z,Kelley,Bendelow,Female,12,Indonesia,Caye Caulker Airport,BZ,Belize,NAM,North America,10-06-2022,CUK,Gladys Grinley,On Time
x1BOeZ,Rossy,Ibbotson,Male,78,Argentina,Pune Airport,IN,India,AS,Asia,8/28/2022,PNQ,Meier Garrould,Delayed
IooaFk,Ennis,Duck,Male,85,Azerbaijan,Queenstown Airport,ZA,South Africa,AF,Africa,5/27/2022,UTW,Paulo Mellanby,On Time
zSQPBX,Sam,Bibby,Male,33,Indonesia,Lancang Jingmai Airport,CN,China,AS,Asia,3/19/2022,JMJ,Conni Jeakins,Cancelled
XfmS3Y,Thibaut,Courtman,Male,31,Faroe Islands,Sultan Iskandar Muda International Airport,ID,Indonesia,AS,Asia,10/31/2022,BTJ,Falito Daid,Cancelled
5BllkG,Daile,Uwins,Female,78,United States,Salt Cay Airport,TC,Turks and Caicos Islands,NAM,North America,07-05-2022,SLX,Clerissa Pina,Cancelled
Wl3TMa,Barret,Waddingham,Male,68,China,Kopitnari Airport,GE,Georgia,AS,Asia,12/25/2022,KUT,Scott Cecil,Cancelled
zIeXXz,Karil,McGriele,Female,80,Ethiopia,Fossil Downs Airport,AU,Australia,OC,Oceania,05-03-2022,FSL,Stacy Lafrentz,On Time
i4Ua05,Alvin,Pantlin,Male,56,China,Merimbula Airport,AU,Australia,OC,Oceania,5/13/2022,MIM,Evangelin Gillbee,Delayed
PUuM2L,Margie,Bedbury,Female,82,United States,Dillon Airport,US,United States,NAM,North America,6/28/2022,DLN,Cherrita Tetlow,On Time
6dxRvR,Valerie,Woodcock,Female,29,Peru,San Gabriel Valley Airport,US,United States,NAM,North America,8/29/2022,EMT,Che Tommis,On Time
H0KIQp,Francyne,Bellwood,Female,72,Philippines,Kolda North Airport,SN,Senegal,AF,Africa,1/14/2022,KDA,Irma Hart,On Time
kFCfgR,Valdemar,Tuer,Male,30,Russia,Madison Municipal Airport,US,United States,NAM,North America,02-10-2022,MDN,Zeb Trevenu,Cancelled
SjWc6H,Tamra,Pilsbury,Female,40,Indonesia,Semnan Municipal Airport,IR,"Iran, Islamic Republic of",AS,Asia,9/28/2022,SNX,Kenn Deinert,On Time
evtYVB,Julius,Colebeck,Male,78,Russia,Picos Airport,BR,Brazil,SAM,South America,12/18/2022,PCS,Brod Sainsbury,Cancelled
1Wj4RI,Allene,O'Fihillie,Female,19,Finland,Aerodromo Goncalves Lobato (Viseu Airport),PT,Portugal,EU,Europe,3/22/2022,VSE,Kaitlin Yakunin,On Time
1QWV2C,Ely,Sutter,Male,5,Ukraine,Ahe Airport,PF,French Polynesia,OC,Oceania,2/23/2022,AHE,Reagan Fumagalli,Cancelled
ha9yiC,Humfried,Pallatina,Male,19,France,Auburn Lewiston Municipal Airport,US,United States,NAM,North America,11-04-2022,LEW,Ashlie Goodenough,Cancelled
wybP6Z,Ogden,Brabin,Male,18,Peru,Hamid Karzai International Airport,AF,Afghanistan,AS,Asia,6/16/2022,KBL,Gussy Tregust,Delayed
HrChCZ,Katherina,Serginson,Female,35,Jordan,Sir Charles Gaetan Duval Airport,MU,Mauritius,AF,Africa,04-02-2022,RRG,Gamaliel Fishbourne,Delayed
kdEg0T,Olenolin,Domenichelli,Male,89,Afghanistan,"Vardø Airport, Svartnes",NO,Norway,EU,Europe,5/22/2022,VAW,Mady Turbill,Delayed
aC4vlE,Zoe,Loverock,Female,40,Russia,Akjoujt Airport,MR,Mauritania,AF,Africa,3/15/2022,AJJ,Harlan Stronghill,Cancelled
IljKvw,Felecia,Filipczynski,Female,23,Indonesia,Cam Ranh Airport,VN,Viet Nam,AS,Asia,3/30/2022,CXR,Karie Seston,On Time
denHbf,Jessee,Sloey,Male,48,Poland,Bradshaw Army Airfield,US,United States,NAM,North America,11/16/2022,BSF,Nike Whorlton,Delayed
RV77xq,Armin,Elsby,Male,72,Philippines,Lemoore Naval Air Station (Reeves Field) Airport,US,United States,NAM,North America,12/29/2022,NLC,Nannette Spurnier,On Time
oUU2tl,Shell,Roller,Female,85,Poland,Thornhill Air Base,ZW,Zimbabwe,AF,Africa,11/27/2022,GWE,Isacco Manifold,Cancelled
hcyzkA,Wilfred,Silcocks,Male,26,China,Feijó Airport,BR,Brazil,SAM,South America,5/14/2022,FEJ,Eachelle Derrell,On Time
j8X6fb,Roanne,Torry,Female,4,Portugal,Orange-Caritat (BA 115) Air Base,FR,France,EU,Europe,09-06-2022,XOG,Muffin Grimbleby,Cancelled
rxalKK,Nial,Richarz,Male,19,Saudi Arabia,Tunxi International Airport,CN,China,AS,Asia,10-01-2022,TXN,Seymour Penwell,On Time
g3oPlN,Orlando,Phillott,Male,21,Portugal,Aurangabad Airport,IN,India,AS,Asia,01-04-2022,IXU,Codee Burril,Delayed
0vj8M6,Etan,Haresign,Male,10,Guadeloupe,Evansville Regional Airport,US,United States,NAM,North America,08-03-2022,EVV,Meredith Habbert,On Time
AN5Qw5,Desmond,Machin,Male,27,Yemen,Manatee Airport,BZ,Belize,NAM,North America,6/14/2022,MZE,Lari Veazey,Delayed
zxHSXY,Asia,Sculley,Female,10,Russia,Liboi Airport,KE,Kenya,AF,Africa,11/28/2022,LBK,Warden Phinn,On Time
fPAKDr,Allie,Loxdale,Male,90,Thailand,Nome Airport,US,United States,NAM,North America,11/20/2022,OME,Irma Robberecht,Delayed
HBV5TK,Verne,Greatbank,Male,29,Czech Republic,Barimunya Airport,AU,Australia,OC,Oceania,05-12-2022,BYP,Brandtr Waldie,Cancelled
dIh8kq,Rolando,Colbertson,Male,73,Japan,Osh Airport,KG,Kyrgyzstan,AS,Asia,6/20/2022,OSS,Colan Ruck,Delayed
Ya88lE,Sarajane,Tapp,Female,34,Philippines,Bisbee Municipal Airport,US,United States,NAM,North America,7/25/2022,BSQ,Hughie Ruffles,Delayed
ruYXOe,Garland,Eadington,Female,42,Russia,Ngukurr Airport,AU,Australia,OC,Oceania,10-07-2022,RPM,Gualterio Tortis,Cancelled
37L8U8,Gregg,Matei,Male,49,Philippines,Klagenfurt Airport,AT,Austria,EU,Europe,11/27/2022,KLU,Shaine Teffrey,Delayed
njkxk7,Torry,Huxton,Male,4,Democratic Republic of the Congo,Pama Airport,BF,Burkina Faso,AF,Africa,11/20/2022,XPA,Jojo Rapaport,Delayed
S7IMGD,Anselma,Mote,Female,72,Poland,William P Hobby Airport,US,United States,NAM,North America,09-01-2022,HOU,Rainer Nowak,Delayed
SybwuJ,Jolynn,Pinnigar,Female,36,Indonesia,Colonsay Airstrip,GB,United Kingdom,EU,Europe,11-08-2022,CSA,Rosemarie Wince,Delayed
ADJyV1,Humphrey,Annwyl,Male,34,Philippines,Cabinda Airport,AO,Angola,AF,Africa,5/25/2022,CAB,Donetta Cunde,On Time
Ajkagg,Carlynne,Baldacco,Female,33,France,Süleyman Demirel International Airport,TR,Turkey,AS,Asia,4/27/2022,ISE,Maximilien Moorhead,Cancelled
VgB58P,Clarabelle,Emor,Female,75,Indonesia,Industrial Airpark,US,United States,NAM,North America,12/29/2022,HBB,Consuela Jacobowits,On Time
hBrs0S,Elbert,Rochester,Male,44,South Africa,Alligandi Airport,PA,Panama,NAM,North America,09-09-2022,AIL,Cassie Scroyton,Delayed
YSJpZR,Moe,Courtney,Male,35,China,Greater Cumberland Regional Airport,US,United States,NAM,North America,5/23/2022,CBE,Kimberley Gready,Delayed
SzqdmX,Meredithe,Convery,Female,56,Russia,Desierto de Atacama Airport,CL,Chile,SAM,South America,08-01-2022,CPO,Marquita Dalyiel,Cancelled
Y9oKgN,Akim,Dunabie,Male,30,Argentina,Samedan Airport,CH,Switzerland,EU,Europe,9/20/2022,SMV,Corilla Cuzen,On Time
qfolUV,Ernesta,Staddart,Female,87,Portugal,Nakhon Ratchasima Airport,TH,Thailand,AS,Asia,9/25/2022,NAK,Sigmund McAllen,Cancelled
lrHaRa,Jessamine,Eliasen,Female,32,China,Dawson City Airport,CA,Canada,NAM,North America,7/21/2022,YDA,Gracie Painter,Delayed
1zSPEn,Anthea,Clemow,Female,34,Greece,Deputado Luiz Eduardo Magalhães International Airport,BR,Brazil,SAM,South America,6/29/2022,SSA,Carlynn Friberg,Cancelled
AyX2F8,Aurelia,Beilby,Female,60,Indonesia,Nelson Lagoon Airport,US,United States,NAM,North America,07-04-2022,NLG,Maurits Hearley,On Time
yk6gCk,Leanor,Trytsman,Female,82,Peru,Cap Skirring Airport,SN,Senegal,AF,Africa,9/17/2022,CSK,Christian Blincoe,Delayed
8i4sED,Matias,Mordaunt,Male,73,Indonesia,Grand Canyon Bar Ten Airstrip,US,United States,NAM,North America,04-02-2022,GCT,Dawn Szapiro,Delayed
Pf3WP9,Carol,Horry,Female,10,China,Ralph C Weiser Field,US,United States,NAM,North America,06-09-2022,AGO,Issie Gauler,On Time
Lcx45M,Rachel,Jowle,Female,7,Cameroon,Viru Harbour Airstrip,SB,Solomon Islands,OC,Oceania,10-02-2022,VIU,Sherwin Boddam,Cancelled
AcsIlk,Franciskus,Clynman,Male,82,Brazil,Afton Municipal Airport,US,United States,NAM,North America,11-02-2022,AFO,Hyman Lening,Cancelled
RHl8PY,Allyn,Brain,Female,83,Czech Republic,Base de Aviação de Taubaté Airport,BR,Brazil,SAM,South America,06-10-2022,QHP,Ira Euler,On Time
PQrAmu,Polly,Curzon,Female,63,Mexico,Bahawalpur Airport,PK,Pakistan,AS,Asia,09-12-2022,BHV,Auria Choppin,Cancelled
dBIuoI,Kalindi,Kenwell,Female,50,Pakistan,Aua Island Airport,PG,Papua New Guinea,OC,Oceania,04-09-2022,AUI,Terrill Burley,Delayed
3Vk62k,Geneva,Schneider,Female,7,China,Stephens Island Seaplane Base,AU,Australia,OC,Oceania,07-06-2022,STF,Roseline Pentelow,Cancelled
WTApUw,Valentino,Lynskey,Male,39,China,Iginniarfik,GL,Greenland,EU,Europe,05-02-2022,QFI,Matilda Ferrolli,Delayed
mgipNw,Stevy,Noton,Male,1,Czech Republic,"Paloich Airport, Heliport",SS,South Sudan,AF,Africa,06-12-2022,HGI,Shalna Kas,On Time
al4tzw,Aldo,Axworthy,Male,11,Indonesia,Sacheon Air Base/Airport,KR,"Korea, Republic of",AS,Asia,11-04-2022,HIN,Bethina Antrobus,On Time
eLC1tI,Cal,Rattrie,Female,22,Russia,Albertus Airport,US,United States,NAM,North America,03-01-2022,FEP,Tricia Keiley,On Time
mOcGk0,Donica,Finnimore,Female,47,Afghanistan,Oxnard Airport,US,United States,NAM,North America,3/26/2022,OXR,Natalie Siddeley,Cancelled
X0u3lK,Dion,Dorking,Male,13,Brazil,Guangyuan Airport,CN,China,AS,Asia,09-01-2022,GYS,Abrahan Mollin,Cancelled
gA2nVK,Gilles,Denley,Male,24,Peru,North Caicos Airport,TC,Turks and Caicos Islands,NAM,North America,9/19/2022,NCA,Johna Manis,On Time
7Kfzok,Basilius,Robillard,Male,79,China,Injune Airport,AU,Australia,OC,Oceania,12-12-2022,INJ,Jobie Norvel,Cancelled
X9njBT,Noelani,Tooher,Female,60,Portugal,Toulouse-Blagnac Airport,FR,France,EU,Europe,02-08-2022,TLS,Bonnie Gruby,On Time
t5rgG8,Venus,Yggo,Female,34,China,Anglesey Airport,GB,United Kingdom,EU,Europe,11-05-2022,VLY,Lori Van Hesteren,Cancelled
dZtEFz,Dinnie,Hundey,Female,66,Russia,Sarasota Bradenton International Airport,US,United States,NAM,North America,07-04-2022,SRQ,Benetta Roberson,Cancelled
b9ZPxn,Micheil,Courtois,Male,13,France,Timaru Airport,NZ,New Zealand,OC,Oceania,05-11-2022,TIU,Kristian Van Haeften,Delayed
P7RFst,Gilligan,Edgehill,Female,20,United States,Rochefort-Saint-Agnant (BA 721) Airport,FR,France,EU,Europe,5/19/2022,RCO,Zachery Bengle,On Time
Gai4w4,Bridgette,Gherarducci,Female,85,Nigeria,Staroselye Airport,RU,Russian Federation,EU,Europe,12/21/2022,RYB,Hannie Peterken,Delayed
Yw2acT,Juliana,Tilio,Female,66,Sweden,Ascona Airport,CH,Switzerland,EU,Europe,6/23/2022,ACO,Jandy Baldacchi,On Time
hhF8Mf,Walden,Broodes,Male,24,Argentina,Meadows Field,US,United States,NAM,North America,3/16/2022,BFL,Brnaby Bunclark,On Time
zEKOej,Ericka,Robbey,Female,56,Bulgaria,Maniitsoq Airport,GL,Greenland,EU,Europe,4/14/2022,JSU,Far Breeton,Delayed
Sw9Z9H,Minny,Bancroft,Female,68,Canada,Köthen Airport,DE,Germany,EU,Europe,03-09-2022,KOQ,Ertha Halsey,Cancelled
UikcSG,Hermon,O'Nion,Male,82,China,Ranger Municipal Airport,US,United States,NAM,North America,04-03-2022,RGR,Aleta Reilingen,Delayed
mEtlgM,Taddeo,Searchwell,Male,8,Malaysia,Cleveland Hopkins International Airport,US,United States,NAM,North America,11/25/2022,CLE,Toby Ropkes,Delayed
HfOVFO,Trumaine,Smewings,Male,76,Indonesia,Param Airport,PG,Papua New Guinea,OC,Oceania,9/26/2022,PPX,Carrie Brierton,On Time
356rOL,Sonnie,Oakley,Male,58,Brazil,Kivalina Airport,US,United States,NAM,North America,03-10-2022,KVL,Candra Burfitt,On Time
4qWAtK,Cinderella,Campany,Female,27,China,Santa Cruz Airport,BZ,Belize,NAM,North America,07-04-2022,STU,Casi Creigan,On Time
eLAcuY,Frasco,Harrington,Male,67,Finland,Tarapacá Airport,CO,Colombia,SAM,South America,07-01-2022,TCD,Alena Bywaters,Cancelled
3rWweg,Jillian,Bride,Female,41,Indonesia,Tshabong Airport,BW,Botswana,AF,Africa,10/16/2022,TBY,Karen Been,Cancelled
TUi8wT,Alexandr,Pottery,Male,3,Indonesia,Daly River Airport,AU,Australia,OC,Oceania,03-11-2022,DVR,Rourke Gowanlock,Delayed
HQGw6b,Rabi,Carbonell,Male,77,Russia,Palm Island Airport,AU,Australia,OC,Oceania,3/26/2022,PMK,Ondrea Napier,Cancelled
ZPXTcH,Gabi,Thieme,Male,82,United States,El Gora Airport,EG,Egypt,AF,Africa,09-04-2022,EGH,Lyndel Turfs,Cancelled
CNOiFk,Marcia,Gabbitas,Female,12,Sweden,Falls International Airport,US,United States,NAM,North America,11/27/2022,INL,Rebekah Hurndall,Delayed
T2MFvC,Terrye,Jaskowicz,Female,58,Indonesia,Peterborough Airport,CA,Canada,NAM,North America,4/13/2022,YPQ,Anderson Wahncke,On Time
i9rawr,Edvard,Letchmore,Male,7,Indonesia,Bremen Airport,DE,Germany,EU,Europe,09-09-2022,BRE,Baudoin Murricanes,Delayed
mu0wYC,Nesta,Mantripp,Female,38,China,Mountain Village Airport,US,United States,NAM,North America,7/24/2022,MOU,Beltran Lapping,On Time
PDxcaw,Raynard,Choat,Male,70,China,Campbell AAF (Fort Campbell) Air Field,US,United States,NAM,North America,04-07-2022,HOP,Rinaldo Ciobotaro,Delayed
VEyO4K,Timmie,Playhill,Female,76,Bulgaria,Tinak Airport,MH,Marshall Islands,OC,Oceania,07-04-2022,TIC,Farley Duley,Delayed
EWfrFP,Fawne,Luney,Female,61,Norway,Boryspil International Airport,UA,Ukraine,EU,Europe,04-09-2022,KBP,Ines Hallett,Delayed
e1saOf,Geri,Wolpert,Female,45,Philippines,Marawaka Airport,PG,Papua New Guinea,OC,Oceania,7/16/2022,MWG,Lionello Craighead,Delayed
6J3hxp,Travis,Matevosian,Male,12,Portugal,Banning Municipal Airport,US,United States,NAM,North America,5/31/2022,BNG,Zackariah Pere,Delayed
VmK4tN,Jethro,Hussey,Male,71,Ukraine,Ngloram Airport,ID,Indonesia,AS,Asia,5/24/2022,CPF,Abby Billows,On Time
f80y9z,Anthe,Meineken,Female,54,Ukraine,Barreirinhas Airport,BR,Brazil,SAM,South America,07-09-2022,BRB,Nellie Gissop,Delayed
VqvEFu,Edd,Tessington,Male,25,France,Lasham Airport,GB,United Kingdom,EU,Europe,02-11-2022,QLA,Vernor Gallant,On Time
QI8pJA,Jackqueline,Janout,Female,25,Philippines,Cauquira Airport,HN,Honduras,NAM,North America,03-12-2022,CDD,Karon Cubbino,Cancelled
qlhi69,Trescha,Fadian,Female,31,Kuwait,Kosti Airport,SD,Sudan,AF,Africa,01-12-2022,KST,Tedmund Martini,Cancelled
lQwD00,Hailee,Dekeyser,Female,44,Portugal,Halim Perdanakusuma International Airport,ID,Indonesia,AS,Asia,8/21/2022,HLP,Cherye Bernhardt,Delayed
YMtXEp,Odetta,Cornuau,Female,2,Vietnam,Meghauli Airport,NP,Nepal,AS,Asia,8/18/2022,MEY,Sayers Macci,On Time
8kU24w,Lonee,Slym,Female,80,New Zealand,Cherskiy Airport,RU,Russian Federation,AS,Asia,12-06-2022,CYX,Ody Nisius,Delayed
I67tyw,Florance,Govenlock,Female,4,China,Yotvata Airfield,IL,Israel,AS,Asia,01-05-2022,YOT,Chrisse Loach,Cancelled
XTB9fP,Roselia,Brunger,Female,36,Togo,Khatanga Airport,RU,Russian Federation,AS,Asia,11/13/2022,HTG,Cynthia Buesden,Cancelled
BcGOMY,Jo-ann,Pillans,Female,71,China,Kebar Airport,ID,Indonesia,AS,Asia,04-12-2022,KEQ,Baxy Bier,On Time
UMKzXl,Valeda,Powder,Female,43,China,Cradock Airport,ZA,South Africa,AF,Africa,1/16/2022,CDO,Sarah Brigginshaw,On Time
R7rlrB,Cassie,MacPhail,Male,79,Brazil,Presidente João Batista Figueiredo Airport,BR,Brazil,SAM,South America,12/19/2022,OPS,Susana McMenamy,Cancelled
r5Ft5e,Mathias,Le Noury,Male,75,Russia,Wabush Airport,CA,Canada,NAM,North America,5/20/2022,YWK,Giffy Lindsey,Delayed
chw31R,Turner,Yewman,Male,71,Thailand,Horta Airport,PT,Portugal,EU,Europe,6/13/2022,HOR,Darell Neising,Cancelled
fixIlA,Abbott,Gouldstone,Male,29,Indonesia,Cabo F.A.A. H. R. Bordón Airport,AR,Argentina,SAM,South America,12/28/2022,IGB,Shermy Stoller,Delayed
2e23DX,Herta,Jouandet,Female,46,Brazil,Lichinga Airport,MZ,Mozambique,AF,Africa,02-08-2022,VXC,Babbette Ravenscraft,Cancelled
g8OBNC,Noble,Leak,Male,16,Brazil,Lumi Airport,PG,Papua New Guinea,OC,Oceania,12-03-2022,LMI,Izaak Fendlow,On Time
CnCeHK,Brennan,O'Currine,Male,52,Brazil,Abraham Lincoln Capital Airport,US,United States,NAM,North America,11-11-2022,SPI,Ferdie Hugo,Cancelled
XG69zx,Lu,Charley,Female,8,Ecuador,Mount Isa Airport,AU,Australia,OC,Oceania,9/30/2022,ISA,Nikolas Berthel,Delayed
NBEtZU,Bradly,Dougan,Male,42,China,Maxwell Air Force Base,US,United States,NAM,North America,6/23/2022,MXF,Christoforo Sherebrook,On Time
5Q7jqH,Lise,Arrigucci,Female,24,Indonesia,Gimli Industrial Park Airport,CA,Canada,NAM,North America,6/26/2022,YGM,Berti Klimov,Delayed
S4PZ63,Estell,Geockle,Female,48,Indonesia,Grants Pass Airport,US,United States,NAM,North America,01-06-2022,GTP,Gertruda Armytage,Cancelled
vLPrKm,Garry,Sebright,Male,72,Poland,Armando Schwarck Airport,VE,"Venezuela, Bolivarian Republic of",SAM,South America,11/15/2022,LPJ,Evaleen McGrill,Cancelled
nrn4Dv,Loren,Cavell,Female,85,China,İncirlik Air Base,TR,Turkey,AS,Asia,9/24/2022,UAB,Bobbee Trenfield,Delayed
Ps5aEP,Vera,Dron,Female,72,Russia,Gällivare Airport,SE,Sweden,EU,Europe,4/21/2022,GEV,Franny Grange,Cancelled
9dfAOC,Abeu,Renals,Male,32,Russia,Khmelnytskyi Airport,UA,Ukraine,EU,Europe,10/28/2022,HMJ,Doralin Wimes,Cancelled
duiOaH,Brynne,Mitten,Female,55,Portugal,Poplar Bluff Municipal Airport,US,United States,NAM,North America,01-09-2022,POF,Hephzibah Bulfield,Cancelled
DNn0Rt,Netti,Webb-Bowen,Female,57,Iraq,Mindiptana Airport,ID,Indonesia,AS,Asia,12-11-2022,MDP,Tymon Spowart,Delayed
7nFgiu,Cyril,Mergue,Male,43,Myanmar,Mid-Carolina Regional Airport,US,United States,NAM,North America,1/16/2022,SRW,Hermine Walton,Delayed
KL5eHY,Graham,Garralts,Male,12,Philippines,Leaf Rapids Airport,CA,Canada,NAM,North America,05-11-2022,YLR,Bonnee Lipscomb,Cancelled
4rrXqw,Cross,Weller,Male,22,Indonesia,Prof. Eribelto Manoel Reino State Airport,BR,Brazil,SAM,South America,1/26/2022,SJP,Hester Cranstone,Delayed
EruNKk,Durante,Bourne,Male,80,China,Tawau Airport,MY,Malaysia,AS,Asia,01-01-2022,TWU,Ray Reyson,On Time
WzojCV,Dorothy,La Torre,Female,68,Nigeria,Tupile Airport,PA,Panama,NAM,North America,10-08-2022,TUE,Anatola McConaghy,On Time
lIgClc,Rodolphe,Goodband,Male,1,Russia,Grand Junction Regional Airport,US,United States,NAM,North America,12-08-2022,GJT,Janeen Freschi,Delayed
cETjTI,Siana,Roan,Female,2,Sweden,M'Bigou Airport,GA,Gabon,AF,Africa,01-08-2022,MBC,Keith Pizey,Cancelled
t1OVz8,Tiphany,Keasey,Female,89,Honduras,Gisborne Airport,NZ,New Zealand,OC,Oceania,3/16/2022,GIS,Tammie Winnister,Delayed
sOlOAo,Zilvia,Lovat,Female,74,Estonia,Brackett Field,US,United States,NAM,North America,1/16/2022,POC,Germaine Hofer,Cancelled
lYzAfR,Jen,Ower,Female,27,China,Greenway Sound Seaplane Base,CA,Canada,NAM,North America,10/28/2022,YGN,Jorgan Coils,Delayed
0pzHWh,Kathie,Gierok,Female,10,Mexico,Matsuyama Airport,JP,Japan,AS,Asia,8/30/2022,MYJ,Freddie Le Prevost,On Time
U5Opmy,Delilah,Bovingdon,Female,34,Brazil,Greenville Sinoe Airport,LR,Liberia,AF,Africa,03-01-2022,SNI,Madella Mauchline,Cancelled
G3ZODw,Rollin,Greason,Male,67,United States,Roper Bar Airport,AU,Australia,OC,Oceania,12-02-2022,RPB,Sven Barrand,Delayed
nd6maF,Carolus,MacGow,Male,68,Nigeria,Anthony Municipal Airport,US,United States,NAM,North America,9/26/2022,ANY,Oralla Antonioni,Cancelled
kkXeiG,Margalo,Armour,Female,43,United States,Île des Pins Airport,NC,New Caledonia,OC,Oceania,6/18/2022,ILP,Grier Izzard,On Time
vE4Wnt,Adelind,Tucsell,Female,43,South Korea,Munda Airport,SB,Solomon Islands,OC,Oceania,9/30/2022,MUA,Fairleigh McWaters,Cancelled
Gua5rI,Michael,Offill,Male,48,Indonesia,West Bend Municipal Airport,US,United States,NAM,North America,5/25/2022,ETB,Reinaldos Novis,Delayed
gxlMfb,Nollie,Croxley,Female,21,Burkina Faso,Virginia Highlands Airport,US,United States,NAM,North America,9/17/2022,VJI,Tedi Skipsea,Cancelled
TkvOfr,Katina,Mowday,Female,6,Philippines,Langeoog Airport,DE,Germany,EU,Europe,11-07-2022,LGO,Cameron Elsmor,Delayed
7BbT4I,Ann-marie,Wealleans,Female,46,China,Eveleth Virginia Municipal Airport,US,United States,NAM,North America,12-12-2022,EVM,Quinlan Frostdicke,On Time
wCM5DR,Rikki,Reah,Male,48,Indonesia,Youngstown Warren Regional Airport,US,United States,NAM,North America,9/22/2022,YNG,Burke Tilio,Cancelled
Oqc8gm,Emilie,Mervyn,Female,70,China,Tallahassee Regional Airport,US,United States,NAM,North America,10/29/2022,TLH,Jilleen Greenrde,On Time
N0vdDE,Javier,Gollin,Male,90,French Polynesia,Texada Gillies Bay Airport,CA,Canada,NAM,North America,12-01-2022,YGB,Enrica Anscott,On Time
LEzJu6,Verine,Wastell,Female,52,Indonesia,Maverick County Memorial International Airport,US,United States,NAM,North America,10/24/2022,EGP,Heall Paradyce,On Time
PjIEFJ,Thom,Backhouse,Male,32,Syria,Sywell Aerodrome,GB,United Kingdom,EU,Europe,04-04-2022,ORM,Isa Cornforth,On Time
LGMzpu,Elihu,Pilgram,Male,81,Philippines,Wapekeka Airport,CA,Canada,NAM,North America,11-10-2022,YAX,Massimo Welton,On Time
jIUPUk,Even,Shatliffe,Male,11,Croatia,RAF Mildenhall,GB,United Kingdom,EU,Europe,09-01-2022,MHZ,Mikel Hosburn,On Time
0rWQ1K,Colin,Heardman,Male,89,Philippines,Makoua Airport,CG,Congo,AF,Africa,6/13/2022,MKJ,Suki Torrisi,Delayed
DxysxI,Coralyn,Morewood,Female,50,China,Hjaltabakki Airport,IS,Iceland,EU,Europe,11/30/2022,BLO,Winny Wallman,On Time
YTvfTE,Temple,Chatburn,Male,90,Indonesia,Tangalooma Airport,AU,Australia,OC,Oceania,11/14/2022,TAN,Tristam McNab,On Time
5yNiml,Gretna,Laing,Female,29,Sweden,Asirim Airport,PG,Papua New Guinea,OC,Oceania,06-04-2022,ASZ,Darcie Sherman,On Time
YFJLSR,Bertina,Boame,Female,22,Hungary,Bamiyan Airport,AF,Afghanistan,AS,Asia,11-01-2022,BIN,Ancell Leicester,On Time
pzG9gv,Roshelle,Vautrey,Female,64,Pakistan,Central Maine Airport of Norridgewock,US,United States,NAM,North America,7/15/2022,OWK,Rahel Bettles,On Time
xcFBnm,Nester,Kale,Male,54,Poland,Kirundo Airport,BI,Burundi,AF,Africa,7/18/2022,KRE,Kearney Jendricke,Delayed
E5a9MT,Flossi,Surgen,Female,7,Palestinian Territory,Locarno Airport,CH,Switzerland,EU,Europe,10/30/2022,ZJI,Dedra Lynd,Delayed
AQEWvb,Dunc,Mallia,Male,59,Indonesia,Maués Airport,BR,Brazil,SAM,South America,10/18/2022,MBZ,Bria Pagitt,On Time
3bESTS,Beverley,Fritschmann,Female,81,France,Chandigarh Airport,IN,India,AS,Asia,8/28/2022,IXC,Sully Scanlin,On Time
B4VXt5,Laurent,Agutter,Male,35,France,Mindik Airport,PG,Papua New Guinea,OC,Oceania,7/26/2022,MXK,Aeriel Calbaithe,On Time
KRyyJ8,Gawen,Woolstenholmes,Male,70,Morocco,Cortina Airport,IT,Italy,EU,Europe,4/23/2022,CDF,Tani Didball,Cancelled
TUV8RT,Germain,Van den Broek,Male,30,China,Princeton Airport,US,United States,NAM,North America,4/13/2022,PCT,Olva Nutbean,On Time
qfivoB,Silas,Lithgow,Male,90,Indonesia,Istanbul Airport,TR,Turkey,AS,Asia,12-08-2022,IST,Lucy Boissieux,On Time
Bkvi6O,Adrianne,Magrannell,Female,1,Indonesia,Dimapur Airport,IN,India,AS,Asia,01-09-2022,DMU,Marcelia Sherborn,Delayed
ZBBmvb,Davie,Crackel,Male,1,Iran,Aerodromo Goncalves Lobato (Viseu Airport),PT,Portugal,EU,Europe,11/29/2022,VSE,Stephanie Luton,Cancelled
ndN8hd,Haslett,Demead,Male,11,China,Babelthuap Airport,PW,Palau,OC,Oceania,11-01-2022,ROR,Nonnah Leveret,Cancelled
dDP7rx,Stirling,McInulty,Male,82,Bangladesh,Limbunya Airport,AU,Australia,OC,Oceania,04-09-2022,LIB,Donovan Franscioni,On Time
Nfsqbz,Christos,Abdie,Male,76,China,Andorra la Vella Heliport,AD,Andorra,EU,Europe,11/27/2022,ALV,Giuditta Clymo,Cancelled
aPSjB3,Elizabet,Currom,Female,75,Russia,Suabi Airport,PG,Papua New Guinea,OC,Oceania,11/27/2022,SBE,Ulla Averay,On Time
ULapem,Kincaid,Hamon,Male,7,Peru,Ljubljana Jože Pučnik Airport,SI,Slovenia,EU,Europe,02-06-2022,LJU,Bryn Caven,Delayed
WmYbGt,Benyamin,Walton,Male,53,China,Málaga Airport,ES,Spain,EU,Europe,10/25/2022,AGP,Ernesta Gretham,On Time
u6V8eE,Philippe,Jakubczyk,Female,57,France,Sultan Ismail Petra Airport,MY,Malaysia,AS,Asia,8/22/2022,KBR,Vernon Taggett,On Time
ZLxb2A,Hermine,Kester,Female,62,Poland,Lab Lab Airport,PG,Papua New Guinea,OC,Oceania,09-04-2022,LAB,Lorianne Hutten,On Time
tWqOND,Ferdie,York,Male,58,Poland,Budapest Liszt Ferenc International Airport,HU,Hungary,EU,Europe,6/19/2022,BUD,Sasha Bernette,On Time
GXNtRv,Chadwick,Caple,Male,65,Gabon,Friday Harbor Seaplane Base,US,United States,NAM,North America,01-12-2022,FBS,Marcella Addyman,On Time
wY7POp,Charlene,Posthill,Female,55,Chile,Bassel Al-Assad International Airport,SY,Syrian Arab Republic,AS,Asia,02-08-2022,LTK,Joline Mixer,Cancelled
psX95t,Brennan,Zammitt,Male,11,China,Aspen-Pitkin Co/Sardy Field,US,United States,NAM,North America,3/16/2022,ASE,Law Grumbridge,On Time
zJDLq7,Tanny,Royston,Male,28,China,Lemmon Municipal Airport,US,United States,NAM,North America,4/20/2022,LEM,Lin L'argent,Delayed
nSawzg,Hulda,Sharkey,Female,35,Cuba,Guriaso (Keraso) Airport,PG,Papua New Guinea,OC,Oceania,12/24/2022,GUE,Sandor Emmert,On Time
aXTkGD,Sergio,Kaesmakers,Male,87,China,Manaung Airport,MM,Myanmar,AS,Asia,02-08-2022,MGU,Hillyer Duffield,On Time
0lVwZt,Dido,Ronald,Female,78,Uruguay,Detroit Lakes Airport - Wething Field,US,United States,NAM,North America,7/31/2022,DTL,Joseito Grafhom,Delayed
5ZkET2,Lavinia,Rosentholer,Female,2,Indonesia,Pirapora Airport,BR,Brazil,SAM,South America,12/24/2022,PIV,Ernesto Gino,Cancelled
7Dt0i7,Melisent,Knapper,Female,66,Indonesia,Clayton Municipal Airpark,US,United States,NAM,North America,4/22/2022,CAO,Jandy Allsupp,Cancelled
qstGwI,Pall,Stagge,Male,42,Tanzania,Cluny Airport,AU,Australia,OC,Oceania,9/23/2022,CZY,Murdoch Cosely,Cancelled
5Dmliq,Leelah,Aitcheson,Female,45,Portugal,Kitkatla Seaplane Base,CA,Canada,NAM,North America,08-07-2022,YKK,Eugenius Hosten,Delayed
Gy41ii,Ida,Youngs,Female,4,China,Jérémie Airport,HT,Haiti,NAM,North America,8/31/2022,JEE,Matilda Earwicker,Delayed
HBZaDT,Lane,Studdeard,Male,66,China,Wedau Airport,PG,Papua New Guinea,OC,Oceania,4/14/2022,WED,Josefina Penniell,On Time
TOwg7s,Dasha,Jimpson,Female,84,Indonesia,Ketapang(Rahadi Usman) Airport,ID,Indonesia,AS,Asia,5/23/2022,KTG,Tiffi Medeway,Delayed
J3p7wx,Norbert,Corker,Male,13,Portugal,"Szczecin-Goleniów ""Solidarność"" Airport",PL,Poland,EU,Europe,8/17/2022,SZZ,D'arcy Kingscote,Delayed
JuoON5,Stavros,Mordanti,Male,86,France,Tarin Kowt Airport,AF,Afghanistan,AS,Asia,01-04-2022,TII,Zena Georgescu,Delayed
R65HD0,Mike,Bremley,Male,76,Greece,Gwaunaru'u Airport,SB,Solomon Islands,OC,Oceania,03-02-2022,AKS,Jobye Belz,On Time
5aOtI0,Ruthanne,Stivers,Female,45,Philippines,Fort Mackay / Firebag,CA,Canada,NAM,North America,10/29/2022,YFI,Kahlil Balint,Delayed
bxkHQU,Corey,Orton,Male,15,Venezuela,La Abraq Airport,LY,Libya,AF,Africa,7/15/2022,LAQ,Abrahan Glanert,Cancelled
yv2eqd,Modesty,Olivier,Female,57,Vietnam,Paris-Le Bourget Airport,FR,France,EU,Europe,1/17/2022,LBG,Paulette Cluse,Cancelled
oAJdb6,Adeline,Allberry,Female,71,China,Chitato Airport,AO,Angola,AF,Africa,02-08-2022,PGI,Chandra Gannaway,Delayed
eBh61n,Theadora,Devany,Female,72,China,Genoa Cristoforo Colombo Airport,IT,Italy,EU,Europe,4/29/2022,GOA,Benny Atrill,On Time
VSEKb7,Ashlin,Taylorson,Male,35,Portugal,Lake Buena Vista STOLport,US,United States,NAM,North America,10/22/2022,DWS,Kally Freschi,On Time
0QFs4q,Tadd,Dallyn,Male,60,Indonesia,Basankusu Airport,CD,"Congo, The Democratic Republic of the",AF,Africa,12/19/2022,BSU,Lila Siggens,Delayed
QV9J2i,Donnajean,Sheers,Female,77,Vietnam,Nappa Merrie Airport,AU,Australia,OC,Oceania,11-05-2022,NMR,Gunilla Fedorski,Cancelled
cmYTqQ,Libbey,Gerrels,Female,83,Nigeria,Bambu Airport,PG,Papua New Guinea,OC,Oceania,12/30/2022,BCP,Ronnie Guidera,Cancelled
QjAoHc,Carlee,Johl,Female,64,Libya,Cut Bank International Airport,US,United States,NAM,North America,07-12-2022,CTB,Irving Tubbs,Delayed
zevV31,Nil,Harmston,Male,81,China,Umuarama Airport,BR,Brazil,SAM,South America,12/27/2022,UMU,Patrick Sotheron,Delayed
IT9QRV,Kalvin,Reilly,Male,39,Kazakhstan,N'Délé Airport,CF,Central African Republic,AF,Africa,6/22/2022,NDL,Anitra Wrinch,Delayed
1Wh4hb,Lorne,Bisseker,Female,70,China,Chigorodó Airport,CO,Colombia,SAM,South America,10/19/2022,IGO,Gilbert Garza,On Time
u2rIPZ,Vikky,Malthouse,Female,45,Chad,St. Peter-Ording Airport,DE,Germany,EU,Europe,08-04-2022,PSH,Werner Wooster,Cancelled
dtWxIO,Haslett,Leckey,Male,20,Brazil,Ciudad Real Central Airport,ES,Spain,EU,Europe,4/29/2022,CQM,Federico Cammiemile,Cancelled
FyIsKU,Angel,Havick,Male,82,China,Jacksonville International Airport,US,United States,NAM,North America,6/30/2022,JAX,Llywellyn Plester,Delayed
ptMqrn,Elisabet,Zarfati,Female,53,Kenya,Derby Airport,AU,Australia,OC,Oceania,11/28/2022,DRB,Randolf Alentyev,Delayed
lhmIgN,Stephanus,Telling,Male,4,Philippines,Dayong Airport,CN,China,AS,Asia,11/24/2022,DYG,Kyla Fleckno,Delayed
LUUhdt,Nana,Sympson,Female,72,Colombia,Quion Hill Airport,VU,Vanuatu,OC,Oceania,08-05-2022,UIQ,Pincus Gadson,Cancelled
suBx0d,Timi,Romi,Female,49,Peru,Temora Airport,AU,Australia,OC,Oceania,5/28/2022,TEM,Shayna Halfacree,Cancelled
IiIgLg,Hersh,Gosby,Male,32,United States,Itaituba Airport,BR,Brazil,SAM,South America,2/19/2022,ITB,Lindi Carl,On Time
LeB7D5,Johnathan,Sadd,Male,11,Slovenia,Jose De San Martin Airport,AR,Argentina,SAM,South America,9/26/2022,JSM,Andeee Byars,Delayed
6bcQiV,Asher,Limprecht,Male,20,Albania,Haines Airport,US,United States,NAM,North America,2/23/2022,HNS,Merridie Grabb,Cancelled
I6g0MG,Margalo,Jurasek,Female,45,Indonesia,Bernay – St Martin Airport,FR,France,EU,Europe,10/29/2022,XBX,Tedi Buckthorp,Delayed
1NpyqT,Amargo,Rumbold,Female,55,France,Platinum Airport,US,United States,NAM,North America,5/20/2022,PTU,Brien Szymoni,Cancelled
TXRxXb,Tally,Stothard,Female,56,Germany,Trincomalee Harbor Waterdrome,LK,Sri Lanka,AS,Asia,12-05-2022,THW,Ruprecht Phizackerly,Delayed
x0f8ot,Mycah,Longhurst,Male,11,South Korea,Northeast Florida Regional Airport,US,United States,NAM,North America,1/29/2022,UST,Ken Earengey,Delayed
oOknIL,Karl,Fludder,Male,48,Yemen,Pittsburgh/Butler Regional Airport,US,United States,NAM,North America,04-06-2022,BTP,Roselle Mancer,On Time
PqTO60,Florentia,Boggs,Female,17,Poland,Poplar Bluff Municipal Airport,US,United States,NAM,North America,11/21/2022,POF,Haleigh Hardi,Delayed
W0FIT6,Umeko,Duddan,Female,39,Brazil,Alert Airport,CA,Canada,NAM,North America,02-02-2022,YLT,Kristen Martschik,On Time
HIUkQY,Genna,Cafferty,Female,58,Czech Republic,Holy Cross Airport,US,United States,NAM,North America,08-07-2022,HCR,Lev Knell,On Time
9CHKMf,Ana,Gouldeby,Female,31,Czech Republic,Deauville-Saint-Gatien Airport,FR,France,EU,Europe,01-03-2022,DOL,Nicola Dearnaly,Delayed
KXbFZe,Erin,Readhead,Male,62,Philippines,Jurien Bay Airport,AU,Australia,OC,Oceania,1/26/2022,JUR,Paquito Masding,Delayed
VKD9JN,Jocko,Outerbridge,Male,44,China,Lebakeng Airport,LS,Lesotho,AF,Africa,11-11-2022,LEF,Ava Domesday,On Time
hD6w2f,Avril,Spoole,Female,82,China,Renton Municipal Airport,US,United States,NAM,North America,09-11-2022,RNT,Janie Ballsdon,Cancelled
bBQG1w,Raquel,Alessandone,Female,42,Thailand,Kashgar Airport,CN,China,AS,Asia,10/13/2022,KHG,Gilbertine Oakenfield,On Time
sfF6TF,Bradly,Clewett,Male,58,Bangladesh,Willow Airport,US,United States,NAM,North America,3/22/2022,WOW,Alard Ecclestone,Delayed
ObPapE,Eric,Fallon,Male,32,China,Martindale Army Heliport,US,United States,NAM,North America,07-02-2022,MDA,Lelah Romeo,Cancelled
zu48gd,Cordie,Penniell,Male,68,China,Smyrna Airport,US,United States,NAM,North America,04-10-2022,MQY,Palm Satcher,Cancelled
JhlJgw,Richardo,Munslow,Male,30,China,Arvaikheer Airport,MN,Mongolia,AS,Asia,07-09-2022,AVK,Sharlene Geyton,Delayed
msKgav,Benjamen,Tessier,Male,22,Indonesia,Miri Airport,MY,Malaysia,AS,Asia,11-02-2022,MYY,Doreen Bilston,On Time
yoqRpt,Abbie,Sobey,Male,54,Malaysia,Sukhothai Airport,TH,Thailand,AS,Asia,6/13/2022,THS,Anastasie Troy,Cancelled
Iqczmz,Hetty,Claisse,Female,35,China,Pattaya Airpark,TH,Thailand,AS,Asia,1/28/2022,PYX,Francois Toffolini,Delayed
n5B4Wz,Ruttger,Hesse,Male,67,Yemen,Fuyun Koktokay Airport,CN,China,AS,Asia,7/31/2022,FYN,Marthena Jiracek,Cancelled
ulKBpj,Jaquelin,Harwick,Female,14,China,Capitán Av. Selin Zeitun Lopez Airport,BO,"Bolivia, Plurinational State of",SAM,South America,7/28/2022,RIB,Hanny Hamby,Cancelled
RPlmrb,Ring,Comellini,Male,11,China,Gävle Sandviken Airport,SE,Sweden,EU,Europe,03-09-2022,GVX,Hanny Tuffell,Cancelled
7Bvfgr,Anderea,Karpeev,Female,43,Indonesia,Silchar Airport,IN,India,AS,Asia,08-09-2022,IXS,Frederico Tacker,Cancelled
pt2dCQ,Frannie,Rudolph,Male,36,Bulgaria,Donegal Airport,IE,Ireland,EU,Europe,5/18/2022,CFN,Royce Ulster,On Time
m5MScg,Gianni,Donneely,Male,37,Malta,Vicenza Airport,IT,Italy,EU,Europe,12-06-2022,VIC,Cleopatra Puddin,Delayed
EsNuaf,Leia,Holde,Female,23,Russia,RNZAF Base Ohakea,NZ,New Zealand,OC,Oceania,5/21/2022,OHA,Lenka Ferrillo,On Time
N1isdi,Chalmers,Kingsnoad,Male,14,Algeria,Buri Ram Airport,TH,Thailand,AS,Asia,01-04-2022,BFV,Tull Corey,Cancelled
HQtGX1,Luca,Dabs,Male,42,Chile,Port Hardy Airport,CA,Canada,NAM,North America,9/27/2022,YZT,Kerr Pryce,Delayed
otlPkO,Rayna,Gisborne,Female,66,Czech Republic,Ascona Airport,CH,Switzerland,EU,Europe,7/25/2022,ACO,Tandy O'Gaven,On Time
VHGldW,Giorgia,Cella,Female,5,France,Baise Youjiang Airport,CN,China,AS,Asia,7/17/2022,AEB,Dolorita Matura,Cancelled
PV1zPk,Barret,Blatcher,Male,89,China,Genting Airport,MY,Malaysia,AS,Asia,7/19/2022,GTB,Odele Bernier,Delayed
7mhtbj,Ronnie,Gabey,Male,1,China,Great Falls International Airport,US,United States,NAM,North America,6/29/2022,GTF,Jayne Abelson,Delayed
5EYQXC,Mannie,Hayen,Male,27,China,Chub Cay Airport,BS,Bahamas,NAM,North America,6/17/2022,CCZ,Trevor Hayball,Cancelled
gZNhHm,Gerick,Domingues,Male,12,Philippines,North West Santo Airport,VU,Vanuatu,OC,Oceania,8/22/2022,OLJ,Perrine Duckit,Cancelled
siUvoZ,Andi,M'Quharge,Female,38,China,Olympic Dam Airport,AU,Australia,OC,Oceania,1/15/2022,OLP,Reyna Dundon,Cancelled
oicsJi,Franklyn,Goldthorpe,Male,76,Kazakhstan,Drake Bay Airport,CR,Costa Rica,NAM,North America,05-06-2022,DRK,Christin Heinssen,On Time
kEJuPI,Livvyy,Penylton,Female,76,Chile,Tessenei Airport,ER,Eritrea,AF,Africa,03-04-2022,TES,Kile Flarity,Cancelled
uEB2IJ,Lelah,Portsmouth,Female,17,Slovenia,Mafeteng Airport,LS,Lesotho,AF,Africa,11/20/2022,MFC,Rebecca Weond,Cancelled
EyJkep,Iosep,Attew,Male,74,Argentina,Smith Field,US,United States,NAM,North America,08-05-2022,SLG,Artur de Courcy,Cancelled
OZyl9e,Cherie,Monks,Female,35,Albania,Tokoroa Airfield,NZ,New Zealand,OC,Oceania,12-04-2022,TKZ,Shara Dell 'Orto,Cancelled
8GHPGd,Mickie,Wales,Female,25,Panama,Konawaruk Airport,GY,Guyana,SAM,South America,9/17/2022,KKG,Adah Maloney,Cancelled
iM6h4k,Renault,Collopy,Male,84,Indonesia,José Leonardo Chirinos Airport,VE,"Venezuela, Bolivarian Republic of",SAM,South America,11/24/2022,CZE,Margi Fradgley,Delayed
57ysIw,Fey,Gartell,Female,32,China,Gostomel Airport,UA,Ukraine,EU,Europe,8/24/2022,GML,Darby Speddin,On Time
GUta6R,Amberly,Handling,Female,32,China,Farmington Regional Airport,US,United States,NAM,North America,03-07-2022,FAM,Lothaire Eades,Delayed
Zftz9Z,Loralie,Dalbey,Female,41,Jordan,Woodie Woodie Airport,AU,Australia,OC,Oceania,6/22/2022,WWI,Gamaliel Saffen,Cancelled
ycqu4j,Lizzy,Postlewhite,Female,42,Argentina,San Miguel Airport,PA,Panama,NAM,North America,10/17/2022,NMG,Maia Groom,Delayed
5lWGPy,Thelma,Gabbitas,Female,25,Peru,Jinnah International Airport,PK,Pakistan,AS,Asia,12/19/2022,KHI,Roberta Harford,Delayed
wjqKIV,Odilia,Cahill,Female,21,Brazil,Fougamou Airport,GA,Gabon,AF,Africa,3/29/2022,FOU,Lucretia Dellenbroker,Cancelled
rpVzy5,Gustie,Weller,Female,55,Norway,Ulyanovsk East Airport,RU,Russian Federation,EU,Europe,1/30/2022,ULY,Cindee Khrishtafovich,On Time
VfxEeG,Cherise,St Louis,Female,23,South Africa,Rangiroa Airport,PF,French Polynesia,OC,Oceania,09-09-2022,RGI,Letta Harrod,On Time
q7qE4i,Beverlie,Blissitt,Female,45,Indonesia,Chinguetti Airport,MR,Mauritania,AF,Africa,08-06-2022,CGT,Gwenni Mancktelow,On Time
QkXYSO,Vicki,Pargiter,Female,53,Indonesia,Bekily Airport,MG,Madagascar,AF,Africa,4/14/2022,OVA,Llewellyn Milnes,Cancelled
CdQElS,Beret,Barszczewski,Female,55,Palestinian Territory,Nampula Airport,MZ,Mozambique,AF,Africa,8/19/2022,APL,Chantal Leare,On Time
kI2RGM,Findlay,Bouzan,Male,17,Canada,Trivandrum International Airport,IN,India,AS,Asia,3/16/2022,TRV,Jud Gonoude,Cancelled
4886RL,Yank,Beves,Male,13,China,Easterwood Field,US,United States,NAM,North America,09-03-2022,CLL,Esmaria Dash,On Time
jPpKKv,Berkie,Walkingshaw,Male,54,Luxembourg,Margaret Ekpo International Airport,NG,Nigeria,AF,Africa,10-03-2022,CBQ,Davida Beckett,Cancelled
aSEkph,Sherline,Timblett,Female,48,Sweden,Samui Airport,TH,Thailand,AS,Asia,7/26/2022,USM,Eldredge Ossulton,On Time
s79ZVg,Muffin,Matitiaho,Female,6,Russia,El Palomar Airport,AR,Argentina,SAM,South America,12/30/2022,EPA,Delaney Balnave,Delayed
3AEmQk,Starr,Gatch,Female,45,Philippines,Cerro Largo International Airport,UY,Uruguay,SAM,South America,12-02-2022,MLZ,Sheree Huegett,Cancelled
bvoYxD,Jase,Hindhaugh,Male,50,Philippines,Obock Airport,DJ,Djibouti,AF,Africa,11/14/2022,OBC,Briggs Marchington,Cancelled
Ye4FiP,Edeline,Larderot,Female,62,Poland,Jahrom Airport,IR,"Iran, Islamic Republic of",AS,Asia,5/27/2022,JAR,Hyacinthia Alliot,Cancelled
0mNwC8,Linus,Escott,Male,81,Indonesia,Wiscasset Airport,US,United States,NAM,North America,01-02-2022,ISS,Harlie Magnar,Cancelled
me2vej,Mordy,Mattusov,Male,80,Argentina,Barrow County Airport,US,United States,NAM,North America,4/25/2022,WDR,Irena Herreran,On Time
zW9lUT,Wren,Iorillo,Female,57,China,Abbotsford Airport,CA,Canada,NAM,North America,09-04-2022,YXX,Bogey Ghiriardelli,On Time
fUi123,Meredithe,Frissell,Female,51,Poland,Elk City Regional Business Airport,US,United States,NAM,North America,9/24/2022,ELK,Horatius Schukraft,Delayed
kv6ZJI,Rich,Macenzy,Male,63,Colombia,Debepare Airport,PG,Papua New Guinea,OC,Oceania,10-02-2022,DBP,Genevieve Chantrell,Cancelled
AARfxr,Gianni,Avrasin,Male,10,Brazil,General Mitchell International Airport,US,United States,NAM,North America,08-01-2022,MKE,Payton Bhatia,Cancelled
dwJKec,Ilaire,Dunnaway,Male,47,Poland,Marion Municipal Airport,US,United States,NAM,North America,7/23/2022,MZZ,Danny Allsepp,Cancelled
jiKOx0,Callida,Aloshkin,Female,58,China,Manakara Airport,MG,Madagascar,AF,Africa,3/30/2022,WVK,Greggory Berthod,Cancelled
H20QOt,Harper,Guitonneau,Male,69,China,Makurdi Airport,NG,Nigeria,AF,Africa,10-01-2022,MDI,Weston Huskisson,Delayed
fhyezr,Royal,Lebang,Male,77,Czech Republic,Perth International Airport,AU,Australia,OC,Oceania,09-10-2022,PER,Aurelie MacCague,On Time
tTwbI2,Celeste,Hulance,Female,26,China,Josefa Camejo International Airport,VE,"Venezuela, Bolivarian Republic of",SAM,South America,1/16/2022,LSP,Sidonia Pach,Cancelled
7cNYkJ,Pepe,Aronovitz,Male,87,Bulgaria,Vichy-Charmeil Airport,FR,France,EU,Europe,11-07-2022,VHY,Hatti Warner,Cancelled
D3NM5r,Dannie,Astle,Female,88,North Korea,Chippewa County International Airport,US,United States,NAM,North America,05-04-2022,CIU,Esther Iashvili,Cancelled
ci8nDq,Harmony,Rounsivall,Female,19,China,Drayton Valley Industrial Airport,CA,Canada,NAM,North America,08-02-2022,YDC,Harley Rozet,Delayed
4C8mM3,Min,Reddoch,Female,51,Seychelles,Fergana International Airport,UZ,Uzbekistan,AS,Asia,03-02-2022,FEG,Cecilla Potts,On Time
qhqes4,Thor,Carwithen,Male,79,Mexico,Qamdo Bangda Airport,CN,China,AS,Asia,3/22/2022,BPX,Yalonda Benitti,Delayed
EwxV61,Langsdon,Lowne,Male,64,Thailand,Sissano Airport,PG,Papua New Guinea,OC,Oceania,12/22/2022,SIZ,Price Triplet,On Time
mKXp1t,Jenilee,Goodman,Female,48,China,Hato Corozal Airport,CO,Colombia,SAM,South America,4/25/2022,HTZ,Wilbert Lemonby,Delayed
uGwwfZ,Quinton,Waumsley,Male,55,Norway,Bandaranaike International Colombo Airport,LK,Sri Lanka,AS,Asia,3/14/2022,CMB,Bee Manley,On Time
NeMWdY,Janeen,Crosetto,Female,88,Bulgaria,M. R. Štefánik Airport,SK,Slovakia,EU,Europe,9/20/2022,BTS,Pace Van Vuuren,Delayed
jWWX4v,Nina,Tremmel,Female,57,Poland,Ólafsfjörður Airport,IS,Iceland,EU,Europe,10/26/2022,OFJ,Elsie Jancy,Delayed
E3xBOM,Ellery,Springham,Male,54,China,Natashquan Airport,CA,Canada,NAM,North America,2/19/2022,YNA,Willyt Welburn,On Time
yvvC3E,Thurstan,Ellsom,Male,74,Mexico,Ciudad Acuña New International Airport,MX,Mexico,NAM,North America,05-02-2022,ACN,Dyane Teese,Delayed
y6Q4jp,Karyl,Propper,Female,28,China,San Javier Airport,ES,Spain,EU,Europe,07-07-2022,MJV,Gaspard Kohn,On Time
xtSXAN,Jo-ann,Hacard,Female,27,United States,Malevo Airport,BG,Bulgaria,EU,Europe,5/26/2022,HKV,Celle Cawthry,Delayed
IsgS0k,Constantino,Peskin,Male,24,Brazil,Bhadrapur Airport,NP,Nepal,AS,Asia,7/19/2022,BDP,Stern Heberden,Delayed
m4t4X0,Kirsti,Burgoyne,Female,36,Japan,N'Délé Airport,CF,Central African Republic,AF,Africa,08-03-2022,NDL,Tyrus Heinl,On Time
wcj34s,Antonio,Riddett,Male,77,Mexico,Mason City Municipal Airport,US,United States,NAM,North America,02-10-2022,MCW,Nils Kellen,Cancelled
bkb4Nl,Georgeta,Last,Female,66,Morocco,Ben Slimane Airport,MA,Morocco,AF,Africa,07-01-2022,GMD,Cathi Mengue,On Time
ATi7Up,Anthiathia,McCowan,Female,28,South Africa,Khajuraho Airport,IN,India,AS,Asia,02-10-2022,HJR,Curran Hobbert,Delayed
sX5Enx,Andrei,Moncey,Female,59,Philippines,Chignik Fisheries Airport,US,United States,NAM,North America,11/16/2022,KCG,Daniela Chancelier,Cancelled
zTTxCK,Jobyna,Strippling,Female,9,China,Lake Buena Vista STOLport,US,United States,NAM,North America,04-10-2022,DWS,Rosemonde Gemmell,Cancelled
IVd0Wa,Brandie,Elner,Female,7,China,Varandey Airport,RU,Russian Federation,EU,Europe,01-10-2022,VRI,Jania Tather,On Time
woJsvA,Livy,De Freyne,Female,69,Indonesia,Silistra Polkovnik Lambrinovo Air Base,BG,Bulgaria,EU,Europe,09-01-2022,SLS,Grata Baile,On Time
l6oiPv,Clari,Coole,Female,82,China,Waspam Airport,NI,Nicaragua,NAM,North America,07-05-2022,WSP,Guillema Duckers,Delayed
jvgwMC,Kit,Stanfield,Female,6,United States,Barinas Airport,VE,"Venezuela, Bolivarian Republic of",SAM,South America,03-06-2022,BNS,Tamiko Grinston,On Time
12EgXw,Gayelord,Pafford,Male,77,Kenya,Pueblo Memorial Airport,US,United States,NAM,North America,09-08-2022,PUB,Mable Klugman,Cancelled
7dIfde,Ber,Venediktov,Male,46,Tanzania,Husein Sastranegara International Airport,ID,Indonesia,AS,Asia,06-02-2022,BDO,Flore Merrikin,Delayed
sqrvyN,Johnathan,Cordeix,Male,53,China,William T. Piper Memorial Airport,US,United States,NAM,North America,9/18/2022,LHV,Davide Kimmings,Delayed
3f1fZl,Alli,Kahen,Female,70,Indonesia,Garbaharey Airport,SO,Somalia,AF,Africa,10-10-2022,GBM,Justus O'Regan,Delayed
dZZYzO,Euell,Beaver,Male,10,Japan,Jorge Chávez International Airport,PE,Peru,SAM,South America,12-12-2022,LIM,Prissie Reisen,Delayed
2WTvqN,Iona,Kinforth,Female,79,Japan,Tupelo Regional Airport,US,United States,NAM,North America,9/13/2022,TUP,Laurence Piddington,On Time
C4ZChJ,Lock,Huntingdon,Male,51,Libya,West Wyalong Airport,AU,Australia,OC,Oceania,04-10-2022,WWY,Everett Cornuau,Cancelled
s5OQ1F,Griffy,Lebond,Male,30,Brazil,Francisco Beltrão Airport,BR,Brazil,SAM,South America,8/26/2022,FBE,Grissel Casiero,Cancelled
Bu9xQ9,Fredi,Ledster,Female,36,China,Sitia Airport,GR,Greece,EU,Europe,10-02-2022,JSH,Shelia Tromans,Cancelled
ylLq7u,Rudd,Godbolt,Male,26,Thailand,Long Xuyên Airport,VN,Viet Nam,AS,Asia,8/24/2022,XLO,Lynnelle Rickwood,On Time
VODdze,Kerry,Bernet,Male,11,Russia,Gardez Airport,AF,Afghanistan,AS,Asia,04-06-2022,GRG,Gardy Bainbridge,Delayed
7JscFI,Kara,Barrie,Female,36,Brazil,Tarko-Sale Airport,RU,Russian Federation,AS,Asia,6/28/2022,TQL,Patty Rapaport,On Time
uKCniH,Crin,Hardwidge,Female,8,Greece,Malmö Sturup Airport,SE,Sweden,EU,Europe,03-05-2022,MMX,Lian Woodroffe,Delayed
6hX5PR,Cherianne,Chaimson,Female,28,Philippines,Qeqertaq Heliport,GL,Greenland,EU,Europe,09-08-2022,QQT,Micky Ondrasek,Cancelled
jaoNv8,Silvana,Allonby,Female,43,Indonesia,Bantry Aerodrome,IE,Ireland,EU,Europe,9/29/2022,BYT,Marta Gillies,Delayed
oPjWmT,Iggy,Linde,Male,27,Estonia,Tweed New Haven Airport,US,United States,NAM,North America,07-06-2022,HVN,Genny Tetford,Delayed
so1NDr,Fallon,Fenelow,Female,7,Indonesia,Prince Said Ibrahim International Airport,KM,Comoros,AF,Africa,6/19/2022,HAH,Dido Clemitt,Cancelled
pUibUv,Sondra,Pavluk,Female,43,Portugal,Hatay Airport,TR,Turkey,AS,Asia,10-12-2022,HTY,Lev Grigolli,On Time
Yq4lZk,Salvatore,Zylbermann,Male,83,Zambia,Wuzhou Changzhoudao Airport,CN,China,AS,Asia,5/30/2022,WUZ,Helenka Mack,On Time
ReTg7F,Dominique,Loding,Female,47,Indonesia,Ruti Airport,PG,Papua New Guinea,OC,Oceania,6/20/2022,RUU,Dominik Bullus,Cancelled
iQhyxs,Lou,Watkin,Female,2,Poland,Albert-Bray Airport,FR,France,EU,Europe,03-08-2022,BYF,Loleta Durgan,Delayed
Q11Awb,Verne,Ruckhard,Male,40,China,Samos Airport,GR,Greece,EU,Europe,8/23/2022,SMI,Tania Jennens,On Time
jimrdd,Kameko,Webb-Bowen,Female,28,South Africa,Canefield Airport,DM,Dominica,NAM,North America,7/22/2022,DCF,Pattie Dranfield,On Time
eM3s2D,Belia,Worton,Female,8,Russia,Southern Illinois Airport,US,United States,NAM,North America,5/26/2022,MDH,Domingo Verzey,Cancelled
LK9BOG,Humphrey,O' Finan,Male,49,China,Nejran Airport,SA,Saudi Arabia,AS,Asia,4/23/2022,EAM,Fredrick Regler,Delayed
OuysBx,Karee,Atack,Female,4,Poland,Cengiz Topel Airport,TR,Turkey,AS,Asia,1/16/2022,KCO,Chad Stear,Cancelled
npAwlI,Uri,Leedes,Male,30,United States,Levuka Airfield,FJ,Fiji,OC,Oceania,5/19/2022,LEV,Pammie Aldiss,Cancelled
CSVCCg,Vivianna,Pauli,Female,59,Finland,Quetta International Airport,PK,Pakistan,AS,Asia,04-10-2022,UET,Pet Laux,Cancelled
zd4byi,Tersina,Tainton,Female,51,Indonesia,Mandalay International Airport,MM,Myanmar,AS,Asia,10-03-2022,MDL,Law Clelle,On Time
4R6sX3,Hermon,Brettor,Male,8,Russia,Bagram Air Base,AF,Afghanistan,AS,Asia,10-12-2022,OAI,Shani Abbison,Cancelled
a2k4ef,Upton,Carnell,Male,29,China,Nanaimo Airport,CA,Canada,NAM,North America,12-05-2022,YCD,Marthe Skippen,On Time
Ba3hxq,Pen,Hancke,Male,13,Russia,St-François Airport,GP,Guadeloupe,NAM,North America,4/19/2022,SFC,Zulema Sewall,Cancelled
X7kV4R,Lurline,Kirtland,Female,82,Peru,Camp Nifty Airport,AU,Australia,OC,Oceania,4/27/2022,NIF,Darill Boule,Cancelled
jWasVQ,Alecia,Ganders,Female,25,Indonesia,California Redwood Coast-Humboldt County Airport,US,United States,NAM,North America,06-02-2022,ACV,Archie Durnian,Cancelled
fGZ6Ri,Zoe,Dani,Female,6,Indonesia,El Lencero Airport,MX,Mexico,NAM,North America,5/28/2022,JAL,Constantin Taunton,Delayed
QdbAw3,Hurleigh,Matfin,Male,5,China,Mansa Airport,ZM,Zambia,AF,Africa,8/29/2022,MNS,Pierce Weafer,Cancelled
OMs57F,Rosamund,Woodbridge,Female,88,Egypt,Akieni Airport,GA,Gabon,AF,Africa,2/18/2022,AKE,Karlie Arsmith,Cancelled
Bfglba,Meriel,Dearsley,Female,1,South Africa,Yam Island Airport,AU,Australia,OC,Oceania,11/14/2022,XMY,Peyter Curnow,Delayed
Qk8wHo,Veradis,Garlicke,Female,12,China,London-Corbin Airport/Magee Field,US,United States,NAM,North America,09-01-2022,LOZ,Cass Matteoli,Delayed
HFQNic,Godfree,Munkley,Male,15,Indonesia,Bouarfa Airport,MA,Morocco,AF,Africa,9/26/2022,UAR,Lalo Blondel,Cancelled
8MIOIq,Rosco,Pauler,Male,19,China,Hugo Cantergiani Regional Airport,BR,Brazil,SAM,South America,01-05-2022,CXJ,Connie Hamsson,Delayed
7KR1qy,Shanan,Poulsom,Male,57,Malaysia,Cape Flattery Airport,AU,Australia,OC,Oceania,5/22/2022,CQP,Manda Ewbanks,Delayed
eOZZbv,Zarah,Hodinton,Female,50,New Zealand,Dayong Airport,CN,China,AS,Asia,11-06-2022,DYG,Thornton Giddings,Delayed
AbSmGR,Franklyn,Comini,Male,24,Macedonia,Battambang Airport,KH,Cambodia,AS,Asia,03-10-2022,BBM,Chilton Choffin,Cancelled
VCYzDK,Nancie,Snooks,Female,45,Canada,Ono-i-Lau Airport,FJ,Fiji,OC,Oceania,8/21/2022,ONU,Wini Ruddoch,Delayed
npudoY,Louis,Dollen,Male,18,China,El Debba Airport,SD,Sudan,AF,Africa,02-08-2022,EDB,Ofilia MacInnes,Delayed
CI9OA5,Delano,Delgado,Male,80,Russia,Bujumbura International Airport,BI,Burundi,AF,Africa,12/15/2022,BJM,Ashlie Kidby,On Time
tD2p5D,Elisabet,Domingues,Female,64,China,Geraldton Airport,AU,Australia,OC,Oceania,1/15/2022,GET,Lamar Spadelli,Delayed
K8z2iw,Thibaut,Collinette,Male,18,Portugal,Boone County Airport,US,United States,NAM,North America,06-04-2022,HRO,Giovanna Cuttings,Delayed
OC4MIW,Clotilda,Wildbore,Female,68,United States,Naha Airport,JP,Japan,AS,Asia,6/24/2022,OKA,Peggy O'Doireidh,On Time
1cSVvL,Donella,Jeffery,Female,49,Brazil,Jacksonville Executive at Craig Airport,US,United States,NAM,North America,11/22/2022,CRG,Ginnie Cuchey,Delayed
6n3Fhu,Ignacio,Meates,Male,80,Lithuania,Erie International Tom Ridge Field,US,United States,NAM,North America,11/27/2022,ERI,Dene Kenwin,Delayed
9CC23D,Martainn,Simper,Male,8,Germany,Vancouver Harbour Water Aerodrome,CA,Canada,NAM,North America,8/31/2022,CXH,Rochell Gracewood,Delayed
HJ5J8F,Beth,Cranna,Female,64,Canada,South Cariboo Region / 108 Mile Airport,CA,Canada,NAM,North America,07-06-2022,ZMH,Cristabel Strafford,Cancelled
RvhKFh,Emilee,Duberry,Female,3,Indonesia,Kalaupapa Airport,US,United States,NAM,North America,10/30/2022,LUP,Patrica Schiersch,On Time
PfQ6Nv,Rosaline,Sarjeant,Female,56,Philippines,Penong Airport,AU,Australia,OC,Oceania,7/24/2022,PEY,Stefa Grabb,Delayed
mPlHCy,Yvonne,Puckring,Female,42,China,Ngoma Airport,ZM,Zambia,AF,Africa,2/20/2022,ZGM,Margeaux Gargett,On Time
rB9P2G,Tabbitha,Comi,Female,68,Russia,Aldan Airport,RU,Russian Federation,AS,Asia,11/30/2022,ADH,Bar Bromage,Delayed
IeScI7,Joe,Knuckles,Male,52,Czech Republic,Flying Cloud Airport,US,United States,NAM,North America,8/25/2022,FCM,Ciro Sprey,Delayed
5XDHv9,Kordula,Isgate,Female,88,Venezuela,Bishe Kola Air Base,IR,"Iran, Islamic Republic of",AS,Asia,12-01-2022,BSM,Collete Anton,Cancelled
seZhU7,Prentice,Caslake,Male,87,Russia,Wollaston Lake Airport,CA,Canada,NAM,North America,4/26/2022,ZWL,Mariquilla Hirche,On Time
bhSlGA,Caro,Clayill,Female,76,Vietnam,Mendeleyevo Airport,RU,Russian Federation,AS,Asia,3/31/2022,DEE,Giffy Itzcovichch,Cancelled
n6EKqY,Graig,Dorsey,Male,52,Portugal,Tampere-Pirkkala Airport,FI,Finland,EU,Europe,6/20/2022,TMP,Carly Kubiak,On Time
0ka2vb,Lemmie,Vassie,Male,89,Ireland,Paulatuk (Nora Aliqatchialuk Ruben) Airport,CA,Canada,NAM,North America,07-09-2022,YPC,Wilhelmina MacDearmaid,Delayed
datv2c,Murdoch,Warland,Male,21,Philippines,Wonju/Hoengseong Air Base (K-38/K-46),KR,"Korea, Republic of",AS,Asia,10/18/2022,WJU,Arlin Clawsley,On Time
U0e3Yw,Travis,Gloy,Male,22,Bosnia and Herzegovina,Dumatumbun Airport,ID,Indonesia,AS,Asia,8/17/2022,LUV,Frasier Gaymar,Cancelled
TGHPtZ,Deeanne,O'Skehan,Female,60,Ukraine,Norfolk Naval Station (Chambers Field),US,United States,NAM,North America,01-08-2022,NGU,Cyndia McGerraghty,On Time
0dhhSv,Nert,Benninger,Female,56,France,Langley Airport,CA,Canada,NAM,North America,7/13/2022,YLY,Anderson Pugsley,On Time
yh2LtS,Balduin,Marriott,Male,10,Russia,Belmullet Aerodrome,IE,Ireland,EU,Europe,7/14/2022,BLY,Karalynn Bacher,Cancelled
elo6gm,Tull,Jerzykiewicz,Male,35,Nigeria,Saskatoon John G. Diefenbaker International Airport,CA,Canada,NAM,North America,7/20/2022,YXE,Harald Vader,Cancelled
Y8UfVK,Margot,Simko,Female,32,Finland,Glasgow International Airport,GB,United Kingdom,EU,Europe,10/24/2022,GLA,Clemmy Tortoise,Delayed
IBafxF,Brandon,Swyndley,Male,64,Thailand,Akiachak Airport,US,United States,NAM,North America,12-05-2022,KKI,Alwin Keld,Delayed
GdvoRP,Hugibert,Amort,Male,68,Philippines,St. Mary's County Regional Airport,US,United States,NAM,North America,11-08-2022,LTW,Aeriell Oke,Delayed
Js0SPc,Fiona,Smouten,Female,29,Portugal,Osijek Airport,HR,Croatia,EU,Europe,5/17/2022,OSI,Maribel Godfray,On Time
JegM9s,Delphinia,Jarman,Female,43,Greece,Tabas Airport,IR,"Iran, Islamic Republic of",AS,Asia,10/31/2022,TCX,Yuri Domniney,Delayed
ArfwCR,Dion,Critchell,Female,31,China,Lifuka Island Airport,TO,Tonga,OC,Oceania,5/22/2022,HPA,Hamilton Murray,Delayed
sO7FSx,Engelbert,Petroselli,Male,41,Jordan,Clinton County Airport,US,United States,NAM,North America,09-11-2022,PLB,Tallia Dallinder,Cancelled
zKTp8j,Davina,Roblin,Female,51,China,Dadu Airport,PK,Pakistan,AS,Asia,11/24/2022,DDU,Thadeus Gosden,Delayed
oFDYZF,Leda,Plaid,Female,28,Russia,Ailinglaplap Airok Airport,MH,Marshall Islands,OC,Oceania,09-02-2022,AIC,Ninon Belson,On Time
vWqZAg,Yehudit,Sunners,Male,1,Slovenia,Red Lake Airport,CA,Canada,NAM,North America,3/31/2022,YRL,Fred Rolston,Delayed
GNjofS,Brynne,Isaac,Female,53,China,Hakodate Airport,JP,Japan,AS,Asia,10/18/2022,HKD,Rufus Redman,Cancelled
zcCkM0,Thom,Mecchi,Male,32,Tajikistan,Valcheta Airport,AR,Argentina,SAM,South America,7/27/2022,VCF,Bartram Gaskin,Delayed
kMSX1b,Bride,Jerrems,Female,10,Palestinian Territory,Suvarnabhumi Airport,TH,Thailand,AS,Asia,02-01-2022,BKK,Dante Stillmann,Delayed
IJHo4q,Jeno,Footitt,Male,59,Canada,Pimaga Airport,PG,Papua New Guinea,OC,Oceania,8/30/2022,PMP,Ardelle Yendall,Cancelled
7OWVcu,John,Stirtle,Male,62,Indonesia,Peace River Airport,CA,Canada,NAM,North America,7/24/2022,YPE,Patti Blasdale,Delayed
oHeLkB,Merilyn,Tows,Female,21,Germany,Toowoomba Wellcamp Airport,AU,Australia,OC,Oceania,4/25/2022,WTB,Randy Bulfoy,Cancelled
09vaHU,Pete,Inman,Male,78,Bolivia,King Salman Abdulaziz Airport,SA,Saudi Arabia,AS,Asia,4/13/2022,DWD,Lenee Bidewell,Cancelled
A6mLg2,Robena,Smylie,Female,29,Colombia,Sasereme Airport,PG,Papua New Guinea,OC,Oceania,7/18/2022,TDS,Weidar Chatel,On Time
iIWJG9,Curran,Itzkowicz,Male,60,Thailand,Shinyanga Airport,TZ,"Tanzania, United Republic of",AF,Africa,07-03-2022,SHY,Ginny Krebs,Delayed
aEQ0vy,Adan,Dymidowicz,Male,59,Portugal,Butts AAF (Fort Carson) Air Field,US,United States,NAM,North America,7/17/2022,FCS,Trace Jeness,Cancelled
fD85Yq,Maurita,Eggle,Female,78,China,Grantsburg Municipal Airport,US,United States,NAM,North America,06-01-2022,GTG,Ursula Pren,Delayed
paXe0a,Reina,Bottrell,Female,38,Malaysia,New Coalinga Municipal Airport,US,United States,NAM,North America,8/22/2022,CLG,Christiana Welford,On Time
zJvky6,Mirelle,Elesander,Female,21,Armenia,Mason County Airport,US,United States,NAM,North America,06-06-2022,LDM,Baxie Hehir,Cancelled
eNrHPR,Jerry,Gimson,Male,2,France,Exuma International Airport,BS,Bahamas,NAM,North America,05-05-2022,GGT,Adelind Etheridge,On Time
MjtRI0,Walton,Skillitt,Male,52,Bangladesh,Lai Airport,TD,Chad,AF,Africa,01-07-2022,LTC,Janifer Gerdts,Delayed
fW2e5i,Stanislaus,Keers,Male,16,Portugal,Shiringayoc Airport,PE,Peru,SAM,South America,6/13/2022,SYC,Dag Kemston,Cancelled
IzG8yr,Lorraine,McCourtie,Female,74,Philippines,Paraburdoo Airport,AU,Australia,OC,Oceania,2/27/2022,PBO,Amie Lauga,On Time
h6TNYl,Adrian,Ruste,Female,25,Philippines,Owando Airport,CG,Congo,AF,Africa,06-02-2022,FTX,Lotte Sneaker,On Time
JiAWRQ,Desmond,Hannon,Male,34,China,Sayaboury Airport,LA,Lao People's Democratic Republic,AS,Asia,08-09-2022,ZBY,Jimmy Newport,On Time
05lUBC,Ase,Lucock,Male,15,Guatemala,Norway House Airport,CA,Canada,NAM,North America,12/14/2022,YNE,Melisande Alldred,On Time
KeqTMj,Rodolphe,Roma,Male,15,Indonesia,Coban Airport,GT,Guatemala,NAM,North America,03-09-2022,CBV,Beck Gussie,Delayed
n7i4yb,Teena,Sykes,Female,90,Greece,South Molle Island Helipad,AU,Australia,OC,Oceania,4/19/2022,SOI,Duffie Watkins,On Time
Sy2aXF,Vernon,Robjant,Male,52,Portugal,Idaho Falls Regional Airport,US,United States,NAM,North America,08-11-2022,IDA,Jeanette Yaknov,On Time
zVOY93,Baron,Outright,Male,2,Indonesia,Zwara Airport,LY,Libya,AF,Africa,1/17/2022,WAX,Giacomo Daugherty,Cancelled
FzuS8g,Prent,Tolmie,Male,84,Indonesia,Kadhdhoo Airport,MV,Maldives,AS,Asia,07-05-2022,KDO,Sheila-kathryn Rama,Delayed
xTsku3,Cullan,Messer,Male,47,Indonesia,Taloyoak Airport,CA,Canada,NAM,North America,1/31/2022,YYH,Malanie Tappington,Delayed
np19KH,Caryl,Renowden,Female,21,Syria,Hattiesburg Laurel Regional Airport,US,United States,NAM,North America,02-08-2022,PIB,Fania Baike,Cancelled
rLZWO5,Carlyn,Braunthal,Female,76,Iran,Médouneu Airport,GQ,Equatorial Guinea,AF,Africa,6/17/2022,MDV,Gunar Jurczik,Cancelled
fCmu8c,Elmo,Adrian,Male,36,Indonesia,Ngorangora Airport,SB,Solomon Islands,OC,Oceania,7/24/2022,IRA,Odie Romagnosi,Delayed
4qL7M4,Rosalinda,Strickler,Female,51,Russia,Robertson Airport,ZA,South Africa,AF,Africa,3/20/2022,ROD,Latrina Yoseloff,On Time
96UDJ9,Maude,Lowen,Female,73,Thailand,Santiago Vila Airport,CO,Colombia,SAM,South America,2/16/2022,GIR,Cos Baty,Cancelled
4mhJ6L,Hewe,Jolin,Male,20,Costa Rica,Antônio Guerreiro Airport,BR,Brazil,SAM,South America,8/22/2022,GMS,Krisha Lochet,Delayed
IjPTyZ,Alonzo,Dempsey,Male,64,United Kingdom,Chicago Meigs Airport,US,United States,NAM,North America,11/14/2022,CGX,Maurice Bohills,On Time
0sVtyX,Lonny,Gretton,Male,48,Indonesia,Araracuara Airport,CO,Colombia,SAM,South America,09-11-2022,ACR,Rafael Sowerby,On Time
IVd68Z,Jamey,Sharer,Male,22,Finland,Glacier Creek Airport,US,United States,NAM,North America,6/21/2022,KGZ,Meara Fulks,Cancelled
aiWwqL,Daisie,Insole,Female,57,Indonesia,Wamena Airport,ID,Indonesia,AS,Asia,3/27/2022,WMX,Asa Malthouse,On Time
fXEtyK,Sandor,Desbrow,Male,38,Indonesia,Gods River Airport,CA,Canada,NAM,North America,03-03-2022,ZGI,Maribelle Laboune,On Time
Po0Ie1,Gare,Harvatt,Male,48,Philippines,Orange-Caritat (BA 115) Air Base,FR,France,EU,Europe,3/22/2022,XOG,Amanda Stanton,Delayed
31TInK,Stefa,Blackster,Female,13,Argentina,Almaty Airport,KZ,Kazakhstan,AS,Asia,7/26/2022,ALA,Mignonne Cree,Delayed
8A4GER,Dorolisa,Philliskirk,Female,67,Russia,Makokou Airport,GA,Gabon,AF,Africa,09-02-2022,MKU,Sandie Nineham,Delayed
aHr787,Carlina,Simkin,Female,21,Germany,Lagoa Santa Airport,BR,Brazil,SAM,South America,04-10-2022,0,Roselin Josephi,Cancelled
4J6t82,Herta,Kindell,Female,23,Indonesia,Taiyuan Wusu Airport,CN,China,AS,Asia,2/13/2022,TYN,Jacklyn Arnowitz,Cancelled
d4uPNu,Margi,Roderick,Female,23,China,Ouzinkie Airport,US,United States,NAM,North America,12/26/2022,KOZ,Darnall Warsop,Cancelled
9qK2q4,Arri,Angeli,Male,60,Bosnia and Herzegovina,Hazrat Shahjalal International Airport,BD,Bangladesh,AS,Asia,5/25/2022,DAC,Vanna Spittall,On Time
SDqdYU,Lil,Linacre,Female,82,Norway,Nabire Airport,ID,Indonesia,AS,Asia,7/20/2022,NBX,Austen Bronot,On Time
EU6EbD,Jacquelynn,O'Murtagh,Female,87,Russia,Montelibano Airport,CO,Colombia,SAM,South America,06-02-2022,MTB,Kerr Ditter,Cancelled
0PG5tq,Franciskus,Arkley,Male,26,Portugal,Nizhny Novgorod Strigino International Airport,RU,Russian Federation,EU,Europe,02-10-2022,GOJ,Melvin Heynen,Delayed
DIKgUc,Gianna,Friatt,Female,40,Mexico,Esperadinha Airport,CV,Cabo Verde,AF,Africa,12-08-2022,BVR,Lanny Harrower,Cancelled
iBTJgC,Culver,Flintiff,Male,73,Japan,Malolo Lailai Island Airport,FJ,Fiji,OC,Oceania,12/19/2022,PTF,Angie Drakeley,Cancelled
kF6U6C,Clementia,Babbidge,Female,86,China,Drift River Airport,US,United States,NAM,North America,2/21/2022,DRF,Solly Dennitts,Cancelled
6eMcYh,Zed,Evensden,Male,58,Thailand,Falls International Airport,US,United States,NAM,North America,1/24/2022,INL,Paule Souter,On Time
BqRkSj,Olenka,Fust,Female,46,Poland,El Embrujo Airport,CO,Colombia,SAM,South America,01-12-2022,PVA,Minta Rigglesford,On Time
fiwHov,Thacher,Beelby,Male,86,France,Fuyun Koktokay Airport,CN,China,AS,Asia,06-02-2022,FYN,Marinna Ruler,Cancelled
iDuzG4,Marti,Rudd,Female,53,Peru,Yancheng Airport,CN,China,AS,Asia,02-01-2022,YNZ,Beatrisa Alwood,Cancelled
4j37xq,Stearne,Jeanequin,Male,57,Philippines,Antonio B. Won Pat International Airport,GU,Guam,OC,Oceania,2/22/2022,GUM,Delbert Harrigan,On Time
cp6Qbg,Lennie,Towell,Male,4,Sweden,John C. Munro Hamilton International Airport,CA,Canada,NAM,North America,11-11-2022,YHM,Bucky Lewerenz,Cancelled
mYGj9P,Andy,Gilbanks,Female,28,China,Marshall Memorial Municipal Airport,US,United States,NAM,North America,12/19/2022,MHL,Jamie Codrington,On Time
C757eC,Cathryn,Crawley,Female,20,Mexico,Bob Sikes Airport,US,United States,NAM,North America,4/29/2022,CEW,Rikki McIlvaney,On Time
zQXvKo,Lynett,Beeble,Female,80,Mexico,Arctic Village Airport,US,United States,NAM,North America,7/19/2022,ARC,Fanni Antuk,Cancelled
wzCXde,Giusto,Miskin,Male,79,Philippines,Kontum Airport,VN,Viet Nam,AS,Asia,3/19/2022,KON,Annadiane Plowright,Delayed
KgH8gp,Rob,Doeg,Male,13,Jordan,Troy Municipal Airport at N Kenneth Campbell Field,US,United States,NAM,North America,02-08-2022,TOI,Greer Caulliere,Cancelled
RptOLr,Emylee,Petroff,Female,49,Brazil,Sucua Airport,EC,Ecuador,SAM,South America,12-07-2022,SUQ,Keen Pettigree,On Time
gXdhh4,Cinnamon,McKintosh,Female,82,Palestinian Territory,Jaffrey Airport Silver Ranch Airport,US,United States,NAM,North America,01-05-2022,AFN,Tuck Kleingrub,On Time
8KvmQk,Allen,Bridgstock,Male,79,Philippines,Bawean Airport,ID,Indonesia,AS,Asia,05-01-2022,BXW,Leelah Heater,Delayed
GsKpy4,Bobbie,Gatecliff,Male,16,China,Tobago-Crown Point Airport,TT,Trinidad and Tobago,NAM,North America,02-08-2022,TAB,Cole McGowing,On Time
fFQKBi,Nariko,Corzor,Female,54,Mexico,Syros Airport,GR,Greece,EU,Europe,10/14/2022,JSY,Allianora Kleinstern,On Time
d9jXdo,Judye,Remer,Female,55,Dominican Republic,Muccan Station Airport,AU,Australia,OC,Oceania,5/28/2022,MUQ,Loydie Platt,Delayed
Wv4Sgh,Roberta,Schellig,Female,86,Indonesia,Phoenix Deer Valley Airport,US,United States,NAM,North America,5/23/2022,DVT,Donica Drache,On Time
GxuunB,Charyl,Aphale,Female,6,China,Bhojpur Airport,NP,Nepal,AS,Asia,04-01-2022,BHP,Alfy Dottrell,Cancelled
mKgQAC,Mellicent,Pinchen,Female,53,Philippines,Cat Cay Airport,BS,Bahamas,NAM,North America,12/13/2022,CXY,Earvin Ashe,On Time
Aer2GR,Eleanora,Sunnucks,Female,63,Panama,Reko Diq Airport,PK,Pakistan,AS,Asia,7/14/2022,REQ,Suzi Filan,Cancelled
boj79b,Rosalinde,Arnolds,Female,73,France,Augusta State Airport,US,United States,NAM,North America,3/26/2022,AUG,Andrei Tethcote,Delayed
fufGwH,Ferdy,De Bruijn,Male,82,Japan,Masirah Air Base,OM,Oman,AS,Asia,1/20/2022,MSH,Edi Leadston,On Time
hhX1GV,Geoffrey,Tregona,Male,78,China,Djougou Airport,BJ,Benin,AF,Africa,05-12-2022,DJA,Grantley Yurasov,On Time
9UaUM5,Lanie,Grint,Female,62,Panama,Mosjøen Airport (Kjærstad),NO,Norway,EU,Europe,1/31/2022,MJF,Latashia Gregoraci,Delayed
XRN42P,Granger,Klamp,Male,37,Yemen,Mould Bay Airport,CA,Canada,NAM,North America,12/30/2022,YMD,Chauncey Nesby,Cancelled
RH8npT,Emera,Fashion,Female,81,Greece,Capitán FAP Guillermo Concha Iberico International Airport,PE,Peru,SAM,South America,09-10-2022,PIU,Arden Allardyce,Delayed
c1NGFn,Rutter,Dominec,Male,2,Japan,Jacksonville Executive at Craig Airport,US,United States,NAM,North America,10/28/2022,CRG,Evaleen Grafton,Delayed
IhUKFV,Neila,Briddock,Female,57,Uzbekistan,Hwange National Park Airport,ZW,Zimbabwe,AF,Africa,04-03-2022,HWN,Kahlil Cohrs,Delayed
WtaCj8,Ulric,Robardley,Male,11,China,Hopedale Airport,CA,Canada,NAM,North America,1/22/2022,YHO,Dannie Weatherall,On Time
DVH8pg,Vonny,Avramov,Female,21,Colombia,Halli Airport,FI,Finland,EU,Europe,7/24/2022,KEV,Leland Sallier,Cancelled
yOdGaf,Godfree,Wyburn,Male,17,Greece,Kosrae International Airport,FM,"Micronesia, Federated States of",OC,Oceania,4/26/2022,KSA,Cale Trowbridge,On Time
QJNfOF,Xenia,Janse,Female,84,Denmark,Ephrata Municipal Airport,US,United States,NAM,North America,2/19/2022,EPH,Alana Garforth,Cancelled
1v6ezq,Lila,Fagge,Female,54,Ukraine,Kirk Field,US,United States,NAM,North America,4/21/2022,PGR,Eve Clemente,Delayed
2jMx7D,Abbey,Hens,Male,27,China,St George Municipal Airport,US,United States,NAM,North America,10/29/2022,SGU,Dyann Crosseland,Cancelled
sio05g,Ches,La Torre,Male,14,Jordan,Lonely Air Station,US,United States,NAM,North America,09-01-2022,LNI,Holli Cicchinelli,Cancelled
y6EJNj,Kalinda,Cogar,Female,45,Indonesia,Eareckson Air Station,US,United States,NAM,North America,9/13/2022,SYA,Rod Clyant,Delayed
Aq1c8Z,Vania,Bravery,Female,84,Bangladesh,Brandon Municipal Airport,CA,Canada,NAM,North America,11/18/2022,YBR,Isidore Pauwel,Delayed
a3fMcy,Elise,Cawood,Female,55,Mexico,Norman Manley International Airport,JM,Jamaica,NAM,North America,10/14/2022,KIN,Patsy Colmore,Delayed
NEe6bF,Ayn,Yakobovicz,Female,49,Indonesia,Newton Municipal Airport,US,United States,NAM,North America,11/21/2022,TNU,Arleen Ianittello,Delayed
nwQQDY,Hollie,Gravenall,Female,56,Russia,Dezful Airport,IR,"Iran, Islamic Republic of",AS,Asia,4/13/2022,DEF,Stephie Karlolak,Delayed
1JQDae,Collin,Basindale,Male,17,Portugal,Bahja Airport,OM,Oman,AS,Asia,09-04-2022,BJQ,Esmeralda Throughton,Cancelled
aoKiJ2,Romeo,Fackrell,Male,1,Indonesia,Siguiri Airport,GN,Guinea,AF,Africa,07-08-2022,GII,Crystie Narrie,On Time
3PxS6l,Agnese,Brumfitt,Female,52,China,Itaperuna Airport,BR,Brazil,SAM,South America,2/22/2022,ITP,Tracie Kaveney,On Time
ZjKSwq,Sheeree,DelaField,Female,70,Brazil,Kimbe Airport,PG,Papua New Guinea,OC,Oceania,12/23/2022,HKN,Barton Bruntje,On Time
lS9LoI,Winn,Dacks,Male,50,Libya,Wanganui Airport,NZ,New Zealand,OC,Oceania,05-05-2022,WAG,Gardie Wilkowski,Cancelled
gEbdA8,Hephzibah,Silverwood,Female,74,Sweden,Morlaix-Ploujean Airport,FR,France,EU,Europe,06-08-2022,MXN,Ingunna Parades,Delayed
4KmrVe,Kerry,Pratton,Female,75,Sweden,Manja Airport,MG,Madagascar,AF,Africa,12/17/2022,MJA,Karoly McCombe,Delayed
4X02sp,Piotr,O'Dare,Male,42,Micronesia,Gooding Municipal Airport,US,United States,NAM,North America,9/14/2022,GNG,Josephina Mackiewicz,On Time
D77pkX,Brittan,Ramstead,Female,72,Indonesia,Elkins-Randolph Co-Jennings Randolph Field,US,United States,NAM,North America,7/21/2022,EKN,Ashlan Wilshaw,Delayed
pbgwo4,Meggi,Wraith,Female,14,China,Lima Allen County Airport,US,United States,NAM,North America,11-10-2022,AOH,Irv Tandy,Delayed
VPjaUU,Husein,Andrzejczak,Male,28,South Africa,Batavia Downs Airport,AU,Australia,OC,Oceania,03-03-2022,BVW,Radcliffe Diamant,Cancelled
xQuFkt,Tawnya,Diehn,Female,40,Canada,Cafunfo Airport,AO,Angola,AF,Africa,3/25/2022,CFF,Inesita Shillinglaw,On Time
mAVLD4,Ruddie,Ciciari,Male,46,Philippines,Manitouwadge Airport,CA,Canada,NAM,North America,1/24/2022,YMG,Hadrian Sculley,Cancelled
KbuRt1,Dolly,Clemendet,Female,74,Czech Republic,Kurgan Airport,RU,Russian Federation,AS,Asia,03-02-2022,KRO,Tiena Christopherson,Delayed
Udem0Z,Thadeus,Flipek,Male,54,Pakistan,Miami Seaplane Base,US,United States,NAM,North America,02-01-2022,MPB,Wiatt Scholz,On Time
3mtWan,Cheston,Beenham,Male,84,Philippines,Moyo Airport,UG,Uganda,AF,Africa,4/20/2022,OYG,Osbert Baggot,Cancelled
Wy4RNY,Peggi,Prescote,Female,31,Albania,Beatrice Municipal Airport,US,United States,NAM,North America,7/21/2022,BIE,Brittan Skehan,Delayed
1BnPNV,Mic,Leftwich,Male,47,China,Scammon Bay Airport,US,United States,NAM,North America,11-01-2022,SCM,Otha Zanolli,Delayed
B0pgqA,Anselm,Jermin,Male,24,Philippines,Tinboli Airport,PG,Papua New Guinea,OC,Oceania,01-03-2022,TCK,Codi Osmon,Cancelled
l2uDdy,Charity,MacGorman,Female,48,Philippines,Departi Parbo Airport,ID,Indonesia,AS,Asia,6/23/2022,KRC,Olympe Norwell,On Time
in0Ibg,Aymer,McCrillis,Male,54,China,Grand-Santi Airport,GF,French Guiana,SAM,South America,1/19/2022,GSI,Laird Greenley,On Time
edeQ8e,Saloma,Manser,Female,74,China,Merritt Island Airport,US,United States,NAM,North America,03-02-2022,COI,Winfred Wellum,Cancelled
vVKNyc,Durand,Mitchelhill,Male,14,Kazakhstan,Jorge Chávez International Airport,PE,Peru,SAM,South America,4/14/2022,LIM,Konstance Garth,Delayed
VYXr12,Daniel,Von Welden,Male,83,Syria,Andrés Sabella Gálvez International Airport,CL,Chile,SAM,South America,6/28/2022,ANF,Christoph Cheevers,Cancelled
QJP06b,Lona,Richarz,Female,41,Argentina,Osvaldo Vieira International Airport,GW,Guinea-Bissau,AF,Africa,08-07-2022,OXB,Callean Scally,On Time
hZdrPg,Dyann,Lamort,Female,62,Sweden,Red Lake Airport,CA,Canada,NAM,North America,9/15/2022,YRL,Joanna Hanselmann,Cancelled
A4KLFh,Jeanna,Oakman,Female,69,China,Billund Airport,DK,Denmark,EU,Europe,5/31/2022,BLL,Beth McGiff,Cancelled
5gbLmX,Hamish,Rexworthy,Male,15,China,Illaga Airport,ID,Indonesia,AS,Asia,04-03-2022,ILA,Farlee Rowlings,On Time
k8yIYB,Peirce,Farenden,Male,67,Bosnia and Herzegovina,Kayseri Erkilet Airport,TR,Turkey,AS,Asia,8/17/2022,ASR,Torie Giron,Cancelled
hBCEPj,Willi,Feore,Male,85,China,Havre St Pierre Airport,CA,Canada,NAM,North America,11-08-2022,YGV,Gene Sarchwell,Delayed
x9GU7R,Christos,Pady,Male,35,Senegal,Linden Airport,US,United States,NAM,North America,5/20/2022,LDJ,Maressa O' Finan,On Time
1mBuUQ,Hasty,Blumsom,Male,59,Ukraine,Humacao Airport,PR,Puerto Rico,NAM,North America,4/17/2022,HUC,Lorie Baxstair,Delayed
rNbWd1,Dollie,Grenter,Female,35,China,Ust-Tsylma Airport,RU,Russian Federation,EU,Europe,09-12-2022,UTS,Jase Ludmann,Delayed
rMHsVG,Andy,Cobello,Female,46,China,Innsbruck Airport,AT,Austria,EU,Europe,04-08-2022,INN,Mommy Gatchell,Cancelled
XXaP0k,Luz,Killik,Female,63,Indonesia,Edmond Cané Airport,NC,New Caledonia,OC,Oceania,8/20/2022,IOU,Herman Wesgate,Cancelled
BWc5oD,Jaymie,Criple,Male,76,Myanmar,Yinchuan Hedong International Airport,CN,China,AS,Asia,2/25/2022,INC,Andrey Hamsson,On Time
ol9sNd,Audre,Harefoot,Female,24,Canada,Wabush Airport,CA,Canada,NAM,North America,5/13/2022,YWK,Dun Tebald,Cancelled
jT4voC,Pren,Matuszyk,Male,72,Indonesia,Elazığ Airport,TR,Turkey,AS,Asia,7/19/2022,EZS,Paige Bohden,Delayed
d9ZaK1,Jonathon,Meanwell,Male,28,Indonesia,Cape Air Seaplanes on Boston Harbor Seaplane Base,US,United States,NAM,North America,07-11-2022,BNH,Marianne Roseman,Delayed
dR9R2d,Caz,Pettican,Male,44,Philippines,Vunisea Airport,FJ,Fiji,OC,Oceania,6/30/2022,KDV,Lauryn Stebbings,On Time
r2RVmH,Glory,Hambelton,Female,89,Philippines,Makurdi Airport,NG,Nigeria,AF,Africa,4/14/2022,MDI,Ali Gergely,Delayed
JVS0pC,Kessia,Houlaghan,Female,31,Greenland,Northern Peninsula Airport,AU,Australia,OC,Oceania,01-10-2022,ABM,Claudina Toor,On Time
TC8lrF,Elbertina,Rossbrooke,Female,68,United States,Porto Alegre Airport,ST,Sao Tome and Principe,AF,Africa,4/15/2022,PGP,Myriam Dincey,On Time
VHrQZA,Laural,Le Grys,Female,46,Russia,Blue Canyon Nyack Airport,US,United States,NAM,North America,04-12-2022,BLU,Wilburt Ransome,Delayed
00XlFy,Mitchel,McDonnell,Male,2,Iran,Kings Canyon Airport,AU,Australia,OC,Oceania,12-11-2022,KBJ,Rustin Marcone,Cancelled
T3KcIU,Julissa,Dotson,Female,74,Portugal,Angoulême-Brie-Champniers Airport,FR,France,EU,Europe,4/19/2022,ANG,Ibbie Nazaret,On Time
IAv8xw,Debbie,Johnsey,Female,61,Poland,Lynn Lake Airport,CA,Canada,NAM,North America,1/27/2022,YYL,Ahmed Petyakov,Delayed
MqaHrP,Sanford,Greason,Male,75,Malaysia,Budapest Liszt Ferenc International Airport,HU,Hungary,EU,Europe,05-02-2022,BUD,Niko Smout,Delayed
qoQdq6,Jacquelyn,Witty,Female,49,China,Campbellpore Airport,PK,Pakistan,AS,Asia,03-02-2022,CWP,Micheal Barltrop,On Time
zkyATl,Jarrid,Nutty,Male,45,Philippines,Rum Cay Airport,BS,Bahamas,NAM,North America,3/23/2022,RCY,Jemima Bartke,On Time
1nrXE2,Celia,Meritt,Female,12,Czech Republic,Lewiston Nez Perce County Airport,US,United States,NAM,North America,09-11-2022,LWS,Beret Boltwood,Delayed
MoTMhE,Meir,Punter,Male,29,Kazakhstan,North Texas Regional Airport/Perrin Field,US,United States,NAM,North America,07-07-2022,PNX,Aharon Newdick,Delayed
TuE0kk,Iver,Ordemann,Male,62,Portugal,Pangia Airport,PG,Papua New Guinea,OC,Oceania,04-11-2022,PGN,Gino Gobolos,Cancelled
8tbSIJ,Lane,Collete,Female,65,Sweden,Park Falls Municipal Airport,US,United States,NAM,North America,12/21/2022,PKF,Filmer McPherson,On Time
l0PKdn,Lance,Pillifant,Male,8,China,Franco Bianco Airport,CL,Chile,SAM,South America,6/18/2022,SMB,Tessi Withams,On Time
qbeMpu,Iorgo,Shrubsall,Male,41,China,Julius Nyerere International Airport,TZ,"Tanzania, United Republic of",AF,Africa,03-01-2022,DAR,Murvyn Cuel,Delayed
UWPcMX,Hamlin,Feldmark,Male,10,China,Lolland Falster Maribo Airport,DK,Denmark,EU,Europe,10/28/2022,MRW,Demetris Bole,On Time
9zmptj,Abbie,Carolan,Male,22,Indonesia,Quetzalcóatl International Airport,MX,Mexico,NAM,North America,6/16/2022,NLD,Ring Allewell,Delayed
qvjMOo,Clarey,Croose,Female,89,Cuba,Iconi Airport,KM,Comoros,AF,Africa,9/29/2022,YVA,Raddy Holde,On Time
ixs3sj,Daryl,Hane,Female,82,China,Findlay Airport,US,United States,NAM,North America,1/13/2022,FDY,Jacquenetta Neagle,Cancelled
QHshmo,Shirlene,Culver,Female,65,China,Coffeyville Municipal Airport,US,United States,NAM,North America,8/30/2022,CFV,Toiboid Dutnell,Cancelled
b7AMnW,Gnni,Tilney,Female,51,Indonesia,Iliamna Airport,US,United States,NAM,North America,08-08-2022,ILI,Kirbee Meeson,On Time
eFxUfP,Vernice,Rendell,Female,19,Philippines,Puerto Nare Airport,CO,Colombia,SAM,South America,10/19/2022,NAR,Minerva Organ,Delayed
dth49N,Madelyn,Latehouse,Female,69,France,Flamingo International Airport,BQ,"Bonaire, Sint Eustatius and Saba",NAM,North America,3/27/2022,BON,Maximilian Joinsey,Cancelled
H0Xm9w,Marigold,Lindenman,Female,21,China,Gelephu Airport,BT,Bhutan,AS,Asia,08-04-2022,GLU,Abigail Gookes,Delayed
yodzRa,Piggy,Muirhead,Male,88,Guinea,Zamboanga International Airport,PH,Philippines,AS,Asia,01-05-2022,ZAM,Caro Raine,Cancelled
gSywK6,Maje,Fisby,Male,44,East Timor,Asheville Regional Airport,US,United States,NAM,North America,01-02-2022,AVL,Calvin Lett,Delayed
FDo46m,Lindon,Taverner,Male,74,Russia,Glentanner Airport,NZ,New Zealand,OC,Oceania,4/15/2022,GTN,Teodoro Flores,Delayed
t100pP,Cathlene,Couling,Female,11,China,Yushu Batang Airport,CN,China,AS,Asia,04-08-2022,YUS,Thomasine Jaycox,Cancelled
yH1efa,Blane,Sheasby,Male,30,Nigeria,General Manuel Carlos Piar International Airport,VE,"Venezuela, Bolivarian Republic of",SAM,South America,7/17/2022,PZO,Even Ould,On Time
HqUZUa,Marabel,Berrey,Female,63,Philippines,Hengchun Airport,TW,"Taiwan, Province of China",AS,Asia,11-05-2022,HCN,Christoffer Smallcombe,On Time
JqESek,Cchaddie,Mennell,Male,74,Paraguay,Fort Wayne International Airport,US,United States,NAM,North America,12-03-2022,FWA,Eleanora Whitcher,Delayed
o2GAhZ,Norbie,Kefford,Male,51,China,Paiela Airport,PG,Papua New Guinea,OC,Oceania,11/17/2022,PLE,Jolee Ianilli,Delayed
QGZAHm,Charo,Ranson,Female,69,Czech Republic,Muscat International Airport,OM,Oman,AS,Asia,11/26/2022,MCT,Felike Pegrum,Cancelled
9wyBiE,Corrinne,Weld,Female,44,Colombia,Kunsan Air Base,KR,"Korea, Republic of",AS,Asia,8/30/2022,KUV,Manya Rea,Cancelled
4jzumU,Rana,Mariot,Female,32,Brazil,Jönköping Airport,SE,Sweden,EU,Europe,9/20/2022,JKG,Gare Patman,Cancelled
0eDJn5,Lind,Ambroziak,Male,15,China,Revelstoke Airport,CA,Canada,NAM,North America,11-01-2022,YRV,Mikkel Charley,On Time
n6RKef,Oralie,MacLeod,Female,8,Azerbaijan,Penn Valley Airport,US,United States,NAM,North America,6/22/2022,SEG,Leshia Toy,Delayed
EDLVZA,Austin,Altoft,Female,28,United States,Pathankot Airport,IN,India,AS,Asia,4/28/2022,IXP,Ryan Geddis,Cancelled
rhimIT,Christie,Burden,Male,46,Poland,Maku National Airport,IR,"Iran, Islamic Republic of",AS,Asia,11-08-2022,IMQ,Lizzy Brasier,Cancelled
bfQV30,Valdemar,Impy,Male,5,Indonesia,Udine-Campoformido Air Base,IT,Italy,EU,Europe,3/15/2022,UDN,Pippy Boat,Cancelled
eQ7SZ2,Violante,Borgars,Female,56,Denmark,Tikapur Airport,NP,Nepal,AS,Asia,07-08-2022,TPU,Christye Lotherington,Delayed
6lAg9K,Abeu,Dargavel,Male,37,Sudan,Vermilion Airport,CA,Canada,NAM,North America,2/20/2022,YVG,Fayre Trenholm,Delayed
0mJUvH,Danny,Dyball,Male,17,Poland,La Esperanza Airport,HN,Honduras,NAM,North America,11-09-2022,LEZ,Hilde Ties,On Time
e9Z0Nb,Gerladina,Stratley,Female,47,Japan,Qaarsut Airport,GL,Greenland,EU,Europe,03-11-2022,JQA,Emiline Danelet,Delayed
tloD2s,Abelard,Matiasek,Male,84,Russia,Tinson Pen Airport,JM,Jamaica,NAM,North America,10-06-2022,KTP,Mellisa Belison,On Time
Om7Ejm,Raquel,Cobbled,Female,87,Thailand,Kalaleh Airport,IR,"Iran, Islamic Republic of",AS,Asia,9/19/2022,KLM,Rozanne Larrad,Delayed
wVlO7S,Amory,Manuelli,Male,5,Iran,Minlaton Airport,AU,Australia,OC,Oceania,02-12-2022,XML,Loren Breagan,Delayed
G02Dm3,Lorain,Romme,Female,11,Indonesia,Pokhara Airport,NP,Nepal,AS,Asia,05-03-2022,PKR,Mozelle Kielt,Delayed
3nZmW2,Lise,Rolance,Female,87,Indonesia,Bateen Airport,AE,United Arab Emirates,AS,Asia,2/28/2022,AZI,Amara Bullard,Delayed
OvCzbs,Layla,Grzelczak,Female,8,China,Imbaimadai Airport,GY,Guyana,SAM,South America,04-08-2022,IMB,Melony Kobus,On Time
Ut9u9a,Lenka,Skyrm,Female,69,Peru,Britton Municipal Airport,US,United States,NAM,North America,11-10-2022,TTO,Gorden Burroughes,Delayed
Efw0j2,Eddy,Rowney,Male,37,Taiwan,Okao Airport,PG,Papua New Guinea,OC,Oceania,03-08-2022,OKV,Nicola Cotter,Cancelled
sumOSx,Andreana,Balaisot,Female,2,Bosnia and Herzegovina,Bom Jesus da Lapa Airport,BR,Brazil,SAM,South America,7/15/2022,LAZ,Delilah Nussey,On Time
yuumWU,Goran,Gorling,Male,7,Ukraine,Emmonak Airport,US,United States,NAM,North America,11/18/2022,EMK,Pammie MacNalley,On Time
MzAzdM,Fritz,De Souza,Male,54,China,Kuopio Airport,FI,Finland,EU,Europe,10-03-2022,KUO,Orton Ingreda,On Time
cJ7hWX,Feliks,Kerkham,Male,26,China,Philip Billard Municipal Airport,US,United States,NAM,North America,7/14/2022,TOP,Toma Munn,Cancelled
HoFJUT,Quinn,Khilkov,Male,27,Democratic Republic of the Congo,Leonard M Thompson International Airport,BS,Bahamas,NAM,North America,6/15/2022,MHH,Rosie Lawson,On Time
KvKOCC,Francis,Elwell,Male,52,France,Buttonville Municipal Airport,CA,Canada,NAM,North America,10-12-2022,YKZ,Kevin Sherborn,On Time
YfZysq,Weston,Kisbey,Male,85,Indonesia,Mont Joli Airport,CA,Canada,NAM,North America,05-06-2022,YYY,Kippie Wild,Delayed
mZc7PX,Wendy,Weld,Female,32,Indonesia,Big Spring Mc Mahon-Wrinkle Airport,US,United States,NAM,North America,1/14/2022,HCA,Florella Fosken,On Time
nAU3C0,Rodolfo,Championnet,Male,6,China,Guajará-Mirim Airport,BR,Brazil,SAM,South America,01-08-2022,GJM,Malva Couling,Cancelled
rcdaMT,Sutherland,McMeekan,Male,9,Serbia,Ishurdi Airport,BD,Bangladesh,AS,Asia,10-12-2022,IRD,Artemas Tumilty,Delayed
Rifkca,Davin,Ellwand,Male,19,China,Bruce Campbell Field,US,United States,NAM,North America,02-07-2022,DXE,Ulrich Cochern,Cancelled
wf14lO,Alleyn,Vallintine,Male,16,Japan,Lelystad Airport,NL,Netherlands,EU,Europe,4/26/2022,LEY,Tamiko Sodory,Delayed
W7DxKA,Barbette,Conniam,Female,3,Poland,Jackson County Reynolds Field,US,United States,NAM,North America,12/29/2022,JXN,Lisabeth Paske,Cancelled
FE8AoV,Rurik,Lune,Male,69,Japan,Armstrong Airport,CA,Canada,NAM,North America,11-06-2022,YYW,Chelsea Bugbird,Cancelled
2OomgL,Krista,Vicar,Female,65,Albania,San Luis Valley Regional Bergman Field,US,United States,NAM,North America,5/22/2022,ALS,Merilyn Maginn,On Time
bL6lMG,Lorita,Neeson,Female,56,Brazil,Julius Nyerere International Airport,TZ,"Tanzania, United Republic of",AF,Africa,11/16/2022,DAR,Roseann Kleinhaus,Delayed
mV5FLC,Sebastien,Spittall,Male,40,Uzbekistan,Namudi Airport,PG,Papua New Guinea,OC,Oceania,8/16/2022,NDI,Earvin Ellerby,On Time
dnRIjj,Guthrey,Pidler,Male,12,Indonesia,Jeju International Airport,KR,"Korea, Republic of",AS,Asia,09-04-2022,CJU,Sabine Dufton,On Time
xbrYjs,Bern,Philipsen,Male,36,Uganda,Winnemucca Municipal Airport,US,United States,NAM,North America,11-10-2022,WMC,Harley Gabriel,Cancelled
N2JClG,Norine,Castleton,Female,64,Russia,Booue Airport,GA,Gabon,AF,Africa,2/27/2022,BGB,Jeno Paullin,Delayed
cwLqgo,Alexandr,Righy,Male,1,Russia,Urrao Airport,CO,Colombia,SAM,South America,12-11-2022,URR,Helsa Wellbelove,Cancelled
zhP04A,Ellsworth,Dungay,Male,32,China,Saertu Airport,CN,China,AS,Asia,4/25/2022,DQA,Armand Titterton,Delayed
5wfaIW,Zach,Elloit,Male,18,Ethiopia,Torrejón Airport,ES,Spain,EU,Europe,8/14/2022,TOJ,Ceil Tynewell,Delayed
0uat2b,Mahmud,Evason,Male,46,Nigeria,Sidney - Richland Regional Airport,US,United States,NAM,North America,05-03-2022,SDY,Phip Trammel,On Time
XqZwps,Cahra,Bengall,Female,12,China,Formiga Airport,BR,Brazil,SAM,South America,04-11-2022,0,Marcello Pedlingham,Cancelled
r5yZ8O,Dilly,Callway,Male,36,Indonesia,Ikela Airport,CD,"Congo, The Democratic Republic of the",AF,Africa,8/23/2022,IKL,Jillayne Sarsfield,Cancelled
VcxZb1,Kendrick,Wolstencroft,Male,8,Poland,Ohio University Snyder Field,US,United States,NAM,North America,09-05-2022,ATO,Franklyn Baum,On Time
P9MAMp,Mathilde,MacEnelly,Female,73,China,Lynn Lake Airport,CA,Canada,NAM,North America,9/29/2022,YYL,Alejandro McMillan,Cancelled
7CqgDj,Georas,Booij,Male,9,China,Tarapacá Airport,CO,Colombia,SAM,South America,10/14/2022,TCD,Otes Veazey,On Time
TkE4u8,Prissie,Sharratt,Female,59,United States,Thimarafushi Airport,MV,Maldives,AS,Asia,3/30/2022,TMF,Tull Moscrop,On Time
NZKaIg,Zahara,O' Kelleher,Female,27,Ukraine,Shimla Airport,IN,India,AS,Asia,8/15/2022,SLV,Garold Bruckenthal,Cancelled
rYi7rt,Sam,Whithorn,Female,79,United States,Mbarara Airport,UG,Uganda,AF,Africa,4/29/2022,MBQ,Stanfield Farman,Delayed
DEiR2g,Laureen,d'Escoffier,Female,4,Libya,Sua Pan Airport,BW,Botswana,AF,Africa,8/14/2022,SXN,Maddi Hulme,Delayed
UMV0HA,Mendel,Penrose,Male,44,Greece,Jasper County Airport,US,United States,NAM,North America,6/23/2022,RNZ,Stanfield Shutt,Delayed
1WU4VK,Pat,Broinlich,Male,77,Portugal,Limbunya Airport,AU,Australia,OC,Oceania,5/25/2022,LIB,Clarine Bagehot,Delayed
8dO1Zz,Efrem,Tredget,Male,68,Mongolia,Tripoli International Airport,LY,Libya,AF,Africa,3/18/2022,TIP,Priscilla Woodeson,On Time
ghLyG3,Mathian,Leborgne,Male,26,Russia,Likoma Island Airport,MW,Malawi,AF,Africa,7/15/2022,LIX,Jourdain Schrader,On Time
5mEsvw,Andriana,Southam,Female,26,Macedonia,Sharjah International Airport,AE,United Arab Emirates,AS,Asia,3/18/2022,SHJ,Ilyse Meigh,On Time
Qha8wM,Nina,Lochrie,Female,79,Peru,El Fasher Airport,SD,Sudan,AF,Africa,05-02-2022,ELF,Evelin Yurenev,On Time
VtN8qX,Morty,Beentjes,Male,37,Togo,Campbell AAF (Fort Campbell) Air Field,US,United States,NAM,North America,4/15/2022,HOP,Jermayne Gleeson,Cancelled
9BhSNM,Emmerich,Landis,Male,87,China,Taloyoak Airport,CA,Canada,NAM,North America,10-12-2022,YYH,Orson Farnan,Delayed
ZU1aHX,Jermaine,Antognetti,Male,69,Indonesia,Deniliquin Airport,AU,Australia,OC,Oceania,01-06-2022,DNQ,Angelique Huthart,Delayed
uTEqnx,Obie,Surgison,Male,2,Tunisia,Garoua International Airport,CM,Cameroon,AF,Africa,5/29/2022,GOU,Tedd Buggy,Delayed
4Yx4Bw,Lanie,Basilio,Female,84,Sweden,Buol Airport,ID,Indonesia,AS,Asia,03-11-2022,UOL,Gus Surplice,On Time
r8644p,Zak,Titcom,Male,57,China,Deer Lake Airport,CA,Canada,NAM,North America,10-03-2022,YDF,Worthy Geare,On Time
DkyzwQ,Doro,Sabattier,Female,80,Czech Republic,Jam Airport,IR,"Iran, Islamic Republic of",AS,Asia,6/13/2022,KNR,Aylmer Passingham,On Time
pmWXvP,Micheline,McKie,Female,51,Russia,Mersa Matruh Airport,EG,Egypt,AF,Africa,07-11-2022,MUH,Grady Garrett,Delayed
bwBXUG,Nataline,Rankcom,Female,57,Mexico,Converse County Airport,US,United States,NAM,North America,2/14/2022,DGW,Leontyne Tumayan,Delayed
LBO0eX,Carolann,Physick,Female,25,China,Rabil Airport,CV,Cabo Verde,AF,Africa,4/18/2022,BVC,Marlo Leale,Cancelled
U580EN,Dorothy,Lowne,Female,49,Philippines,Tuzla International Airport,BA,Bosnia and Herzegovina,EU,Europe,07-11-2022,TZL,Veronica Artharg,On Time
qSnTpA,Vince,Gommey,Male,40,Sierra Leone,"Mo i Rana Airport, Røssvoll",NO,Norway,EU,Europe,7/19/2022,MQN,L;urette Chandler,On Time
RsA9XQ,Rudolf,Macvain,Male,83,Saudi Arabia,Spangdahlem Air Base,DE,Germany,EU,Europe,05-03-2022,SPM,Becki Arnald,On Time
WuLZx7,Marchelle,Haresign,Female,82,Yemen,Ust-Maya Airport,RU,Russian Federation,EU,Europe,6/23/2022,UMS,Lisle Branchflower,Cancelled
oHN2SD,Mikkel,McGilleghole,Male,83,Indonesia,Varandey Airport,RU,Russian Federation,EU,Europe,06-09-2022,VRI,Georgette Matkin,On Time
rr036Y,Sylvia,Malamore,Female,72,Portugal,Jamnagar Airport,IN,India,AS,Asia,4/16/2022,JGA,Eunice Cancellario,Cancelled
72gopY,Stace,Sapshed,Female,80,China,Mmabatho International Airport,ZA,South Africa,AF,Africa,11/22/2022,MBD,Pansy Seldner,Cancelled
0MRX1d,Kori,McIsaac,Female,22,El Salvador,Victoria Regional Airport,US,United States,NAM,North America,06-08-2022,VCT,Tobe Lanceley,Cancelled
LdtjNh,Malinda,Leverich,Female,10,China,Worland Municipal Airport,US,United States,NAM,North America,02-05-2022,WRL,Helene Held,Delayed
hD91q6,Kelby,Chilles,Male,24,Indonesia,Modlin Airport,PL,Poland,EU,Europe,1/30/2022,WMI,Emmi Avard,On Time
k7qV6n,Gerry,Kemet,Female,88,South Korea,Fishermans Airfield,PG,Papua New Guinea,OC,Oceania,4/18/2022,DGG,Bernie Somerset,Cancelled
Byy7RL,Dorelle,Kinzett,Female,55,Canada,Bost Airport,AF,Afghanistan,AS,Asia,08-11-2022,BST,Flss Burgoine,Delayed
Vcbk9q,Willy,Lassell,Female,41,Colombia,Ulanhot Airport,CN,China,AS,Asia,2/28/2022,HLH,Miquela Tyce,Cancelled
NcjUih,Fee,Tennison,Male,38,China,Finley Airport,AU,Australia,OC,Oceania,2/17/2022,FLY,Lilian Lugsdin,Cancelled
hHuBJP,Bobbette,Stanners,Female,56,Macedonia,Zumbi dos Palmares Airport,BR,Brazil,SAM,South America,09-10-2022,MCZ,Raynor Hanselmann,Delayed
JIuLZl,Clyve,Trowill,Male,47,France,RAF Coningsby,GB,United Kingdom,EU,Europe,1/23/2022,QCY,Gal Shoubridge,Delayed
CqUgMf,Tildy,Kiehl,Female,80,Philippines,Vilnius International Airport,LT,Lithuania,EU,Europe,10-01-2022,VNO,Bettye Elis,Delayed
fE4gxC,Perry,Coronas,Male,49,Greece,Downtown-Manhattan/Wall St Heliport,US,United States,NAM,North America,8/29/2022,JRB,Adrianne Litster,Cancelled
mutAqA,Marleah,Tordiffe,Female,44,Portugal,Pdte. Carlos Ibañez del Campo Airport,CL,Chile,SAM,South America,04-09-2022,PUQ,Caroline Ambrus,Cancelled
f39oGt,Roi,Volonte,Male,77,Indonesia,Yan'an Ershilipu Airport,CN,China,AS,Asia,8/26/2022,ENY,Cassie Farryn,Delayed
uEi1qB,Claire,Sked,Male,56,Honduras,Tapeta Airport,LR,Liberia,AF,Africa,7/31/2022,TPT,Ynes Porteous,Delayed
fIisyH,Zenia,Sneath,Female,33,China,Uchiza Airport,PE,Peru,SAM,South America,5/20/2022,UCZ,Adam Renwick,On Time
yekRUi,Collin,Dreinan,Male,15,Japan,Tahoua Airport,NE,Niger,AF,Africa,3/21/2022,THZ,Gregoor Burniston,Delayed
oPvry5,Clarisse,Abrahm,Female,6,Portugal,Dangriga Airport,BZ,Belize,NAM,North America,3/30/2022,DGA,Wiley Jocic,On Time
5ZVeEx,Dene,Readwin,Male,48,Senegal,Palenque International Airport,MX,Mexico,NAM,North America,5/30/2022,PQM,Hyatt Guare,Cancelled
OTYt3r,Mart,Ciccottio,Male,60,France,Wakkanai Airport,JP,Japan,AS,Asia,03-10-2022,WKJ,Alexina Ambler,Delayed
wgWxxR,Michael,Gerring,Male,72,Japan,Le Castellet Airport,FR,France,EU,Europe,3/16/2022,CTT,Roldan Hartup,Delayed
XhCA8B,Ami,Megany,Female,65,Mongolia,Cheyenne Regional Jerry Olson Field,US,United States,NAM,North America,3/14/2022,CYS,Lombard Leadston,Delayed
3BGMD2,Eolande,Braime,Female,64,Finland,Kota Airport,IN,India,AS,Asia,1/30/2022,KTU,Bryanty McGhie,Cancelled
4AY77V,Sibyl,Antonich,Male,5,China,Macon Downtown Airport,US,United States,NAM,North America,5/23/2022,MAC,Fairleigh Edrich,On Time
ThAUXC,Benny,Berget,Female,31,Czech Republic,Cape Romanzof LRRS Airport,US,United States,NAM,North America,10-04-2022,CZF,Cassie Leguay,On Time
WuqqSZ,Brandyn,Lummis,Male,5,Russia,Arapahoe Municipal Airport,US,United States,NAM,North America,03-06-2022,AHF,Wanids Bevis,Cancelled
KA4jbB,Rafferty,Piecha,Male,35,China,Bahja Airport,OM,Oman,AS,Asia,05-12-2022,BJQ,Bobette Peyton,Delayed
aTcg0e,Megen,Buer,Female,19,Japan,Century City Heliport,US,United States,NAM,North America,8/21/2022,CCD,Shaina Sleep,On Time
sbswU4,Fancy,Trounson,Female,58,Indonesia,N'Djamena International Airport,TD,Chad,AF,Africa,2/18/2022,NDJ,Kerr Garmston,Cancelled
xI8Dhk,Austina,Bortolazzi,Female,8,Norway,Port Simpson Seaplane Base,CA,Canada,NAM,North America,01-05-2022,YPI,Yalonda Bech,Delayed
TiQtmQ,Benn,Brew,Male,35,Nigeria,Gayndah Airport,AU,Australia,OC,Oceania,10-06-2022,GAH,Dori Christescu,Delayed
IZCgy6,Desdemona,Alger,Female,86,Peru,Encanta Moça Airport,BR,Brazil,SAM,South America,8/15/2022,0,Neill Russe,Cancelled
d3qm8j,Odella,Baden,Female,69,Brazil,Quinhagak Airport,US,United States,NAM,North America,3/14/2022,KWN,Bernard Axel,Delayed
7ZM4jr,Whitney,Ethersey,Male,45,Azerbaijan,Fazenda Vassoural Airport,BR,Brazil,SAM,South America,12-08-2022,0,Miguela Jeromson,Delayed
LNOIbm,Charline,Pahl,Female,28,China,Lowai Airport,PG,Papua New Guinea,OC,Oceania,07-05-2022,LWI,Ferne Dumblton,Cancelled
B5Yh9S,Obadias,Pigney,Male,47,Brazil,Bawean Airport,ID,Indonesia,AS,Asia,03-02-2022,BXW,Tiphany Jurczak,Cancelled
v254dt,Maiga,Elias,Female,44,Bulgaria,Long Xuyên Airport,VN,Viet Nam,AS,Asia,9/30/2022,XLO,Iormina Wickey,On Time
x5MecH,Sterling,Francescuzzi,Male,38,Japan,Philadelphia International Airport,US,United States,NAM,North America,11/24/2022,PHL,Yvonne Robbie,Cancelled
dHKb2i,Bartolomeo,Ditty,Male,72,Indonesia,Tulita Airport,CA,Canada,NAM,North America,3/30/2022,ZFN,Padraic Ciotto,Cancelled
GTlcUt,Dale,Bright,Female,19,United States,Thames Aerodrome,NZ,New Zealand,OC,Oceania,12-07-2022,TMZ,Piotr Cancellor,Cancelled
NExv6e,Opaline,Bruun,Female,65,China,Itaituba Airport,BR,Brazil,SAM,South America,8/19/2022,ITB,Noelyn Toolin,Cancelled
DoYjTf,Wilona,Narramor,Female,81,Pakistan,Ononge Airport,PG,Papua New Guinea,OC,Oceania,1/23/2022,ONB,Uriel Cashley,On Time
ql7Agp,Shay,Cantera,Male,33,Russia,Dallas Love Field,US,United States,NAM,North America,9/19/2022,DAL,Corrinne Larwell,On Time
3a0soU,Beitris,Margrem,Female,90,Panama,West End Airport,BS,Bahamas,NAM,North America,12/20/2022,WTD,Garrard Wolfart,Cancelled
06xKWp,Alli,Jockle,Female,77,Brazil,Melbourne Moorabbin Airport,AU,Australia,OC,Oceania,09-01-2022,MBW,Tamas McGooch,Delayed
VVDcBx,Edee,Fullwood,Female,75,United States,Andapa Airport,MG,Madagascar,AF,Africa,9/23/2022,ZWA,Lanette Strettle,Delayed
83EvTr,Egon,Macvey,Male,32,China,P C Pelser Airport,ZA,South Africa,AF,Africa,4/24/2022,KXE,Chrissy Chisholm,On Time
q05UXa,Steven,Allchorn,Male,49,Indonesia,Chichen Itza International Airport,MX,Mexico,NAM,North America,6/26/2022,CZA,Petronille Dowry,On Time
x9lV0d,Winnie,Davidovici,Female,32,France,Cross Lake (Charlie Sinclair Memorial) Airport,CA,Canada,NAM,North America,5/13/2022,YCR,Bone Leuren,Delayed
XXrklJ,Cheryl,Torald,Female,40,Portugal,Soroti Airport,UG,Uganda,AF,Africa,2/13/2022,SRT,Bernetta Hakonsson,Cancelled
gaKbhL,Cornelle,Basilotta,Female,33,Portugal,Neil Armstrong Airport,US,United States,NAM,North America,2/21/2022,AXV,Harper Baddiley,Delayed
rpWflH,Rozamond,Pointin,Female,63,Sweden,Page Municipal Airport,US,United States,NAM,North America,12/18/2022,PGA,Antons Deverick,Delayed
bFbNa0,Wayland,Tattersill,Male,12,China,Caribou Municipal Airport,US,United States,NAM,North America,6/22/2022,CAR,Berni Kisby,Delayed
c6s4xy,Livvy,Stockport,Female,61,China,Alto Molocue Airport,MZ,Mozambique,AF,Africa,02-10-2022,AME,Nickey Domenico,Delayed
PiJYkL,Laurianne,Fausch,Female,42,Portugal,Nunam Iqua Airport,US,United States,NAM,North America,08-07-2022,SXP,Madelon Wyldish,On Time
XnjPxo,Amberly,Amberg,Female,17,Syria,Tawa Airport,PG,Papua New Guinea,OC,Oceania,03-02-2022,TWY,Danit Albertson,Delayed
zZFTbu,Nisse,Ickeringill,Female,49,Guatemala,Sabzevar National Airport,IR,"Iran, Islamic Republic of",AS,Asia,5/25/2022,AFZ,Amelina Spare,Cancelled
kmI9l0,Kellia,Saulter,Female,65,China,Lambarene Airport,GA,Gabon,AF,Africa,03-05-2022,LBQ,Demetri Fippe,On Time
ZEtA0W,Gnni,Chaperling,Female,17,Brazil,Quzhou Airport,CN,China,AS,Asia,9/22/2022,JUZ,Justinn Hugh,On Time
i9YJ9C,Quent,Adelsberg,Male,12,Philippines,Unalakleet Airport,US,United States,NAM,North America,12/25/2022,UNK,Shoshanna Pennyman,On Time
zKtFiF,Shari,Beeke,Female,46,Afghanistan,Tyler Pounds Regional Airport,US,United States,NAM,North America,1/28/2022,TYR,Harlen Quilty,On Time
drBYl7,Ferdinande,Birdseye,Female,8,Indonesia,Damazin Airport,SD,Sudan,AF,Africa,8/26/2022,RSS,Dehlia Ramsier,Delayed
AxfNlh,Garrott,Mettetal,Male,34,Sweden,Bastia-Poretta Airport,FR,France,EU,Europe,06-08-2022,BIA,Estevan Kaasman,Delayed
J7MOGW,Joey,Trippitt,Male,29,Japan,Makabana Airport,CG,Congo,AF,Africa,8/20/2022,KMK,Anabelle Trowsdale,On Time
C0JE5R,Tania,Bebb,Female,38,Haiti,Zhangye Ganzhou Airport,CN,China,AS,Asia,4/27/2022,YZY,Cort Willmore,Delayed
z80fep,Farlay,Onge,Male,51,Philippines,Yellowstone Airport,US,United States,NAM,North America,2/15/2022,WYS,Clint Shimman,Delayed
1j4G55,Diannne,Arthur,Female,23,Russia,Midland International Airport,US,United States,NAM,North America,01-10-2022,MAF,Elissa Sarton,Cancelled
4q5LJA,Scotty,Hows,Male,46,China,Uranium City Airport,CA,Canada,NAM,North America,7/29/2022,YBE,Vincents Smallshaw,Cancelled
HcBX3e,Rozamond,Callar,Female,46,Serbia,May River Airstrip,PG,Papua New Guinea,OC,Oceania,6/19/2022,MRH,Orrin Fort,On Time
EVM8KY,Colline,Pantone,Female,57,Pakistan,South Naknek Nr 2 Airport,US,United States,NAM,North America,3/15/2022,WSN,Chevalier Cadore,On Time
VYgMEZ,Stepha,Arghent,Female,60,China,Juan De Ayolas Airport,PY,Paraguay,SAM,South America,2/26/2022,AYO,Giuditta MacCaull,Delayed
AYGOPz,Jamaal,Roma,Male,23,Nigeria,Umuarama Airport,BR,Brazil,SAM,South America,12/13/2022,UMU,Marjorie Hickisson,On Time
ihwYYw,Emilio,Mathonnet,Male,18,China,Blissville Airport,CA,Canada,NAM,North America,4/27/2022,YYS,Kelly Burnand,Cancelled
t4HNCT,Griz,Peel,Male,3,Thailand,Birchwood-Pocono Airport,US,United States,NAM,North America,11/25/2022,ESP,Agnes Busst,Cancelled
9lVqgS,Alia,Thynn,Female,42,Brazil,Mara Serena Lodge Airstrip,KE,Kenya,AF,Africa,2/21/2022,MRE,Orson Adess,On Time
mVWKnU,Ambros,Evetts,Male,42,France,Victoria Regional Airport,US,United States,NAM,North America,10-02-2022,VCT,Mychal Spraggs,Cancelled
rDMuN9,Dorolisa,McGeaney,Female,22,Brazil,Baltrum Airport,DE,Germany,EU,Europe,8/13/2022,BMR,Gabriello Bassom,On Time
xBtgKw,Laurence,Grier,Male,73,United States,Sidney Municipal Airport,US,United States,NAM,North America,6/23/2022,SXY,Wendall Mallon,Cancelled
Z2lNEk,Jeri,Jerromes,Female,5,Slovenia,Gonder Airport,ET,Ethiopia,AF,Africa,9/27/2022,GDQ,Northrup Askwith,Delayed
1ygHAr,Jarid,Spata,Male,64,Vietnam,Santa Paula Airport,US,United States,NAM,North America,6/27/2022,SZP,Adler Lamberts,On Time
IsswKS,Vyky,Skillman,Female,35,China,Kenmore Air Harbor Seaplane Base,US,United States,NAM,North America,4/20/2022,LKE,Mela Jakubovits,Delayed
cbpc66,Gery,Giles,Male,44,Nigeria,Mitiaro Island Airport,CK,Cook Islands,OC,Oceania,02-05-2022,MOI,Karlie Flement,Cancelled
ELL0D0,Damon,Dunkerton,Male,4,Thailand,Erigavo Airport,SO,Somalia,AF,Africa,6/15/2022,ERA,Saunders Burbank,On Time
jLzsLA,Boycie,Olenchenko,Male,18,French Polynesia,Henry Tift Myers Airport,US,United States,NAM,North America,12/23/2022,TMA,Raimundo Yurlov,On Time
nh5Fym,Urson,Ettery,Male,64,Japan,Sana'a International Airport,YE,Yemen,AS,Asia,01-06-2022,SAH,Prinz Penchen,Cancelled
x5Nj1x,Goddard,Norsister,Male,45,China,Ingjaldssanður Airport,IS,Iceland,EU,Europe,2/15/2022,HLO,Corty Steptoe,Cancelled
lcc0jr,Grange,Bevir,Male,63,Finland,Kulik Lake Airport,US,United States,NAM,North America,10-05-2022,LKK,Jocelin Staton,Cancelled
WsHF5R,Adara,Norval,Female,56,Italy,Center Island Airport,US,United States,NAM,North America,3/24/2022,CWS,Druci Attwell,On Time
uSycNK,Willey,Yves,Male,18,Peru,Reyes Airport,BO,"Bolivia, Plurinational State of",SAM,South America,7/23/2022,REY,Malvina Bonney,Cancelled
SSz6Ch,Antone,Capstick,Male,1,Dominican Republic,Chandalar Lake Airport,US,United States,NAM,North America,7/24/2022,WCR,Mandy Shillaker,Delayed
to4seT,Brooke,Leipold,Male,18,Japan,Ólafsfjörður Airport,IS,Iceland,EU,Europe,4/16/2022,OFJ,Ella Valentim,Cancelled
b8aCHc,Howard,Ruse,Male,78,Russia,Sihanoukville International Airport,KH,Cambodia,AS,Asia,7/14/2022,KOS,Sebastian Gwillim,On Time
OcoxOO,Hillary,Burdus,Female,62,Malta,Muttaburra Airport,AU,Australia,OC,Oceania,5/13/2022,UTB,Lissa Layson,Cancelled
UtysRM,Franklyn,Cofax,Male,64,Portugal,Dr. Arturo H. Illia Airport,AR,Argentina,SAM,South America,04-05-2022,GNR,Marjie Lundon,Delayed
fmFITk,Clotilda,Yezafovich,Female,19,Ukraine,Konya Airport,TR,Turkey,AS,Asia,02-12-2022,KYA,Quinlan Loadwick,Cancelled
QXmL95,Kean,Lindenman,Male,1,Portugal,Ketapang(Rahadi Usman) Airport,ID,Indonesia,AS,Asia,02-11-2022,KTG,Roman Girone,Cancelled
gyvACc,Wolfie,Wilmott,Male,82,Uzbekistan,Chengdu Shuangliu International Airport,CN,China,AS,Asia,1/26/2022,CTU,Haskell Pietzke,Cancelled
0A21rX,Rachael,Dehn,Female,46,Portugal,Kalgoorlie Boulder Airport,AU,Australia,OC,Oceania,04-06-2022,KGI,Helen-elizabeth Sayce,Cancelled
MYXQOi,Rita,Hammerich,Female,42,Ukraine,Bandeirantes Airport,BR,Brazil,SAM,South America,7/19/2022,0,Tully Yanin,Delayed
pOBny9,Maurie,Hubert,Male,48,Venezuela,Easton State Airport,US,United States,NAM,North America,12/17/2022,ESW,Port Savery,Cancelled
X9qLel,Eleni,Trevains,Female,56,Argentina,Cuyo Airport,PH,Philippines,AS,Asia,1/24/2022,CYU,Bernardina Weippert,Cancelled
b2De47,Morena,Forkan,Female,77,Madagascar,Cocos (Keeling) Islands Airport,CC,Cocos (Keeling) Islands,AS,Asia,11-04-2022,CCK,Laverna Swatton,On Time
J0as6h,Leticia,Alyukin,Female,53,Russia,Iligan Airport,PH,Philippines,AS,Asia,2/17/2022,IGN,Roderic Grundon,On Time
VWCbiG,Bettye,Brailey,Female,59,Indonesia,Mopti Airport,ML,Mali,AF,Africa,12-04-2022,MZI,Sonia Rawlings,Delayed
RvnY3n,Tamarra,Seignior,Female,54,Malaysia,Calvi-Sainte-Catherine Airport,FR,France,EU,Europe,10-10-2022,CLY,Catlin Grainge,Cancelled
AA51qo,Kile,Caudray,Male,82,Brazil,Canandaigua Airport,US,United States,NAM,North America,5/20/2022,IUA,Marion Sheeran,Cancelled
1EreQY,Janela,Gentery,Female,89,Philippines,Bingöl Çeltiksuyu Airport,TR,Turkey,AS,Asia,11/14/2022,BGG,Con Terbrugge,Delayed
WRMlcx,Tiena,Noddings,Female,53,Russia,Rif Airport,IS,Iceland,EU,Europe,3/16/2022,OLI,Duffy Harcourt,Delayed
khuvzF,Solomon,Sconce,Male,27,Mexico,Mossendjo Airport,CG,Congo,AF,Africa,5/30/2022,MSX,Marget Braunds,Cancelled
DVwzSQ,Drud,Soares,Male,49,Portugal,Muanda Airport,CD,"Congo, The Democratic Republic of the",AF,Africa,06-04-2022,MNB,Pierce McCreery,On Time
8zq2OA,Morey,Chinnery,Male,7,Indonesia,Baie-Johan-Beetz Water Aerodrome,CA,Canada,NAM,North America,7/24/2022,YBJ,Nedi Patient,Delayed
ucbLUw,Pammi,Probart,Female,76,Poland,Bettles Airport,US,United States,NAM,North America,02-05-2022,BTT,Rurik Janota,Delayed
4jVBH6,Kay,Chesshyre,Female,16,Brazil,Truth Or Consequences Municipal Airport,US,United States,NAM,North America,11/22/2022,TCS,Jackie Davydochkin,Delayed
2qHdSZ,Brewer,Franssen,Male,52,Nigeria,Manono Airport,CD,"Congo, The Democratic Republic of the",AF,Africa,2/15/2022,MNO,Livy Haughey,On Time
xml35p,Gayelord,Raeburn,Male,90,Brazil,María Dolores Airport,CL,Chile,SAM,South America,06-08-2022,LSQ,Barri Cesaric,On Time
tmC5n5,Andriette,Sadry,Female,10,Philippines,Wakunai Airport,PG,Papua New Guinea,OC,Oceania,11/14/2022,WKN,Maxine Comolli,Cancelled
pfkCqJ,Ase,Spittles,Male,18,China,Kornasoren Airfield,ID,Indonesia,AS,Asia,2/22/2022,FOO,Rosie Gasperi,On Time
eoKZCD,Horatius,Rubega,Male,5,Poland,Nyeri Airport,KE,Kenya,AF,Africa,12-11-2022,NYE,Cross Cavan,On Time
y8H224,Beaufort,Davidsson,Male,56,Indonesia,Girua Airport,PG,Papua New Guinea,OC,Oceania,8/18/2022,PNP,Gaelan Phillipps,On Time
1xd1JA,Delmor,Evetts,Male,33,Brazil,Chilliwack Airport,CA,Canada,NAM,North America,08-04-2022,YCW,Elene Frogley,On Time
tmAEaA,Kevon,Eck,Male,37,Dominican Republic,Kenmore Air Harbor Inc Seaplane Base,US,United States,NAM,North America,5/26/2022,KEH,Alis Proudlove,Delayed
mGLztd,Fredrika,Sciusscietto,Female,28,Indonesia,Westray Airport,GB,United Kingdom,EU,Europe,12/21/2022,WRY,Yolanthe Firle,Cancelled
i3lyoV,Fields,Corbyn,Male,62,France,Corazón de Jesús Airport,PA,Panama,NAM,North America,2/24/2022,CZJ,Sonny Harses,Cancelled
tJ8PBF,Zulema,Tiptaft,Female,67,Mauritius,Jabiru Airport,AU,Australia,OC,Oceania,5/19/2022,JAB,Gran Keelinge,On Time
YY4WQY,Ailey,Brushneen,Female,67,China,João Durval Carneiro Airport,BR,Brazil,SAM,South America,06-03-2022,FEC,Jo Postlewhite,On Time
LWRXTn,Jonathon,Le Noury,Male,18,Iran,Creston Municipal Airport,US,United States,NAM,North America,6/25/2022,CSQ,Maribeth Shepton,Delayed
vrqKOr,Petrina,Aitken,Female,13,Philippines,William R Fairchild International Airport,US,United States,NAM,North America,7/16/2022,CLM,Colly Mothersdale,On Time
QjmGLv,Minetta,Lindup,Female,55,Indonesia,Wana Airport,PK,Pakistan,AS,Asia,09-11-2022,WAF,Alix Mulligan,Delayed
PihCXw,Christyna,Gwynn,Female,40,Democratic Republic of the Congo,John Glenn Columbus International Airport,US,United States,NAM,North America,5/18/2022,CMH,Towny Crossgrove,Delayed
IzMXeA,Tim,Houdmont,Female,12,Georgia,Tenerife Norte Airport,ES,Spain,EU,Europe,5/17/2022,TFN,Beatriz Ribey,Delayed
fsyITx,Georgie,Mansfield,Male,60,China,Naval Station Mayport (Admiral David L. Mcdonald Field),US,United States,NAM,North America,01-06-2022,NRB,Robinet Suett,On Time
uOc0ZN,Corliss,Quinnell,Female,30,China,Griswold Airport,US,United States,NAM,North America,7/19/2022,MPE,Reena Szubert,Delayed
mb1qyc,Noby,Teaz,Male,60,China,Kansai International Airport,JP,Japan,AS,Asia,10-04-2022,KIX,Nertie Brimilcombe,Cancelled
WEajvK,Lucius,Colbert,Male,29,Ethiopia,Lintsang Airfield,CN,China,AS,Asia,10/20/2022,LNJ,Petronille Doby,Cancelled
ySUhhf,Dacey,Dallon,Female,52,Indonesia,Argyle International Airport,VC,Saint Vincent and the Grenadines,NAM,North America,5/13/2022,SVD,Dollie Paulley,Cancelled
RRQqBM,Westleigh,Andriulis,Male,12,Russia,Bristol Filton Airport,GB,United Kingdom,EU,Europe,10-07-2022,FZO,Eula Jerrome,Delayed
VyldlS,Zorine,Stockwell,Female,5,Mexico,Podgorica Airport,ME,Montenegro,EU,Europe,2/18/2022,TGD,Gare Gercken,On Time
HPIkFw,Emily,Halliwell,Female,69,Poland,Provo Municipal Airport,US,United States,NAM,North America,8/28/2022,PVU,Philippe Pollett,On Time
er9oTI,Timmi,Redholls,Female,26,China,São Borja Airport,BR,Brazil,SAM,South America,12/15/2022,QOJ,Viva Hubach,On Time
iTEytl,Trudey,Wagge,Female,7,Poland,Kalaupapa Airport,US,United States,NAM,North America,4/27/2022,LUP,Manya Vaun,On Time
pnYgNG,Cirillo,Freeberne,Male,62,China,Böblingen Flugfeld,DE,Germany,EU,Europe,5/20/2022,PHM,Townsend Strathearn,On Time
fhrOzv,Derward,Matisoff,Male,10,Thailand,Hateruma Airport,JP,Japan,AS,Asia,6/26/2022,HTR,Alfonse Cripin,Cancelled
d110l6,Odelinda,Prozescky,Female,60,Nigeria,Lissadell Airport,AU,Australia,OC,Oceania,1/16/2022,LLL,Jackquelin Crossthwaite,Cancelled
LZ6UF6,Aldus,Edyson,Male,10,Brazil,Austral Downs Airport,AU,Australia,OC,Oceania,6/30/2022,AWP,Reed Iianon,On Time
jUk6ga,Mannie,Please,Male,14,Greece,Weeze Airport,DE,Germany,EU,Europe,5/29/2022,NRN,Jolee Sore,On Time
0eASp0,Brit,Drynan,Male,84,Costa Rica,Rota International Airport,MP,Northern Mariana Islands,OC,Oceania,05-06-2022,ROP,Eddi Normaville,Cancelled
5qrtQI,Noland,Gaunter,Male,36,Dominican Republic,Minden-Tahoe Airport,US,United States,NAM,North America,8/30/2022,MEV,Ganny Fearnsides,Cancelled
0W09ZW,Hildy,Oby,Female,58,North Korea,Yaoqiang Airport,CN,China,AS,Asia,3/16/2022,TNA,Arda Gowen,Cancelled
pMAFv9,Nolie,Northam,Female,79,Ukraine,Desert Rock Airport,US,United States,NAM,North America,7/15/2022,DRA,Nancie Woodcraft,Delayed
dDkeIu,Jeremias,Vanyukhin,Male,55,Zimbabwe,Juanda International Airport,ID,Indonesia,AS,Asia,8/21/2022,SUB,Adolf Lowen,Cancelled
2OGqcd,Gasparo,Tour,Male,33,Niger,London Heathrow Airport,GB,United Kingdom,EU,Europe,04-07-2022,LHR,Mikel Arnowitz,Delayed
Y24kKY,Lewes,Beckford,Male,85,Lithuania,Papa Stour Airport,GB,United Kingdom,EU,Europe,8/23/2022,PSV,Alaster Armor,Cancelled
xcmWMm,Adi,Treece,Female,34,Mexico,Çanakkale Airport,TR,Turkey,AS,Asia,12/14/2022,CKZ,Pietrek Andriss,Cancelled
JX7FWq,Richmound,Foro,Male,40,Portugal,Corumbá International Airport,BR,Brazil,SAM,South America,5/21/2022,CMG,Leigh Farlow,On Time
HRAtQe,Biron,Buncher,Male,46,Philippines,Araguaiana Airport,BR,Brazil,SAM,South America,2/25/2022,0,Karel Rouchy,Delayed
VuK2S5,Matt,Bausor,Male,1,China,St Jean Airport,CA,Canada,NAM,North America,04-06-2022,YJN,Theodora Renihan,Cancelled
R2m9ZE,Koressa,Andrzej,Female,86,Netherlands,Topeka Regional Airport - Forbes Field,US,United States,NAM,North America,3/27/2022,FOE,Mord Lamblot,On Time
mAOifS,Allyce,Abbado,Female,11,Sweden,Ensenada International Airport,MX,Mexico,NAM,North America,8/26/2022,ESE,Lucias Longea,On Time
rWylxi,Angus,Aherne,Male,68,Central African Republic,Ambatondrazaka Airport,MG,Madagascar,AF,Africa,01-06-2022,WAM,Nester Belvin,On Time
xufmLj,Ambros,Siemon,Male,9,China,Balcanoona Airport,AU,Australia,OC,Oceania,6/19/2022,LCN,Molly Thiese,On Time
xFTgrF,Mala,Floyde,Female,34,Philippines,Kenosha Regional Airport,US,United States,NAM,North America,12/22/2022,ENW,Carlyle Morde,Cancelled
NcIEzZ,Mufi,Bartzen,Female,25,Russia,Amchitka Army Airfield,US,United States,NAM,North America,08-01-2022,AHT,Maryjane Prene,On Time
RwSXz8,Aguste,Sikorsky,Male,21,Argentina,Fabio Alberto Leon Bentley Airport,CO,Colombia,SAM,South America,08-05-2022,MVP,Osborne Lamy,On Time
r5FObj,Shirl,Lawrance,Female,20,Indonesia,Culion Airport,PH,Philippines,AS,Asia,3/27/2022,CUJ,Zitella Grisdale,On Time
DizYdX,Warden,Coot,Male,67,Colombia,Barrow County Airport,US,United States,NAM,North America,4/22/2022,WDR,Farand Cheeke,Cancelled
NHsF4r,Oralie,Batman,Female,19,Sweden,Bossangoa Airport,CF,Central African Republic,AF,Africa,06-07-2022,BSN,Candace Guiness,On Time
tDV49i,Claretta,Kleinplac,Female,11,Botswana,Warton Airport,GB,United Kingdom,EU,Europe,11/25/2022,WRT,Esteban Mokes,Cancelled
br4aEZ,Rheba,Kayley,Female,82,Indonesia,Tambolaka Airport,ID,Indonesia,AS,Asia,10/17/2022,TMC,Adrian Binfield,Cancelled
L4aNgc,Gillie,Simacek,Female,10,France,Nelson Lagoon Airport,US,United States,NAM,North America,10-11-2022,NLG,Dodie Beiderbeck,On Time
O8TOGD,Burty,Carwardine,Male,89,China,Shaw River Airport,AU,Australia,OC,Oceania,7/13/2022,SWB,Damon Bartolomeazzi,Delayed
ZcqWxf,Felicio,Andriulis,Male,32,Liberia,Toussus-le-Noble Airport,FR,France,EU,Europe,9/26/2022,TNF,Kerrie Anster,Delayed
3XZyqh,Christal,Biasio,Female,39,Argentina,Bantry Aerodrome,IE,Ireland,EU,Europe,09-12-2022,BYT,Sharon Castaner,Cancelled
nq9QaS,Octavius,O'Loinn,Male,8,China,Longjia Airport,CN,China,AS,Asia,10-05-2022,CGQ,Culver Duddan,Delayed
Zb5HMM,Dana,Lauga,Male,15,Indonesia,Eilat Airport,IL,Israel,AS,Asia,10/22/2022,ETH,Carmita Gillhespy,Cancelled
P1Anvb,Phillis,Pear,Female,6,Guatemala,False Pass Airport,US,United States,NAM,North America,6/26/2022,KFP,Rebecca McTrustam,Delayed
0H7Xmd,Brian,Whimper,Male,19,Vietnam,Arrabury Airport,AU,Australia,OC,Oceania,07-01-2022,AAB,Pris Kingston,On Time
Netbn4,Letizia,Batty,Female,4,Russia,Dushanbe Airport,TJ,Tajikistan,AS,Asia,08-08-2022,DYU,Roz Vallentin,Delayed
as00AT,Agustin,Kinner,Male,27,Madagascar,Ulgii Mongolei Airport,MN,Mongolia,AS,Asia,06-12-2022,ULG,Shalne Hauxwell,On Time
rHp0zk,Claudio,Vidgeon,Male,31,Poland,Hechi Jinchengjiang Airport,CN,China,AS,Asia,8/25/2022,HCJ,Devinne Abdy,Delayed
3Y4bwg,Derrek,Bathersby,Male,38,Brazil,Capitan Fuentes Martinez Airport Airport,CL,Chile,SAM,South America,12-06-2022,WPR,Arlana Borles,Cancelled
dLBga9,Enrico,Bitterton,Male,12,Canada,Southwest Minnesota Regional Airport - Marshall/Ryan Field,US,United States,NAM,North America,11/30/2022,MML,Jere Wyldish,On Time
METncf,Idelle,Chapier,Female,34,China,Dundas Airport,GL,Greenland,EU,Europe,5/20/2022,DUN,Jerome Perrelle,Cancelled
0EUtpX,Krystle,Hischke,Female,68,United States,Hazleton Municipal Airport,US,United States,NAM,North America,06-12-2022,HZL,Gayelord Village,Delayed
5rprBj,Putnam,Wookey,Male,29,Tanzania,Willows Glenn County Airport,US,United States,NAM,North America,06-08-2022,WLW,Marlowe Wehner,Delayed
kXM9KJ,Jamie,Persich,Male,33,Indonesia,Sparta Community Hunter Field,US,United States,NAM,North America,10-11-2022,SAR,Carl Swafield,Delayed
4Hy5hA,Yorke,Bradbrook,Male,56,China,Lunyuk Airport,ID,Indonesia,AS,Asia,07-01-2022,LYK,Tommi Narducci,Cancelled
SP32Lv,Celene,Lindl,Female,32,Indonesia,Danbury Municipal Airport,US,United States,NAM,North America,4/26/2022,DXR,Harlene Calken,Delayed
3m2yYp,Sidonnie,Faulconer,Female,29,Philippines,Besakoa Airport,MG,Madagascar,AF,Africa,02-01-2022,BSV,Manya Hempel,On Time
ad2vtu,Thayne,Matts,Male,79,Syria,Cherrabah Airport,AU,Australia,OC,Oceania,1/24/2022,CRH,Templeton Kleisel,Delayed
Bj3GBa,Vin,Adamini,Female,65,Guatemala,Karanambo Airport,GY,Guyana,SAM,South America,04-08-2022,KRM,Fonz Mowbray,On Time
T5bDy3,Zacharie,Van,Male,76,Russia,Spring Creek Airport,AU,Australia,OC,Oceania,10/20/2022,SCG,Wendeline Benge,On Time
aieP5d,Nanon,Ridsdell,Female,88,China,Muttaburra Airport,AU,Australia,OC,Oceania,2/23/2022,UTB,Kiersten Mudge,Delayed
MesxHU,Ginger,Bowdery,Female,2,Norway,Borkum Airport,DE,Germany,EU,Europe,7/26/2022,BMK,Tudor Hathway,Cancelled
sFFSWi,Georgi,Killelea,Male,46,Brazil,Menominee Regional Airport,US,United States,NAM,North America,10/30/2022,MNM,Aurthur Scolli,Delayed
NshyHj,Berny,Coates,Male,19,Russia,Francisco De Orellana Airport,EC,Ecuador,SAM,South America,9/14/2022,OCC,Ezri McCalister,Cancelled
84pEDH,Martin,Harland,Male,12,Indonesia,Barkley Regional Airport,US,United States,NAM,North America,10/19/2022,PAH,Gretal Kibbey,Cancelled
mBGbUL,Gabe,Buyers,Male,84,Ukraine,Redding Municipal Airport,US,United States,NAM,North America,12-03-2022,RDD,Erek Balazin,On Time
237zdk,Amery,Mabley,Male,8,Russia,Lungi International Airport,SL,Sierra Leone,AF,Africa,4/27/2022,FNA,Vitoria Patek,On Time
67lN4b,Laurie,Nunnery,Male,69,Brazil,Shillong Airport,IN,India,AS,Asia,10/25/2022,SHL,Chlo Feeney,Delayed
uPXjwU,Fabian,Robiou,Male,83,Poland,Hartley Bay Seaplane Base,CA,Canada,NAM,North America,04-08-2022,YTB,Suzy Jerdan,On Time
eJ3ML8,Ignatius,Dyster,Male,30,France,Nondalton Airport,US,United States,NAM,North America,7/26/2022,NNL,Erda Wilkes,Delayed
GQWKGm,Brennan,Hefner,Male,25,Philippines,Dirranbandi Airport,AU,Australia,OC,Oceania,8/24/2022,DRN,Jessamyn Dower,Delayed
KACLyS,Corbett,Virgoe,Male,54,Indonesia,Guanacaste Airport,CR,Costa Rica,NAM,North America,6/16/2022,NCT,Ram Jowle,Cancelled
nI6pXJ,Eugenio,Lowis,Male,5,Ukraine,De Kooy Airport,NL,Netherlands,EU,Europe,8/31/2022,DHR,Reggis Luker,On Time
Vw68Oe,Tatiana,Cook,Female,61,China,Chuathbaluk Airport,US,United States,NAM,North America,11-08-2022,CHU,Schuyler Kliner,Delayed
NLOlb6,Richmound,Walworche,Male,47,Philippines,Clifton Hills Airport,AU,Australia,OC,Oceania,3/31/2022,CFH,Gerladina Muselli,On Time
pdWANv,Madel,Halburton,Female,60,Indonesia,Zanaga Airport,CG,Congo,AF,Africa,8/29/2022,ANJ,Katti Phillcock,On Time
dZvJoq,Wittie,Vinker,Male,39,China,Kushiro Airport,JP,Japan,AS,Asia,01-04-2022,KUH,Rourke Dudden,Cancelled
gvP5a8,Celestyn,Sterndale,Female,62,Norway,Grand Central Airport,ZA,South Africa,AF,Africa,4/13/2022,GCJ,Olivie Hirsch,Delayed
5lkRzH,Niven,Bagge,Male,40,Mexico,Thaba-Tseka Airport,LS,Lesotho,AF,Africa,01-01-2022,THB,Tristam Philippe,On Time
cyBa1z,Livvy,Bancroft,Female,57,Portugal,Leh Kushok Bakula Rimpochee Airport,IN,India,AS,Asia,5/20/2022,IXL,Preston Aldwick,Delayed
1CieOl,Rafaela,Devereux,Female,44,China,Wotho Island Airport,MH,Marshall Islands,OC,Oceania,8/19/2022,WTO,Diana Girardey,Cancelled
XJVG3h,Fleurette,Graddon,Female,55,Brazil,Dillon County Airport,US,United States,NAM,North America,5/26/2022,DLL,Salomi Silmon,Cancelled
5UZFYQ,Fidelia,Nicklin,Female,61,China,Cururupu Airport,BR,Brazil,SAM,South America,6/14/2022,CPU,Marysa Filppetti,Cancelled
BWRlUY,Winna,Rebichon,Female,14,Peru,Toyama Airport,JP,Japan,AS,Asia,04-03-2022,TOY,Peta Andreazzi,Delayed
0RCK5F,Brandy,Volke,Male,52,Indonesia,Namangan Airport,UZ,Uzbekistan,AS,Asia,7/14/2022,NMA,Kym Wastell,On Time
X73uq8,Sal,Gerrill,Male,80,China,Dalton Municipal Airport,US,United States,NAM,North America,08-11-2022,DNN,Ibbie Garley,On Time
ABZTYe,Josefina,Greedier,Female,74,Canada,Soddu Airport,ET,Ethiopia,AF,Africa,6/22/2022,SXU,Cesar Sabater,Delayed
MhDYcN,Rodolfo,De Ruggero,Male,78,Israel,Angama Airport,KE,Kenya,AF,Africa,01-04-2022,ANA,Darren Burrill,Cancelled
08FfMi,Keefe,Form,Male,83,Japan,General Leobardo C. Ruiz International Airport,MX,Mexico,NAM,North America,03-02-2022,ZCL,Rad Gavrieli,On Time
YU5rHE,Walker,Bloys,Male,13,Philippines,Datadawai Airport,ID,Indonesia,AS,Asia,6/17/2022,DTD,Emmalynn Garvill,Delayed
33HEZn,Flss,Bartolommeo,Female,54,Japan,Rosecrans Memorial Airport,US,United States,NAM,North America,6/16/2022,STJ,Olivia Cicculini,On Time
PW1Q7q,Gaven,Kas,Male,50,China,Ibadan Airport,NG,Nigeria,AF,Africa,08-01-2022,IBA,Reeba McTeggart,On Time
JCejWx,Linus,Burtenshaw,Male,2,China,Marmul Airport,OM,Oman,AS,Asia,5/22/2022,OMM,Kathie Stranks,Delayed
jFLQRq,Shermie,Sparkwill,Male,8,Indonesia,Lausanne-Blécherette Airport,CH,Switzerland,EU,Europe,3/28/2022,QLS,Stacey Ashling,Cancelled
BNmQcE,Gretel,Stansall,Female,11,China,Kampong Chhnang Airport,KH,Cambodia,AS,Asia,08-12-2022,KZC,Rosco Schnitter,Delayed
JDOeKS,Emlyn,Castenda,Male,17,France,Taplejung Airport,NP,Nepal,AS,Asia,1/18/2022,TPJ,Blayne Skpsey,Cancelled
Ve7KGg,Joyce,Fairpo,Female,77,Poland,Villa Airport,MV,Maldives,AS,Asia,2/16/2022,VAM,Sydel McCraw,On Time
HEuxMa,Kaycee,Maddocks,Female,68,China,Bill & Hillary Clinton National Airport/Adams Field,US,United States,NAM,North America,10/20/2022,LIT,Vince Cornelissen,Cancelled
e6vPS2,Elwood,Mogg,Male,45,Russia,Gulgubip Airport,PG,Papua New Guinea,OC,Oceania,2/28/2022,GLP,Phaidra Cristofolini,On Time
R2yp3w,Ynez,Pendre,Female,69,Philippines,Mucuri Airport,BR,Brazil,SAM,South America,2/18/2022,MVS,Nathanial Raisher,Cancelled
fbSgIr,Darcee,Bennison,Female,74,Indonesia,Hartley Bay Seaplane Base,CA,Canada,NAM,North America,1/30/2022,YTB,Uriel Vivians,On Time
HAnx4L,Dulcea,Adamo,Female,37,Honduras,Pamplona Airport,ES,Spain,EU,Europe,03-08-2022,PNA,Burtie Drakes,Cancelled
0WKQge,Ivor,Torpie,Male,25,China,Wudinna Airport,AU,Australia,OC,Oceania,7/16/2022,WUD,Sher Penswick,Delayed
0gUJR5,Rafaellle,Hurdiss,Male,62,China,Agra Airport,IN,India,AS,Asia,06-06-2022,AGR,Babita Coneybeare,Delayed
yzNY2W,Martainn,Learoid,Male,65,Cameroon,Trang Airport,TH,Thailand,AS,Asia,11/18/2022,TST,Nert Vazquez,Delayed
T0ZKDD,Mackenzie,Jouannisson,Male,31,Poland,Maota Airport,WS,Samoa,OC,Oceania,6/19/2022,MXS,Cortney Shurmer,On Time
SpfeWW,Harald,Spowart,Male,71,Philippines,Wonderboom Airport,ZA,South Africa,AF,Africa,5/15/2022,PRY,Thom Jaimez,On Time
rElpsP,Viki,Gell,Female,25,China,Yokota Air Base,JP,Japan,AS,Asia,06-12-2022,OKO,Bertine Tadlow,On Time
UPI4wW,Hedi,Shory,Female,20,France,Colon Airport,HN,Honduras,NAM,North America,9/16/2022,MRJ,Johnathon Padrick,Cancelled
8oRT2s,Wyn,Herity,Male,58,Indonesia,Kompiam Airport,PG,Papua New Guinea,OC,Oceania,01-02-2022,KPM,Laurence Birney,Delayed
jklr61,Anson,Hawket,Male,29,Japan,Fazenda Cataco Airport,BR,Brazil,SAM,South America,06-05-2022,0,Federico Whitlow,On Time
5shXqz,Nananne,Bockh,Female,69,Mexico,Mykolaiv International Airport,UA,Ukraine,EU,Europe,9/15/2022,NLV,Gena Ivimy,Cancelled
BCcDKk,Theobald,Meriet,Male,76,Brazil,Donaldson Field Airport,US,United States,NAM,North America,07-01-2022,GDC,Saraann Gooden,Delayed
hvKafP,Fan,Carvill,Female,36,Sweden,Zaysan Airport,KZ,Kazakhstan,AS,Asia,9/23/2022,SZI,Eustacia Dottrell,Cancelled
XdX8DU,Fernandina,Rizzolo,Female,61,China,Ponta Grossa Airport - Comandante Antonio Amilton Beraldo,BR,Brazil,SAM,South America,1/24/2022,PGZ,Beitris Pracy,Delayed
KGVHxM,Anthony,Colegrove,Male,75,China,Tengah Air Base,SG,Singapore,AS,Asia,3/15/2022,TGA,Locke Droghan,Cancelled
YlFr2P,Ame,Gallyon,Female,31,Spain,Qaanaaq Airport,GL,Greenland,EU,Europe,09-02-2022,NAQ,Noni Kharchinski,Cancelled
RUFWow,Stafford,Playle,Male,26,Poland,Andahuaylas Airport,PE,Peru,SAM,South America,01-02-2022,ANS,Joane Broadist,Cancelled
NFzJqE,Fanechka,Grove,Female,90,Cyprus,Koulamoutou Mabimbi Airport,GA,Gabon,AF,Africa,4/22/2022,KOU,Orly Lambertson,On Time
sZgR7T,Baily,Williamson,Male,68,Lithuania,Gnarowein Airport,PG,Papua New Guinea,OC,Oceania,08-12-2022,GWN,Robinia Coper,Delayed
GQYnoa,Bernadette,Earngy,Female,31,Czech Republic,Ufa International Airport,RU,Russian Federation,EU,Europe,11/26/2022,UFA,Brok Cluatt,Delayed
cYnml6,Emelen,Chasson,Male,3,Argentina,Pontes e Lacerda Airport,BR,Brazil,SAM,South America,1/13/2022,LCB,Jorgan Sibbit,Cancelled
e6xwKD,Kylila,Amis,Female,15,Indonesia,Manari Airport,PG,Papua New Guinea,OC,Oceania,1/30/2022,MRM,Niccolo Gilyott,On Time
fjKrwN,Francoise,Varley,Female,30,Brazil,Havre City County Airport,US,United States,NAM,North America,10-01-2022,HVR,Gunner Innman,On Time
YuW4Jl,Aylmer,Lafuente,Male,43,Uruguay,Delta Downs Airport,AU,Australia,OC,Oceania,1/30/2022,DDN,Reinhold Pechan,On Time
ieOPCO,Hagen,Sterman,Male,69,France,Pender Harbour Seaplane Base,CA,Canada,NAM,North America,1/28/2022,YPT,Lodovico Deshon,On Time
XA4G1j,Marthe,Cawsby,Female,42,China,Taganrog Yuzhny Airport,RU,Russian Federation,EU,Europe,04-06-2022,TGK,Julee MacDermott,On Time
Ykk50w,Lyell,Pickerin,Male,69,Indonesia,Amedee Army Air Field,US,United States,NAM,North America,10/25/2022,AHC,Sheilakathryn Few,On Time
zAd0Eo,Erminia,Sandeman,Female,13,Macedonia,Kauehi Airport,PF,French Polynesia,OC,Oceania,6/29/2022,KHZ,Mar Charpin,Cancelled
ewszAV,Layney,Seven,Female,24,China,Sette Cama Airport,GA,Gabon,AF,Africa,5/28/2022,ZKM,Barnard Baugham,On Time
RMnHDa,Haskell,Bethell,Male,15,Greece,Lemmon Municipal Airport,US,United States,NAM,North America,11/30/2022,LEM,Cody Dunston,On Time
ToMRxF,Gay,Stanning,Male,33,Macedonia,Deir ez-Zor Air Base,SY,Syrian Arab Republic,AS,Asia,12/25/2022,DEZ,Gerrard McMonnies,Cancelled
Avyzor,Clemente,Arndell,Male,6,China,Rajahmundry Airport,IN,India,AS,Asia,5/25/2022,RJA,Roland Gilderoy,On Time
0oxBra,Haily,Ranscomb,Female,54,Nigeria,Bandaranaike International Colombo Airport,LK,Sri Lanka,AS,Asia,01-10-2022,CMB,Annalise Millin,Delayed
KOUtfC,Roseline,Ranger,Female,30,Indonesia,Tradewind Airport,US,United States,NAM,North America,02-04-2022,TDW,Ricky Flescher,Cancelled
sxdCNK,Clareta,Simionescu,Female,21,Indonesia,Cordova Municipal Airport,US,United States,NAM,North America,3/30/2022,CKU,Roma Worms,Delayed
iPu0bg,Eyde,Pavey,Female,11,France,Port Menier Airport,CA,Canada,NAM,North America,4/28/2022,YPN,Malissia Sheach,On Time
CLgoKW,Holly-anne,Nemchinov,Female,46,Indonesia,Everett-Stewart Regional Airport,US,United States,NAM,North America,5/15/2022,UCY,Ryann Gilloran,Delayed
Ccz6WT,Dani,Killner,Female,71,China,Stuttgart Airport,DE,Germany,EU,Europe,12/27/2022,STR,Bekki Bridson,Cancelled
fE7VrF,Lindsay,Tenant,Male,66,France,Jaisalmer Airport,IN,India,AS,Asia,12/26/2022,JSA,Reidar Furmenger,Cancelled
ICPfrw,Niko,Iacovaccio,Male,42,Peru,North Central West Virginia Airport,US,United States,NAM,North America,11-10-2022,CKB,Leonora Garwood,Cancelled
uxIaLq,Michaeline,Soppeth,Female,70,China,Kadanwari Airport,PK,Pakistan,AS,Asia,02-10-2022,KCF,Ker Gundry,On Time
h91LlS,Kip,Meadowcraft,Male,20,Philippines,Bob Hope Airport,US,United States,NAM,North America,4/16/2022,BUR,Philbert Weigh,On Time
2U3dRL,Rachele,Burrage,Female,8,Indonesia,Dax Seyresse Airport,FR,France,EU,Europe,9/26/2022,XDA,Briana Avramovsky,Delayed
TRtPMf,Fanechka,Donegan,Female,5,Peru,Kimble County Airport,US,United States,NAM,North America,1/26/2022,JCT,Kassie Dempsey,On Time
e9x4sq,Yasmeen,Eadmeads,Female,66,Portugal,Bukoba Airport,TZ,"Tanzania, United Republic of",AF,Africa,11-01-2022,BKZ,Phip Troctor,Delayed
BwuHGk,Sayers,O' Gara,Male,64,Indonesia,Voinjama Airport,LR,Liberia,AF,Africa,1/23/2022,VOI,Ab Wickstead,Delayed
X0WwNA,Forester,Raspel,Male,26,Japan,Jacareacanga Airport,BR,Brazil,SAM,South America,8/24/2022,JCR,Aura Dumbellow,Delayed
0QATfT,Thom,Kirkam,Male,16,Indonesia,Banmaw Airport,MM,Myanmar,AS,Asia,3/25/2022,BMO,Alisa Nitto,On Time
7cNCYd,Jerrold,Hearnaman,Male,10,China,Comandante Espora Airport,AR,Argentina,SAM,South America,03-05-2022,BHI,Janis Heaseman,On Time
t5LCUU,Hal,Lockton,Male,87,Poland,Provo Municipal Airport,US,United States,NAM,North America,7/26/2022,PVU,Marcellus Ashburne,Delayed
rQyvgk,Kayne,Kilpatrick,Male,68,Iran,Clinton Regional Airport,US,United States,NAM,North America,08-04-2022,CLK,Braden O'Scannill,Cancelled
4W6Iwh,Blythe,Louche,Female,5,Finland,Fazenda São João Airport,BR,Brazil,SAM,South America,03-06-2022,0,Timmie Toyer,On Time
IffScW,Eliot,Theis,Male,20,Colombia,Licenciado Manuel Crescencio Rejon Int Airport,MX,Mexico,NAM,North America,06-09-2022,MID,Liv Aluard,On Time
nvaBCS,Fina,Maylour,Female,55,Pakistan,Húsavík Airport,IS,Iceland,EU,Europe,11/17/2022,HZK,Lorena Kemball,Cancelled
f5FM5D,Phelia,Clows,Female,28,Kazakhstan,Wapolu Airport,PG,Papua New Guinea,OC,Oceania,2/17/2022,WBC,Alisander Ginnelly,Delayed
6fkXEL,Hyacinth,Gailor,Female,27,China,Hyder Seaplane Base,US,United States,NAM,North America,07-12-2022,WHD,Georges Wreak,Cancelled
EcUApe,Richmond,Plummer,Male,58,United States,Maré Airport,NC,New Caledonia,OC,Oceania,10/22/2022,MEE,Rustie Dowry,Cancelled
pRfK21,Sherie,Battista,Female,29,China,Monroe Regional Airport,US,United States,NAM,North America,3/26/2022,MLU,Karlene De Benedictis,Delayed
UzPgPt,Dmitri,Andersson,Male,75,Bangladesh,Guadalupe Airport,BR,Brazil,SAM,South America,10-10-2022,GDP,Bartholomeo Kloss,On Time
bB0Utk,Ty,Grishanov,Male,72,France,Perugia San Francesco d'Assisi – Umbria International Airport,IT,Italy,EU,Europe,6/17/2022,PEG,Murial Bavin,Cancelled
mHJR3X,Spike,Oller,Male,68,China,Cayenne-Rochambeau Airport,GF,French Guiana,SAM,South America,5/22/2022,CAY,Immanuel Lippatt,Delayed
Z6C94J,Elton,Yoseloff,Male,57,Ukraine,Lightning Ridge Airport,AU,Australia,OC,Oceania,4/18/2022,LHG,Gauthier Dottridge,Delayed
NU5OFz,Margareta,Nickolls,Female,42,Brazil,Hanchey Army (Fort Rucker) Heliport,US,United States,NAM,North America,07-10-2022,HEY,Shaughn Lamden,Cancelled
E14FWs,Anitra,Trueman,Female,34,Morocco,St Aubin Airport,FR,France,EU,Europe,10/17/2022,DPE,Cherise Padson,On Time
aDoGF3,Vicki,Mirams,Female,78,Mexico,Zaraza Airport,VE,"Venezuela, Bolivarian Republic of",SAM,South America,07-12-2022,ZRZ,Inger Ugolotti,Delayed
t5QdyL,Gale,Stops,Female,72,France,Bahía de los Ángeles Airport,MX,Mexico,NAM,North America,6/17/2022,BHL,Grace Pelerin,Cancelled
4NN5yZ,Nora,Jennaway,Female,49,Serbia,Omidiyeh Airport,IR,"Iran, Islamic Republic of",AS,Asia,06-04-2022,OMI,Jed Cowterd,Cancelled
oXfXsJ,Ansley,Cavnor,Female,88,Sweden,Cyril E. King Airport,VI,"Virgin Islands, U.S.",NAM,North America,10-09-2022,STT,Mike Rosle,Delayed
fhD57Z,Jordan,Fierman,Female,11,Sri Lanka,Yoshkar-Ola Airport,RU,Russian Federation,EU,Europe,3/30/2022,JOK,Angy Krysztowczyk,On Time
v5AM4t,Darin,Hallum,Male,25,Brazil,Tarfaya Airport,MA,Morocco,AF,Africa,12/22/2022,TFY,Merrill Ockendon,Delayed
yW3fCO,Georgie,Farden,Male,42,Sweden,Enarotali Airport,ID,Indonesia,AS,Asia,10/17/2022,EWI,Jonathon Collip,Cancelled
zX1yg6,Shanan,Siggers,Male,65,Indonesia,Redhill Aerodrome,GB,United Kingdom,EU,Europe,10/17/2022,KRH,Remy Burth,Delayed
secC9n,Evita,Slopier,Female,50,North Korea,Wonenara Airport,PG,Papua New Guinea,OC,Oceania,7/19/2022,WOA,Mabelle Cork,Delayed
H7YHSi,Carlos,Pont,Male,22,Latvia,Florence Regional Airport,US,United States,NAM,North America,1/17/2022,FLO,Thomasa Lathe,Delayed
m5kF3l,Esta,Gane,Female,5,Estonia,Ajaccio-Napoléon Bonaparte Airport,FR,France,EU,Europe,12/15/2022,AJA,Maurita Bennion,On Time
jed0Po,Brnaba,Claire,Male,75,China,Ellington Airport,US,United States,NAM,North America,4/15/2022,EFD,Selina O'Donegan,Delayed
0gEa5j,Gerick,McAlister,Male,43,Russia,Bandırma Airport,TR,Turkey,AS,Asia,11-09-2022,BDM,Lynda Rummings,Cancelled
O2l1ol,Willa,Lenahan,Female,27,China,Chakcharan Airport,AF,Afghanistan,AS,Asia,11-03-2022,CCN,Alvis Heasly,Cancelled
xPgNip,Maddalena,Goodbur,Female,84,Russia,Lipetsk Airport,RU,Russian Federation,EU,Europe,08-07-2022,LPK,Merrily Roome,Cancelled
CD6fOo,Mela,Lambal,Female,14,Peru,Kirk Field,US,United States,NAM,North America,6/30/2022,PGR,Kate Bigg,Delayed
o0AdD4,Delmar,Di Biaggi,Male,71,China,Oro Negro Airport,VE,"Venezuela, Bolivarian Republic of",SAM,South America,12-08-2022,CBS,Lebbie Wayper,Delayed
GE5pWf,Krispin,Ramshaw,Male,84,Indonesia,Washabo Airport,SR,Suriname,SAM,South America,11/26/2022,WSO,Christa Corbishley,Cancelled
Uc1x9O,Byrom,Coade,Male,42,Indonesia,Kitadaito Airport,JP,Japan,AS,Asia,9/24/2022,KTD,Freeland Jeness,Delayed
PDoRUS,Filia,St Louis,Female,76,Indonesia,Wellington International Airport,NZ,New Zealand,OC,Oceania,07-11-2022,WLG,Aprilette Axworthy,Delayed
uogCCH,Reid,Giblin,Male,58,Montserrat,Sindal Airport,DK,Denmark,EU,Europe,4/29/2022,CNL,Demetra Saenz,On Time
njlgjV,Pasquale,Adamo,Male,52,Thailand,Collins Bay Airport,CA,Canada,NAM,North America,11/24/2022,YKC,Lilia Bruna,On Time
hZhzpI,Everett,Thomasen,Male,16,Argentina,Naga Airport,PH,Philippines,AS,Asia,5/17/2022,WNP,Smitty Whaley,On Time
lmdbgS,Timothee,Marfell,Male,14,United Kingdom,Manchester Airport,GB,United Kingdom,EU,Europe,9/29/2022,MAN,Reuben Sperrett,On Time
6ncgzn,Virgil,Gerrey,Male,40,Saint Kitts and Nevis,Biratnagar Airport,NP,Nepal,AS,Asia,04-04-2022,BIR,Holly Real,On Time
4JHDV3,Zondra,Dawkes,Female,18,Philippines,Bairnsdale Airport,AU,Australia,OC,Oceania,10/31/2022,BSJ,Valaree Labarre,Cancelled
4HTC5P,Vincent,Thominga,Male,21,Indonesia,RAAF Base Richmond,AU,Australia,OC,Oceania,8/26/2022,XRH,Angelo Gurr,Delayed
V9yH2R,Giuditta,Worley,Female,76,Czech Republic,Presidente Peron Airport,AR,Argentina,SAM,South America,07-10-2022,NQN,Brett Legge,Cancelled
XgBsP7,Pierce,Muccino,Male,88,Philippines,Kontum Airport,VN,Viet Nam,AS,Asia,03-03-2022,KON,Shelba Van der Kruijs,Delayed
dnGjfR,Ainsley,Bartell,Female,35,China,Seal Bay Seaplane Base,US,United States,NAM,North America,2/13/2022,SYB,Vivie Falkous,Delayed
4HzUpv,Lila,Maltster,Female,74,Netherlands,Thomasville Regional Airport,US,United States,NAM,North America,3/25/2022,TVI,Nikkie Oxbe,Cancelled
J8ejX0,Nikola,Loverock,Male,72,Sweden,Nanyang Jiangying Airport,CN,China,AS,Asia,11/13/2022,NNY,Calhoun Ibel,Delayed
L1zRPH,Claudelle,Rachuig,Female,33,Indonesia,Aniwa Airport,VU,Vanuatu,OC,Oceania,08-12-2022,AWD,Matteo Dawidowsky,Delayed
EOKAI5,Binky,Blenkhorn,Male,25,China,Jaime Gonzalez Airport,CU,Cuba,NAM,North America,06-07-2022,CFG,Phyllida Conquest,Delayed
I7R69e,Inna,Hunnable,Female,78,China,Pompeu Airport,BR,Brazil,SAM,South America,08-12-2022,0,Samantha Heazel,On Time
v2k0uj,Bili,Linggard,Female,63,Canada,Billy Bishop Toronto City Centre Airport,CA,Canada,NAM,North America,6/20/2022,YTZ,Ewen Tonry,Delayed
qGgtdt,Townsend,Le Pine,Male,26,Tunisia,Pathein Airport,MM,Myanmar,AS,Asia,12/19/2022,BSX,Bessie Potebury,On Time
503KBI,Maurice,Vinker,Male,33,Palau,Antsirabato Airport,MG,Madagascar,AF,Africa,7/26/2022,ANM,Tybie Purchall,On Time
W2YLFN,Moishe,Bugs,Male,6,Argentina,Podkamennaya Tunguska Airport,RU,Russian Federation,EU,Europe,11-07-2022,TGP,Reuben Bolstridge,Cancelled
NcUuV2,Katrinka,Barson,Female,19,China,Salina Municipal Airport,US,United States,NAM,North America,12/22/2022,SLN,Kendall Jirak,On Time
UFarjR,Rorke,Bowmaker,Male,54,Argentina,Alexander Bay Airport,ZA,South Africa,AF,Africa,4/19/2022,ALJ,Darlleen Abrahamsson,On Time
G7Viva,Jerrome,Gegay,Male,2,Poland,Danville Regional Airport,US,United States,NAM,North America,05-08-2022,DAN,Selene Ewbanke,On Time
uCwCD2,Kevyn,Prue,Female,21,Democratic Republic of the Congo,Greenville Downtown Airport,US,United States,NAM,North America,12-01-2022,GMU,Amby Ondracek,Delayed
WIgQUI,Conny,Bonnar,Male,85,Russia,Downtown Airpark,US,United States,NAM,North America,4/13/2022,DWN,Nikaniki Bulcock,Cancelled
hBLJBj,Alta,Egerton,Female,19,France,Likiep Airport,MH,Marshall Islands,OC,Oceania,1/18/2022,LIK,Kirbie Pruce,Cancelled
zAOGWp,Colette,Bianco,Female,56,Slovenia,Fuyang Xiguan Airport,CN,China,AS,Asia,05-09-2022,FUG,Dacey Burnage,Cancelled
29MbKw,Hatti,Reiglar,Female,54,Poland,Bengbu Airport,CN,China,AS,Asia,04-11-2022,BFU,Mollie Glover,Delayed
