Roadname and Road ID,Asset ID (Identifier),Description (Monument Details),Monument Descripti (Monument Details),Monument Type (Monument Details),Monument Material (Monument Details),Easting (Location/Map Coordinates),Northing (Location/Map Coordinates)
PARK 26 - TARNTANYA WAMA (5264),3.0,COLONEL WILLIAM LIGHT CC REF:000137,"Colonel William Light Memorial
A cast bronze standing statue of Colonel William Light by W. Birnie Rhind (Edinburgh), circa 1906
290 cm in height
On pink granite plinth with sandstone capital and collar
Together with four bronze tablets:
One oblong and with intaglio lettering inscribed 
""Light"", 11.5 x 34 cm
Three oblong with raised lettering, 36 x 51.5 cm, 20.5 x 132 cm and 22.5 x 44.5 cm
Together with a circular bronze plaque
with raised lettering surrounded by a 
cast bronze bas-relief laurel wreath, 
57 cm in diameter",Statue,Bronze; granite,280193.96,6133984.07
PARK 26 - TARNTANYA WAMA (5264),4.0,COMPASSIONATE FRIENDS PLAQUE,,Plaque,,280536.91,6133938.37
PARK 26 - TARNTANYA WAMA (5264),8.0,VICTIMS OF HOMICIDE PLAQUE - CC REF:CC002534,,Plaque,,280528.25,6133914.41
PARK 26 - TARNTANYA WAMA (5264),9.0,20 MILLIONTH TREE PLANTING IN SA PLAQUE,,Plaque,,280493.41,6133888.05
PARK 26 - TARNTANYA WAMA (5264),10.0,THE FARNESE HERCULES CC REF:CC000099,,Statue,,280503.4433,6133794.4376
PARK 26 - TARNTANYA WAMA (5264),11.0,,,Commerative Fountain,,280513.91,6133742.36
PARK 26 - TARNTANYA WAMA (5264),12.0,SIR ROSS SMITH CC REF:CC000469,"The Sir Ross Smith Memorial
Comprising of nine cast bronze elements by Frederick Brook Hitch, cast by A.B. Burton, Founder, London, set on pink granite plinth 
Including:
-  A standing statue of Sir Ross Smith in the ordinary flying uniform of the Military aviator standing on a hemisphere representing the world, with one foot planted on Australia, the other on England, signed F. Brook Hitch A.R.B.S.  And dated 1926 all on the hemisphere, 275 cm in height, base 91.5 cm in width x 92 cm in depth
-  A standing statue of  an angel representing Intrepidity holding and aeroplane, 188.5 cm in height, base 51.5 cm in width x 42 cm
-  A standing statue designed to represent Flight holding a spray of palm leaves and an atlas, 195 cm in height, base 52 cm in width x 42 cm in depth
-  A four panel bas-relief frieze depicting incidents that occurred during the flight, each 50 x 127 cm
-  Four circular laurel wreathes, each 25 cm inn diameter
-  A bas-relief plaque depicting the crew of the Vickers Vimy (Sir Keith Smith, Lieut., W.H. Shiers and Lieut. J.M. Bennett), 105 x 15 cm
-  A bas-relief plaque of an eagle with wings outstretched perched within a crown capped laurel wreath and supporting a line of Sir Keith Smiths's medals and decorations, 55 cm x 115.5 cm",Statue,Bronze; granite,280566.14,6133638.51
PARK 27 - BONYTHON PARK  -  TULYA WARDLI (5278),14.0,PILTAWODLI - DEDICATED TO THE KAURNA PEOPLE MEMORIAL,,Memorial,,279658.44,6133499.46
PARK 26 - TARNTANYA WAMA (5264),16.0,QUEEN ELIZABETH 11 1954 VISIT PLAQUE - CC REF: CC002355,,Plaque,,280575.35,6133452.92
PARK 27 - BONYTHON PARK  -  TULYA WARDLI (5278),17.0,ADELAIDE PARKLANDS YOUTH PROJECT PLAQUE - NORTH,,Plaque,,278968.3,6133450.26
PARK 26 - TARNTANYA WAMA (5264),18.0,COMMEMORATIVE FIREMANS DRINKING FOUNTAIN,"Fireman Gardner's Memorial, 1887
A white marble canopy over four grey marble columns, each with white variegated marble base, standing on granite base
With a cast iron fountain head with later chromium plated drinking spout fitted",Commerative Fountain,Marble; granite; cast iron,280654.53,6133410.98
PARK 27 - BONYTHON PARK  -  TULYA WARDLI (5278),19.0,ADELAIDE PARKLANDS YOUTH PROJECT PLAQUE - SOUTH,,Plaque,,278970.92,6133381.26
PARK 26 - TARNTANYA WAMA (5264),20.0,KATE SLATTER PLAQUE,,Plaque,,280438.69,6133266.06
PARK 26 - TARNTANYA WAMA (5264),21.0,FIRST BRIDGE ACROSS THE RIVER TORRENS PLAQUE,,Plaque,,280337.11,6133228.21
PARK 26 - TARNTANYA WAMA (5264),22.0,DAVID JONES - TORRENS RIVER PLAQUE,,Plaque,,280355.87,6133216.01
PARK 26 - TARNTANYA WAMA (5264),23.0,DAVID JONES - CROSSING THE RIVER MEMORIAL,"Crossing The Torrens River Memorial
Cast iron and black hill granite sculpture in the form of a Jarrah branch, 1993
By David Jones
Representing the linking of the Kaurna and European Communities, 1839 
Casting by Wundowie Foundry, Western Australia
Approximately 20m in length",Memorial,Cast iron; granite,280355.49,6133211.91
PARK 27 - BONYTHON PARK  -  TULYA WARDLI (5278),24.0,FIRST COMMERCIAL NURSERY SITE PLAQUE - CC REF: CC002340,,Plaque,,279597.38,6132987.08
PARK 26 - TARNTANYA WAMA (5264),25.0,SIR DONALD BRADMAN CC REF:CC002845,"Sir Donald Bradman - Cover Drive
A cast bronze sculpture
by Robert Hannaford, signed Hannaford to the left foot
Cast by John Woffinden, 2001, foundry stamp to the heel of the left foot
260 cm in height, standing on cast concrete plinth with black granite cladding and copper collar to 3/4 height and foot",Statue,Bronze; granite; cast concrete,280595.1,6133766.23
PARK 26 - TARNTANYA WAMA (5264),26.0,ROSE GARDEN PLAQUE,,Plaque,,280541.6,6133796.55
PARK 05 - NGAMPA YARTA (5051),27.0,NATIVE TREE AND SHRUB PLANTING PLAQUE - CC REF:CC002296,,Plaque,,280462.6,6135472.05
PARK 10 - WARNPANGGA (5101),28.0,NORTH ADELAIDE WAR MEMORIAL CC REF:CC000247,"Lower North Adelaide War Memorial
Sandstone structure with two cast bronze plaques to the façade
Commemorating those who gave their lives in World War I
290 cm in length, 300 cm in height, 90 cm in width 
Presented to the District by Councillor Wallace Bruce, erected by the residents, 1920",Memorial,Sandstone; bronze,281410.45,6134429.8
PARK 12 - KARRAWIRRA (5125),29.0,CHINESE DEMOCRACY GROUP WALL & PLAQUE MEMORIAL CC REF:CC002116,"Chinese Democracy Group Wall & Plaque Memorial
Comprising black granite plaque engraved with Dove with olive branch and a descriptive cast bronze plaque  encased in a slate surround set before two crescent shaped bluestone walls
Dedicated to the People of the World who gave their lives for Freedom and Democracy
Unveiled by Don Dunstan AC QC, 4th June 1990",Memorial,Bronze; granite; bluestone,280849.41,6134030.0
PARK 12 - KARRAWIRRA (5125),30.0,AMERICA REMEMBERS PLAQUE - CC REF:CC002437,,Plaque,,280821.01,6133978.82
PARK 12 - KARRAWIRRA (5125),31.0,SRI CHINMOY PEACE MILE PLAQUE - CC REF:CC002287,,Plaque,,280787.73,6133898.66
PARK 12 - KARRAWIRRA (5125),32.0,NAVAL MEMORIAL CC REF:CC002371,"Naval Memorial
Phineas Phillip Davies Memorial, being Carrera marble tombstone, circa 1885, reset to grey granite footing and back
Fitted with bronze plaque commemorating the moving of the tombstone from Cheltenham to the present location",Memorial,Bronze; marble; granite,280811.2815,6133853.6315
PARK 12 - KARRAWIRRA (5125),33.0,MISS M S DOUGLAS TREE PLANTING PLAQUE,,Plaque,,280707.21,6133806.16
PARK 12 - KARRAWIRRA (5125),34.0,GEORGE V CC REF:CC001790,"His Majesty King George V Memorial
A cast bronze equestrian statue depicting His Majesty dressed in Marshall's uniform and mounted on the charger, Anzac
by Maurice Lambert, modelled 1938, cast 1948
437 cm in height, base 273 cm in length x 151 cm in depth
On sandstone plinth carved with the Royal Crest and inscription ""George V""",Statue,Bronze; sandstone,280751.82,6133775.93
PARK 12 - KARRAWIRRA (5125),35.0,ANGAS MEMORIAL CC REF:CC000151,"The G.F. and J.H. Angas Memorial
The eight cast bronze elements by William Robert Colton, circa 1915, include:
-  A de-masted Elizabethan Galleon in stormy seas, 54 cm in height x 50 cm in length approx.
-  Two bas relief plaques, one depicting George Fife Angas, the other John Howard Angas, each 47.5 x 42 cm
-  Four bas relief oblong plaques variously depicting the ""Proclamation of the Colony of South Australia, 28th December 1836"", ""Wagons of Wool being drawn by Heavy Horses and Oxen"", ""Departure of German Immigrants for land of religious freedom"", ""Saved for Great britain 1840"", two 63.5 x 33.2 cm and two 45.5 x 45.8 cm
-  A standing sculpture of an angel representing Fame, 200 cm in height,  x 156 cm in width (wing tip to wing tip)
Standing within a palladium of white marble with Ionic capitals to the four columns",Memorial,Bronze; marble,280715.67,6133678.28
PARK 12 - KARRAWIRRA (5125),37.0,WOMEN'S MEMORIAL GARDEN STATUE CC REF:CC001788,"The Garden of Remembrance - Pioneer Women's Memorial
A carved sandstone standing statue of a pioneer woman 
by Ola (Karola) Cohn, circa 1939-1940
213 cm in height
Together with a cast bronze sundial designed by George F Dodwell Esq. (Government Astronomer), 1941, 42.6 x 40.2 x 16.8 cm
Together with an engraved bronze tablet, 17.7 x 15.5 cm
Together with a cast bronze plaque in the form of an open book inscribed ""The Hours Vanish Yet they are Recorded"", 30.5 x 41.5 cm
On stepped sandstone plinth over circular base",Statue,Bronze; sandstone,280767.57,6133371.56
PARK 12 - KARRAWIRRA (5125),38.0,PIONEER WOMEN OF SOUTH AUSTRALIA PLAQUE - CC REF:CC002360,,Plaque,,280737.22,6133370.9
PARK 12 - KARRAWIRRA (5125),39.0,LADY DUNSTAN TREE PLANTING PLAQUE,,Plaque,,280773.49,6133364.44
PARK 12 - KARRAWIRRA (5125),40.0,IN MEMORY OF ALL MEMBERS WHO SERVED PLAQUE - CC REF:CC002550,,Plaque,,280882.4459,6133345.7742
PARK 12 - KARRAWIRRA (5125),41.0,2/43RD INFANTRY BATTALION PLAQUE,,Plaque,,280873.4619,6133345.5221
PARK 12 - KARRAWIRRA (5125),42.0,SOUTH AUSTRALIAN PRISONERS OF WAR PLAQUE,,Plaque,,280862.927,6133344.6119
PARK 12 - KARRAWIRRA (5125),43.0,IN MEMORY OF ALL MEMBERS WHO SERVED PLAQUE,,Plaque,,280853.98,6133343.51
PARK 12 - KARRAWIRRA (5125),44.0,ROYAL AUSTRALIAN ARTILLERY PLAQUE - CC REF:CC002539,,Plaque,,280833.836,6133342.3033
PARK 12 - KARRAWIRRA (5125),45.0,2/27TH INFANTRY BATTALION PLAQUE,,Plaque,,280814.2789,6133340.5118
PARK 12 - KARRAWIRRA (5125),46.0,UNITED EX SERVICE WOMEN (SA) INC. MEMORIAL,"United Ex-Service Women (S.A.) Inc. Memorial
Cast bronze panel in bas-relief surrounded by bronze ribbon bearing inscription, ""We Salute Them""
Set to grey granite boulder with dressed fascia, which in turn sits on a granite boulder inset with presentation plaque, 195 cm in overall height",Memorial,Bronze; granite,280707.91,6133316.14
PARK 12 - KARRAWIRRA (5125),47.0,10TH INFANTRY BATTALION PLAQUE - CC REF:CC002527,,Plaque,,280709.21,6133303.86
PARK 12 - KARRAWIRRA (5125),48.0,ROYAL AUSTRALIAN REGIMENT -  KOREA-MALAY-BORNEO-VIETNAM MEMORIAL,"Royal Australian Regiment Memorial - Korea, Malaya, Borneo
Wooden cross engraved with brass insignia centred to the cross, flanked by two bronze panels with raised lettering",Memorial,Wood; brass; bronze,280918.18,6133117.96
PARK 12 - KARRAWIRRA (5125),49.0,IN MEMORY OF OFFICERS-NCO'S & MEN 50TH BATTALION MEMORIAL,"In Memory of Officers - Nco's and Mem of the 50th Battalion Memorial
Painted wooden cross flanked by a pair of bronze plaques with raised lettering",Memorial,Wood; bronze,280902.59,6133115.92
PARK 12 - KARRAWIRRA (5125),50.0,OUR COMRADES 48TH BATTALION AIF 1916 MEMORIAL,"Our Comrades of the 48th Battalion AIF 1916 Memorial
Painted wooden cross flanked by paired bronze tablets with raised lettering",Memorial,Wood; bronze,280890.59,6133113.19
PARK 12 - KARRAWIRRA (5125),51.0,SECOND WW 1939 - 1945 MEMORIAL,"The World War II 1939-45 Memorial
Cast bronze memorial recording the names of the men and women who enlisted in the State of South Australia to serve their King and Country in the Second World War, 1939-45, and who paid the supreme sacrifice
The bronze panels set in grey marble wall, which in turn bears engraved lettering ""1939 Second World War 1945"" 
Standing on stepped grey marble base",Memorial,Bronze; marble,280884.65,6133109.27
PARK 12 - KARRAWIRRA (5125),52.0,ENLISTED SERVICEMEN - MALAYA-BORNEO-KOREA-VIETNAM MEMORIAL,"Enlisted Serviceman Memorial - Malaya, Borneo, Vietnam
Paired bronze plaques with raised lettering, on stepped plinth of grey granite",Memorial,Bronze; granite,280894.69,6133106.3
PARK 12 - KARRAWIRRA (5125),53.0,IN MEMORY OF OFFICERS-NCO'S & MEN 27TH BATTALION MEMORIAL,"In Memory of Officers - Nco's & Men of the 27th Battalion Memorial
Carved wooden cross flanked by two bronze plaques with raised lettering",Memorial,Wood; bronze,280880.45,6133105.3
PARK 12 - KARRAWIRRA (5125),55.0,LONE PINE BATTLE PLAQUE,,Plaque,,280891.0,6133096.22
PARK 12 - KARRAWIRRA (5125),56.0,8TH AUSTRALIAN DIVISION AIF MEMORIAL,"8th Australian Division AIF Memorial
Three Division memorial plaques in the form of raised lettered bronze tablets with after-fitted insignia and presentation bronze tablet below
Grey polished granite head stone form structure supporting",Memorial,Bronze; granite,280888.79,6133089.29
PARK 12 - KARRAWIRRA (5125),57.0,10TH BATTALION 3RD BDE AIF MEMORIAL,"10th Battalion 3rd Brigade AIF Memorial
Carved wooden cross flanked by a pair of bronze plaques with raised lettering",Memorial,Wood; bronze,280877.64,6133089.24
PARK 12 - KARRAWIRRA (5125),58.0,NAVY- ARMY- AIR FORCE MEMORIAL CC REF:CC002279,"1939-45 Navy, Army, Air Force Fighter & Bomber Command Memorial Plaque",Memorial,Bronze,280892.7,6133078.61
PARK 12 - KARRAWIRRA (5125),59.0,TOBRUK SIEGE: RATS OF TOBRUK MEMORIAL,"Tobruk Siege - Rats of Tobruk Memorial
Carved wooden cross flanked by two bronze plaques with raised lettering, the right hand plaque indicating sculptor John Dowie carved the Memorial Cross",Memorial,Wood; bronze,280878.74,6133077.28
PARK 12 - KARRAWIRRA (5125),60.0,FRENCH WAR MEMORIAL PLAQUE,,Plaque,,280885.49,6133059.24
PARK - LIGHT SQUARE (5304),66.0,COLONEL LIGHT MEMORIAL AND POND CC REF:CC000130,"Colonel Light Memorial and Pond
A gilded cast bronze theodolite and tripod
Designed by H.L. Jackman, circa 1902
200 cm in height
Together with two cast bronze oblong tablets with intaglio lettering and earned corners, both 51.5 x 78 cm
Atop a pink granite plinth, on stepped grey granite base
Standing in a circular field of pink granite, surrounded in turn by a reinforced concrete pond with pink granite coping and sides
Grey tile internal sides and base
20.5 cm in diameter
Presentation plaque, Memorial plaque and further plaque commemorating restoration",Memorial,Bronze; granite; concrete; tile,280191.0518,6132622.8013
PARK - LIGHT SQUARE (5304),67.0,LIGHT SQUARE REDESIGN PLAQUE,,Plaque,,280201.8007,6132586.6728
PARK 24 - TAMPAWARDLI (5241),68.0,BUREAU OF METEOROLOGY PLAQUE - CC REF:CC002301,,Plaque,,279607.23,6132582.86
PARK - LIGHT SQUARE (5304),69.0,CATHERINE HELEN SPENCE CC REF:CC001785,"Catherine Helen Spence
A fabricated cast bronze standing statue 
by Ieva Porcius, circa 1986
170 cm in height
On triangular pink granite stepped plinth
Together oblong brass plaque with engraved lettering, 15 x 33 cm, installed following the loss of the original plaque",Statue,Bronze; granite; brass,280162.985,6132549.0515
PARK 24 - TAMPAWARDLI (5241),70.0,COLONIAL INFIRMARY AND DISPENSARY SITE PLAQUE - CC REF:CC002346,,Plaque,,279623.84,6132492.8
PARK 24 - TAMPAWARDLI (5241),71.0,CITY OF ADELAIDE VAL ELLIS PLAQUE - CC REF: CC002178,,Plaque,,279573.25,6132441.08
PARK 13 - RUNDLE (5133),75.0,YEAR OF THE TREE PLAQUE - 1982,,Plaque,,282112.38,6133198.68
PARK 13 - RUNDLE (5133),76.0,PEACE AND FRIENDSHIP GROVE PLAQUE - CC REF:CC002691,,Plaque,,282101.12,6133153.24
PARK 13 - RUNDLE (5133),77.0,AUSTRALIAN LIGHT HORSE MEMORIAL CC REF:CC000349,"The Light Horse Memorial Obelisk
Commemorating those who gave their lives in World War I in Egypt, Palestine and Gallipoli
A grey Harcourt granite obelisk styled on an Egyptian column, of 11m in height, with an electric globe positioned at the apex, circa 1925, on a stepped square base",Memorial,Granite; light globe,281771.77,6133090.66
PARK 13 - RUNDLE (5133),78.0,WAR HORSE TROUGH MEMORIAL CC REF:CC002102,"The War Horse Memorial Trough
A dressed and rough hewn grey granite water trough
5 m in length
With a brass plaque affixed to the reverse",Memorial,Granite; brass,281767.04,6133082.33
PARK 13 - RUNDLE (5133),79.0,ROYAL AUSTRALIAN ARMOURED CORPS PLAQUE,,Plaque,,281765.44,6133076.41
PARK 14 - RYMILL PARK (5141),80.0,"""""PICANNINY"""" COMMEMORATIVE DRINKING FOUNTAIN",,Commerative Fountain,,282084.21,6132835.07
PARK 14 - RYMILL PARK (5141),81.0,RYMILL PARK NAME PLAQUE,,Plaque,,282048.13,6132803.46
PARK - HINDMARSH SQUARE (5312),82.0,2.6MT PINK GRANITE PAUL TRAPPE SCULPTURE,"A Sculpture by Paul Trappe
A gift to the City of Adelaide, 1979
Rough hewn pink granite sculpture with cylindrical hole drilled through the upper portion
250 cm in height",Sculpture,Granite,281317.1543,6132797.9197
PARK 14 - RYMILL PARK (5141),83.0,HISTORIC ENGINEERING MARKER PLAQUE,,Plaque,,281762.37,6132784.1
PARK 14 - RYMILL PARK (5141),84.0,ROSE GARDEN PLAQUE,,Plaque,,282287.59,6132774.65
PARK 14 - RYMILL PARK (5141),85.0,"""""ALICE"""" CC REF:CC001296","Alice
A cast bronze standing statue of Alice in Wonderland 
by John Stuart Dowie
Signed John Dowie and dated 1961
Cast by Battaglia of Milan
130 cm in height, base 54 cm in width x 48 cm in depth
Together with a cast bronze bas relief frieze by the same sculptor, 21cm in height x 240cm in total length
Standing on sandstone plinth engraved ""Alice, for the Children, From Josephine and Norman Lewis, 1962""",Statue,Bronze; sandstone,281951.31,6132749.88
PARK - WHITMORE SQ (5331),86.0,BROWN STREET NAMING PLAQUE,,Plaque,,280268.3845,6131791.8472
PARK 21 - WALYU YARTA (5211),87.0,VEALE GARDENS NAME PLAQUE,,Plaque,,280537.13,6131409.96
PARK 21 - WALYU YARTA (5211),88.0,SOUTH AUSTRALIAN RIFLE ASSOCIATION INC PLAQUE - CC REF:CC002288,,Plaque,,280334.2,6131197.74
PARK - HURTLE SQUARE (5342),89.0,HANSON STRET NAMING PLAQUE,,Plaque,,281380.4,6131914.34
PARK 18 - WITA WIRRA (5185),90.0,JAPANESE GARDEN PLAQUE,,Plaque,,281696.07,6131499.56
PARK 18 - WITA WIRRA (5185),91.0,HIMEJI GARDENS SISTER CITY PLAQUE,,Plaque,,281696.54,6131499.02
PARK 21 - WALYU YARTA (5211),92.0,VEALE GARDENS FOUNTAIN,"Veale Gardens Fountain
A rustic fountain comprising naturalistic stones about a 10 cm vertical outlet which elevates the water to approximately 75 cm
The near circular basin in reinforced concrete with naturalistic stone coping set about, also forming the cascade which returns the water to the serpentine lake that runs throughout the Veale Gardens",Fountain,Fountain (stone; concrete),280347.59,6131321.0
PARK 21 - WALYU YARTA (5211),93.0,VEALE GARDENS FOUNTAIN - ADJ. PAVILLION ON THE PARK,"Veale Gardens Fountain
A reverse cascade fountain incorporating six spouts lifting water to a rustic 4 pond cascade
Poured concrete basins, with rustic stones set about above the water line, approximate dimensions 16 x 19 m
The water supply is reticulated",Fountain,Fountain (stone; concrete),280729.3676,6131370.5661
LEIGH ST (1309),94.0,BRONZE INLAY,,Plaque,,280552.59,6132716.37
LEIGH ST (1309),95.0,BRONZE INLAY,,Plaque,,280552.71,6132714.92
LEIGH ST (1309),96.0,BRONZE INLAY,,Plaque,,280553.38,6132715.72
LEIGH ST (1309),97.0,BRONZE INLAY,,Plaque,,280551.84,6132715.57
LEIGH ST (1309),98.0,BRONZE INLAY,,Plaque,,280558.84,6132723.94
LEIGH ST (1309),99.0,BRONZE INLAY,,Plaque,,280559.0,6132722.43
LEIGH ST (1309),100.0,BRONZE INLAY,,Plaque,,280559.68,6132723.27
LEIGH ST (1309),101.0,BRONZE INLAY,,Plaque,,280558.17,6132723.13
LEIGH ST (1309),102.0,BRONZE INLAY,,Plaque,,280559.13,6132720.59
LEIGH ST (1309),103.0,BRONZE INLAY,,Plaque,,280542.34,6132833.03
LEIGH ST (1309),104.0,BRONZE INLAY,,Plaque,,280542.19,6132834.51
LEIGH ST (1309),105.0,BRONZE INLAY,,Plaque,,280543.0,6132833.84
LEIGH ST (1309),106.0,BRONZE INLAY,,Plaque,,280541.5,6132833.72
LEIGH ST (1309),107.0,BRONZE INLAY,,Plaque,,280550.35,6132826.63
LEIGH ST (1309),108.0,BRONZE INLAY,,Plaque,,280550.2,6132828.15
LEIGH ST (1309),109.0,BRONZE INLAY,,Plaque,,280549.54,6132827.32
LEIGH ST (1309),110.0,BRONZE INLAY,,Plaque,,280551.03,6132827.47
LEIGH ST (1309),111.0,BRONZE INLAY,,Plaque,,280550.12,6132829.14
LEIGH ST (1309),112.0,GRANITE INLAY,,Plaque,,280546.85,6132802.39
LEIGH ST (1309),113.0,GRANITE INLAY,,Plaque,,280547.46,6132795.08
LEIGH ST (1309),114.0,GRANITE INLAY,,Plaque,,280548.39,6132783.92
LEIGH ST (1309),115.0,GRANITE INLAY,,Plaque,,280549.01,6132776.53
LEIGH ST (1309),116.0,GRANITE INLAY,,Plaque,,280549.86,6132766.29
LEIGH ST (1309),117.0,GRANITE INLAY,,Plaque,,280550.68,6132756.47
LEIGH ST (1309),118.0,GRANITE INLAY,,Plaque,,280551.55,6132745.96
LEIGH ST (1309),119.0,GRANITE INLAY,,Plaque,,280551.19,6132799.25
LEIGH ST (1309),120.0,GRANITE INLAY,,Plaque,,280551.51,6132795.47
LEIGH ST (1309),121.0,GRANITE INLAY,,Plaque,,280551.81,6132791.78
LEIGH ST (1309),122.0,GRANITE,,Plaque,,280552.12,6132788.03
LEIGH ST (1309),123.0,GRANITE INLAY,,Plaque,,280552.28,6132786.12
LEIGH ST (1309),124.0,BRONZE INLAY,,Plaque,,280554.02,6132782.18
LEIGH ST (1309),125.0,BRONZE INLAY,,Plaque,,280554.19,6132780.62
LEIGH ST (1309),126.0,BRONZE INLAY,,Plaque,,280553.33,6132781.3
LEIGH ST (1309),127.0,BRONZE INLAY,,Plaque,,280554.85,6132781.44
LEIGH ST (1309),128.0,GRANITE INLAY,,Plaque,,280552.69,6132781.25
LEIGH ST (1309),129.0,BRONZE INLAY,,Plaque,,280555.55,6132780.75
LEIGH ST (1309),130.0,GRANITE INLAY,,Plaque,,280554.25,6132779.84
LEIGH ST (1309),131.0,GRANITE INLAY,,Plaque,,280552.81,6132779.76
LEIGH ST (1309),132.0,GRANITE INLAY,,Plaque,,280552.9,6132778.67
LEIGH ST (1309),133.0,GRANITE INLAY,,Plaque,,280553.39,6132772.73
LEIGH ST (1309),134.0,GRANITE INLAY,,Plaque,,280553.57,6132770.6
LEIGH ST (1309),135.0,GRANITE INLAY,,Plaque,,280553.73,6132768.65
LEIGH ST (1309),136.0,GRANITE INLAY,,Plaque,,280554.06,6132764.72
LEIGH ST (1309),137.0,GRANITE INLAY,,Plaque,,280554.39,6132760.78
LEIGH ST (1309),138.0,GRANITE INLAY,,Plaque,,280554.55,6132758.79
LEIGH ST (1309),139.0,GRANITE INLAY,,Plaque,,280554.47,6132759.78
LEIGH ST (1309),140.0,GRANITE INLAY,,Plaque,,280554.96,6132753.94
LEIGH ST (1309),141.0,GRANITE INLAY,,Plaque,,280555.04,6132752.93
LEIGH ST (1309),142.0,GRANITE INLAY,,Plaque,,280555.2,6132750.95
PARK - HURTLE SQUARE (5342),143.0,TIMBER/STONE SEAT SCULPTURE,"Hurtle Square Bench Seat
With inset nomenclature, cast concrete base, timber slat top with stainless steel anti skateboard skid inset
600 x 178.5 cm",Sculpture,Timber; concrete,281407.774,6131752.4343
PARK 19 - PITYARRILLA (5193),144.0,APEX CLUB PLAQUE,,Plaque,,281742.71,6131241.58
PARK 19 - PITYARRILLA (5193),145.0,TIMBER DECKING SCULPTURE,"A Park Bench
Semi circular hardwood plank over curved steel rails
148 cm in width, 700 cm in length",Sculpture,Steel; timber; concrete,281738.98,6131255.76
PARK 19 - PITYARRILLA (5193),146.0,TIMBER DECKING SCULPTURE,,Sculpture,,281736.45,6131237.64
PARK 12 - KARRAWIRRA (5125),149.0,VIETNAM VETERANS MEMORIAL,"Vietnam War Memorial
A cast bronze twin figure sculpture
by James Martin, 2006
250 cm in height, on black polished granite, stepped pedestal with engraved lettering, ""Vietnam War Memorial - Lest We Forget"", to the front
The services crest to the right hand side beneath which ""Mateship"" is engraved, ""The South Australian Servicemen who paid the Supreme Sacrifice"" 
Below which is engraved ""Remembrance"" to the back and the south of the Vietnamese coat of arms and service emblems
Beneath which appears the word, ""Loyalty"", to the left hand side, a hewn grey granite base surrounds",Monument,Bronze; granite,280785.73,6133499.82
NORTH TCE DSC (1364),150.0,SOUTH AFRICAN WAR MEMORIAL CC REF:CC000128,"South Australian Soldiers South African War Memorial
A cast bronze equestrian statue in the form of a mounted infantryman 
by Captain Adrian Jones M.V.O., circa 1903-4
350 cm in height, 290 cm in length x 136 cm in width  
Standing on a rectangular granite plinth incorporating four cast bronze tablets  each with pediment shaped top and raised lettering
Two 83 x 208 cm and two 84.5 x 97.5 cm
Cast by A.W. Dobbie & Co., Founders, Adelaide
Together with two cast bronze laurel wreath and ribbon ornaments inscribed ""Whow Dies for His Country Dies Nobly"", each 37 x 150 cm",Memorial,Bronze; granite,280735.0684,6133043.2049
PARK - VICTORIA SQUARE (5322),151.0,CHARLES CAMERON KINGSTON CC REF:CC000152,"The Right Honourable C.C. Kingston P.C. , K.C., D.C.L., M.H.R.
A cast bronze standing statue by Alfred Drury R.A., A.R.C.A. 
Signed on the base A. Drury R.A. and dated 1915
Carrara white marble plinth on pink granite base
290 cm in height, base 80 cm in width x 81.5 cm in depth
Together with a case bronze Kingston Crest in bas relief, 74cm in height x 65 cm in width
Together with an inscribed bronze tablet with raised lettering, 79 x 66 cm
Together with three cast bronze bas relief plaques  variously depicting ""Sir Charles seated"", ""Sir Charles with four contemporaries"", ""Sir Charles"", all signed by the artist, each 79 x 66 cm
Together with two cast bronze oblong tablets, 16.5 x 81.2 cm and 16.5 x 80.5 cm",Statue,Bronze; marble,280829.1218,6132267.1899
PARK - VICTORIA SQUARE (5322),155.0,VICTORIA R.I. CC REF:CC000104,"Her Majesty Queen Victoria R.I.
A cast bronze standing statue by C.B. Birch A.R.A.
Signed to the base C.B. Birch A.R.A. and dated 1893
Brown granite plinth on pink granite stepped base
260 cm in height,  base 86.5 cm in width x 85 cm in depth",Statue,Bronze; granite,280778.86,6132240.92
PARK 27 - BONYTHON PARK  -  TULYA WARDLI (5278),156.0,PLANTING OF SMOOTH BARK APPLE MYRTLE MEMORIAL CC REF:CC002597,"Smooth Bark Apple Myrtle Commemoration Planting
Sculptural inset, powder coated steel with brass plaque attached, stainless steel framework
The unit then affixed to sandstone crescent formed backing, which in turn is boarded by galvanised steel tube
Overall dimensions 195 x 365 cm
Forming part of a pair of entrance gates, the other part matching in size but depicting a wheel formed by pickaxes",Memorial,Steel; brass; sandstone,278852.08,6133340.66
LEIGH ST (1309),157.0,GRC BASE FOR LIGHTING COLUMN,"A Cast Concrete (Hollow) Lamp Base
With brass composite laser etched information plates to the four sides, William Leigh, 1802-1873",Monument,Concrete; brass,280542.6416,6132836.4788
LEIGH ST (1309),158.0,GRC BASE FOR LIGHTING COLUMN,"A Case Concrete (Hollow) Lamp Base
With brass composite laser etched information plates to the four sides, Hooper's/John's Décor",Monument,Concrete; brass,280546.0193,6132836.7587
LEIGH ST (1309),159.0,GRC BASE FOR LIGHTING COLUMN,"A Cast Concrete (Hollow) Lamp Base
With brass composite laser etched information plates to the four sides, William Leigh, 1802-1873",Monument,Concrete; brass,280559.27,6132714.08
LEIGH ST (1309),160.0,GRC BASE FOR LIGHTING COLUMN,"A Cast Concrete (Hollow) Lamp Base
With brass composite laser etched information plates to the four sides, Commerce House, 54 Currie Street",Monument,Concrete; brass,280546.0473,6132715.3571
PARK 12 - KARRAWIRRA (5125),161.0,HMAS ADELAIDE VISIT PLAQUE - CC REF:CC002214,,Plaque,,280891.36,6133079.42
PARK 12 - KARRAWIRRA (5125),162.0,BRITISH COMMONWEALTH OCCUPATIONAL FORCES AUSTRALIAN CONTINGENT PLAQUE - CC REF:CC002530,,Plaque,,280718.1818,6133310.2061
PARK 12 - KARRAWIRRA (5125),163.0,COMMEMORATING THE LOYAL SERVICE GIVEN TO THE NATION PLAQUE,,Plaque,,280731.4687,6133317.3721
PARK 12 - KARRAWIRRA (5125),164.0,7TH AUSTRALIAN DIVISION AIF PLAQUE,,Plaque,,280737.5058,6133320.8335
PARK 12 - KARRAWIRRA (5125),165.0,MEDICAL SERVICES MEMORIAL WW2 PLAQUE,,Plaque,,280755.65,6133329.18
PARK 12 - KARRAWIRRA (5125),166.0,2/3RD AUSTRALIAN MACHINE GUN BATTALION PLAQUE,,Plaque,,280778.09,6133336.54
PARK 12 - KARRAWIRRA (5125),167.0,SA SCOTTISH REGIMENT PLAQUE,,Plaque,,280795.5017,6133338.6145
PARK 26 - TARNTANYA WAMA (5264),168.0,CRESWELL GARDENS FOUNTAIN,,Fountain,,280549.96,6133689.24
PARK 26 - TARNTANYA WAMA (5264),169.0,PARK 26 - PINKY FLAT FOUNTAIN,"Pinky Flat Fountain and Pond
A reinforced concrete oval pond with reticulated vertical water spout set to the centre
22 m in length",Fountain,Fountain (stone; concrete),280208.97,6133386.93
PARK 26 - TARNTANYA WAMA (5264),170.0,ELDER PARK FOUNTAIN - FLOATING,"Elder Park Floating Fountain
Illuminated",Fountain,Fountain,280543.6773,6133465.6987
PARK 21 - WALYU YARTA (5211),171.0,VEALE GARDENS FOUNTAIN,"Veale Gardens Rose Garden Fountain
A rustic two stage pond with PVC feeds to the fountain heads (not functioning)
Approximate dimensions 5 x 12 m",Fountain,Fountain,280480.42,6131328.34
PARK 27 - BONYTHON PARK  -  TULYA WARDLI (5278),172.0,TORRENS LAKE FOUNTAIN - ADJACENT MAIN WEIR,,Fountain,,279766.83,6133427.34
PARK 27 - BONYTHON PARK  -  TULYA WARDLI (5278),173.0,,,Commerative Fountain,,278878.1,6133515.85
HUTT ST (1286),174.0,HUTT STREET - EAST SIDE BETWEEN CARRINGTON ST AND HALIFAX ST,"An English Cast Iron Drinking Fountain
With single shell fan basin fitted atop the cylindrical body
Bearing original presentation description presented by Councillor M. McCallum to the Glenelg Corporation, 19th July 1911
Later stainless steel drinking fountain attachment fitted, 181 cm in height",Commerative Fountain,Fountain,281932.59,6131890.79
PARK - HURTLE SQUARE (5342),175.0,the forest of dreams sculpture,"The Forest of Dreams
By Anton Hart
Corton steel sculpture in lettering (solid) 
120 cm in height
Together with granite clad bench seats of various scale
Constructed 2003",Sculpture,Corton steel; granite; timber,281369.5555,6131814.838
PARK 27 - BONYTHON PARK  -  TULYA WARDLI (5278),176.0,TREE PLANTING BY THE CROATIAN COMMUNITY SCULPTURE,"Croatian Community Tree Planting Sculpture
Commemorating tree planting, 28.6.(19)92
Pink/grey granite
120 cm in height
by Bekic",Sculpture,Granite,278822.42,6133991.71
PARK 21 - WALYU YARTA (5211),177.0,"""""THE COUPLE"""" STONE SCULPTURE CC REF:CC001797","A Carved Sandstone Standing Twin Figure Statue
Man and Woman Pioneers
by Berend Van Der Struik, (19)62
Carved Maroubra sandstone
216 cm in height",Sculpture,Sandstone,280717.8,6131405.61
PARK 12 - KARRAWIRRA (5125),178.0,CROSS OF SACRIFICE CC REF:CC001801,"The Cross of Sacrifice
The two metal elements include:
-  A cast gun metal cross in the form of a sword from a design by architects Arthur Bloomfield and Sir Edwin Lutyens, 306 cm in length
-  A cast bronze oblong tablet with raised lettering and insignia of the four Services within a border of bas relief laurel wreaths
Surmounted by a laurel wreath and ribbon bow ornament, 81.5 x 113 cm
Set to sandstone cross with stepped octagonal base",Memorial,Gun metal; bronze; sandstone,280657.7963,6133890.8656
PARK 14 - RYMILL PARK (5141),179.0,THE VERY REVEREND WILLIAM ULLATHORNE V G PLAQUE -             CC REF:CC002350,,Plaque,,281772.29,6132684.17
PARK 25 - NARNUNGGA (5252),180.0,RAILWAYS WAR MEMORIAL CC REF:CC002117,"Railways War Memorial
An engraved granite plaque, in memorial of those who fell, 1914 - 18
A secondary plaque set above, Lest We Forget - 1914-18 and 1939-45, set in to the cap of which is a bronze rectangular lid sealing a time capsule
The memorial is set into a memorial garden wall flanking a semi circular garden centred upon which is a flag staff
All sandstone surfaces later painted in white and green
Unveiled in October 1930 by the Governor, Sir Alexander Hore-Ruthven
Dedicated to Railways employees who served in World War I",Memorial,Granite; bronze; sandstone,279352.22,6132962.64
BLYTH ST (1142),181.0,SEVEN LIGHT BOXES INSTALLED ON BLYTH ST,"Grigori Perelman Composite Light Box
One of seven parts
By Julia McInerney and Tom Squires, 2014
Black and white digital print on transparent adhesive cast vinyl mounted on light box
150 x 20 x 15 cm
Constructed by Gigantic Signs and Prints (8362 5455)",Public Art,Vinyl,280480.61,6132868.64
BLYTH ST (1142),182.0,SEVEN LIGHT BOXES INSTALLED ON BLYTH ST,"Grigori Perelman Composite Light Box
One of seven parts
By Julia McInerney and Tom Squires, 2014
Black and white digital print on transparent adhesive cast vinyl mounted on light box
150 x 20 x 15 cm
Constructed by Gigantic Signs and Prints (8362 5455)",Public Art,Vinyl,280480.89,6132865.65
BLYTH ST (1142),183.0,SEVEN LIGHT BOXES INSTALLED ON BLYTH ST,"Grigori Perelman Composite Light Box
One of seven parts
By Julia McInerney and Tom Squires, 2014
Black and white digital print on transparent adhesive cast vinyl mounted on light box
150 x 20 x 15 cm
Constructed by Gigantic Signs and Prints (8362 5455)",Public Art,Vinyl,280481.13,6132862.66
BLYTH ST (1142),184.0,SEVEN LIGHT BOXES INSTALLED ON BLYTH ST,"Grigori Perelman Composite Light Box
One of seven parts
By Julia McInerney and Tom Squires, 2014
Black and white digital print on transparent adhesive cast vinyl mounted on light box
150 x 20 x 15 cm
Constructed by Gigantic Signs and Prints (8362 5455)",Public Art,Vinyl,280479.08,6132887.07
BLYTH ST (1142),185.0,SEVEN LIGHT BOXES INSTALLED ON BLYTH ST,"Grigori Perelman Composite Light Box
One of seven parts
By Julia McInerney and Tom Squires, 2014
Black and white digital print on transparent adhesive cast vinyl mounted on light box
150 x 20 x 15 cm
Constructed by Gigantic Signs and Prints (8362 5455)",Public Art,Vinyl,280478.75,6132891.09
BLYTH ST (1142),186.0,SEVEN LIGHT BOXES INSTALLED ON BLYTH ST,"Grigori Perelman Composite Light Box
One of seven parts
By Julia McInerney and Tom Squires, 2014
Black and white digital print on transparent adhesive cast vinyl mounted on light box
150 x 20 x 15 cm
Constructed by Gigantic Signs and Prints (8362 5455)",Public Art,Vinyl,280478.41,6132895.05
BLYTH ST (1142),187.0,SEVEN LIGHT BOXES INSTALLED ON BLYTH ST,"Grigori Perelman Composite Light Box
One of seven parts
By Julia McInerney and Tom Squires, 2014
Black and white digital print on transparent adhesive cast vinyl mounted on light box
150 x 20 x 15 cm
Constructed by Gigantic Signs and Prints (8362 5455)",Public Art,Vinyl,280478.09,6132899.04
PARK 12 - KARRAWIRRA (5125),188.0,KING EDWARD VII CC REF:CC000194,"His Majesty King Edward VII Memorial
Comprising five cast bronze elements by Sir Edgar Bertram MacKennal KCVO, RA, cast by A.B. Burton, Founder, London, including:
- A standing statue of the King fully robed, wearing the Crown and holding the Orb and Sceptre, signed B. MacKennal RAL on the circular base, 323 cm in height
- A standing symbolic Classic female figure with arms outstretched depicting South Australia welcoming the world, 225 cm in height, base 72 x 70 cm approx.
- A seated Classic female figure symbolic of Peace, 160 cm in height, base 122 cm approx. in width x 90 cm approx. in depth
- A seated Classic female figure symbolic of Justice, 156 cm in height, base 124 cm approx. in width x 100 cm approx. in depth
- A cartouche centred with a piping shrike surrounded by leaves, ribbon bows and foliage, 135 cm in height x 140 cm in width
On grey granite quartered stepped base with centred plinth supporting the principal cast figure",Statue,Bronze; granite,280963.96,6133061.71
PARK 12 - KARRAWIRRA (5125),189.0,SIR DOUGLAS MAWSON CC REF:CC001794,"Professor Sir Douglas Mawson OBE BE DSc FRS FAA
A cast bronze three quarter sculptural portrait bust 
by John Stuart Dowie, signed and dated 1982 to the left of the cast plinth, which is additionally inscribed ""Mawson"" to the front
74 cm in height
Bust stands on polished black granite plinth with pink granite base which has attached a bronze presenttion plaque, 15 x 32 cm",Statue,Bronze; granite,281225.3,6133094.45
PARK 12 - KARRAWIRRA (5125),190.0,SIR SAMUEL JAMES WAY CC REF:CC001796,"The Right Hon. Sir Samuel J.Way, BART PC DCL LLD
A cast bronze standing statue by Alfred Drury RA, ARCA, signed A Drury RA and dated 1932 on the base
On substantial grey polished granite stepped plinth with engraved inscription
289 cm in height, base 86 x 86 cm",Statue,Bronze; granite,281212.17,6133089.7
PARK 12 - KARRAWIRRA (5125),191.0,ROBERT BURNS CC REF:CC000103,"Robert Burns 
A carved white marble statue
by W.J. Maxwell, signed W.J. Maxwell Sc. Adelaide and dated 1894
197 cm in height, base 67.5 x 67.5 cm
Item stands on buff granite stepped plinth, with engraved inscription ""Robert Burns 1759 - 1796"", additionally bears inscription ""Centennial inscription by Scotts of SA, 1994"" and a lead inset marble presentation panel to the base of the plinth",Statue,Marble; granite; lead,280991.26,6133104.54
PARK 12 - KARRAWIRRA (5125),192.0,JOHN DOWIE BUST,"John Stuart Dowie
A cast bronze sculptural portrait bust
by John Stuart Dowie
Cast by John Woffinden, Mylor
40 cm in height, on cast concrete plinth incorporating audio four stage componen",Statue,Bronze; concrete,280993.8,6133079.24
PARK 12 - KARRAWIRRA (5125),193.0,LAVINGTON BONYTHON FOUNTAIN PLAQUE - CC REF: CC001807,,Plaque,,281061.59,6133086.89
PARK 12 - KARRAWIRRA (5125),194.0,FOURTEEN FOUNTAINS PLAQUE,,Plaque,,281062.38,6133086.98
PARK 27 - BONYTHON PARK  -  TULYA WARDLI (5278),195.0,START OF SURVEY FOR THE SITING OF ADELAIDE MEMORIAL,,Memorial,,279640.63,6132974.49
HINDLEY ST (1273),196.0,ROY 'MO' RENE,"Roy 'Mo' Rene
Bronze standing sculpture
by Robert Hannaford
Signed lower right heel
188 cm in height
Together with descriptive plaque set to the footpath, 60 x 40 cm",Statue,Bronze,280569.35,6132846.31
PARK 20 - KURANGGA (5207),197.0,25 YEARS IN SOUTH AUSTRALIA PLAQUE,,Plaque,,281276.31,6131468.69
PARK 20 - KURANGGA (5207),198.0,"""""BRAIN"""" ARTWORK",,Sculpture,,281231.48,6131460.36
PARK 12 - KARRAWIRRA (5125),199.0,MATTHEW FLINDERS CC REF:CC001789,"Captain Matthew Flinders RN
A cast bronze standing statue by Frederick Brook Hitch, signed F. Brook Hitch and dated 1933 on the base
277 cm in height, base 86 x 86 cm
On carved stepped pink granite plinth
with two cast bronze bas relief plaques by the same sculptor, one depicting a map of Australia, the other South Australia, both signed with a monogram, each 57.7 x 68.5 cm",Statue,Bronze; granite,280858.3,6133060.98
PARK 12 - KARRAWIRRA (5125),200.0,VENUS DI CANOVA CC REF:CC000098,"Venere di Canova
A carved Carrara marble standing statue by the Brothers Rugi (probably) of Florence, circa 1890, being a copy of Canova's original work 
Inscribed on the circular base ""Venere di Canova"", and indistinctly signed by the sculptors and numbered '11' on the top of the circular base, 173 cm in height, base 53 cm in diameter",Statue,Marble,280813.27,6133057.72
PARK 12 - KARRAWIRRA (5125),201.0,DAME ROMA MITCHELL CC REF:CC002568,"The Honourable Dame Roma Mitchell AC, DBE, LLB, Duniv (Adel.), LLD hc (Qld), LLD hc (Flinders), DUniv (SA), QC, FRACP
A cast bronze sculpture of the subject seated in armchair
by J. Moore, cast by Mylor Sculptor John Woffinden and Sally Francis
117 cm in height, The rough hewn pink granite cube plinth rests on flat pink granite base, overall decorated with scrolling pages, some bearing inscription",Statue,Bronze; granite,280791.15,6133056.52
PARK 12 - KARRAWIRRA (5125),202.0,AUSTRALIA'S BICENTENARY PLAQUE - CC REF:CC002536,,Plaque,,280748.3553,6133060.9706
PARK 12 - KARRAWIRRA (5125),203.0,RUBBLE LIMESTONE WALL RESTORATION PLAQUE,,Plaque,,280760.0,6133064.5535
PARK 12 - KARRAWIRRA (5125),204.0,SIR MELLIS NAPIER CC REF:CC001792,"The Hon. Sir Mellis Napier KCMG, K St J, LLD
A cast bronze sculptural portrait bust
by John Stuart Dowie, signed Dowie and dated 1969
34 cm in height
On grey marble plinth with two cast bronze tablets, one circular, 20.8 cm in diameter, the other oblong, 28 x 20.5 cm",Statue,Bronze; marble,280819.53,6133062.88
PARK 12 - KARRAWIRRA (5125),205.0,LORD FLOREY CC REF:CC001791,"The Right Hon. Howard Walter Baron Florey of Adelaide and Marston OM, KT, FRS, FRCP, FRCS, MD
A cast bronze sculptural portrait bust
by John Stuart Dowie, signed and dated (19)66
34 cm in height
On grey marble plinth
With two cast bronze tablets with raised lettering, one 7 x 10 cm, the other 56 x 49 cm
Together with descriptive plaque set to grey granite lying at the foot of the plinth, 57 x 50 cm",Statue,Bronze; marble,280821.97,6133060.44
PARK 12 - KARRAWIRRA (5125),206.0,MARY LEE CC REF:CC002328,"Mary Lee
A cast bronze sculptural portrait bust
by Pat Moseley, cast by Mylor Sculptor John Woffinden
On green granite plinth set with two bronze plaques, each with raised lettering
49 cm in height",Statue,Bronze; granite,280826.89,6133054.93
PARK 12 - KARRAWIRRA (5125),207.0,MARK OLIPHANT CC REF:CC001793,"Sir Mark Oliphant AC, KBE K St J, FRS, FAA, BSc, PhD, Hon. DSc, Hon LLD
A cast bronze sculptural portrait bust
by John Stuart Dowie, signed Dowie and dated (19)77 to the neck
34 cm in height
On a grey granite plinth, with two cast bronze tablets with raised lettering, one circular, 21.5 cm in diameter, the other oblong, 35.3 x 20.2 cm",Statue,Bronze; granite,280829.32,6133059.28
PARK 21WEST - MIRNU WIRRA (5216),208.0,MEMORIAL CROSS CC REF:CC001803,"Memorial Cross
Australian Soldiers WWI
Pink granite, 91 cm in height
In dressed stone with rough hewn crucifix, grey granite collar engraved with lettering in relief
Commemorating the Dardanelles Campaign, April 25th 1915
With naturalistic tapering granite pedestal above hewn orange granite stepped plinth, inset with brass unveiling plaque",Memorial,Granite; brass,279885.69,6131349.83
MOONTA ST (1346),209.0,MOONTA STREET LIONS,"A Pair of Chinese Temple Lion Statues
Computer carved, on rectangular base with carved decoration
Donated by the Office of the Overseas Chinese Affairs of the State Council of the Peoples Republic of China, 2004 
Overall dimensions 220 x 117 x 79 cm",Sculpture,Stone,280416.07,6132052.05
MOONTA ST (1346),210.0,MOONTA STREET - NORTHERN ENTRANCE GATEWAY,"The Northern Entrance Gateway Temple Lions
Computer carved, on rectangular plinth 
Overall dimension 153 x 80 x 46 cm
Moonta Street, 134m
Damage to the right hand sculpture's tail, 4.5/5
Moonta Street",Sculpture,Marble,280403.2,6132185.47
PARK - HINDMARSH SQUARE (5312),211.0,"HINDMARSH SQUARE - """"CLOTHES PEG"""" SCULPTURE","City Playscape - Back Yard Day Dream
A stainless steel and cast concrete sculpture, in the form of a clothes peg
3 m in length
Set in to a concrete edged rectangular silhouette with blue rubberised material",Sculpture,Stainless steel; concrete; rubber,281243.37,6132799.38
PARK - HINDMARSH SQUARE (5312),212.0,"HINDMARSH SQUARE - """"BONE"""" SCULPTURE","City Playscape - Back Yard Day Dream
A cast concrete sculptural object, in the form of a dinosaur bone 
4 m in length
Set in to a stylised cross bones silhouette with rubberised material inset",Sculpture,Concrete; rubber,281254.0975,6132802.0625
PARK - HINDMARSH SQUARE (5312),213.0,"HINDMARSH SQUARE - """"FISHBONE"""" SCULPTURE","City Playscape - Back Yard Day Dream
A stainless steel and concrete sculpture, in the form of a skeletal fish
6.5 m in length
Set in to a concrete edged fish form silhouette, blue rubberised mat",Sculpture,Stainless steel; concrete; rubber,281246.79,6132808.78
PARK - HINDMARSH SQUARE (5312),214.0,"HINDMARSH SQUARE - """"THONG"""" SCULPTURE","City Playscape - Back Yard Day Dream
A stainless steel and concrete sculpture, in the form of a left foot thong
4.25 m in length
The thong base is coated in beige rubberised material set in to a splash form silhouette with blue rubberised material",Sculpture,Stainless steel; concrete; rubber,281234.96,6132795.39
PARK - HINDMARSH SQUARE (5312),215.0,"HINDMARSH SQUARE - """"CONCRETE BALL"""" SCULPTURE","City Playscape - Back Yard Day Dream
A cast concrete sculpture, in the form of a skeletal beach ball
200 cm in height
Illuminated from the centre of the ball and lights to the perimeter footing
Set in to a splash form perimeter with blue rubberised material",Sculpture,Concrete; rubber,281233.7752,6132785.9764
PARK - HINDMARSH SQUARE (5312),216.0,"HINDMARSH SQUARE - """"SUNFLOWER"""" SCULPTURE","City Playscape - Back Yard Day Dream
An etched stainless steel plaque
The bones of ocean dinosaurs have been found fossilised as opal in Northern South Australia at Andamooka and Coober Pedy""
In the form of a flower head inset to concrete",Sculpture,Stainless steel,281252.9778,6132803.7047
PARK - HINDMARSH SQUARE (5312),217.0,"HINDMARSH SQUARE - """"SUNFLOWER"""" SCULPTURE","City Playscape - Back Yard Day Dream
An etched stainless steel plaque
""Pegs are good for our environment, they dry clothes using the sun's energy without using electricity or generating greenhouse gases, and it's free""
In the form of a flower head inset to concrete",Sculpture,Stainless steel,281243.4,6132802.62
PARK - HINDMARSH SQUARE (5312),218.0,"HINDMARSH SQUARE - """"SUNFLOWER"""" SCULPTURE","City Playscape - Back Yard Day Dream
An etched stainless plaque
""A dripping tap wastes 20,000 litres of water a year""
In the form of a flower head inset to concrete",Sculpture,Stainless steel,281256.1129,6132798.7035
PARK - HINDMARSH SQUARE (5312),219.0,"HINDMARSH SQUARE - """"SUNFLOWER"""" SCULPTURE","City Playscape - Back Yard Day Dream
An etched stainless steel plaque
""Thongs are also known as flip flops, shankas, frons, jandals, chappals, slippers, zoris and goaheads""
In the form of a flower head inset to concrete",Sculpture,Stainless steel,281239.14,6132797.12
PARK - HINDMARSH SQUARE (5312),220.0,"HINDMARSH SQUARE - """"SUNFLOWER"""" SCULPTURE","City Playscape - Back Yard Day Dream
An etched stainless steel plaque
""Watering a garden in the middle of the day instead of at night uses double the amount of water because the sun dries up the plants and soil""
In the form of a flower head inset to concrete",Sculpture,Stainless steel,281245.6066,6132794.2994
PARK - HINDMARSH SQUARE (5312),221.0,"HINDMARSH SQUARE - """"SUNFLOWER"""" SCULPTURE","City Playscape - Back Yard Day Dream
An etched stainless steel plaque
""In the past native kangaroo grass grew in the city taller than a horse and rider""
In the form of a flower head inset to concrete",Sculpture,Stainless steel,281241.8556,6132789.5407
PARK - HINDMARSH SQUARE (5312),222.0,"HINDMARSH SQUARE - """"SUNFLOWER"""" SCULPTURE","City Playscape - Back Yard Day Dream
An etched stainless steel plaque
""Hosing footpaths washes pollutants in to our seas and rivers and is a waste of our precious water""
In the form of a flower head inset to concrete",Sculpture,Stainless steel,281240.6799,6132786.0884
PARK - HINDMARSH SQUARE (5312),223.0,"HINDMARSH SQUARE - """"SUNFLOWER"""" SCULPTURE","City Playscape - Back Yard Day Dream
An etched stainless steel plaque
""You would need 11,011 beach balls if you had a ball for each beach along Australia's 37,000 km coastline, can you find any balls in Rundle Mall?""
In the form of a flower head inset to",Sculpture,Stainless steel,281229.0,6132784.22
PARK - HINDMARSH SQUARE (5312),224.0,"HINDMARSH SQUARE - """"TAP AND HOSE"""" SCULPTURE","City Playscape - Back Yard Day Dream
A cast concrete sculpture
In the form of an oversized tap and hose
3 m in height
With snaking cast concrete hose over an 18 x 5 m rubberised paved area",Sculpture,Concrete; rubber,281251.3729,6132788.2531
PARK - HINDMARSH SQUARE (5312),225.0,"HINDMARSH SQUARE - """"TOOTH"""" SCULPTURE","City Playscape - Back Yard Day Dream
A reinforced cast concrete sculpture
In the form of a blade of grass
250 cm in height",Sculpture,Concrete,281249.6188,6132799.8978
PARK - HINDMARSH SQUARE (5312),226.0,"HINDMARSH SQUARE - """"TOOTH"""" SCULPTURE","City Playscape - Back Yard Day Dream
A reinforced cast concrete sculpture
In the form of a blade of grass
350 cm in height",Sculpture,Concrete,281252.0074,6132798.2556
PARK - HINDMARSH SQUARE (5312),227.0,"HINDMARSH SQUARE - """"TOOTH"""" SCULPTURE","City Playscape - Back Yard Day Dream
A reinforced cast concrete sculpture
In the form of a blade of grass
250 cm in height",Sculpture,Concrete,281254.6387,6132797.957
PARK - HINDMARSH SQUARE (5312),228.0,"HINDMARSH SQUARE - """"TOOTH"""" SCULPTURE","City Playscape - Back Yard Day Dream
A reinforced cast concrete sculpture
In the form of a blade of grass
250 cm in height",Sculpture,Concrete,281249.6934,6132796.4641
PARK - HINDMARSH SQUARE (5312),229.0,"HINDMARSH SQUARE - """"TOOTH"""" SCULPTURE","City Playscape - Back Yard Day Dream
A reinforced cast concrete sculpture
In the form of a blade of grass
350 cm in height",Sculpture,Concrete,281243.927,6132795.6057
PARK - HINDMARSH SQUARE (5312),230.0,"HINDMARSH SQUARE - """"TOOTH"""" SCULPTURE","City Playscape - Back Yard Day Dream
A reinforced cast concrete sculpture
In the form of a blade of grass
225 cm in height",Sculpture,Concrete,281243.3672,6132794.9339
PARK - HINDMARSH SQUARE (5312),231.0,"HINDMARSH SQUARE - """"TOOTH"""" SCULPTURE","City Playscape - Back Yard Day Dream
A reinforced cast concrete sculpture
In the form of a blade of grass
350 cm in height",Sculpture,Concrete,281244.7855,6132793.1051
PARK - HINDMARSH SQUARE (5312),232.0,"HINDMARSH SQUARE - """"TOOTH"""" SCULPTURE","City Playscape - Back Yard Day Dream
A reinforced cast concrete sculpture
In the form of a blade of grass
300 cm in height",Sculpture,Concrete,281241.5757,6132792.9558
PARK - HINDMARSH SQUARE (5312),233.0,"HINDMARSH SQUARE - """"TOOTH"""" SCULPTURE","City Playscape - Back Yard Day Dream
A reinforced cast concrete sculpture
In the form of a blade of grass
250 cm in height",Sculpture,Concrete,281242.7327,6132791.015
PARK - HINDMARSH SQUARE (5312),234.0,"HINDMARSH SQUARE - """"TOOTH"""" SCULPTURE","City Playscape - Back Yard Day Dream
A reinforced cast concrete sculpture
In the form of a blade of grass
300 cm in height",Sculpture,Concrete,281240.4,6132790.0632
PARK - HINDMARSH SQUARE (5312),235.0,"HINDMARSH SQUARE - """"TOOTH"""" SCULPTURE","City Playscape - Back Yard Day Dream
A reinforced cast concrete sculpture
In the form of a blade of grass
250 cm in height",Sculpture,Concrete,281241.2025,6132787.7119
PARK - HINDMARSH SQUARE (5312),236.0,"HINDMARSH SQUARE - """"TOOTH"""" SCULPTURE","City Playscape - Back Yard Day Dream
A reinforced cast concrete sculpture
In the form of a blade of grass
200 cm in height",Sculpture,Concrete,281238.9258,6132787.2827
PARK - HINDMARSH SQUARE (5312),237.0,"HINDMARSH SQUARE - """"TOOTH"""" SCULPTURE","City Playscape - Back Yard Day Dream
A reinforced cast concrete sculpture
In the form of a blade of grass
400 cm in height",Sculpture,Concrete,281240.3254,6132784.5581
PARK - HINDMARSH SQUARE (5312),238.0,"HINDMARSH SQUARE - """"TOOTH"""" SCULPTURE","City Playscape - Back Yard Day Dream
A reinforced cast concrete sculpture
In the form of a blade of grass
350 cm in height",Sculpture,Concrete,281250.9624,6132793.4783
PARK - HINDMARSH SQUARE (5312),239.0,"HINDMARSH SQUARE - """"TOOTH"""" SCULPTURE","City Playscape - Back Yard Day Dream
A reinforced cast concrete sculpture
In the form of a blade of grass
225 cm in height",Sculpture,Concrete,281249.0962,6132792.284
PARK - HINDMARSH SQUARE (5312),240.0,"HINDMARSH SQUARE - """"TOOTH"""" SCULPTURE","City Playscape - Back Yard Day Dream
A reinforced cast concrete sculpture
In the form of a blade of grass
250 cm in height",Sculpture,Concrete,281251.5595,6132791.2016
PARK - HINDMARSH SQUARE (5312),241.0,"HINDMARSH SQUARE - """"TOOTH"""" SCULPTURE","City Playscape - Back Yard Day Dream
A reinforced cast concrete sculpture
In the form of a blade of grass
400 cm in height",Sculpture,Concrete,281251.149,6132790.7537
PARK - HINDMARSH SQUARE (5312),242.0,"HINDMARSH SQUARE - """"TOOTH"""" SCULPTURE","City Playscape - Back Yard Day Dream
A reinforced cast concrete sculpture
In the form of a blade of grass
300 cm in height",Sculpture,Concrete,281245.5879,6132788.6636
PARK - HINDMARSH SQUARE (5312),243.0,PROFESSOR MARGARET JULIA TOBIN PLAQUE,,Plaque,,281238.87,6132822.14
PARK - HINDMARSH SQUARE (5312),244.0,HINDMARSH SQUARE PLAYSPACE COMMISSIONING PLAQUE,,Plaque,,281264.3053,6132813.4833
PARK 12 - KARRAWIRRA (5125),245.0,LADY ESTHER LIPMAN JACOBS - BRONZE BUST,"Lady Esther Lipman Jacobs OBE
A cast bronze sculptural bust
by Ken Martin, 2012
42 cm in height
On polished Darwin granite plinth, inset with rectangular bronze plaque",Statue,Bronze; granite,280714.37,6133455.81
PARK 12 - KARRAWIRRA (5125),246.0,VAIBEN LOUIS SOLOMON - BRONZE BUST,"Vaiben Louis Soloman
A cast bronze sculptural bust
by Ken Martin, 2012
46 cm in height
On polished Darwin granite plinth, inset with rectangular bronze plaque",Statue,Bronze; granite,280718.45,6133415.54
RUNDLE MALL (1418),247.0,SPHERES - 2 STAINLESS STEEL BALLS CC REF:CC000929,"Two Spheres
Two stainless steel spheres mounted one upon the other
by Herbert (Bert) Flugelman, circa 1977
215 cm in diameter, 430 cm in height overall",Sculpture,Stainless steel,281062.62,6132895.39
RUNDLE MALL (1418),248.0,GIRL ON A SLIDE,"The Slide
A cast bronze statue by John Stuart Dowie
Signed and dated 1977 to the reverse
Standing on cast concrete plinth, inset descriptive panel
74 cm in length, 59 cm in width
Rundle Mall, 298m
5/5",Sculpture,Bronze; concrete,280984.49,6132887.83
PARK - LIGHT SQUARE (5304),249.0,STAINLESS STEEL SCULPTURE - 'THE KNOT',"The Knot
by Herbert (Bert) Flugelman
Stainless steel sculpture
240 cm in height, 6 m in length",Sculpture,Stainless steel,280184.1844,6132703.717
PARK - WHITMORE SQ (5331),250.0,"""""THE VOYAGERS"""" STEEL- TILE & GRANITE SCULPTURE",,Sculpture,,280214.14,6131781.37
PARK 11 - TAINMUNTILLA (5112),251.0,"""""JOURNEY"""" METAL SCULPTURE - CC REF:CC002310","""Journey"" 
A paired sculptural suite, in stainless steel and cast bronze
By Chetana Andary
375 cm in height, ranging to 420 cm in height for the second",Sculpture,Stainless steel; bronze,281801.54,6134179.56
PARK 11 - TAINMUNTILLA (5112),252.0,"""""LANDLINE - TIMELINE"""" POLISHED STONE / STEEL SCULPTURE - CC REF:CC002310","""Landline - Timeline"" 
A pair of triangular form black granite and steel markers, connected by a pink granite, slate and bitumen pathway
By Philip Hind, 1994",Sculpture,Granite; steel; slate; bitumen,281671.93,6134060.22
PARK 11 - TAINMUNTILLA (5112),253.0,"""""RIVER MARKERS"""" - STAINLESS STEEL SCULPTURES - CC REF:CC002310","""River Markers"" 
A set of three galvanised steel sculptures, mounted on steel poles, in the form of a Bird, Trees/Foliage and Fish, 300 cm in height
By John Wood, 1994",Sculpture,Steel,281695.7,6134033.79
PARK 11 - TAINMUNTILLA (5112),254.0,"""""END DIVIDED PATH"""" - STONE & CONCRETE MONOLITH - CC REF:CC002310","""End Divided Path"" 
Slate and concrete pyramid form obelisk, decorated with terracotta and porcelain tiles, and engraved to the concrete, steel adornment to pinnacle
By Linda Patterson, 1994
Approx. 350 cm in height",Sculpture,Slate; concrete; tiles; steel,281620.88,6134036.91
PARK 11 - TAINMUNTILLA (5112),255.0,"""""YOU ARE HERE"""" - GRANITE SCULPTURE - CC REF:CC002310","""You are Here"" 
A black granite rectangular freestanding archway in the Japanese ""Torii"" style, 
Together with a dressed granite block
182 cm in length, 90 cm in width and 50 cm in height",Sculpture,Granite,281585.59,6134041.71
PARK 12 - KARRAWIRRA (5125),256.0,SIMPSON AND DONKEY,"Simpson and Donkey
Australian Defence Force Health Services Memorial 
A cast bronze sculpture 
by Robert Hannaford
206 cm in height
On rectangular cast concrete plinth with black granite tiles fitted, together with five bronze plaques denoting the artist and major donors, as well as the presentation inscription",Monument,Bronze; concrete; granite,280681.08,6133683.94
PARK 12 - KARRAWIRRA (5125),257.0,PASSAGE TO FREEDOM MONUMENT,"Passage to Freedom Monument
Being solid rectangular granite with a sloping top
Engraved with an image and commemorative text in English and Vietnamese gilded to the lower surface of the engraved image and lettering
75 cm in height, 50 cm in width, 45 cm in depth",Monument,Granite,280788.78,6133487.66
PARK 12 - KARRAWIRRA (5125),258.0,RESETTLE INTEGRATION CONTRIBUTION MONUMENT,"Resettle Integration Contribution Monument
Being solid rectangular granite with a sloping top
Engraved with an image and commemorative text in English and Vietnamese gilded to the lower surface of the engraved image and lettering
75 cm in height, 50 cm in width, 45 cm in depth",Monument,Granite,280785.21,6133487.28
PARK 12 - KARRAWIRRA (5125),259.0,NAVAL GARDENS ANCHOR,"The South Australian Naval Memorial Garden
Sculptural element comprising anchor on granite plinth with brass inscription plaque dated 8th April 1995",Monument,Granite; concrete,280786.126,6133859.2299
PARK 12 - KARRAWIRRA (5125),260.0,FORGOTTEN AUSTRALIANS MEMORIAL,"Forgotten Australian's & Wards of the State Memorial
Comprising steel circular plaque, on which four steel daisies of varying heights stand to 5m
By Craig Andrae
Dedicated to the future protection and nurturing of all children, 17th June 2010",Memorial,Steel; concrete,280861.09,6134140.23
PARK 12 - KARRAWIRRA (5125),261.0,ATATURK TRIBUTE MEMORIAL,"The Ataturk Tribute
Polished granite memorial, with inscription in English and Turkish
140 x 100 x 40 cm",Memorial,Granite,280670.05,6133837.28
PARK 12 - KARRAWIRRA (5125),262.0,THEIR NAME LIVETH FOREVER MEMORIAL,"A Pink Granite Memorial Tablet, 
of sarcophagus form, engraved ""Their Name Liveth Forever More""
on stepped plinth 
350 x 70 x 110 cm",Memorial,Granite,280708.62,6133826.78
PARK 12 - KARRAWIRRA (5125),263.0,ETERNAL FLAME MEMORIAL,"The Eternal Flame of Resembrance
A contemporary sculpture with bronze and art glass flame element set to semi spherical basin, standing over tapering black granite plinth
183 cm in height
Together with descriptive bronze plaque, dedicated 11th November 2008",Memorial,Bronze; glass; granite,280706.58,6133867.55
PARK 12 - KARRAWIRRA (5125),264.0,"""""THE FUGUE"""" ABSTRACT METAL SCULPTURE","""The Fugue""
By Greg Johns, 1997-98
Corton steel sculpture 
475 cm in height",Sculpture,Steel,281248.26,6133577.86
PARK 26 - TARNTANYA WAMA (5264),265.0,"""""TALKING OUR WAY HOME"""" 5 GLASS & STAINLESS STEEL BOATS","""Talking Our Way Home""
A five piece sculptural suite by Shaun Kirby, 2005
Stainless steel and glass in the form of paper ""boats"", with handwritten scripts, ""floating"" on the Torrens Lake",Sculpture,Stainless steel; glass,280563.3837,6133481.2249
PARK 26 - TARNTANYA WAMA (5264),266.0,DORIS MAY GRAHAM SCULPTURE,"Doris May Graham Monument
A coloured stone tile tombstone form memorial
With circular brass plaque attached to both sides, on a leaf shaped slate base
In honour of Doris May Graham's contribution to the community",Sculpture,Concrete; tiles,280495.69,6133280.58
PARK 26 - TARNTANYA WAMA (5264),267.0,"""""THE LIMITS OF MY LANGUAGE"""" SCULPTURE","""The Limits of My Language""
A stainless steel sculptural panel
116 x 170 cm",Sculpture,Stainless steel,280577.08,6133462.88
LIBERMAN CL (1717),268.0,"""""THE APRON"""" METAL & WOOD SCULPTURE","Karen Genoff
The Apron
Bronze, steel and timber sculptural composition, 1997
Commemorating the people of the Adelaide Fruit and Produce Exchange
Size is irregular",Sculpture,Bronze; timber; steel,281639.2,6132894.63
LIBERMAN CL (1717),269.0,"""""OWEN BROUGHTON"""" METAL SCULPTURE","Owen Broughton
(1922 - ) Australia
Untitled - Abstract Form
Austen steel sculpture, 1977
295 cm in height
Commissioned with the assistance of the Visual Arts Board, 1977",Sculpture,Steel,281622.17,6132886.91
PARK 12 - KARRAWIRRA (5125),270.0,SOUTH AUSTRALIAN WAR MEMORIAL - GREAT WAR WW1 1914 - 1918,"South Australian War Memorial
Sculptural elements by George Rayner Hoff
Frame designed by Woods, Bagot, Jory & Laybourne-Smith 
Sculptural elements include ""Sacrifice"", a white Angaston marble sectional sculpture in bas relief depicting the Angel Gabriel
Before which stands a cast bronze sculptural group depicting a farmer, a scholar and a young woman responding to duty
The reverse exterior bears a carving in bas relief depicting the Spirit of Womanhood and the Spirit of Compassion carrying a sheathed sword and bearing the fallen
Below which a cast bronze fountain head in the form of an imperial lion spills in to an oval pond
An inscription by English poet, John Oxenham (William Arthur Dunkerley) reads ""All honour give to those who, nobly striving, nobly fell that we might live""
The sculptural elements are contained within a grey Macclesfield and Harcourt granite stepped frame with domed alcove
The interior of the structure contains an inner shrine carrying the names of the fallen through action in the First World War",Memorial,Bronze; marble; granite,280907.9475,6133089.7837
HUTT ST (1286),271.0,ARTISTIC CLOCK,"Centenary Street Clock
1901-2001",Clock,Steel,281912.46,6131957.29
CATHERINE HELEN SPENCE ST (1715),272.0,"""RETRACE"" LOW RELIEF SCULPTURE AND LIGHTING INSTALLATION- 2002- BY SUE RODWELL AND TREVOR RODWELL","""Retrace""
Artwork by Trevor Rodwell and Sue Rodwell
A two dimensional sculptural glass door panel set in to wrought iron frame
124 x 118 cm
Being affixed to The Heenan Patent Refuse Destructor, 1909",Sculpture,Glass; iron,281080.68,6131759.24
RUNDLE MALL (1418),273.0,A DAY OUT 4 - LIFE SIZE PIGS & BIN LID CC REF:CC002700,"A Day Out
Cast bronze sculptural pigs, by Marguerite Derricourt, 1999
""Truffles"", ""Horatio"", ""Oliver"" and ""Augusta""
Together with a stylised rubbish bin with cast bronze food scraps and litter inset to top",Sculpture,Bronze,280882.89,6132879.22
PARK 27 - BONYTHON PARK  -  TULYA WARDLI (5278),274.0,BONYTHON PARK NAME PLAQUE,,Plaque,,279018.14,6133494.02
PARK 27 - BONYTHON PARK  -  TULYA WARDLI (5278),275.0,LEGENDS OF THE TOTEM POLE MEMORIAL,"Legend of the Totem Pole
Carved log, polychrome decorated 
6 m in height
Brass presentation plaque fitted to concrete stepped plinth standing apart from the sculptural work",Memorial,Wood,279179.52,6133556.88
PARK 27 - BONYTHON PARK  -  TULYA WARDLI (5278),276.0,WORLD ENVIRONMENT DAY PLAQUE,,Plaque,,279216.99,6133604.65
PARK 24 - TAMPAWARDLI (5241),277.0,OLYMPIC GROVE PLAQUE,,Plaque,,279326.99,6132424.44
PARK - VICTORIA SQUARE (5322),278.0,VICTORIA SQUARE FOUNTAIN PLAQUE,,Plaque,,280770.5997,6132346.0156
PARK - VICTORIA SQUARE (5322),279.0,MAJOR GENERAL SIR WINSTON J DUGAN TREE PLANTING PLAQUE,,Plaque,,280786.068,6132333.292
PARK - WELLINGTON SQUARE (5355),280.0,HISTORIC AND CULTURAL WALKING TRAILS PLAQUE,,Plaque,,279924.386,6134673.066
PARK - VICTORIA SQUARE (5322),281.0,CENTENARY OF STREET PASSENGER TRANSPORT IN ADELAIDE PLAQUE -  CC REF: CC002356,,Plaque,,280783.7373,6132201.5019
PARK - VICTORIA SQUARE (5322),282.0,CAPTAIN CHARLES STURT CC REF:CC001321,"Captain Charles Sturt
A cast bronze statue by Captain Adrian Jones M.V.O., circa 1916
Carrara white marble plinth with pink granite stepped base
294 cm in height, base 83 cm in width x 70 cm in depth
Together with four cast bronze tablets with raised lettering, each 33 x 48 cm",Statue,Bronze; marble; granite,280729.992,6132382.074
PARK - VICTORIA SQUARE (5322),283.0,JOHN MCDOUALL STUART CC REF: CC000129,"John McDouall Stuart
A carved Carrara marble standing statue by J. White, circa 1904, from a plaster model by M.J. Maxwell
Brown granite plinth over stepped base
256 cm in height, base 90 x 90 cm
Together with a cast bronze bas relief frieze modelled with Scotch thistles and foliage
Together with a cast bronze  tablet with raised lettering, 18 x 74.5 cm
Together with a bronze tablet with engraved lettering, 33 x 46 cm",Statue,Marble; granite; bronze,280802.844,6132388.569
PARK 12 - KARRAWIRRA (5125),285.0,MAY PEACE PREVAIL ON EARTH,"May Peace Prevail on Earth
A square form steel pole, 150 cm in height 
Marked with ""May Peace Prevail on Earth"" in various languages, surrounded by a circular brick composition marked with names and messages of peace",Memorial,Steel; brick,280817.9273,6133921.3589
PARK 12 - KARRAWIRRA (5125),286.0,war memorial drive plaque,,Plaque,,280722.2294,6133744.5744
PARK 27 - BONYTHON PARK  -  TULYA WARDLI (5278),287.0,Gift of life garden,,Plaque,,278923.034,6133337.7791
PARK 12 - KARRAWIRRA (5125),288.0,the Jubilee 150 board,,Plaque,,280748.1554,6133057.0292
PARK 12 - KARRAWIRRA (5125),289.0,George Fife Angas,,Plaque,,280748.275,6133054.047
PARK 12 - KARRAWIRRA (5125),290.0,George French Angas,,Plaque,,280748.2881,6133051.8511
PARK 12 - KARRAWIRRA (5125),291.0,Dr Charles George Everhard M.D.,,Plaque,,280748.2068,6133050.2744
PARK 12 - KARRAWIRRA (5125),292.0,Sir Henry Ayers,,Plaque,,280748.2799,6133048.9963
PARK 12 - KARRAWIRRA (5125),293.0,Walter Hervey Bagot,,Plaque,,280748.1734,6133047.3986
PARK 12 - KARRAWIRRA (5125),294.0,Sir Richard Baker,,Plaque,,280758.3447,6133042.4779
PARK 12 - KARRAWIRRA (5125),295.0,Robert Barr Smith,,Plaque,,280761.4855,6133043.1726
PARK 12 - KARRAWIRRA (5125),296.0,Tom Elder Barr Smith,,Plaque,,280763.858,6133043.2055
PARK 12 - KARRAWIRRA (5125),297.0,Percy Raymond Begg,,Plaque,,280766.1163,6133043.3581
PARK 12 - KARRAWIRRA (5125),298.0,Dervish Bejah,,Plaque,,280768.4419,6133043.6877
PARK 12 - KARRAWIRRA (5125),299.0,Susan Grace Benny,,Plaque,,280771.2026,6133043.7475
PARK 12 - KARRAWIRRA (5125),300.0,John Bishop,,Plaque,,280774.0195,6133043.8019
PARK 12 - KARRAWIRRA (5125),301.0,John McConnell Black,,Plaque,,280776.4209,6133044.0441
PARK 12 - KARRAWIRRA (5125),302.0,Abraham tobias Boas,,Plaque,,280780.0024,6133044.4469
PARK 12 - KARRAWIRRA (5125),303.0,Jean lady bonython,,Plaque,,280783.0654,6133044.3585
PARK 12 - KARRAWIRRA (5125),304.0,Sir Langdon Bonython,,Plaque,,280787.4098,6133044.6844
PARK 12 - KARRAWIRRA (5125),305.0,Sir Donald Bradman,,Plaque,,280790.826,6133045.1546
PARK 12 - KARRAWIRRA (5125),306.0,Bragg,,Plaque,,280794.0333,6133045.4868
PARK 12 - KARRAWIRRA (5125),307.0,Hooper Josse Brewster Jones,,Plaque,,280797.5163,6133045.7203
PARK 12 - KARRAWIRRA (5125),308.0,Sir George Brookman,,Plaque,,280801.2209,6133045.9191
PARK 12 - KARRAWIRRA (5125),309.0,Henry John Harry Butler,,Plaque,,280804.5289,6133046.2183
PARK 12 - KARRAWIRRA (5125),310.0,sir Hugh Cairns,,Plaque,,280808.4486,6133046.4404
PARK 12 - KARRAWIRRA (5125),311.0,Charles Witto-WittoCawthorne,,Plaque,,280811.6679,6133046.7594
PARK 12 - KARRAWIRRA (5125),312.0,Sir Robert Chapman,,Plaque,,280814.8445,6133047.0651
PARK 12 - KARRAWIRRA (5125),313.0,Sir John Cleland,,Plaque,,280818.064,6133047.2454
PARK 12 - KARRAWIRRA (5125),314.0,Kate Cocks,,Plaque,,280821.3841,6133047.3111
PARK 12 - KARRAWIRRA (5125),315.0,Sir Walter Crocker,,Plaque,,280825.3313,6133047.8492
PARK 12 - KARRAWIRRA (5125),316.0,David Friedrich Dallwitz,,Plaque,,280829.0725,6133048.1202
PARK 12 - KARRAWIRRA (5125),317.0,Sir Samuel Davenport,,Plaque,,280832.6298,6133048.5965
PARK 12 - KARRAWIRRA (5125),318.0,Constance Muriel Davey,,Plaque,,280837.6347,6133049.0923
PARK 12 - KARRAWIRRA (5125),319.0,Peter Dawson,,Plaque,,280841.7047,6133050.0157
PARK 12 - KARRAWIRRA (5125),320.0,Lillian Daphne de Lissa,,Plaque,,280846.1223,6133050.4829
PARK 12 - KARRAWIRRA (5125),321.0,C J Dennis,,Plaque,,280849.7146,6133051.1849
PARK 12 - KARRAWIRRA (5125),322.0,Sir Samuel Benson Dickinson,,Plaque,,280853.6388,6133051.2944
PARK 12 - KARRAWIRRA (5125),323.0,Charles Duguid,,Plaque,,280856.9119,6133052.1286
PARK 12 - KARRAWIRRA (5125),324.0,sir Lloyd Dumas,,Plaque,,280859.8941,6133052.4143
PARK 12 - KARRAWIRRA (5125),325.0,Donald Allen Dunstan,,Plaque,,280862.853,6133052.6709
PARK 12 - KARRAWIRRA (5125),326.0,sir Thomas Elder,,Plaque,,280865.81,6133052.9623
PARK 12 - KARRAWIRRA (5125),327.0,Gladys Elphick,,Plaque,,280868.7999,6133053.3617
PARK 12 - KARRAWIRRA (5125),328.0,Farr Julia Warren Farr,,Plaque,,280871.8251,6133053.7525
PARK 12 - KARRAWIRRA (5125),329.0,Francis Hardey Faulding,,Plaque,,280875.1863,6133054.0119
PARK 12 - KARRAWIRRA (5125),330.0,Lord Florey,,Plaque,,280878.6955,6133054.2866
PARK 12 - KARRAWIRRA (5125),331.0,Reverend John Flynn,,Plaque,,280881.8247,6133054.5901
PARK 12 - KARRAWIRRA (5125),332.0,David Fowler,,Plaque,,280885.1092,6133054.942
PARK 12 - KARRAWIRRA (5125),333.0,Alfred Edward Gerard,,Plaque,,280888.3569,6133054.9091
PARK 12 - KARRAWIRRA (5125),334.0,Sir Claude Gibb,,Plaque,,280891.747,6133055.2645
PARK 12 - KARRAWIRRA (5125),335.0,world War 1,,Plaque,,280896.2992,6133055.3933
PARK 12 - KARRAWIRRA (5125),336.0,World War 2,,Plaque,,280899.8061,6133056.0838
PARK 12 - KARRAWIRRA (5125),337.0,Vietnam War,,Plaque,,280903.6476,6133056.5218
PARK 12 - KARRAWIRRA (5125),338.0,Gladys Ruth Gibson,,Plaque,,280908.0224,6133057.1473
PARK 12 - KARRAWIRRA (5125),339.0,William Anstey Giles,,Plaque,,280912.282,6133057.7343
PARK 12 - KARRAWIRRA (5125),340.0,S.T.Gill,,Plaque,,280916.4166,6133058.0734
PARK 12 - KARRAWIRRA (5125),341.0,all for each,,Plaque,,280807.0189,6133864.83
PARK 12 - KARRAWIRRA (5125),342.0,w.r.a.n.s tribute,,Plaque,,280807.8249,6133863.0572
PARK 12 - KARRAWIRRA (5125),343.0,womens royal australian naval service,,Plaque,,280808.2832,6133861.4055
PARK 12 - KARRAWIRRA (5125),344.0,hmas australia,,Plaque,,280808.5228,6133859.9345
PARK 12 - KARRAWIRRA (5125),345.0,hmas canberra,,Plaque,,280809.0989,6133858.2886
PARK 12 - KARRAWIRRA (5125),346.0,hmas shropshire,,Plaque,,280809.4645,6133857.2185
PARK 12 - KARRAWIRRA (5125),347.0,hmas sydney 2,,Plaque,,280809.3221,6133854.6779
PARK 12 - KARRAWIRRA (5125),348.0,the cruiser hmas hobart,,Plaque,,280809.196,6133852.9148
PARK 12 - KARRAWIRRA (5125),349.0,hmas perth,,Plaque,,280809.207,6133850.9884
PARK 12 - KARRAWIRRA (5125),350.0,hmas arunta,,Plaque,,280808.8577,6133848.8676
PARK 12 - KARRAWIRRA (5125),351.0,hmas warramunga,,Plaque,,280808.1366,6133846.9476
PARK 12 - KARRAWIRRA (5125),352.0,hmas bataan,,Plaque,,280806.9054,6133845.8946
PARK 12 - KARRAWIRRA (5125),353.0,the 5 n class destroyers,,Plaque,,280805.538,6133843.868
PARK 12 - KARRAWIRRA (5125),354.0,hmas quiberon,,Plaque,,280803.6961,6133843.2919
PARK 12 - KARRAWIRRA (5125),355.0,v and w class destroyers,,Plaque,,280802.6812,6133842.6472
PARK 12 - KARRAWIRRA (5125),356.0,hmas warrego,,Plaque,,280800.8433,6133841.4875
PARK 12 - KARRAWIRRA (5125),357.0,hmas hawkesbury,,Plaque,,280799.5157,6133840.5915
PARK 12 - KARRAWIRRA (5125),358.0,corvette association,,Plaque,,280798.6621,6133840.3986
PARK 12 - KARRAWIRRA (5125),359.0,navy army airforce,,Plaque,,280797.8641,6133839.9837
PARK 12 - KARRAWIRRA (5125),360.0,hmas encounter,,Plaque,,,
PARK 12 - KARRAWIRRA (5125),361.0,William Gosse,,Plaque,,280944.2732,6133061.1126
PARK 12 - KARRAWIRRA (5125),362.0,George Goyder,,Plaque,,280947.8464,6133061.1651
PARK 12 - KARRAWIRRA (5125),363.0,Margaret Graham,,Plaque,,280951.6851,6133061.995
PARK 12 - KARRAWIRRA (5125),364.0,W.H. Gray,,Plaque,,280954.9696,6133062.1403
PARK 12 - KARRAWIRRA (5125),365.0,Sir Archibald Grenfell Price,,Plaque,,280957.2729,6133062.646
PARK 12 - KARRAWIRRA (5125),366.0,George Hall,,Plaque,,280960.0086,6133062.8366
PARK 12 - KARRAWIRRA (5125),367.0,Henry Richard captain Hancock,,Plaque,,280968.6563,6133063.3551
PARK 12 - KARRAWIRRA (5125),368.0,Alfred Hannaford,,Plaque,,280972.0231,6133063.6275
PARK 12 - KARRAWIRRA (5125),369.0,George Hannaford,,Plaque,,280975.2509,6133063.8176
PARK 12 - KARRAWIRRA (5125),370.0,John Anderson Hartley,,Plaque,,280979.4182,6133064.25
PARK 12 - KARRAWIRRA (5125),371.0,George Frederick Hassell,,Plaque,,280983.2066,6133064.9326
PARK 12 - KARRAWIRRA (5125),372.0,Charles Allen Seymour Hawker,,Plaque,,280986.3386,6133065.3701
PARK 12 - KARRAWIRRA (5125),373.0,Colin Sydney Hayes,,Plaque,,280989.9395,6133065.5412
PARK 12 - KARRAWIRRA (5125),374.0,Sir Edward Hayward,,Plaque,,280993.4913,6133065.8972
PARK 12 - KARRAWIRRA (5125),375.0,Sir Robert Helpmann,,Plaque,,280996.8563,6133066.2098
PARK 12 - KARRAWIRRA (5125),376.0,Sir Hans Heysen,,Plaque,,281000.5079,6133066.9422
PARK 12 - KARRAWIRRA (5125),377.0,Harold Eustace Hill- Ling,,Plaque,,281005.136,6133067.3901
PARK 12 - KARRAWIRRA (5125),378.0,Sir Edward Holden,,Plaque,,281008.5697,6133067.8379
PARK 12 - KARRAWIRRA (5125),379.0,Amos William Howard,,Plaque,,281012.0034,6133068.2858
PARK 12 - KARRAWIRRA (5125),380.0,Sir Walter Hughes,,Plaque,,281015.1385,6133068.5844
PARK 12 - KARRAWIRRA (5125),381.0,Sir Ronald Jacobs,,Plaque,,281019.1693,6133068.5844
PARK 12 - KARRAWIRRA (5125),382.0,Jimmy James,,Plaque,,281022.9016,6133068.883
PARK 12 - KARRAWIRRA (5125),383.0,Norman William Jolly,,Plaque,,281026.0367,6133069.1816
PARK 12 - KARRAWIRRA (5125),384.0,Pastor August kavel,,Plaque,,281029.6197,6133069.1816
PARK 12 - KARRAWIRRA (5125),385.0,Sir Sidney Kidman,,Plaque,,281033.0753,6133069.1503
PARK 12 - KARRAWIRRA (5125),386.0,Charles Cameron Kingston,,Plaque,,281036.659,6133069.5753
PARK 12 - KARRAWIRRA (5125),387.0,Sir George Kingston,,Plaque,,281040.8903,6133069.9129
PARK 12 - KARRAWIRRA (5125),388.0,Andrew Kirkpatrick,,Plaque,,281044.1942,6133070.2124
PARK 12 - KARRAWIRRA (5125),389.0,Esmond Gerald (tom) Kruse MBE.,,Plaque,,281047.8332,6133070.5998
PARK 12 - KARRAWIRRA (5125),390.0,Essington Lewis,,Plaque,,281051.4162,6133070.8984
PARK 12 - KARRAWIRRA (5125),391.0,Colonel William Light,,Plaque,,281054.2535,6133071.0433
PARK 12 - KARRAWIRRA (5125),392.0,Dame Ruby Litchfield,,Plaque,,281056.9119,6133071.1713
PARK 12 - KARRAWIRRA (5125),393.0,Mary Helen MacKillop,,Plaque,,281061.4187,6133071.4956
PARK 12 - KARRAWIRRA (5125),394.0,Murdoch Stanley McLeod,,Plaque,,281065.1102,6133071.8189
PARK 12 - KARRAWIRRA (5125),395.0,John Abel McPherson,,Plaque,,281067.9875,6133072.3913
PARK 12 - KARRAWIRRA (5125),396.0,Cecil Thomas Madigan,,Plaque,,281071.3466,6133072.6153
PARK 12 - KARRAWIRRA (5125),397.0,James Martin,,Plaque,,281074.0338,6133072.9885
PARK 12 - KARRAWIRRA (5125),398.0,Sir Douglas Mawson,,Plaque,,281077.3928,6133073.2124
PARK 12 - KARRAWIRRA (5125),399.0,Frederick May,,Plaque,,281081.1251,6133073.5857
PARK 12 - KARRAWIRRA (5125),400.0,George Elton Mayo,,Plaque,,281084.5588,6133073.5857
PARK 12 - KARRAWIRRA (5125),401.0,Helen Mary Mayo,,Plaque,,281088.0191,6133073.8436
PARK 12 - KARRAWIRRA (5125),402.0,Sir John Melrose,,Plaque,,281092.0234,6133074.3321
PARK 12 - KARRAWIRRA (5125),403.0,Adelaide Laetitia Miethke,,Plaque,,281095.681,6133074.6307
PARK 12 - KARRAWIRRA (5125),404.0,May Mills,,Plaque,,281099.1147,6133074.8546
PARK 12 - KARRAWIRRA (5125),405.0,Dame Roma Mitchell,,Plaque,,281102.5484,6133075.3025
PARK 12 - KARRAWIRRA (5125),406.0,Sir William Mitchell,,Plaque,,281110.3115,6133076.2729
PARK 12 - KARRAWIRRA (5125),407.0,Daniel Moriarty,,Plaque,,281114.7156,6133076.6461
PARK 12 - KARRAWIRRA (5125),408.0,William Ranson Mortlock,,Plaque,,281117.9254,6133076.8701
PARK 12 - KARRAWIRRA (5125),409.0,Charles Pearcy Mountford,,Plaque,,281121.1351,6133077.1686
PARK 12 - KARRAWIRRA (5125),410.0,William Muirden,,Plaque,,281125.6885,6133077.4672
PARK 12 - KARRAWIRRA (5125),411.0,Sir Mellis Napier,,Plaque,,281129.4954,6133077.8404
PARK 12 - KARRAWIRRA (5125),412.0,Nelson,,Plaque,,281131.9587,6133078.0644
PARK 12 - KARRAWIRRA (5125),413.0,Paris Nesbit,,Plaque,,281135.0938,6133078.139
PARK 12 - KARRAWIRRA (5125),414.0,Sir Henry Newland,,Plaque,,281138.3782,6133078.2883
PARK 12 - KARRAWIRRA (5125),415.0,Eldred Norman,,Plaque,,281142.0359,6133078.9601
PARK 12 - KARRAWIRRA (5125),416.0,sir Mark Oliphant,,Plaque,,281145.5442,6133079.2587
PARK 12 - KARRAWIRRA (5125),417.0,sir Thomas Playford,,Plaque,,281152.7848,6133079.7812
PARK 12 - KARRAWIRRA (5125),418.0,James Arthur Prescott,,Plaque,,281160.324,6133080.3784
PARK 12 - KARRAWIRRA (5125),419.0,Margaret Rose Preston,,Plaque,,281164.4295,6133080.8263
PARK 12 - KARRAWIRRA (5125),420.0,Tom Price,,Plaque,,281167.8632,6133081.1249
PARK 12 - KARRAWIRRA (5125),421.0,Alexander Maurice Ramsay,,Plaque,,281170.9983,6133081.722
PARK 12 - KARRAWIRRA (5125),422.0,William Richard Randell,,Plaque,,281173.8349,6133082.1699
PARK 12 - KARRAWIRRA (5125),423.0,Arnold Edwin Victor Richardson,,Plaque,,281176.5221,6133082.1699
PARK 12 - KARRAWIRRA (5125),424.0,Victor York Richardson,,Plaque,,281179.9558,6133082.6178
PARK 12 - KARRAWIRRA (5125),425.0,John Ridley,,Plaque,,281183.2402,6133082.7671
PARK 12 - KARRAWIRRA (5125),426.0,Luther Robert Scammel,,Plaque,,281187.2711,6133083.3642
PARK 12 - KARRAWIRRA (5125),427.0,Richard Moritz Schomburgk,,Plaque,,281191.1526,6133083.5135
PARK 12 - KARRAWIRRA (5125),428.0,Adolf John Schulz,,Plaque,,281195.3328,6133083.8121
PARK 12 - KARRAWIRRA (5125),429.0,Alexandrina Seager,,Plaque,,281198.6172,6133083.9614
PARK 12 - KARRAWIRRA (5125),430.0,Ronald Max'y Sharpe,,Plaque,,281201.9016,6133084.4093
PARK 12 - KARRAWIRRA (5125),431.0,David Shearer,,Plaque,,281205.186,6133084.1107
PARK 12 - KARRAWIRRA (5125),432.0,Augustus Short,,Plaque,,281209.2169,6133084.26
PARK 12 - KARRAWIRRA (5125),433.0,Alfred Muller Simpson,,Plaque,,281213.0984,6133084.7078
PARK 12 - KARRAWIRRA (5125),434.0,Sir Edwin Smith,,Plaque,,281216.2043,6133084.8007
PARK 12 - KARRAWIRRA (5125),435.0,Smith,,Plaque,,281218.7715,6133085.305
PARK 12 - KARRAWIRRA (5125),436.0,Richard B Smith,,Plaque,,281223.0605,6133085.1518
PARK 12 - KARRAWIRRA (5125),437.0,Catherine Helen Spence,,Plaque,,281227.2064,6133085.7529
PARK 12 - KARRAWIRRA (5125),438.0,Dr Reginald Claude,,Plaque,,281229.2346,6133085.6492
PARK 12 - KARRAWIRRA (5125),439.0,Sir Edward Stirling,,Plaque,,281230.8862,6133085.7899
PARK 12 - KARRAWIRRA (5125),440.0,Thomas Quinton Stow,,Plaque,,281234.4603,6133086.3045
PARK 12 - KARRAWIRRA (5125),441.0,Mary Lee,,Plaque,,281242.9638,6133087.0934
PARK 12 - KARRAWIRRA (5125),442.0,Arthur Thomas Padre Strange,,Plaque,,281246.5186,6133087.1579
PARK 12 - KARRAWIRRA (5125),443.0,John McDougall Stuart,,Plaque,,281249.8823,6133087.4843
PARK 12 - KARRAWIRRA (5125),444.0,Charles Sturt,,Plaque,,281253.5563,6133087.7683
PARK 12 - KARRAWIRRA (5125),445.0,Doris Taylor,,Plaque,,281257.0271,6133088.254
PARK 12 - KARRAWIRRA (5125),446.0,Julian Edmund Tenison- Woods,,Plaque,,281260.6486,6133088.4697
PARK 12 - KARRAWIRRA (5125),447.0,Norman Tindale,,Plaque,,281264.1504,6133088.777
PARK 12 - KARRAWIRRA (5125),448.0,Sir Charles Todd,,Plaque,,281267.437,6133089.1746
PARK 12 - KARRAWIRRA (5125),449.0,Alexander Tolmer,,Plaque,,281271.31,6133089.4129
PARK 12 - KARRAWIRRA (5125),450.0,Alfred Herman Traeger,,Plaque,,281275.2256,6133089.8338
PARK 12 - KARRAWIRRA (5125),451.0,Sir Robert Torrens,,Plaque,,281278.7865,6133090.3063
PARK 12 - KARRAWIRRA (5125),452.0,David Unaipon,,Plaque,,281282.8174,6133090.8288
PARK 12 - KARRAWIRRA (5125),453.0,William Charles Douglas Veale,,Plaque,,281286.07,6133090.7039
PARK 12 - KARRAWIRRA (5125),454.0,Pioneer Vignerons,,Plaque,,281288.9086,6133090.8938
PARK 12 - KARRAWIRRA (5125),455.0,Pioneer Vignerons,,Plaque,,281292.6378,6133091.2186
PARK 12 - KARRAWIRRA (5125),456.0,Peter Waite,,Plaque,,281296.4152,6133091.2441
PARK 12 - KARRAWIRRA (5125),457.0,Mary Jane Warnes,,Plaque,,281300.1788,6133091.7685
PARK 12 - KARRAWIRRA (5125),458.0,hmas adelaide,,Plaque,,280803.4344,6133864.215
PARK 12 - KARRAWIRRA (5125),459.0,hmas yarra,,Plaque,,280803.8393,6133863.2636
PARK 12 - KARRAWIRRA (5125),460.0,fairmile ships,,Plaque,,280804.3932,6133862.2055
PARK 12 - KARRAWIRRA (5125),461.0,hmas parramatta,,Plaque,,280804.1393,6133861.3106
PARK 12 - KARRAWIRRA (5125),462.0,river class frigates,,Plaque,,280804.3929,6133860.0819
PARK 12 - KARRAWIRRA (5125),463.0,hmas chinese ships,,Plaque,,280804.2317,6133858.525
PARK 12 - KARRAWIRRA (5125),464.0,returned services league,,Plaque,,280803.8947,6133857.6863
PARK 12 - KARRAWIRRA (5125),465.0,navy musicians,,Plaque,,280803.8486,6133856.3994
PARK 12 - KARRAWIRRA (5125),466.0,fleet air arm,,Plaque,,280803.2659,6133855.2149
PARK 12 - KARRAWIRRA (5125),467.0,hmas sydney and escorts,,Plaque,,280802.5604,6133854.3341
PARK 12 - KARRAWIRRA (5125),468.0,allied submarines,,Plaque,,280802.1151,6133852.8382
PARK 12 - KARRAWIRRA (5125),469.0,royal naval association,,Plaque,,280802.0851,6133851.8967
PARK 12 - KARRAWIRRA (5125),470.0,royal marines,,Plaque,,280801.7138,6133851.0149
PARK 12 - KARRAWIRRA (5125),471.0,far east strategic reserve,,Plaque,,280801.4623,6133850.3288
PARK 12 - KARRAWIRRA (5125),472.0,arctic convoys,,Plaque,,280800.6481,6133849.2
PARK 12 - KARRAWIRRA (5125),473.0,hmas quickmatch,,Plaque,,280800.1239,6133848.686
PARK 12 - KARRAWIRRA (5125),474.0,hmas assault,,Plaque,,280799.8137,6133848.4083
PARK 12 - KARRAWIRRA (5125),475.0,manoora westralia kanimbla,,Plaque,,280799.2218,6133848.1471
PARK 12 - KARRAWIRRA (5125),476.0,hmas melbourne and uss frank e. evans collision,,Plaque,,280798.7919,6133847.9961
PARK 12 - KARRAWIRRA (5125),477.0,merchant mariners,,Plaque,,280798.378,6133847.5237
PARK 12 - KARRAWIRRA (5125),478.0,hmas voyager d04,,Plaque,,280797.8321,6133847.2107
PARK 12 - KARRAWIRRA (5125),479.0,hmas cape leeuwin,,Plaque,,,
PARK 12 - KARRAWIRRA (5125),480.0,Sir Samuel Way,,Plaque,,281303.4942,6133091.9485
PARK 12 - KARRAWIRRA (5125),481.0,Lawrence Allen Wells,,Plaque,,281307.0025,6133092.3217
PARK 12 - KARRAWIRRA (5125),482.0,Jochim Matthias Wendt,,Plaque,,281311.108,6133092.6949
PARK 12 - KARRAWIRRA (5125),483.0,Sir George Hubert Wilkins,,Plaque,,281312.8249,6133092.9188
PARK 12 - KARRAWIRRA (5125),484.0,Sir Kenneth Wills,,Plaque,,281314.9149,6133093.2174
PARK 12 - KARRAWIRRA (5125),485.0,E.J. Woods,,Plaque,,281316.7811,6133093.4414
PARK 12 - KARRAWIRRA (5125),486.0,Edmund William Wright,,Plaque,,281318.5726,6133093.5907
PARK 12 - KARRAWIRRA (5125),487.0,The Jubilee 150 Board,,Plaque,,281321.857,6133093.7399
PARK 12 - KARRAWIRRA (5125),488.0,sir lawrence bragg,"Sir Lawrence Bragg CH OBE MC FRS
A cast bronze sculptural portrait bust
By John W. Mills, signed to the reverse
On square form grey granite plinth, inset with bronze plaque with raised lettering
40 cm in height",Statue,Bronze; granite,280823.0239,6133055.6362
PARK - LIGHT SQUARE (5304),489.0,adelaide park lands and city layout,,Plaque,,280186.5105,6132585.32
PARK - LIGHT SQUARE (5304),490.0,the eternal  question,,Plaque,,280152.4114,6132567.646
PARK - LIGHT SQUARE (5304),491.0,the eternal question,"The Eternal Question
by Richard Tipping
A Black Hill black granite sculptural suite, 7 piece
All but the central tablet fasciaed front and back with engraved lettering or motif
Sides to each tablet are rough hewn, topped with saw cut decoration 
Overall dimensions 80 x 110 x 40 cm",Monument,Granite,280155.8309,6132584.9824
POST OFFICE PL (1391),492.0,bert flugeman,,Plaque,,280638.6264,6132501.2783
PARK - LIGHT SQUARE (5304),493.0,bert flugeman,,Plaque,,280184.4829,6132698.044
PARK - HINDMARSH SQUARE (5312),494.0,,"A Cast Concrete Fountain Pond
With twin star form basin fountain fitted to the centre and reticulated water
3 m in diameter",Fountain,Fountain - concrete,281212.7292,6132800.9433
PARK - VICTORIA SQUARE (5322),495.0,state survey mark,,Plaque,,280767.1227,6132386.0049
PARK 23 - WIRRARNINTHI (5231),496.0,beehives,"Lie of the Land, 2004
A Kanmantoo bluestone sculptural ornament
By Aleks Danko and Jude Walton
In the form of a dome representative of the traditional stick and rush huts of the Adelaide Plains Aborigines, circa 1836
190 cm in height
Commissioned by the South Australian Government through Arts SA, with assistance from the Adelaide City Council, in celebration of the Centenary of Federation, 2001",Sculpture,Bluestone; concrete,279269.0301,6132071.7679
PARK 23 - WIRRARNINTHI (5231),497.0,beehive,"Lie of the Land, 2004
A Kanmantoo bluestone sculptural ornament
By Aleks Danko and Jude Walton
In the form of a dome representative of the traditional stick and rush huts of the Adelaide Plains Aborigines, circa 1836
190 cm in height
Commissioned by the South Australian Government through Arts SA, with assistance from the Adelaide City Council, in celebration of the Centenary of Federation, 2001",Sculpture,Bluestone; concrete,279273.1769,6132069.7809
PARK 23 - WIRRARNINTHI (5231),498.0,beehive,"Lie of the Land, 2004
A Kanmantoo bluestone sculptural ornament
By Aleks Danko and Jude Walton
In the form of a dome representative of the traditional stick and rush huts of the Adelaide Plains Aborigines, circa 1836
190 cm in height
Commissioned by the South Australian Government through Arts SA, with assistance from the Adelaide City Council, in celebration of the Centenary of Federation, 2001",Sculpture,Bluestone; concrete,279275.0849,6132074.7217
PARK 23 - WIRRARNINTHI (5231),499.0,beehive,"Lie of the Land, 2004
A Kanmantoo bluestone sculptural ornament
By Aleks Danko and Jude Walton
In the form of a dome representative of the traditional stick and rush huts of the Adelaide Plains Aborigines, circa 1836
190 cm in height
Commissioned by the South Australian Government through Arts SA, with assistance from the Adelaide City Council, in celebration of the Centenary of Federation, 2001",Sculpture,Bluestone; concrete,279283.0463,6132075.4179
PARK 23 - WIRRARNINTHI (5231),500.0,beehive,"Lie of the Land, 2004
A Kanmantoo bluestone sculptural ornament
By Aleks Danko and Jude Walton
In the form of a dome representative of the traditional stick and rush huts of the Adelaide Plains Aborigines, circa 1836
190 cm in height
Commissioned by the South Australian Government through Arts SA, with assistance from the Adelaide City Council, in celebration of the Centenary of Federation, 2001",Sculpture,Bluestone; concrete,279285.0307,6132064.9335
PARK 23 - WIRRARNINTHI (5231),501.0,beehive,"Lie of the Land, 2004
A Kanmantoo bluestone sculptural ornament
By Aleks Danko and Jude Walton
In the form of a dome representative of the traditional stick and rush huts of the Adelaide Plains Aborigines, circa 1836
190 cm in height
Commissioned by the South Australian Government through Arts SA, with assistance from the Adelaide City Council, in celebration of the Centenary of Federation, 2001",Sculpture,Bluestone; concrete,279287.5197,6132073.2107
PARK 23 - WIRRARNINTHI (5231),502.0,beehive,"Lie of the Land, 2004
A Kanmantoo bluestone sculptural ornament
By Aleks Danko and Jude Walton
In the form of a dome representative of the traditional stick and rush huts of the Adelaide Plains Aborigines, circa 1836
190 cm in height
Commissioned by the South Australian Government through Arts SA, with assistance from the Adelaide City Council, in celebration of the Centenary of Federation, 2001",Sculpture,Bluestone; concrete,279294.3722,6132071.305
PARK 23 - WIRRARNINTHI (5231),503.0,beehive,"Lie of the Land, 2004
A Kanmantoo bluestone sculptural ornament
By Aleks Danko and Jude Walton
In the form of a dome representative of the traditional stick and rush huts of the Adelaide Plains Aborigines, circa 1836
190 cm in height
Commissioned by the South Australian Government through Arts SA, with assistance from the Adelaide City Council, in celebration of the Centenary of Federation, 2001",Sculpture,Bluestone; concrete,279297.3459,6132076.5888
PARK 23 - WIRRARNINTHI (5231),504.0,beehive,"Lie of the Land, 2004
A Kanmantoo bluestone sculptural ornament
By Aleks Danko and Jude Walton
In the form of a dome representative of the traditional stick and rush huts of the Adelaide Plains Aborigines, circa 1836
190 cm in height
Commissioned by the South Australian Government through Arts SA, with assistance from the Adelaide City Council, in celebration of the Centenary of Federation, 2001",Sculpture,Bluestone; concrete,279312.5544,6132085.0772
PARK 23 - WIRRARNINTHI (5231),505.0,beehive,"Lie of the Land, 2004
A Kanmantoo bluestone sculptural ornament
By Aleks Danko and Jude Walton
In the form of a dome representative of the traditional stick and rush huts of the Adelaide Plains Aborigines, circa 1836
190 cm in height
Commissioned by the South Australian Government through Arts SA, with assistance from the Adelaide City Council, in celebration of the Centenary of Federation, 2001",Sculpture,Bluestone; concrete,279305.9474,6132074.9681
PARK 23 - WIRRARNINTHI (5231),506.0,beehive,"Lie of the Land, 2004
A Kanmantoo bluestone sculptural ornament
By Aleks Danko and Jude Walton
In the form of a dome representative of the traditional stick and rush huts of the Adelaide Plains Aborigines, circa 1836
190 cm in height
Commissioned by the South Australian Government through Arts SA, with assistance from the Adelaide City Council, in celebration of the Centenary of Federation, 2001",Sculpture,Bluestone; concrete,279316.8605,6132082.4227
PARK 23 - WIRRARNINTHI (5231),507.0,beehive,"Lie of the Land, 2004
A Kanmantoo bluestone sculptural ornament
By Aleks Danko and Jude Walton
In the form of a dome representative of the traditional stick and rush huts of the Adelaide Plains Aborigines, circa 1836
190 cm in height
Commissioned by the South Australian Government through Arts SA, with assistance from the Adelaide City Council, in celebration of the Centenary of Federation, 2001",Sculpture,Bluestone; concrete,279320.633,6132085.6485
PARK 23 - WIRRARNINTHI (5231),508.0,beehive,"Lie of the Land, 2004
A Kanmantoo bluestone sculptural ornament
By Aleks Danko and Jude Walton
In the form of a dome representative of the traditional stick and rush huts of the Adelaide Plains Aborigines, circa 1836
190 cm in height
Commissioned by the South Australian Government through Arts SA, with assistance from the Adelaide City Council, in celebration of the Centenary of Federation, 2001",Sculpture,Bluestone; concrete,279327.0184,6132083.6113
PARK 23 - WIRRARNINTHI (5231),509.0,beehive,"Lie of the Land, 2004
A Kanmantoo bluestone sculptural ornament
By Aleks Danko and Jude Walton
In the form of a dome representative of the traditional stick and rush huts of the Adelaide Plains Aborigines, circa 1836
190 cm in height
Commissioned by the South Australian Government through Arts SA, with assistance from the Adelaide City Council, in celebration of the Centenary of Federation, 2001",Sculpture,Bluestone; concrete,279328.9,6132087.9667
PARK 23 - WIRRARNINTHI (5231),510.0,wirranendi trail,"Wirranendi Trail Interpretive Sculptural Object
With stainless steel inset disc to the upper stone
18.5 cm in diameter
Engraved lettering to the top three boulders below which is a foundation boulder with bronze frog sculptural element by Silvio Apponyi, 4 cm in length, inset",Sculpture,Bluestone; stainless steel,279256.1622,6132013.5243
PARK 23 - WIRRARNINTHI (5231),511.0,bird on stone,"""Albatross Rock""
By Martin Corbin and Silvio Apponyi
Cast bronze bird element to bluestone boulder
70 cm in length",Sculpture,Bluestone,279259.8146,6132016.1649
PARK 23 - WIRRARNINTHI (5231),512.0,leaf in rock,"""Leaf in Rock""
Sculptural panel to bluestone boulder
85 cm in length",Sculpture,Bluestone,279284.745,6131970.3473
PARK 23 - WIRRARNINTHI (5231),513.0,bridge to the sky,"""Bridge to the Sky""
Sculptural panel to bluestone boulder
95 cm in length
Park 23 - Wirrarninthi, 736m
5/5",Sculpture,Bluestone,279355.1337,6131976.8561
PARK 23 - WIRRARNINTHI (5231),514.0,trail rock,"""Trail Rock""
Sculptural panel to bluestone boulder
Park 23 - Wirrarninthi, 769m
5/5",Sculpture,Bluestone,279373.7872,6132005.8764
PARK 23 - WIRRARNINTHI (5231),515.0,echidna/tiger beetle,"""Echindna and Tiger Beetle""
Cast bronze sculptural ornaments, Tiger Beetle 4 cm in length, Echidna carved to the surface of the bluestone boulder",Sculpture,Bluestone; bronze,279388.4311,6132009.7775
PARK 23 - WIRRARNINTHI (5231),516.0,bush tucker,"""Bush Tucker""
Carved panel to bluestone boulder
71 cm in length",Sculpture,Bluestone,279425.2864,6132013.8294
PARK 23 - WIRRARNINTHI (5231),517.0,tradpoor spider,"""Trapdoor Spider""
by John Nelson
Cast bronze ornament (4 cm in diameter), set in to bluestone boulder
With additional pie plate beetle inset to the top of the bluestone boulder  
72 cm in length",Sculpture,Bluestone; bronze,279441.0211,6132006.8917
PARK 23 - WIRRARNINTHI (5231),518.0,snake,"""Snake""
Carved panel to bluestone boulder
170 cm in length",Sculpture,Bluestone,279436.4011,6132003.6513
PARK 23 - WIRRARNINTHI (5231),519.0,common froglet,"""Common Froglet""
Sculptured facetted blue stone boulder with cast bronze frog ornament inset (4.5 cm in length) 
78 cm in length",Sculpture,Bluestone; bronze,279456.066,6131979.4084
PARK 23 - WIRRARNINTHI (5231),520.0,resources,"""Resources""
by Silvio Apponyi
Carved sculptural element, to rock boulder 
95 cm in length",Sculpture,Bluestone,279442.8317,6131942.6965
PARK 23 - WIRRARNINTHI (5231),521.0,yabby,"""Yabby""
Carved sculptural element, to bluestone boulder 
52 cm in width",Sculpture,Bluestone,279389.6842,6131895.7896
PARK 23 - WIRRARNINTHI (5231),522.0,ducks,"""Wood Ducks"" or ""Maned Geese""
by Silvio Apponyi
Cast bronze sculptural group of a pair of black ducks with four ducklings
48 cm in length, set into bluestone boulder",Sculpture,Bluestone; bronze,279359.4725,6131897.5219
PARK 23 - WIRRARNINTHI (5231),523.0,dragonflies,"""Dragonflies""
by Silvio Apponyi
Sculptural panel
52 cm in length, set into bluestone boulder",Sculpture,Bluestone; bronze,279306.7356,6131865.3776
PARK 23 - WIRRARNINTHI (5231),524.0,lymnodynasties tasmanifnsis,"""Lymnodynasties Tasminfnsis""
By Silvio Apponyi
Sculptured facetted blue stone boulder with cast bronze frog ornament inset (4.5 cm in length) 
78 cm in length",Sculpture,Bluestone; bronze,279451.7045,6131927.8343
PARK 23 - WIRRARNINTHI (5231),525.0,traditional tool,"""Tradtional Tool""
Carved stone object
62 cm in length",Sculpture,Bluestone,279239.5405,6132011.0412
PARK 23 - WIRRARNINTHI (5231),526.0,fire cerminated,"""Fire Germinated""
Carved panel to stone boulder
56 cm in length",Sculpture,Bluestone,279194.1976,6132009.1777
PARK 23 - WIRRARNINTHI (5231),527.0,eagle,"""Eagle""
Carved panel to stone boulder 
104 cm in length",Sculpture,Bluestone,279117.5723,6131967.0337
PARK 23 - WIRRARNINTHI (5231),528.0,brown snake,"""Brown Snake""
Carved panel to stone boulder 
144 cm in length",Sculpture,Bluestone,279101.3037,6131944.1419
PARK 23 - WIRRARNINTHI (5231),529.0,snake,"Sculpture Element
""The Snake - Dreaming Story""
One of a suite of seven
Carved stone with red paint applied to the channel decoration
102 cm in length",Sculpture,Bluestone,279108.153,6131925.9027
PARK 23 - WIRRARNINTHI (5231),530.0,snake,"Sculpture Element
""The Snake - Dreaming Story""
One of a suite of seven
Carved stone with red paint applied to the channel decoration
83 cm in length",Sculpture,Bluestone,279110.8925,6131928.1323
PARK 23 - WIRRARNINTHI (5231),531.0,snake,"Sculpture Element
""The Snake - Dreaming Story""
One of a suite of seven
Carved stone with red paint applied to the channel decoration
94 cm in length",Sculpture,Bluestone,279109.2887,6131927.1049
PARK 23 - WIRRARNINTHI (5231),532.0,mosaic,"Sculpture Element
""The Snake - Dreaming Story""
One of a suite of seven
The mosaic decorated circular cast concrete basin, inset with naturalistic boulder
235 cm in diameter",Sculpture,Bluestone; concrete; tiles,279112.5828,6131929.9346
PARK 23 - WIRRARNINTHI (5231),533.0,snake,"Sculpture Element
""The Snake - Dreaming Story""
One of a suite of seven
Carved stone with red paint applied to the channel decoration
93 cm in length",Sculpture,Bluestone,279114.3088,6131930.4909
PARK 23 - WIRRARNINTHI (5231),534.0,snake,"Sculpture Element
""The Snake - Dreaming Story""
One of a suite of seven
Carved stone with red paint applied to the channel decoration
88 cm in length",Sculpture,Bluestone,279115.6419,6131930.604
PARK 23 - WIRRARNINTHI (5231),535.0,snake,"Sculpture Element
""The Snake - Dreaming Story""
One of a suite of seven
Carved stone with red paint applied to the channel decoration
111 cm in length",Sculpture,Bluestone,279117.3601,6131930.7557
PARK 23 - WIRRARNINTHI (5231),536.0,funghi,"""Fungi""
by Silvio Apponyi
Cast sculptural panel, set in to bluestone boulder
48.5 cm in length",Sculpture,Bluestone,279337.3681,6131977.304
PARK 23 - WIRRARNINTHI (5231),537.0,mouse spider,"""Mouse Spider""
By Silvio Apponyi
Cast bronze sculptural ornament, 3 cm in length, set in to bluestone boulder",Sculpture,Bluestone; bronze,279366.8484,6131967.2642
PARK 23 - WIRRARNINTHI (5231),538.0,bat,"""Bat""
By Silvio Apponyi
Cast bronze sculptural ornament, 7 cm in length, set in to bluestone boulder",Sculpture,Bluestone; bronze,279370.5107,6131971.6309
PARK 23 - WIRRARNINTHI (5231),539.0,golden stag beetle,"""Golden Stag Beetle""
By Silvio Apponyi
Cast bronze sculptural ornament, 4.5 cm in length, set in to bluestone boulder",Sculpture,Bluestone; bronze,279391.9968,6131976.2002
PARK 24 - TAMPAWARDLI (5241),540.0,beehive,"Lie of the Land, 2004
A Kanmantoo bluestone sculptural ornament
By Aleks Danko and Jude Walton
In the form of a dome representative of the traditional stick and rush huts of the Adelaide Plains Aborigines, circa 1836
190 cm in height
Commissioned by the South Australian Government through Arts SA, with assistance from the Adelaide City Council, in celebration of the Centenary of Federation, 2001",Sculpture,Bluestone; concrete,279366.2852,6132127.3472
PARK 23 - WIRRARNINTHI (5231),541.0,tiger beetle,"""Tiger Beetle""
By Silvio Apponyi
Cast bronze sculptural ornament, 3 cm in length, set in to bluestone boulder",Sculpture,Bluestone; bronze,279393.3113,6131977.6033
PARK 24 - TAMPAWARDLI (5241),542.0,beehive,"Lie of the Land, 2004
A Kanmantoo bluestone sculptural ornament
By Aleks Danko and Jude Walton
In the form of a dome representative of the traditional stick and rush huts of the Adelaide Plains Aborigines, circa 1836
190 cm in height
Commissioned by the South Australian Government through Arts SA, with assistance from the Adelaide City Council, in celebration of the Centenary of Federation, 2001",Sculpture,Bluestone; concrete,279367.641,6132132.6088
PARK 24 - TAMPAWARDLI (5241),543.0,beehive,"Lie of the Land, 2004
A Kanmantoo bluestone sculptural ornament
By Aleks Danko and Jude Walton
In the form of a dome representative of the traditional stick and rush huts of the Adelaide Plains Aborigines, circa 1836
190 cm in height
Commissioned by the South Australian Government through Arts SA, with assistance from the Adelaide City Council, in celebration of the Centenary of Federation, 2001",Sculpture,Bluestone; concrete,279374.2839,6132128.4223
PARK 23 - WIRRARNINTHI (5231),544.0,cossid moth,"""Cossid Moth""
By Silvio Apponyi
Cast bronze sculptural ornament, 6 cm in length, set in to bluestone boulder",Sculpture,Bluestone; bronze,279392.0151,6131975.5502
PARK 24 - TAMPAWARDLI (5241),545.0,beehive,"Lie of the Land, 2004
A Kanmantoo bluestone sculptural ornament
By Aleks Danko and Jude Walton
In the form of a dome representative of the traditional stick and rush huts of the Adelaide Plains Aborigines, circa 1836
190 cm in height
Commissioned by the South Australian Government through Arts SA, with assistance from the Adelaide City Council, in celebration of the Centenary of Federation, 2001",Sculpture,Bluestone; concrete,279376.1197,6132135.3895
PARK 23 - WIRRARNINTHI (5231),546.0,scorpion,"""Scorpion""
By Silvio Apponyi
Cast bronze plaque, 6cm in length, set in to bluestone boulder
Park 23 - Wirrarninthi, 787m
4/5",Sculpture,Bluestone; bronze,279397.2345,6131975.8902
PARK 24 - TAMPAWARDLI (5241),547.0,beehive,"Lie of the Land, 2004
A Kanmantoo bluestone sculptural ornament
By Aleks Danko and Jude Walton
In the form of a dome representative of the traditional stick and rush huts of the Adelaide Plains Aborigines, circa 1836
190 cm in height
Commissioned by the South Australian Government through Arts SA, with assistance from the Adelaide City Council, in celebration of the Centenary of Federation, 2001",Sculpture,Bluestone; concrete,279383.8441,6132135.2558
PARK 24 - TAMPAWARDLI (5241),548.0,beehive,"Lie of the Land, 2004
A Kanmantoo bluestone sculptural ornament
By Aleks Danko and Jude Walton
In the form of a dome representative of the traditional stick and rush huts of the Adelaide Plains Aborigines, circa 1836
190 cm in height
Commissioned by the South Australian Government through Arts SA, with assistance from the Adelaide City Council, in celebration of the Centenary of Federation, 2001",Sculpture,Bluestone; concrete,279387.1798,6132133.182
PARK 23 - WIRRARNINTHI (5231),549.0,pie plate beetle,"""Pie Plate Beetle""
By Silvio Apponyi
Cast bronze sculptural ornament in the form of a beetle (3.5 cm in length), set in to bluestone boulder",Sculpture,Bluestone; bronze,279417.466,6131985.5215
PARK 24 - TAMPAWARDLI (5241),550.0,beehive,"Lie of the Land, 2004
A Kanmantoo bluestone sculptural ornament
By Aleks Danko and Jude Walton
In the form of a dome representative of the traditional stick and rush huts of the Adelaide Plains Aborigines, circa 1836
190 cm in height
Commissioned by the South Australian Government through Arts SA, with assistance from the Adelaide City Council, in celebration of the Centenary of Federation, 2001",Sculpture,Bluestone; concrete,279388.1962,6132138.9775
PARK 23 - WIRRARNINTHI (5231),551.0,moth,"""Moth""
By Silvio Apponyi
Cast bronze sculptural ornament, 4.5 cm in length, set in to bluestone boulder",Sculpture,Bluestone; bronze,279366.1766,6131967.74
PARK 24 - TAMPAWARDLI (5241),552.0,beehive,"Lie of the Land, 2004
A Kanmantoo bluestone sculptural ornament
By Aleks Danko and Jude Walton
In the form of a dome representative of the traditional stick and rush huts of the Adelaide Plains Aborigines, circa 1836
190 cm in height
Commissioned by the South Australian Government through Arts SA, with assistance from the Adelaide City Council, in celebration of the Centenary of Federation, 2001",Sculpture,Bluestone; concrete,279390.6326,6132132.2415
PARK 24 - TAMPAWARDLI (5241),553.0,beehive,,Sculpture,Bluestone; concrete,279399.0357,6132137.2642
PARK 23 - WIRRARNINTHI (5231),554.0,huntsman,"""Huntsman Spider""
By Silvio Apponyi
Sculptural bronze plaque (10 cm in length), set in to bluestone boulder",Sculpture,Bluestone; bronze,279427.8774,6131988.8099
PARK 24 - TAMPAWARDLI (5241),555.0,beehive,"Lie of the Land, 2004
A Kanmantoo bluestone sculptural ornament
By Aleks Danko and Jude Walton
In the form of a dome representative of the traditional stick and rush huts of the Adelaide Plains Aborigines, circa 1836
190 cm in height
Commissioned by the South Australian Government through Arts SA, with assistance from the Adelaide City Council, in celebration of the Centenary of Federation, 2001",Sculpture,Bluestone; concrete,279402.9493,6132134.5664
PARK 23 - WIRRARNINTHI (5231),556.0,ghecko,"""Gecko""
By Silvio Apponyi
Cast bronze sculptural ornament of a gecko (11 cm in length), set in to bluestone boulder",Sculpture,Bluestone; bronze,279434.0646,6131989.9153
PARK 24 - TAMPAWARDLI (5241),557.0,beehive,"Lie of the Land, 2004
A Kanmantoo bluestone sculptural ornament
By Aleks Danko and Jude Walton
In the form of a dome representative of the traditional stick and rush huts of the Adelaide Plains Aborigines, circa 1836
190 cm in height
Commissioned by the South Australian Government through Arts SA, with assistance from the Adelaide City Council, in celebration of the Centenary of Federation, 2001",Sculpture,Bluestone; concrete,279403.3167,6132139.7426
PARK 23 - WIRRARNINTHI (5231),558.0,stand in stillness,"""Stand in Stillness""
By Silvio Apponyi
Dressed stone boulder with sculptural carved elements and five bronze inset frog objects and lily flower head
190 cm in length",Sculpture,Bluestone; bronze,279428.0739,6131931.1847
PARK 23 - WIRRARNINTHI (5231),559.0,abundance,"""Abundance""
Carved sculptural element, set into bluestone boulder 
54 cm in width",Sculpture,Bluestone; bronze,279372.3115,6131899.612
PARK 23 - WIRRARNINTHI (5231),560.0,possum,"""Possum""
by Sylvio Apponyi, 2010
Cast bronze sculptural ornament
50 cm in length, set into bluestone boulder",Sculpture,Bluestone; bronze,279292.225,6131858.1795
PARK 23 - WIRRARNINTHI (5231),561.0,wirranendi trail,"""Wirranendi Rock""
By Sally Wickes
Engraved bluestone boulder, fasciad and engraved with poem by Kimberley Mann
140 cm in height",Sculpture,Bluestone,279262.7013,6131913.1159
PARK 23 - WIRRARNINTHI (5231),562.0,moorhens,"""Moorhens""
Cast bronze sculptural ornament
118 cm in length, set into bluestone boulder",Statue,Bluestone; bronze,279272.9077,6131843.4047
PARK 23 - WIRRARNINTHI (5231),563.0,cat,"""Cat""
Cast bronze sculptural ornament
by John Nelson, 2010
84 cm in length, set into bluestone boulder",Sculpture,Bluestone; bronze,279262.7215,6131822.081
PARK 23 - WIRRARNINTHI (5231),564.0,lizard,"""Dead Gecko""
Cast bronze gecko, 15 cm in length, set into dressed bluestone boulder, 132 cm in length
by John Nelson, 2010",Sculpture,Bluestone; bronze,279261.0749,6131823.1291
PARK 23 - WIRRARNINTHI (5231),565.0,duck and moth,"""Duck and Moth""
Cast bronze sculptural ornament of a duck, head and neck, 14.5 cm in length, and separate cast bronze moth, 6 cm in length
Set into bluestone boulder 
by John Nelson, 2010",Sculpture,Bluestone; bronze,279259.1714,6131823.6143
PARK 23 - WIRRARNINTHI (5231),566.0,wagtail,"""Willy Wag Tail""
Carved panel to stone boulder
69 cm in length",Sculpture,Bluestone; bronze,279231.8193,6131824.318
PARK 23 - WIRRARNINTHI (5231),567.0,spiderlings,"""Spiderlings"" 
Carved panel to stone boulder
58 cm in length",Sculpture,Bluestone,279201.3639,6131822.8251
PARK 23 - WIRRARNINTHI (5231),568.0,tasting the air,"""Tasting the Air""
Carved panel to stone boulder
75 cm in length",Sculpture,Bluestone,279175.8476,6131810.0634
PARK 23 - WIRRARNINTHI (5231),569.0,wind pollinated,"""Wind Pollinated""
Carved panel to stone boulder
Sculptor: Sally Wickes, 2011
45 cm in length",Sculpture,Bluestone,279139.2541,6131792.8987
PARK 23 - WIRRARNINTHI (5231),570.0,listen,"""Listen""
Carved panel to stone boulder:
The wind seeks restless for what could be, hush, hush, listen""
Poet: Kimberley Mann, Sculptor: Sally Wickes, 2011
215 cm in length",Sculpture,Bluestone,279131.4918,6131794.9273
PARK 23 - WIRRARNINTHI (5231),571.0,inspiration,"""Inspiration""
Carved panel to stone boulder:
""Playful punch of the wind, sniff of rain on its way""
Poet: Kimberley Mann, Sculptor: Sally Wickes, 2011
125 cm in length",Sculpture,Bluestone,279125.2945,6131799.8699
PARK 23 - WIRRARNINTHI (5231),572.0,long eared bat,"""Long Eared Bat""
Carved panel to stone boulder
105 cm in length",Sculpture,Bluestone,279118.9633,6131840.9023
PARK 23 - WIRRARNINTHI (5231),573.0,wind dispersal,"""Wind Dispersal""
Carved panel to stone boulder
70 cm in length",Sculpture,Bluestone,279113.4296,6131864.2121
PARK 23 - WIRRARNINTHI (5231),574.0,kanthorrhoea,"""Kanthorrhoea""
Carved panel to stone boulder
83 cm in length",Sculpture,Bluestone,279106.3061,6131896.2077
PARK 23 - WIRRARNINTHI (5231),575.0,witchetty grubs,"""Witchetty Grubs""
Carved panel to stone boulder
48 cm in length",Sculpture,Bluestone,279108.6472,6131904.2251
PARK 21 - WALYU YARTA (5211),576.0,next to pavillion,"Veale Gardens Fountain
A reticulated sub-surface water spout, lifting water to approximately 1m
Set in oval basin of poured concrete, with rock edging, 9m in length (excluding outflow landscape creek element)",Fountain,Fountain - concrete; stone,280774.8101,6131376.571
PARK 21 - WALYU YARTA (5211),577.0,sundial,"Sundial
A reproduction of Sir Walter Scott's Sundial at Abbottsford, Scotland
A bronze sundial gnomon over a carved clock, pink marble on rose marble pedestal
135 cm in height",Clock,Marble; bronze,280618.1824,6131389.4731
PARK 21 - WALYU YARTA (5211),578.0,rock fountain,"Rock Fountain
A naturalistic cascade over three ponds
Four fountain heads (three working) pouring water from a cast concrete bunker set deep in to the fan shaped pond structure
Naturalistic rocks form a land bridge through which two of the fountain heads direct a flow of water with the balance cascading through naturalistic aperture
Approximate dimensions 12 x 12 m
The water supply is reticulated",Fountain,Fountain - concrete; stone,280669.0625,6131344.7253
PARK 21 - WALYU YARTA (5211),579.0,goat/man,"Pan Fountain
A cast bronze fountain of Pan seated on a rock playing pipes
by John Stuart Dowie
Cast by J. Lemon
183 cm in height",Fountain,Bronze,280539.3208,6131385.1973
PARK 25 - NARNUNGGA (5252),580.0,'CARCASS' Steel fabrication,"""Carcass""
Corton steel tapering cylindrical sculpture with flat sheet sectional adornment interspaced by open ribs, internal illumination points evident
380 cm in height, 900 cm in length, 425 cm in width (irregular)",Sculpture,Steel,278926.4372,6133135.2448
PARK 25 - NARNUNGGA (5252),581.0,'EUCALYPTUS ALIVE' Steel poles,"""Eucalptus Alive""
A suite of 18 steel ""totem"" poles of various heights and diameters, each with geometric ""cut out"" design, brown paint applied to the exterior",Sculpture,Steel,279050.468,6133106.355
PARK 27 - BONYTHON PARK  -  TULYA WARDLI (5278),582.0,radio,"""Radio""
Contemporary sculptural work, mounted to steel pole
By Gerry Wedd and David Archer
100 x 180 cm",Sculpture,Metal,280103.3247,6133028.4574
PARK 27 - BONYTHON PARK  -  TULYA WARDLI (5278),583.0,wings,"""Wings""
Contemporary sculptural work, mounted to steel pole
By Gerry Wedd and David Archer
175 x 180 cm",Sculpture,Metal,280087.2642,6133025.475
PARK 27 - BONYTHON PARK  -  TULYA WARDLI (5278),584.0,globe,"""Globe""
Contemporary sculptural work, mounted to steel pole
By Gerry Wedd and David Archer
120 x 180 cm",Sculpture,Metal,280095.4079,6133026.8794
PARK 27 - BONYTHON PARK  -  TULYA WARDLI (5278),585.0,dog on skateboard,"""Dog on Skateboard""
Contemporary sculptural work, mounted to steel pole
By Gerry Wedd and David Archer
100 x 120 cm",Sculpture,Metal,280080.4987,6133025.387
PARK 27 - BONYTHON PARK  -  TULYA WARDLI (5278),586.0,flame,"""Flame""
Contemporary sculptural work, mounted to steel pole
By Gerry Wedd and David Archer
100 x 120 cm",Sculpture,Metal,280070.0405,6133024.887
PARK 27 - BONYTHON PARK  -  TULYA WARDLI (5278),587.0,heart,,Sculpture,,280041.5474,6133018.9067
PARK 27 - BONYTHON PARK  -  TULYA WARDLI (5278),588.0,hand,,Sculpture,,280033.5497,6133016.6311
PARK 27 - BONYTHON PARK  -  TULYA WARDLI (5278),589.0,guitar,,Sculpture,,280024.9072,6133015.2396
PARK 27 - BONYTHON PARK  -  TULYA WARDLI (5278),590.0,shark,,Sculpture,,279985.8995,6133011.5099
PARK 27 - BONYTHON PARK  -  TULYA WARDLI (5278),591.0,dog,,Sculpture,,279976.8524,6133012.163
PARK 27 - BONYTHON PARK  -  TULYA WARDLI (5278),592.0,kangaroo,,Sculpture,,279968.2145,6133012.878
PARK 14 - RYMILL PARK (5141),593.0,SUN DIAL,,Plaque,,282296.3171,6132813.2593
PARK 06 - NANTU WAMA (5066),594.0,Wooden tree trunk sculpture,"""Animals at Play Sculpture"" Sculpture
A carved wooden tree trunk sculpture depicting three koalas and a kangaroo, ""Aurora"", ""Annabella"", ""Hip Hop Jack"" and ""Mason""
Designed and created by Anthony Martin and Hatty O'Meara-Martin of Ants Redgum Gallery, Millicent, 2014, Approximately 5m in height",Sculpture,Wood,280770.5624,6134929.3856
PARK 12 - KARRAWIRRA (5125),595.0,drinking fountain memorial,,Plaque,,280887.6711,6133345.2517
PARK 12 - KARRAWIRRA (5125),596.0,in memory of sikh soldiers,,Plaque,,280878.1646,6133345.5221
PARK 12 - KARRAWIRRA (5125),597.0,2nd battallion - the royal australian regiment,,Plaque,,280868.4855,6133345.1567
PARK 12 - KARRAWIRRA (5125),598.0,in rememberance of all aaoc/raaoc personnel,,Plaque,,280858.3016,6133344.2999
PARK 12 - KARRAWIRRA (5125),599.0,royal australian survey corps,,Plaque,,280848.5458,6133343.1978
PARK 12 - KARRAWIRRA (5125),600.0,"normandy veterans association, branch no. 98",,Plaque,,280844.2354,6133343.3469
PARK 12 - KARRAWIRRA (5125),601.0,peacetime memorial,,Plaque,,280839.2851,6133342.6018
PARK 12 - KARRAWIRRA (5125),602.0,this memorial is dedicated to al members of the australian special air service,,Plaque,,280823.8919,6133341.4563
PARK 12 - KARRAWIRRA (5125),603.0,4th batallion - the royal astralian regiment,,Plaque,,280828.698,6133341.727
PARK 12 - KARRAWIRRA (5125),604.0,9th batalion - the royal australian regiment,,Plaque,,280819.1275,6133340.8061
PARK 12 - KARRAWIRRA (5125),605.0,SOUTH AUSTRALIAN DAM BUSTERS,,Plaque,,280804.8028,6133339.4896
PARK 12 - KARRAWIRRA (5125),606.0,"79 squadron, base squadron and no. 5 airfield construction squadron",,Plaque,,280807.9638,6133339.8015
PARK 12 - KARRAWIRRA (5125),607.0,dedicated to the memory of the members of the 8th batalion,,Plaque,,280810.9311,6133340.1397
PARK 12 - KARRAWIRRA (5125),608.0,DEDICATED TO THE DUTCH SERVICEMEN & WOMEN,,Plaque,,280798.5453,6133338.8923
PARK 12 - KARRAWIRRA (5125),609.0,ARCTIC CONVOY VETERANS,,Plaque,,280801.5554,6133339.2551
PARK 12 - KARRAWIRRA (5125),610.0,43rd INFANTRY BATTALION - AUSTRALIAN IMPERIAL FORCE,,Plaque,,280788.2694,6133337.8838
PARK 12 - KARRAWIRRA (5125),611.0,50th INFANTRY BATTALION - AUSTRALIAN IMPERIAL FORCE,,Plaque,,280791.3775,6133338.3724
PARK 12 - KARRAWIRRA (5125),612.0,32nd INFANTRY BATTALION,,Plaque,,280781.3577,6133337.1329
PARK 12 - KARRAWIRRA (5125),613.0,3rd BATTALION - THE ROYAL AUSTRALIAN REGIMENT,,Plaque,,280784.5734,6133337.5709
PARK 12 - KARRAWIRRA (5125),614.0,2/4th MACHINEGUN BATTALION A.I.F.,,Plaque,,280773.7444,6133335.0771
PARK 12 - KARRAWIRRA (5125),615.0,DEDICATED TO THE MEMORY OF AUSTRALIAN & COMMONWEALTH SERVICEMEN & WOMEN,,Plaque,,280766.3362,6133332.5986
PARK 12 - KARRAWIRRA (5125),616.0,DARWIN DEFENDERS SA,,Plaque,,280741.3592,6133322.9518
PARK 12 - KARRAWIRRA (5125),617.0,IN MEMORY OF ALL THAT SUFFERED AT THE SIEGE OF TOBRUK,,Plaque,,280723.9687,6133313.1197
PARK 06 - NANTU WAMA (5066),618.0,animals at play,,Plaque,,280770.4019,6134926.3933
PARK 21 - WALYU YARTA (5211),619.0,rock fountain,"Rock Fountain
A rustic three pond fountain basin
Fed by two single spout fountains of abstract steps, conical form
Constructed as stainless steel, each stands 65 cm from the water surface, reinforced concrete basins
The third (lowest to basin) separated from the earlier two basins by a walkway, the water supply is reticulated",Fountain,Fountain - concrete; stone,280413.9887,6131332.7813
PARK 21 - WALYU YARTA (5211),620.0,mosaic butterfly,"Mosaic Butterfly Sculpture
Created as part of an Adelaide City Council Community Development Grant awarded to Uniting Communities' Neighbourhood Support Programs, 2014
65 cm in height",Public Art,Concrete; tiles,280482.9868,6131240.193
PARK 21 - WALYU YARTA (5211),621.0,mosaic butterfly,"Mosaic Butterfly Sculpture
Created as part of an Adelaide City Council Community Development Grant awarded to Uniting Communities' Neighbourhood Support Programs, 2014
70 cm in height",Public Art,Concrete; tiles,280478.3001,6131239.7144
PARK 21 - WALYU YARTA (5211),622.0,mosaic butterfly,"Mosaic Butterfly Sculpture
Created as part of an Adelaide City Council Community Development Grant awarded to Uniting Communities' Neighbourhood Support Programs, 2014
62 cm in height",Public Art,Concrete; tiles,280479.9768,6131245.3109
PARK 12 - TORRENS PARADE GROUND (5489),623.0,adelaide rifle walkway,,Plaque,,280894.2195,6133353.5779
CRITERIUM TRACK - VIC PARK (1864),624.0,Aryton Senna hand print,,Plaque,,282475.5111,6132306.996
PARK 14 - RYMILL PARK (5141),625.0,lord mayor bridgland 1966,"The Bridgland Fountain
A reticulated circular reinforced concrete basin 
With twin ring underwater lamp illumination about central ten spout vertical elevation to approximately 1.5 m and circular multi spout fountain disc (250 cm in diameter)
Recently refurbished, approximately 9m in diameter overall dimensions",Fountain,Fountain; concrete,281814.8006,6132703.8943
WAR MEMORIAL_DR (3001),626.0,barrie robran mbe,,Sculpture,,280456.4852,6133503.3917
PARK 27 - BONYTHON PARK  -  TULYA WARDLI (5278),627.0,port road bridge,,Plaque,,279135.2098,6133162.2768
PARK - HURTLE SQUARE (5342),628.0,commemorative birdbath,"Commemorative Bird Bath
Designed by Matthew Hardy, Artwork by Steven Bowers
Red brick coin structure with four domed top hand painted tile panels
One bearing inscription dedicating the structure to the pigeons in Hurtle Square by John Bray
Capped by Mintaro slate with etched inscription, inset with circular terracotta and hand painted tile basin, 156cm in height, 162 x 162 cm",Commerative Fountain,Concrete; stone; tiles,281309.8446,6131860.2582
PARK 26 - TARNTANYA WAMA (5264),629.0,Bereaved through suicide,,Plaque,,280538.8109,6133939.5835
PARK 12 - TORRENS PARADE GROUND (5489),630.0,Aboriginal and Torres Straight Islander War Memorial,"Aboriginal and Torres Straight Islander Memorial
Comprising a cast figural pair, Aboriginal man and woman 
by Robert Hannaford, 2013
205 x 181 cm
Standing on granite boulder
The sculptured forecourt in sculptured granite and slate comprises a circular plaza inset with granite boulders
One of which is fitted with a bronze Coolamon, 37 cm in length
As well as four cast bronze services crests inset to the semi circular curved wall
A descriptive bronze tablet set in to polished black granite, 43 x 120 cm, stands to the foot of a serpentine pathway in black granite bearing Serviceman details",Memorial,Granite; slate; bronze,280736.3367,6133498.2986
PARK 21 - WALYU YARTA (5211),631.0,Four Lions Heads,,Fountain,,280541.5872,6131355.544
PARK 21 - WALYU YARTA (5211),632.0,water feature,,Fountain,,280611.9033,6131347.1091
CURRIE ST ASC (1193),633.0,COLONEL LIGHT MEMORIAL AND POND,,Fountain,,280190.4546,6132630.1165
PARK 27 - BONYTHON PARK  -  TULYA WARDLI (5278),634.0,Boat Pond,,Fountain,,278987.7657,6133418.9705
KINTORE AVE (1305),635.0,SOUTH AUSTRALIAN WAR MEMORIAL - GREAT WAR WW1 1914 - 1918,,Commerative Fountain,,280900.403,6133095.0321
PARK 12 - NORTH TERRACE (5493),636.0,Water feature,"Fouteen Pieces Fountains
Known as ""DINOSAUR BONES""
By Hussein and Angela Valamanesh
Sculptural representation of vertebrae being fourteen carved irregular form fountain plinths in Adelaide black granite 
The upper surface of which is honed to a shallow basin
The reticulated fountain action released under stainless steel disc and flows uniformly over the edge of the structure down the roughly hewn sides and in to a subterranean reservoir which then reticulates the waters
The sculptural fountain is set in to a sloping Cacca (pink granite) paved plaza and incorporates button light illumination
Overall m2 approx. 6 x 7 m",Fountain,Granite,280980.3823,6133072.5656
PARK 12 - NORTH TERRACE (5493),637.0,Water feature,"Bill's Fountain
A reinforced concrete memorial fountain to William (Bill) Faulding Scammell AO, CBE 
Constructed in two parts, comprising rectangular water basin, opposing a garden bed planted with ferns
One structure 10 x 4.5 m set in to sloping ground, the other 12 x 4.5 m, the external qwalls and coping clad in 5cm deep black granite section",Fountain,Granite,280978.7184,6133089.7853
PARK 12 - NORTH TERRACE (5493),638.0,Fourteen Fountains,,Fountain,,281059.3952,6133077.7968
PARK 12 - NORTH TERRACE (5493),639.0,,,Fountain,,281115.3475,6133099.5487
PARK 12 - NORTH TERRACE (5493),640.0,Water feature,,Fountain,,281136.2001,6133087.3425
PARK 12 - NORTH TERRACE (5493),641.0,Cascading Water feature,,Fountain,,281428.4204,6133112.3916
PARK - VICTORIA SQUARE (5322),642.0,,"The Victoria Square Fountain
The theme of which is ""The Three Rivers from which Adelaide draws its water""
Comprising four cast aluminium elements by John Stuart Dowie, including:
An Aboriginal man holding an Ibis (The Murray), 232 cm in height
An Aboriginal Woman holding a black swan (The Torrens), 220 cm in height
An Aboriginal Woman holding a heron (The Onkaparinga), 223 cm in height
A triple pointed crown shaped basin, 164 cm in height x 308 cm tip to tip
In a reticulated pond of contrasting grey granite",Commerative Fountain,Aluminium; granite,280791.0406,6132112.1355
VICTORIA SQ (EAST SIDE KING WILLIAM STTO KING WILLIAM ST (2066),643.0,,"Interactive Water Feature
Stepped form, with nine banks of vertical water spouts (illuminated), grey granite construction incorporated in to banked surround to a ha-ha lawn setting
Overall dimensions 27 x 13 m",Fountain,Granite,280769.9755,6132353.0034
RUNDLE MALL (1418),644.0,,,Fountain,,281112.4016,6132894.5483
WAR MEMORIAL_DR (3001),645.0,Creswell Arch,,Monument,,280615.0947,6133683.0589
GOUGER ST (1250),646.0,,,Public Art,,280282.4179,6132040.6781
GOUGER ST (1250),647.0,,,Public Art,,280283.8362,6132022.6512
GOUGER ST (1250),648.0,,,Public Art,,280319.0688,6132043.8505
GOUGER ST (1250),649.0,,,Public Art,,280320.7857,6132025.7116
GOUGER ST (1250),650.0,,,Public Art,,280354.4508,6132047.0229
GOUGER ST (1250),651.0,,,Public Art,,280356.093,6132028.5108
GOUGER ST (1250),652.0,,,Public Art,,280499.8603,6132061.0563
GOUGER ST (1250),653.0,,,Public Art,,280501.3532,6132043.0667
GOUGER ST (1250),654.0,,,Public Art,,280531.6593,6132063.9675
GOUGER ST (1250),655.0,,,Public Art,,280536.362,6132046.2018
GOUGER ST (1250),656.0,,,Public Art,,280566.0709,6132066.7667
GOUGER ST (1250),657.0,,,Public Art,,280567.9371,6132049.0757
,,,,,,,
