endDate,image,longitude,venue,description,price,startDate,location,latitude,moreInfo,title,website,phone
03/21/2011,,-77.0027,Folger Theatre,"""Ballets and Brawls: French Music of Court and Countryside"" with soprano Rosa Lamoreaux and others.",35-50,03/19/2011,"201 East Capitol St. SE, Washington, DC",38.8898,"http://www.washingtonpost.com/gog/music-events/folger-consort,1158363.html",Folger Consort,,
04/11/2011,,-77.0027,Folger Theatre,"""A Musical Banquet: Songs for Lute, Voice, and Viol"" with tenor Mark Bleeke and multi-instrumentalists Charles Weaver and Tom Zajac. English lute ayres, French court airs, and Italian monodies.",35-50,04/09/2011,"201 East Capitol St. SE, Washington, DC",38.8898,"http://www.washingtonpost.com/gog/music-events/folger-consort,1158362.html",Folger Consort,,
04/22/2011,,-77.0295,Warner Theatre,The versatile pop music legend goes bluegrass.,60-75,04/22/2011,"13th and E streets NW, Washington, DC",38.8961,"http://www.washingtonpost.com/gog/music-events/elvis-costello-and-the-sugarcanes,1077186.html",Elvis Costello and the Sugarcanes,,877-598-8696
05/15/2011,,-77.0624,Birchmere Music Hall,,20,05/15/2011,"3701 Mt. Vernon Ave., Alexandria, VA",38.8392,"http://www.washingtonpost.com/gog/music-events/virginia-coalition,1160577.html",Virginia Coalition,,
03/13/2011,,-77.3118,Center for the Arts - George Mason University,Christopher Zimmerman conducts; pianist Alon Goldstein performs Avner Dorman's second Piano Concerto.,,03/13/2011,"Route 123 and Braddock Rd., Fairfax, VA",38.835,"http://www.washingtonpost.com/gog/music-events/fairfax-symphony-orchestra,1160745.html",Fairfax Symphony Orchestra,,
03/18/2011,,-77.0468,Phillips Collection,Part of the Leading European Composers series.,,03/18/2011,"1600 21st St. NW, Washington, DC",38.9112,"http://www.washingtonpost.com/gog/music-events/works-by-finnish-composer-olli-kortekangas,1160747.html",Works by Finnish composer Olli Kortekangas,,
04/03/2011,,-77.3118,Center for the Arts - George Mason University,Christoph Eschenbach conducts.,,04/03/2011,"Route 123 and Braddock Rd., Fairfax, VA",38.835,"http://www.washingtonpost.com/gog/music-events/pianist-lang-lang-with-the-schleswig-holstein-festival-orchestra,1160755.html",Pianist Lang Lang with the Schleswig-Holstein Festival Orchestra,,
04/18/2011,,-77.0728,Washington National Cathedral,"With the Choir of New College, Oxford, the Choir of Saint Thomas Church, New York, and the Choir of Washington National Cathedral.",,04/18/2011,"Wisconsin and Massachusetts Avenues NW, Washington, DC",38.9288,"http://www.washingtonpost.com/gog/music-events/british-choir-festival,1160764.html",British Choir Festival,,
05/16/2012,,-77.0728,Washington National Cathedral,"Celebrating 25 years with music director J. Reilly Lewis. Guests include Elizabeth Futral, and a new work by Dominick Argento will receive a world premiere.",,05/16/2012,"Wisconsin and Massachusetts Avenues NW, Washington, DC",38.9288,"http://www.washingtonpost.com/gog/music-events/cathedral-choral-society,1160784.html",Cathedral Choral Society,,
04/02/2011,,-77.0295,Warner Theatre,NOTE: This show is sold out. The singer-songwriter of cool and easy. With Sasha Dobson.,62,04/02/2011,"13th and E streets NW, Washington, DC",38.8961,"http://www.washingtonpost.com/gog/music-events/norah-jones,1094443.html",Norah Jones,,877-598-8696
04/21/2011,,-77.0295,Warner Theatre,Southern-style jam rock.,44.50,04/20/2011,"13th and E streets NW, Washington, DC",38.8961,"http://www.washingtonpost.com/gog/music-events/widespread-panic,1038294.html",Widespread Panic,,877-598-8696
05/02/2011,,-77.0295,Warner Theatre,The former Dire Straits frontman.,75.50-105.50,05/02/2011,"13th and E streets NW, Washington, DC",38.8961,"http://www.washingtonpost.com/gog/music-events/mark-knopfler,1148675.html",Mark Knopfler,,877-598-8696
06/06/2011,,-77.0411,Constitution Hall,Moody chamber rock.,35,06/06/2011,"1776 D St. NW, Washington, DC",38.8942,"http://www.washingtonpost.com/gog/music-events/the-national,1119619.html",The National,,
06/26/2011,,-77.0232,9:30 Club,,,06/26/2011,"815 V St. NW, Washington, DC",38.9178,"http://www.washingtonpost.com/gog/music-events/whos-bad-michael-jackson-tribute-band,1160827.html",Who's Bad: Michael Jackson Tribute Band,,
04/02/2011,,-77.0295,Warner Theatre,NOTE: This show is sold out. The singer-songwriter of cool and easy. With Sasha Dobson.,62,04/02/2011,"13th and E streets NW, Washington, DC",38.8961,"http://www.washingtonpost.com/gog/music-events/norah-jones,1094443.html",Norah Jones,,877-598-8696
06/06/2011,,-77.0232,9:30 Club,NOTE: This show has been rescheduled from Feb. 15.,25,06/06/2011,"815 V St. NW, Washington, DC",38.9178,"http://www.washingtonpost.com/gog/music-events/kings-of-convenience,1160839.html",Kings of Convenience,,202-265-0930
05/16/2011,,-77.0728,Washington National Cathedral,"Celebrating 25 years with music director J. Reilly Lewis. Guests include Elizabeth Futral, and a new work by Dominick Argento will receive a world premiere.",,05/16/2011,"Wisconsin and Massachusetts Avenues NW, Washington, DC",38.9288,"http://www.washingtonpost.com/gog/music-events/cathedral-choral-society,1160784.html",Cathedral Choral Society,,
02/24/2011,,-77.0725,Gin & Tonic Tavern,A weekly showcase for local bands -- with drink specials! -- in Glover Park,Free,02/24/2011,"2408 Wisconsin Ave. NW, Washington, DC",38.9216,"http://www.washingtonpost.com/gog/bar-club-events/tavern-sessions,1161355.html",Tavern Sessions,,
05/13/2011,,-77.5663,Jiffy Lube Live,The grunge legends have comfortably settled into alt-rock adulthood. With Band of Horses.,79; 39 lawn,05/13/2011,"7800 Cellar Door Dr., Bristow, VA",38.7776,"http://www.washingtonpost.com/gog/music-events/pearl-jam,1121418.html",Pearl Jam,,202-397-7328
06/12/2011,,-77.5663,Jiffy Lube Live,It's like 8-tracks never went away. With Kansas.,10-55,06/12/2011,"7800 Cellar Door Dr., Bristow, VA",38.7776,"http://www.washingtonpost.com/gog/music-events/foreigner-and-styx,1045068.html",Foreigner and Styx,,202-397-7328
07/20/2011,,-77.5663,Jiffy Lube Live,There's metal. Then there's Maiden. With Dream Theater.,31-93,07/20/2011,"7800 Cellar Door Dr., Bristow, VA",38.7776,"http://www.washingtonpost.com/gog/music-events/iron-maiden,1033598.html",Iron Maiden,,202-397-7328
05/01/2012,,-77.027,Bohemian Caverns,,25,04/30/2011,"2003 11th St. NW, Washington, DC",38.917,"http://www.washingtonpost.com/gog/music-events/marcus-strickland,1162380.html",Marcus Strickland,,
05/02/2011,,-76.9868,The Rock and Roll Hotel,,10,05/02/2011,"1353 H St. NE, Washington, DC",38.9001,"http://www.washingtonpost.com/gog/music-events/human-rights,1162365.html",Human Rights,,
05/02/2011,,-77.0922,Iota Club & Cafe,,14,05/02/2011,"2832 Wilson Blvd., Arlington, VA",38.8889,"http://www.washingtonpost.com/gog/music-events/serena-ryder,1162377.html",Serena Ryder,,
05/02/2011,,-77.2623,Jammin' Java,,12,05/02/2011,"227 Maple Avenue East, Vienna, VA",38.9039,"http://www.washingtonpost.com/gog/music-events/the-friday-night-boys,1162408.html",The Friday Night Boys,,
05/08/2011,,-77.027,Bohemian Caverns,,40,05/07/2011,"2003 11th St. NW, Washington, DC",38.917,"http://www.washingtonpost.com/gog/music-events/benny-golson,1162381.html",Benny Golson,,
05/10/2011,,-76.9868,The Rock and Roll Hotel,Deftly shifting between mellow electronica and sunny pop. With Toro Y Moi.,15,05/10/2011,"1353 H St. NE, Washington, DC",38.9001,"http://www.washingtonpost.com/gog/music-events/caribou,1087205.html",Caribou,,202-388-7625
06/27/2011,,-76.8803,Merriweather Post Pavilion,Jam band heroes are back.,50,06/26/2011,"10475 Little Patuxent Pwy., Columbia, MD",39.2118,"http://www.washingtonpost.com/gog/music-events/phish,1156107.html",Phish,,877-435-9849
07/09/2011,,-77.5663,Jiffy Lube Live,"Southern rockers and Poison frontman/""Rock of Love"" star team for the God & Guns Tour. With .38 Special.",10-65.50,07/09/2011,"7800 Cellar Door Dr., Bristow, VA",38.7776,"http://www.washingtonpost.com/gog/music-events/lynyrd-skynyrd-and-bret-michaels,1032095.html",Lynyrd Skynyrd and Bret Michaels,,877-598-8696
07/17/2011,,-76.8803,Merriweather Post Pavilion,Music doesn't get much breezier than Johnson's easy-going soft rock.,55; 35 lawn,07/17/2011,"10475 Little Patuxent Pwy., Columbia, MD",39.2118,"http://www.washingtonpost.com/gog/music-events/jack-johnson,1095101.html",Jack Johnson,,877-435-9849
07/31/2011,,-76.8803,Merriweather Post Pavilion,Firebrand Hayley Williams leads her band through hyper-melodic rock-and-roll-punk tunes. With Tegan & Sara.,36; 21 lawn,07/31/2011,"10475 Little Patuxent Pwy., Columbia, MD",39.2118,"http://www.washingtonpost.com/gog/music-events/paramore,1125163.html",Paramore,,877-435-9849
09/07/2011,,-77.0211,Verizon Center,"Expect nothing short of over-the-top spectacle and an endless string of hits from the bizarre, breakthrough pop star. With Semi Precious Weapons.",52.50-178,09/07/2011,"601 F St. NW, Washington, DC",38.8981,"http://www.washingtonpost.com/gog/music-events/lady-gaga,1155185.html",Lady Gaga,,800-551-7328
05/04/2011,,-77.0232,9:30 Club,Down-tempo vocalist known for her work with Zero 7. With Girl in a Coma.,25,05/04/2011,"815 V St. NW, Washington, DC",38.9178,"http://www.washingtonpost.com/gog/music-events/sia,1131587.html",Sia,,202-265-0930
05/05/2011,,-77.0232,9:30 Club,Everyone's favorite viral video pop-rockers. With Earl Greyhound and Robert Francis.,20,05/05/2011,"815 V St. NW, Washington, DC",38.9178,"http://www.washingtonpost.com/gog/music-events/ok-go,1068444.html",OK Go,,202-265-0930
05/06/2011,,-77.0232,9:30 Club,"Featuring Tom DeLonge of Blink-182, going for a more grown-up sound. With Say Anything.",30,05/06/2011,"815 V St. NW, Washington, DC",38.9178,"http://www.washingtonpost.com/gog/music-events/angels-and-airwaves,1122408.html",Angels and Airwaves,,202-265-0930
05/07/2011,,-77.0232,9:30 Club,"Seattle indie quintet offers chiming, charming indie rock. With Everest and Young the Giant.",20,05/07/2011,"815 V St. NW, Washington, DC",38.9178,"http://www.washingtonpost.com/gog/music-events/minus-the-bear,1085355.html",Minus the Bear,,202-265-0930
06/04/2012,,-77.055,The John F. Kennedy Center for the Performing Arts,"Ambroise Thomas's ""Hamlet,"" with Diana Damrau.",,05/19/2011,"2700 F St. NW, Washington, DC",38.8974,"http://www.washingtonpost.com/gog/music-events/washington-national-opera,1160786.html",Washington National Opera,,
06/13/2011,http://media3.washingtonpost.com/wp-srv/cityguide/images/denycegraves200.jpg,-77.105,The Music Center at Strathmore,NOTE: This concert has been rescheduled from March 7. The internationally acclaimed mezzo-soprano.,,06/13/2011,"5301 Tuckerman Lane, North Bethesda, MD",39.0307,"http://www.washingtonpost.com/gog/music-events/denyce-graves,1125057.html",Denyce Graves,,
06/26/2011,,-77.0689,St. Paul's Lutheran Church,"Mendelssohn's ""Elijah.""",,06/26/2011,"4900 Connecticut Avenue, Washington, DC",38.9533,"http://www.washingtonpost.com/gog/music-events/choralis,1160792.html",Choralis,,
06/26/2012,,,Various locations,The annual festival focuses on early French music.,,05/24/2012,"Around, Washington, DC",,"http://www.washingtonpost.com/gog/music-events/washington-early-music-festival,1094820.html",Washington Early Music Festival,,
06/29/2012,,-77.055,The John F. Kennedy Center for the Performing Arts,"With conductor Jeffrey Kahane and cellist Yo-Yo Ma. Golijov's ""Azul"" and Ravel.",,06/29/2012,"2700 F St. NW, Washington, DC",38.8974,"http://www.washingtonpost.com/gog/music-events/national-symphony-orchestra,1160793.html",National Symphony Orchestra,,
05/01/2011,,-77.0306,Twins Jazz,,10,04/30/2010,"1344 U St. NW, Washington, DC",38.9168,"http://www.washingtonpost.com/gog/music-events/funk-masters-concert,1162386.html",Funk Masters Concert,,
05/02/2011,,-76.6069,Rams Head Live,,25,05/02/2011,"20 Market Place, Baltimore, MD",39.2889,"http://www.washingtonpost.com/gog/music-events/bullet-for-my-valentinem,1162872.html",Bullet For My Valentinem,,
05/02/2011,,-77.0318,Black Cat,,10,05/02/2011,"1811 14th St. NW, Washington, DC",38.9145,"http://www.washingtonpost.com/gog/music-events/kristeen-young,1162740.html",Kristeen Young,,
05/02/2011,,-77.0232,9:30 Club,Swedish rockers write impeccably catchy tunes. With Freelance Whales.,15,05/02/2011,"815 V St. NW, Washington, DC",38.9178,"http://www.washingtonpost.com/gog/music-events/shout-out-louds,1142602.html",Shout Out Louds,,202-265-0930
05/02/2011,,-77.2325,Jaxx Nightclub & Restaurant,,25,05/02/2011,"6355 Rolling Rd., West Springfield, VA",38.7781,"http://www.washingtonpost.com/gog/music-events/sonata-artica,1162663.html",Sonata Artica,,
05/03/2011,,-76.6069,Rams Head Live,,30,05/03/2011,"20 Market Place, Baltimore, MD",39.2889,"http://www.washingtonpost.com/gog/music-events/angels-and-airwaves,1162873.html",Angels and Airwaves,,
05/04/2011,,-77.0922,Iota Club & Cafe,"No-frills bar-band rock with smart, sordid lyrics focusing on the darker side of humanity.",12,05/04/2011,"2832 Wilson Blvd., Arlington, VA",38.8889,"http://www.washingtonpost.com/gog/music-events/ike-reilly-assassination,1162867.html",Ike Reilly Assassination,,703-522-8340
05/04/2011,,-77.2325,Jaxx Nightclub & Restaurant,,25,05/04/2011,"6355 Rolling Rd., West Springfield, VA",38.7781,"http://www.washingtonpost.com/gog/music-events/sevendust,1162871.html",Sevendust,,
05/06/2011,,-77.0318,Black Cat,,10,05/06/2011,"1811 14th St. NW, Washington, DC",38.9145,"http://www.washingtonpost.com/gog/music-events/horse-feathers,1162741.html",Horse Feathers,,
05/06/2011,,-77.0245,Velvet Lounge,,8,05/06/2011,"915 U St. NW, Washington, DC",38.9171,"http://www.washingtonpost.com/gog/music-events/noah-woods,1162655.html",Noah Woods,,
05/06/2011,,-76.6069,Rams Head Live,,30,05/06/2011,"20 Market Place, Baltimore, MD",39.2889,"http://www.washingtonpost.com/gog/music-events/ratt,1162874.html",Ratt,,
05/07/2011,,-77.0245,Velvet Lounge,,8,05/07/2011,"915 U St. NW, Washington, DC",38.9171,"http://www.washingtonpost.com/gog/music-events/borracho,1162654.html",Borracho,,
05/07/2011,,-77.2325,Jaxx Nightclub & Restaurant,,,05/07/2011,"6355 Rolling Rd., West Springfield, VA",38.7781,"http://www.washingtonpost.com/gog/music-events/dj-perry-hoisington,1162662.html",DJ Perry Hoisington,,
05/07/2011,,-77.0318,Black Cat,,12,05/07/2011,"1811 14th St. NW, Washington, DC",38.9145,"http://www.washingtonpost.com/gog/music-events/givers,1162742.html",Givers,,
05/07/2011,,-77.2623,Jammin' Java,This politically minded troubadour always brings a welcome edge to her folk tunes.,25; 20 in advance,05/07/2011,"227 Maple Avenue East, Vienna, VA",38.9039,"http://www.washingtonpost.com/gog/music-events/michelle-shocked,1071498.html",Michelle Shocked,,703-255-1566
05/07/2011,,-77.2325,Jaxx Nightclub & Restaurant,,30,05/07/2011,"6355 Rolling Rd., West Springfield, VA",38.7781,"http://www.washingtonpost.com/gog/music-events/ratt,1162661.html",Ratt,,
05/08/2011,,-77.2325,Jaxx Nightclub & Restaurant,,15,05/08/2011,"6355 Rolling Rd., West Springfield, VA",38.7781,"http://www.washingtonpost.com/gog/music-events/asking-alexandria,1162660.html",Asking Alexandria,,
05/08/2011,,-77.0245,Velvet Lounge,,8,05/08/2011,"915 U St. NW, Washington, DC",38.9171,"http://www.washingtonpost.com/gog/music-events/lowercaseletters,1162653.html",Lowercaseletters,,
05/08/2011,,-77.0318,Black Cat,,10,05/08/2011,"1811 14th St. NW, Washington, DC",38.9145,"http://www.washingtonpost.com/gog/music-events/vandaveer,1162743.html",Vandaveer,,
05/09/2011,,-77.0245,Velvet Lounge,,8,05/09/2011,"915 U St. NW, Washington, DC",38.9171,"http://www.washingtonpost.com/gog/music-events/this-machine,1162652.html",This Machine,,
05/11/2011,,-77.0232,9:30 Club,NOTE: This show is sold out. There will be many parents waiting in cars to pick up their kids at this one. With Travie McCoy and I Fight Dragons.,,05/11/2011,"815 V St. NW, Washington, DC",38.9178,"http://www.washingtonpost.com/gog/music-events/3oh-3-and-cobra-starship,1155566.html",3OH!3 and Cobra Starship,,202-265-0930
05/11/2011,,-77.0318,Black Cat,"Of the many great U.K. punk bands of the late '70s, none wrote pop songs as sharply as the Buzzcocks, who will perform their first two albums, ""Another Music in a Different Kitchen"" and ""Love Bites,"" in their entirety. With the Dollyrots.",20,05/11/2011,"1811 14th St. NW, Washington, DC",38.9145,"http://www.washingtonpost.com/gog/music-events/buzzcocks,1039384.html",Buzzcocks,,202-667-4490
05/12/2011,,-77.0232,9:30 Club,"John Lydon's post-Sex Pistols band has a drastically different sound than his iconic punk quartet, dabbling in dub, avant-garde electronics and dance. This is the band's first tour in 18 years.",45,05/12/2011,"815 V St. NW, Washington, DC",38.9178,"http://www.washingtonpost.com/gog/music-events/public-image-ltd.,1162541.html",Public Image Ltd.,,202-265-0930
05/13/2011,,-77.0318,Black Cat,,10,05/13/2011,"1811 14th St. NW, Washington, DC",38.9145,"http://www.washingtonpost.com/gog/music-events/soft-power,1162744.html",Soft Power,,
05/13/2011,,-77.0245,Velvet Lounge,,12,05/13/2011,"915 U St. NW, Washington, DC",38.9171,"http://www.washingtonpost.com/gog/music-events/spectrum,1162651.html",Spectrum,,
05/14/2011,,-77.2325,Jaxx Nightclub & Restaurant,,12,05/14/2011,"6355 Rolling Rd., West Springfield, VA",38.7781,"http://www.washingtonpost.com/gog/music-events/shotgun-ride,1162659.html",Shotgun Ride,,
05/15/2011,,-77.0245,Velvet Lounge,,8,05/15/2011,"915 U St. NW, Washington, DC",38.9171,"http://www.washingtonpost.com/gog/music-events/pinche-gringo,1162650.html",Pinche Gringo,,
05/15/2011,,-77.0318,Black Cat,,12,05/15/2011,"1811 14th St. NW, Washington, DC",38.9145,"http://www.washingtonpost.com/gog/music-events/these-united-states,1162745.html",These United States,,
05/16/2011,,-77.0318,Black Cat,,10,05/16/2011,"1811 14th St. NW, Washington, DC",38.9145,"http://www.washingtonpost.com/gog/music-events/dennis-kane-and-the-hoarders,1162746.html",Dennis Kane and the Hoarders,,
05/17/2011,,-77.024,DC9,"If the name sounds like something that might be prescribed as a tranquilizer, the music isn't that far off. One-man band Matthew Cooper creates dreamy, minimalist soundscapes that at their best transport listeners to a very relaxing place.",12; 10 in advance,05/17/2011,"1940 Ninth St. NW, Washington, DC",38.9161,"http://www.washingtonpost.com/gog/music-events/eluvium,1162954.html",Eluvium,,202-483-5000
05/17/2011,,-77.0922,Iota Club & Cafe,"Talk about fortuitous timing: Less than a week before cult-favorite TV drama ""Lost"" has its swan song, the New York band that writes tunes based on individual episodes hits town.",12,05/17/2011,"2832 Wilson Blvd., Arlington, VA",38.8889,"http://www.washingtonpost.com/gog/music-events/previously-on-lost,1154109.html",Previously on Lost,,703-522-8340
05/19/2011,,-77.0245,Velvet Lounge,Indie pop is a genre that sounds best when bands stick to a formula of fuzzy songs with pleasant melodies. This L.A. band on venerable Slumberland Records is a worthy addition to the canon.,8,05/19/2011,"915 U St. NW, Washington, DC",38.9171,"http://www.washingtonpost.com/gog/music-events/neverever,1162955.html",Neverever,,202-462-3213
05/20/2011,,-77.0318,Black Cat,"It's a welcome return for this local group, known for its bruising live performances. A new album showcases some of the best songs of the band's career.",10,05/20/2011,"1811 14th St. NW, Washington, DC",38.9145,"http://www.washingtonpost.com/gog/music-events/medications,1162747.html",Medications,,202-667-4490
05/20/2011,,-77.0232,9:30 Club,,17,05/20/2011,"815 V St. NW, Washington, DC",38.9178,"http://www.washingtonpost.com/gog/music-events/mumford-and-sons,1162524.html",Mumford and Sons,,202-265-0930
05/20/2011,,-77.0245,Velvet Lounge,,10,05/20/2011,"915 U St. NW, Washington, DC",38.9171,"http://www.washingtonpost.com/gog/music-events/wheatus,1162649.html",Wheatus,,
05/21/2011,,-76.8803,Merriweather Post Pavilion,"A full day of pop-punk. With Cartel, Forever the Sickest Kids, Good Charlotte, Hanson, Cady Groves, Great Big Planes, Mercy Mercedes, The Downtown Fiction, The Ready Set and Vita Chambers.",32.50,05/21/2011,"10475 Little Patuxent Pwy., Columbia, MD",39.2118,"http://www.washingtonpost.com/gog/music-events/all-time-low-and-boys-like-girls,1138817.html",All Time Low and Boys Like Girls,,877-435-9849
05/21/2011,,-77.0245,Velvet Lounge,,8,05/21/2011,"915 U St. NW, Washington, DC",38.9171,"http://www.washingtonpost.com/gog/music-events/bellflur,1162648.html",Bellflur,,
05/22/2011,,-77.4357,Belmont Country Club,"These glam-rock icons still deliver big hits with big riffs; ""Surrender"" and ""Dream Police"" will no doubt have the audience singing along.",20; 16.50,05/22/2011,"43675 Russell Branch Parkway, Ashburn, VA",39.048,"http://www.washingtonpost.com/gog/music-events/cheap-trick,1049293.html",Cheap Trick,,877-743-5320
05/22/2011,,-77.0318,Black Cat,,25,05/22/2011,"1811 14th St. NW, Washington, DC",38.9145,"http://www.washingtonpost.com/gog/music-events/damas-gratis,1162749.html",Damas Gratis,,
05/22/2011,,-77.0245,Velvet Lounge,,8,05/22/2011,"915 U St. NW, Washington, DC",38.9171,"http://www.washingtonpost.com/gog/music-events/who-are-the-southern-baptists,1162647.html",Who Are The Southern Baptists,,
05/26/2011,,-77.0245,Velvet Lounge,,10,05/26/2011,"915 U St. NW, Washington, DC",38.9171,"http://www.washingtonpost.com/gog/music-events/the-danvilles,1162646.html",The Danvilles,,
05/27/2011,,-76.6101,Sonar,,15,05/27/2011,"407 E. Saratoga St., Baltimore, MD",39.2924,"http://www.washingtonpost.com/gog/music-events/maryland-death-fest-viii-pre-fest-party,1160507.html",Maryland Death Fest VIII Pre-fest Party,,
05/27/2011,,-77.0245,Velvet Lounge,,8,05/27/2011,"915 U St. NW, Washington, DC",38.9171,"http://www.washingtonpost.com/gog/music-events/myriad,1162645.html",Myriad,,
05/27/2011,,-77.0318,Black Cat,,12,05/27/2011,"1811 14th St. NW, Washington, DC",38.9145,"http://www.washingtonpost.com/gog/music-events/the-besnard-lakes,1162750.html",The Besnard Lakes,,
05/28/2011,,-77.0624,Birchmere Music Hall,,35,05/27/2011,"3701 Mt. Vernon Ave., Alexandria, VA",38.8392,"http://www.washingtonpost.com/gog/music-events/toad-the-wet-sprocket,1160574.html",Toad the Wet Sprocket,,
05/29/2011,,-77.0295,Warner Theatre,Soothing female vocals on top of synthesized beats.,36.50,05/29/2011,"13th and E streets NW, Washington, DC",38.8961,"http://www.washingtonpost.com/gog/music-events/imogen-heap,1128822.html",Imogen Heap,,877-598-8696
05/30/2011,,-77.0318,Black Cat,,15,05/30/2011,"1811 14th St. NW, Washington, DC",38.9145,"http://www.washingtonpost.com/gog/music-events/dj-dredd,1162751.html",DJ Dredd,,
05/30/2011,,-76.6101,Sonar,,,05/28/2011,"407 E. Saratoga St., Baltimore, MD",39.2924,"http://www.washingtonpost.com/gog/music-events/maryland-death-fest-viii,1160501.html",Maryland Death Fest VIII,,
05/31/2011,,-77.0318,Black Cat,,18,05/31/2011,"1811 14th St. NW, Washington, DC",38.9145,"http://www.washingtonpost.com/gog/music-events/she-wants-revenge,1162752.html",She Wants Revenge,,
06/03/2011,,-77.0245,Velvet Lounge,,15,06/03/2011,"915 U St. NW, Washington, DC",38.9171,"http://www.washingtonpost.com/gog/music-events/the-elastic-waste-band,1162657.html",The Elastic Waste Band,,
06/07/2011,,-77.2678,Wolf Trap - Filene Center,Recent Rock and Roll Hall of Fame inductee is a guitar legend. With Imelda May.,42; 25 lawn,06/07/2011,"1551 Trap Rd., Vienna, VA",38.9345,"http://www.washingtonpost.com/gog/music-events/jeff-beck,1162542.html",Jeff Beck,,703-255-1868
06/08/2011,,-77.2678,Wolf Trap - Filene Center,Everyone's favorite flute-driven prog-rock band. With Procol Harum.,45; 30 lawn,06/08/2011,"1551 Trap Rd., Vienna, VA",38.9345,"http://www.washingtonpost.com/gog/music-events/jethro-tull,1140698.html",Jethro Tull,,703-255-1868
06/09/2011,,-77.2678,Wolf Trap - Filene Center,"They still want it that way, but are willing to negotiate seeing as how their most popular days are in the past.",45; 25,06/09/2011,"1551 Trap Rd., Vienna, VA",38.9345,"http://www.washingtonpost.com/gog/music-events/backstreet-boys,1109666.html",Backstreet Boys,,703-255-1868
06/15/2011,,-77.0089,Nationals Park,"NOTE: This show has been canceled. With Dixie Chicks and Keith Urban. The always quarreling classic rockers are one of the best-selling bands of all time on the strength of hits like ""Hotel California"" and ""Desperado."" Just hope they play more oldies and new ones.",,06/15/2011,"1500 South Capitol St. SE, Washington, DC",38.8747,"http://www.washingtonpost.com/gog/music-events/the-eagles,1107129.html",The Eagles,,202-397-7328
06/16/2011,,-77.2678,Wolf Trap - Filene Center,Jam band rock from Australia. With State Radio.,34; 30 lawn,06/16/2011,"1551 Trap Rd., Vienna, VA",38.9345,"http://www.washingtonpost.com/gog/music-events/john-butler-trio,1076816.html",John Butler Trio,,703-255-1868
06/17/2011,,-77.2678,Wolf Trap - Filene Center,She's perfected adult alternative blues-folk-rock. If such a thing can be perfected. With Colbie Caillat.,50; 35 lawn,06/17/2011,"1551 Trap Rd., Vienna, VA",38.9345,"http://www.washingtonpost.com/gog/music-events/sheryl-crow,1083619.html",Sheryl Crow,,703-255-1868
06/23/2011,,-77.2678,Wolf Trap - Filene Center,Prog-rock pioneers. With Peter Frampton.,45; 30 lawn,06/23/2011,"1551 Trap Rd., Vienna, VA",38.9345,"http://www.washingtonpost.com/gog/music-events/yes,1095928.html",Yes,,703-255-1868
06/24/2011,,-77.2678,Wolf Trap - Filene Center,"If there's such a thing as R&B royalty, then Natalie Cole is queen.",42; 25 lawn,06/24/2011,"1551 Trap Rd., Vienna, VA",38.9345,"http://www.washingtonpost.com/gog/music-events/natalie-cole,1037837.html",Natalie Cole,,703-255-1868
06/29/2011,,-77.2678,Wolf Trap - Filene Center,Find out if love is still a battlefield. With REO Speedwagon.,45; 30 lawn,06/29/2011,"1551 Trap Rd., Vienna, VA",38.9345,"http://www.washingtonpost.com/gog/music-events/pat-benatar,1138762.html",Pat Benatar,,703-255-1868
07/22/2011,,-77.1797,The State Theatre,,14,07/22/2011,"220 N. Washington St., Falls Church, VA",38.8868,"http://www.washingtonpost.com/gog/music-events/appetite-for-destruction,1162643.html",Appetite for Destruction,,
08/07/2011,,-77.5663,Jiffy Lube Live,"Tennessee family band expanded on their barn-burning Southern rock sound, not necessarily for the best. But you can't argue with the sales numbers.",54.50; 29.50 lawn,08/07/2011,"7800 Cellar Door Dr., Bristow, VA",38.7776,"http://www.washingtonpost.com/gog/music-events/kings-of-leon,1086514.html",Kings of Leon,,877-598-8696
08/08/2011,,-77.5663,Jiffy Lube Live,"Energy drinks and nu-metal, a match made in heaven. Featuring Korn, Lamb of God, Rob Zombie and Five Finger Death Punch.",25-63.50,08/08/2011,"7800 Cellar Door Dr., Bristow, VA",38.7776,"http://www.washingtonpost.com/gog/music-events/rockstar-energy-drink-mayhem-festival,1149827.html",Rockstar Energy Drink Mayhem Festival,,877-598-8696
06/26/2011,,,Various locations,The annual festival focuses on early French music.,,05/24/2011,"Around, Washington, DC",,"http://www.washingtonpost.com/gog/music-events/washington-early-music-festival,1094820.html",Washington Early Music Festival,,
06/29/2011,,-77.055,The John F. Kennedy Center for the Performing Arts,"With conductor Jeffrey Kahane and cellist Yo-Yo Ma. Golijov's ""Azul"" and Ravel.",,06/29/2011,"2700 F St. NW, Washington, DC",38.8974,"http://www.washingtonpost.com/gog/music-events/national-symphony-orchestra,1160793.html",National Symphony Orchestra,,
,,-77.2604,Coffee House of Occoquan,A coffeeshop jam session that attracts talented musicians from far and wide.,Free,,"202 Commerce St., Occoquan, VA",38.683,"http://www.washingtonpost.com/gog/music-events/open-mike-at-the-coffee-house-of-occoquan,1156885.html",Open Mike at the Coffee House of Occoquan,,
06/01/2011,,-77.0423,Tryst Coffeehouse and Bar,,,05/25/2010,"2459 18th St. NW, Washington, DC",38.9218,"http://www.washingtonpost.com/gog/music-events/the-peter-edelman-quartet,1163234.html",The Peter Edelman Quartet,,
06/02/2011,,-77.0423,Tryst Coffeehouse and Bar,,,05/26/2010,"2459 18th St. NW, Washington, DC",38.9218,"http://www.washingtonpost.com/gog/music-events/lovesome-thing-trio,1163235.html",Lovesome Thing Trio,,
,,-77.0177,Westminster Presbyterian Church,"Every Friday night, some of Washington's finest jazz musicians perform in a church in Southwest D.C.",5; Children 16 and under free,,"400 I St. SW, Washington, DC",38.8792,"http://www.washingtonpost.com/gog/music-events/jazz-night,1155876.html",Jazz Night,http://www.westminsterdc.org/jazz.htm,202-484-7700
09/10/2012,,-77.0227,National Gallery of Art Sculpture Garden and Ice Skating Rink,Free Friday concerts in the National Gallery of Art's Sculpture Garden.,,05/28/2011,"700 Constitution Ave. NW, Washington, DC",38.8917,"http://www.washingtonpost.com/gog/music-events/jazz-in-the-garden,1071956.html",Jazz in the Garden,http://www.nga.gov/programs/jazz/,202-289-3360
09/30/2011,,-77.0464,Hudson,Celebrate the Chairman with martini specials and live swing and jazz music.,,09/30/2011,"2030 M St. NW, Washington, DC",38.9054,"http://www.washingtonpost.com/gog/bar-club-events/sinatra-night,1057300.html",Sinatra Night,,
,,-77.0423,Tryst Coffeehouse and Bar,Inventive and groove oriented jazz keyboardist.,Free,,"2459 18th St. NW, Washington, DC",38.9218,"http://www.washingtonpost.com/gog/bar-club-events/will-rast,1131598.html",Will Rast,,
,,-77.0419,Eighteenth Street Lounge,"Live reggae sounds with See-I, featuring Rootz and Zeebo, plus guest DJs and musicians.",10 after 10 p.m.,,"1212 18th St. NW, Washington, DC",38.9062,"http://www.washingtonpost.com/gog/bar-club-events/rockers-international,1113237.html",Rockers International,,202-466-3922
,,-76.779,Old Bowie Town Grille,"Professional musicians, amateurs and blues lovers all come out for these weekly jam sessions.",Free,,"8604 Chestnut Ave., Bowie, MD",39.007,"http://www.washingtonpost.com/gog/bar-club-events/blues-jam,1153852.html",Blues Jam,,
,,-77.0278,U Street Music Hall,"Standout local dance label Future Times hosts this monthly party featuring cosmic disco and other freaky, funky tunes.",,,"1115 U St. NW, Washington, DC",38.9172,"http://www.washingtonpost.com/gog/music-events/the-whale,1162575.html",The Whale,,202-588-1880
08/14/2011,,,Rachel M. Schlesinger Concert Hall and Arts Center,,,06/12/2011,"3001 N. Beauregard St., Alexandria, VA",,"http://www.washingtonpost.com/gog/music-events/marine-chamber-orchestra,1164574.html",Marine Chamber Orchestra,,
08/16/2011,,-77.0426,Market Square Alexandria,,,06/11/2011,"301 King St., Alexandria, VA",38.8046,"http://www.washingtonpost.com/gog/music-events/alexandria-citizens-band,1164144.html",Alexandria Citizens Band,,
08/23/2011,,-77.0106,U.S. Capitol,,,06/14/2011,"East Capitol and First streets, Washington, DC",38.8901,"http://www.washingtonpost.com/gog/music-events/u.s.-navy-band,1164042.html",U.S. Navy Band,,
08/24/2011,,-77.022,U.S. Navy Memorial and Naval Heritage Center,,,06/08/2011,"701 Pennsylvania Ave. NW, Washington, DC",38.8934,"http://www.washingtonpost.com/gog/music-events/u.s.-navy-band,1164029.html",U.S. Navy Band,,
08/25/2011,,-77.0106,U.S. Capitol,,,06/09/2011,"East Capitol and First streets, Washington, DC",38.8901,"http://www.washingtonpost.com/gog/music-events/u.s.-marine-band,1164043.html",U.S. Marine Band,,
08/26/2011,,-77.0347,Sylvan Theater,,,06/10/2011,"15th Street and Independence Avenue SW, Washington, DC",38.8897,"http://www.washingtonpost.com/gog/music-events/u.s.-marine-band,1164030.html",U.S. Marine Band,,
08/27/2011,,-77.0106,U.S. Capitol,,,06/11/2011,"East Capitol and First streets, Washington, DC",38.8901,"http://www.washingtonpost.com/gog/music-events/u.s.-army-band,1164044.html",U.S. Army Band,,
09/04/2011,,-77.4734,Loy E. Harris Pavilion,,,09/04/2011,"9201 Center St., Manassas, VA",38.751,"http://www.washingtonpost.com/gog/music-events/prince-william-community-band,1164225.html",Prince William Community Band,,
09/12/2011,,-77.1305,Glenview Mansion,,,09/12/2011,"603 Edmonston Dr., Rockville, MD",39.0845,"http://www.washingtonpost.com/gog/music-events/u.s.-navy-band,1164088.html",U.S. Navy Band,,
08/06/2011,,-77.0168,National Harbor,,,07/02/2011,"150 National Plaza, Fort Washington, MD",38.7848,"http://www.washingtonpost.com/gog/music-events/blues-4-piece,1164112.html",Blues 4 Piece,,
08/07/2011,,-77.1935,Gaithersburg City Hall,"a concert featuring blues, swing and rock music.",,08/07/2011,"31 S. Summit Ave., Gaithersburg, MD",39.14,"http://www.washingtonpost.com/gog/music-events/gina-de-simone-and-the-moaners,1163823.html",Gina De Simone and the Moaners,,
08/26/2011,,-77.0627,Pentagon Row Outdoor Ice Skating Rink,Part of the Pentagon Row Summer Concert Series.,,08/26/2011,"Intersection of South Joyce Street and Army Navy Drive, Arlington, VA",38.8658,"http://www.washingtonpost.com/gog/music-events/brother-shamus,1163966.html",Brother Shamus,,
08/28/2011,,-77.1935,Gaithersburg City Hall,"blues, rock, country and soul music.",,08/28/2011,"31 S. Summit Ave., Gaithersburg, MD",39.14,"http://www.washingtonpost.com/gog/music-events/rags,1163828.html",Rags,,
07/31/2011,,-77.0168,National Harbor,,,06/25/2011,"150 National Plaza, Fort Washington, MD",38.7848,"http://www.washingtonpost.com/gog/music-events/savoire-faire-trio,1164111.html",Savoire Faire Trio,,
08/04/2011,,-77.105,The Music Center at Strathmore,Part of Strathmore's outdoor summer concert series.,,08/04/2011,"5301 Tuckerman Lane, North Bethesda, MD",39.0307,"http://www.washingtonpost.com/gog/music-events/elikeh,1164368.html",Elikeh,,
08/12/2011,,-77.1037,Fort Ward Park,,,08/12/2011,"4301 W. Braddock Rd., Alexandria, VA",38.8302,"http://www.washingtonpost.com/gog/music-events/nova-branch-of-the-royal-scottish-country-dance-society-and-the-alexandria-pipes-and-drums,1164141.html",NOVA Branch of the Royal Scottish Country Dance Society and the Alexandria Pipes and Drums,,
08/15/2011,,-77.4144,Baker Park,,Free,08/15/2011,"Second and Bentz streets, Frederick, MD",39.4166,"http://www.washingtonpost.com/gog/music-events/elikeh,1163948.html",Elikeh,,
08/20/2012,,-77.0168,National Harbor,,,06/11/2012,"150 National Plaza, Fort Washington, MD",38.7848,"http://www.washingtonpost.com/gog/music-events/steel-drum-trio,1164109.html",Steel Drum Trio,,
08/21/2012,,-77.4357,Belmont Country Club,,12.50-15,08/21/2012,"43675 Russell Branch Parkway, Ashburn, VA",39.048,"http://www.washingtonpost.com/gog/music-events/the-original-wailers,1164052.html",The Original Wailers,,
08/25/2012,,-77.105,The Music Center at Strathmore,Part of the Strathmore's outdoor summer concert series.,Free,08/25/2012,"5301 Tuckerman Lane, North Bethesda, MD",39.0307,"http://www.washingtonpost.com/gog/music-events/uke-fest-2010,1164369.html",Uke Fest 2010,,
08/27/2013,,-77.0168,National Harbor,,,07/23/2013,"150 National Plaza, Fort Washington, MD",38.7848,"http://www.washingtonpost.com/gog/music-events/pete-fields-duo,1164113.html",Pete Fields Duo,,
03/17/2014,,-77.3585,Reston Town Center,,,03/17/2014,"11921 Freedom Dr., Reston, VA",38.9594,"http://www.washingtonpost.com/gog/music-events/jambulay,1163737.html",Jambulay,,
08/11/2011,,,Tryst Coffeehouse and Bar,,,06/08/2011,"2459 18th St. NW, Washington, DC",,"http://www.washingtonpost.com/gog/music-events/free-jazz-night,1164567.html",Free Jazz Night,,
08/13/2011,,-77.1935,Gaithersburg City Hall,in concert.,,08/13/2011,"31 S. Summit Ave., Gaithersburg, MD",39.14,"http://www.washingtonpost.com/gog/music-events/big-time-swing-band-with-dan-hayden,1163825.html",Big Time Swing Band with Dan Hayden,,
08/13/2011,,-77.0227,National Gallery of Art Sculpture Garden and Ice Skating Rink,,,08/13/2011,"700 Constitution Ave. NW, Washington, DC",38.8917,"http://www.washingtonpost.com/gog/music-events/carsten-boe-trio,1164398.html",Carsten Boe Trio,,
08/13/2011,,-76.8622,Granville Gude Park,,,08/13/2011,"8300 Mulberry St., Laurel, MD",39.0881,"http://www.washingtonpost.com/gog/music-events/the-oracle-band,1164294.html",The Oracle Band,,
08/14/2011,,-77.1079,Potomac Overlook Regional Park and Nature Center,,5 donation requested,08/14/2011,"2845 N. Marcey Rd., Arlington, VA",38.9111,"http://www.washingtonpost.com/gog/music-events/project-natale,1164134.html",Project Natale,,
08/15/2011,,-77.0367,Carter Barron Amphitheatre,,free,08/15/2011,"16th Street and Colorado Avenue NW, Washington, DC",38.9521,"http://www.washingtonpost.com/gog/music-events/u.s.-army-blues,1164010.html",U.S. Army Blues,,
08/19/2011,,-77.0627,Pentagon Row Outdoor Ice Skating Rink,Part of the Pentagon Row Summer Concert Series.,,08/19/2011,"Intersection of South Joyce Street and Army Navy Drive, Arlington, VA",38.8658,"http://www.washingtonpost.com/gog/music-events/jokers-wild,1163965.html",Joker's Wild,,
08/20/2011,,-77.0227,National Gallery of Art Sculpture Garden and Ice Skating Rink,,,08/20/2011,"700 Constitution Ave. NW, Washington, DC",38.8917,"http://www.washingtonpost.com/gog/music-events/pete-barenbregge,1164399.html",Pete BarenBregge,,
08/21/2011,,-77.3585,Reston Town Center,,,08/21/2011,"11921 Freedom Dr., Reston, VA",38.9594,"http://www.washingtonpost.com/gog/music-events/airmen-of-note,1163709.html",Airmen of Note,,
08/27/2011,,-77.0227,National Gallery of Art Sculpture Garden and Ice Skating Rink,,,08/27/2011,"700 Constitution Ave. NW, Washington, DC",38.8917,"http://www.washingtonpost.com/gog/music-events/miles-stiebel,1164400.html",Miles Stiebel,,
08/28/2011,,-77.105,The Music Center at Strathmore,A one-time only tour featuring the Grammy-winning jazz musician Marsalis scoring a new silent film.,301-581-5100,08/28/2011,"5301 Tuckerman Lane, North Bethesda, MD",39.0307,"http://www.washingtonpost.com/gog/music-events/louis-a-silent-film-with-live-music-by-wynton-marsalis-and-cecile-licad,1164302.html",LOUIS: A Silent Film with Live Music by Wynton Marsalis and Cecile Licad,,
08/28/2011,,-77.0168,National Harbor,,,08/28/2011,"150 National Plaza, Fort Washington, MD",38.7848,"http://www.washingtonpost.com/gog/music-events/bruce-middle-group,1164115.html",Bruce Middle Group,,
09/03/2011,,-77.0227,National Gallery of Art Sculpture Garden and Ice Skating Rink,,,09/03/2011,"700 Constitution Ave. NW, Washington, DC",38.8917,"http://www.washingtonpost.com/gog/music-events/josh-bayer,1164401.html",Josh Bayer,,
09/10/2011,,-77.0227,National Gallery of Art Sculpture Garden and Ice Skating Rink,,,09/10/2011,"700 Constitution Ave. NW, Washington, DC",38.8917,"http://www.washingtonpost.com/gog/music-events/bruce-swaim,1164402.html",Bruce Swaim,,
09/10/2013,,-77.0227,National Gallery of Art Sculpture Garden and Ice Skating Rink,Free Friday concerts in the National Gallery of Art's Sculpture Garden.,,06/11/2012,"700 Constitution Ave. NW, Washington, DC",38.8917,"http://www.washingtonpost.com/gog/music-events/jazz-in-the-garden,1071956.html",Jazz in the Garden,http://www.nga.gov/programs/jazz/,202-289-3360
09/30/2012,,-77.0464,Hudson,Celebrate the Chairman with martini specials and live swing and jazz music.,,09/30/2012,"2030 M St. NW, Washington, DC",38.9054,"http://www.washingtonpost.com/gog/bar-club-events/sinatra-night,1057300.html",Sinatra Night,,
12/09/2013,,-77.0552,Zoo Bar (Oxford Tavern),,,06/13/2012,"3000 Connecticut Ave., Washington, DC",38.9296,"http://www.washingtonpost.com/gog/music-events/mike-flahertys-dixieland-direct-jazz-band,1163894.html",Mike Flaherty's Dixieland Direct Jazz Band,,
07/30/2011,,-77.0168,National Harbor,,,06/18/2011,"150 National Plaza, Fort Washington, MD",38.7848,"http://www.washingtonpost.com/gog/music-events/roosevelt-smith-duo,1164110.html",Roosevelt Smith Duo,,
07/31/2011,,-76.8803,Merriweather Post Pavilion,Firebrand Hayley Williams leads her band through hyper-melodic rock-and-roll-punk tunes. With Tegan & Sara.,36; 21 lawn,07/31/2011,"10475 Little Patuxent Pwy., Columbia, MD",39.2118,"http://www.washingtonpost.com/gog/music-events/paramore,1125163.html",Paramore,,877-435-9849
07/31/2011,,-77.1935,Gaithersburg City Hall,,,07/31/2011,"31 S. Summit Ave., Gaithersburg, MD",39.14,"http://www.washingtonpost.com/gog/music-events/treading-lemmings,1164059.html",Treading Lemmings,,
08/05/2011,,-77.0627,Pentagon Row Outdoor Ice Skating Rink,Part of the Pentagon Row Summer Concert Series.,Free,08/05/2011,"Intersection of South Joyce Street and Army Navy Drive, Arlington, VA",38.8658,"http://www.washingtonpost.com/gog/music-events/alex-pilotti,1163963.html",Alex Pilotti,,
08/05/2011,,-76.8803,Merriweather Post Pavilion,Piano-based schmaltz-rockers. With Ingrid Michaelson and Fran Healy (Travis).,29-39,08/05/2011,"10475 Little Patuxent Pwy., Columbia, MD",39.2118,"http://www.washingtonpost.com/gog/music-events/keane,1095316.html",Keane,,877-435-9849
08/21/2011,,-76.9607,Fort Dupont Park,"Free summer concerts outdoors on Saturday evenings, featuring jazz, soul, funk and old-school R&B. Bring a picnic.",Free,07/10/2011,"Randle Circle and Fort Dupont Drive, Washington, DC",38.8782,"http://www.washingtonpost.com/gog/music-events/fort-dupont-summer-concert-series,1038222.html",Fort Dupont Summer Concert Series,,202-426-5961
08/05/2011,,-77.0557,National Zoological Park - Smithsonian Institution,,,08/05/2011,"3001 Connecticut Ave. NW, Washington, DC",38.9306,"http://www.washingtonpost.com/gog/music-events/the-grandsons,1164055.html",The Grandsons,,
08/27/2011,,-77.1976,Rio Center Mall,,,08/27/2011,"9811 Washingtonian Blvd., Gaithersburg, MD",39.1148,"http://www.washingtonpost.com/gog/music-events/ro-cube-and-friends,1164060.html",RO Cube and Friends,,
08/06/2011,,-77.1935,Gaithersburg City Hall,a Dave Matthews tribute band.,,08/06/2011,"31 S. Summit Ave., Gaithersburg, MD",39.14,"http://www.washingtonpost.com/gog/music-events/crowded-streets,1163822.html",Crowded Streets,,
08/28/2011,,-77.1976,Rio Center Mall,,,08/28/2011,"9811 Washingtonian Blvd., Gaithersburg, MD",39.1148,"http://www.washingtonpost.com/gog/music-events/8-ohms,1164075.html",8 OHMS,,
08/06/2011,,-77.3861,Herndon Town Green,Part of the Friday Night Live concert series.,Free,08/06/2011,"777 Lynn St., Herndon, VA",38.9716,"http://www.washingtonpost.com/gog/music-events/gonzos-nose,1163924.html",Gonzo's Nose,,
08/07/2011,,-77.5663,Jiffy Lube Live,"Tennessee family band expanded on their barn-burning Southern rock sound, not necessarily for the best. But you can't argue with the sales numbers.",54.50; 29.50 lawn,08/07/2011,"7800 Cellar Door Dr., Bristow, VA",38.7776,"http://www.washingtonpost.com/gog/music-events/kings-of-leon,1086514.html",Kings of Leon,,877-598-8696
08/07/2011,,-77.4734,Loy E. Harris Pavilion,,,08/07/2011,"9201 Center St., Manassas, VA",38.751,"http://www.washingtonpost.com/gog/music-events/laurie-rose-griffith-and-peter-mealy,1164223.html",Laurie Rose Griffith and Peter Mealy,,
08/08/2011,,-76.8803,Merriweather Post Pavilion,Jokey Canadian rockers still packing the punchlines. With Kris Allen and Angel Taylor.,32-72,08/08/2011,"10475 Little Patuxent Pwy., Columbia, MD",39.2118,"http://www.washingtonpost.com/gog/music-events/barenaked-ladies,1115960.html",Barenaked Ladies,,877-435-9849
08/08/2011,,-77.5663,Jiffy Lube Live,"Energy drinks and nu-metal, a match made in heaven. Featuring Korn, Lamb of God, Rob Zombie and Five Finger Death Punch.",25-63.50,08/08/2011,"7800 Cellar Door Dr., Bristow, VA",38.7776,"http://www.washingtonpost.com/gog/music-events/rockstar-energy-drink-mayhem-festival,1149827.html",Rockstar Energy Drink Mayhem Festival,,877-598-8696
08/12/2011,,-76.8803,Merriweather Post Pavilion,"From the Maryland suburbs to the big stage, O.A.R. brings good vibes to its legions of fans. With Citizen Cope.",35-45,08/12/2011,"10475 Little Patuxent Pwy., Columbia, MD",39.2118,"http://www.washingtonpost.com/gog/music-events/o.a.r.,1092401.html",O.A.R.,,877-435-9849
08/12/2011,,-77.5663,Jiffy Lube Live,Performing with Demi Lovato.,31.50-91.50,08/12/2011,"7800 Cellar Door Dr., Bristow, VA",38.7776,"http://www.washingtonpost.com/gog/music-events/the-jonas-brothers,1163716.html",The Jonas Brothers,,
08/13/2011,,-77.3861,Herndon Town Green,Part of the Friday Night Live concert series.,Free,08/13/2011,"777 Lynn St., Herndon, VA",38.9716,"http://www.washingtonpost.com/gog/music-events/jimmy-buffett-tribute,1163925.html",Jimmy Buffett Tribute,,
08/13/2011,,-77.5663,Jiffy Lube Live,Pop-rockers led by lady's man Adam Levine. With Owl City and V.V. Brown.,26-55.50,08/13/2011,"7800 Cellar Door Dr., Bristow, VA",38.7776,"http://www.washingtonpost.com/gog/music-events/maroon-5,1087781.html",Maroon 5,,202-397-7328
08/14/2011,,-76.8803,Merriweather Post Pavilion,Young electro-psych hits the big time but gets weird. With Devendra Banhart and Violens.,25-35,08/14/2011,"10475 Little Patuxent Pwy., Columbia, MD",39.2118,"http://www.washingtonpost.com/gog/music-events/mgmt,1151510.html",MGMT,,877-435-9849
08/14/2011,,-77.1935,Gaithersburg City Hall,classic oldies.,,08/14/2011,"31 S. Summit Ave., Gaithersburg, MD",39.14,"http://www.washingtonpost.com/gog/music-events/the-newports,1163826.html",The Newports,,
08/14/2012,,-77.1976,Rio Center Mall,,,07/02/2012,"9811 Washingtonian Blvd., Gaithersburg, MD",39.1148,"http://www.washingtonpost.com/gog/music-events/gary-and-the-groove,1164069.html",Gary and the Groove,,
08/15/2012,,-76.8803,Merriweather Post Pavilion,Don't expect things to get too rowdy as these singer-songwriters share a bill.,40-75,08/15/2012,"10475 Little Patuxent Pwy., Columbia, MD",39.2118,"http://www.washingtonpost.com/gog/music-events/david-gray-and-ray-lamontagne,1043535.html",David Gray and Ray LaMontagne,,877-435-9849
08/15/2012,,-77.5663,Jiffy Lube Live,"Album rock radio's biggest superstar makes his return to the summer concert scene. With Crosby, Stills and Nash.",41-141,08/15/2012,"7800 Cellar Door Dr., Bristow, VA",38.7776,"http://www.washingtonpost.com/gog/music-events/tom-petty-and-the-heartbreakers,1142732.html",Tom Petty & The Heartbreakers,,800-551-7328
08/20/2012,,-77.3861,Herndon Town Green,Part of the Friday Night Live concert series,Free,08/20/2012,"777 Lynn St., Herndon, VA",38.9716,"http://www.washingtonpost.com/gog/music-events/the-benjamins,1163926.html",The Benjamins,,
08/21/2012,,-77.4734,Loy E. Harris Pavilion,,,08/21/2012,"9201 Center St., Manassas, VA",38.751,"http://www.washingtonpost.com/gog/music-events/panquility,1164224.html",Panquility,,
08/21/2013,,-77.4357,Belmont Country Club,"Favorites from the worlds of rock, country and reggae perform at Loudoun County's Belmont Country Club.",12.50-20,06/12/2013,"43675 Russell Branch Parkway, Ashburn, VA",39.048,"http://www.washingtonpost.com/gog/music-events/loudoun-summer-music-fest,1164308.html",Loudoun Summer Music Fest,http://www.loudounsummermusicfest.com,877-743-5320
08/21/2013,,-77.0168,National Harbor,,,07/16/2013,"150 National Plaza, Fort Washington, MD",38.7848,"http://www.washingtonpost.com/gog/music-events/hudson-and-watson,1164108.html",Hudson and Watson,,
08/27/2013,,-77.3861,Herndon Town Green,Part of the Friday Night Live concert series.,Free,08/27/2013,"777 Lynn St., Herndon, VA",38.9716,"http://www.washingtonpost.com/gog/music-events/lost-in-paris,1163927.html",Lost in Paris,,
08/27/2013,,-77.2678,Wolf Trap - Filene Center,An evening of the classic crooner's timeless hits.,48; 25 lawn,08/27/2013,"1551 Trap Rd., Vienna, VA",38.9345,"http://www.washingtonpost.com/gog/music-events/tony-bennett,1037794.html",Tony Bennett,,877-965-3872
08/27/2014,,-77.3861,Herndon Town Green,"Friday nights at the Herndon Town Green are all about rock-and-roll. Bands include Crowded Streets, a Dave Matthews tribute band; the Reagan Years, an '80s cover band; and Gonzo's Nose, formed in 1996 by College of William and Mary students. Most of the bands are cover bands, so you can dance your heart out to all of your old favorites. Food and alcohol are for sale (you can bring in food, but no alcohol).",Free,06/11/2014,"777 Lynn St., Herndon, VA",38.9716,"http://www.washingtonpost.com/gog/music-events/friday-night-live-summer-concert-series,1056188.html",Friday Night Live! Summer Concert Series,http://www.herndonrocks.com,703-481-6133
08/28/2014,,-77.3585,Reston Town Center,,,08/28/2014,"11921 Freedom Dr., Reston, VA",38.9594,"http://www.washingtonpost.com/gog/music-events/hard-days-night,1163710.html",Hard Day's Night,,
08/29/2014,,-77.4144,Baker Park,,Free,08/29/2014,"Second and Bentz streets, Frederick, MD",39.4166,"http://www.washingtonpost.com/gog/music-events/the-rock-n-roll-relics,1163949.html",The Rock n' Roll Relics,,
09/02/2016,,-77.0738,Arlington Farmers and Artists Market,Free lunchtime concerts every Thursday beginning at 11:45 a.m.,,06/10/2015,"At Wilson Boulevard and N. Oak Street, Arlington, VA",38.8948,"http://www.washingtonpost.com/gog/music-events/arlington-farmers-and-artists-market-summer-concert-series,1164307.html",Arlington Farmers and Artists Market Summer Concert Series,,
09/03/2015,,-77.1976,Rio Center Mall,,,09/03/2015,"9811 Washingtonian Blvd., Gaithersburg, MD",39.1148,"http://www.washingtonpost.com/gog/music-events/quest,1164076.html",Quest,,
09/04/2017,,-77.1976,Rio Center Mall,,,06/12/2016,"9811 Washingtonian Blvd., Gaithersburg, MD",39.1148,"http://www.washingtonpost.com/gog/music-events/so-far-gone,1164065.html",So Far Gone,,
09/07/2016,,-77.0211,Verizon Center,"Expect nothing short of over-the-top spectacle and an endless string of hits from the bizarre, breakthrough pop star. With Semi Precious Weapons.",52.50-178,09/07/2016,"601 F St. NW, Washington, DC",38.8981,"http://www.washingtonpost.com/gog/music-events/lady-gaga,1155185.html",Lady Gaga,,800-551-7328
09/10/2017,,-77.1976,Rio Center Mall,,,08/07/2017,"9811 Washingtonian Blvd., Gaithersburg, MD",39.1148,"http://www.washingtonpost.com/gog/music-events/roadsters,1164074.html",Roadsters,,
09/11/2017,,-77.1079,Potomac Overlook Regional Park and Nature Center,,5 donation requested,09/11/2017,"2845 N. Marcey Rd., Arlington, VA",38.9111,"http://www.washingtonpost.com/gog/music-events/shotgun-ride,1164136.html",Shotgun Ride,,
09/11/2017,,-76.8803,Merriweather Post Pavilion,"Preppy popsters play charming, world-music inspired indie. With Beach House and Dum Dum Girls.",35-45,09/11/2017,"10475 Little Patuxent Pwy., Columbia, MD",39.2118,"http://www.washingtonpost.com/gog/music-events/vampire-weekend,1140273.html",Vampire Weekend,,877-435-9849
09/11/2017,,-77.1976,Rio Center Mall,,,09/11/2017,"9811 Washingtonian Blvd., Gaithersburg, MD",39.1148,"http://www.washingtonpost.com/gog/music-events/the-back-pages-band,1164061.html",The Back Pages Band,,
09/17/2018,,-77.1976,Rio Center Mall,,,06/11/2018,"9811 Washingtonian Blvd., Gaithersburg, MD",39.1148,"http://www.washingtonpost.com/gog/music-events/diamond-alley,1164064.html",Diamond Alley,,
09/18/2018,,-77.5663,Jiffy Lube Live,Prog-rockers stay strong in their fourth decade.,25-49,09/18/2018,"7800 Cellar Door Dr., Bristow, VA",38.7776,"http://www.washingtonpost.com/gog/music-events/rush,1072193.html",Rush,,202-397-7328
09/18/2019,,-77.1976,Rio Center Mall,,,07/03/2019,"9811 Washingtonian Blvd., Gaithersburg, MD",39.1148,"http://www.washingtonpost.com/gog/music-events/dc-motors,1164070.html",DC Motors,,
09/24/2020,,-77.0297,Woodrow Wilson Center,"Free performances of all kinds of music, from folk to jazz to pop, with different artists daily.",Free,06/09/2020,"1300 Pennsylvania Ave. NW, Washington, DC",38.8954,"http://www.washingtonpost.com/gog/music-events/live-on-woodrow-wilson-plaza,1164041.html",Live! On Woodrow Wilson Plaza,,
09/24/2020,,-77.1976,Rio Center Mall,,,06/18/2020,"9811 Washingtonian Blvd., Gaithersburg, MD",39.1148,"http://www.washingtonpost.com/gog/music-events/sons-of-pirates,1164062.html",Sons of Pirates,,
09/25/2020,,-76.4945,Rams Head Tavern,,35,09/25/2020,"33 West St., Annapolis, MD",38.9782,"http://www.washingtonpost.com/gog/music-events/hiroshima,1164729.html",Hiroshima,,
09/25/2022,,-77.1976,Rio Center Mall,,,06/26/2021,"9811 Washingtonian Blvd., Gaithersburg, MD",39.1148,"http://www.washingtonpost.com/gog/music-events/rock-and-roll-relics,1164068.html",Rock & Roll Relics,,
08/13/2012,,-77.0168,National Harbor,,,06/26/2011,"150 National Plaza, Fort Washington, MD",38.7848,"http://www.washingtonpost.com/gog/music-events/john-luskey,1164114.html",John Luskey,,
10/08/2022,,-77.024,DC9,,7,06/11/2021,"1940 Ninth St. NW, Washington, DC",38.9161,"http://www.washingtonpost.com/gog/music-events/liberation-dance-party,1164734.html",Liberation Dance Party,,
08/19/2011,,-77.2678,Wolf Trap - Filene Center,"The local country favorite remains one of the most observant, consistent songwriters around. With Eliza Gilkyson.",42; 25 lawn,08/19/2011,"1551 Trap Rd., Vienna, VA",38.9345,"http://www.washingtonpost.com/gog/music-events/mary-chapin-carpenter,1093463.html",Mary Chapin Carpenter,,703-255-1868
10/10/2021,,-77.0211,Verizon Center,"Pink Floyd songwriter commemorates the 30th anniversary of his band's album ""The Wall.""",53-253,10/10/2021,"601 F St. NW, Washington, DC",38.8981,"http://www.washingtonpost.com/gog/music-events/roger-waters,1043680.html",Roger Waters,,202-397-7328
03/31/2022,,-77.2809,Meadowlark Botanical Gardens,The park will be open early and late for dedicated nature photographers,5 for those who arrive before 10 a.m.,03/31/2022,"9750 Meadowlark Gardens Ct., Vienna, VA",38.9377,"http://www.washingtonpost.com/gog/music-events/photographers-field-day,1164206.html",Photographer's Field Day,,
05/05/2022,,-76.9868,The Rock and Roll Hotel,,10,05/05/2022,"1353 H St. NE, Washington, DC",38.9001,"http://www.washingtonpost.com/gog/music-events/savoir-adore-with-exit-clov-and-middle-distance-runner,1165214.html",Savoir Adore with Exit Clov and Middle Distance Runner,,
02/24/2022,,-77.0725,Gin & Tonic Tavern,A weekly showcase for local bands -- with drink specials! -- in Glover Park,Free,02/24/2022,"2408 Wisconsin Ave. NW, Washington, DC",38.9216,"http://www.washingtonpost.com/gog/bar-club-events/tavern-sessions,1161355.html",Tavern Sessions,,
09/11/2016,,-77.1079,Potomac Overlook Regional Park and Nature Center,,5 donation requested,09/11/2016,"2845 N. Marcey Rd., Arlington, VA",38.9111,"http://www.washingtonpost.com/gog/music-events/shotgun-ride,1164136.html",Shotgun Ride,,
09/18/2016,,-77.5663,Jiffy Lube Live,Prog-rockers stay strong in their fourth decade.,25-49,09/18/2016,"7800 Cellar Door Dr., Bristow, VA",38.7776,"http://www.washingtonpost.com/gog/music-events/rush,1072193.html",Rush,,202-397-7328
,,,Ragtime,,,,"1345 North Courthouse Rd., Arlington, VA",,"http://www.washingtonpost.com/gog/music-events/zedicus,1166521.html",Zedicus,,703-243-4003
,,,Ragtime,,,,"1345 North Courthouse Rd., Arlington, VA",,"http://www.washingtonpost.com/gog/music-events/moonliscious,1166522.html",Moonliscious,,703-243-4003
,,,Ragtime,,,,"1345 North Courthouse Rd., Arlington, VA",,"http://www.washingtonpost.com/gog/music-events/the-greensides,1166523.html",The Greensides,,703-243-4003
08/11/2012,,-77.0423,Tryst Coffeehouse and Bar,,,06/28/2011,"2459 18th St. NW, Washington, DC",38.9218,"http://www.washingtonpost.com/gog/music-events/free-jazz-night,1164567.html",Free Jazz Night,,
08/12/2011,,-76.5358,Chesapeake Beach Railway Museum,The local musician performs over recorded big band backing tracks as part of the the museum's Bay Breeze Summer Concert Series.,Free,08/12/2011,"4155 Mears Ave., Chesapeake Beach, MD",38.6682,"http://www.washingtonpost.com/gog/music-events/jummy-payne,1166518.html",Jummy Payne,,410-257-3892
09/10/2013,,-77.0227,National Gallery of Art Sculpture Garden and Ice Skating Rink,Free Friday concerts in the National Gallery of Art's Sculpture Garden.,,06/25/2012,"700 Constitution Ave. NW, Washington, DC",38.8917,"http://www.washingtonpost.com/gog/music-events/jazz-in-the-garden,1071956.html",Jazz in the Garden,http://www.nga.gov/programs/jazz/,202-289-3360
12/09/2013,,-77.0552,Zoo Bar (Oxford Tavern),,,06/27/2012,"3000 Connecticut Ave., Washington, DC",38.9296,"http://www.washingtonpost.com/gog/music-events/mike-flahertys-dixieland-direct-jazz-band,1163894.html",Mike Flaherty's Dixieland Direct Jazz Band,,
08/14/2012,,-77.1085,Rachel M. Schlesinger Concert Hall and Arts Center,,,07/17/2011,"3001 N. Beauregard St., Alexandria, VA",38.8408,"http://www.washingtonpost.com/gog/music-events/marine-chamber-orchestra,1164574.html",Marine Chamber Orchestra,,
08/16/2013,,-77.0426,Market Square Alexandria,,,06/25/2012,"301 King St., Alexandria, VA",38.8046,"http://www.washingtonpost.com/gog/music-events/alexandria-citizens-band,1164144.html",Alexandria Citizens Band,,
08/23/2013,,-77.0106,U.S. Capitol,,,06/28/2012,"East Capitol and First streets, Washington, DC",38.8901,"http://www.washingtonpost.com/gog/music-events/u.s.-navy-band,1164042.html",U.S. Navy Band,,
08/24/2013,,-77.022,U.S. Navy Memorial and Naval Heritage Center,,,06/29/2012,"701 Pennsylvania Ave. NW, Washington, DC",38.8934,"http://www.washingtonpost.com/gog/music-events/u.s.-navy-band,1164029.html",U.S. Navy Band,,
08/25/2013,,-77.0106,U.S. Capitol,,,06/30/2012,"East Capitol and First streets, Washington, DC",38.8901,"http://www.washingtonpost.com/gog/music-events/u.s.-marine-band,1164043.html",U.S. Marine Band,,
08/26/2012,,-77.0347,Sylvan Theater,,,06/24/2012,"15th Street and Independence Avenue SW, Washington, DC",38.8897,"http://www.washingtonpost.com/gog/music-events/u.s.-marine-band,1164030.html",U.S. Marine Band,,
08/27/2012,,-77.0106,U.S. Capitol,,,06/25/2012,"East Capitol and First streets, Washington, DC",38.8901,"http://www.washingtonpost.com/gog/music-events/u.s.-army-band,1164044.html",U.S. Army Band,,
09/04/2012,,-77.4734,Loy E. Harris Pavilion,,,09/04/2012,"9201 Center St., Manassas, VA",38.751,"http://www.washingtonpost.com/gog/music-events/prince-william-community-band,1164225.html",Prince William Community Band,,
09/12/2012,,-77.1305,Glenview Mansion,,,09/12/2012,"603 Edmonston Dr., Rockville, MD",39.0845,"http://www.washingtonpost.com/gog/music-events/u.s.-navy-band,1164088.html",U.S. Navy Band,,
07/31/2011,,,National Harbor,,,06/25/2011,"150 National Plaza, Fort Washington, MD",,"http://www.washingtonpost.com/gog/music-events/savoire-faire-trio,1164111.html",Savoire Faire Trio,,
08/05/2012,,-77.0749,Fort Reno Park,"The city's beloved punk-rock showcase rocks upper Northwest with a slate of up-and-coming Beltway insiders each Monday and Thursday through Aug. 12. The first show is Monday, June 28, with the Public Good, America Hearts and Tiny Bombs. These alcohol-free concerts begin at 7 p.m. and end promptly at 9 p.m",,06/28/2011,"Chesapeake Street and Nebraska Avenue NW, Washington, DC",38.9507,"http://www.washingtonpost.com/gog/music-events/fort-reno-2010,1165705.html",Fort Reno 2010,,
08/20/2012,,-77.0168,National Harbor,,,07/03/2012,"150 National Plaza, Fort Washington, MD",38.7848,"http://www.washingtonpost.com/gog/music-events/steel-drum-trio,1164109.html",Steel Drum Trio,,
08/06/2011,,-76.8803,Merriweather Post Pavilion,"Indie rock superstars of the highest order return with their sweeping, cathartic anthems. With Spoon.",32-48.50,08/06/2011,"10475 Little Patuxent Pwy., Columbia, MD",39.2118,"http://www.washingtonpost.com/gog/music-events/the-arcade-fire,1107758.html",The Arcade Fire,,877-435-9849
08/21/2014,,-77.4357,Belmont Country Club,"Favorites from the worlds of rock, country and reggae perform at Loudoun County's Belmont Country Club.",12.50-20,06/27/2013,"43675 Russell Branch Parkway, Ashburn, VA",39.048,"http://www.washingtonpost.com/gog/music-events/loudoun-summer-music-fest,1164308.html",Loudoun Summer Music Fest,http://www.loudounsummermusicfest.com,877-743-5320
08/27/2014,,-77.3861,Herndon Town Green,"Friday nights at the Herndon Town Green are all about rock-and-roll. Bands include Crowded Streets, a Dave Matthews tribute band; the Reagan Years, an '80s cover band; and Gonzo's Nose, formed in 1996 by College of William and Mary students. Most of the bands are cover bands, so you can dance your heart out to all of your old favorites. Food and alcohol are for sale (you can bring in food, but no alcohol).",Free,06/25/2014,"777 Lynn St., Herndon, VA",38.9716,"http://www.washingtonpost.com/gog/music-events/friday-night-live-summer-concert-series,1056188.html",Friday Night Live! Summer Concert Series,http://www.herndonrocks.com,703-481-6133
09/02/2016,,-77.0738,Arlington Farmers and Artists Market,Free lunchtime concerts every Thursday beginning at 11:45 a.m.,,06/24/2015,"At Wilson Boulevard and N. Oak Street, Arlington, VA",38.8948,"http://www.washingtonpost.com/gog/music-events/arlington-farmers-and-artists-market-summer-concert-series,1164307.html",Arlington Farmers and Artists Market Summer Concert Series,,
09/04/2015,,-77.1976,Rio Center Mall,,,09/04/2015,"9811 Washingtonian Blvd., Gaithersburg, MD",39.1148,"http://www.washingtonpost.com/gog/music-events/so-far-gone,1164065.html",So Far Gone,,
09/07/2015,,-77.0211,Verizon Center,"Expect nothing short of over-the-top spectacle and an endless string of hits from the bizarre, breakthrough pop star. With Semi Precious Weapons.",52.50-178,09/07/2015,"601 F St. NW, Washington, DC",38.8981,"http://www.washingtonpost.com/gog/music-events/lady-gaga,1155185.html",Lady Gaga,,800-551-7328
09/10/2016,,-77.1976,Rio Center Mall,,,08/07/2016,"9811 Washingtonian Blvd., Gaithersburg, MD",39.1148,"http://www.washingtonpost.com/gog/music-events/roadsters,1164074.html",Roadsters,,
09/11/2016,,-76.8803,Merriweather Post Pavilion,"Preppy popsters play charming, world-music inspired indie. With Beach House and Dum Dum Girls.",35-45,09/11/2016,"10475 Little Patuxent Pwy., Columbia, MD",39.2118,"http://www.washingtonpost.com/gog/music-events/vampire-weekend,1140273.html",Vampire Weekend,,877-435-9849
09/11/2016,,-77.1976,Rio Center Mall,,,09/11/2016,"9811 Washingtonian Blvd., Gaithersburg, MD",39.1148,"http://www.washingtonpost.com/gog/music-events/the-back-pages-band,1164061.html",The Back Pages Band,,
09/17/2017,,-77.1976,Rio Center Mall,,,07/10/2017,"9811 Washingtonian Blvd., Gaithersburg, MD",39.1148,"http://www.washingtonpost.com/gog/music-events/diamond-alley,1164064.html",Diamond Alley,,
09/18/2017,,-76.8803,Merriweather Post Pavilion,"The iconic radio station's dormant festival returns to the stage after a three-year hiatus, wth a throwback lineup to help you re-live your glory days.",,09/18/2017,"10475 Little Patuxent Pwy., Columbia, MD",39.2118,"http://www.washingtonpost.com/gog/music-events/hfstival-2010,1166734.html",HFStival 2010,http://whfs.radio.com,410-715-5550
09/18/2017,,-77.5663,Jiffy Lube Live,Prog-rockers stay strong in their fourth decade.,25-49,09/18/2017,"7800 Cellar Door Dr., Bristow, VA",38.7776,"http://www.washingtonpost.com/gog/music-events/rush,1072193.html",Rush,,202-397-7328
09/18/2018,,-77.1976,Rio Center Mall,,,07/03/2018,"9811 Washingtonian Blvd., Gaithersburg, MD",39.1148,"http://www.washingtonpost.com/gog/music-events/dc-motors,1164070.html",DC Motors,,
09/24/2019,,-77.0297,Woodrow Wilson Center,"Free performances of all kinds of music, from folk to jazz to pop, with different artists daily.",Free,06/24/2019,"1300 Pennsylvania Ave. NW, Washington, DC",38.8954,"http://www.washingtonpost.com/gog/music-events/live-on-woodrow-wilson-plaza,1164041.html",Live! On Woodrow Wilson Plaza,,
09/24/2019,,-77.1976,Rio Center Mall,,,07/16/2019,"9811 Washingtonian Blvd., Gaithersburg, MD",39.1148,"http://www.washingtonpost.com/gog/music-events/sons-of-pirates,1164062.html",Sons of Pirates,,
09/25/2019,,-76.4945,Rams Head Tavern,,35,09/25/2019,"33 West St., Annapolis, MD",38.9782,"http://www.washingtonpost.com/gog/music-events/hiroshima,1164729.html",Hiroshima,,
09/25/2019,,-76.8803,Merriweather Post Pavilion,"Here's what we know: there will be a day-long, festival-style concert at Merriweather Post Pavilion on Sept. 25. Tickets will be free, but you'll need to act quickly when they become available: 35,000 tickets to last year's show evaporated in about 20 minutes.",,09/25/2019,"10475 Little Patuxent Pwy., Columbia, MD",39.2118,"http://www.washingtonpost.com/gog/music-events/virgin-mobile-freefest,1166056.html",Virgin Mobile FreeFest,http://www.virginmobilefestival.com,410-715-5550
09/25/2021,,,Rio Center Mall,,,06/26/2020,"9811 Washingtonian Blvd., Gaithersburg, MD",,"http://www.washingtonpost.com/gog/music-events/rock-and-roll-relics,1164068.html",Rock & Roll Relics,,
10/08/2021,,-77.024,DC9,,7,06/25/2020,"1940 Ninth St. NW, Washington, DC",38.9161,"http://www.washingtonpost.com/gog/music-events/liberation-dance-party,1164734.html",Liberation Dance Party,,
10/10/2020,,-77.0211,Verizon Center,"Pink Floyd songwriter commemorates the 30th anniversary of his band's album ""The Wall.""",53-253,10/10/2020,"601 F St. NW, Washington, DC",38.8981,"http://www.washingtonpost.com/gog/music-events/roger-waters,1043680.html",Roger Waters,,202-397-7328
03/31/2021,,-77.2809,Meadowlark Botanical Gardens,The park will be open early and late for dedicated nature photographers,5 for those who arrive before 10 a.m.,03/31/2021,"9750 Meadowlark Gardens Ct., Vienna, VA",38.9377,"http://www.washingtonpost.com/gog/music-events/photographers-field-day,1164206.html",Photographer's Field Day,,
05/05/2021,,-76.9868,The Rock and Roll Hotel,,10,05/05/2021,"1353 H St. NE, Washington, DC",38.9001,"http://www.washingtonpost.com/gog/music-events/savoir-adore-with-exit-clov-and-middle-distance-runner,1165214.html",Savoir Adore with Exit Clov and Middle Distance Runner,,
02/24/2021,,-77.0725,Gin & Tonic Tavern,A weekly showcase for local bands -- with drink specials! -- in Glover Park,Free,02/24/2021,"2408 Wisconsin Ave. NW, Washington, DC",38.9216,"http://www.washingtonpost.com/gog/bar-club-events/tavern-sessions,1161355.html",Tavern Sessions,,
,,-77.0278,U Street Music Hall,"Standout local dance label Future Times hosts this monthly party featuring cosmic disco and other freaky, funky tunes.",Free,,"1115 U St. NW, Washington, DC",38.9172,"http://www.washingtonpost.com/gog/bar-club-events/the-whale,1162575.html",The Whale,,202-588-1880
,,,JV's Restaurant,,,,"6666 Arlington Blvd., Falls Church, VA",,"http://www.washingtonpost.com/gog/music-events/sookie-jump,1166524.html",Sookie Jump,,703-241-9504
08/13/2012,,,National Harbor,,,06/26/2011,"150 National Plaza, Fort Washington, MD",,"http://www.washingtonpost.com/gog/music-events/john-luskey,1164114.html",John Luskey,,
08/27/2011,,-77.0168,National Harbor,,,07/23/2011,"150 National Plaza, Fort Washington, MD",38.7848,"http://www.washingtonpost.com/gog/music-events/pete-fields-duo,1164113.html",Pete Fields Duo,,
03/17/2012,,-77.3585,Reston Town Center,,,03/17/2012,"11921 Freedom Dr., Reston, VA",38.9594,"http://www.washingtonpost.com/gog/music-events/jambulay,1163737.html",Jambulay,,
08/06/2012,,-77.0168,National Harbor,,,07/24/2011,"150 National Plaza, Fort Washington, MD",38.7848,"http://www.washingtonpost.com/gog/music-events/blues-4-piece,1164112.html",Blues 4 Piece,,
08/21/2011,,-76.9607,Fort Dupont Park,"Free summer concerts outdoors on Saturday evenings, featuring jazz, soul, funk and old-school R&B. Bring a picnic.",Free,07/17/2011,"Randle Circle and Fort Dupont Drive, Washington, DC",38.8782,"http://www.washingtonpost.com/gog/music-events/fort-dupont-summer-concert-series,1038222.html",Fort Dupont Summer Concert Series,,202-426-5961
08/13/2012,,,National Harbor,,,07/17/2011,"150 National Plaza, Fort Washington, MD",,"http://www.washingtonpost.com/gog/music-events/john-luskey,1164114.html",John Luskey,,
08/05/2012,,-77.0749,Fort Reno Park,"The city's beloved punk-rock showcase rocks upper Northwest with a slate of up-and-coming Beltway insiders each Monday and Thursday through Aug. 12. The first show is Monday, June 28, with the Public Good, America Hearts and Tiny Bombs. These alcohol-free concerts begin at 7 p.m. and end promptly at 9 p.m",,07/15/2011,"Chesapeake Street and Nebraska Avenue NW, Washington, DC",38.9507,"http://www.washingtonpost.com/gog/music-events/fort-reno-2010,1165705.html",Fort Reno 2010,,
08/06/2011,,-76.8803,Merriweather Post Pavilion,"It's hard to pack more indie rock blog-buzz into one performance venue with these two bands sharing the bill. Montreal septet Arcade Fire embark on their first North American tour since 2007 in anticipation of the Aug. 3 release of new LP ""The Suburbs."" Meanwhile, Austin's most polished rock craftsmen, Spoon, never seem to slow down, as their latest release, ""Transference,"" continued a string of near-flawless albums that has made them one of the alternative scene's most irresistible forces.",32-48.50,08/06/2011,"10475 Little Patuxent Pwy., Columbia, MD",39.2118,"http://www.washingtonpost.com/gog/music-events/arcade-fire-with-spoon,1167374.html",Arcade Fire with Spoon,,410-715-5550
08/12/2011,,-77.0627,Pentagon Row Outdoor Ice Skating Rink,Part of the Pentagon Row Summer Concert Series.,Free,08/12/2011,"Intersection of South Joyce Street and Army Navy Drive, Arlington, VA",38.8658,"http://www.washingtonpost.com/gog/music-events/back-to-zero,1163964.html",Back to Zero,,
08/14/2011,,-77.1976,Rio Center Mall,,,08/14/2011,"9811 Washingtonian Blvd., Gaithersburg, MD",39.1148,"http://www.washingtonpost.com/gog/music-events/gary-and-the-groove,1164069.html",Gary and the Groove,,
08/15/2011,,-76.8803,Merriweather Post Pavilion,Don't expect things to get too rowdy as these singer-songwriters share a bill.,40-75,08/15/2011,"10475 Little Patuxent Pwy., Columbia, MD",39.2118,"http://www.washingtonpost.com/gog/music-events/david-gray-and-ray-lamontagne,1043535.html",David Gray and Ray LaMontagne,,877-435-9849
08/15/2011,,-77.5663,Jiffy Lube Live,"Album rock radio's biggest superstar makes his return to the summer concert scene. With Crosby, Stills and Nash.",41-141,08/15/2011,"7800 Cellar Door Dr., Bristow, VA",38.7776,"http://www.washingtonpost.com/gog/music-events/tom-petty-and-the-heartbreakers,1142732.html",Tom Petty & The Heartbreakers,,800-551-7328
08/20/2011,,-77.3861,Herndon Town Green,Part of the Friday Night Live concert series,Free,08/20/2011,"777 Lynn St., Herndon, VA",38.9716,"http://www.washingtonpost.com/gog/music-events/the-benjamins,1163926.html",The Benjamins,,
08/21/2011,,-77.4734,Loy E. Harris Pavilion,,,08/21/2011,"9201 Center St., Manassas, VA",38.751,"http://www.washingtonpost.com/gog/music-events/panquility,1164224.html",Panquility,,
08/21/2013,,-77.4357,Belmont Country Club,"Favorites from the worlds of rock, country and reggae perform at Loudoun County's Belmont Country Club.",12.50-20,07/25/2012,"43675 Russell Branch Parkway, Ashburn, VA",39.048,"http://www.washingtonpost.com/gog/music-events/loudoun-summer-music-fest,1164308.html",Loudoun Summer Music Fest,http://www.loudounsummermusicfest.com,877-743-5320
08/21/2012,,-77.0168,National Harbor,,,07/16/2012,"150 National Plaza, Fort Washington, MD",38.7848,"http://www.washingtonpost.com/gog/music-events/hudson-and-watson,1164108.html",Hudson and Watson,,
08/27/2012,,-77.3861,Herndon Town Green,Part of the Friday Night Live concert series.,Free,08/27/2012,"777 Lynn St., Herndon, VA",38.9716,"http://www.washingtonpost.com/gog/music-events/lost-in-paris,1163927.html",Lost in Paris,,
08/27/2012,,-77.2678,Wolf Trap - Filene Center,An evening of the classic crooner's timeless hits.,48; 25 lawn,08/27/2012,"1551 Trap Rd., Vienna, VA",38.9345,"http://www.washingtonpost.com/gog/music-events/tony-bennett,1037794.html",Tony Bennett,,877-965-3872
08/27/2013,,-77.3861,Herndon Town Green,"Friday nights at the Herndon Town Green are all about rock-and-roll. Bands include Crowded Streets, a Dave Matthews tribute band; the Reagan Years, an '80s cover band; and Gonzo's Nose, formed in 1996 by College of William and Mary students. Most of the bands are cover bands, so you can dance your heart out to all of your old favorites. Food and alcohol are for sale (you can bring in food, but no alcohol).",Free,07/16/2013,"777 Lynn St., Herndon, VA",38.9716,"http://www.washingtonpost.com/gog/music-events/friday-night-live-summer-concert-series,1056188.html",Friday Night Live! Summer Concert Series,http://www.herndonrocks.com,703-481-6133
08/28/2013,,-77.3585,Reston Town Center,,,08/28/2013,"11921 Freedom Dr., Reston, VA",38.9594,"http://www.washingtonpost.com/gog/music-events/hard-days-night,1163710.html",Hard Day's Night,,
08/29/2013,,-77.4144,Baker Park,,Free,08/29/2013,"Second and Bentz streets, Frederick, MD",39.4166,"http://www.washingtonpost.com/gog/music-events/the-rock-n-roll-relics,1163949.html",The Rock n' Roll Relics,,
09/02/2015,,-77.0738,Arlington Farmers and Artists Market,Free lunchtime concerts every Thursday beginning at 11:45 a.m.,,07/15/2014,"At Wilson Boulevard and N. Oak Street, Arlington, VA",38.8948,"http://www.washingtonpost.com/gog/music-events/arlington-farmers-and-artists-market-summer-concert-series,1164307.html",Arlington Farmers and Artists Market Summer Concert Series,,
09/03/2014,,-77.1976,Rio Center Mall,,,09/03/2014,"9811 Washingtonian Blvd., Gaithersburg, MD",39.1148,"http://www.washingtonpost.com/gog/music-events/quest,1164076.html",Quest,,
09/04/2014,,-77.1976,Rio Center Mall,,,09/04/2014,"9811 Washingtonian Blvd., Gaithersburg, MD",39.1148,"http://www.washingtonpost.com/gog/music-events/so-far-gone,1164065.html",So Far Gone,,
09/07/2014,,-77.0211,Verizon Center,"Expect nothing short of over-the-top spectacle and an endless string of hits from the bizarre, breakthrough pop star. With Semi Precious Weapons.",52.50-178,09/07/2014,"601 F St. NW, Washington, DC",38.8981,"http://www.washingtonpost.com/gog/music-events/lady-gaga,1155185.html",Lady Gaga,,800-551-7328
09/10/2015,,-77.1976,Rio Center Mall,,,08/07/2015,"9811 Washingtonian Blvd., Gaithersburg, MD",39.1148,"http://www.washingtonpost.com/gog/music-events/roadsters,1164074.html",Roadsters,,
09/11/2015,,-77.1079,Potomac Overlook Regional Park and Nature Center,,5 donation requested,09/11/2015,"2845 N. Marcey Rd., Arlington, VA",38.9111,"http://www.washingtonpost.com/gog/music-events/shotgun-ride,1164136.html",Shotgun Ride,,
09/11/2015,,-76.8803,Merriweather Post Pavilion,"Preppy popsters play charming, world-music inspired indie. With Beach House and Dum Dum Girls.",35-45,09/11/2015,"10475 Little Patuxent Pwy., Columbia, MD",39.2118,"http://www.washingtonpost.com/gog/music-events/vampire-weekend,1140273.html",Vampire Weekend,,877-435-9849
09/11/2015,,-77.1976,Rio Center Mall,,,09/11/2015,"9811 Washingtonian Blvd., Gaithersburg, MD",39.1148,"http://www.washingtonpost.com/gog/music-events/the-back-pages-band,1164061.html",The Back Pages Band,,
09/17/2016,,-77.1976,Rio Center Mall,,,08/13/2016,"9811 Washingtonian Blvd., Gaithersburg, MD",39.1148,"http://www.washingtonpost.com/gog/music-events/diamond-alley,1164064.html",Diamond Alley,,
09/18/2016,,-76.8803,Merriweather Post Pavilion,"The iconic radio station's dormant festival returns to the stage after a three-year hiatus, wth a throwback lineup to help you re-live your glory days.",,09/18/2016,"10475 Little Patuxent Pwy., Columbia, MD",39.2118,"http://www.washingtonpost.com/gog/music-events/hfstival-2010,1166734.html",HFStival 2010,http://whfs.radio.com,410-715-5550
09/18/2018,,-77.1976,Rio Center Mall,,,08/21/2017,"9811 Washingtonian Blvd., Gaithersburg, MD",39.1148,"http://www.washingtonpost.com/gog/music-events/dc-motors,1164070.html",DC Motors,,
09/24/2018,,-77.0297,Woodrow Wilson Center,"Free performances of all kinds of music, from folk to jazz to pop, with different artists daily.",Free,07/13/2018,"1300 Pennsylvania Ave. NW, Washington, DC",38.8954,"http://www.washingtonpost.com/gog/music-events/live-on-woodrow-wilson-plaza,1164041.html",Live! On Woodrow Wilson Plaza,,
09/24/2018,,-77.1976,Rio Center Mall,,,07/16/2018,"9811 Washingtonian Blvd., Gaithersburg, MD",39.1148,"http://www.washingtonpost.com/gog/music-events/sons-of-pirates,1164062.html",Sons of Pirates,,
09/25/2018,,-76.4945,Rams Head Tavern,,35,09/25/2018,"33 West St., Annapolis, MD",38.9782,"http://www.washingtonpost.com/gog/music-events/hiroshima,1164729.html",Hiroshima,,
09/25/2018,,-76.8803,Merriweather Post Pavilion,"Here's what we know: there will be a day-long, festival-style concert at Merriweather Post Pavilion on Sept. 25. Tickets will be free, but you'll need to act quickly when they become available: 35,000 tickets to last year's show evaporated in about 20 minutes.",,09/25/2018,"10475 Little Patuxent Pwy., Columbia, MD",39.2118,"http://www.washingtonpost.com/gog/music-events/virgin-mobile-freefest,1166056.html",Virgin Mobile FreeFest,http://www.virginmobilefestival.com,410-715-5550
09/25/2019,,,Rio Center Mall,,,08/06/2019,"9811 Washingtonian Blvd., Gaithersburg, MD",,"http://www.washingtonpost.com/gog/music-events/rock-and-roll-relics,1164068.html",Rock & Roll Relics,,
10/08/2021,,-77.024,DC9,,7,07/16/2020,"1940 Ninth St. NW, Washington, DC",38.9161,"http://www.washingtonpost.com/gog/music-events/liberation-dance-party,1164734.html",Liberation Dance Party,,
08/16/2011,,-77.0426,Market Square Alexandria,,,07/16/2011,"301 King St., Alexandria, VA",38.8046,"http://www.washingtonpost.com/gog/music-events/alexandria-citizens-band,1164144.html",Alexandria Citizens Band,,
08/20/2011,,-77.2678,Wolf Trap - Filene Center,,,08/20/2011,"1551 Trap Rd., Vienna, VA",38.9345,"http://www.washingtonpost.com/gog/music-events/the-irish-tenors,1167688.html",The Irish Tenors,,703-255-1868
08/23/2012,,-77.0106,U.S. Capitol,,,07/19/2012,"East Capitol and First streets, Washington, DC",38.8901,"http://www.washingtonpost.com/gog/music-events/u.s.-navy-band,1164042.html",U.S. Navy Band,,
08/24/2012,,-77.022,U.S. Navy Memorial and Naval Heritage Center,,,07/13/2012,"701 Pennsylvania Ave. NW, Washington, DC",38.8934,"http://www.washingtonpost.com/gog/music-events/u.s.-navy-band,1164029.html",U.S. Navy Band,,
08/25/2012,,-77.0106,U.S. Capitol,,,07/14/2012,"East Capitol and First streets, Washington, DC",38.8901,"http://www.washingtonpost.com/gog/music-events/u.s.-marine-band,1164043.html",U.S. Marine Band,,
08/26/2012,,-77.0347,Sylvan Theater,,,07/15/2012,"15th Street and Independence Avenue SW, Washington, DC",38.8897,"http://www.washingtonpost.com/gog/music-events/u.s.-marine-band,1164030.html",U.S. Marine Band,,
08/27/2012,,-77.0106,U.S. Capitol,,,07/16/2012,"East Capitol and First streets, Washington, DC",38.8901,"http://www.washingtonpost.com/gog/music-events/u.s.-army-band,1164044.html",U.S. Army Band,,
08/11/2012,,-77.0423,Tryst Coffeehouse and Bar,,,07/13/2011,"2459 18th St. NW, Washington, DC",38.9218,"http://www.washingtonpost.com/gog/music-events/free-jazz-night,1164567.html",Free Jazz Night,,
09/10/2013,,-77.0227,National Gallery of Art Sculpture Garden and Ice Skating Rink,Free Friday concerts in the National Gallery of Art's Sculpture Garden.,,07/16/2012,"700 Constitution Ave. NW, Washington, DC",38.8917,"http://www.washingtonpost.com/gog/music-events/jazz-in-the-garden,1071956.html",Jazz in the Garden,http://www.nga.gov/programs/jazz/,202-289-3360
12/09/2013,,-77.0552,Zoo Bar (Oxford Tavern),,,07/18/2012,"3000 Connecticut Ave., Washington, DC",38.9296,"http://www.washingtonpost.com/gog/music-events/mike-flahertys-dixieland-direct-jazz-band,1163894.html",Mike Flaherty's Dixieland Direct Jazz Band,,
09/18/2015,,-77.5663,Jiffy Lube Live,Prog-rockers stay strong in their fourth decade.,25-49,09/18/2015,"7800 Cellar Door Dr., Bristow, VA",38.7776,"http://www.washingtonpost.com/gog/music-events/rush,1072193.html",Rush,,202-397-7328
08/05/2012,,-77.0749,Fort Reno Park,"The city's beloved punk-rock showcase rocks upper Northwest with a slate of up-and-coming Beltway insiders each Monday and Thursday through Aug. 12. The first show is Monday, June 28, with the Public Good, America Hearts and Tiny Bombs. These alcohol-free concerts begin at 7 p.m. and end promptly at 9 p.m",,07/29/2011,"Chesapeake Street and Nebraska Avenue NW, Washington, DC",38.9507,"http://www.washingtonpost.com/gog/music-events/fort-reno-2010,1165705.html",Fort Reno 2010,,
08/06/2011,,-76.8803,Merriweather Post Pavilion,"Indie rock superstars of the highest order return with their sweeping, cathartic anthems. With Spoon.",32-48.50,08/06/2011,"10475 Little Patuxent Pwy., Columbia, MD",39.2118,"http://www.washingtonpost.com/gog/music-events/arcade-fire,1107758.html",Arcade Fire,,877-435-9849
08/06/2011,,-76.464,Calvert Marine Museum,"The museum's monthly open house continues with a 7 p.m. concert by the Navy Cruisers (an eight-piece rock and jazz ensemble) in the auditorium. Visitors may also wander the museum, take a  30-minute boat ride on the Wm. B. Tennison and shop for farm fresh produce. Docents will be stationed in each gallery.",Free,08/06/2011,"14200 Solomons Island Rd., Solomons, MD",38.3396,"http://www.washingtonpost.com/gog/music-events/first-free-fridays,1168381.html",First Free Fridays,,410-326-2042
08/21/2011,,-77.4357,Belmont Country Club,"Favorites from the worlds of rock, country and reggae perform at Loudoun County's Belmont Country Club.",12.50-20,08/21/2011,"43675 Russell Branch Parkway, Ashburn, VA",39.048,"http://www.washingtonpost.com/gog/music-events/loudoun-summer-music-fest,1164308.html",Loudoun Summer Music Fest,http://www.loudounsummermusicfest.com,877-743-5320
08/21/2011,,-77.0168,National Harbor,,,08/21/2011,"150 National Plaza, Fort Washington, MD",38.7848,"http://www.washingtonpost.com/gog/music-events/hudson-and-watson,1164108.html",Hudson and Watson,,
08/27/2011,,-77.3861,Herndon Town Green,Part of the Friday Night Live concert series.,Free,08/27/2011,"777 Lynn St., Herndon, VA",38.9716,"http://www.washingtonpost.com/gog/music-events/lost-in-paris,1163927.html",Lost in Paris,,
08/27/2011,,-77.2678,Wolf Trap - Filene Center,An evening of the classic crooner's timeless hits.,48; 25 lawn,08/27/2011,"1551 Trap Rd., Vienna, VA",38.9345,"http://www.washingtonpost.com/gog/music-events/tony-bennett,1037794.html",Tony Bennett,,877-965-3872
08/27/2013,,-77.3861,Herndon Town Green,"Friday nights at the Herndon Town Green are all about rock-and-roll. Bands include Crowded Streets, a Dave Matthews tribute band; the Reagan Years, an '80s cover band; and Gonzo's Nose, formed in 1996 by College of William and Mary students. Most of the bands are cover bands, so you can dance your heart out to all of your old favorites. Food and alcohol are for sale (you can bring in food, but no alcohol).",Free,07/30/2012,"777 Lynn St., Herndon, VA",38.9716,"http://www.washingtonpost.com/gog/music-events/friday-night-live-summer-concert-series,1056188.html",Friday Night Live! Summer Concert Series,http://www.herndonrocks.com,703-481-6133
08/28/2012,,-77.3585,Reston Town Center,,,08/28/2012,"11921 Freedom Dr., Reston, VA",38.9594,"http://www.washingtonpost.com/gog/music-events/hard-days-night,1163710.html",Hard Day's Night,,
08/29/2012,,-77.4144,Baker Park,,Free,08/29/2012,"Second and Bentz streets, Frederick, MD",39.4166,"http://www.washingtonpost.com/gog/music-events/the-rock-n-roll-relics,1163949.html",The Rock n' Roll Relics,,
09/02/2014,,-77.0738,Arlington Farmers and Artists Market,Free lunchtime concerts every Thursday beginning at 11:45 a.m.,,07/29/2013,"At Wilson Boulevard and N. Oak Street, Arlington, VA",38.8948,"http://www.washingtonpost.com/gog/music-events/arlington-farmers-and-artists-market-summer-concert-series,1164307.html",Arlington Farmers and Artists Market Summer Concert Series,,
09/03/2013,,-77.1976,Rio Center Mall,,,09/03/2013,"9811 Washingtonian Blvd., Gaithersburg, MD",39.1148,"http://www.washingtonpost.com/gog/music-events/quest,1164076.html",Quest,,
09/04/2013,,-77.1976,Rio Center Mall,,,09/04/2013,"9811 Washingtonian Blvd., Gaithersburg, MD",39.1148,"http://www.washingtonpost.com/gog/music-events/so-far-gone,1164065.html",So Far Gone,,
09/07/2013,,-77.0211,Verizon Center,"Expect nothing short of over-the-top spectacle and an endless string of hits from the bizarre, breakthrough pop star. With Semi Precious Weapons.",52.50-178,09/07/2013,"601 F St. NW, Washington, DC",38.8981,"http://www.washingtonpost.com/gog/music-events/lady-gaga,1155185.html",Lady Gaga,,800-551-7328
09/10/2014,,-77.1976,Rio Center Mall,,,08/07/2014,"9811 Washingtonian Blvd., Gaithersburg, MD",39.1148,"http://www.washingtonpost.com/gog/music-events/roadsters,1164074.html",Roadsters,,
09/11/2014,,-77.1079,Potomac Overlook Regional Park and Nature Center,,5 donation requested,09/11/2014,"2845 N. Marcey Rd., Arlington, VA",38.9111,"http://www.washingtonpost.com/gog/music-events/shotgun-ride,1164136.html",Shotgun Ride,,
09/11/2014,,-76.8803,Merriweather Post Pavilion,"Preppy popsters play charming, world-music inspired indie. With Beach House and Dum Dum Girls.",35-45,09/11/2014,"10475 Little Patuxent Pwy., Columbia, MD",39.2118,"http://www.washingtonpost.com/gog/music-events/vampire-weekend,1140273.html",Vampire Weekend,,877-435-9849
09/11/2014,,-77.1976,Rio Center Mall,,,09/11/2014,"9811 Washingtonian Blvd., Gaithersburg, MD",39.1148,"http://www.washingtonpost.com/gog/music-events/the-back-pages-band,1164061.html",The Back Pages Band,,
09/17/2015,,-77.1976,Rio Center Mall,,,08/13/2015,"9811 Washingtonian Blvd., Gaithersburg, MD",39.1148,"http://www.washingtonpost.com/gog/music-events/diamond-alley,1164064.html",Diamond Alley,,
09/18/2015,,-76.8803,Merriweather Post Pavilion,"The iconic radio station's dormant festival returns to the stage after a three-year hiatus, wth a throwback lineup to help you re-live your glory days.",,09/18/2015,"10475 Little Patuxent Pwy., Columbia, MD",39.2118,"http://www.washingtonpost.com/gog/music-events/hfstival-2010,1166734.html",HFStival 2010,http://whfs.radio.com,410-715-5550
09/18/2017,,-77.1976,Rio Center Mall,,,08/21/2016,"9811 Washingtonian Blvd., Gaithersburg, MD",39.1148,"http://www.washingtonpost.com/gog/music-events/dc-motors,1164070.html",DC Motors,,
09/24/2018,,-77.0297,Woodrow Wilson Center,"Free performances of all kinds of music, from folk to jazz to pop, with different artists daily.",Free,07/29/2017,"1300 Pennsylvania Ave. NW, Washington, DC",38.8954,"http://www.washingtonpost.com/gog/music-events/live-on-woodrow-wilson-plaza,1164041.html",Live! On Woodrow Wilson Plaza,,
09/24/2018,,-77.1976,Rio Center Mall,,,07/30/2017,"9811 Washingtonian Blvd., Gaithersburg, MD",39.1148,"http://www.washingtonpost.com/gog/music-events/sons-of-pirates,1164062.html",Sons of Pirates,,
09/25/2017,,-76.4945,Rams Head Tavern,,35,09/25/2017,"33 West St., Annapolis, MD",38.9782,"http://www.washingtonpost.com/gog/music-events/hiroshima,1164729.html",Hiroshima,,
09/25/2017,,-76.8803,Merriweather Post Pavilion,"M.I.A., LCD Soundsystem, T.I., Pavement and Ludacris headline this year's free festival. Tickets will be available at 10 a.m. Saturday, July 24; they won't last long.",Free; tickets required,09/25/2017,"10475 Little Patuxent Pwy., Columbia, MD",39.2118,"http://www.washingtonpost.com/gog/music-events/virgin-mobile-freefest,1166056.html",Virgin Mobile FreeFest,http://www.virginmobilefestival.com,410-715-5550
09/25/2018,,,Rio Center Mall,,,08/06/2018,"9811 Washingtonian Blvd., Gaithersburg, MD",,"http://www.washingtonpost.com/gog/music-events/rock-and-roll-relics,1164068.html",Rock & Roll Relics,,
10/08/2020,,-77.024,DC9,,7,07/30/2019,"1940 Ninth St. NW, Washington, DC",38.9161,"http://www.washingtonpost.com/gog/music-events/liberation-dance-party,1164734.html",Liberation Dance Party,,
10/10/2019,,-77.0211,Verizon Center,"Pink Floyd songwriter commemorates the 30th anniversary of his band's album ""The Wall.""",53-253,10/10/2019,"601 F St. NW, Washington, DC",38.8981,"http://www.washingtonpost.com/gog/music-events/roger-waters,1043680.html",Roger Waters,,202-397-7328
03/31/2020,,-77.2809,Meadowlark Botanical Gardens,The park will be open early and late for dedicated nature photographers,5 for those who arrive before 10 a.m.,03/31/2020,"9750 Meadowlark Gardens Ct., Vienna, VA",38.9377,"http://www.washingtonpost.com/gog/music-events/photographers-field-day,1164206.html",Photographer's Field Day,,
05/05/2020,,-76.9868,The Rock and Roll Hotel,,10,05/05/2020,"1353 H St. NE, Washington, DC",38.9001,"http://www.washingtonpost.com/gog/music-events/savoir-adore-with-exit-clov-and-middle-distance-runner,1165214.html",Savoir Adore with Exit Clov and Middle Distance Runner,,
02/24/2020,,-77.0725,Gin & Tonic Tavern,A weekly showcase for local bands -- with drink specials! -- in Glover Park,Free,02/24/2020,"2408 Wisconsin Ave. NW, Washington, DC",38.9216,"http://www.washingtonpost.com/gog/bar-club-events/tavern-sessions,1161355.html",Tavern Sessions,,
,,-77.0419,Eighteenth Street Lounge,"Live reggae sounds with See-I, featuring Rootz and Zeebo, plus guest DJs and musicians.","Free before 10 p.m., then 10",,"1212 18th St. NW, Washington, DC",38.9062,"http://www.washingtonpost.com/gog/bar-club-events/rockers-international,1113237.html",Rockers International,,202-466-3922
03/17/2011,,-77.3585,Reston Town Center,,,03/17/2011,"11921 Freedom Dr., Reston, VA",38.9594,"http://www.washingtonpost.com/gog/music-events/jambulay,1163737.html",Jambulay,,
08/16/2012,,-77.0426,Market Square Alexandria,,,07/30/2011,"301 King St., Alexandria, VA",38.8046,"http://www.washingtonpost.com/gog/music-events/alexandria-citizens-band,1164144.html",Alexandria Citizens Band,,
09/10/2012,,-77.0227,National Gallery of Art Sculpture Garden and Ice Skating Rink,Free Friday concerts in the National Gallery of Art's Sculpture Garden.,,07/30/2011,"700 Constitution Ave. NW, Washington, DC",38.8917,"http://www.washingtonpost.com/gog/music-events/jazz-in-the-garden,1071956.html",Jazz in the Garden,http://www.nga.gov/programs/jazz/,202-289-3360
09/30/2011,,-77.0464,Hudson,Celebrate the Chairman with martini specials and live swing and jazz music.,,09/30/2011,"2030 M St. NW, Washington, DC",38.9054,"http://www.washingtonpost.com/gog/bar-club-events/sinatra-night,1057300.html",Sinatra Night,,
12/09/2011,,-77.0552,Zoo Bar (Oxford Tavern),,,08/01/2011,"3000 Connecticut Ave., Washington, DC",38.9296,"http://www.washingtonpost.com/gog/music-events/mike-flahertys-dixieland-direct-jazz-band,1163894.html",Mike Flaherty's Dixieland Direct Jazz Band,,
08/23/2011,,-77.0106,U.S. Capitol,,,08/02/2011,"East Capitol and First streets, Washington, DC",38.8901,"http://www.washingtonpost.com/gog/music-events/u.s.-navy-band,1164042.html",U.S. Navy Band,,
08/24/2011,,-77.022,U.S. Navy Memorial and Naval Heritage Center,,,08/03/2011,"701 Pennsylvania Ave. NW, Washington, DC",38.8934,"http://www.washingtonpost.com/gog/music-events/u.s.-navy-band,1164029.html",U.S. Navy Band,,
08/25/2011,,-77.0106,U.S. Capitol,,,08/04/2011,"East Capitol and First streets, Washington, DC",38.8901,"http://www.washingtonpost.com/gog/music-events/u.s.-marine-band,1164043.html",U.S. Marine Band,,
08/26/2013,,-77.0347,Sylvan Theater,,,07/29/2012,"15th Street and Independence Avenue SW, Washington, DC",38.8897,"http://www.washingtonpost.com/gog/music-events/u.s.-marine-band,1164030.html",U.S. Marine Band,,
08/27/2013,,-77.0106,U.S. Capitol,,,07/30/2012,"East Capitol and First streets, Washington, DC",38.8901,"http://www.washingtonpost.com/gog/music-events/u.s.-army-band,1164044.html",U.S. Army Band,,
08/21/2012,,-76.9607,Fort Dupont Park,"Free summer concerts outdoors on Saturday evenings, featuring jazz, soul, funk and old-school R&B. Bring a picnic.",Free,07/31/2011,"Randle Circle and Fort Dupont Drive, Washington, DC",38.8782,"http://www.washingtonpost.com/gog/music-events/fort-dupont-summer-concert-series,1038222.html",Fort Dupont Summer Concert Series,,202-426-5961
09/02/2011,,-77.0738,Arlington Farmers and Artists Market,Free lunchtime concerts every Thursday beginning at 11:45 a.m.,,08/12/2010,"At Wilson Boulevard and N. Oak Street, Arlington, VA",38.8948,"http://www.washingtonpost.com/gog/music-events/arlington-farmers-and-artists-market-summer-concert-series,1164307.html",Arlington Farmers and Artists Market Summer Concert Series,,
09/17/2011,,-77.1976,Rio Center Mall,,,08/13/2011,"9811 Washingtonian Blvd., Gaithersburg, MD",39.1148,"http://www.washingtonpost.com/gog/music-events/diamond-alley,1164064.html",Diamond Alley,,
09/18/2011,,-76.8803,Merriweather Post Pavilion,"The iconic radio station's dormant festival returns to the stage after a three-year hiatus, wth a throwback lineup to help you re-live your glory days.",,09/18/2011,"10475 Little Patuxent Pwy., Columbia, MD",39.2118,"http://www.washingtonpost.com/gog/music-events/hfstival-2010,1166734.html",HFStival 2010,http://whfs.radio.com,410-715-5550
09/18/2011,,-77.5663,Jiffy Lube Live,Prog-rockers stay strong in their fourth decade.,25-49,09/18/2011,"7800 Cellar Door Dr., Bristow, VA",38.7776,"http://www.washingtonpost.com/gog/music-events/rush,1072193.html",Rush,,202-397-7328
09/18/2013,,-77.1976,Rio Center Mall,,,08/21/2012,"9811 Washingtonian Blvd., Gaithersburg, MD",39.1148,"http://www.washingtonpost.com/gog/music-events/dc-motors,1164070.html",DC Motors,,
09/24/2012,,-77.0297,Woodrow Wilson Center,"Free performances of all kinds of music, from folk to jazz to pop, with different artists daily.",Free,08/11/2012,"1300 Pennsylvania Ave. NW, Washington, DC",38.8954,"http://www.washingtonpost.com/gog/music-events/live-on-woodrow-wilson-plaza,1164041.html",Live! On Woodrow Wilson Plaza,,
09/24/2012,,-77.1976,Rio Center Mall,,,08/20/2012,"9811 Washingtonian Blvd., Gaithersburg, MD",39.1148,"http://www.washingtonpost.com/gog/music-events/sons-of-pirates,1164062.html",Sons of Pirates,,
09/25/2012,,-76.4945,Rams Head Tavern,,35,09/25/2012,"33 West St., Annapolis, MD",38.9782,"http://www.washingtonpost.com/gog/music-events/hiroshima,1164729.html",Hiroshima,,
09/25/2012,,-76.8803,Merriweather Post Pavilion,"M.I.A., LCD Soundsystem, T.I., Pavement and Ludacris headline this year's free festival. Tickets will be available at 10 a.m. Saturday, July 24; they won't last long.",Free; tickets required,09/25/2012,"10475 Little Patuxent Pwy., Columbia, MD",39.2118,"http://www.washingtonpost.com/gog/music-events/virgin-mobile-freefest,1166056.html",Virgin Mobile FreeFest,http://www.virginmobilefestival.com,410-715-5550
09/25/2012,,,Rio Center Mall,,,09/25/2012,"9811 Washingtonian Blvd., Gaithersburg, MD",,"http://www.washingtonpost.com/gog/music-events/rock-and-roll-relics,1164068.html",Rock & Roll Relics,,
10/08/2014,,-77.024,DC9,,7,08/13/2013,"1940 Ninth St. NW, Washington, DC",38.9161,"http://www.washingtonpost.com/gog/music-events/liberation-dance-party,1164734.html",Liberation Dance Party,,
10/10/2013,,-77.0211,Verizon Center,"Pink Floyd songwriter commemorates the 30th anniversary of his band's album ""The Wall.""",53-253,10/10/2013,"601 F St. NW, Washington, DC",38.8981,"http://www.washingtonpost.com/gog/music-events/roger-waters,1043680.html",Roger Waters,,202-397-7328
03/31/2014,,-77.2809,Meadowlark Botanical Gardens,The park will be open early and late for dedicated nature photographers,5 for those who arrive before 10 a.m.,03/31/2014,"9750 Meadowlark Gardens Ct., Vienna, VA",38.9377,"http://www.washingtonpost.com/gog/music-events/photographers-field-day,1164206.html",Photographer's Field Day,,
05/05/2014,,-76.9868,The Rock and Roll Hotel,,10,05/05/2014,"1353 H St. NE, Washington, DC",38.9001,"http://www.washingtonpost.com/gog/music-events/savoir-adore-with-exit-clov-and-middle-distance-runner,1165214.html",Savoir Adore with Exit Clov and Middle Distance Runner,,
02/24/2014,,-77.0725,Gin & Tonic Tavern,A weekly showcase for local bands -- with drink specials! -- in Glover Park,Free,02/24/2014,"2408 Wisconsin Ave. NW, Washington, DC",38.9216,"http://www.washingtonpost.com/gog/bar-club-events/tavern-sessions,1161355.html",Tavern Sessions,,
10/02/2011,,-77.055,The John F. Kennedy Center for the Performing Arts,conductor Christoph Eschenbach debuts Pintscher's H&eacute;rodiade-Fragmente with soprano Marisol Montalvo.,20.00 - 85.00,09/30/2010,"2700 F St. NW, Washington, DC",38.8974,"http://www.washingtonpost.com/gog/music-events/beethovens-symphony-no.-9,1170001.html",Beethoven's Symphony No. 9,,202-467-4600. 800-444-1324
09/10/2012,,-77.0227,National Gallery of Art Sculpture Garden and Ice Skating Rink,Free Friday concerts in the National Gallery of Art's Sculpture Garden.,,08/13/2011,"700 Constitution Ave. NW, Washington, DC",38.8917,"http://www.washingtonpost.com/gog/music-events/jazz-in-the-garden,1071956.html",Jazz in the Garden,http://www.nga.gov/programs/jazz/,202-289-3360
,,-77.0407,Dahlak,"The weekly jam -- free for both musicians and jazz-lovers -- runs from 6:30 to 9:30 p.m., and draws enthusiastic amateurs as well as pros.",Free,,"1771 U St. NW, Washington, DC",38.917,"http://www.washingtonpost.com/gog/bar-club-events/d.c.-jazz-jam,1169507.html",D.C. Jazz Jam,,
12/09/2012,,-77.0552,Zoo Bar (Oxford Tavern),,,08/15/2011,"3000 Connecticut Ave., Washington, DC",38.9296,"http://www.washingtonpost.com/gog/music-events/mike-flahertys-dixieland-direct-jazz-band,1163894.html",Mike Flaherty's Dixieland Direct Jazz Band,,
02/25/2011,,-76.9443,Clarice Smith Performing Arts Center at Maryland,"Perform Franz Schubert's ""Piano Trio in B-flat Major"" and ""Piano Trio in E-flat Major""",42,02/25/2011,"University of Maryland, University Boulevard and Stadium Drive, College Park, MD",38.9889,"http://www.washingtonpost.com/gog/music-events/pianist-wu-han,1169655.html",Pianist Wu Han,,301-405-2787
03/31/2012,,-77.2809,Meadowlark Botanical Gardens,The park will be open early and late for dedicated nature photographers,5 for those who arrive before 10 a.m.,03/31/2012,"9750 Meadowlark Gardens Ct., Vienna, VA",38.9377,"http://www.washingtonpost.com/gog/music-events/photographers-field-day,1164206.html",Photographer's Field Day,,
10/02/2012,,-77.055,The John F. Kennedy Center for the Performing Arts,conductor Christoph Eschenbach debuts Pintscher's H&eacute;rodiade-Fragmente with soprano Marisol Montalvo.,20.00 - 85.00,09/30/2011,"2700 F St. NW, Washington, DC",38.8974,"http://www.washingtonpost.com/gog/music-events/beethovens-symphony-no.-9,1170001.html",Beethoven's Symphony No. 9,,202-467-4600. 800-444-1324
10/03/2011,,-77.0468,Phillips Collection,"Recital with students and faculty of the Robert McDuffie Center for Strings. Includes works by Igor Stravinsky, Sergei Prokofiev and Ernest Chausson",Free,10/03/2011,"1600 21st St. NW, Washington, DC",38.9112,"http://www.washingtonpost.com/gog/music-events/violinist-robert-mcduffie,1169662.html",Violinist Robert McDuffie,,202-387-2151
10/03/2011,,-77.1085,Rachel M. Schlesinger Concert Hall and Arts Center,"Part of the Norway Comes To Washington Festival, Sponsored by the Embassy of Norway Hovhaness, Mysterious Mountain Grieg, Piano Concerto Tchaikovsky, Symphony No. Four",35-80,10/02/2011,"3001 N. Beauregard St., Alexandria, VA",38.8408,"http://www.washingtonpost.com/gog/music-events/steffen-horn,1170053.html",Steffen Horn,,703-845-6156
10/03/2011,,-77.0027,Folger Theatre,Perform music from the court of Henry VIII,35,10/01/2011,"201 East Capitol St. SE, Washington, DC",38.8898,"http://www.washingtonpost.com/gog/music-events/instrumentalist-tom-zajac,1169656.html",Instrumentalist Tom Zajac,,202-544-7077
10/06/2011,,-77.0289,National Museum of Women in the Arts,"Perform Russian romance music including ""Ochi Chernye"" and works by Peter Tchaikovsky",Free,10/06/2011,"1250 New York Ave. NW, Washington, DC",38.9006,"http://www.washingtonpost.com/gog/music-events/russian-soprano-olga-orlovskaya-with-pianist-vera-danchenko-stern-and-jazz-pianist-victor-prudovsky.,1169661.html",Russian soprano Olga Orlovskaya with pianist Vera Danchenko-Stern and jazz pianist Victor Prudovsky.,,202-783-5000
10/07/2011,,-77.1053,The Mansion at Strathmore,,28,10/07/2011,"10701 Rockville Pike, North Bethesda, MD",39.0311,"http://www.washingtonpost.com/gog/music-events/classical-guitarist-paul-galbraith,1170103.html",Classical guitarist Paul Galbraith,,301-581-5100
10/09/2011,,-77.105,The Music Center at Strathmore,"Performance of Mahler's Resurrection. Pitor Gajewski, conductor, Iwona Sobotka, Soprano, Magdalena Wor, mezzo-soprano.",32-79,10/09/2011,"5301 Tuckerman Lane, North Bethesda, MD",39.0307,"http://www.washingtonpost.com/gog/music-events/mahlers-resurrection,1169560.html",Mahler's Resurrection,,301-581-5100
10/09/2011,,-77.055,The John F. Kennedy Center for the Performing Arts,"conductor Christoph Eschenbach begins a season long concentration of Beethoven, featuring violin soloist Christian Tetzlaff Also, Bruckner's Symphony No. 6.",20.00 - 85.00,10/07/2011,"2700 F St. NW, Washington, DC",38.8974,"http://www.washingtonpost.com/gog/music-events/christian-tetzlaff,1170002.html",Christian Tetzlaff,,202-467-4600. 800-444-1324
10/10/2011,,-77.0468,Phillips Collection,"Performs Franz Liszt's ""Spanish Rhapsody,"" and works by Spanish composers.",Free,10/10/2011,"1600 21st St. NW, Washington, DC",38.9112,"http://www.washingtonpost.com/gog/music-events/pianist-daniel-del-pino,1169663.html",Pianist Daniel del Pino,,202-387-2151
10/14/2011,,-77.055,The John F. Kennedy Center for the Performing Arts,"Kirill Karabits , conductor  Silvestrov - Elegy Shostakovich- Violin Concerto No. 2 Sibelius - Symphony No. 1",20.00 - 85.00,10/13/2011,"2700 F St. NW, Washington, DC",38.8974,"http://www.washingtonpost.com/gog/music-events/sergey-khachatryan,1170011.html",Sergey Khachatryan,,202-467-4600. 800-444-1324
10/16/2011,,-77.105,The Music Center at Strathmore,"With 17-year-old conductor Ilyich Rivas and pianist Markus Groh. Perform works by Johannes Brahms, Ludwig van Beethoven, Gustav Mahler and Dmitri Shostakovich",28,10/16/2011,"5301 Tuckerman Lane, North Bethesda, MD",39.0307,"http://www.washingtonpost.com/gog/music-events/baltimore-symphony-orchestra,1170104.html",Baltimore Symphony Orchestra,,301-581-5100
10/16/2011,,-77.055,The John F. Kennedy Center for the Performing Arts,"Christoph Eschenbach, conductor  Symphony No. 5 as well as Kindertotenlieder, with Nathalie Stutzmann, contralto",20.00 - 85.00,10/14/2011,"2700 F St. NW, Washington, DC",38.8974,"http://www.washingtonpost.com/gog/music-events/all-mahler-program,1170003.html",All-Mahler program,,202-467-4600. 800-444-1324
10/17/2011,,-76.9873,Atlas Performing Arts Center,"With pianist Sarah Barham, performs Franz Liszt's ""Dance of Death"" and Beethoven's 7th Symphony",,10/17/2011,"1333 H St. NE, Washington, DC",38.9001,"http://www.washingtonpost.com/gog/music-events/capital-city-symphony,1169566.html",Capital City Symphony,,202-399-7993
10/17/2011,,-77.0468,Phillips Collection,"Performs Johann Bach's ""Preludes & Interludes"" and Robert Schumann's ""Intermezzi, Op. 4""",Free,10/17/2011,"1600 21st St. NW, Washington, DC",38.9112,"http://www.washingtonpost.com/gog/music-events/pianist-andrea-padova,1169664.html",Pianist Andrea Padova,,202-387-2151
10/17/2011,,-77.0686,Embassy of Austria,Part of The Embassy Series spotlighting all-Beethoven piano sonatas,50/reception,10/17/2011,"3524 International Ct. NW, Washington, DC",38.9449,"http://www.washingtonpost.com/gog/music-events/till-fellner,1170059.html",Till Fellner,,202-895-6776
10/17/2011,,-77.1242,Jewish Community Center of Greater Washington,part of the JCC's 2010-2011 Artists of Excellence concert series,45 senior adults (age 62+) and students 50 general public,10/17/2011,"6125 Montrose Rd., Rockville, MD",39.0528,"http://www.washingtonpost.com/gog/music-events/violinist-stefan-jackiw,1169864.html",Violinist Stefan Jackiw,,301-881-0100
10/19/2011,,,Clarice Smith Performing Arts Center at Maryland,"Performance includes the Left Bank Quartet and University of Maryland faculty members Larissa Dedova, Mikhail Volchok, Katherine Murdock and Paul Cigan",,10/19/2011,"University of Maryland, University Boulevard and Stadium Drive, College Park, MD",,"http://www.washingtonpost.com/gog/music-events/the-chamber-music-of-robert-schumann,1170034.html",The Chamber Music of Robert Schumann,,301-405-2787
10/20/2011,,-77.105,The Music Center at Strathmore,Performs works by Robert Schumann. Presented by the Washington Performing Arts Society,28,10/20/2011,"5301 Tuckerman Lane, North Bethesda, MD",39.0307,"http://www.washingtonpost.com/gog/music-events/pianist-andr-and-aacute-s-schiff,1170105.html",Pianist Andr&aacute;s Schiff,,301-581-5100
10/20/2011,,-76.9443,Clarice Smith Performing Arts Center at Maryland,"Perform Robert Schumann's song cycle ""Dichterliebe""",42,10/20/2011,"University of Maryland, University Boulevard and Stadium Drive, College Park, MD",38.9889,"http://www.washingtonpost.com/gog/music-events/pianist-charles-rosen-and-tenor-christoph-genz,1169653.html",Pianist Charles Rosen and tenor Christoph Genz,,301-405-2787
10/21/2011,,-77.105,The Music Center at Strathmore,"With the Baltimore Symphony Orchestra. Perform works by Mikhail Glinka, Dmitri Shostakovich and Igor Stravinsky",28,10/21/2011,"5301 Tuckerman Lane, North Bethesda, MD",39.0307,"http://www.washingtonpost.com/gog/music-events/violinist-midori-and-conductor-gilbert-varga,1170106.html",Violinist Midori and conductor Gilbert Varga,,301-581-5100
10/21/2011,,,The John F. Kennedy Center for the Performing Arts,"Morricone: ""Gabriel's Oboe"" from The Mission Gershwin: Prelude No. 2 Mariano: Cristal Brahms: Sonata No. 1 in E Minor Rachmaninov: Sonata in G Minor",,10/21/2011,"2700 F St. NW, Washington, DC",,"http://www.washingtonpost.com/gog/music-events/washington-performing-arts-society-presents-yo-yo-ma-on-cello-and-kathryn-stott-piano,1170016.html",Washington Performing Arts Society presents Yo-Yo Ma on (cello) and Kathryn Stott (piano),,202-467-4600. 800-444-1324
10/22/2011,,-77.2666,Wolf Trap - The Barns,part of the Discovery Series Founder's Day Celebration,40,10/22/2011,"1635 Trap Rd., Vienna, VA",38.9324,"http://www.washingtonpost.com/gog/music-events/the-american-string-quartet-featuring-menahem-pressler,1170062.html",The American String Quartet featuring Menahem Pressler,,703-938-2404
10/23/2011,,-76.5042,Maryland Hall for the Creative Arts,"Perform Italian arias, duets, and ensembles with the Annapolis Opera Company",42-52,10/23/2011,"801 Chase St., Annapolis, MD",38.9729,"http://www.washingtonpost.com/gog/music-events/baritone-jason-stearns-and-conductor-ron-gretz,1169659.html",Baritone Jason Stearns and conductor Ron Gretz,,410-263-5544
10/23/2011,,-77.0621,Dumbarton United Methodist Church,"Performs ""Roll Over Johann!"" including Brandenburg Concerto No. 3, the Toccata and Fugue in D Minor",33,10/23/2011,"3133 Dumbarton Ave. NW, Washington, DC",38.9076,"http://www.washingtonpost.com/gog/music-events/red-priest,1169568.html",Red Priest,,202-965-2000
10/24/2011,,-77.0473,"Lyceum, Alexandria's History Museum","Featuring Claudia Chudacoff, Concertmaster and Sean Neidlinger, Cellist performing duets by Kodaly & Ravel",Free,10/24/2011,"201 S. Washington St., Alexandria, VA",38.8029,"http://www.washingtonpost.com/gog/music-events/chamber-music-with-the-alexandria-symphony-orchestra,1170057.html",Chamber Music with the Alexandria Symphony Orchestra,,703-746-4994
10/24/2011,,-77.0468,Phillips Collection,Perform works by Antonin Dvo&#345;&aacute;k and American composer Evan Chambers.,Free,10/24/2011,"1600 21st St. NW, Washington, DC",38.9112,"http://www.washingtonpost.com/gog/music-events/violinist-walter-verdehr,1169665.html",Violinist Walter Verdehr,,202-387-2151
10/24/2011,,-77.0466,George Washington University - Lisner Auditorium,"Antony Walker, conductor  Mary Elizabeth Williams, Elizabeth Bishop, James Valenti and Donnie Ray Albert  with the Washington Concert Opera orchestra and chorus. In Italian with projected English translations.",,10/24/2011,"730 21st St. NW, Washington, DC",38.8996,"http://www.washingtonpost.com/gog/music-events/washington-concert-opera-presents-francesco-cileas-adriana-lecouvreur,1170058.html",Washington Concert Opera presents Francesco Cilea's Adriana Lecouvreur,,202-994-6800
10/24/2011,,-77.105,The Music Center at Strathmore,"Performance of Dvorak's ""New World Symphony"" conducted by Pitor Gajewski,Zulli Bailey, cello.",,10/23/2011,"5301 Tuckerman Lane, North Bethesda, MD",39.0307,"http://www.washingtonpost.com/gog/music-events/dvoraks-new-world-symphony,1169559.html",Dvorak's New World Symphony,,301-581-5100
10/24/2011,,-76.9443,Clarice Smith Performing Arts Center at Maryland,"featuring Russian pianists Genadi Zagor and Vakhtang Kodanashvili Gershwin's Rhapsody in Blue, Three Preludes, Concert in F and Cuban Overture",42,10/21/2011,"University of Maryland, University Boulevard and Stadium Drive, College Park, MD",38.9889,"http://www.washingtonpost.com/gog/music-events/the-post-classical-ensemble-presents-the-gershwin-project-russian-gershwin,1170049.html",The Post-Classical Ensemble presents: The Gershwin Project: Russian Gershwin,,301-405-2787
10/28/2011,,-77.1053,The Mansion at Strathmore,"Performs works by Joseph Haydn, Dmitri Shostakovich and Edvard Grieg",28,10/28/2011,"10701 Rockville Pike, North Bethesda, MD",39.0311,"http://www.washingtonpost.com/gog/music-events/borealis-string-quartet,1170107.html",Borealis String Quartet,,301-581-5100
10/29/2011,,-77.0377,Embassy of Australia,"Part of The Embassy Series Graham Ashton, trumpet Donna Balson, soprano John Lettieri, piano",75/reception - valet parking,10/29/2011,"1601 Massachusetts Ave. NW, Washington, DC",38.9077,"http://www.washingtonpost.com/gog/music-events/music-from-the-age-of-enlightenment,1170061.html",Music from the Age of Enlightenment,,202-797-3000
10/31/2011,,-77.0468,Phillips Collection,"Performs works by Franz Schubert, Johannes Brahms and Sergei Rachmaninoff",Free,10/31/2011,"1600 21st St. NW, Washington, DC",38.9112,"http://www.washingtonpost.com/gog/music-events/pianist-andrey-ponochevny,1169666.html",Pianist Andrey Ponochevny,,202-387-2151
10/31/2011,,-77.055,The John F. Kennedy Center for the Performing Arts,"Brett Mitchell, conductor  Dukas's The Sorcerer's Apprentice, John Williams's Hedwig's Theme from Harry Potter, and other ghoulish melodies will be performed",15 - 18,10/31/2011,"2700 F St. NW, Washington, DC",38.8974,"http://www.washingtonpost.com/gog/music-events/spooky-sounds-and-scary-tales,1170004.html",Spooky Sounds and Scary Tales,,202-467-4600. 800-444-1324
09/10/2012,,-77.0227,National Gallery of Art Sculpture Garden and Ice Skating Rink,Free Friday concerts in the National Gallery of Art's Sculpture Garden.,,08/20/2011,"700 Constitution Ave. NW, Washington, DC",38.8917,"http://www.washingtonpost.com/gog/music-events/jazz-in-the-garden,1071956.html",Jazz in the Garden,http://www.nga.gov/programs/jazz/,202-289-3360
11/06/2011,,-77.105,The Music Center at Strathmore,"Stan Engebretson, conductor. Robert Breault, tenor.",,11/06/2011,"5301 Tuckerman Lane, North Bethesda, MD",39.0307,"http://www.washingtonpost.com/gog/music-events/berliozs-requiem,1169561.html",Berlioz's Requiem,,301-581-5100
11/06/2011,,-77.1085,Rachel M. Schlesinger Concert Hall and Arts Center,"Part of the Norway Comes To Washington Festival, Sponsored by the Embassy of Norway Barber, Violin Concerto Cardon, Shaker Fantasia Copland, Applachian Spring Meldelssohn, Symphony No. 3, ""Scottish""",,11/06/2011,"3001 N. Beauregard St., Alexandria, VA",38.8408,"http://www.washingtonpost.com/gog/music-events/jenny-oaks-baker,1170054.html",Jenny Oaks Baker,,703-845-6156
11/07/2011,,-77.0468,Phillips Collection,"Perform Johann Bach's ""Suite No. 1 for Unaccompanied Cello in G Major"" and Michael Hersch's ""Sonata No. 1 for Unaccompanied Cello""",Free,11/07/2011,"1600 21st St. NW, Washington, DC",38.9112,"http://www.washingtonpost.com/gog/music-events/cellist-daniel-gaisford-and-pianist-michael-hersch,1169870.html",Cellist Daniel Gaisford and pianist Michael Hersch,,202-387-2151
11/07/2011,,-77.1242,Jewish Community Center of Greater Washington,part of the JCC's 2010-2011 Artists of Excellence concert series,45 senior adults (age 62+) and students 50 general public,11/07/2011,"6125 Montrose Rd., Rockville, MD",39.0528,"http://www.washingtonpost.com/gog/music-events/collin-carr,1169866.html",Collin Carr,,301-881-0100
12/09/2012,,-77.0552,Zoo Bar (Oxford Tavern),,,08/22/2011,"3000 Connecticut Ave., Washington, DC",38.9296,"http://www.washingtonpost.com/gog/music-events/mike-flahertys-dixieland-direct-jazz-band,1163894.html",Mike Flaherty's Dixieland Direct Jazz Band,,
11/07/2011,,-77.055,The John F. Kennedy Center for the Performing Arts,"Xian Zhang, conductor Debussy - Prelude to the Afternoon of a Faun  Prokofiev - Violin Concerto No. 2  Stravinsky - Le Chant du rossignol Bartok - The Miraculous Mandari",20.00 - 85.00,11/04/2011,"2700 F St. NW, Washington, DC",38.8974,"http://www.washingtonpost.com/gog/music-events/gil-shaham,1170005.html",Gil Shaham,,202-467-4600. 800-444-1324
11/08/2011,,-77.105,The Music Center at Strathmore,Performs works by Wolfgang Mozart,25-65,11/08/2011,"5301 Tuckerman Lane, North Bethesda, MD",39.0307,"http://www.washingtonpost.com/gog/music-events/the-academy-of-st.-martin-in-the-fields-with-director-and-pianist-jonathan-biss,1170108.html",The Academy of St. Martin in the Fields with director and pianist Jonathan Biss,,301-581-5100
11/12/2011,,-77.2666,Wolf Trap - The Barns,chamber ensemble's premiere at Wolf Trap. Part of the Discovery Series.,35,11/12/2011,"1635 Trap Rd., Vienna, VA",38.9324,"http://www.washingtonpost.com/gog/music-events/trio-cavatina,1170041.html",Trio Cavatina,,703-938-2404
11/13/2011,,-76.9873,Atlas Performing Arts Center,"The Opera Lafayette performs ""La Muse de l'Op&eacute;ra- A Family Performance"" Sung in French with English transitions",,11/13/2011,"1333 H St. NE, Washington, DC",38.9001,"http://www.washingtonpost.com/gog/music-events/conductor-ryan-brown,1169567.html",Conductor Ryan Brown,,202-399-7993
11/13/2011,,-77.0621,Dumbarton United Methodist Church,"Performs Johannes Brahms's Clarinet Quintet in B Minor, Op .115 and Robert Schumann's Piano Quartet in E Flat Major, Op. 47.",33,11/13/2011,"3133 Dumbarton Ave. NW, Washington, DC",38.9076,"http://www.washingtonpost.com/gog/music-events/left-bank-concert-society,1169569.html",Left Bank Concert Society,,202-965-2000
11/13/2011,,,The John F. Kennedy Center for the Performing Arts,"with Lambert Orkis, piano Brahms: The Complete Violin Sonatas (1,2,3)",,11/13/2011,"2700 F St. NW, Washington, DC",,"http://www.washingtonpost.com/gog/music-events/washington-performing-arts-society-presents-anne-sophie-muller,1170017.html",Washington Performing Arts Society presents Anne-Sophie Muller,,202-467-4600. 800-444-1324
11/14/2011,,-77.0468,Phillips Collection,Performs works by Alexander Scriabin and  Franz  Liszt,Free,11/14/2011,"1600 21st St. NW, Washington, DC",38.9112,"http://www.washingtonpost.com/gog/music-events/pianist-artur-aksenov,1169871.html",Pianist Artur Aksenov,,202-387-2151
11/14/2011,,,Atlas Performing Arts Center,"A family concert that includes Gioachino Rossini's ""Barber of Seville"" overture, Richard Wagner's ""Flying Dutchman"" overture and Peter Tchaikovsky's ""Sleeping Beauty Waltz.""",,11/14/2011,"1333 H St. NE, Washington, DC",,"http://www.washingtonpost.com/gog/music-events/the-case-of-the-missing-melody,1170033.html",The Case of the Missing Melody,,202-399-7993
11/20/2011,,-77.055,The John F. Kennedy Center for the Performing Arts,"Susanna M&auml;lkki, conductor  Lindberg - Parada Mahler - Adagio from Symphony No. 10  Beethovem - Piano Concerto No. 5",20.00 - 85.00,11/18/2011,"2700 F St. NW, Washington, DC",38.8974,"http://www.washingtonpost.com/gog/music-events/garrick-ohlsson,1170006.html",Garrick Ohlsson,,202-467-4600. 800-444-1324
11/23/2011,,,Clarice Smith Performing Arts Center at Maryland,"Presents Daniel Cat&aacute;n's opera ""Florencia.""",,11/19/2011,"University of Maryland, University Boulevard and Stadium Drive, College Park, MD",,"http://www.washingtonpost.com/gog/music-events/the-maryland-opera-studio,1170035.html",The Maryland Opera Studio,,301-405-2787
11/28/2011,,-77.0468,Phillips Collection,"Performs Johann Bach's ""Prelude and Fugue in B minor"" and Wolfgang Mozart's ""Sonata in A minor""",Free,11/28/2011,"1600 21st St. NW, Washington, DC",38.9112,"http://www.washingtonpost.com/gog/music-events/pianist-alan-mandel,1169872.html",Pianist Alan Mandel,,202-387-2151
12/04/2011,,-77.0693,Rosslyn Spectrum Theatre,,,12/04/2011,"1611 N. Kent St., Arlington, VA",38.8949,"http://www.washingtonpost.com/gog/music-events/duke-ellingtons-nutcracker-suite,1170056.html",Duke Ellington's Nutcracker Suite,,703-228-1850
12/04/2011,,-77.055,The John F. Kennedy Center for the Performing Arts,"Emmanuel Krivine , conductor  Beethoven - Egmont Overture and Piano Concerto No. 2 Liszt - Les Pr&eacute;ludes Strauss - Don Juan Program Notes",20.00 - 85.00,12/02/2011,"2700 F St. NW, Washington, DC",38.8974,"http://www.washingtonpost.com/gog/music-events/louis-lortie,1170007.html",Louis Lortie,,202-467-4600. 800-444-1324
12/05/2011,,-76.5042,Maryland Hall for the Creative Arts,"Performs ""Gifts from Grand Opera""",,12/05/2011,"801 Chase St., Annapolis, MD",38.9729,"http://www.washingtonpost.com/gog/music-events/annapolis-opera-company,1169660.html",Annapolis Opera Company,,410-263-5544
12/05/2011,,-77.1242,Jewish Community Center of Greater Washington,part of the JCC's 2010-2011 Artists of Excellence concert series,45 senior adults (age 62+) and students 50 general public,12/05/2011,"6125 Montrose Rd., Rockville, MD",39.0528,"http://www.washingtonpost.com/gog/music-events/parker-quartet-with-kim-kashkashian,1169867.html",Parker Quartet with Kim Kashkashian,,301-881-0100
12/05/2011,,-77.0468,Phillips Collection,"Perform works by Edward Elgar, Wolfgang Mozart, B&eacute;la Bart&oacute;k and Robert Schumann",Free,12/05/2011,"1600 21st St. NW, Washington, DC",38.9112,"http://www.washingtonpost.com/gog/music-events/violinist-joanna-frankel-and-pianist-gregory-deturck,1169873.html",Violinist Joanna Frankel and pianist Gregory deTurck,,202-387-2151
12/12/2011,,-77.0468,Phillips Collection,"Performs works by Robert Schumann, Maurice  Ravel and Johannes Brahms",Free,12/12/2011,"1600 21st St. NW, Washington, DC",38.9112,"http://www.washingtonpost.com/gog/music-events/pianist-anna-bulkina,1169874.html",Pianist Anna Bulkina,,202-387-2151
12/12/2011,,-77.105,The Music Center at Strathmore,"Stan Engebretson, conductor; Audrey Elizabeth Luna, soprano; Yvette Smith, mezzo-soprano; Don Bernardini, tenor; Christoperen Nomura, baritone.",32-79,12/11/2011,"5301 Tuckerman Lane, North Bethesda, MD",39.0307,"http://www.washingtonpost.com/gog/music-events/handels-messiah,1169562.html",Handel's Messiah,,301-581-5100
12/12/2011,,-77.0719,Georgetown University,The Folger Consort with the Augsburg Cathedral Boys' Choir,43,12/10/2011,"37th and O Streets NW, Washington, DC",38.908,"http://www.washingtonpost.com/gog/music-events/a-renaissance-christmas,1170051.html",A Renaissance Christmas,,
12/12/2011,,-77.0621,Dumbarton United Methodist Church,"Perform ""A Celtic Christmas""",,12/04/2011,"3133 Dumbarton Ave. NW, Washington, DC",38.9076,"http://www.washingtonpost.com/gog/music-events/barnes-and-hampton-celtic-consort,1169570.html",Barnes & Hampton Celtic Consort,,202-965-2000
12/13/2011,,-77.055,The John F. Kennedy Center for the Performing Arts,"Norman Scribner, conductor",,12/13/2011,"2700 F St. NW, Washington, DC",38.8974,"http://www.washingtonpost.com/gog/music-events/choral-arts-presents-christmas-music-the-treasured-holiday-tradition,1170099.html",Choral Arts presents: Christmas Music - The Treasured Holiday Tradition,,202-467-4600. 800-444-1324
12/18/2011,,-77.055,The John F. Kennedy Center for the Performing Arts,"Joseph Holt, guest conductor Mary Hall Surface, playwright/director Through December 24.",,12/18/2011,"2700 F St. NW, Washington, DC",38.8974,"http://www.washingtonpost.com/gog/music-events/choral-arts-presennts-family-christmas-concert-the-night-before-christmas,1170100.html",Choral Arts presennts: Family Christmas Concert - The Night Before Christmas,,202-467-4600. 800-444-1324
12/19/2011,,-77.0468,Phillips Collection,"Performs Franz Liszt's ""12 &Eacute;tudes d'ex&eacute;cution transcendante""",Free,12/19/2011,"1600 21st St. NW, Washington, DC",38.9112,"http://www.washingtonpost.com/gog/music-events/pianist-stanislav-khristenko,1169875.html",Pianist Stanislav Khristenko,,202-387-2151
12/19/2011,,-77.055,The John F. Kennedy Center for the Performing Arts,"conductor Rinaldo Alessandrini presents the Messiah With Klara Ek , soprano Alisa Kolosova , mezzo-soprano Michele Angelini , tenor John Martin Royo , bass-baritone with The University of Maryland Concert Choir , Edward Maclary , director",20.00 - 85.00,12/16/2011,"2700 F St. NW, Washington, DC",38.8974,"http://www.washingtonpost.com/gog/music-events/handels-messiah,1170008.html",Handel's Messiah,,202-467-4600. 800-444-1324
01/07/2012,,-77.0728,Washington National Cathedral,Performs pieces by  Christopher Simpson and Antonio Vivaldi,30-50,01/07/2012,"Wisconsin and Massachusetts Avenues NW, Washington, DC",38.9288,"http://www.washingtonpost.com/gog/music-events/the-folger-consort,1169657.html",The Folger Consort,,202-537-6200
09/02/2011,,-77.0738,Arlington Farmers and Artists Market,Free lunchtime concerts every Thursday beginning at 11:45 a.m.,,08/19/2010,"At Wilson Boulevard and N. Oak Street, Arlington, VA",38.8948,"http://www.washingtonpost.com/gog/music-events/arlington-farmers-and-artists-market-summer-concert-series,1164307.html",Arlington Farmers and Artists Market Summer Concert Series,,
01/08/2012,,-77.105,The Music Center at Strathmore,"Piotr Gajewski, conductor; Chee-Yun, violin",32-79,01/08/2012,"5301 Tuckerman Lane, North Bethesda, MD",39.0307,"http://www.washingtonpost.com/gog/music-events/chee-yun-plays-vivaldis-four-seasons,1169563.html",Chee-Yun Plays Vivaldi's Four Seasons,,301-581-5100
01/14/2012,,-77.2666,Wolf Trap - The Barns,part of The Discovery Series,35,01/14/2012,"1635 Trap Rd., Vienna, VA",38.9324,"http://www.washingtonpost.com/gog/music-events/the-peabody-trio,1170045.html",The Peabody Trio,,703-938-2404
01/16/2012,,-77.0468,Phillips Collection,"Perform works by Claude Debussy, Jeffrey Mumford and Richard Strauss",Free,01/16/2012,"1600 21st St. NW, Washington, DC",38.9112,"http://www.washingtonpost.com/gog/music-events/violinist-kelly-hall-tompkins-and-pianist-craig-ketter,1169876.html",Violinist Kelly Hall-Tompkins and pianist Craig Ketter,,202-387-2151
01/22/2012,,-77.105,The Music Center at Strathmore,,24-44,01/22/2012,"5301 Tuckerman Lane, North Bethesda, MD",39.0307,"http://www.washingtonpost.com/gog/music-events/brian-ganz-chopin-piano-recital,1169564.html",Brian Ganz Chopin Piano Recital,,301-581-5100
09/18/2012,,-77.1976,Rio Center Mall,,,08/21/2011,"9811 Washingtonian Blvd., Gaithersburg, MD",39.1148,"http://www.washingtonpost.com/gog/music-events/dc-motors,1164070.html",DC Motors,,
01/23/2012,,-77.0468,Phillips Collection,"Includes pianist Daniel Epstein,violinist Andy Simionescu and cellist Susan Salm. Part 1 of a two part performance of the complete Piano Trios of Franz Schubert",Free,01/23/2012,"1600 21st St. NW, Washington, DC",38.9112,"http://www.washingtonpost.com/gog/music-events/raphael-trio,1169877.html",Raphael Trio,,202-387-2151
09/24/2011,,-77.0297,Woodrow Wilson Center,"Free performances of all kinds of music, from folk to jazz to pop, with different artists daily.",Free,08/18/2011,"1300 Pennsylvania Ave. NW, Washington, DC",38.8954,"http://www.washingtonpost.com/gog/music-events/live-on-woodrow-wilson-plaza,1164041.html",Live! On Woodrow Wilson Plaza,,
01/22/2012,,-77.055,The John F. Kennedy Center for the Performing Arts,"Christoph Eschenbach , conductor  This concert will be spotlighting: Bernstein - Fanfare for the Inauguration of JFK, Symphonic Dances from West Side Story",20.00 - 85.00,01/22/2012,"2700 F St. NW, Washington, DC",38.8974,"http://www.washingtonpost.com/gog/music-events/tzimon-barto,1170013.html",Tzimon Barto,,202-467-4600. 800-444-1324
09/24/2011,,-77.1976,Rio Center Mall,,,08/20/2011,"9811 Washingtonian Blvd., Gaithersburg, MD",39.1148,"http://www.washingtonpost.com/gog/music-events/sons-of-pirates,1164062.html",Sons of Pirates,,
01/28/2012,,-77.2666,Wolf Trap - The Barns,Part of The Discovery Series,35,01/28/2012,"1635 Trap Rd., Vienna, VA",38.9324,"http://www.washingtonpost.com/gog/music-events/david-jolley,1170046.html",David Jolley,,703-938-2404
09/25/2011,,-76.4945,Rams Head Tavern,,35,09/25/2011,"33 West St., Annapolis, MD",38.9782,"http://www.washingtonpost.com/gog/music-events/hiroshima,1164729.html",Hiroshima,,
01/27/2012,,-77.055,The John F. Kennedy Center for the Performing Arts,"Christoph Eschenbach, conductor  Nurit Bar-Josef , violin David Hardy , cello Lambert Orkis , piano Berg - Three Pieces for Orchestra Beethoven - Triple Concerto, Symphony No. 5",20.00 - 85.00,01/27/2012,"2700 F St. NW, Washington, DC",38.8974,"http://www.washingtonpost.com/gog/music-events/christoph-eschenbach,1170014.html",Christoph Eschenbach,,202-467-4600. 800-444-1324
09/25/2011,,-77.1976,Rio Center Mall,,Free,09/25/2011,"9811 Washingtonian Blvd., Gaithersburg, MD",39.1148,"http://www.washingtonpost.com/gog/music-events/rock-and-roll-relics,1164068.html",Rock & Roll Relics,,
01/30/2012,,-77.0468,Phillips Collection,"Includes pianist Daniel Epstein, violinist Andy Simionescu and cellist Susan Salm. Part 2 of a two part performance of the complete Piano Trios of Franz Schubert",Free,01/30/2012,"1600 21st St. NW, Washington, DC",38.9112,"http://www.washingtonpost.com/gog/music-events/the-raphael-trio,1169878.html",The Raphael Trio,,202-387-2151
09/25/2011,,-76.8803,Merriweather Post Pavilion,"M.I.A., LCD Soundsystem, T.I., Pavement and Ludacris headline this year's free festival. Tickets will be available at 10 a.m. Saturday, July 24; they won't last long.",Free; tickets required,09/25/2011,"10475 Little Patuxent Pwy., Columbia, MD",39.2118,"http://www.washingtonpost.com/gog/music-events/virgin-mobile-freefest,1166056.html",Virgin Mobile FreeFest,http://www.virginmobilefestival.com,410-715-5550
02/06/2012,,-77.0468,Phillips Collection,"Perform work by Wolfgang Mozart,Ludwig van Beethoven, Anton&iacute;n Dvo&#345;&aacute;k and Bed&#345;ich Smetana",Free,02/06/2012,"1600 21st St. NW, Washington, DC",38.9112,"http://www.washingtonpost.com/gog/music-events/violinist-victor-danchenko-and-pianist-vera-danchenko-stern,1169852.html",Violinist Victor Danchenko and pianist Vera Danchenko-Stern,,202-387-2151
10/08/2013,,-77.024,DC9,,7,08/20/2012,"1940 Ninth St. NW, Washington, DC",38.9161,"http://www.washingtonpost.com/gog/music-events/liberation-dance-party,1164734.html",Liberation Dance Party,,
02/11/2012,,-77.2666,Wolf Trap - The Barns,"part of The Discovery Series  including works by Telemann, Corelli, and Handel",35,02/11/2012,"1635 Trap Rd., Vienna, VA",38.9324,"http://www.washingtonpost.com/gog/music-events/rebel-baroque,1170047.html",Rebel Baroque,,703-938-2404
10/10/2012,,-77.0211,Verizon Center,"Pink Floyd songwriter commemorates the 30th anniversary of his band's album ""The Wall.""",53-253,10/10/2012,"601 F St. NW, Washington, DC",38.8981,"http://www.washingtonpost.com/gog/music-events/roger-waters,1043680.html",Roger Waters,,202-397-7328
03/31/2013,,-77.2809,Meadowlark Botanical Gardens,The park will be open early and late for dedicated nature photographers,5 for those who arrive before 10 a.m.,03/31/2013,"9750 Meadowlark Gardens Ct., Vienna, VA",38.9377,"http://www.washingtonpost.com/gog/music-events/photographers-field-day,1164206.html",Photographer's Field Day,,
02/12/2012,,-77.1085,Rachel M. Schlesinger Concert Hall and Arts Center,"part of the Norway Comes to Washington Festival, sponsored by the Embassy of Norway Marianelli, Pride & Prejudice Mozart/Rossini, Arias Dvorak, Symphony No. 8",35-80,02/12/2012,"3001 N. Beauregard St., Alexandria, VA",38.8408,"http://www.washingtonpost.com/gog/music-events/tommy-fallon,1170055.html",Tommy Fallon,,703-845-6156
05/05/2013,,-76.9868,The Rock and Roll Hotel,,10,05/05/2013,"1353 H St. NE, Washington, DC",38.9001,"http://www.washingtonpost.com/gog/music-events/savoir-adore-with-exit-clov-and-middle-distance-runner,1165214.html",Savoir Adore with Exit Clov and Middle Distance Runner,,
02/10/2012,,-77.055,The John F. Kennedy Center for the Performing Arts,"NSO debut of Gianandrea Noseda, featuring  Smetana - Overture to The Kiss Beethoven - Piano Concerto No. 3 Tchaikovsky - Manfred, Symphonic Poem after Byron",20.00 - 85.00,02/10/2012,"2700 F St. NW, Washington, DC",38.8974,"http://www.washingtonpost.com/gog/music-events/radu-lupuo-plays-beethoven-on-piano,1170015.html",Radu Lupuo plays Beethoven on piano,,202-467-4600. 800-444-1324
02/12/2012,,-77.105,The Music Center at Strathmore,"Piotr Gajewski, conductor; Christopher Taylor, piano; Danielle Talamantes, soprano; Linda Maguire, mezzo-soprano; Robert Baker, tenor; Christopheren Nomura, baritone.",32-79,02/12/2012,"5301 Tuckerman Lane, North Bethesda, MD",39.0307,"http://www.washingtonpost.com/gog/music-events/all-mozart,1169565.html",All Mozart,,301-581-5100
02/24/2013,,-77.0725,Gin & Tonic Tavern,A weekly showcase for local bands -- with drink specials! -- in Glover Park,Free,02/24/2013,"2408 Wisconsin Ave. NW, Washington, DC",38.9216,"http://www.washingtonpost.com/gog/bar-club-events/tavern-sessions,1161355.html",Tavern Sessions,,
02/15/2012,,,The John F. Kennedy Center for the Performing Arts,"with David Zobel, piano",,02/15/2012,"2700 F St. NW, Washington, DC",,"http://www.washingtonpost.com/gog/music-events/washington-performing-arts-society-presents-joyce-didonato,1170018.html",Washington Performing Arts Society presents Joyce DiDonato,,202-467-4600. 800-444-1324
02/20/2012,,-77.0468,Phillips Collection,"Performs Franz Schubert's ""Sonata in B flat Major""",Free,02/20/2012,"1600 21st St. NW, Washington, DC",38.9112,"http://www.washingtonpost.com/gog/music-events/pianist-haskell-small,1169853.html",Pianist Haskell Small,,202-387-2151
02/25/2012,,-77.2666,Wolf Trap - The Barns,part of The Discovery Series,35,02/25/2012,"1635 Trap Rd., Vienna, VA",38.9324,"http://www.washingtonpost.com/gog/music-events/cypress-string-quartet,1170048.html",Cypress String Quartet,,703-938-2404
02/25/2012,,-76.9443,Clarice Smith Performing Arts Center at Maryland,"Perform Franz Schubert's ""Piano Trio in B-flat Major"" and ""Piano Trio in E-flat Major""",42,02/25/2012,"University of Maryland, University Boulevard and Stadium Drive, College Park, MD",38.9889,"http://www.washingtonpost.com/gog/music-events/pianist-wu-han,1169655.html",Pianist Wu Han,,301-405-2787
09/24/2012,,-77.0297,Woodrow Wilson Center,"Free performances of all kinds of music, from folk to jazz to pop, with different artists daily.",Free,08/30/2011,"1300 Pennsylvania Ave. NW, Washington, DC",38.8954,"http://www.washingtonpost.com/gog/music-events/live-on-woodrow-wilson-plaza,1164041.html",Live! On Woodrow Wilson Plaza,,
09/25/2011,,,9:30 Club,,,09/25/2011,"815 V St. NW, Washington, DC",,"http://www.washingtonpost.com/gog/music-events/bullet-for-my-valentine,1170886.html",Bullet for My Valentine,,202-265-0930
09/25/2011,,-76.9866,The Rock and Roll Hotel,,"12 at the door, 10 in advance",09/25/2011,"1353 H St. NE, Washington, DC",38.9,"http://www.washingtonpost.com/gog/music-events/field-music,1171129.html",Field Music,,202-388-7625
09/26/2011,,-77.024,DC9,,"12 at the door, 10 in advance",09/26/2011,"1940 Ninth St. NW, Washington, DC",38.9161,"http://www.washingtonpost.com/gog/music-events/basia-bulat-and-the-acorn,1171327.html",Basia Bulat & The Acorn,,202-483-5000
09/26/2011,,,9:30 Club,,,09/26/2011,"815 V St. NW, Washington, DC",,"http://www.washingtonpost.com/gog/music-events/eels,1170887.html",Eels,,202-265-0930
09/26/2011,,-76.9866,The Rock and Roll Hotel,,15,09/26/2011,"1353 H St. NE, Washington, DC",38.9,"http://www.washingtonpost.com/gog/music-events/shonen-knife,1171128.html",Shonen Knife,,202-388-7625
09/27/2011,,,9:30 Club,,,09/27/2011,"815 V St. NW, Washington, DC",,"http://www.washingtonpost.com/gog/music-events/james,1170888.html",James,,202-265-0930
09/27/2011,,-76.9866,The Rock and Roll Hotel,,"14 at the door, 12 in advance",09/27/2011,"1353 H St. NE, Washington, DC",38.9,"http://www.washingtonpost.com/gog/music-events/wavves,1171130.html",Wavves,,202-388-7625
09/28/2011,,-77.024,DC9,,"12 at the door, 10 in advance",09/28/2011,"1940 Ninth St. NW, Washington, DC",38.9161,"http://www.washingtonpost.com/gog/music-events/film-school,1171328.html",Film School,,202-483-5000
09/28/2011,,,9:30 Club,,,09/28/2011,"815 V St. NW, Washington, DC",,"http://www.washingtonpost.com/gog/music-events/stars,1170889.html",Stars,,202-265-0930
09/29/2011,,-76.9866,The Rock and Roll Hotel,,"12 at the door, 10 in advance",09/29/2011,"1353 H St. NE, Washington, DC",38.9,"http://www.washingtonpost.com/gog/music-events/dead-confederate,1171131.html",Dead Confederate,,202-388-7625
09/29/2011,,-77.024,DC9,,12,09/29/2011,"1940 Ninth St. NW, Washington, DC",38.9161,"http://www.washingtonpost.com/gog/music-events/efterklang,1171329.html",Efterklang,,202-483-5000
09/30/2011,,,9:30 Club,,,09/30/2011,"815 V St. NW, Washington, DC",,"http://www.washingtonpost.com/gog/music-events/the-books,1170890.html",The Books,,202-265-0930
10/01/2011,,,9:30 Club,,,10/01/2011,"815 V St. NW, Washington, DC",,"http://www.washingtonpost.com/gog/music-events/rogue-wave,1170891.html",Rogue Wave,,202-265-0930
10/02/2011,,-76.9866,The Rock and Roll Hotel,,"12 at the door, 10 in advance",10/02/2011,"1353 H St. NE, Washington, DC",38.9,"http://www.washingtonpost.com/gog/music-events/mice-parade,1171132.html",Mice Parade,,202-388-7625
10/02/2011,,,9:30 Club,,,10/02/2011,"815 V St. NW, Washington, DC",,"http://www.washingtonpost.com/gog/music-events/teenage-fanclub,1170892.html",Teenage Fanclub,,202-265-0930
10/09/2011,,-77.0922,Iota Club & Cafe,,20,10/09/2011,"2832 Wilson Blvd., Arlington, VA",38.8889,"http://www.washingtonpost.com/gog/music-events/hoodoo-gurus,1171285.html",Hoodoo Gurus,,703-522-8340
10/09/2011,,-77.0624,Birchmere Music Hall,,25,10/09/2011,"3701 Mt. Vernon Ave., Alexandria, VA",38.8392,"http://www.washingtonpost.com/gog/music-events/the-subdudes,1171445.html",the subdudes,,703-549-7500
10/10/2011,,-77.0624,Birchmere Music Hall,,35,10/10/2011,"3701 Mt. Vernon Ave., Alexandria, VA",38.8392,"http://www.washingtonpost.com/gog/music-events/najee,1171446.html",Najee,,703-549-7500
10/14/2011,,-77.2623,Jammin' Java,,15,10/14/2011,"227 Maple Avenue East, Vienna, VA",38.9039,"http://www.washingtonpost.com/gog/music-events/the-alternate-routes,1171274.html",The Alternate Routes,,703-255-1566
10/15/2011,,-77.2325,Jaxx Nightclub & Restaurant,,"25 at the door, 22 in advance, 50 for VIP",10/15/2011,"6355 Rolling Rd., West Springfield, VA",38.7781,"http://www.washingtonpost.com/gog/music-events/nevermore,1171224.html",Nevermore,,703-569-5940
10/16/2011,,-77.2325,Jaxx Nightclub & Restaurant,,"14 at the door, 12 in advance",10/16/2011,"6355 Rolling Rd., West Springfield, VA",38.7781,"http://www.washingtonpost.com/gog/music-events/5th-avenue-vampires,1171225.html",5th Avenue Vampires,,703-569-5940
10/16/2011,,-77.0922,Iota Club & Cafe,,15,10/16/2011,"2832 Wilson Blvd., Arlington, VA",38.8889,"http://www.washingtonpost.com/gog/music-events/red-elvises,1171286.html",Red Elvises,,703-522-8340
10/17/2011,,-77.2623,Jammin' Java,,15,10/17/2011,"227 Maple Avenue East, Vienna, VA",38.9039,"http://www.washingtonpost.com/gog/music-events/bell-x1,1171238.html",Bell X1,,703-255-1566
10/17/2011,,-77.0624,Birchmere Music Hall,,35,10/17/2011,"3701 Mt. Vernon Ave., Alexandria, VA",38.8392,"http://www.washingtonpost.com/gog/music-events/martin-sexton,1171412.html",Martin Sexton,,703-549-7500
10/22/2011,,-77.2623,Jammin' Java,,20,10/22/2011,"227 Maple Avenue East, Vienna, VA",38.9039,"http://www.washingtonpost.com/gog/music-events/mindy-smith,1171241.html",Mindy Smith,,703-255-1566
10/23/2011,,-77.0624,Birchmere Music Hall,,35,10/23/2011,"3701 Mt. Vernon Ave., Alexandria, VA",38.8392,"http://www.washingtonpost.com/gog/music-events/gerald-albright,1171417.html",Gerald Albright,,703-549-7500
10/23/2011,,-77.2325,Jaxx Nightclub & Restaurant,,"25 at the door, 23 in advance",10/23/2011,"6355 Rolling Rd., West Springfield, VA",38.7781,"http://www.washingtonpost.com/gog/music-events/misfits,1171226.html",Misfits,,703-569-5940
10/24/2011,,-77.1085,Rachel M. Schlesinger Concert Hall and Arts Center,"With Bel Cantani Opera$3 Katerina Souvorova, Artistic Director Shannon Roberts, soprano Kevin Courtemanche, tenor Mikhail Svetlov, bass Katerina Souvorova, pianist Conducted by Thomas Beveridge",30,10/24/2011,"3001 N. Beauregard St., Alexandria, VA",38.8408,"http://www.washingtonpost.com/gog/music-events/concert-of-opera-scenes,1170836.html",Concert of Opera Scenes,,703-845-6156
10/24/2011,,-77.0817,Bishop Ireton High School,Vazquez (winner of the WMP 2009-10 Composition Competition)- Styx;  Holst - The Planets,Free,10/24/2011,"201 Cambridge Road, Alexandria, VA",38.8093,"http://www.washingtonpost.com/gog/music-events/washington-metropolitan-philharmonic-association-presents-octavio-vazquez-and-gustav-holst,1170963.html",Washington Metropolitan Philharmonic Association presents Octavio Vazquez and Gustav Holst,,703-751-7606
10/25/2011,,-77.2325,Jaxx Nightclub & Restaurant,,"23 at the door, 20 in advance",10/25/2011,"6355 Rolling Rd., West Springfield, VA",38.7781,"http://www.washingtonpost.com/gog/music-events/vader,1171227.html",Vader,,703-569-5940
10/26/2011,,-77.2325,Jaxx Nightclub & Restaurant,,"16 at the door, 14 in advance",10/26/2011,"6355 Rolling Rd., West Springfield, VA",38.7781,"http://www.washingtonpost.com/gog/music-events/devin-townsend-project,1171228.html",Devin Townsend Project,,703-569-5940
10/28/2011,,-77.2623,Jammin' Java,,15,10/28/2011,"227 Maple Avenue East, Vienna, VA",38.9039,"http://www.washingtonpost.com/gog/music-events/parachute,1171243.html",Parachute,,703-255-1566
10/29/2011,,-77.0624,Birchmere Music Hall,,79.50,10/29/2011,"3701 Mt. Vernon Ave., Alexandria, VA",38.8392,"http://www.washingtonpost.com/gog/music-events/barbara-cook,1171420.html",Barbara Cook,,703-549-7500
11/01/2011,,-77.0624,Birchmere Music Hall,,39.50,11/01/2011,"3701 Mt. Vernon Ave., Alexandria, VA",38.8392,"http://www.washingtonpost.com/gog/music-events/steve-tyrell,1171423.html",Steve Tyrell,,703-549-7500
11/02/2011,,-77.0624,Birchmere Music Hall,,25,11/02/2011,"3701 Mt. Vernon Ave., Alexandria, VA",38.8392,"http://www.washingtonpost.com/gog/music-events/frank-marino-and-mahogany-rush,1171424.html",Frank Marino & Mahogany Rush,,703-549-7500
11/04/2011,,-77.2325,Jaxx Nightclub & Restaurant,,"23 at the door, 20 in advance",11/04/2011,"6355 Rolling Rd., West Springfield, VA",38.7781,"http://www.washingtonpost.com/gog/music-events/forbidden,1171229.html",Forbidden,,703-569-5940
11/11/2011,,-77.2325,Jaxx Nightclub & Restaurant,,"18 at the door, 15 in advance",11/11/2011,"6355 Rolling Rd., West Springfield, VA",38.7781,"http://www.washingtonpost.com/gog/music-events/dirty-rotten-imbeciles,1171230.html",Dirty Rotten Imbeciles,,703-569-5940
11/11/2011,,-77.0624,Birchmere Music Hall,,29.50,11/11/2011,"3701 Mt. Vernon Ave., Alexandria, VA",38.8392,"http://www.washingtonpost.com/gog/music-events/katherine-jenkins,1171393.html",Katherine Jenkins,,703-549-7500
11/14/2011,,-77.0624,Birchmere Music Hall,,65,11/14/2011,"3701 Mt. Vernon Ave., Alexandria, VA",38.8392,"http://www.washingtonpost.com/gog/music-events/john-mclaughlin-and-fourth-dimension,1171395.html",John McLaughlin & Fourth Dimension,,703-549-7500
11/15/2011,,-77.0624,Birchmere Music Hall,,79.50,11/15/2011,"3701 Mt. Vernon Ave., Alexandria, VA",38.8392,"http://www.washingtonpost.com/gog/music-events/ian-anderson,1171396.html",Ian Anderson,,703-549-7500
11/16/2011,,-77.2325,Jaxx Nightclub & Restaurant,,"25 at the door, 22 in advance, 50 for VIP",11/16/2011,"6355 Rolling Rd., West Springfield, VA",38.7781,"http://www.washingtonpost.com/gog/music-events/epica,1171231.html",Epica,,703-569-5940
11/20/2011,,-77.2325,Jaxx Nightclub & Restaurant,,5,11/20/2011,"6355 Rolling Rd., West Springfield, VA",38.7781,"http://www.washingtonpost.com/gog/music-events/loculus,1171232.html",Loculus,,703-569-5940
11/21/2011,,-77.0624,Birchmere Music Hall,,39.50,11/21/2011,"3701 Mt. Vernon Ave., Alexandria, VA",38.8392,"http://www.washingtonpost.com/gog/music-events/keiko-matsui,1171400.html",Keiko Matsui,,703-549-7500
11/24/2011,,-77.2325,Jaxx Nightclub & Restaurant,,"12 at the door, 10 in advance",11/24/2011,"6355 Rolling Rd., West Springfield, VA",38.7781,"http://www.washingtonpost.com/gog/music-events/along-those-lines,1171233.html",Along Those Lines,,703-569-5940
11/24/2011,,-77.0624,Birchmere Music Hall,Solo,35,11/23/2011,"3701 Mt. Vernon Ave., Alexandria, VA",38.8392,"http://www.washingtonpost.com/gog/music-events/citizen-cope,1171401.html",Citizen Cope,,703-549-7500
11/26/2011,,-77.2325,Jaxx Nightclub & Restaurant,,20 in advance,11/26/2011,"6355 Rolling Rd., West Springfield, VA",38.7781,"http://www.washingtonpost.com/gog/music-events/roadducks,1171234.html",Roadducks,,703-569-5940
11/27/2011,,-77.2325,Jaxx Nightclub & Restaurant,,20 in advance,11/27/2011,"6355 Rolling Rd., West Springfield, VA",38.7781,"http://www.washingtonpost.com/gog/music-events/high-octane-and-the-texas-chainsaw-horns,1171235.html",High Octane & The Texas Chainsaw Horns,,703-569-5940
11/28/2011,,-77.2325,Jaxx Nightclub & Restaurant,,"15 at the door, 13 in advance",11/28/2011,"6355 Rolling Rd., West Springfield, VA",38.7781,"http://www.washingtonpost.com/gog/music-events/psycroptic,1171236.html",Psycroptic,,703-569-5940
12/01/2011,,-77.0624,Birchmere Music Hall,,49.50,12/01/2011,"3701 Mt. Vernon Ave., Alexandria, VA",38.8392,"http://www.washingtonpost.com/gog/music-events/a-peter-white-christmas,1171403.html",A Peter White Christmas,,703-549-7500
12/05/2011,,-77.1085,Rachel M. Schlesinger Concert Hall and Arts Center,,30,12/05/2011,"3001 N. Beauregard St., Alexandria, VA",38.8408,"http://www.washingtonpost.com/gog/music-events/all-beethoven,1170837.html",All Beethoven,,703-845-6156
12/05/2011,,-77.0817,Bishop Ireton High School,"Schurmann - Concertstuck, op. 86, F major (for 4 solo horns and orchestra) Handel - Judas Maccabeus (With Northern Virginia Community Chorus)",Free,12/05/2011,"201 Cambridge Road, Alexandria, VA",38.8093,"http://www.washingtonpost.com/gog/music-events/washington-metropolitan-philharmonic-association-presents-robert-schurmann-and-geroge-frederic-handel,1170966.html",Washington Metropolitan Philharmonic Association Presents Robert Schurmann & Geroge Frederic Handel,,703-751-7606
12/08/2011,,-77.0624,Birchmere Music Hall,,35,12/08/2011,"3701 Mt. Vernon Ave., Alexandria, VA",38.8392,"http://www.washingtonpost.com/gog/music-events/jane-monheit,1171406.html",Jane Monheit,,703-549-7500
02/20/2012,,-77.0817,Bishop Ireton High School,"Antonin Dvorak:  Piano Concerto, op.33, with G minor Pianist Stephen Bertino Samuel Barber: Capricorn Concerto, with Oboist Emily Bentgen, Flutist Lynn Ann Zimmerman-Bell, Trumpeter Brett Lemley",Free,02/20/2012,"201 Cambridge Road, Alexandria, VA",38.8093,"http://www.washingtonpost.com/gog/music-events/washington-metropolitan-philharmonic-association-presents-2010-11-three-mid-atlantic-states-composition-competition-semifinalists,1170943.html",Washington Metropolitan Philharmonic Association presents: 2010-11 Three Mid-Atlantic States Composition Competition Semifinalists,,703-751-7606
08/17/2011,,-77.0411,Midtown Loft,Guitarist Doug Segree -- a regular fixture at the Starboard in Dewey Beach -- performs acoustic music every Tuesday. Arrive by 6 for free beer.,,08/17/2011,"1219 Connecticut Ave. NW, Washington, DC",38.9066,"http://www.washingtonpost.com/gog/bar-club-events/from-dewey-to-d.c.-live-acoustic-music-by-doug-segree,1158014.html",From Dewey to D.C.: Live Acoustic Music by Doug Segree,,
10/14/2011,,-77.1053,The Mansion at Strathmore,,28,10/14/2011,"10701 Rockville Pike, North Bethesda, MD",39.0311,"http://www.washingtonpost.com/gog/music-events/jason-vieaux,1170955.html",Jason Vieaux,,301-581-5100
10/17/2011,,-77.0301,Church of the Epiphany,Vazquez will be performing Styx (WMPA 2009-10 Composition Competion Winner); Holst will be performing The Planets,Free,10/17/2011,"1317 G St. NW, Washington, DC",38.8984,"http://www.washingtonpost.com/gog/music-events/washington-metropolitan-philharmonic-association-presents-octavio-vazquez-and-gustav-holst,1170962.html",Washington Metropolitan Philharmonic Association Presents Octavio Vazquez & Gustav Holst,,202-347-2635
11/03/2011,,-77.1053,The Mansion at Strathmore,"Symphony in D Major, K.196/121 ""La Finta giardiniera"" Piano Concerto no. 9 in E flat Major, K.271 ""Jeunehomme"" Symphony no. 33 in B flat Major, K.319 Piano Concerto no. 17 in G Major, K.453",25-65,11/03/2011,"10701 Rockville Pike, North Bethesda, MD",39.0311,"http://www.washingtonpost.com/gog/music-events/the-academy-of-st.-marti-in-the-fields,1170957.html",The Academy of St. Marti in the Fields,,301-581-5100
11/14/2011,,-77.1053,The Mansion at Strathmore,"Philip Glass violin concerto No. 2 for violin & orchestra, ""The American Four Seasons"" Vivaldi ""The Four Seasons""",25-55,11/14/2011,"10701 Rockville Pike, North Bethesda, MD",39.0311,"http://www.washingtonpost.com/gog/music-events/the-seasons-project-robert-mcduffie,1170960.html",The Seasons Project: Robert McDuffie,,301-581-5100
11/18/2011,,-77.1053,The Mansion at Strathmore,,28,11/18/2011,"10701 Rockville Pike, North Bethesda, MD",39.0311,"http://www.washingtonpost.com/gog/music-events/ana-vidovic,1170922.html",Ana Vidovic,,301-581-5100
11/27/2011,,-77.105,The Music Center at Strathmore,"includes arrangements of ""The First Noel,"" ""O Holy Night,"" ""See Amid the Winter's Snow"" and more",21-25,11/27/2011,"5301 Tuckerman Lane, North Bethesda, MD",39.0307,"http://www.washingtonpost.com/gog/music-events/mormon-orchestra-and-chorus-of-washington,1170923.html",Mormon Orchestra & Chorus of Washington,,301-581-5100
12/01/2011,,-77.105,The Music Center at Strathmore,"including ""The Angel Gabriel,"" ""What Child is This,"" ""Stille Nacht"" and ""The Twelve Days of Christmas.""",35-56,12/01/2011,"5301 Tuckerman Lane, North Bethesda, MD",39.0307,"http://www.washingtonpost.com/gog/music-events/the-kings-singers-joy-to-the-world,1170929.html",The King's Singers - Joy to the World,,301-581-5100
12/19/2011,,-77.1053,The Mansion at Strathmore,,28,12/19/2011,"10701 Rockville Pike, North Bethesda, MD",39.0311,"http://www.washingtonpost.com/gog/music-events/the-baltimore-consort,1170931.html",The Baltimore Consort,,301-581-5100
09/24/2011,,-77.1976,Rio Center Mall,,,09/24/2011,"9811 Washingtonian Blvd., Gaithersburg, MD",39.1148,"http://www.washingtonpost.com/gog/music-events/sons-of-pirates,1164062.html",Sons of Pirates,,
09/25/2011,,-76.6101,Sonar,,10,09/25/2011,"407 E. Saratoga St., Baltimore, MD",39.2924,"http://www.washingtonpost.com/gog/music-events/b-more-electro-featuring-vibe-lime,1171090.html",B-more Electro featuring Vibe Lime,,410-783-7888
09/25/2011,,-77.0922,Iota Club & Cafe,,12,09/25/2011,"2832 Wilson Blvd., Arlington, VA",38.8889,"http://www.washingtonpost.com/gog/music-events/colourslide,1171278.html",Colourslide,,703-522-8340
09/25/2011,,-77.2325,Jaxx Nightclub & Restaurant,Battle of the Bands Finals,"12 at the door, 10 in advance",09/25/2011,"6355 Rolling Rd., West Springfield, VA",38.7781,"http://www.washingtonpost.com/gog/music-events/invader,1171218.html",Invader,,703-569-5940
09/27/2011,,-76.6101,Sonar,,"14 at the door, 12 in advance",09/27/2011,"407 E. Saratoga St., Baltimore, MD",39.2924,"http://www.washingtonpost.com/gog/music-events/electric-six,1171092.html",Electric Six,,410-783-7888
09/27/2011,,-77.2325,Jaxx Nightclub & Restaurant,,"14 at the door, 12 in advance",09/27/2011,"6355 Rolling Rd., West Springfield, VA",38.7781,"http://www.washingtonpost.com/gog/music-events/jonny-craig,1171219.html",Jonny Craig,,703-569-5940
09/27/2011,,-77.2623,Jammin' Java,,10,09/27/2011,"227 Maple Avenue East, Vienna, VA",38.9039,"http://www.washingtonpost.com/gog/music-events/score-24,1171261.html",Score 24,,703-255-1566
09/27/2011,,-77.0922,Iota Club & Cafe,,12,09/27/2011,"2832 Wilson Blvd., Arlington, VA",38.8889,"http://www.washingtonpost.com/gog/music-events/six-gallery,1171279.html",Six Gallery,,703-522-8340
09/28/2011,,-77.0624,Birchmere Music Hall,,45,09/28/2011,"3701 Mt. Vernon Ave., Alexandria, VA",38.8392,"http://www.washingtonpost.com/gog/music-events/marc-cohn,1171487.html",Marc Cohn,,703-549-7500
01/09/2012,,-77.1053,The Mansion at Strathmore,,28,01/09/2012,"10701 Rockville Pike, North Bethesda, MD",39.0311,"http://www.washingtonpost.com/gog/music-events/luis-pares,1170933.html",Luis Pares,,301-581-5100
09/29/2011,,-76.6101,Sonar,,20,09/29/2011,"407 E. Saratoga St., Baltimore, MD",39.2924,"http://www.washingtonpost.com/gog/music-events/immolation,1171093.html",Immolation,,410-783-7888
01/20/2012,,-77.1053,The Mansion at Strathmore,"Sonata for Cello and Piano no. 4 in C Major, op. 102/1 Sonata for Cello and Piano no. 5 in D Major, op. 102/2 Sonata for Violin and Piano no. 10 in G Major, op. 96 (arr. for cello and piano)",28,01/20/2012,"10701 Rockville Pike, North Bethesda, MD",39.0311,"http://www.washingtonpost.com/gog/music-events/friedrich-kleinhapl,1170936.html",Friedrich Kleinhapl,,301-581-5100
09/29/2011,,-76.4945,Rams Head Tavern,,39.50,09/29/2011,"33 West St., Annapolis, MD",38.9782,"http://www.washingtonpost.com/gog/music-events/marc-cohn,1171189.html",Marc Cohn,,410-268-4545
01/22/2012,,-77.1053,The Mansion at Strathmore,"Jason Calloway, cello & artistic director Rachel Calloway, mezzo-soprano Orsolya Korcsolan, violin Shoshana Telner, piano",28,01/22/2012,"10701 Rockville Pike, North Bethesda, MD",39.0311,"http://www.washingtonpost.com/gog/music-events/shir-ami-song-of-our-people,1170937.html",Shir Ami- Song of Our People,,301-581-5100
09/30/2011,,-76.6101,Sonar,,"17 at the door, 15 in advance",09/30/2011,"407 E. Saratoga St., Baltimore, MD",39.2924,"http://www.washingtonpost.com/gog/music-events/alex-b,1171094.html",Alex B,,410-783-7888
10/01/2011,,-77.0922,Iota Club & Cafe,,19,10/01/2011,"2832 Wilson Blvd., Arlington, VA",38.8889,"http://www.washingtonpost.com/gog/music-events/jason-and-the-scorchers,1171281.html",Jason & The Scorchers,,703-522-8340
10/01/2011,,-77.2325,Jaxx Nightclub & Restaurant,,"20 at the door, 18 in advance",10/01/2011,"6355 Rolling Rd., West Springfield, VA",38.7781,"http://www.washingtonpost.com/gog/music-events/mushroomhead,1171220.html",Mushroomhead,,703-569-5940
10/01/2011,,-76.6101,Sonar,,7,10/01/2011,"407 E. Saratoga St., Baltimore, MD",39.2924,"http://www.washingtonpost.com/gog/music-events/vinny-vegas,1171095.html",Vinny Vegas,,410-783-7888
10/02/2011,,-77.2325,Jaxx Nightclub & Restaurant,,"20 at the door, 18 in advance, 35 for VIP",10/02/2011,"6355 Rolling Rd., West Springfield, VA",38.7781,"http://www.washingtonpost.com/gog/music-events/doro,1171221.html",Doro,,703-569-5940
10/02/2011,,-76.6101,Sonar,,"25 at the door, 22 in advance",10/02/2011,"407 E. Saratoga St., Baltimore, MD",39.2924,"http://www.washingtonpost.com/gog/music-events/gwar,1171096.html",Gwar,,410-783-7888
10/02/2011,,-77.2623,Jammin' Java,,"13 at the door, 10 in advance",10/02/2011,"227 Maple Avenue East, Vienna, VA",38.9039,"http://www.washingtonpost.com/gog/music-events/jer-coons,1171263.html",Jer Coons,,703-255-1566
02/13/2012,,-77.0301,Church of the Epiphany,"Antonin Dvorak:  Piano Concerto, op.33, with G minor Pianist Stephen Bertino Samuel Barber: Capricorn Concerto, with Oboist Emily Bentgen, Flutist Lynn Ann Zimmerman-Bell, Trumpeter Brett Lemley",Free,02/13/2012,"1317 G St. NW, Washington, DC",38.8984,"http://www.washingtonpost.com/gog/music-events/washington-metropolitan-philharmonic-association-presents-2010-11-three-mid-atlantic-states-composition-competition-semifinalists,1170971.html",Washington Metropolitan Philharmonic Association presents 2010-11 Three Mid-Atlantic States Composition Competition Semifinalists,,202-347-2635
10/02/2011,,-77.0922,Iota Club & Cafe,,Minimum 15 donation,10/02/2011,"2832 Wilson Blvd., Arlington, VA",38.8889,"http://www.washingtonpost.com/gog/music-events/mother-may-i,1171282.html",Mother May I,,703-522-8340
02/15/2012,,-77.1053,The Mansion at Strathmore,featuring Bach's Suite No. 5 and solo works by Kahane.,28,02/15/2012,"10701 Rockville Pike, North Bethesda, MD",39.0311,"http://www.washingtonpost.com/gog/music-events/alisa-weilerstein,1170940.html",Alisa Weilerstein,,301-581-5100
02/15/2012,,-77.105,The Music Center at Strathmore,,21-42,02/15/2012,"5301 Tuckerman Lane, North Bethesda, MD",39.0307,"http://www.washingtonpost.com/gog/music-events/taipei-chinese-orchestra-with-wu-man,1170938.html",Taipei Chinese Orchestra with Wu Man,,301-581-5100
10/02/2011,,-76.6069,Rams Head Live,,15,10/02/2011,"20 Market Place, Baltimore, MD",39.2889,"http://www.washingtonpost.com/gog/music-events/the-legwarmers,1171207.html",The Legwarmers,,410-244-8854
10/02/2011,,-77.2623,Jammin' Java,"""Pandamonium Dance Party""",10,10/02/2011,"227 Maple Avenue East, Vienna, VA",38.9039,"http://www.washingtonpost.com/gog/music-events/ypset,1171264.html",Ypset,,703-255-1566
10/03/2011,,-77.2623,Jammin' Java,,10,10/03/2011,"227 Maple Avenue East, Vienna, VA",38.9039,"http://www.washingtonpost.com/gog/music-events/crash-boom-omar,1171265.html",Crash Boom Omar,,703-255-1566
10/03/2011,,-77.0624,Birchmere Music Hall,,29.50,10/03/2011,"3701 Mt. Vernon Ave., Alexandria, VA",38.8392,"http://www.washingtonpost.com/gog/music-events/paula-cole,1171451.html",Paula Cole,,703-549-7500
10/03/2012,,-77.0626,Blues Alley,,27.50,09/30/2011,"1073 Wisconsin Ave. NW, Washington, DC",38.9044,"http://www.washingtonpost.com/gog/music-events/marlena-shaw,1170949.html",Marlena Shaw,,202-337-4141
10/06/2011,,-77.1053,The Mansion at Strathmore,,12,10/06/2011,"10701 Rockville Pike, North Bethesda, MD",39.0311,"http://www.washingtonpost.com/gog/music-events/matt-wigler,1171879.html",Matt Wigler,,301-581-5100
10/06/2011,,-77.0626,Blues Alley,,25,10/06/2011,"1073 Wisconsin Ave. NW, Washington, DC",38.9044,"http://www.washingtonpost.com/gog/music-events/nicole-henry,1170972.html",Nicole Henry,,202-337-4141
10/07/2011,,-77.0624,Birchmere Music Hall,,35,10/07/2011,"3701 Mt. Vernon Ave., Alexandria, VA",38.8392,"http://www.washingtonpost.com/gog/music-events/acoustic-alchemy,1171456.html",Acoustic Alchemy,,703-549-7500
10/07/2011,,-77.0306,Twins Jazz,,10,10/07/2011,"1344 U St. NW, Washington, DC",38.9168,"http://www.washingtonpost.com/gog/music-events/shauli-einav-quintet,1170902.html",Shauli Einav Quintet,,202-234-0072
10/08/2011,,-76.4945,Rams Head Tavern,,29.50,10/08/2011,"33 West St., Annapolis, MD",38.9782,"http://www.washingtonpost.com/gog/music-events/acoustic-alchemy,1171196.html",Acoustic Alchemy,,410-268-4545
10/08/2011,,-77.105,The Music Center at Strathmore,,35-95,10/08/2011,"5301 Tuckerman Lane, North Bethesda, MD",39.0307,"http://www.washingtonpost.com/gog/music-events/the-dave-brubeck-quartet,1171880.html",The Dave Brubeck Quartet,,301-581-5100
10/09/2011,,-77.0306,Twins Jazz,,20,10/08/2011,"1344 U St. NW, Washington, DC",38.9168,"http://www.washingtonpost.com/gog/music-events/kenny-werner-and-benjamin-koppel,1170904.html",Kenny Werner and Benjamin Koppel,,202-234-0072
10/10/2011,,-77.0626,Blues Alley,,60,10/07/2011,"1073 Wisconsin Ave. NW, Washington, DC",38.9044,"http://www.washingtonpost.com/gog/music-events/rachelle-ferrell,1170950.html",Rachelle Ferrell,,202-337-4141
10/12/2011,,-77.0626,Blues Alley,,20,10/12/2011,"1073 Wisconsin Ave. NW, Washington, DC",38.9044,"http://www.washingtonpost.com/gog/music-events/aziza-miller,1170951.html",Aziza Miller,,202-337-4141
10/12/2011,,-76.4945,Rams Head Tavern,,49.50,10/12/2011,"33 West St., Annapolis, MD",38.9782,"http://www.washingtonpost.com/gog/music-events/victor-wooten,1171160.html",Victor Wooten,,410-268-4545
10/13/2011,,-77.0306,Twins Jazz,,10,10/13/2011,"1344 U St. NW, Washington, DC",38.9168,"http://www.washingtonpost.com/gog/music-events/lina-allemano-four,1170907.html",Lina Allemano Four,,202-234-0072
10/16/2011,,-77.2666,Wolf Trap - The Barns,,20,10/16/2011,"1635 Trap Rd., Vienna, VA",38.9324,"http://www.washingtonpost.com/gog/music-events/nikki-yanofsky,1171836.html",Nikki Yanofsky,,703-938-2404
10/16/2011,,-77.0306,Twins Jazz,,15,10/15/2011,"1344 U St. NW, Washington, DC",38.9168,"http://www.washingtonpost.com/gog/music-events/anthony-nelson,1170908.html",Anthony Nelson,,202-234-0072
10/17/2011,,-77.0626,Blues Alley,,40,10/14/2011,"1073 Wisconsin Ave. NW, Washington, DC",38.9044,"http://www.washingtonpost.com/gog/music-events/joshua-redman-trio,1170952.html",Joshua Redman Trio,,202-337-4141
10/19/2011,,-77.0626,Blues Alley,,25,10/19/2011,"1073 Wisconsin Ave. NW, Washington, DC",38.9044,"http://www.washingtonpost.com/gog/music-events/butch-warren,1170956.html",Butch Warren,,202-337-4141
10/21/2011,,-77.0306,Twins Jazz,,10,10/21/2011,"1344 U St. NW, Washington, DC",38.9168,"http://www.washingtonpost.com/gog/music-events/alice-harris,1170910.html",Alice Harris,,202-234-0072
10/23/2011,,-77.027,Bohemian Caverns,,"15 at the door, 10 in advance",10/23/2011,"2003 11th St. NW, Washington, DC",38.917,"http://www.washingtonpost.com/gog/music-events/carolyn-malachi-and-levi-stevens,1171944.html",Carolyn Malachi & Levi Stevens,,202-299-0800
10/23/2011,,-77.0306,Twins Jazz,,15,10/22/2011,"1344 U St. NW, Washington, DC",38.9168,"http://www.washingtonpost.com/gog/music-events/david-throckmorton-trio,1170911.html",David Throckmorton Trio,,202-234-0072
10/24/2011,,-76.4945,Rams Head Tavern,,35,10/24/2011,"33 West St., Annapolis, MD",38.9782,"http://www.washingtonpost.com/gog/music-events/gerald-albright,1171169.html",Gerald Albright,,410-268-4545
10/24/2011,,-77.0626,Blues Alley,,60,10/20/2011,"1073 Wisconsin Ave. NW, Washington, DC",38.9044,"http://www.washingtonpost.com/gog/music-events/david-sanborn,1170958.html",David Sanborn,,202-337-4141
10/26/2011,,-77.0626,Blues Alley,,25,10/26/2011,"1073 Wisconsin Ave. NW, Washington, DC",38.9044,"http://www.washingtonpost.com/gog/music-events/jeff-hamilton-trio,1170959.html",Jeff Hamilton Trio,,202-337-4141
10/27/2011,,-77.1053,The Mansion at Strathmore,,12,10/27/2011,"10701 Rockville Pike, North Bethesda, MD",39.0311,"http://www.washingtonpost.com/gog/music-events/matt-wigler,1171889.html",Matt Wigler,,301-581-5100
10/30/2011,,-77.0306,Twins Jazz,,15,10/29/2011,"1344 U St. NW, Washington, DC",38.9168,"http://www.washingtonpost.com/gog/music-events/freddie-redd-quintet,1170912.html",Freddie Redd Quintet,,202-234-0072
10/30/2011,,-77.0626,Blues Alley,,30,10/27/2011,"1073 Wisconsin Ave. NW, Washington, DC",38.9044,"http://www.washingtonpost.com/gog/music-events/kenny-garrett-presents,1170961.html",Kenny Garrett Presents,,202-337-4141
11/03/2011,,-76.4945,Rams Head Tavern,,45,11/03/2011,"33 West St., Annapolis, MD",38.9782,"http://www.washingtonpost.com/gog/music-events/basia,1171175.html",Basia,,410-268-4545
11/05/2011,,-77.0466,George Washington University - Lisner Auditorium,,Free,11/05/2011,"730 21st St. NW, Washington, DC",38.8996,"http://www.washingtonpost.com/gog/music-events/al-jarreau-and-airmen-of-note,1171901.html",Al Jarreau and Airmen of Note,,202-994-6800
11/06/2011,,-77.0306,Twins Jazz,CD Release Party,15,11/05/2011,"1344 U St. NW, Washington, DC",38.9168,"http://www.washingtonpost.com/gog/music-events/project-natale,1170913.html",Project Natale,,202-234-0072
11/07/2011,,-77.0626,Blues Alley,,25,11/04/2011,"1073 Wisconsin Ave. NW, Washington, DC",38.9044,"http://www.washingtonpost.com/gog/music-events/monty-alexander,1170924.html",Monty Alexander,,202-337-4141
11/13/2011,,-77.0274,Freer Gallery of Art - Smithsonian Institution,"Guitarist Prasanna, saxophonist George Brooks, and drummer Steve Smith",,11/13/2011,"Jefferson Drive and 12 Street NW, Washington, DC",38.8885,"http://www.washingtonpost.com/gog/music-events/indian-jazz-fusion-raga-bop-trio,1169627.html",Indian Jazz Fusion: Raga Bop Trio,,202-633-1000
11/13/2011,,-77.0306,Twins Jazz,,15,11/12/2011,"1344 U St. NW, Washington, DC",38.9168,"http://www.washingtonpost.com/gog/music-events/jamie-baum,1170914.html",Jamie Baum,,202-234-0072
11/14/2011,,-77.0626,Blues Alley,,43,11/11/2011,"1073 Wisconsin Ave. NW, Washington, DC",38.9044,"http://www.washingtonpost.com/gog/music-events/jonathan-butler,1170925.html",Jonathan Butler,,202-337-4141
11/15/2011,,-77.0626,Blues Alley,,25,11/15/2011,"1073 Wisconsin Ave. NW, Washington, DC",38.9044,"http://www.washingtonpost.com/gog/music-events/kyle-eastwood,1170926.html",Kyle Eastwood,,202-337-4141
11/19/2011,,-77.0626,Blues Alley,,27.50,11/18/2011,"1073 Wisconsin Ave. NW, Washington, DC",38.9044,"http://www.washingtonpost.com/gog/music-events/jeff-tain-watts-quartet,1170927.html",Jeff Tain Watts Quartet,,202-337-4141
11/20/2011,,-77.2666,Wolf Trap - The Barns,,18,11/20/2011,"1635 Trap Rd., Vienna, VA",38.9324,"http://www.washingtonpost.com/gog/music-events/chaise-lounge,1171846.html",Chaise Lounge,,703-938-2404
11/20/2011,,-76.4945,Rams Head Tavern,,33,11/20/2011,"33 West St., Annapolis, MD",38.9782,"http://www.washingtonpost.com/gog/music-events/keiko-matsui,1171145.html",Keiko Matsui,,410-268-4545
11/27/2011,,-77.2666,Wolf Trap - The Barns,,25,11/27/2011,"1635 Trap Rd., Vienna, VA",38.9324,"http://www.washingtonpost.com/gog/music-events/john-eaton,1171816.html",John Eaton,,703-938-2404
11/28/2011,,-77.0626,Blues Alley,,27.50,11/26/2011,"1073 Wisconsin Ave. NW, Washington, DC",38.9044,"http://www.washingtonpost.com/gog/music-events/alex-bugnon,1170928.html",Alex Bugnon,,202-337-4141
12/01/2011,,-77.2666,Wolf Trap - The Barns,,25,12/01/2011,"1635 Trap Rd., Vienna, VA",38.9324,"http://www.washingtonpost.com/gog/music-events/dan-hicks-and-the-hot-licks,1171817.html",Dan Hicks & The Hot Licks,,703-938-2404
12/01/2011,,-77.1053,The Mansion at Strathmore,,15,12/01/2011,"10701 Rockville Pike, North Bethesda, MD",39.0311,"http://www.washingtonpost.com/gog/music-events/jamie-broumas,1171866.html",Jamie Broumas,,301-581-5100
12/02/2011,,-76.4945,Rams Head Tavern,,49.50,12/02/2011,"33 West St., Annapolis, MD",38.9782,"http://www.washingtonpost.com/gog/music-events/peter-whites-christmas,1171150.html",Peter White's Christmas,,410-268-4545
12/02/2011,,-77.105,The Music Center at Strathmore,,38-125,12/02/2011,"5301 Tuckerman Lane, North Bethesda, MD",39.0307,"http://www.washingtonpost.com/gog/music-events/the-2010-kenny-g-holiday-show,1171867.html",The 2010 Kenny G Holiday Show,,301-581-5100
12/04/2011,,-77.3118,Center for the Arts - George Mason University,with pianist Cyrus Chestnut and mandolinist Mike Marshall,"44, 36, 22",12/04/2011,"Route 123 and Braddock Rd., Fairfax, VA",38.835,"http://www.washingtonpost.com/gog/music-events/turtle-island-quartet,1173063.html",Turtle Island Quartet,,703-993-8888
12/07/2011,,-76.4945,Rams Head Tavern,,39.50,12/07/2011,"33 West St., Annapolis, MD",38.9782,"http://www.washingtonpost.com/gog/music-events/jane-monheit,1171151.html",Jane Monheit,,410-268-4545
12/09/2011,,-77.1053,The Mansion at Strathmore,,28,12/09/2011,"10701 Rockville Pike, North Bethesda, MD",39.0311,"http://www.washingtonpost.com/gog/music-events/gerald-clayton-trio,1171894.html",Gerald Clayton Trio,,301-581-5100
12/09/2011,,-76.4945,Rams Head Tavern,,45,12/09/2011,"33 West St., Annapolis, MD",38.9782,"http://www.washingtonpost.com/gog/music-events/spyro-gyra,1171152.html",Spyro Gyra,,410-268-4545
12/17/2011,,-76.4945,Rams Head Tavern,,35,12/17/2011,"33 West St., Annapolis, MD",38.9782,"http://www.washingtonpost.com/gog/music-events/pieces-of-a-dream,1171154.html",Pieces of a Dream,,410-268-4545
01/28/2012,,-77.105,The Music Center at Strathmore,,18-38,01/28/2012,"5301 Tuckerman Lane, North Bethesda, MD",39.0307,"http://www.washingtonpost.com/gog/music-events/the-john-scofield-and-joe-lovano-quartet,1171874.html",The John Scofield & Joe Lovano Quartet,,301-581-5100
01/29/2012,,-77.2666,Wolf Trap - The Barns,,25,01/29/2012,"1635 Trap Rd., Vienna, VA",38.9324,"http://www.washingtonpost.com/gog/music-events/john-eaton,1171823.html",John Eaton,,703-938-2404
02/10/2012,,-77.1053,The Mansion at Strathmore,,28,02/10/2012,"10701 Rockville Pike, North Bethesda, MD",39.0311,"http://www.washingtonpost.com/gog/music-events/jef-lee-johnson-band,1171877.html",Jef Lee Johnson Band,,301-581-5100
09/30/2012,,-77.0464,Hudson,Celebrate the Chairman with martini specials and live swing and jazz music.,,09/30/2012,"2030 M St. NW, Washington, DC",38.9054,"http://www.washingtonpost.com/gog/bar-club-events/sinatra-night,1057300.html",Sinatra Night,,
12/09/2013,,-77.0552,Zoo Bar (Oxford Tavern),,,09/12/2012,"3000 Connecticut Ave., Washington, DC",38.9296,"http://www.washingtonpost.com/gog/music-events/mike-flahertys-dixieland-direct-jazz-band,1163894.html",Mike Flaherty's Dixieland Direct Jazz Band,,
10/03/2011,,-77.082,National Presbyterian Church,"Johann David Heinichen, Magnificat in A Major  Francesco Maria Veracini, Ouverture No. 6 in B-Flat  Jan Dismas Zelenka, Te Deum in D, ZWV 145  Johann Sebastian Bach, Missa in B Minor  Part of the Washington Bach Consort's Subscription Series",,10/03/2011,"4101 Nebraska Ave. NW, Washington, DC",38.9424,"http://www.washingtonpost.com/gog/music-events/origins-the-b-minor-mass,1172373.html",Origins: The B Minor Mass,,202-537-0800
10/05/2011,,-77.0301,Church of the Epiphany,Part of the Washington Bach Consort's Noontime Cantata Series,Free,10/05/2011,"1317 G St. NW, Washington, DC",38.8984,"http://www.washingtonpost.com/gog/music-events/j.s.-bach-bwv-24-ein-ungef-and-auml-rbt-gem-and-uuml-te-toccata,1172377.html",J.S. Bach - BWV 24: Ein ungef&auml;rbt Gem&uuml;te Toccata,,202-347-2635
10/14/2011,,-77.055,The John F. Kennedy Center for the Performing Arts,Part of Chamber Music Across America,38,10/14/2011,"2700 F St. NW, Washington, DC",38.8974,"http://www.washingtonpost.com/gog/music-events/violinist-pamela-frank-and-friends,1173075.html",Violinist Pamela Frank and Friends,,202-467-4600. 800-444-1324
10/15/2011,,-77.3118,Center for the Arts - George Mason University,"Performs Giuseppe Verdi's ""Rigoletto""",44-86,10/15/2011,"Route 123 and Braddock Rd., Fairfax, VA",38.835,"http://www.washingtonpost.com/gog/music-events/virginia-opera,1173058.html",Virginia Opera,,703-993-8888
10/16/2011,,-77.3118,Center for the Arts - George Mason University,multi-faceted string quartet that are veterans of Yo-Yo Ma's Silk Road Project.,"40, 32, 20",10/16/2011,"Route 123 and Braddock Rd., Fairfax, VA",38.835,"http://www.washingtonpost.com/gog/music-events/brooklyn-rider,1173061.html",Brooklyn Rider,,703-993-8888
10/17/2011,,-77.0175,National Gallery of Art,World premiere performance by the New York Opera Society,,10/17/2011,"Fourth Street and Constitution Avenue NW, Washington, DC",38.8913,"http://www.washingtonpost.com/gog/music-events/norwegian-childrens-opera-max-and-moritz-a-cartoon-opera-in-seven-pranks,1171808.html",Norwegian Children's Opera: Max and Moritz: A Cartoon Opera in Seven Pranks,,202-737-4215
10/17/2011,,-77.0728,Washington National Cathedral,"the opener to the 69th season of the Cathedral Choral Society with works by: Cantique de Jean Racine - Gabriel Faur&eacute; Messe Solennelle - Louis Vierne Mass, Op.130 - Joseph Jongen Po&egrave;me H&eacute;ro&iuml;que - Marcel Dupr&eacute; Psaume 150: Louez le Dieu - C&eacute;sar Franck Psalm 24 - Lili Boulanger Entrata Festiva, Op. 93 - Flor Peeters",25 - 80,10/17/2011,"Wisconsin and Massachusetts Avenues NW, Washington, DC",38.9288,"http://www.washingtonpost.com/gog/music-events/the-cathedral-choral-society-presents-french-connections,1172932.html",The Cathedral Choral Society presents French Connections,,202-537-6200
10/08/2012,,-77.024,DC9,,7,09/10/2011,"1940 Ninth St. NW, Washington, DC",38.9161,"http://www.washingtonpost.com/gog/music-events/liberation-dance-party,1164734.html",Liberation Dance Party,,
10/09/2011,,-76.6101,Sonar,,10,10/09/2011,"407 E. Saratoga St., Baltimore, MD",39.2924,"http://www.washingtonpost.com/gog/music-events/ruiner,1171099.html",Ruiner,,410-783-7888
10/09/2011,,-76.4945,Rams Head Tavern,,20,10/09/2011,"33 West St., Annapolis, MD",38.9782,"http://www.washingtonpost.com/gog/music-events/tyrone-wells,1171197.html",Tyrone Wells,,410-268-4545
10/10/2011,,-76.6101,Sonar,,"20 at the door, 18 in advance",10/10/2011,"407 E. Saratoga St., Baltimore, MD",39.2924,"http://www.washingtonpost.com/gog/music-events/nuclear-assault,1171100.html",Nuclear Assault,,410-783-7888
10/10/2011,,-77.0211,Verizon Center,"Pink Floyd songwriter commemorates the 30th anniversary of his band's album ""The Wall.""",53-253,10/10/2011,"601 F St. NW, Washington, DC",38.8981,"http://www.washingtonpost.com/gog/music-events/roger-waters,1043680.html",Roger Waters,,202-397-7328
10/10/2011,,-77.0211,Verizon Center,,53-253,10/10/2011,"601 F St. NW, Washington, DC",38.8981,"http://www.washingtonpost.com/gog/music-events/roger-waters-the-wall-live,1171951.html",Roger Waters: The Wall Live,,202-628-3200
10/10/2011,,-76.4945,Rams Head Tavern,,35,10/10/2011,"33 West St., Annapolis, MD",38.9782,"http://www.washingtonpost.com/gog/music-events/the-subdudes,1171159.html",the subdudes,,410-268-4545
10/11/2011,,-76.9866,The Rock and Roll Hotel,,"14 at the door, 12 in advance",10/11/2011,"1353 H St. NE, Washington, DC",38.9,"http://www.washingtonpost.com/gog/music-events/avi-buffalo,1171134.html",Avi Buffalo,,202-388-7625
10/11/2011,,-77.3113,George Mason University - Patriot Center,,49.50-90,10/11/2011,"4500 Patriot Circle, Fairfax, VA",38.8298,"http://www.washingtonpost.com/gog/music-events/gorillaz,1171941.html",Gorillaz,,"202-397-7328, 703-993-3000"
10/12/2011,,-76.6197,The Ottobar,,13,10/12/2011,"2549 N. Howard St., Baltimore, MD",39.3186,"http://www.washingtonpost.com/gog/music-events/enter-shikari,1171969.html",Enter Shikari,,410-662-0069
10/12/2011,,-76.6101,Sonar,,8,10/12/2011,"407 E. Saratoga St., Baltimore, MD",39.2924,"http://www.washingtonpost.com/gog/music-events/unearthly-trance,1171101.html",Unearthly Trance,,410-783-7888
10/14/2011,,-77.024,DC9,,15,10/14/2011,"1940 Ninth St. NW, Washington, DC",38.9161,"http://www.washingtonpost.com/gog/music-events/agnostic-front,1171333.html",Agnostic Front,,202-483-5000
10/14/2011,,-76.4945,Rams Head Tavern,,20,10/14/2011,"33 West St., Annapolis, MD",38.9782,"http://www.washingtonpost.com/gog/music-events/jackie-greene,1171161.html",Jackie Greene,,410-268-4545
10/15/2011,,-76.6101,Sonar,Club Stage,15,10/15/2011,"407 E. Saratoga St., Baltimore, MD",39.2924,"http://www.washingtonpost.com/gog/music-events/cattle-decapitation,1171103.html",Cattle Decapitation,,410-783-7888
10/15/2011,,-76.6101,Sonar,Main Stage,"27 at the door, 25 in advacne",10/15/2011,"407 E. Saratoga St., Baltimore, MD",39.2924,"http://www.washingtonpost.com/gog/music-events/infected-mushroom,1171102.html",Infected Mushroom,,410-783-7888
10/16/2011,,-76.9866,The Rock and Roll Hotel,,20,10/16/2011,"1353 H St. NE, Washington, DC",38.9,"http://www.washingtonpost.com/gog/music-events/dead-kennedys,1171136.html",Dead Kennedys,,202-388-7625
10/16/2011,,-76.6101,Sonar,Talking Head Club,7,10/16/2011,"407 E. Saratoga St., Baltimore, MD",39.2924,"http://www.washingtonpost.com/gog/music-events/puerto-rico-flowers,1171105.html",Puerto Rico Flowers,,410-783-7888
10/16/2011,,-76.4945,Rams Head Tavern,,19.50,10/16/2011,"33 West St., Annapolis, MD",38.9782,"http://www.washingtonpost.com/gog/music-events/the-alternate-routes,1171163.html",The Alternate Routes,,410-268-4545
10/16/2011,,-76.6101,Sonar,Club Stage,20,10/16/2011,"407 E. Saratoga St., Baltimore, MD",39.2924,"http://www.washingtonpost.com/gog/music-events/tyrant,1171104.html",Tyrant,,410-783-7888
10/17/2011,,-76.8803,Merriweather Post Pavilion,,40-75,10/17/2011,"10475 Little Patuxent Pwy., Columbia, MD",39.2118,"http://www.washingtonpost.com/gog/music-events/halloween-hootenanny-featuring-rob-zombie,1171957.html",Halloween Hootenanny featuring Rob Zombie,,410-715-5550
10/18/2011,,-76.6197,The Ottobar,,12,10/18/2011,"2549 N. Howard St., Baltimore, MD",39.3186,"http://www.washingtonpost.com/gog/music-events/the-ataris,1171970.html",The Ataris,,410-662-0069
10/19/2011,,-76.6197,The Ottobar,,10,10/19/2011,"2549 N. Howard St., Baltimore, MD",39.3186,"http://www.washingtonpost.com/gog/music-events/woven-bones,1171971.html",Woven Bones,,410-662-0069
10/20/2011,,-76.6197,The Ottobar,,10,10/20/2011,"2549 N. Howard St., Baltimore, MD",39.3186,"http://www.washingtonpost.com/gog/music-events/school-of-seven-bells,1171972.html",School of Seven Bells,,410-662-0069
10/21/2011,,-76.4945,Rams Head Tavern,,45,10/21/2011,"33 West St., Annapolis, MD",38.9782,"http://www.washingtonpost.com/gog/music-events/carl-palmer-band,1171166.html",Carl Palmer Band,,410-268-4545
10/21/2011,,-76.9866,The Rock and Roll Hotel,,"14 at the door, 12 in advance",10/21/2011,"1353 H St. NE, Washington, DC",38.9,"http://www.washingtonpost.com/gog/music-events/school-of-seven-bells,1171137.html",School of Seven Bells,,202-388-7625
10/21/2011,,-77.1797,The State Theatre,,,10/21/2011,"220 N. Washington St., Falls Church, VA",38.8868,"http://www.washingtonpost.com/gog/music-events/the-wiyos,1171930.html",The Wiyos,,703-237-0300
10/22/2011,,-77.105,The Music Center at Strathmore,,38-65,10/22/2011,"5301 Tuckerman Lane, North Bethesda, MD",39.0307,"http://www.washingtonpost.com/gog/music-events/chuck-berry,1171888.html",Chuck Berry,,301-581-5100
10/22/2011,,-76.6101,Sonar,,20,10/22/2011,"407 E. Saratoga St., Baltimore, MD",39.2924,"http://www.washingtonpost.com/gog/music-events/helmet,1171107.html",Helmet,,410-783-7888
10/22/2011,,-76.4945,Rams Head Tavern,,25,10/22/2011,"33 West St., Annapolis, MD",38.9782,"http://www.washingtonpost.com/gog/music-events/satisfaction-rolling-stones-tribute,1171167.html",Satisfaction (Rolling Stones tribute),,410-268-4545
10/22/2011,,-76.9866,The Rock and Roll Hotel,,15,10/22/2011,"1353 H St. NE, Washington, DC",38.9,"http://www.washingtonpost.com/gog/music-events/the-felice-brothers,1171138.html",The Felice Brothers,,202-388-7625
10/23/2011,,-76.6197,The Ottobar,,12,10/23/2011,"2549 N. Howard St., Baltimore, MD",39.3186,"http://www.washingtonpost.com/gog/music-events/greg-dulli,1171973.html",Greg Dulli,,410-662-0069
10/23/2011,,-76.4945,Rams Head Tavern,,30,10/23/2011,"33 West St., Annapolis, MD",38.9782,"http://www.washingtonpost.com/gog/music-events/jake-shimabukuro,1171168.html",Jake Shimabukuro,,410-268-4545
10/23/2011,,-76.9866,The Rock and Roll Hotel,Paste Magazine Tour,"20 at the door, 18 in advance",10/23/2011,"1353 H St. NE, Washington, DC",38.9,"http://www.washingtonpost.com/gog/music-events/jason-isbell-and-the-400-unit,1171139.html",Jason Isbell and the 400 Unit,,202-388-7625
10/25/2011,,-76.6069,Rams Head Live,,16,10/25/2011,"20 Market Place, Baltimore, MD",39.2889,"http://www.washingtonpost.com/gog/music-events/jenny-and-johnny,1171212.html",Jenny and Johnny,,410-244-8854
10/27/2011,,-77.1797,The State Theatre,,,10/27/2011,"220 N. Washington St., Falls Church, VA",38.8868,"http://www.washingtonpost.com/gog/music-events/40oz.-to-freedom,1171931.html",40oz. to Freedom,,703-237-0300
10/27/2011,,-76.6197,The Ottobar,,13,10/27/2011,"2549 N. Howard St., Baltimore, MD",39.3186,"http://www.washingtonpost.com/gog/music-events/hugh-cornwell,1171974.html",Hugh Cornwell,,410-662-0069
10/27/2011,,-77.0295,Warner Theatre,,49.50-59.50,10/27/2011,"13th and E streets NW, Washington, DC",38.8961,"http://www.washingtonpost.com/gog/music-events/styx,1171950.html",Styx,,202-783-4000
10/20/2011,,-77.0274,Freer Gallery of Art - Smithsonian Institution,"Performing Ligeti's Quartet no. 1, Beethoven's Quartet, op. 131, and selections from Dvo&#345;&aacute;k's Cypresses.",,10/20/2011,"Jefferson Drive and 12 Street NW, Washington, DC",38.8885,"http://www.washingtonpost.com/gog/music-events/parker-quartet,1169629.html",Parker Quartet,,202-633-1000
10/20/2011,,-76.9501,Clarice Smith Performing Arts Center at Maryland,"Perform Robert Schumann's song cycle ""Dichterliebe""",42,10/20/2011,"University of Maryland, University Boulevard and Stadium Drive, College Park, MD",38.9905,"http://www.washingtonpost.com/gog/music-events/pianist-charles-rosen-and-tenor-christoph-genz,1169653.html",Pianist Charles Rosen and tenor Christoph Genz,,301-405-2787
10/27/2011,,-76.4945,Rams Head Tavern,,35,10/27/2011,"33 West St., Annapolis, MD",38.9782,"http://www.washingtonpost.com/gog/music-events/the-tubes,1171170.html",The Tubes,,410-268-4545
10/21/2011,,-77.0059,Library of Congress - Thomas Jefferson Bldg.,,,10/21/2011,"10 First St. SE, Washington, DC",38.8896,"http://www.washingtonpost.com/gog/music-events/talich-quartet,1173194.html",Talich Quartet,,202-707-5502
10/29/2011,,-77.1053,The Mansion at Strathmore,,"12 at the door, 10 in advance",10/29/2011,"10701 Rockville Pike, North Bethesda, MD",39.0311,"http://www.washingtonpost.com/gog/music-events/middle-distance-runner,1171891.html",Middle Distance Runner,,301-581-5100
10/22/2011,,-77.055,The John F. Kennedy Center for the Performing Arts,The 17-year-old in recital in WPAS's Kreeger String series.,,10/22/2011,"2700 F St. NW, Washington, DC",38.8974,"http://www.washingtonpost.com/gog/music-events/violinist-caroline-goulding,1173214.html",Violinist Caroline Goulding,,202-467-4600
10/30/2011,,-76.6197,The Ottobar,,20,10/30/2011,"2549 N. Howard St., Baltimore, MD",39.3186,"http://www.washingtonpost.com/gog/music-events/fall-brawl-2010-with-cro-mags,1171975.html",Fall Brawl 2010 with Cro-Mags,,410-662-0069
10/30/2011,,-76.4945,Rams Head Tavern,,13.50,10/30/2011,"33 West St., Annapolis, MD",38.9782,"http://www.washingtonpost.com/gog/music-events/parachute,1171172.html",Parachute,,410-268-4545
10/23/2011,,-77.0266,Takoma Park/Silver Spring Performing Arts Center,Performs requiems by Mozart and Salieri.,,10/23/2011,"7995 Georgia Ave., Silver Spring, MD",38.9874,"http://www.washingtonpost.com/gog/music-events/bach-sinfonia,1160778.html",Bach Sinfonia,,240-567-5775
10/30/2011,,-77.2666,Wolf Trap - The Barns,,35,10/28/2011,"1635 Trap Rd., Vienna, VA",38.9324,"http://www.washingtonpost.com/gog/music-events/jim-brickman,1171837.html",Jim Brickman,,703-938-2404
11/01/2011,,-76.4945,Rams Head Tavern,,35,11/01/2011,"33 West St., Annapolis, MD",38.9782,"http://www.washingtonpost.com/gog/music-events/frank-marino-and-mahogany-rush,1171173.html",Frank Marino & Mahogany Rush,,410-268-4545
10/23/2011,,-77.055,The John F. Kennedy Center for the Performing Arts,Deborah Voigt stars as Salome in a new production by Francesca Zambello.,25-300,10/07/2011,"2700 F St. NW, Washington, DC",38.8974,"http://www.washingtonpost.com/gog/music-events/washington-national-opera-presents-strauss-salome,1172825.html",Washington National Opera Presents Strauss' Salome,,202-467-4600
11/02/2011,,-76.6197,The Ottobar,,,11/02/2011,"2549 N. Howard St., Baltimore, MD",39.3186,"http://www.washingtonpost.com/gog/music-events/kid-is-qual,1171976.html",Kid is Qual,,410-662-0069
10/24/2011,,-77.0175,National Gallery of Art,"presents ""De Materie"" by Dutch composer Louis Andriessen",,10/24/2011,"Fourth Street and Constitution Avenue NW, Washington, DC",38.8913,"http://www.washingtonpost.com/gog/music-events/great-noise-ensemble,1171809.html",Great Noise Ensemble,,202-737-4215
11/02/2011,,-76.6101,Sonar,,17 in advance,11/02/2011,"407 E. Saratoga St., Baltimore, MD",39.2924,"http://www.washingtonpost.com/gog/music-events/nile,1171109.html",Nile,,410-783-7888
11/03/2011,,-76.9866,The Rock and Roll Hotel,,15,11/03/2011,"1353 H St. NE, Washington, DC",38.9,"http://www.washingtonpost.com/gog/music-events/dawes,1171140.html",Dawes,,202-388-7625
11/05/2011,,-76.9866,The Rock and Roll Hotel,,15,11/05/2011,"1353 H St. NE, Washington, DC",38.9,"http://www.washingtonpost.com/gog/music-events/clinic,1171110.html",Clinic,,202-388-7625
10/24/2011,,-76.9501,Clarice Smith Performing Arts Center at Maryland,"featuring Russian pianists Genadi Zagor and Vakhtang Kodanashvili Gershwin's Rhapsody in Blue, Three Preludes, Concert in F and Cuban Overture",42,10/21/2011,"University of Maryland, University Boulevard and Stadium Drive, College Park, MD",38.9905,"http://www.washingtonpost.com/gog/music-events/the-post-classical-ensemble-presents-the-gershwin-project-russian-gershwin,1170049.html",The Post-Classical Ensemble presents: The Gershwin Project: Russian Gershwin,,301-405-2787
11/05/2011,,-76.6069,Rams Head Live,,25,11/05/2011,"20 Market Place, Baltimore, MD",39.2889,"http://www.washingtonpost.com/gog/music-events/wolf-parade,1171213.html",Wolf Parade,,410-244-8854
10/26/2011,,-77.0274,Freer Gallery of Art - Smithsonian Institution,"works for clarinet, French horn, harp, double-bass, mezzo-soprano, and string quartet by Dvo&#345;&aacute;k, Respighi, Mozart, and Marlboro's 2009 composer-in-residence, Robert Cuckson will be presented.",,10/26/2011,"Jefferson Drive and 12 Street NW, Washington, DC",38.8885,"http://www.washingtonpost.com/gog/music-events/musicians-from-marlboro-i,1169630.html",Musicians from Marlboro I,,202-633-1000
11/06/2011,,-76.9866,The Rock and Roll Hotel,,250,11/06/2011,"1353 H St. NE, Washington, DC",38.9,"http://www.washingtonpost.com/gog/music-events/rock-and-roll-for-children-foundation,1171111.html",Rock and Roll For Children Foundation,,202-388-7625
10/28/2011,,-77.0059,Library of Congress - Thomas Jefferson Bldg.,"The baritone comes in from his ongoing run of ""Macbeth"" in Chicago to give a recital with Craig Rutenberg.",,10/28/2011,"10 First St. SE, Washington, DC",38.8896,"http://www.washingtonpost.com/gog/music-events/thomas-hampson,1173195.html",Thomas Hampson,,202-707-5502
11/07/2011,,-76.6069,Rams Head Live,,25,11/07/2011,"20 Market Place, Baltimore, MD",39.2889,"http://www.washingtonpost.com/gog/music-events/la-roux,1171214.html",La Roux,,410-244-8854
11/07/2011,,-76.9866,The Rock and Roll Hotel,,"14 at the door, 12 in advance",11/07/2011,"1353 H St. NE, Washington, DC",38.9,"http://www.washingtonpost.com/gog/music-events/land-of-talk,1171112.html",Land of Talk,,202-388-7625
11/07/2011,,-76.6197,The Ottobar,,24.99,11/07/2011,"2549 N. Howard St., Baltimore, MD",39.3186,"http://www.washingtonpost.com/gog/music-events/roky-erickson,1171977.html",Roky Erickson,,410-662-0069
11/08/2011,,-76.6101,Sonar,,"20 in advance, 55 for VIP",11/08/2011,"407 E. Saratoga St., Baltimore, MD",39.2924,"http://www.washingtonpost.com/gog/music-events/overkill,1171070.html",Overkill,,410-783-7888
11/02/2011,,-77.0301,Church of the Epiphany,Part of the Washington Bach Consort's Noontime Cantata Series,Free,11/02/2011,"1317 G St. NW, Washington, DC",38.8984,"http://www.washingtonpost.com/gog/music-events/j.s.-bach-bwv-162-ach,1172378.html",J.S. Bach - BWV 162: Ach,,202-347-2635
11/09/2011,,-76.9866,The Rock and Roll Hotel,,15,11/09/2011,"1353 H St. NE, Washington, DC",38.9,"http://www.washingtonpost.com/gog/music-events/shearwater,1171113.html",Shearwater,,202-388-7625
11/09/2011,,-76.6069,Rams Head Live,,25,11/09/2011,"20 Market Place, Baltimore, MD",39.2889,"http://www.washingtonpost.com/gog/music-events/the-dandy-warhols,1171215.html",The Dandy Warhols,,410-244-8854
11/04/2011,,-77.055,The John F. Kennedy Center for the Performing Arts,Vocal Arts Society recital,45,11/04/2011,"2700 F St. NW, Washington, DC",38.8974,"http://www.washingtonpost.com/gog/music-events/mezzo-soprano-alice-coote,1173076.html",Mezzo-Soprano Alice Coote,,202-467-4600. 800-444-1324
11/09/2011,,-76.4945,Rams Head Tavern,,15,11/09/2011,"33 West St., Annapolis, MD",38.9782,"http://www.washingtonpost.com/gog/music-events/tristan-prettyman,1171178.html",Tristan Prettyman,,410-268-4545
11/05/2011,,-77.001,Hartke and Callan Theatres - The Catholic University of America,"Leo Nestor, Conductor",,11/05/2011,"3801 Harewood Rd. NE, Washington, DC",38.9356,"http://www.washingtonpost.com/gog/music-events/chamber-choir-concert,1172833.html",Chamber Choir Concert,,202-319-4000
11/10/2011,,-77.2666,Wolf Trap - The Barns,,20,11/10/2011,"1635 Trap Rd., Vienna, VA",38.9324,"http://www.washingtonpost.com/gog/music-events/dala,1171842.html",Dala,,703-938-2404
11/05/2011,,-77.055,The John F. Kennedy Center for the Performing Arts,"Led by Daniel Harding, performing the Brahms Symphony No. 2 and Schumann's Piano Concerto No. 1 with Rudolf Buchbinder.",,11/03/2011,"2700 F St. NW, Washington, DC",38.8974,"http://www.washingtonpost.com/gog/music-events/dresden-staatskapelle,1173215.html",Dresden Staatskapelle,,202-467-4600
11/10/2011,,-77.1797,The State Theatre,,,11/10/2011,"220 N. Washington St., Falls Church, VA",38.8868,"http://www.washingtonpost.com/gog/music-events/rusted-root,1171932.html",Rusted Root,,703-237-0300
11/06/2011,,-77.3118,Center for the Arts - George Mason University,"With conductor Keith Lockhart and pianist Ilya Yakushev, inlcudes performances of Mily Balakirev's ""Overture on Three Russian Folk Songs,""  Sergei Prokofiev's ""Symphony No. 1, Op. 25,"" Igor Stravinsky's ""the Firebird Suite (1919 version),"" and Sergei Rachmaninoff's ""Piano Concerto No. 2, Op. 18.""",30-60,11/06/2011,"Route 123 and Braddock Rd., Fairfax, VA",38.835,"http://www.washingtonpost.com/gog/music-events/bbc-concert-orchestra,1173059.html",BBC Concert Orchestra,,703-993-8888
11/11/2011,,-76.6197,The Ottobar,,,11/11/2011,"2549 N. Howard St., Baltimore, MD",39.3186,"http://www.washingtonpost.com/gog/music-events/lights,1171942.html",Lights,,410-662-0069
11/11/2011,,-77.1797,The State Theatre,,,11/11/2011,"220 N. Washington St., Falls Church, VA",38.8868,"http://www.washingtonpost.com/gog/music-events/the-weepies,1171933.html",The Weepies,,703-237-0300
11/12/2011,,-76.6069,Rams Head Live,,17.50,11/12/2011,"20 Market Place, Baltimore, MD",39.2889,"http://www.washingtonpost.com/gog/music-events/never-shout-never,1171216.html",Never Shout Never,,410-244-8854
11/12/2011,,-76.6101,Sonar,Club Stage,"20 at the door, 18 in advance",11/12/2011,"407 E. Saratoga St., Baltimore, MD",39.2924,"http://www.washingtonpost.com/gog/music-events/powerman-5000,1171072.html",Powerman 5000,,410-783-7888
11/12/2011,,-76.6101,Sonar,Main Stage,"29 at the door, 25 in advance",11/12/2011,"407 E. Saratoga St., Baltimore, MD",39.2924,"http://www.washingtonpost.com/gog/music-events/say-anything,1171071.html",Say Anything,,410-783-7888
11/09/2011,,-77.0059,Library of Congress - Thomas Jefferson Bldg.,,,11/09/2011,"10 First St. SE, Washington, DC",38.8896,"http://www.washingtonpost.com/gog/music-events/cellist-gautier-capu-and-ccedil-on-and-pianist-gabriela-montero,1173196.html",Cellist Gautier Capu&ccedil;on and Pianist Gabriela Montero,,202-707-5502
11/12/2011,,-77.1797,The State Theatre,,,11/12/2011,"220 N. Washington St., Falls Church, VA",38.8868,"http://www.washingtonpost.com/gog/music-events/the-infamous-stringdusters-and-trampled-by-turtles,1171934.html",The Infamous Stringdusters and Trampled by Turtles,,703-237-0300
11/10/2011,,-77.105,The Music Center at Strathmore,Music by Schubert and Chopin.,,11/10/2011,"5301 Tuckerman Lane, North Bethesda, MD",39.0307,"http://www.washingtonpost.com/gog/music-events/emanuel-ax-pianist,1173216.html","Emanuel Ax, pianist",,301-581-5100
11/13/2011,,-77.1797,The State Theatre,,,11/13/2011,"220 N. Washington St., Falls Church, VA",38.8868,"http://www.washingtonpost.com/gog/music-events/asleep-at-the-wheel,1171935.html",Asleep at the Wheel,,703-237-0300
11/10/2011,,-77.0274,Freer Gallery of Art - Smithsonian Institution,"Will be performming pieces for piano and strings by leading Vietnamese composers Ton-That Tiet, P. Q. Phan, and Vu Nhat Tan, as well as Bung-Ching Lam and Narong Prangcharoen.",,11/10/2011,"Jefferson Drive and 12 Street NW, Washington, DC",38.8885,"http://www.washingtonpost.com/gog/music-events/hanoi-millennium-modernworks-ensemble,1169631.html",Hanoi Millennium: ModernWorks Ensemble,,202-633-1000
11/14/2011,,-76.6101,Sonar,,"15 at the door, 12 in advance",11/14/2011,"407 E. Saratoga St., Baltimore, MD",39.2924,"http://www.washingtonpost.com/gog/music-events/d.r.i.,1171073.html",D.R.I.,,410-783-7888
11/13/2011,,-77.02,Sixth and I Historic Synagogue,"Music by Bartok, Beethoven and Ravel, presented by WPAS.",,11/13/2011,"600 I St. NW, Washington, DC",38.9008,"http://www.washingtonpost.com/gog/music-events/calder-quartet,1119035.html",Calder Quartet,,202-408-3100
11/14/2011,,-77.1797,The State Theatre,,,11/14/2011,"220 N. Washington St., Falls Church, VA",38.8868,"http://www.washingtonpost.com/gog/music-events/hanson,1171936.html",Hanson,,703-237-0300
11/14/2011,,-77.0175,National Gallery of Art,Music by Stamitz and other Mannheim School composers,,11/14/2011,"Fourth Street and Constitution Avenue NW, Washington, DC",38.8913,"http://www.washingtonpost.com/gog/music-events/national-gallery-of-art-orchestra-stephen-simon,1171810.html",National Gallery of Art Orchestra Stephen Simon,,202-737-4215
11/16/2011,,-76.6192,First Mariner Arena,,,11/16/2011,"201 W. Baltimore St., Baltimore, MD",39.2893,"http://www.washingtonpost.com/gog/music-events/carrie-underwood,1171852.html",Carrie Underwood,,410-347-2010
11/17/2011,,-76.6101,Sonar,,"20 at the door, 17 in advance",11/17/2011,"407 E. Saratoga St., Baltimore, MD",39.2924,"http://www.washingtonpost.com/gog/music-events/bring-me-the-horizon,1171074.html",Bring Me the Horizon,,410-783-7888
11/17/2011,,-77.2666,Wolf Trap - The Barns,,28,11/17/2011,"1635 Trap Rd., Vienna, VA",38.9324,"http://www.washingtonpost.com/gog/music-events/edwin-mccain,1171843.html",Edwin McCain,,703-938-2404
11/17/2011,,-77.055,The John F. Kennedy Center for the Performing Arts,"world premiere of ""The Hawthorn Tree,"" by American lion William Bolcom",42,11/17/2011,"2700 F St. NW, Washington, DC",38.8974,"http://www.washingtonpost.com/gog/music-events/orchestra-of-st.-lukes-chamber-music,1173077.html",Orchestra of St. Lukes Chamber Music,,202-467-4600. 800-444-1324
11/17/2011,,-76.6192,First Mariner Arena,,,11/17/2011,"201 W. Baltimore St., Baltimore, MD",39.2893,"http://www.washingtonpost.com/gog/music-events/furthur,1171853.html",Furthur,,410-347-2010
11/18/2011,,-76.4945,Rams Head Tavern,,32,11/18/2011,"33 West St., Annapolis, MD",38.9782,"http://www.washingtonpost.com/gog/music-events/edwin-mccain,1171143.html",Edwin McCain,,410-268-4545
11/18/2011,,-77.055,The John F. Kennedy Center for the Performing Arts,"devoted to presumed-lost masterpieces written during World War II by Karel Berman, Walter Braunfels, and Paul Ben-Haim",38,11/18/2011,"2700 F St. NW, Washington, DC",38.8974,"http://www.washingtonpost.com/gog/music-events/pro-musica-hebraica-presents-war-and-exile-the-music-of-berman,1173078.html",Pro Musica Hebraica presents: War and Exile: The Music of Berman,,202-467-4600. 800-444-1324
11/18/2011,,-77.2666,Wolf Trap - The Barns,,35,11/18/2011,"1635 Trap Rd., Vienna, VA",38.9324,"http://www.washingtonpost.com/gog/music-events/melissa-manchester,1171844.html",Melissa Manchester,,703-938-2404
11/19/2011,,-77.0274,Freer Gallery of Art - Smithsonian Institution,,,11/19/2011,"Jefferson Drive and 12 Street NW, Washington, DC",38.8885,"http://www.washingtonpost.com/gog/music-events/burning-bridge-jason-kao-hwangs-edge-quartet,1169628.html",Burning Bridge: Jason Kao Hwang's Edge Quartet,,202-633-1000
11/19/2011,,-77.0059,Library of Congress - Thomas Jefferson Bldg.,,,11/19/2011,"10 First St. SE, Washington, DC",38.8896,"http://www.washingtonpost.com/gog/music-events/the-doric-quartet-plays-haydn,1173197.html",The Doric Quartet plays Haydn,,202-707-5502
11/21/2011,,-76.9866,The Rock and Roll Hotel,,"22 at the door, 18 in advance",11/21/2011,"1353 H St. NE, Washington, DC",38.9,"http://www.washingtonpost.com/gog/music-events/cannibal-corpse,1171115.html",Cannibal Corpse,,202-388-7625
11/21/2011,,-76.4945,Rams Head Tavern,,55,11/21/2011,"33 West St., Annapolis, MD",38.9782,"http://www.washingtonpost.com/gog/music-events/davy-jones,1171147.html",Davy Jones,,410-268-4545
11/23/2011,,-76.9866,The Rock and Roll Hotel,,"14 at the door, 12 in advance",11/23/2011,"1353 H St. NE, Washington, DC",38.9,"http://www.washingtonpost.com/gog/music-events/delorean,1171116.html",Delorean,,202-388-7625
11/23/2011,,-76.4945,Rams Head Tavern,,45,11/23/2011,"33 West St., Annapolis, MD",38.9782,"http://www.washingtonpost.com/gog/music-events/robben-ford-and-renegade-creation,1171148.html",Robben Ford & Renegade Creation,,410-268-4545
11/26/2011,,-77.2666,Wolf Trap - The Barns,,16,11/26/2011,"1635 Trap Rd., Vienna, VA",38.9324,"http://www.washingtonpost.com/gog/music-events/the-grandsons,1171815.html",The Grandsons,,703-938-2404
11/26/2011,,-77.1797,The State Theatre,,,11/26/2011,"220 N. Washington St., Falls Church, VA",38.8868,"http://www.washingtonpost.com/gog/music-events/the-nighthawks,1171937.html",The Nighthawks,,703-237-0300
12/05/2011,,-77.3118,Center for the Arts - George Mason University,,"86, 72, 44 - Friday 98, 80, 48 - Sunday",12/03/2011,"Route 123 and Braddock Rd., Fairfax, VA",38.835,"http://www.washingtonpost.com/gog/music-events/mozarts-cos-and-igrave-fan-tutte,1173062.html",Mozart's Cos&igrave; fan tutte,,703-993-8888
11/27/2011,,-77.1797,The State Theatre,,,11/27/2011,"220 N. Washington St., Falls Church, VA",38.8868,"http://www.washingtonpost.com/gog/music-events/the-machine-performs-pink-floyd,1171938.html",The Machine performs Pink Floyd,,703-237-0300
12/07/2011,,-77.0301,Church of the Epiphany,Organ Soloist: Jeremy Filsell Part of the Washington Bach Consort's Noontime Cantata Series,Free,12/07/2011,"1317 G St. NW, Washington, DC",38.8984,"http://www.washingtonpost.com/gog/music-events/j.s.-bach-bwv-155-mein-gott,1172379.html",J.S. Bach - BWV 155: Mein Gott,,202-347-2635
11/27/2011,,-76.4945,Rams Head Tavern,Solo acoustic performance,39.50,11/26/2011,"33 West St., Annapolis, MD",38.9782,"http://www.washingtonpost.com/gog/music-events/citizen-cope,1171149.html",Citizen Cope,,410-268-4545
12/07/2011,,-77.055,The John F. Kennedy Center for the Performing Arts,part of the Vocal Arts Society,45,12/07/2011,"2700 F St. NW, Washington, DC",38.8974,"http://www.washingtonpost.com/gog/music-events/stephen-costello,1173079.html",Stephen Costello,,202-467-4600. 800-444-1324
12/18/2011,,-76.6069,Rams Head Live,"""Kix-mas""",25,12/18/2011,"20 Market Place, Baltimore, MD",39.2889,"http://www.washingtonpost.com/gog/music-events/kix,1171217.html",Kix,,410-244-8854
12/27/2011,,-76.4945,Rams Head Tavern,,50,12/26/2011,"33 West St., Annapolis, MD",38.9782,"http://www.washingtonpost.com/gog/music-events/southside-johnny-and-the-asbury-jukes,1171155.html",Southside Johnny & the Asbury Jukes,,410-268-4545
12/28/2011,,-76.4945,Rams Head Tavern,,25,12/28/2011,"33 West St., Annapolis, MD",38.9782,"http://www.washingtonpost.com/gog/music-events/stephen-kellogg-and-the-sixers,1171156.html",Stephen Kellogg & The Sixers,,410-268-4545
01/21/2012,,-76.4945,Rams Head Tavern,,30,01/21/2012,"33 West St., Annapolis, MD",38.9782,"http://www.washingtonpost.com/gog/music-events/the-smithereens,1171157.html",The Smithereens,,410-268-4545
12/16/2011,,-77.055,The John F. Kennedy Center for the Performing Arts,performing No&euml;l: Carols & Chants for Christmas. Part of Chamber Music Across America,38,12/16/2011,"2700 F St. NW, Washington, DC",38.8974,"http://www.washingtonpost.com/gog/music-events/anonymous-4,1173080.html",Anonymous 4,,202-467-4600. 800-444-1324
02/12/2012,,-77.2666,Wolf Trap - The Barns,,25,02/12/2012,"1635 Trap Rd., Vienna, VA",38.9324,"http://www.washingtonpost.com/gog/music-events/chad-and-jeremy,1171824.html",Chad & Jeremy,,703-938-2404
12/18/2011,,-77.0059,Library of Congress - Thomas Jefferson Bldg.,performs music by Dvorak and Radiohead on the Whitall Stradivarius collection,,12/18/2011,"10 First St. SE, Washington, DC",38.8896,"http://www.washingtonpost.com/gog/music-events/sybarite5,1173198.html",Sybarite5,,202-707-5502
05/05/2012,,-76.9866,The Rock and Roll Hotel,,10,05/05/2012,"1353 H St. NE, Washington, DC",38.9,"http://www.washingtonpost.com/gog/music-events/savoir-adore-with-exit-clov-and-middle-distance-runner,1165214.html",Savoir Adore with Exit Clov and Middle Distance Runner,,
12/18/2011,,-77.3118,Center for the Arts - George Mason University,Perform Christmas music,24-48,12/18/2011,"Route 123 and Braddock Rd., Fairfax, VA",38.835,"http://www.washingtonpost.com/gog/music-events/vienna-boys-choir,1173060.html",Vienna Boys Choir,,703-993-8888
02/24/2012,,-77.0725,Gin & Tonic Tavern,A weekly showcase for local bands -- with drink specials! -- in Glover Park,Free,02/24/2012,"2408 Wisconsin Ave. NW, Washington, DC",38.9216,"http://www.washingtonpost.com/gog/bar-club-events/tavern-sessions,1161355.html",Tavern Sessions,,
12/19/2011,,-77.082,National Presbyterian Church,Part of the Washington Bach Consort's Subscription Series,,12/19/2011,"4101 Nebraska Ave. NW, Washington, DC",38.9424,"http://www.washingtonpost.com/gog/music-events/a-baroque-christmas,1172374.html",A Baroque Christmas,,202-537-0800
01/02/2012,,-77.0175,National Gallery of Art,launches a series of the complete Beethoven string quartets,,01/02/2012,"Fourth Street and Constitution Avenue NW, Washington, DC",38.8913,"http://www.washingtonpost.com/gog/music-events/american-string-quartet,1171811.html",American String Quartet,,202-737-4215
01/22/2012,,-77.055,The John F. Kennedy Center for the Performing Arts,A past winner of the Kapell Competition and the Leeds Competition performs in WPAS's Hayes Piano Series.,,01/22/2012,"2700 F St. NW, Washington, DC",38.8974,"http://www.washingtonpost.com/gog/music-events/sofya-gulyak,1161102.html",Sofya Gulyak,,202-467-4600
01/23/2012,,-77.0175,National Gallery of Art,with a lecture preceeding the performance,Free,01/23/2012,"Fourth Street and Constitution Avenue NW, Washington, DC",38.8913,"http://www.washingtonpost.com/gog/music-events/verge-ensemble-presents-when-kandinsky-met-schonberg,1172933.html",VERGE Ensemble presents When Kandinsky met Schonberg,,202-737-4215
01/25/2012,,-77.055,The John F. Kennedy Center for the Performing Arts,join with the Kalichstein-Laredo-Robinson Trio to present a tribute to cellist Pablo Casals' 1961 White House concert.,20.00 - 85.00,01/25/2012,"2700 F St. NW, Washington, DC",38.8974,"http://www.washingtonpost.com/gog/music-events/yo-yo-ma-and-pianist-emanuel-ax,1171807.html",Yo-Yo Ma and pianist Emanuel Ax,,202-467-4600. 800-444-1324
01/26/2012,,-77.055,The John F. Kennedy Center for the Performing Arts,A WPAS recital that includes a new work by Kit Armstrong.,,01/26/2012,"2700 F St. NW, Washington, DC",38.8974,"http://www.washingtonpost.com/gog/music-events/till-fellner,1087399.html",Till Fellner,,202-467-4600
01/26/2012,,-77.105,The Music Center at Strathmore,The superstar violinist in recital.,,01/26/2012,"5301 Tuckerman Lane, North Bethesda, MD",39.0307,"http://www.washingtonpost.com/gog/music-events/violinist-joshua-bell,1160980.html",Violinist Joshua Bell,,301-581-5100
01/29/2012,,-77.3118,Center for the Arts - George Mason University,"Philippe Entremont, conductor and piano Sebastian Knauer, piano","60, 52, 30",01/29/2012,"Route 123 and Braddock Rd., Fairfax, VA",38.835,"http://www.washingtonpost.com/gog/music-events/deutsche-staatsphilharmonie,1173064.html",Deutsche Staatsphilharmonie,,703-993-8888
02/25/2012,,-76.9501,Clarice Smith Performing Arts Center at Maryland,"Perform Franz Schubert's ""Piano Trio in B-flat Major"" and ""Piano Trio in E-flat Major""",42,02/25/2012,"University of Maryland, University Boulevard and Stadium Drive, College Park, MD",38.9905,"http://www.washingtonpost.com/gog/music-events/pianist-wu-han,1169655.html",Pianist Wu Han,,301-405-2787
02/26/2012,,-77.105,The Music Center at Strathmore,"performed by members of the National Philharmonic and National Philharmonic Chorale, featuring video game music and characters from Halo, Mario, Zelda, Castlevania, Final Fantasy and more.",35-69,02/26/2012,"5301 Tuckerman Lane, North Bethesda, MD",39.0307,"http://www.washingtonpost.com/gog/music-events/video-games-live,1170905.html",Video Games Live,,301-581-5100
03/01/2012,,-77.0301,Church of the Epiphany,Organ Soloist: Todd Fickley Part of the Washington Bach Consort's Noontime Cantata Series,Free,03/01/2012,"1317 G St. NW, Washington, DC",38.8984,"http://www.washingtonpost.com/gog/music-events/j.s.-bach-bwv-182-himmelsk-and-ouml-nig,1172380.html",J.S. Bach - BWV 182: Himmelsk&ouml;nig,,202-347-2635
03/27/2012,,-77.082,National Presbyterian Church,"Concerto in C Major for 2 Harpsichords, BWV 1061 with xcerpts from the Six Sch&uuml;bler Chorales Part of the Washington Bach Consort's Subscription Series",,03/27/2012,"4101 Nebraska Ave. NW, Washington, DC",38.9424,"http://www.washingtonpost.com/gog/music-events/the-art-of-the-keyboard,1172375.html",The Art of the Keyboard,,202-537-0800
04/05/2012,,-77.0301,Church of the Epiphany,Part of the Washington Bach Consort's Noontime Cantata Series Organ Soloist: Carol Feather Martin,Free,04/05/2012,"1317 G St. NW, Washington, DC",38.8984,"http://www.washingtonpost.com/gog/music-events/j.s.-bach-bwv-22-jesus-nahm-zu-sich-die-zw-and-ouml-lfe-toccata-and-fugue-in-f-major,1172381.html",J.S. Bach - BWV 22: Jesus nahm zu sich die Zw&ouml;lfe Toccata & Fugue in F Major,,202-347-2635
05/01/2012,,-77.082,National Presbyterian Church,"J.S. Bach - Toccata, Adagio and Fugue in C Major, BWV 564 Orchestral Suite No. 4 in D Major, BWV 1069 Motet: Singet dem Hernr ein neues Lied, BWV 225 Easter Oratorio: Kommt, eilet und laufet, BWV 249 Part of the Washington Bach Consort's Subscription Series",,05/01/2012,"4101 Nebraska Ave. NW, Washington, DC",38.9424,"http://www.washingtonpost.com/gog/music-events/easter-oratorio,1172376.html",Easter Oratorio,,202-537-0800
05/03/2012,,-77.0301,Church of the Epiphany,Organ Soloist: Scott Dettra Part of the Washington Bach Consort's Noontime Cantata Series,Free,05/03/2012,"1317 G St. NW, Washington, DC",38.8984,"http://www.washingtonpost.com/gog/music-events/j.s.-bach-bwv-31-die-himmel-lacht-die-erde-jubilieret-passacaglia-in-c-minor,1172382.html",J.S. Bach - BWV 31: Die Himmel lacht! Die Erde jubilieret Passacaglia in C Minor,,202-347-2635
10/03/2011,,-77.0175,National Gallery of Art,"Music by Beethoven, Dvo&#345;&aacute;k, and Newman",Free,10/03/2011,"Fourth Street and Constitution Avenue NW, Washington, DC",38.8913,"http://www.washingtonpost.com/gog/music-events/weiss-kaplan-newman-trio,1174471.html",Weiss-Kaplan-Newman Trio,,202-737-4215
10/07/2011,,-76.5042,Maryland Hall for the Creative Arts,,Free,10/07/2011,"801 Chase St., Annapolis, MD",38.9729,"http://www.washingtonpost.com/gog/music-events/united-states-naval-academy-band,1174489.html",United States Naval Academy Band,,410-263-5544
10/08/2011,,-77.0384,Charles Sumner School Museum and Archives,"DOPPLER: Fantaisie sur un motif de Beethoven. Heidi Schuller, flute; Rosanne Conway, piano. CESAR CUI: Preludes, op. 64. Carol Ann Barry, piano. WALTER PISTON: Duo for Viola and Cello. Lawrence Wallace, viola; Jan Timbers, cello. SAMUEL BARBER: Selected songs. James Harkless, baritone; Clyde Parker, piano.",,10/08/2011,"1201 17th St. NW, Washington, DC",38.9058,"http://www.washingtonpost.com/gog/music-events/friday-morning-music-club,1173497.html",Friday Morning Music Club,,202-442-6060
10/19/2011,,-77.0384,Charles Sumner School Museum and Archives,"Marta Howard, Viola Pergolesi: Stabat Mater. Harlie Sponaugle, soprano; Susan Sevier, contralto; Sharon Ollison, harpischord; Barbara D. Ghols & Miriam Goldberg, violins; Caroline Brethauer, viola; Brigitta Czernik Gruenther, violoncello",,10/19/2011,"1201 17th St. NW, Washington, DC",38.9058,"http://www.washingtonpost.com/gog/music-events/friday-morning-music-club,1173502.html",Friday Morning Music Club,,202-442-6060
10/19/2011,,-77.0555,Dumbarton House,"Marta Howard, viola. PERGOLESI: Stabat Mater. Harlie Sponaugle, soprano; Susan Sevier, contralto;  Sharon Ollison, harpsichord; Barbara D. Gholz and Miriam Goldberg, violins;  Caroline Brethauer, viola; Brigitta Czernik Gruenther, violoncello",,10/19/2011,"2715 Q St. NW, Washington, DC",38.9107,"http://www.washingtonpost.com/gog/music-events/friday-morning-music-club,1173498.html",Friday Morning Music Club,,202-337-2288
10/22/2011,,-77.0384,Charles Sumner School Museum and Archives,"MOZART: Sonata in F Major, K.332. San-Qing Lu-Bennaman, piano. BRAHMS, GOUNOD, D&Eacute;LIBES: Duets for soprano and mezzo-soprano.  Joan McFarland, soprano; Gail Collins, mezzo-soprano PROKOFIEV: Sonata for Flute and Piano, op. 94. Susan Hayes, flute; Narciso Solero, piano.",,10/22/2011,"1201 17th St. NW, Washington, DC",38.9058,"http://www.washingtonpost.com/gog/music-events/friday-morning-music-club,1173499.html",Friday Morning Music Club,,202-442-6060
10/23/2011,,-76.621,Hippodrome Performing Arts Center,"Conductor,Markand Thakar",25-55,10/23/2011,"12 North Eutaw Street, Baltimore, MD",39.2896,"http://www.washingtonpost.com/gog/music-events/baltimore-opera-theatre-presents-puccinis-madama-butterfly,1173494.html",Baltimore Opera Theatre presents Puccini's MADAMA BUTTERFLY,,410-837-7400
10/29/2011,,-77.0384,Charles Sumner School Museum and Archives,"PHILIP LASSER: Twelve Variations on a Chorale by J.S. Bach. Warren Zwicky, piano. BARTOK:  Transylvanian Dance; Sorrow; Bagpipes.  Marjorie Greene and  Catherine Greene, violins. DEBUSSY: Premi&egrave;re rapsodie. Steven Rosenthal, clarinet; Ruth Rose, piano. ANDR&Eacute; PREVIN: The Giraffes Go to Hamburg. Laura Strickling, soprano; Gwyn Jones, alto flute; Joy Puckett Schreier, piano.",,10/29/2011,"1201 17th St. NW, Washington, DC",38.9058,"http://www.washingtonpost.com/gog/music-events/friday-morning-music-club,1173500.html",Friday Morning Music Club,,202-442-6060
11/04/2011,,-77.1053,The Mansion at Strathmore,"HONEGGER: Sonatine. Albert Hunt, clarinet; Felicia Weiss, piano.   MEYERBEER: Selected songs. Heather Brown, soprano; David Chapman, piano. STRAVINSKY: L'histoire du soldat. Al Hunt, clarinet; Renee Roberts, violin; Felicia Weiss, piano. SCHUMANN: Carnaval. Victoria Bragin, piano.",,11/04/2011,"10701 Rockville Pike, North Bethesda, MD",39.0311,"http://www.washingtonpost.com/gog/music-events/friday-morning-music-club,1173501.html",Friday Morning Music Club,,301-581-5100
03/31/2011,,-77.2809,Meadowlark Botanical Gardens,The park will be open early and late for dedicated nature photographers,5 for those who arrive before 10 a.m.,03/31/2011,"9750 Meadowlark Gardens Ct., Vienna, VA",38.9377,"http://www.washingtonpost.com/gog/music-events/photographers-field-day,1164206.html",Photographer's Field Day,,
05/05/2011,,-76.9866,The Rock and Roll Hotel,,10,05/05/2011,"1353 H St. NE, Washington, DC",38.9,"http://www.washingtonpost.com/gog/music-events/savoir-adore-with-exit-clov-and-middle-distance-runner,1165214.html",Savoir Adore with Exit Clov and Middle Distance Runner,,
02/24/2011,,-77.0725,Gin & Tonic Tavern,A weekly showcase for local bands -- with drink specials! -- in Glover Park,Free,02/24/2011,"2408 Wisconsin Ave. NW, Washington, DC",38.9216,"http://www.washingtonpost.com/gog/bar-club-events/tavern-sessions,1161355.html",Tavern Sessions,,
10/04/2011,,-77.027,Bohemian Caverns,,7,10/04/2011,"2003 11th St. NW, Washington, DC",38.917,"http://www.washingtonpost.com/gog/music-events/bohemian-caverns-jazz-orchestra,1174477.html",Bohemian Caverns Jazz Orchestra,,202-299-0800
10/04/2011,,-77.0626,Blues Alley,,25,10/04/2011,"1073 Wisconsin Ave. NW, Washington, DC",38.9044,"http://www.washingtonpost.com/gog/music-events/cynthia-holiday,1174493.html",Cynthia Holiday,,202-337-4141
10/05/2011,,-77.0626,Blues Alley,,25,10/05/2011,"1073 Wisconsin Ave. NW, Washington, DC",38.9044,"http://www.washingtonpost.com/gog/music-events/anat-fort,1174494.html",Anat Fort,,202-337-4141
10/05/2011,,-77.0306,Twins Jazz,,10,10/05/2011,"1344 U St. NW, Washington, DC",38.9168,"http://www.washingtonpost.com/gog/music-events/monika-herzig-trio,1174496.html",Monika Herzig Trio,,202-234-0072
10/07/2011,,-77.0299,Mandarin Oriental Hotel,,Free,10/07/2011,"1330 Maryland Ave. SW, Washington, DC",38.8838,"http://www.washingtonpost.com/gog/music-events/ita-gonzalez-trio,1174484.html",Ita Gonzalez Trio,,202-554-8588
12/09/2012,,-77.0552,Zoo Bar (Oxford Tavern),,,10/03/2012,"3000 Connecticut Ave., Washington, DC",38.9296,"http://www.washingtonpost.com/gog/music-events/mike-flahertys-dixieland-direct-jazz-band,1163894.html",Mike Flaherty's Dixieland Direct Jazz Band,,
02/25/2011,,-76.9501,Clarice Smith Performing Arts Center at Maryland,"Perform Franz Schubert's ""Piano Trio in B-flat Major"" and ""Piano Trio in E-flat Major""",42,02/25/2011,"University of Maryland, University Boulevard and Stadium Drive, College Park, MD",38.9905,"http://www.washingtonpost.com/gog/music-events/pianist-wu-han,1169655.html",Pianist Wu Han,,301-405-2787
02/26/2011,,-77.105,The Music Center at Strathmore,"performed by members of the National Philharmonic and National Philharmonic Chorale, featuring video game music and characters from Halo, Mario, Zelda, Castlevania, Final Fantasy and more.",35-69,02/26/2011,"5301 Tuckerman Lane, North Bethesda, MD",39.0307,"http://www.washingtonpost.com/gog/music-events/video-games-live,1170905.html",Video Games Live,,301-581-5100
02/25/2011,,-77.2666,Wolf Trap - The Barns,part of The Discovery Series,35,02/25/2011,"1635 Trap Rd., Vienna, VA",38.9324,"http://www.washingtonpost.com/gog/music-events/cypress-string-quartet,1170048.html",Cypress String Quartet,,703-938-2404
09/30/2011,,-77.0464,Hudson,Celebrate the Chairman with martini specials and live swing and jazz music.,,09/30/2011,"2030 M St. NW, Washington, DC",38.9054,"http://www.washingtonpost.com/gog/bar-club-events/sinatra-night,1057300.html",Sinatra Night,,
12/09/2012,,-77.0552,Zoo Bar (Oxford Tavern),,,10/17/2011,"3000 Connecticut Ave., Washington, DC",38.9296,"http://www.washingtonpost.com/gog/music-events/mike-flahertys-dixieland-direct-jazz-band,1163894.html",Mike Flaherty's Dixieland Direct Jazz Band,,
03/01/2011,,-77.0301,Church of the Epiphany,Organ Soloist: Todd Fickley Part of the Washington Bach Consort's Noontime Cantata Series,Free,03/01/2011,"1317 G St. NW, Washington, DC",38.8984,"http://www.washingtonpost.com/gog/music-events/j.s.-bach-bwv-182-himmelsk-and-ouml-nig,1172380.html",J.S. Bach - BWV 182: Himmelsk&ouml;nig,,202-347-2635
03/27/2011,,-77.082,National Presbyterian Church,"Concerto in C Major for 2 Harpsichords, BWV 1061 with xcerpts from the Six Sch&uuml;bler Chorales Part of the Washington Bach Consort's Subscription Series",,03/27/2011,"4101 Nebraska Ave. NW, Washington, DC",38.9424,"http://www.washingtonpost.com/gog/music-events/the-art-of-the-keyboard,1172375.html",The Art of the Keyboard,,202-537-0800
04/05/2011,,-77.0301,Church of the Epiphany,Part of the Washington Bach Consort's Noontime Cantata Series Organ Soloist: Carol Feather Martin,Free,04/05/2011,"1317 G St. NW, Washington, DC",38.8984,"http://www.washingtonpost.com/gog/music-events/j.s.-bach-bwv-22-jesus-nahm-zu-sich-die-zw-and-ouml-lfe-toccata-and-fugue-in-f-major,1172381.html",J.S. Bach - BWV 22: Jesus nahm zu sich die Zw&ouml;lfe Toccata & Fugue in F Major,,202-347-2635
05/01/2011,,-77.082,National Presbyterian Church,"J.S. Bach - Toccata, Adagio and Fugue in C Major, BWV 564 Orchestral Suite No. 4 in D Major, BWV 1069 Motet: Singet dem Hernr ein neues Lied, BWV 225 Easter Oratorio: Kommt, eilet und laufet, BWV 249 Part of the Washington Bach Consort's Subscription Series",,05/01/2011,"4101 Nebraska Ave. NW, Washington, DC",38.9424,"http://www.washingtonpost.com/gog/music-events/easter-oratorio,1172376.html",Easter Oratorio,,202-537-0800
05/03/2011,,-77.0301,Church of the Epiphany,Organ Soloist: Scott Dettra Part of the Washington Bach Consort's Noontime Cantata Series,Free,05/03/2011,"1317 G St. NW, Washington, DC",38.8984,"http://www.washingtonpost.com/gog/music-events/j.s.-bach-bwv-31-die-himmel-lacht-die-erde-jubilieret-passacaglia-in-c-minor,1172382.html",J.S. Bach - BWV 31: Die Himmel lacht! Die Erde jubilieret Passacaglia in C Minor,,202-347-2635
12/09/2012,,-77.0552,Zoo Bar (Oxford Tavern),,,10/31/2011,"3000 Connecticut Ave., Washington, DC",38.9296,"http://www.washingtonpost.com/gog/music-events/mike-flahertys-dixieland-direct-jazz-band,1163894.html",Mike Flaherty's Dixieland Direct Jazz Band,,
10/02/2011,,-77.0922,Iota Club & Cafe,,10,10/02/2011,"2832 Wilson Blvd., Arlington, VA",38.8889,"http://www.washingtonpost.com/gog/music-events/billy-woodward-and-the-senders,1176331.html",Billy Woodward & the Senders,,703-522-8340
12/09/2012,,-77.0552,Zoo Bar (Oxford Tavern),,,11/14/2011,"3000 Connecticut Ave., Washington, DC",38.9296,"http://www.washingtonpost.com/gog/music-events/mike-flahertys-dixieland-direct-jazz-band,1163894.html",Mike Flaherty's Dixieland Direct Jazz Band,,
12/09/2011,,-77.0552,Zoo Bar (Oxford Tavern),,,12/05/2011,"3000 Connecticut Ave., Washington, DC",38.9296,"http://www.washingtonpost.com/gog/music-events/mike-flahertys-dixieland-direct-jazz-band,1163894.html",Mike Flaherty's Dixieland Direct Jazz Band,,
12/09/2012,,-77.0552,Zoo Bar (Oxford Tavern),,,12/19/2011,"3000 Connecticut Ave., Washington, DC",38.9296,"http://www.washingtonpost.com/gog/music-events/mike-flahertys-dixieland-direct-jazz-band,1163894.html",Mike Flaherty's Dixieland Direct Jazz Band,,
03/05/2011,,-77.055,The John F. Kennedy Center for the Performing Arts,"Part of the Stars Series Liszt: Ricordanza (&Eacute;tude d'Execution Transcendante, S.149) Liszt: Piano Sonata in B minor, S.178  Liszt: Mosonyi's Funeral Procession, S.194  Liszt: Vall&eacute;e d'Oberman (from Ann&eacute;es de P&egrave;lerinage, S.160)  Liszt: Venezia e Napoli, S.159",,03/05/2011,"2700 F St. NW, Washington, DC",38.8974,"http://www.washingtonpost.com/gog/music-events/washington-performing-arts-society-presents-evgeny-kissin,1177842.html",Washington Performing Arts Society presents: Evgeny Kissin,,202-467-4600. 800-444-1324
03/05/2011,,-77.02,Sixth and I Historic Synagogue,"Part of ""Sessions @ Sixth""",,03/05/2011,"600 I St. NW, Washington, DC",38.9008,"http://www.washingtonpost.com/gog/music-events/washington-performing-arts-society-presents-kayhan-kalhor,1177843.html",Washington Performing Arts Society presents: Kayhan Kalhor,,202-408-3100
03/06/2011,,-77.026,National Museum of Natural History - Smithsonian Institution,"Mozart Serenade No. 13 for Strings in G Major, K. 525,""Eine Kleine Nachtmusik""",,03/06/2011,"10th Street and Constitution Avenue NW, Washington, DC",38.8921,"http://www.washingtonpost.com/gog/music-events/washington-performing-arts-society-presents-peabody-chamber-players,1177844.html",Washington Performing Arts Society presents: Peabody Chamber Players,,202-633-1000
03/16/2011,,-77.105,The Music Center at Strathmore,"with Andr&eacute; Previn, conductor and Daniel M&uuml;ller-Schott, cello. Part of the Celebrity Series Takemitsu: Green Elgar: Cello Concerto Prokofiev: Symphony No. 5",,03/16/2011,"5301 Tuckerman Lane, North Bethesda, MD",39.0307,"http://www.washingtonpost.com/gog/music-events/washington-performing-arts-society-presents-nhk-symphony-orchestra-of-japan,1177845.html",Washington Performing Arts Society presents: NHK Symphony Orchestra of Japan,,301-581-5100
03/19/2011,,-77.055,The John F. Kennedy Center for the Performing Arts,"with James Levine, music director part of the Orchestra Series Mozart: Symphony No. 41, ""Jupiter"" Schumann: Symphony No. 3 in E-flat Major, ""Rhenish""",,03/19/2011,"2700 F St. NW, Washington, DC",38.8974,"http://www.washingtonpost.com/gog/music-events/washington-performing-arts-society-presents-boston-symphony-orchestra,1177846.html",Washington Performing Arts Society Presents: Boston Symphony Orchestra,,202-467-4600. 800-444-1324
03/30/2011,,-77.105,The Music Center at Strathmore,"Part of the Piano Masters Series Beethoven: Piano Sonata No. 30 in E Major, Op. 109 Piano Sonata No. 31 in A-flat Major, Op. 110 Piano Sonata No. 32 in C minor, Op. 111",,03/30/2011,"5301 Tuckerman Lane, North Bethesda, MD",39.0307,"http://www.washingtonpost.com/gog/music-events/washington-performing-arts-society-presents-maurizio-pollini,1177847.html",Washington Performing Arts Society presents: Maurizio Pollini,,301-581-5100
04/09/2011,,-77.02,Sixth and I Historic Synagogue,"Part of the Encore Series Schumann: Fantasiest&#369;cke, Op. 12 Bach: English Suite No. 3 in G minor, BWV 808  Bach-Busoni: Chorale Prelude ""Ich ruf' zu dir, Herr Jesu Christ"", BWV 639 Bach-Kempff: Chorale Prelude ""Nun freut euch, lieben Christen"", BWV 307 and 734 Bach-Hess: Chorale Prelude ""Jesu, Joy of Man's Desiring"" BWV 147 Bach: Partita No. 2 in C minor, BWV 826",,04/09/2011,"600 I St. NW, Washington, DC",38.9008,"http://www.washingtonpost.com/gog/music-events/washington-performing-arts-society-presents-simone-dinnerstein,1177848.html",Washington Performing Arts Society Presents: Simone Dinnerstein,,202-408-3100
04/10/2011,,-77.055,The John F. Kennedy Center for the Performing Arts,"Norman Scribner, artistic director Mozart: Requiem Mass in D minor, K. 626",,04/10/2011,"2700 F St. NW, Washington, DC",38.8974,"http://www.washingtonpost.com/gog/music-events/washington-performing-arts-society-presents-choral-arts-society-of-washington,1177849.html",Washington Performing Arts Society Presents: Choral Arts Society of Washington,,202-467-4600. 800-444-1324
04/12/2011,,-77.105,The Music Center at Strathmore,"Part of the Celebrity Series Yuri Temirkanov, conductor Alisa Weilerstein, cello Rimsky-Korsakov: Russian Easter Overture, Op. 36               Shostakovich: Concerto for Cello No. 1, Op. 107                      Brahms: Symphony No. 4 in E minor, Op. 98",,04/12/2011,"5301 Tuckerman Lane, North Bethesda, MD",39.0307,"http://www.washingtonpost.com/gog/music-events/washington-performing-arts-society-presents-st.-petersburg-philharmonic-orchestra,1177850.html",Washington Performing Arts Society presents: St. Petersburg Philharmonic Orchestra,,301-581-5100
04/17/2011,,-77.055,The John F. Kennedy Center for the Performing Arts,"Part of the Kreeger String Series Haydn: Quartet in D Major, Op. 76, No. 5 Berg: Lyric Suite Beethoven: Quartet in F Major, Op. 59, No. 1",,04/17/2011,"2700 F St. NW, Washington, DC",38.8974,"http://www.washingtonpost.com/gog/music-events/washington-performing-arts-society-presents-afiara-string-quartet,1177851.html",Washington Performing Arts Society Presents: Afiara String Quartet,,202-467-4600. 800-444-1324
04/29/2011,,-77.055,The John F. Kennedy Center for the Performing Arts,"Haydn: Sonata in E minor, Hob.XVI:34 Schumann: Carnaval, Op. 9 Wolpe: Passacaglia from Four Studies on Basic Rows, Op. 23 Faur&eacute;: Nocturne No. 6, Op. 63 Liszt: R&eacute;miniscences de Norma, S.394",,04/29/2011,"2700 F St. NW, Washington, DC",38.8974,"http://www.washingtonpost.com/gog/music-events/washington-performing-arts-society-presents-marc-andre-hamelin,1177852.html",Washington Performing Arts Society Presents: Marc-Andre Hamelin,,202-467-4600. 800-444-1324
05/05/2011,,-77.02,Sixth and I Historic Synagogue,"Part of the Encore Series Wagner: Album Sonata Berg: Piano Sonata Op.1 Scriabin: Piano Sonata No. 9, ""Messe noire"" Liszt: Piano Sonata in B minor, S.178",,05/05/2011,"600 I St. NW, Washington, DC",38.9008,"http://www.washingtonpost.com/gog/music-events/washington-performing-arts-society-presents-pierre-laurent-aimard,1177854.html",Washington Performing Arts Society presents: Pierre-Laurent Aimard,,202-408-3100
05/11/2011,,-77.02,Sixth and I Historic Synagogue,"Part of the Celebrity Series with Rohan de Silva, piano",,05/11/2011,"600 I St. NW, Washington, DC",38.9008,"http://www.washingtonpost.com/gog/music-events/washington-performing-arts-society-presents-itzhak-perlman,1177853.html",Washington Performing Arts Society presents: Itzhak Perlman,,202-408-3100
05/20/2011,,-77.055,The John F. Kennedy Center for the Performing Arts,"Part of the Orchestra Series with Charles Dutoit, conductor Gil Shaham, violin Mendelssohn: Hebrides Overture Walton: Violin Concerto R. Strauss: Ein Heldenleiben",,05/20/2011,"2700 F St. NW, Washington, DC",38.8974,"http://www.washingtonpost.com/gog/music-events/washington-performing-arts-society-presents-the-philadelphia-orchestra,1177855.html",Washington Performing Arts Society presents: The Philadelphia Orchestra,,202-467-4600. 800-444-1324
05/23/2011,,-77.055,The John F. Kennedy Center for the Performing Arts,,,05/23/2011,"2700 F St. NW, Washington, DC",38.8974,"http://www.washingtonpost.com/gog/music-events/washington-performing-arts-society-presents-ravi-shankar,1177856.html",Washington Performing Arts Society presents: Ravi Shankar,,202-467-4600. 800-444-1324
12/31/2011,,-77.063,University of the District of Columbia,,Free,12/31/2011,"4200 Connecticut Ave. NW, Washington, DC",38.9432,"http://www.washingtonpost.com/gog/music-events/university-of-the-district-of-columbias-holiday-concert,1177926.html",University of the District of Columbia's Holiday Concert,,202-274-5000
11/22/2011,,-76.9866,The Rock and Roll Hotel,,10,11/22/2011,"1353 H St. NE, Washington, DC",38.9,"http://www.washingtonpost.com/gog/music-events/shinobi-ninja,1178249.html",Shinobi Ninja,,202-388-7625
11/22/2012,,-76.9866,The Rock and Roll Hotel,,10,11/22/2012,"1353 H St. NE, Washington, DC",38.9,"http://www.washingtonpost.com/gog/music-events/shinobi-ninja,1178249.html",Shinobi Ninja,,202-388-7625
12/31/2012,,-77.063,University of the District of Columbia,,Free,12/31/2012,"4200 Connecticut Ave. NW, Washington, DC",38.9432,"http://www.washingtonpost.com/gog/music-events/university-of-the-district-of-columbias-holiday-concert,1177926.html",University of the District of Columbia's Holiday Concert,,202-274-5000
12/09/2012,,-77.0552,Zoo Bar (Oxford Tavern),,,12/26/2011,"3000 Connecticut Ave., Washington, DC",38.9296,"http://www.washingtonpost.com/gog/music-events/mike-flahertys-dixieland-direct-jazz-band,1163894.html",Mike Flaherty's Dixieland Direct Jazz Band,,
05/29/2011,http://media3.washingtonpost.com/wp-srv/cityguide/images/cathedralorgan200x120.jpg,-77.0728,Washington National Cathedral,Weekly recitals are a great way to relax and take in the beauty of the cathedral.,10 donation; parking free,12/25/2011,"Wisconsin and Massachusetts Avenues NW, Washington, DC",38.9288,"http://www.washingtonpost.com/gog/music-events/organ-recital,1048162.html",Organ Recital,http://www.nationalcathedral.org/arts/organRecitals.shtml,202-537-6200
03/17/2011,,-77.3113,George Mason University - Patriot Center,Grateful Dead members Phil Lesh and Bob Weir keep on truckin'.,49.50,03/17/2011,"4500 Patriot Circle, Fairfax, VA",38.8298,"http://www.washingtonpost.com/gog/music-events/furthur,1171853.html",Furthur,,202-397-7328
04/08/2013,,-77.1053,The Mansion at Strathmore,"The Mansion at Strathmore hosts bands ranging from rock to rap to go-go, visual artists, and a PBR happy hour from 8-9 p.m. with 16 oz. beers for $2.",12; 10 in advance,01/21/2012,"10701 Rockville Pike, North Bethesda, MD",39.0311,"http://www.washingtonpost.com/gog/music-events/friday-night-eclectic,1160990.html",Friday Night Eclectic,http://www.strathmore.org,301-581-5100
05/05/2012,,-76.9866,The Rock and Roll Hotel,,10,05/05/2012,"1353 H St. NE, Washington, DC",38.9,"http://www.washingtonpost.com/gog/music-events/savoir-adore-with-exit-clov-and-middle-distance-runner,1165214.html",Savoir Adore with Exit Clov and Middle Distance Runner,,
02/24/2012,,-77.0725,Gin & Tonic Tavern,A weekly showcase for local bands -- with drink specials! -- in Glover Park,Free,02/24/2012,"2408 Wisconsin Ave. NW, Washington, DC",38.9216,"http://www.washingtonpost.com/gog/bar-club-events/tavern-sessions,1161355.html",Tavern Sessions,,
12/04/2011,,-77.0626,Blues Alley,,18,12/04/2011,"1073 Wisconsin Ave. NW, Washington, DC",38.9044,"http://www.washingtonpost.com/gog/music-events/keith-wesby,1178813.html",Keith Wesby,,202-337-4141
01/08/2012,,-77.0306,Twins Jazz,,15,01/08/2012,"1344 U St. NW, Washington, DC",38.9168,"http://www.washingtonpost.com/gog/music-events/hot-club-of-detroit,1178823.html",Hot Club of Detroit,,202-234-0072
12/09/2013,,-77.0552,Zoo Bar (Oxford Tavern),,,01/16/2012,"3000 Connecticut Ave., Washington, DC",38.9296,"http://www.washingtonpost.com/gog/music-events/mike-flahertys-dixieland-direct-jazz-band,1163894.html",Mike Flaherty's Dixieland Direct Jazz Band,,
11/20/2011,,-77.0922,Iota Club & Cafe,,12,11/20/2011,"2832 Wilson Blvd., Arlington, VA",38.8889,"http://www.washingtonpost.com/gog/music-events/the-acoustic-burgoo,1178812.html",The Acoustic Burgoo,,703-522-8340
05/29/2012,http://media3.washingtonpost.com/wp-srv/cityguide/images/cathedralorgan200x120.jpg,-77.0728,Washington National Cathedral,Weekly recitals are a great way to relax and take in the beauty of the cathedral.,10 donation; parking free,01/16/2012,"Wisconsin and Massachusetts Avenues NW, Washington, DC",38.9288,"http://www.washingtonpost.com/gog/music-events/organ-recital,1048162.html",Organ Recital,http://www.nationalcathedral.org/arts/organRecitals.shtml,202-537-6200
11/02/2011,,-77.0624,Birchmere Music Hall,,117.50,11/02/2011,"3701 Mt. Vernon Ave., Alexandria, VA",38.8392,"http://www.washingtonpost.com/gog/music-events/b.b.-king,1178814.html",B.B. King,,703-549-7500
02/23/2011,,-76.9899,The Red Palace,,8,02/23/2011,"1212 H St. NE, Washington, DC",38.9003,"http://www.washingtonpost.com/gog/music-events/homegoing,1179460.html",Homegoing,,202-399-3201
02/26/2011,,-77.0318,Black Cat,,"22 in advance, 25 at the door",02/26/2011,"1811 14th St. NW, Washington, DC",38.9145,"http://www.washingtonpost.com/gog/music-events/los-amigos-invisibles,1179713.html",Los Amigos Invisibles,,202-667-4490
02/24/2011,,-76.4945,Rams Head Tavern,,30,02/24/2011,"33 West St., Annapolis, MD",38.9782,"http://www.washingtonpost.com/gog/music-events/shemekia-copeland,1179589.html",Shemekia Copeland,,410-268-4545
02/26/2011,,-77.0624,Birchmere Music Hall,,29.50,02/26/2011,"3701 Mt. Vernon Ave., Alexandria, VA",38.8392,"http://www.washingtonpost.com/gog/music-events/maura-oconnell,1179785.html",Maura O'Connell,,703-549-7500
03/16/2011,,-76.4945,Rams Head Tavern,,65,03/16/2011,"33 West St., Annapolis, MD",38.9782,"http://www.washingtonpost.com/gog/music-events/delbert-mcclinton,1179540.html",Delbert McClinton,,410-268-4545
03/01/2011,,-76.4945,Rams Head Tavern,,35,03/01/2011,"33 West St., Annapolis, MD",38.9782,"http://www.washingtonpost.com/gog/music-events/ladysmith-black-mambazo,1179559.html",Ladysmith Black Mambazo,,410-268-4545
03/18/2011,,-77.1699,The State Theatre,,19,03/18/2011,"220 N. Washington St., Falls Church, VA",38.8831,"http://www.washingtonpost.com/gog/music-events/tommy-castro,1179479.html",Tommy Castro,,703-237-0300
03/23/2011,,-76.4945,Rams Head Tavern,,23.50,03/23/2011,"33 West St., Annapolis, MD",38.9782,"http://www.washingtonpost.com/gog/music-events/tommy-castro-band,1179545.html",Tommy Castro Band,,410-268-4545
03/07/2011,,-77.1699,The State Theatre,,"17.50 in advance, 20 at the door",03/07/2011,"220 N. Washington St., Falls Church, VA",38.8831,"http://www.washingtonpost.com/gog/music-events/rebelution,1179477.html",Rebelution,,703-237-0300
03/24/2011,,-77.0318,Black Cat,,15,03/24/2011,"1811 14th St. NW, Washington, DC",38.9145,"http://www.washingtonpost.com/gog/music-events/black-joe-lewis-and-the-honey-bears,1179693.html",Black Joe Lewis & the Honey Bears,,202-667-4490
03/08/2011,,-77.0624,Birchmere Music Hall,,29.50,03/08/2011,"3701 Mt. Vernon Ave., Alexandria, VA",38.8392,"http://www.washingtonpost.com/gog/music-events/altan,1179758.html",Altan,,703-549-7500
03/08/2011,,-76.4945,Rams Head Tavern,,35,03/08/2011,"33 West St., Annapolis, MD",38.9782,"http://www.washingtonpost.com/gog/music-events/ladysmith-black-mambazo,1179567.html",Ladysmith Black Mambazo,,410-268-4545
03/27/2011,,-77.0626,Blues Alley,,30,03/24/2011,"1073 Wisconsin Ave. NW, Washington, DC",38.9044,"http://www.washingtonpost.com/gog/music-events/kevin-eubanks,1179836.html",Kevin Eubanks,,202-337-4141
03/10/2011,,-77.0466,George Washington University - Lisner Auditorium,,25-55,03/10/2011,"730 21st St. NW, Washington, DC",38.8996,"http://www.washingtonpost.com/gog/music-events/ladysmith-black-mambazo,1179404.html",Ladysmith Black Mambazo,,202-994-6800
04/03/2011,,-76.4945,Rams Head Tavern,"Featuring Lazy Lester, Mark Wenner and Jerry Portnoy.",28.50,04/03/2011,"33 West St., Annapolis, MD",38.9782,"http://www.washingtonpost.com/gog/music-events/mark-hummels-harp-blowout,1179555.html",Mark Hummel's Harp Blowout,,410-268-4545
04/06/2011,,-76.4945,Rams Head Tavern,,29.50,04/06/2011,"33 West St., Annapolis, MD",38.9782,"http://www.washingtonpost.com/gog/music-events/jimmy-thackery,1179523.html",Jimmy Thackery,,410-268-4545
03/11/2011,,-77.3113,George Mason University - Patriot Center,,34-79,03/11/2011,"4500 Patriot Circle, Fairfax, VA",38.8298,"http://www.washingtonpost.com/gog/music-events/celtic-woman,1179413.html",Celtic Woman,,"202-397-7328, 703-993-3000"
04/08/2011,,-77.1699,The State Theatre,,15,04/08/2011,"220 N. Washington St., Falls Church, VA",38.8831,"http://www.washingtonpost.com/gog/music-events/jimmy-thackery,1179486.html",Jimmy Thackery,,703-237-0300
03/12/2011,,-76.9866,The Rock and Roll Hotel,,10,03/12/2011,"1353 H St. NE, Washington, DC",38.9,"http://www.washingtonpost.com/gog/music-events/empresarios,1179495.html",Empresarios,,202-388-7625
04/08/2011,,-76.4945,Rams Head Tavern,,39.50,04/08/2011,"33 West St., Annapolis, MD",38.9782,"http://www.washingtonpost.com/gog/music-events/marcia-ball,1179524.html",Marcia Ball,,410-268-4545
03/12/2011,,-77.0466,George Washington University - Lisner Auditorium,,25-45,03/12/2011,"730 21st St. NW, Washington, DC",38.8996,"http://www.washingtonpost.com/gog/music-events/pan-american-symphony-orchestra-and-marcel-khalife,1179405.html",Pan American Symphony Orchestra and Marcel Khalife,,202-994-6800
04/09/2011,,-77.1699,The State Theatre,,22,04/09/2011,"220 N. Washington St., Falls Church, VA",38.8831,"http://www.washingtonpost.com/gog/music-events/marcia-ball,1179451.html",Marcia Ball,,703-237-0300
04/10/2011,,-77.0624,Birchmere Music Hall,,69.50,04/10/2011,"3701 Mt. Vernon Ave., Alexandria, VA",38.8392,"http://www.washingtonpost.com/gog/music-events/buddy-guy,1179744.html",Buddy Guy,,703-549-7500
04/11/2011,,-76.4945,Rams Head Tavern,,49.50,04/11/2011,"33 West St., Annapolis, MD",38.9782,"http://www.washingtonpost.com/gog/music-events/taj-mahal,1179527.html",Taj Mahal,,410-268-4545
03/17/2011,,-77.0922,Iota Club & Cafe,,12,03/17/2011,"2832 Wilson Blvd., Arlington, VA",38.8889,"http://www.washingtonpost.com/gog/music-events/otasty,1179690.html",O'Tasty,,703-522-8340
03/19/2011,,-77.2623,Jammin' Java,,20,03/19/2011,"227 Maple Avenue East, Vienna, VA",38.9039,"http://www.washingtonpost.com/gog/music-events/enter-the-haggis,1179629.html",Enter the Haggis,,703-255-1566
03/19/2011,,-77.1699,The State Theatre,,"30 in advance, 35 at the door",03/19/2011,"220 N. Washington St., Falls Church, VA",38.8831,"http://www.washingtonpost.com/gog/music-events/strunz-and-farah,1179480.html",Strunz & Farah,,703-237-0300
03/19/2011,,-77.1699,The State Theatre,,"12 in advance, 15 at the door",03/19/2011,"220 N. Washington St., Falls Church, VA",38.8831,"http://www.washingtonpost.com/gog/music-events/the-fighting-jamesons,1179481.html",The Fighting Jamesons,,703-237-0300
03/20/2011,,-76.4945,Rams Head Tavern,,35,03/20/2011,"33 West St., Annapolis, MD",38.9782,"http://www.washingtonpost.com/gog/music-events/strunz-and-farah,1179544.html",Strunz and Farah,,410-268-4545
03/22/2011,,-77.0624,Birchmere Music Hall,,35,03/21/2011,"3701 Mt. Vernon Ave., Alexandria, VA",38.8392,"http://www.washingtonpost.com/gog/music-events/gaelic-storm,1179764.html",Gaelic Storm,,703-549-7500
03/23/2011,,-77.0624,Birchmere Music Hall,,39.50,03/23/2011,"3701 Mt. Vernon Ave., Alexandria, VA",38.8392,"http://www.washingtonpost.com/gog/music-events/the-high-kings,1179765.html",The High Kings,,703-549-7500
03/25/2011,,-77.0466,George Washington University - Lisner Auditorium,,25-50,03/25/2011,"730 21st St. NW, Washington, DC",38.8996,"http://www.washingtonpost.com/gog/music-events/gal-costa,1179406.html",Gal Costa,,202-994-6800
03/26/2011,,-77.0466,George Washington University - Lisner Auditorium,,25-45,03/26/2011,"730 21st St. NW, Washington, DC",38.8996,"http://www.washingtonpost.com/gog/music-events/jil-aigrot,1179407.html",Jil Aigrot,,202-994-6800
04/07/2011,,-77.0466,George Washington University - Lisner Auditorium,"""Acoustic Africa""",25-45,04/07/2011,"730 21st St. NW, Washington, DC",38.8996,"http://www.washingtonpost.com/gog/music-events/habib-koite,1179408.html",Habib Koite,,202-994-6800
04/07/2011,,-77.2666,Wolf Trap - The Barns,,35,04/06/2011,"1635 Trap Rd., Vienna, VA",38.9324,"http://www.washingtonpost.com/gog/music-events/orla-fallon,1179363.html",Orla Fallon,,703-938-2404
04/10/2011,,-77.3113,George Mason University - Patriot Center,,39-125,04/10/2011,"4500 Patriot Circle, Fairfax, VA",38.8298,"http://www.washingtonpost.com/gog/music-events/juanes,1179378.html",Juanes,,"202-397-7328, 703-993-3000"
04/23/2011,,-76.9866,The Rock and Roll Hotel,,15,04/23/2011,"1353 H St. NE, Washington, DC",38.9,"http://www.washingtonpost.com/gog/music-events/the-slackers,1179470.html",The Slackers,,202-388-7625
04/29/2011,,-77.0466,George Washington University - Lisner Auditorium,,25-35,04/29/2011,"730 21st St. NW, Washington, DC",38.8996,"http://www.washingtonpost.com/gog/music-events/los-munequitos-de-matanzas,1179409.html",Los Munequitos de Matanzas,,202-994-6800
05/10/2011,,-76.4945,Rams Head Tavern,,48.50,05/10/2011,"33 West St., Annapolis, MD",38.9782,"http://www.washingtonpost.com/gog/music-events/ottmar-liebert,1179506.html",Ottmar Liebert,,410-268-4545
02/26/2011,,-77.0411,Constitution Hall,"Can you believe it has been almost 25 years since ""Push It"" became a hip-hop mega-hit and established Salt, Pepa and Spinderella as the genre's first female superstars? Now they're back for some nostalgia.",55-70,02/26/2011,"1776 D St. NW, Washington, DC",38.8942,"http://www.washingtonpost.com/gog/music-events/salt-n-pepa,1179872.html",Salt-N-Pepa,,
03/07/2011,,-76.9899,The Red Palace,,"10 in advance, 12 at the door",03/07/2011,"1212 H St. NE, Washington, DC",38.9003,"http://www.washingtonpost.com/gog/music-events/astronautalis,1179433.html",Astronautalis,,202-399-3201
03/07/2011,,-76.9866,The Rock and Roll Hotel,,15,03/07/2011,"1353 H St. NE, Washington, DC",38.9,"http://www.washingtonpost.com/gog/music-events/yelawolf,1179491.html",Yelawolf,,202-388-7625
02/23/2011,,-77.0306,Twins Jazz,,10,02/23/2011,"1344 U St. NW, Washington, DC",38.9168,"http://www.washingtonpost.com/gog/music-events/earl-r.-johnson-jr.,1179823.html",Earl R. Johnson Jr.,,202-234-0072
02/23/2011,,-77.0626,Blues Alley,,20,02/23/2011,"1073 Wisconsin Ave. NW, Washington, DC",38.9044,"http://www.washingtonpost.com/gog/music-events/joe-johnson,1179853.html",Joe Johnson,,202-337-4141
02/24/2011,,-77.0232,9:30 Club,,25,02/24/2011,"815 V St. NW, Washington, DC",38.9178,"http://www.washingtonpost.com/gog/music-events/galactic,1179792.html",Galactic,,202-265-0930
02/26/2011,,-77.0306,Twins Jazz,,15,02/25/2011,"1344 U St. NW, Washington, DC",38.9168,"http://www.washingtonpost.com/gog/music-events/miles-griffith,1179824.html",Miles Griffith,,202-234-0072
02/27/2011,,-76.4945,Rams Head Tavern,,25,02/27/2011,"33 West St., Annapolis, MD",38.9782,"http://www.washingtonpost.com/gog/music-events/christian-scott,1179558.html",Christian Scott,,410-268-4545
02/27/2011,,-77.0306,Twins Jazz,,10,02/27/2011,"1344 U St. NW, Washington, DC",38.9168,"http://www.washingtonpost.com/gog/music-events/david-caldwell-mason-trio,1179825.html",David Caldwell-Mason Trio,,202-234-0072
02/27/2011,,-77.0626,Blues Alley,,25,02/24/2011,"1073 Wisconsin Ave. NW, Washington, DC",38.9044,"http://www.washingtonpost.com/gog/music-events/buster-williams,1179854.html",Buster Williams,,202-337-4141
02/28/2011,,-77.0626,Blues Alley,,25,02/28/2011,"1073 Wisconsin Ave. NW, Washington, DC",38.9044,"http://www.washingtonpost.com/gog/music-events/lynnette-washington,1179855.html",Lynnette Washington,,202-337-4141
03/01/2011,,-77.0626,Blues Alley,,25,03/01/2011,"1073 Wisconsin Ave. NW, Washington, DC",38.9044,"http://www.washingtonpost.com/gog/music-events/jeff-coffin-and-the-mutet,1179856.html",Jeff Coffin & the Mu'Tet,,202-337-4141
03/02/2011,,-76.4945,Rams Head Tavern,,38.50,03/02/2011,"33 West St., Annapolis, MD",38.9782,"http://www.washingtonpost.com/gog/music-events/jesse-cook,1179560.html",Jesse Cook,,410-268-4545
03/02/2011,,-77.0624,Birchmere Music Hall,,29.50,03/02/2011,"3701 Mt. Vernon Ave., Alexandria, VA",38.8392,"http://www.washingtonpost.com/gog/music-events/marc-broussard,1179786.html",Marc Broussard,,703-549-7500
03/03/2011,,-77.0624,Birchmere Music Hall,,29.50,03/03/2011,"3701 Mt. Vernon Ave., Alexandria, VA",38.8392,"http://www.washingtonpost.com/gog/music-events/jesse-cook,1179755.html",Jesse Cook,,703-549-7500
03/03/2011,,-77.2666,Wolf Trap - The Barns,,25,03/03/2011,"1635 Trap Rd., Vienna, VA",38.9324,"http://www.washingtonpost.com/gog/music-events/leon-redbone,1179386.html",Leon Redbone,,703-938-2404
03/03/2011,,-77.0306,Twins Jazz,,10,03/03/2011,"1344 U St. NW, Washington, DC",38.9168,"http://www.washingtonpost.com/gog/music-events/sharon-raquel-with-the-kash-wright-trio,1179826.html",Sharon Raquel with the Kash Wright Trio,,202-234-0072
03/05/2011,,-76.4945,Rams Head Tavern,,20,03/05/2011,"33 West St., Annapolis, MD",38.9782,"http://www.washingtonpost.com/gog/music-events/doc-hochmans-mardi-gras-dixieband,1179563.html",Doc Hochman's Mardi Gras Dixieband,,410-268-4545
03/05/2011,,-77.2666,Wolf Trap - The Barns,,25,03/05/2011,"1635 Trap Rd., Vienna, VA",38.9324,"http://www.washingtonpost.com/gog/music-events/john-eaton,1179387.html",John Eaton,,703-938-2404
03/05/2011,,-77.0306,Twins Jazz,,15,03/04/2011,"1344 U St. NW, Washington, DC",38.9168,"http://www.washingtonpost.com/gog/music-events/michael-thomas-quintet,1179827.html",Michael Thomas Quintet,,202-234-0072
03/06/2011,,-77.0306,Twins Jazz,,5,03/06/2011,"1344 U St. NW, Washington, DC",38.9168,"http://www.washingtonpost.com/gog/music-events/rodney-richardson-quartet,1179828.html",Rodney Richardson Quartet,,202-234-0072
03/06/2011,,-77.0626,Blues Alley,,35,03/03/2011,"1073 Wisconsin Ave. NW, Washington, DC",38.9044,"http://www.washingtonpost.com/gog/music-events/mike-stern-band,1179858.html",Mike Stern Band,,202-337-4141
03/07/2011,,-77.0626,Blues Alley,,20,03/07/2011,"1073 Wisconsin Ave. NW, Washington, DC",38.9044,"http://www.washingtonpost.com/gog/music-events/amij,1179859.html",Amij,,202-337-4141
03/08/2011,,-77.0626,Blues Alley,,25,03/08/2011,"1073 Wisconsin Ave. NW, Washington, DC",38.9044,"http://www.washingtonpost.com/gog/music-events/cheikh-ndoye-with-karen-briggs,1179860.html",Cheikh Ndoye with Karen Briggs,,202-337-4141
03/09/2011,,-77.0626,Blues Alley,,20,03/09/2011,"1073 Wisconsin Ave. NW, Washington, DC",38.9044,"http://www.washingtonpost.com/gog/music-events/aziza-miller,1179861.html",Aziza Miller,,202-337-4141
03/12/2011,,-77.0295,Warner Theatre,,27-57,03/12/2011,"13th and E streets NW, Washington, DC",38.8961,"http://www.washingtonpost.com/gog/music-events/poncho-sanchez-and-his-latin-jazz-band,1179368.html",Poncho Sanchez and his Latin Jazz Band,,202-783-4000
03/12/2011,,-77.0306,Twins Jazz,,15,03/11/2011,"1344 U St. NW, Washington, DC",38.9168,"http://www.washingtonpost.com/gog/music-events/project-natale,1179829.html",Project Natale,,202-234-0072
03/12/2011,,-77.027,Bohemian Caverns,,,03/11/2011,"2003 11th St. NW, Washington, DC",38.917,"http://www.washingtonpost.com/gog/music-events/robert-glasper,1179372.html",Robert Glasper,,202-299-0800
03/13/2011,,-77.0306,Twins Jazz,,5,03/13/2011,"1344 U St. NW, Washington, DC",38.9168,"http://www.washingtonpost.com/gog/music-events/rodney-richardson-quartet,1179830.html",Rodney Richardson Quartet,,202-234-0072
03/13/2011,,-77.0626,Blues Alley,,27.50,03/10/2011,"1073 Wisconsin Ave. NW, Washington, DC",38.9044,"http://www.washingtonpost.com/gog/music-events/stanley-jordan,1179862.html",Stanley Jordan,,202-337-4141
03/16/2011,,-77.2666,Wolf Trap - The Barns,,35,03/15/2011,"1635 Trap Rd., Vienna, VA",38.9324,"http://www.washingtonpost.com/gog/music-events/al-di-meola,1179390.html",Al di Meola,,703-938-2404
03/18/2011,,-76.4945,Rams Head Tavern,,45,03/18/2011,"33 West St., Annapolis, MD",38.9782,"http://www.washingtonpost.com/gog/music-events/rachelle-ferrell,1179542.html",Rachelle Ferrell,,410-268-4545
03/19/2011,,-77.0306,Twins Jazz,,15,03/18/2011,"1344 U St. NW, Washington, DC",38.9168,"http://www.washingtonpost.com/gog/music-events/david-gibson,1179831.html",David Gibson,,202-234-0072
03/20/2011,,-77.0306,Twins Jazz,,5,03/20/2011,"1344 U St. NW, Washington, DC",38.9168,"http://www.washingtonpost.com/gog/music-events/rodney-richardson-quartet,1179832.html",Rodney Richardson Quartet,,202-234-0072
03/20/2011,,-77.0626,Blues Alley,,43,03/17/2011,"1073 Wisconsin Ave. NW, Washington, DC",38.9044,"http://www.washingtonpost.com/gog/music-events/earl-klugh,1179833.html",Earl Klugh,,202-337-4141
03/21/2011,,-77.0626,Blues Alley,,20,03/21/2011,"1073 Wisconsin Ave. NW, Washington, DC",38.9044,"http://www.washingtonpost.com/gog/music-events/althea-rene-with-phaze-ii,1179834.html",Althea Rene with Phaze II,,202-337-4141
03/22/2011,,-77.0306,Twins Jazz,,10,03/22/2011,"1344 U St. NW, Washington, DC",38.9168,"http://www.washingtonpost.com/gog/music-events/jacob-anderson,1179803.html",Jacob Anderson,,202-234-0072
03/23/2011,,-77.0626,Blues Alley,,25,03/23/2011,"1073 Wisconsin Ave. NW, Washington, DC",38.9044,"http://www.washingtonpost.com/gog/music-events/kevin-whalum,1179835.html",Kevin Whalum,,202-337-4141
03/24/2011,,-77.0306,Twins Jazz,,10,03/24/2011,"1344 U St. NW, Washington, DC",38.9168,"http://www.washingtonpost.com/gog/music-events/renee-edward,1179804.html",Renee Edward,,202-234-0072
03/26/2011,,-77.055,The John F. Kennedy Center for the Performing Arts,,20-55,03/26/2011,"2700 F St. NW, Washington, DC",38.8974,"http://www.washingtonpost.com/gog/music-events/branford-marsalis-quartet-and-terence-blanchard-quintet,1180053.html",Branford Marsalis Quartet and Terence Blanchard Quintet,,202-467-4600. 800-444-1324
03/26/2011,,-77.0306,Twins Jazz,,20,03/25/2011,"1344 U St. NW, Washington, DC",38.9168,"http://www.washingtonpost.com/gog/music-events/doreens-jazz-new-orleans,1179805.html",Doreen's Jazz New Orleans,,202-234-0072
03/27/2011,,-77.0306,Twins Jazz,,5,03/27/2011,"1344 U St. NW, Washington, DC",38.9168,"http://www.washingtonpost.com/gog/music-events/rodney-richardson-quartet,1179806.html",Rodney Richardson Quartet,,202-234-0072
03/28/2011,,-77.0626,Blues Alley,,25,03/28/2011,"1073 Wisconsin Ave. NW, Washington, DC",38.9044,"http://www.washingtonpost.com/gog/music-events/u-nam,1179837.html",U-Nam,,202-337-4141
03/29/2011,,-77.0626,Blues Alley,,20,03/29/2011,"1073 Wisconsin Ave. NW, Washington, DC",38.9044,"http://www.washingtonpost.com/gog/music-events/doreen-ketchens,1179838.html",Doreen Ketchens,,202-337-4141
03/30/2011,,-76.4945,Rams Head Tavern,,39.50,03/30/2011,"33 West St., Annapolis, MD",38.9782,"http://www.washingtonpost.com/gog/music-events/jeff-lorber-fusion,1179550.html",Jeff Lorber Fusion,,410-268-4545
03/30/2011,,-77.0626,Blues Alley,,25,03/30/2011,"1073 Wisconsin Ave. NW, Washington, DC",38.9044,"http://www.washingtonpost.com/gog/music-events/steve-smith-and-vital-information,1179839.html",Steve Smith & Vital Information,,202-337-4141
03/31/2011,,-77.0626,Blues Alley,,18,03/31/2011,"1073 Wisconsin Ave. NW, Washington, DC",38.9044,"http://www.washingtonpost.com/gog/music-events/chuck-redd,1179840.html",Chuck Redd,,202-337-4141
03/31/2011,,-76.4945,Rams Head Tavern,,15,03/31/2011,"33 West St., Annapolis, MD",38.9782,"http://www.washingtonpost.com/gog/music-events/joe-robinson,1179551.html",Joe Robinson,,410-268-4545
04/01/2011,,-77.0624,Birchmere Music Hall,,65,04/01/2011,"3701 Mt. Vernon Ave., Alexandria, VA",38.8392,"http://www.washingtonpost.com/gog/music-events/the-jazz-crusaders,1179739.html",The Jazz Crusaders,,703-549-7500
04/03/2011,,-77.0624,Birchmere Music Hall,,55,04/03/2011,"3701 Mt. Vernon Ave., Alexandria, VA",38.8392,"http://www.washingtonpost.com/gog/music-events/fourplay,1179741.html",Fourplay,,703-549-7500
04/03/2011,,-77.0306,Twins Jazz,Billie Holiday tribute,10,04/03/2011,"1344 U St. NW, Washington, DC",38.9168,"http://www.washingtonpost.com/gog/music-events/lady-d.-featuring-yaala-ballin,1179807.html",Lady D. featuring Yaala Ballin,,202-234-0072
04/05/2011,,-77.0626,Blues Alley,,25,04/05/2011,"1073 Wisconsin Ave. NW, Washington, DC",38.9044,"http://www.washingtonpost.com/gog/music-events/gretchen-parlato,1179841.html",Gretchen Parlato,,202-337-4141
04/05/2011,,-76.4945,Rams Head Tavern,,49.50,04/04/2011,"33 West St., Annapolis, MD",38.9782,"http://www.washingtonpost.com/gog/music-events/fourplay,1179522.html",Fourplay,,410-268-4545
04/06/2011,,-77.0306,Twins Jazz,,10,04/06/2011,"1344 U St. NW, Washington, DC",38.9168,"http://www.washingtonpost.com/gog/music-events/harris-eisenstadt,1179808.html",Harris Eisenstadt,,202-234-0072
04/06/2011,,-77.0626,Blues Alley,,25,04/06/2011,"1073 Wisconsin Ave. NW, Washington, DC",38.9044,"http://www.washingtonpost.com/gog/music-events/sonny-fortune,1179842.html",Sonny Fortune,,202-337-4141
04/09/2011,,-77.0306,Twins Jazz,,15,04/08/2011,"1344 U St. NW, Washington, DC",38.9168,"http://www.washingtonpost.com/gog/music-events/tom-williams-quintet,1179809.html",Tom Williams Quintet,,202-234-0072
04/10/2011,,-77.0626,Blues Alley,,43,04/07/2011,"1073 Wisconsin Ave. NW, Washington, DC",38.9044,"http://www.washingtonpost.com/gog/music-events/lee-ritenour,1179843.html",Lee Ritenour,,202-337-4141
04/16/2011,,-77.0306,Twins Jazz,,15,04/16/2011,"1344 U St. NW, Washington, DC",38.9168,"http://www.washingtonpost.com/gog/music-events/brubeck-institute-jazz-quintet,1179810.html",Brubeck Institute Jazz Quintet,,202-234-0072
04/18/2011,,-77.0626,Blues Alley,,150,04/15/2011,"1073 Wisconsin Ave. NW, Washington, DC",38.9044,"http://www.washingtonpost.com/gog/music-events/dave-brubeck,1179844.html",Dave Brubeck,,202-337-4141
04/22/2011,,-77.0626,Blues Alley,,45,04/20/2011,"1073 Wisconsin Ave. NW, Washington, DC",38.9044,"http://www.washingtonpost.com/gog/music-events/phil-woods,1179845.html",Phil Woods,,202-337-4141
04/23/2011,,-77.0626,Blues Alley,,55,04/23/2011,"1073 Wisconsin Ave. NW, Washington, DC",38.9044,"http://www.washingtonpost.com/gog/music-events/phil-woods,1179846.html",Phil Woods,,202-337-4141
04/23/2011,,-77.0306,Twins Jazz,,15,04/22/2011,"1344 U St. NW, Washington, DC",38.9168,"http://www.washingtonpost.com/gog/music-events/noah-haidu-and-jeremy-pelt,1179811.html",Noah Haidu & Jeremy Pelt,,202-234-0072
04/30/2011,,-77.02,Sixth and I Historic Synagogue,,30,04/30/2011,"600 I St. NW, Washington, DC",38.9008,"http://www.washingtonpost.com/gog/music-events/vijay-iyer-trio,1179399.html",Vijay Iyer Trio,,202-408-3100
04/30/2011,,-77.0306,Twins Jazz,,15,04/29/2011,"1344 U St. NW, Washington, DC",38.9168,"http://www.washingtonpost.com/gog/music-events/felicia-carter-and-amy-shook,1179812.html",Felicia Carter & Amy Shook,,202-234-0072
05/15/2011,,-76.4945,Rams Head Tavern,,39.50,05/15/2011,"33 West St., Annapolis, MD",38.9782,"http://www.washingtonpost.com/gog/music-events/candy-dulfer,1179510.html",Candy Dulfer,,410-268-4545
05/15/2011,,-77.0624,Birchmere Music Hall,,29.50,05/15/2011,"3701 Mt. Vernon Ave., Alexandria, VA",38.8392,"http://www.washingtonpost.com/gog/music-events/maceo-parker,1179726.html",Maceo Parker,,703-549-7500
05/17/2011,,-77.0624,Birchmere Music Hall,,39.50,05/17/2011,"3701 Mt. Vernon Ave., Alexandria, VA",38.8392,"http://www.washingtonpost.com/gog/music-events/candy-dulfer,1179727.html",Candy Dulfer,,703-549-7500
05/21/2011,,-77.0535,Millennium Stage - The John F. Kennedy Center for the Performing Arts,,Free,05/20/2011,"2700 F St. NW, Washington, DC",38.8972,"http://www.washingtonpost.com/gog/music-events/mary-lou-williams-women-in-jazz-emerging-artist-showcase,1180054.html",Mary Lou Williams Women in Jazz Emerging Artist Showcase,,202-467-4600. 800-444-1324
07/08/2011,,-76.4945,Rams Head Tavern,,29.50,07/08/2011,"33 West St., Annapolis, MD",38.9782,"http://www.washingtonpost.com/gog/music-events/down-to-the-bone,1179512.html",Down to the Bone,,410-268-4545
12/09/2012,,-77.0552,Zoo Bar (Oxford Tavern),,,02/06/2012,"3000 Connecticut Ave., Washington, DC",38.9296,"http://www.washingtonpost.com/gog/music-events/mike-flahertys-dixieland-direct-jazz-band,1163894.html",Mike Flaherty's Dixieland Direct Jazz Band,,
02/23/2011,,-77.0624,Birchmere Music Hall,,29.50,02/23/2011,"3701 Mt. Vernon Ave., Alexandria, VA",38.8392,"http://www.washingtonpost.com/gog/music-events/keola-and-moana-beamer,1179782.html",Keola & Moana Beamer,,703-549-7500
02/24/2011,,-77.2623,Jammin' Java,,12,02/24/2011,"227 Maple Avenue East, Vienna, VA",38.9039,"http://www.washingtonpost.com/gog/music-events/brendan-james,1179644.html",Brendan James,,703-255-1566
02/25/2011,,-77.2623,Jammin' Java,,18,02/25/2011,"227 Maple Avenue East, Vienna, VA",38.9039,"http://www.washingtonpost.com/gog/music-events/griffin-house,1179646.html",Griffin House,,703-255-1566
02/25/2011,,-77.0922,Iota Club & Cafe,,12,02/25/2011,"2832 Wilson Blvd., Arlington, VA",38.8889,"http://www.washingtonpost.com/gog/music-events/justin-trawick,1179687.html",Justin Trawick,,703-522-8340
02/25/2011,,-77.2623,Jammin' Java,,20,02/25/2011,"227 Maple Avenue East, Vienna, VA",38.9039,"http://www.washingtonpost.com/gog/music-events/marshall-crenshaw,1179645.html",Marshall Crenshaw,,703-255-1566
02/25/2011,,-76.4945,Rams Head Tavern,,20,02/25/2011,"33 West St., Annapolis, MD",38.9782,"http://www.washingtonpost.com/gog/music-events/mountain-heart,1179556.html",Mountain Heart,,410-268-4545
02/26/2011,,-77.02,Sixth and I Historic Synagogue,,"12 in advance, 15 at the door",02/26/2011,"600 I St. NW, Washington, DC",38.9008,"http://www.washingtonpost.com/gog/music-events/gregory-alan-isakov,1179432.html",Gregory Alan Isakov,,202-408-3100
02/26/2011,,-77.0232,9:30 Club,,15,02/26/2011,"815 V St. NW, Washington, DC",38.9178,"http://www.washingtonpost.com/gog/music-events/jonathan-richman,1179795.html",Jonathan Richman,,202-265-0930
02/28/2011,,-77.2623,Jammin' Java,,"12, 20 VIP",02/28/2011,"227 Maple Avenue East, Vienna, VA",38.9039,"http://www.washingtonpost.com/gog/music-events/ryan-cabrera,1179648.html",Ryan Cabrera,,703-255-1566
03/02/2011,,-77.2666,Wolf Trap - The Barns,,22,03/02/2011,"1635 Trap Rd., Vienna, VA",38.9324,"http://www.washingtonpost.com/gog/music-events/al-stewart,1179385.html",Al Stewart,,703-938-2404
03/02/2011,,-77.0232,9:30 Club,,25,03/02/2011,"815 V St. NW, Washington, DC",38.9178,"http://www.washingtonpost.com/gog/music-events/dawes,1179796.html",Dawes,,202-265-0930
03/03/2011,,-77.2623,Jammin' Java,,"12 in advance, 15 at the door",03/03/2011,"227 Maple Avenue East, Vienna, VA",38.9039,"http://www.washingtonpost.com/gog/music-events/tracy-bonham,1179649.html",Tracy Bonham,,703-255-1566
03/04/2011,,-76.4945,Rams Head Tavern,,24.50,03/04/2011,"33 West St., Annapolis, MD",38.9782,"http://www.washingtonpost.com/gog/music-events/vienna-teng,1179562.html",Vienna Teng,,410-268-4545
03/05/2011,,-77.0318,Black Cat,,12,03/05/2011,"1811 14th St. NW, Washington, DC",38.9145,"http://www.washingtonpost.com/gog/music-events/alex-winston,1179716.html",Alex Winston,,202-667-4490
03/05/2011,,-77.0624,Birchmere Music Hall,,55,03/05/2011,"3701 Mt. Vernon Ave., Alexandria, VA",38.8392,"http://www.washingtonpost.com/gog/music-events/arlo-guthrie,1179757.html",Arlo Guthrie,,703-549-7500
03/05/2011,,-77.2623,Jammin' Java,,15,03/05/2011,"227 Maple Avenue East, Vienna, VA",38.9039,"http://www.washingtonpost.com/gog/music-events/bobby-long,1179651.html",Bobby Long,,703-255-1566
03/05/2011,,-77.0232,9:30 Club,,18,03/05/2011,"815 V St. NW, Washington, DC",38.9178,"http://www.washingtonpost.com/gog/music-events/corey-smith,1179798.html",Corey Smith,,202-265-0930
03/07/2011,,-76.4945,Rams Head Tavern,,55,03/07/2011,"33 West St., Annapolis, MD",38.9782,"http://www.washingtonpost.com/gog/music-events/shawn-colvin,1179566.html",Shawn Colvin,,410-268-4545
03/08/2011,,-77.0318,Black Cat,,10,03/08/2011,"1811 14th St. NW, Washington, DC",38.9145,"http://www.washingtonpost.com/gog/music-events/des-ark,1179719.html",Des Ark,,202-667-4490
03/09/2011,,-77.2623,Jammin' Java,,12,03/09/2011,"227 Maple Avenue East, Vienna, VA",38.9039,"http://www.washingtonpost.com/gog/music-events/tony-lucca,1179656.html",Tony Lucca,,703-255-1566
03/10/2011,,-77.2666,Wolf Trap - The Barns,,22,03/10/2011,"1635 Trap Rd., Vienna, VA",38.9324,"http://www.washingtonpost.com/gog/music-events/tom-paxton,1179389.html",Tom Paxton,,703-938-2404
03/12/2011,,-77.2623,Jammin' Java,,15,03/12/2011,"227 Maple Avenue East, Vienna, VA",38.9039,"http://www.washingtonpost.com/gog/music-events/deep-river,1179625.html",Deep River,,703-255-1566
03/13/2011,,-77.2623,Jammin' Java,,20,03/13/2011,"227 Maple Avenue East, Vienna, VA",38.9039,"http://www.washingtonpost.com/gog/music-events/al-petteway-and-amy-white,1179626.html",Al Petteway & Amy White,,703-255-1566
03/14/2011,,-77.0232,9:30 Club,,30,03/14/2011,"815 V St. NW, Washington, DC",38.9178,"http://www.washingtonpost.com/gog/music-events/pete-yorn,1179802.html",Pete Yorn,,202-265-0930
03/20/2011,,-77.0922,Iota Club & Cafe,,12,03/20/2011,"2832 Wilson Blvd., Arlington, VA",38.8889,"http://www.washingtonpost.com/gog/music-events/rebecca-loebe,1179659.html",Rebecca Loebe,,703-522-8340
03/24/2011,,-77.0922,Iota Club & Cafe,,17,03/24/2011,"2832 Wilson Blvd., Arlington, VA",38.8889,"http://www.washingtonpost.com/gog/music-events/john-doe-and-jill-sobule,1179660.html",John Doe and Jill Sobule,,703-522-8340
03/24/2011,,-77.2666,Wolf Trap - The Barns,,22,03/24/2011,"1635 Trap Rd., Vienna, VA",38.9324,"http://www.washingtonpost.com/gog/music-events/lucy-kaplansky,1179392.html",Lucy Kaplansky,,703-938-2404
03/25/2011,,-77.2623,Jammin' Java,,18,03/25/2011,"227 Maple Avenue East, Vienna, VA",38.9039,"http://www.washingtonpost.com/gog/music-events/ron-sexsmith,1179631.html",Ron Sexsmith,,703-255-1566
03/25/2011,,-76.4945,Rams Head Tavern,,30,03/25/2011,"33 West St., Annapolis, MD",38.9782,"http://www.washingtonpost.com/gog/music-events/tom-rush,1179547.html",Tom Rush,,410-268-4545
03/26/2011,,-77.02,Sixth and I Historic Synagogue,,"8 in advance, 10 at the door",03/26/2011,"600 I St. NW, Washington, DC",38.9008,"http://www.washingtonpost.com/gog/music-events/kopecky-family-band,1179397.html",Kopecky Family Band,,202-408-3100
03/26/2011,,-77.0624,Birchmere Music Hall,,35,03/26/2011,"3701 Mt. Vernon Ave., Alexandria, VA",38.8392,"http://www.washingtonpost.com/gog/music-events/tom-rush,1179767.html",Tom Rush,,703-549-7500
03/27/2011,,-77.2623,Jammin' Java,,"20 in advance, 25 at the door",03/27/2011,"227 Maple Avenue East, Vienna, VA",38.9039,"http://www.washingtonpost.com/gog/music-events/david-lindley,1179632.html",David Lindley,,703-255-1566
03/27/2011,,-77.0624,Birchmere Music Hall,,25,03/27/2011,"3701 Mt. Vernon Ave., Alexandria, VA",38.8392,"http://www.washingtonpost.com/gog/music-events/over-the-rhine,1179768.html",Over The Rhine,,703-549-7500
03/29/2011,,-77.0318,Black Cat,,15,03/29/2011,"1811 14th St. NW, Washington, DC",38.9145,"http://www.washingtonpost.com/gog/music-events/jessica-lea-mayfield,1179696.html",Jessica Lea Mayfield,,202-667-4490
03/29/2011,,-77.0624,Birchmere Music Hall,,25,03/29/2011,"3701 Mt. Vernon Ave., Alexandria, VA",38.8392,"http://www.washingtonpost.com/gog/music-events/kaki-king,1179769.html",Kaki King,,703-549-7500
03/31/2011,,-77.2666,Wolf Trap - The Barns,,20,03/31/2011,"1635 Trap Rd., Vienna, VA",38.9324,"http://www.washingtonpost.com/gog/music-events/john-mccutcheon,1179395.html",John McCutcheon,,703-938-2404
03/31/2011,,-77.0624,Birchmere Music Hall,,29.50,03/30/2011,"3701 Mt. Vernon Ave., Alexandria, VA",38.8392,"http://www.washingtonpost.com/gog/music-events/the-wailin-jennys,1179770.html",The Wailin' Jennys,,703-549-7500
04/01/2011,,-76.4945,Rams Head Tavern,,23.50,04/01/2011,"33 West St., Annapolis, MD",38.9782,"http://www.washingtonpost.com/gog/music-events/steep-canyon-rangers,1179552.html",Steep Canyon Rangers,,410-268-4545
04/01/2011,,-77.2623,Jammin' Java,,12,04/01/2011,"227 Maple Avenue East, Vienna, VA",38.9039,"http://www.washingtonpost.com/gog/music-events/the-guggenheim-grotto,1179633.html",The Guggenheim Grotto,,703-255-1566
04/02/2011,,-77.2666,Wolf Trap - The Barns,,16,04/02/2011,"1635 Trap Rd., Vienna, VA",38.9324,"http://www.washingtonpost.com/gog/music-events/cravin-dogs,1179362.html",Cravin' Dogs,,703-938-2404
04/02/2011,,-77.2623,Jammin' Java,,"20 in advance, 23 at the door",04/02/2011,"227 Maple Avenue East, Vienna, VA",38.9039,"http://www.washingtonpost.com/gog/music-events/willy-porter,1179634.html",Willy Porter,,703-255-1566
04/07/2011,,-77.2623,Jammin' Java,,"12 in advance, 15 at the door",04/07/2011,"227 Maple Avenue East, Vienna, VA",38.9039,"http://www.washingtonpost.com/gog/music-events/hot-club-of-cowtown,1179635.html",Hot Club of Cowtown,,703-255-1566
04/08/2011,,-77.0624,Birchmere Music Hall,,29.50,04/07/2011,"3701 Mt. Vernon Ave., Alexandria, VA",38.8392,"http://www.washingtonpost.com/gog/music-events/colin-hay,1179743.html",Colin Hay,,703-549-7500
04/09/2011,,-77.2666,Wolf Trap - The Barns,,22,04/09/2011,"1635 Trap Rd., Vienna, VA",38.9324,"http://www.washingtonpost.com/gog/music-events/austin-lounge-lizards,1179364.html",Austin Lounge Lizards,,703-938-2404
04/09/2011,,-76.4945,Rams Head Tavern,,30,04/09/2011,"33 West St., Annapolis, MD",38.9782,"http://www.washingtonpost.com/gog/music-events/loudon-wainwright-iii,1179525.html",Loudon Wainwright III,,410-268-4545
04/10/2011,,-77.2623,Jammin' Java,,12,04/10/2011,"227 Maple Avenue East, Vienna, VA",38.9039,"http://www.washingtonpost.com/gog/music-events/peter-mulvey,1179607.html",Peter Mulvey,,703-255-1566
04/13/2011,,-77.0318,Black Cat,,12,04/13/2011,"1811 14th St. NW, Washington, DC",38.9145,"http://www.washingtonpost.com/gog/music-events/joe-pug,1179704.html",Joe Pug,,202-667-4490
04/14/2011,,-77.2623,Jammin' Java,,12,04/14/2011,"227 Maple Avenue East, Vienna, VA",38.9039,"http://www.washingtonpost.com/gog/music-events/chatham-county-line,1179608.html",Chatham County Line,,703-255-1566
04/15/2011,,-77.0624,Birchmere Music Hall,,25,04/15/2011,"3701 Mt. Vernon Ave., Alexandria, VA",38.8392,"http://www.washingtonpost.com/gog/music-events/girlyman,1179746.html",Girlyman,,703-549-7500
04/16/2011,,-77.0624,Birchmere Music Hall,,25,04/16/2011,"3701 Mt. Vernon Ave., Alexandria, VA",38.8392,"http://www.washingtonpost.com/gog/music-events/carrie-newcomer-and-debi-smith,1179747.html",Carrie Newcomer & Debi Smith,,703-549-7500
04/16/2011,,-77.2623,Jammin' Java,,"15 in advance, 18 at the door",04/16/2011,"227 Maple Avenue East, Vienna, VA",38.9039,"http://www.washingtonpost.com/gog/music-events/robbie-schaefer,1179610.html",Robbie Schaefer,,703-255-1566
04/22/2011,,-77.2623,Jammin' Java,,"22 in advance, 25 at the door",04/22/2011,"227 Maple Avenue East, Vienna, VA",38.9039,"http://www.washingtonpost.com/gog/music-events/stephen-kellogg,1179612.html",Stephen Kellogg,,703-255-1566
04/23/2011,,-77.2623,Jammin' Java,,15,04/23/2011,"227 Maple Avenue East, Vienna, VA",38.9039,"http://www.washingtonpost.com/gog/music-events/the-nields,1179613.html",The Nields,,703-255-1566
04/27/2011,,-76.4945,Rams Head Tavern,Performed by A.J. Swearingen & Jonathan Beedle.,22,04/27/2011,"33 West St., Annapolis, MD",38.9782,"http://www.washingtonpost.com/gog/music-events/simon-and-garfunkel-retrospective,1179531.html",Simon & Garfunkel Retrospective,,410-268-4545
04/30/2011,,-76.4945,Rams Head Tavern,,45,04/29/2011,"33 West St., Annapolis, MD",38.9782,"http://www.washingtonpost.com/gog/music-events/jonathan-edwards,1179532.html",Jonathan Edwards,,410-268-4545
05/05/2011,,-76.4945,Rams Head Tavern,,55,05/05/2011,"33 West St., Annapolis, MD",38.9782,"http://www.washingtonpost.com/gog/music-events/bruce-cockburn-with-band,1179535.html",Bruce Cockburn with Band,,410-268-4545
05/06/2011,,-77.0624,Birchmere Music Hall,,29.50,05/06/2011,"3701 Mt. Vernon Ave., Alexandria, VA",38.8392,"http://www.washingtonpost.com/gog/music-events/jonathan-coulton,1179751.html",Jonathan Coulton,,703-549-7500
05/07/2011,,-77.2623,Jammin' Java,,20,05/07/2011,"227 Maple Avenue East, Vienna, VA",38.9039,"http://www.washingtonpost.com/gog/music-events/steve-forbert,1179616.html",Steve Forbert,,703-255-1566
05/09/2011,,-77.0624,Birchmere Music Hall,,35,05/09/2011,"3701 Mt. Vernon Ave., Alexandria, VA",38.8392,"http://www.washingtonpost.com/gog/music-events/bruce-cockburn-with-band,1179723.html",Bruce Cockburn with Band,,703-549-7500
05/11/2011,,-77.0624,Birchmere Music Hall,,35,05/11/2011,"3701 Mt. Vernon Ave., Alexandria, VA",38.8392,"http://www.washingtonpost.com/gog/music-events/ottmar-liebert-and-luna-negra,1179724.html",Ottmar Liebert & Luna Negra,,703-549-7500
05/14/2011,,-77.2623,Jammin' Java,,15,05/14/2011,"227 Maple Avenue East, Vienna, VA",38.9039,"http://www.washingtonpost.com/gog/music-events/tracy-grammer,1179617.html",Tracy Grammer,,703-255-1566
06/03/2011,,-77.0624,Birchmere Music Hall,,45,06/03/2011,"3701 Mt. Vernon Ave., Alexandria, VA",38.8392,"http://www.washingtonpost.com/gog/music-events/shawn-colvin,1179730.html",Shawn Colvin,,703-549-7500
06/04/2011,,-77.0624,Birchmere Music Hall,,25,06/04/2011,"3701 Mt. Vernon Ave., Alexandria, VA",38.8392,"http://www.washingtonpost.com/gog/music-events/the-seldom-scene,1179731.html",The Seldom Scene,,703-549-7500
01/03/2012,,-77.2623,Jammin' Java,,12,01/03/2012,"227 Maple Avenue East, Vienna, VA",38.9039,"http://www.washingtonpost.com/gog/music-events/todd-wright,1180184.html",Todd Wright,,703-255-1566
02/23/2011,,-77.0232,9:30 Club,,35,02/23/2011,"815 V St. NW, Washington, DC",38.9178,"http://www.washingtonpost.com/gog/music-events/pat-green,1179791.html",Pat Green,,202-265-0930
03/13/2011,,-76.4945,Rams Head Tavern,,19.50,03/13/2011,"33 West St., Annapolis, MD",38.9782,"http://www.washingtonpost.com/gog/music-events/dean-crawford-and-dunns-river-band,1179572.html",Dean Crawford & Dunn's River Band,,410-268-4545
03/19/2011,,-76.4945,Rams Head Tavern,,35,03/19/2011,"33 West St., Annapolis, MD",38.9782,"http://www.washingtonpost.com/gog/music-events/rodney-crowell,1179543.html",Rodney Crowell,,410-268-4545
03/23/2011,,-77.2666,Wolf Trap - The Barns,,35,03/22/2011,"1635 Trap Rd., Vienna, VA",38.9324,"http://www.washingtonpost.com/gog/music-events/kathy-mattea,1179391.html",Kathy Mattea,,703-938-2404
04/17/2011,,-76.4945,Rams Head Tavern,,39.50,04/17/2011,"33 West St., Annapolis, MD",38.9782,"http://www.washingtonpost.com/gog/music-events/asleep-at-the-wheel,1179530.html",Asleep at the Wheel,,410-268-4545
05/08/2011,,-77.0624,Birchmere Music Hall,,25,05/08/2011,"3701 Mt. Vernon Ave., Alexandria, VA",38.8392,"http://www.washingtonpost.com/gog/music-events/crooked-still,1179753.html",Crooked Still,,703-549-7500
05/14/2011,,-77.0624,Birchmere Music Hall,,45,05/14/2011,"3701 Mt. Vernon Ave., Alexandria, VA",38.8392,"http://www.washingtonpost.com/gog/music-events/roy-clark,1179725.html",Roy Clark,,703-549-7500
05/22/2011,,-76.8803,Merriweather Post Pavilion,,41-76,05/22/2011,"10475 Little Patuxent Pwy., Columbia, MD",39.2118,"http://www.washingtonpost.com/gog/music-events/sugarland,1179410.html",Sugarland,,410-715-5550
06/04/2011,,-76.864,FedEx Field,,46.80-278.45,06/04/2011,"1600 FedEx Way, Landover, MD",38.9074,"http://www.washingtonpost.com/gog/music-events/kenny-chesney,1179328.html",Kenny Chesney,,301-276-6000
02/23/2011,,-76.4945,Rams Head Tavern,,25,02/23/2011,"33 West St., Annapolis, MD",38.9782,"http://www.washingtonpost.com/gog/music-events/bill-kirchen,1179588.html",Bill Kirchen,,410-268-4545
02/23/2011,,-77.0318,Black Cat,,10,02/23/2011,"1811 14th St. NW, Washington, DC",38.9145,"http://www.washingtonpost.com/gog/music-events/futurebirds,1179712.html",Futurebirds,,202-667-4490
02/24/2011,,-77.0624,Birchmere Music Hall,,25,02/24/2011,"3701 Mt. Vernon Ave., Alexandria, VA",38.8392,"http://www.washingtonpost.com/gog/music-events/james-hunter,1179783.html",James Hunter,,703-549-7500
02/24/2011,,-76.9899,The Red Palace,,"8 in advance, 10 at the door",02/24/2011,"1212 H St. NE, Washington, DC",38.9003,"http://www.washingtonpost.com/gog/music-events/revolver,1179461.html",Revolver,,202-399-3201
02/24/2011,,-77.02,Sixth and I Historic Synagogue,,20,02/24/2011,"600 I St. NW, Washington, DC",38.9008,"http://www.washingtonpost.com/gog/music-events/the-low-anthem,1179431.html",The Low Anthem,,202-408-3100
02/25/2011,,-77.0232,9:30 Club,,15,02/25/2011,"815 V St. NW, Washington, DC",38.9178,"http://www.washingtonpost.com/gog/music-events/darkest-hour,1179793.html",Darkest Hour,,202-265-0930
02/25/2011,,-77.0624,Birchmere Music Hall,,26.50,02/25/2011,"3701 Mt. Vernon Ave., Alexandria, VA",38.8392,"http://www.washingtonpost.com/gog/music-events/pat-mcgee-band,1179784.html",Pat McGee Band,,703-549-7500
02/25/2011,,-77.0232,9:30 Club,,20,02/25/2011,"815 V St. NW, Washington, DC",38.9178,"http://www.washingtonpost.com/gog/music-events/wanda-jackson,1179794.html",Wanda Jackson,,202-265-0930
02/26/2011,,-77.0245,Velvet Lounge,,8,02/26/2011,"915 U St. NW, Washington, DC",38.9171,"http://www.washingtonpost.com/gog/music-events/28-north,1179427.html",28 North,,202-462-3213
02/26/2011,,-77.2325,Jaxx Nightclub & Restaurant,,"10 in advance, 12 at the door",02/26/2011,"6355 Rolling Rd., West Springfield, VA",38.7781,"http://www.washingtonpost.com/gog/music-events/battle-of-the-bands,1179637.html",Battle of the Bands,,703-569-5940
02/26/2011,,-76.9899,The Red Palace,,8,02/26/2011,"1212 H St. NE, Washington, DC",38.9003,"http://www.washingtonpost.com/gog/music-events/bridges-and-powerlines,1179462.html",Bridges and Powerlines,,202-399-3201
02/26/2011,,-76.4945,Rams Head Tavern,,22.50,02/26/2011,"33 West St., Annapolis, MD",38.9782,"http://www.washingtonpost.com/gog/music-events/charlie-mars,1179557.html",Charlie Mars,,410-268-4545
02/26/2011,,-76.9866,The Rock and Roll Hotel,,10,02/26/2011,"1353 H St. NE, Washington, DC",38.9,"http://www.washingtonpost.com/gog/music-events/midnight-hike,1179521.html",Midnight Hike,,202-388-7625
02/26/2011,,-77.3113,George Mason University - Patriot Center,,15-50,02/26/2011,"4500 Patriot Circle, Fairfax, VA",38.8298,"http://www.washingtonpost.com/gog/music-events/tobymac,1179412.html",TobyMac,,"202-397-7328, 703-993-3000"
02/27/2011,,-77.2325,Jaxx Nightclub & Restaurant,,"17 in advance, 20 at the door",02/27/2011,"6355 Rolling Rd., West Springfield, VA",38.7781,"http://www.washingtonpost.com/gog/music-events/eluveitie,1179593.html",Eluveitie,,703-569-5940
02/27/2011,,-77.0318,Black Cat,,10,02/27/2011,"1811 14th St. NW, Washington, DC",38.9145,"http://www.washingtonpost.com/gog/music-events/franz-nicolay,1179754.html",Franz Nicolay,,202-667-4490
02/27/2011,,-77.2623,Jammin' Java,,12,02/27/2011,"227 Maple Avenue East, Vienna, VA",38.9039,"http://www.washingtonpost.com/gog/music-events/jay-nash,1179647.html",Jay Nash,,703-255-1566
02/27/2011,,-76.9899,The Red Palace,,8,02/27/2011,"1212 H St. NE, Washington, DC",38.9003,"http://www.washingtonpost.com/gog/music-events/satori-trova,1179463.html",Satori Trova,,202-399-3201
02/27/2011,,-77.0245,Velvet Lounge,,8,02/27/2011,"915 U St. NW, Washington, DC",38.9171,"http://www.washingtonpost.com/gog/music-events/tiny-victories,1179428.html",Tiny Victories,,202-462-3213
02/27/2011,,-76.9866,The Rock and Roll Hotel,,16,02/27/2011,"1353 H St. NE, Washington, DC",38.9,"http://www.washingtonpost.com/gog/music-events/white-rabbits,1179487.html",White Rabbits,,202-388-7625
03/01/2011,,-76.9899,The Red Palace,,10,03/01/2011,"1212 H St. NE, Washington, DC",38.9003,"http://www.washingtonpost.com/gog/music-events/future-islands,1179464.html",Future Islands,,202-399-3201
03/01/2011,,-77.0318,Black Cat,,"21 in advance, 25 at the door",03/01/2011,"1811 14th St. NW, Washington, DC",38.9145,"http://www.washingtonpost.com/gog/music-events/the-get-up-kids,1179714.html",The Get Up Kids,,202-667-4490
03/02/2011,,-77.2325,Jaxx Nightclub & Restaurant,,"22 in advance, 25 at the door, 50 VIP",03/02/2011,"6355 Rolling Rd., West Springfield, VA",38.7781,"http://www.washingtonpost.com/gog/music-events/ensiferum,1179638.html",Ensiferum,,703-569-5940
03/02/2011,,-76.9899,The Red Palace,,"10 in advance, 12 at the door",03/02/2011,"1212 H St. NE, Washington, DC",38.9003,"http://www.washingtonpost.com/gog/music-events/marnie-stern,1179465.html",Marnie Stern,,202-399-3201
03/02/2011,,-77.0318,Black Cat,,12,03/02/2011,"1811 14th St. NW, Washington, DC",38.9145,"http://www.washingtonpost.com/gog/music-events/pogo,1179715.html",Pogo,,202-667-4490
03/03/2011,,-76.4945,Rams Head Tavern,,32.50,03/03/2011,"33 West St., Annapolis, MD",38.9782,"http://www.washingtonpost.com/gog/music-events/al-stewart,1179561.html",Al Stewart,,410-268-4545
03/03/2011,,-76.9899,The Red Palace,,"10 in advance, 12 at the door",03/03/2011,"1212 H St. NE, Washington, DC",38.9003,"http://www.washingtonpost.com/gog/music-events/esben-and-the-witch,1179466.html",Esben and the Witch,,202-399-3201
03/03/2011,,-77.1699,The State Theatre,,16,03/03/2011,"220 N. Washington St., Falls Church, VA",38.8831,"http://www.washingtonpost.com/gog/music-events/tim-reynolds-and-tr3,1179476.html",Tim Reynolds and TR3,,703-237-0300
03/04/2011,,-77.2623,Jammin' Java,,12,03/04/2011,"227 Maple Avenue East, Vienna, VA",38.9039,"http://www.washingtonpost.com/gog/music-events/atomic-tom,1179650.html",Atomic Tom,,703-255-1566
03/04/2011,,-77.2325,Jaxx Nightclub & Restaurant,,"10 in advance, 12 at the door",03/04/2011,"6355 Rolling Rd., West Springfield, VA",38.7781,"http://www.washingtonpost.com/gog/music-events/epitome-of-the-weak,1179622.html",Epitome of the Weak,,703-569-5940
03/04/2011,,-77.0232,9:30 Club,,27,03/04/2011,"815 V St. NW, Washington, DC",38.9178,"http://www.washingtonpost.com/gog/music-events/good-charlotte,1179797.html",Good Charlotte,,202-265-0930
03/04/2011,,-76.9866,The Rock and Roll Hotel,,12,03/04/2011,"1353 H St. NE, Washington, DC",38.9,"http://www.washingtonpost.com/gog/music-events/smith-westerns,1179488.html",Smith Westerns,,202-388-7625
03/05/2011,,-77.2623,Jammin' Java,,10,03/05/2011,"227 Maple Avenue East, Vienna, VA",38.9039,"http://www.washingtonpost.com/gog/music-events/native,1179652.html",Native,,703-255-1566
03/05/2011,,-76.9866,The Rock and Roll Hotel,,12,03/05/2011,"1353 H St. NE, Washington, DC",38.9,"http://www.washingtonpost.com/gog/music-events/tennis,1179489.html",Tennis,,202-388-7625
03/05/2011,,-76.9899,The Red Palace,,"12 in advance, 14 at the door",03/05/2011,"1212 H St. NE, Washington, DC",38.9003,"http://www.washingtonpost.com/gog/music-events/the-parlotones,1179467.html",The Parlotones,,202-399-3201
03/06/2011,,-77.0318,Black Cat,,12,03/06/2011,"1811 14th St. NW, Washington, DC",38.9145,"http://www.washingtonpost.com/gog/music-events/dum-dum-girls,1179717.html",Dum Dum Girls,,202-667-4490
03/06/2011,,-76.9899,The Red Palace,,"10 in advance, 12 at the door",03/06/2011,"1212 H St. NE, Washington, DC",38.9003,"http://www.washingtonpost.com/gog/music-events/mother-mother,1179468.html",Mother Mother,,202-399-3201
03/06/2011,,-76.9866,The Rock and Roll Hotel,,"12 in advance, 14 at the door",03/06/2011,"1353 H St. NE, Washington, DC",38.9,"http://www.washingtonpost.com/gog/music-events/rival-schools,1179490.html",Rival Schools,,202-388-7625
03/06/2011,,-77.0922,Iota Club & Cafe,,12,03/06/2011,"2832 Wilson Blvd., Arlington, VA",38.8889,"http://www.washingtonpost.com/gog/music-events/tami-dmar,1179688.html",Tami D'Mar,,703-522-8340
03/06/2011,,-76.4945,Rams Head Tavern,,23.50,03/06/2011,"33 West St., Annapolis, MD",38.9782,"http://www.washingtonpost.com/gog/music-events/tim-reynolds-and-tr3,1179565.html",Tim Reynolds and TR3,,410-268-4545
03/07/2011,,-77.2623,Jammin' Java,,"10 in advance, 13 at the door",03/07/2011,"227 Maple Avenue East, Vienna, VA",38.9039,"http://www.washingtonpost.com/gog/music-events/chase-coy,1179654.html",Chase Coy,,703-255-1566
03/07/2011,,-77.0318,Black Cat,,10,03/07/2011,"1811 14th St. NW, Washington, DC",38.9145,"http://www.washingtonpost.com/gog/music-events/heavy-cream,1179718.html",Heavy Cream,,202-667-4490
03/07/2011,,-77.0232,9:30 Club,,40,03/07/2011,"815 V St. NW, Washington, DC",38.9178,"http://www.washingtonpost.com/gog/music-events/scissor-sisters,1179799.html",Scissor Sisters,,202-265-0930
03/08/2011,,-77.2623,Jammin' Java,,"12 in advance, 15 at the door",03/08/2011,"227 Maple Avenue East, Vienna, VA",38.9039,"http://www.washingtonpost.com/gog/music-events/along-those-lines,1179655.html",Along Those Lines,,703-255-1566
03/08/2011,,-76.9899,The Red Palace,,10,03/08/2011,"1212 H St. NE, Washington, DC",38.9003,"http://www.washingtonpost.com/gog/music-events/the-coronas,1179434.html",The Coronas,,202-399-3201
03/09/2011,,-77.2666,Wolf Trap - The Barns,,22,03/09/2011,"1635 Trap Rd., Vienna, VA",38.9324,"http://www.washingtonpost.com/gog/music-events/california-guitar-trio,1179388.html",California Guitar Trio,,703-938-2404
03/09/2011,,-76.9866,The Rock and Roll Hotel,,"12 in advance, 14 at the door",03/09/2011,"1353 H St. NE, Washington, DC",38.9,"http://www.washingtonpost.com/gog/music-events/nicole-atkins-and-the-black-sea,1179492.html",Nicole Atkins & the Black Sea,,202-388-7625
03/09/2011,,-77.0624,Birchmere Music Hall,,35,03/09/2011,"3701 Mt. Vernon Ave., Alexandria, VA",38.8392,"http://www.washingtonpost.com/gog/music-events/robyn-hitchcock-and-joe-boyd,1179759.html",Robyn Hitchcock & Joe Boyd,,703-549-7500
03/09/2011,,-77.2325,Jaxx Nightclub & Restaurant,,"22 in advance, 25 at the door, 50 VIP",03/09/2011,"6355 Rolling Rd., West Springfield, VA",38.7781,"http://www.washingtonpost.com/gog/music-events/rotting-christ,1179594.html",Rotting Christ,,703-569-5940
03/09/2011,,-77.0318,Black Cat,,12,03/09/2011,"1811 14th St. NW, Washington, DC",38.9145,"http://www.washingtonpost.com/gog/music-events/say-hi,1179720.html",Say Hi,,202-667-4490
03/09/2011,,-77.0232,9:30 Club,,55,03/09/2011,"815 V St. NW, Washington, DC",38.9178,"http://www.washingtonpost.com/gog/music-events/the-pogues,1179800.html",The Pogues,,202-265-0930
03/10/2011,,-77.1699,The State Theatre,,25,03/10/2011,"220 N. Washington St., Falls Church, VA",38.8831,"http://www.washingtonpost.com/gog/music-events/dark-star-orchestra,1179478.html",Dark Star Orchestra,,703-237-0300
03/10/2011,,-77.2623,Jammin' Java,,"12 in advance, 15 at the door",03/10/2011,"227 Maple Avenue East, Vienna, VA",38.9039,"http://www.washingtonpost.com/gog/music-events/jesse-malin-and-the-st.-marks-social,1179657.html",Jesse Malin & the St. Marks Social,,703-255-1566
03/10/2011,,-76.4945,Rams Head Tavern,,20,03/10/2011,"33 West St., Annapolis, MD",38.9782,"http://www.washingtonpost.com/gog/music-events/peterbuilt,1179569.html",Peterbuilt,,410-268-4545
03/10/2011,,-77.2623,Jammin' Java,,"12 in advance, 15 at the door",03/10/2011,"227 Maple Avenue East, Vienna, VA",38.9039,"http://www.washingtonpost.com/gog/music-events/super-bob,1179624.html",Super Bob,,703-255-1566
03/10/2011,,-77.0318,Black Cat,,13,03/10/2011,"1811 14th St. NW, Washington, DC",38.9145,"http://www.washingtonpost.com/gog/music-events/wild-flag,1179721.html",Wild Flag,,202-667-4490
03/11/2011,,-77.2325,Jaxx Nightclub & Restaurant,,"27 in advance, 30 at the door",03/11/2011,"6355 Rolling Rd., West Springfield, VA",38.7781,"http://www.washingtonpost.com/gog/music-events/kix,1179595.html",Kix,,703-569-5940
03/11/2011,,-76.9866,The Rock and Roll Hotel,,10,03/11/2011,"1353 H St. NE, Washington, DC",38.9,"http://www.washingtonpost.com/gog/music-events/the-silver-liners,1179494.html",The Silver Liners,,202-388-7625
03/11/2011,,-77.0318,Black Cat,,12,03/11/2011,"1811 14th St. NW, Washington, DC",38.9145,"http://www.washingtonpost.com/gog/music-events/wye-oak,1179722.html",Wye Oak,,202-667-4490
03/12/2011,,-76.9899,The Red Palace,,"10 in advance, 12 at the door",03/12/2011,"1212 H St. NE, Washington, DC",38.9003,"http://www.washingtonpost.com/gog/music-events/telekinesis,1179435.html",Telekinesis,,202-399-3201
03/12/2011,,-77.0318,Black Cat,,15,03/12/2011,"1811 14th St. NW, Washington, DC",38.9145,"http://www.washingtonpost.com/gog/music-events/the-ex,1179691.html",The Ex,,202-667-4490
03/12/2011,,-76.4945,Rams Head Tavern,,34,03/11/2011,"33 West St., Annapolis, MD",38.9782,"http://www.washingtonpost.com/gog/music-events/eddie-from-ohio,1179570.html",Eddie from Ohio,,410-268-4545
03/13/2011,,-76.4945,Rams Head Tavern,,22.50,03/13/2011,"33 West St., Annapolis, MD",38.9782,"http://www.washingtonpost.com/gog/music-events/ana-popovic,1179571.html",Ana Popovic,,410-268-4545
03/13/2011,,-77.0232,9:30 Club,,25,03/13/2011,"815 V St. NW, Washington, DC",38.9178,"http://www.washingtonpost.com/gog/music-events/apocalyptica,1179801.html",Apocalyptica,,202-265-0930
03/13/2011,,-76.9899,The Red Palace,,"8 in advance, 10 at the door",03/13/2011,"1212 H St. NE, Washington, DC",38.9003,"http://www.washingtonpost.com/gog/music-events/small-sins,1179436.html",Small Sins,,202-399-3201
03/13/2011,,-76.9866,The Rock and Roll Hotel,,12,03/13/2011,"1353 H St. NE, Washington, DC",38.9,"http://www.washingtonpost.com/gog/music-events/the-rural-alberta-advantage,1179496.html",The Rural Alberta Advantage,,202-388-7625
03/15/2011,,-77.0318,Black Cat,,13,03/15/2011,"1811 14th St. NW, Washington, DC",38.9145,"http://www.washingtonpost.com/gog/music-events/rocky-votolato,1179692.html",Rocky Votolato,,202-667-4490
03/15/2011,,-77.0922,Iota Club & Cafe,,18,03/15/2011,"2832 Wilson Blvd., Arlington, VA",38.8889,"http://www.washingtonpost.com/gog/music-events/the-blasters,1179689.html",The Blasters,,703-522-8340
03/15/2011,,-76.4945,Rams Head Tavern,,95,03/14/2011,"33 West St., Annapolis, MD",38.9782,"http://www.washingtonpost.com/gog/music-events/america,1179539.html",America,,410-268-4545
03/16/2011,,-76.9866,The Rock and Roll Hotel,,"15 in advance, 17 at the door",03/16/2011,"1353 H St. NE, Washington, DC",38.9,"http://www.washingtonpost.com/gog/music-events/boyce-avenue,1179497.html",Boyce Avenue,,202-388-7625
03/17/2011,,-76.6192,First Mariner Arena,,22.50-33.50,03/17/2011,"201 W. Baltimore St., Baltimore, MD",39.2893,"http://www.washingtonpost.com/gog/music-events/chris-tomlin,1179374.html",Chris Tomlin,,410-347-2010
03/17/2011,,-77.2325,Jaxx Nightclub & Restaurant,,"15 in advance, 17 at the door",03/17/2011,"6355 Rolling Rd., West Springfield, VA",38.7781,"http://www.washingtonpost.com/gog/music-events/kataklysm,1179596.html",Kataklysm,,703-569-5940
03/17/2011,,-77.2623,Jammin' Java,,"12 in advance, 15 at the door, 37 VIP",03/17/2011,"227 Maple Avenue East, Vienna, VA",38.9039,"http://www.washingtonpost.com/gog/music-events/the-pretty-reckless,1179627.html",The Pretty Reckless,,703-255-1566
03/18/2011,,-77.2325,Jaxx Nightclub & Restaurant,,"17 in advance, 20 at the door",03/18/2011,"6355 Rolling Rd., West Springfield, VA",38.7781,"http://www.washingtonpost.com/gog/music-events/the-adicts,1179597.html",The Adicts,,703-569-5940
03/19/2011,,-77.024,DC9,,Free,03/19/2011,"1940 Ninth St. NW, Washington, DC",38.9161,"http://www.washingtonpost.com/gog/music-events/dj-trevor-martin,1179677.html",DJ Trevor Martin,,202-483-5000
03/19/2011,,-77.0922,Iota Club & Cafe,,12,03/19/2011,"2832 Wilson Blvd., Arlington, VA",38.8889,"http://www.washingtonpost.com/gog/music-events/juniper-lane,1179658.html",Juniper Lane,,703-522-8340
03/19/2011,,-76.9899,The Red Palace,,10,03/19/2011,"1212 H St. NE, Washington, DC",38.9003,"http://www.washingtonpost.com/gog/music-events/tim-barry,1179437.html",Tim Barry,,202-399-3201
03/19/2011,,-77.0624,Birchmere Music Hall,,35,03/18/2011,"3701 Mt. Vernon Ave., Alexandria, VA",38.8392,"http://www.washingtonpost.com/gog/music-events/the-average-white-band,1179762.html",The Average White Band,,703-549-7500
03/20/2011,,-77.2623,Jammin' Java,,"10 in advance, 13 at the door",03/20/2011,"227 Maple Avenue East, Vienna, VA",38.9039,"http://www.washingtonpost.com/gog/music-events/boys-will-be-boys,1179630.html",Boys Will Be Boys,,703-255-1566
03/20/2011,,-76.9899,The Red Palace,,"8 in advance, 10 at the door",03/20/2011,"1212 H St. NE, Washington, DC",38.9003,"http://www.washingtonpost.com/gog/music-events/bushwalla,1179438.html",Bushwalla,,202-399-3201
03/20/2011,,-77.0624,Birchmere Music Hall,,29.50,03/20/2011,"3701 Mt. Vernon Ave., Alexandria, VA",38.8392,"http://www.washingtonpost.com/gog/music-events/rodney-crowell,1179763.html",Rodney Crowell,,703-549-7500
03/21/2011,,-76.9899,The Red Palace,,10,03/21/2011,"1212 H St. NE, Washington, DC",38.9003,"http://www.washingtonpost.com/gog/music-events/apex-manor,1179439.html",Apex Manor,,202-399-3201
03/22/2011,,-76.9899,The Red Palace,,10,03/22/2011,"1212 H St. NE, Washington, DC",38.9003,"http://www.washingtonpost.com/gog/music-events/young-galaxy,1179440.html",Young Galaxy,,202-399-3201
03/23/2011,,-76.9899,The Red Palace,,15,03/23/2011,"1212 H St. NE, Washington, DC",38.9003,"http://www.washingtonpost.com/gog/music-events/deep-dark-robot,1179441.html",Deep Dark Robot,,202-399-3201
03/23/2011,,-77.2325,Jaxx Nightclub & Restaurant,,30,03/23/2011,"6355 Rolling Rd., West Springfield, VA",38.7781,"http://www.washingtonpost.com/gog/music-events/helmet,1179639.html",Helmet,,703-569-5940
03/23/2011,,-77.1699,The State Theatre,,35,03/23/2011,"220 N. Washington St., Falls Church, VA",38.8831,"http://www.washingtonpost.com/gog/music-events/stanley-clarke,1179482.html",Stanley Clarke,,703-237-0300
03/24/2011,,-76.9866,The Rock and Roll Hotel,,14,03/24/2011,"1353 H St. NE, Washington, DC",38.9,"http://www.washingtonpost.com/gog/music-events/fujiya-and-miyagi,1179499.html",Fujiya & Miyagi,,202-388-7625
03/24/2011,,-76.4945,Rams Head Tavern,,39.50,03/24/2011,"33 West St., Annapolis, MD",38.9782,"http://www.washingtonpost.com/gog/music-events/stephen-bishop,1179546.html",Stephen Bishop,,410-268-4545
03/24/2011,,-77.0698,Comet Ping Pong,,Free,03/24/2011,"5037 Connecticut Ave. NW, Washington, DC",38.956,"http://www.washingtonpost.com/gog/music-events/tog,1179678.html",Tog,,202-364-0404
03/25/2011,,-77.2666,Wolf Trap - The Barns,,25,03/25/2011,"1635 Trap Rd., Vienna, VA",38.9324,"http://www.washingtonpost.com/gog/music-events/a-tribute-to-the-byrds,1179393.html",A Tribute to the Byrds,,703-938-2404
03/25/2011,,-76.9866,The Rock and Roll Hotel,,14,03/25/2011,"1353 H St. NE, Washington, DC",38.9,"http://www.washingtonpost.com/gog/music-events/asobi-seksu,1179500.html",Asobi Seksu,,202-388-7625
03/25/2011,,-77.1699,The State Theatre,,20,03/25/2011,"220 N. Washington St., Falls Church, VA",38.8831,"http://www.washingtonpost.com/gog/music-events/mike-gordon,1179484.html",Mike Gordon,,703-237-0300
03/25/2011,,-77.0624,Birchmere Music Hall,,29.50,03/25/2011,"3701 Mt. Vernon Ave., Alexandria, VA",38.8392,"http://www.washingtonpost.com/gog/music-events/peter-wolf,1179766.html",Peter Wolf,,703-549-7500
03/25/2011,,-77.0318,Black Cat,,"13 in advance, 15 at the door",03/25/2011,"1811 14th St. NW, Washington, DC",38.9145,"http://www.washingtonpost.com/gog/music-events/the-joy-formidable,1179694.html",The Joy Formidable,,202-667-4490
03/25/2011,,-77.0922,Iota Club & Cafe,,15,03/25/2011,"2832 Wilson Blvd., Arlington, VA",38.8889,"http://www.washingtonpost.com/gog/music-events/vetiver,1179661.html",Vetiver,,703-522-8340
03/26/2011,,-76.6192,First Mariner Arena,,29-149,03/26/2011,"201 W. Baltimore St., Baltimore, MD",39.2893,"http://www.washingtonpost.com/gog/music-events/elton-john,1179375.html",Elton John,,410-347-2010
03/26/2011,,-76.9899,The Red Palace,,"10 in advance, 12 at the door",03/26/2011,"1212 H St. NE, Washington, DC",38.9003,"http://www.washingtonpost.com/gog/music-events/kevin-devine,1179442.html",Kevin Devine,,202-399-3201
03/26/2011,,-77.0318,Black Cat,,"18 in advance, 20 at the door",03/26/2011,"1811 14th St. NW, Washington, DC",38.9145,"http://www.washingtonpost.com/gog/music-events/sebadoh,1179695.html",Sebadoh,,202-667-4490
03/26/2011,,-77.2325,Jaxx Nightclub & Restaurant,,"10 in advance, 12 at the door",03/26/2011,"6355 Rolling Rd., West Springfield, VA",38.7781,"http://www.washingtonpost.com/gog/music-events/spark-to-inferno,1179598.html",Spark to Inferno,,703-569-5940
03/26/2011,,-77.0922,Iota Club & Cafe,,12,03/26/2011,"2832 Wilson Blvd., Arlington, VA",38.8889,"http://www.washingtonpost.com/gog/music-events/the-damnwells,1179662.html",The Damnwells,,703-522-8340
03/26/2011,,-76.4945,Rams Head Tavern,,25,03/26/2011,"33 West St., Annapolis, MD",38.9782,"http://www.washingtonpost.com/gog/music-events/tribute-to-the-byrds,1179548.html",Tribute to the Byrds,,410-268-4545
03/27/2011,,-77.2325,Jaxx Nightclub & Restaurant,,"10 in advance, 12 at the door",03/27/2011,"6355 Rolling Rd., West Springfield, VA",38.7781,"http://www.washingtonpost.com/gog/music-events/silent-civilian,1179599.html",Silent Civilian,,703-569-5940
03/27/2011,,-76.4945,Rams Head Tavern,,50,03/27/2011,"33 West St., Annapolis, MD",38.9782,"http://www.washingtonpost.com/gog/music-events/the-kingston-trio,1179549.html",The Kingston Trio,,410-268-4545
03/28/2011,,-76.4945,Rams Head Tavern,,49.50,03/28/2011,"33 West St., Annapolis, MD",38.9782,"http://www.washingtonpost.com/gog/music-events/dave-mason,1179606.html",Dave Mason,,410-268-4545
03/29/2011,,-77.2325,Jaxx Nightclub & Restaurant,,"12 in advance, 14 at the door",03/29/2011,"6355 Rolling Rd., West Springfield, VA",38.7781,"http://www.washingtonpost.com/gog/music-events/the-word-alive,1179600.html",The Word Alive,,703-569-5940
03/30/2011,,-76.9866,The Rock and Roll Hotel,,12,03/30/2011,"1353 H St. NE, Washington, DC",38.9,"http://www.washingtonpost.com/gog/music-events/star-expletive,1179501.html",Star[expletive],,202-388-7625
03/30/2011,,-76.9899,The Red Palace,,12,03/30/2011,"1212 H St. NE, Washington, DC",38.9003,"http://www.washingtonpost.com/gog/music-events/the-cave-singers,1179443.html",The Cave Singers,,202-399-3201
03/30/2011,,-77.2666,Wolf Trap - The Barns,,35,03/29/2011,"1635 Trap Rd., Vienna, VA",38.9324,"http://www.washingtonpost.com/gog/music-events/dave-mason,1179394.html",Dave Mason,,703-938-2404
03/31/2011,,-77.0318,Black Cat,,13,03/31/2011,"1811 14th St. NW, Washington, DC",38.9145,"http://www.washingtonpost.com/gog/music-events/mike-watt-and-the-missingmen,1179697.html",Mike Watt & the Missingmen,,202-667-4490
04/01/2011,,-76.9866,The Rock and Roll Hotel,,"10 in advance, 12 at the door",04/01/2011,"1353 H St. NE, Washington, DC",38.9,"http://www.washingtonpost.com/gog/music-events/civil-twilight,1179502.html",Civil Twilight,,202-388-7625
04/01/2011,,-76.9899,The Red Palace,,"8 in advance, 10 at the door",04/01/2011,"1212 H St. NE, Washington, DC",38.9003,"http://www.washingtonpost.com/gog/music-events/gold-panda,1179444.html",Gold Panda,,202-399-3201
04/01/2011,,-77.2666,Wolf Trap - The Barns,,27,04/01/2011,"1635 Trap Rd., Vienna, VA",38.9324,"http://www.washingtonpost.com/gog/music-events/roger-mcguinn,1179396.html",Roger McGuinn,,703-938-2404
04/01/2011,,-77.0318,Black Cat,,17,04/01/2011,"1811 14th St. NW, Washington, DC",38.9145,"http://www.washingtonpost.com/gog/music-events/the-pains-of-being-pure-at-heart,1179698.html",The Pains of Being Pure at Heart,,202-667-4490
04/01/2011,,-77.3113,George Mason University - Patriot Center,,15-75,04/01/2011,"4500 Patriot Circle, Fairfax, VA",38.8298,"http://www.washingtonpost.com/gog/music-events/third-day,1179414.html",Third Day,,"202-397-7328, 703-993-3000"
04/02/2011,,-76.4945,Rams Head Tavern,,22.50,04/02/2011,"33 West St., Annapolis, MD",38.9782,"http://www.washingtonpost.com/gog/music-events/marti-jones-and-don-dixon,1179553.html",Marti Jones & Don Dixon,,410-268-4545
04/02/2011,,-77.1699,The State Theatre,,18,04/02/2011,"220 N. Washington St., Falls Church, VA",38.8831,"http://www.washingtonpost.com/gog/music-events/the-clarks,1179485.html",The Clarks,,703-237-0300
04/02/2011,,-77.0318,Black Cat,,15,04/02/2011,"1811 14th St. NW, Washington, DC",38.9145,"http://www.washingtonpost.com/gog/music-events/warpaint,1179699.html",Warpaint,,202-667-4490
04/03/2011,,-76.4945,Rams Head Tavern,,15,04/03/2011,"33 West St., Annapolis, MD",38.9782,"http://www.washingtonpost.com/gog/music-events/civil-twilight,1179554.html",Civil Twilight,,410-268-4545
04/04/2011,,-77.0624,Birchmere Music Hall,,29.50,04/04/2011,"3701 Mt. Vernon Ave., Alexandria, VA",38.8392,"http://www.washingtonpost.com/gog/music-events/jars-of-clay,1179742.html",Jars of Clay,,703-549-7500
04/04/2011,,-77.0318,Black Cat,,10,04/04/2011,"1811 14th St. NW, Washington, DC",38.9145,"http://www.washingtonpost.com/gog/music-events/morning-teleportation,1179700.html",Morning Teleportation,,202-667-4490
04/05/2011,,-77.0318,Black Cat,,15,04/05/2011,"1811 14th St. NW, Washington, DC",38.9145,"http://www.washingtonpost.com/gog/music-events/destroyer,1179701.html",Destroyer,,202-667-4490
04/05/2011,,-76.9899,The Red Palace,,"10 in advance, 12 at the door",04/05/2011,"1212 H St. NE, Washington, DC",38.9003,"http://www.washingtonpost.com/gog/music-events/men,1179445.html",Men,,202-399-3201
04/06/2011,,-76.9899,The Red Palace,,8,04/06/2011,"1212 H St. NE, Washington, DC",38.9003,"http://www.washingtonpost.com/gog/music-events/hammer-no-more-the-fingers,1179446.html",Hammer No More The Fingers,,202-399-3201
04/07/2011,,-77.2325,Jaxx Nightclub & Restaurant,,"12 in advance, 14 at the door",04/07/2011,"6355 Rolling Rd., West Springfield, VA",38.7781,"http://www.washingtonpost.com/gog/music-events/fair-to-midland,1179601.html",Fair to Midland,,703-569-5940
04/07/2011,,-76.9866,The Rock and Roll Hotel,,"12 in advance, 14 at the door",04/07/2011,"1353 H St. NE, Washington, DC",38.9,"http://www.washingtonpost.com/gog/music-events/senses-fail,1179503.html",Senses Fail,,202-388-7625
04/07/2011,,-77.0318,Black Cat,,20,04/07/2011,"1811 14th St. NW, Washington, DC",38.9145,"http://www.washingtonpost.com/gog/music-events/wire,1179702.html",Wire,,202-667-4490
04/08/2011,,-77.0318,Black Cat,,15,04/08/2011,"1811 14th St. NW, Washington, DC",38.9145,"http://www.washingtonpost.com/gog/music-events/black-lips,1179703.html",Black Lips,,202-667-4490
04/08/2011,,-76.9899,The Red Palace,,10,04/08/2011,"1212 H St. NE, Washington, DC",38.9003,"http://www.washingtonpost.com/gog/music-events/ha-ha-tonka,1179447.html",Ha Ha Tonka,,202-399-3201
04/08/2012,,-77.1053,The Mansion at Strathmore,"The Mansion at Strathmore hosts bands ranging from rock to rap to go-go, visual artists, and a PBR happy hour from 8-9 p.m. with 16 oz. beers for $2.",12; 10 in advance,02/04/2012,"10701 Rockville Pike, North Bethesda, MD",39.0311,"http://www.washingtonpost.com/gog/music-events/friday-night-eclectic,1160990.html",Friday Night Eclectic,http://www.strathmore.org,301-581-5100
04/10/2012,,-76.4945,Rams Head Tavern,,35,04/10/2012,"33 West St., Annapolis, MD",38.9782,"http://www.washingtonpost.com/gog/music-events/colin-hay,1179526.html",Colin Hay,,410-268-4545
04/11/2012,,-76.9899,The Red Palace,,"10 in advance, 12 at the door",04/11/2012,"1212 H St. NE, Washington, DC",38.9003,"http://www.washingtonpost.com/gog/music-events/foster-the-people,1179448.html",Foster the People,,202-399-3201
04/12/2012,,-76.9866,The Rock and Roll Hotel,,"12 in advance, 14 at the door",04/12/2012,"1353 H St. NE, Washington, DC",38.9,"http://www.washingtonpost.com/gog/music-events/the-greenhornes,1179504.html",The Greenhornes,,202-388-7625
04/13/2012,,-77.2325,Jaxx Nightclub & Restaurant,,"25 in advance, 30 at the door, 60 VIP",04/13/2012,"6355 Rolling Rd., West Springfield, VA",38.7781,"http://www.washingtonpost.com/gog/music-events/accept,1179602.html",Accept,,703-569-5940
04/14/2012,,-76.9899,The Red Palace,,"12 in advance, 14 at the door",04/14/2012,"1212 H St. NE, Washington, DC",38.9003,"http://www.washingtonpost.com/gog/music-events/acid-mothers-temple-and-the-melting-paraiso-u.f.o.,1179449.html",Acid Mothers Temple & the Melting Paraiso U.F.O.,,202-399-3201
04/14/2012,,-77.2325,Jaxx Nightclub & Restaurant,Jimi Hendrix tribute.,"12 in advance, 15 at the door",04/14/2012,"6355 Rolling Rd., West Springfield, VA",38.7781,"http://www.washingtonpost.com/gog/music-events/eric-gales-and-voodoo-chile,1179640.html",Eric Gales & Voodoo Chile,,703-569-5940
04/14/2012,,-76.9866,The Rock and Roll Hotel,,"12 in advance, 14 at the door",04/14/2012,"1353 H St. NE, Washington, DC",38.9,"http://www.washingtonpost.com/gog/music-events/toro-y-moi,1179469.html",Toro Y Moi,,202-388-7625
04/15/2012,,-77.2623,Jammin' Java,,15,04/15/2012,"227 Maple Avenue East, Vienna, VA",38.9039,"http://www.washingtonpost.com/gog/music-events/graham-colton,1179609.html",Graham Colton,,703-255-1566
04/15/2012,,-77.2325,Jaxx Nightclub & Restaurant,,"22 in advance, 25 at the door, 55 VIP",04/15/2012,"6355 Rolling Rd., West Springfield, VA",38.7781,"http://www.washingtonpost.com/gog/music-events/overkill,1179623.html",OverKill,,703-569-5940
04/16/2012,,-76.9899,The Red Palace,,"10 in advance, 12 at the door",04/16/2012,"1212 H St. NE, Washington, DC",38.9003,"http://www.washingtonpost.com/gog/music-events/danielson,1179450.html",Danielson,,202-399-3201
04/16/2012,,-76.4945,Rams Head Tavern,,15,04/16/2012,"33 West St., Annapolis, MD",38.9782,"http://www.washingtonpost.com/gog/music-events/graham-colton,1179529.html",Graham Colton,,410-268-4545
04/16/2012,,-77.2623,Jammin' Java,,10,04/16/2012,"227 Maple Avenue East, Vienna, VA",38.9039,"http://www.washingtonpost.com/gog/music-events/john-mark-mcmillan,1179611.html",John Mark McMillan,,703-255-1566
04/17/2012,,-77.02,Sixth and I Historic Synagogue,,45,04/17/2012,"600 I St. NW, Washington, DC",38.9008,"http://www.washingtonpost.com/gog/music-events/chris-cornell,1179398.html",Chris Cornell,,202-408-3100
04/17/2012,,-76.9899,The Red Palace,,12,04/17/2012,"1212 H St. NE, Washington, DC",38.9003,"http://www.washingtonpost.com/gog/music-events/sharon-van-etten,1179415.html",Sharon Van Etten,,202-399-3201
02/24/2011,,-77.055,The John F. Kennedy Center for the Performing Arts,,50-250,02/24/2011,"2700 F St. NW, Washington, DC",38.8974,"http://www.washingtonpost.com/gog/music-events/earth,1179380.html",Earth,,202-467-4600. 800-444-1324
04/18/2012,,-76.9899,The Red Palace,,8,04/18/2012,"1212 H St. NE, Washington, DC",38.9003,"http://www.washingtonpost.com/gog/music-events/woodsman,1179416.html",Woodsman,,202-399-3201
02/25/2011,,-76.9866,The Rock and Roll Hotel,,10,02/25/2011,"1353 H St. NE, Washington, DC",38.9,"http://www.washingtonpost.com/gog/music-events/bonjour,1179520.html",Bonjour,,202-388-7625
04/19/2012,,-77.0318,Black Cat,,15,04/19/2012,"1811 14th St. NW, Washington, DC",38.9145,"http://www.washingtonpost.com/gog/music-events/british-sea-power,1179705.html",British Sea Power,,202-667-4490
03/02/2011,,-77.0626,Blues Alley,,25,03/02/2011,"1073 Wisconsin Ave. NW, Washington, DC",38.9044,"http://www.washingtonpost.com/gog/music-events/trina-broussard,1179857.html",Trina Broussard,,202-337-4141
04/22/2012,,-76.6192,First Mariner Arena,,46-111,04/22/2012,"201 W. Baltimore St., Baltimore, MD",39.2893,"http://www.washingtonpost.com/gog/music-events/rush,1179376.html",Rush,,410-347-2010
03/04/2011,,-77.0624,Birchmere Music Hall,,45,03/04/2011,"3701 Mt. Vernon Ave., Alexandria, VA",38.8392,"http://www.washingtonpost.com/gog/music-events/rahsaan-patterson,1179756.html",Rahsaan Patterson,,703-549-7500
04/25/2012,,-76.9899,The Red Palace,,12,04/25/2012,"1212 H St. NE, Washington, DC",38.9003,"http://www.washingtonpost.com/gog/music-events/the-fresh-and-onlys,1179417.html",The Fresh & Onlys,,202-399-3201
03/05/2011,,-76.4945,Rams Head Tavern,,35,03/05/2011,"33 West St., Annapolis, MD",38.9782,"http://www.washingtonpost.com/gog/music-events/rahsaan-patterson,1179564.html",Rahsaan Patterson,,410-268-4545
04/25/2012,,-77.0318,Black Cat,,15,04/25/2012,"1811 14th St. NW, Washington, DC",38.9145,"http://www.washingtonpost.com/gog/music-events/yacht,1179706.html",YACHT,,202-667-4490
03/06/2011,,-77.2623,Jammin' Java,,15,03/06/2011,"227 Maple Avenue East, Vienna, VA",38.9039,"http://www.washingtonpost.com/gog/music-events/that-1-guy,1179653.html",That 1 Guy,,703-255-1566
04/26/2012,,-76.9899,The Red Palace,,14,04/26/2012,"1212 H St. NE, Washington, DC",38.9003,"http://www.washingtonpost.com/gog/music-events/zola-jesus,1179418.html",Zola Jesus,,202-399-3201
03/09/2011,,-76.4945,Rams Head Tavern,,15,03/09/2011,"33 West St., Annapolis, MD",38.9782,"http://www.washingtonpost.com/gog/music-events/eli-paperboy-reed,1179568.html",Eli Paperboy Reed,,410-268-4545
04/30/2012,,-77.3113,George Mason University - Patriot Center,,55-125,04/30/2012,"4500 Patriot Circle, Fairfax, VA",38.8298,"http://www.washingtonpost.com/gog/music-events/kylie-minogue,1179379.html",Kylie Minogue,,"202-397-7328, 703-993-3000"
03/10/2011,,-76.9866,The Rock and Roll Hotel,,15,03/10/2011,"1353 H St. NE, Washington, DC",38.9,"http://www.washingtonpost.com/gog/music-events/eli-paperboy-reed-and-the-true-loves,1179493.html",Eli Paperboy Reed & the True Loves,,202-388-7625
03/12/2011,,-77.0624,Birchmere Music Hall,,65,03/12/2011,"3701 Mt. Vernon Ave., Alexandria, VA",38.8392,"http://www.washingtonpost.com/gog/music-events/ashford-and-simpson,1179760.html",Ashford & Simpson,,703-549-7500
04/30/2012,,-77.2623,Jammin' Java,,"18, 25 VIP",04/30/2012,"227 Maple Avenue East, Vienna, VA",38.9039,"http://www.washingtonpost.com/gog/music-events/tyrone-wells,1179614.html",Tyrone Wells,,703-255-1566
05/01/2012,,-77.0624,Birchmere Music Hall,,65,05/01/2012,"3701 Mt. Vernon Ave., Alexandria, VA",38.8392,"http://www.washingtonpost.com/gog/music-events/asia,1179749.html",Asia,,703-549-7500
03/17/2011,,-76.4945,Rams Head Tavern,,35,03/17/2011,"33 West St., Annapolis, MD",38.9782,"http://www.washingtonpost.com/gog/music-events/average-white-band,1179541.html",Average White Band,,410-268-4545
05/03/2012,,-76.4945,Rams Head Tavern,,75,05/03/2012,"33 West St., Annapolis, MD",38.9782,"http://www.washingtonpost.com/gog/music-events/asia,1179534.html",Asia,,410-268-4545
03/17/2011,,-77.0624,Birchmere Music Hall,,59.50,03/17/2011,"3701 Mt. Vernon Ave., Alexandria, VA",38.8392,"http://www.washingtonpost.com/gog/music-events/rachelle-ferrell,1179761.html",Rachelle Ferrell,,703-549-7500
03/18/2011,,-77.2623,Jammin' Java,,"17 in advance, 20 at the door",03/18/2011,"227 Maple Avenue East, Vienna, VA",38.9039,"http://www.washingtonpost.com/gog/music-events/deanna-bogart-band,1179628.html",Deanna Bogart Band,,703-255-1566
05/06/2012,,-76.4945,Rams Head Tavern,,22.50,05/06/2012,"33 West St., Annapolis, MD",38.9782,"http://www.washingtonpost.com/gog/music-events/steve-forbert,1179536.html",Steve Forbert,,410-268-4545
03/18/2011,,-76.9866,The Rock and Roll Hotel,,10,03/18/2011,"1353 H St. NE, Washington, DC",38.9,"http://www.washingtonpost.com/gog/music-events/swift-technique,1179498.html",Swift Technique,,202-388-7625
03/24/2011,,-77.1699,The State Theatre,,20,03/24/2011,"220 N. Washington St., Falls Church, VA",38.8831,"http://www.washingtonpost.com/gog/music-events/here-come-the-mummies,1179483.html",Here Come the Mummies,,703-237-0300
05/07/2012,,-77.2325,Jaxx Nightclub & Restaurant,,"27 in advance, 30 at the door",05/07/2012,"6355 Rolling Rd., West Springfield, VA",38.7781,"http://www.washingtonpost.com/gog/music-events/ufo,1179603.html",UFO,,703-569-5940
05/08/2012,,-76.4945,Rams Head Tavern,,32,05/08/2012,"33 West St., Annapolis, MD",38.9782,"http://www.washingtonpost.com/gog/music-events/outlaws,1179537.html",Outlaws,,410-268-4545
04/11/2011,,-77.0624,Birchmere Music Hall,,49.50,04/11/2011,"3701 Mt. Vernon Ave., Alexandria, VA",38.8392,"http://www.washingtonpost.com/gog/music-events/tower-of-power,1179745.html",Tower of Power,,703-549-7500
05/11/2012,,-76.4945,Rams Head Tavern,,60,05/09/2012,"33 West St., Annapolis, MD",38.9782,"http://www.washingtonpost.com/gog/music-events/jon-anderson,1179505.html",Jon Anderson,,410-268-4545
04/12/2011,,-76.4945,Rams Head Tavern,,43,04/12/2011,"33 West St., Annapolis, MD",38.9782,"http://www.washingtonpost.com/gog/music-events/tower-of-power,1179528.html",Tower of Power,,410-268-4545
05/12/2012,,-76.4945,Rams Head Tavern,,39.50,05/12/2012,"33 West St., Annapolis, MD",38.9782,"http://www.washingtonpost.com/gog/music-events/southern-culture-on-the-skids,1179507.html",Southern Culture on the Skids,,410-268-4545
04/23/2011,,-77.0624,Birchmere Music Hall,,32.50,04/23/2011,"3701 Mt. Vernon Ave., Alexandria, VA",38.8392,"http://www.washingtonpost.com/gog/music-events/cleve-francis,1179748.html",Cleve Francis,,703-549-7500
05/13/2012,,-77.2325,Jaxx Nightclub & Restaurant,,"17 in advance, 20 at the door",05/13/2012,"6355 Rolling Rd., West Springfield, VA",38.7781,"http://www.washingtonpost.com/gog/music-events/destruction,1179604.html",Destruction,,703-569-5940
05/13/2011,,-76.4945,Rams Head Tavern,,39.50,05/13/2011,"33 West St., Annapolis, MD",38.9782,"http://www.washingtonpost.com/gog/music-events/anthony-david,1179508.html",Anthony David,,410-268-4545
05/14/2012,,-76.4945,Rams Head Tavern,,20,05/14/2012,"33 West St., Annapolis, MD",38.9782,"http://www.washingtonpost.com/gog/music-events/honor-by-august,1179509.html",Honor By August,,410-268-4545
05/21/2011,,-77.1699,The State Theatre,,25,05/21/2011,"220 N. Washington St., Falls Church, VA",38.8831,"http://www.washingtonpost.com/gog/music-events/the-radiators,1179452.html",The Radiators,,703-237-0300
05/20/2012,,-77.2623,Jammin' Java,,20,05/20/2012,"227 Maple Avenue East, Vienna, VA",38.9039,"http://www.washingtonpost.com/gog/music-events/bill-kirchen,1179618.html",Bill Kirchen,,703-255-1566
05/21/2011,,-77.0624,Birchmere Music Hall,,59.50,05/20/2011,"3701 Mt. Vernon Ave., Alexandria, VA",38.8392,"http://www.washingtonpost.com/gog/music-events/en-vogue,1179728.html",En Vogue,,703-549-7500
05/22/2012,,-77.2325,Jaxx Nightclub & Restaurant,,"30 in advance, 35 at the door",05/22/2012,"6355 Rolling Rd., West Springfield, VA",38.7781,"http://www.washingtonpost.com/gog/music-events/symphony-x,1179605.html",Symphony X,,703-569-5940
06/16/2011,,-76.6192,First Mariner Arena,,51.50-151.50,06/16/2011,"201 W. Baltimore St., Baltimore, MD",39.2893,"http://www.washingtonpost.com/gog/music-events/sade,1179377.html",Sade,,410-347-2010
06/25/2011,,-77.2678,Wolf Trap - Filene Center,,22-40,06/25/2011,"1551 Trap Rd., Vienna, VA",38.9345,"http://www.washingtonpost.com/gog/music-events/the-ultimate-doo-wop-show,1179366.html",The Ultimate Doo-Wop Show,,703-255-1868
05/27/2012,,-77.0624,Birchmere Music Hall,,69.50,05/26/2012,"3701 Mt. Vernon Ave., Alexandria, VA",38.8392,"http://www.washingtonpost.com/gog/music-events/america,1179729.html",America,,703-549-7500
05/28/2012,,-77.2623,Jammin' Java,,"15 in advance, 18 at the door",05/28/2012,"227 Maple Avenue East, Vienna, VA",38.9039,"http://www.washingtonpost.com/gog/music-events/candyrat-guitar-night,1179619.html",Candyrat Guitar Night,,703-255-1566
07/01/2011,,-77.0624,Birchmere Music Hall,,29.50,07/01/2011,"3701 Mt. Vernon Ave., Alexandria, VA",38.8392,"http://www.washingtonpost.com/gog/music-events/eric-roberson,1179734.html",Eric Roberson,,703-549-7500
06/03/2012,,-76.4945,Rams Head Tavern,Tribute to the Beatles.,25,06/03/2012,"33 West St., Annapolis, MD",38.9782,"http://www.washingtonpost.com/gog/music-events/the-return,1179511.html",The Return,,410-268-4545
06/08/2012,,-77.2623,Jammin' Java,,"15 in advance, 18 at the door",06/08/2012,"227 Maple Avenue East, Vienna, VA",38.9039,"http://www.washingtonpost.com/gog/music-events/ian-mclagan,1179620.html",Ian McLagan,,703-255-1566
06/15/2012,,-76.8803,Merriweather Post Pavilion,,35-48,06/15/2012,"10475 Little Patuxent Pwy., Columbia, MD",39.2118,"http://www.washingtonpost.com/gog/music-events/katy-perry,1179411.html",Katy Perry,,410-715-5550
06/17/2012,,-77.0318,Black Cat,,15,06/17/2012,"1811 14th St. NW, Washington, DC",38.9145,"http://www.washingtonpost.com/gog/music-events/architecture-in-helsinki,1179675.html",Architecture in Helsinki,,202-667-4490
06/18/2012,,-77.0624,Birchmere Music Hall,,35,06/18/2012,"3701 Mt. Vernon Ave., Alexandria, VA",38.8392,"http://www.washingtonpost.com/gog/music-events/1964-the-tribute,1179732.html",1964: The Tribute,,703-549-7500
06/18/2012,,-77.2678,Wolf Trap - Filene Center,,25-75,06/17/2012,"1551 Trap Rd., Vienna, VA",38.9345,"http://www.washingtonpost.com/gog/music-events/rain-a-tribute-to-the-beatles,1179365.html",RAIN - A Tribute to the Beatles,,703-255-1868
06/22/2012,,-77.0624,Birchmere Music Hall,,39.50,06/22/2012,"3701 Mt. Vernon Ave., Alexandria, VA",38.8392,"http://www.washingtonpost.com/gog/music-events/robin-trower,1179733.html",Robin Trower,,703-549-7500
08/21/2012,,-77.2678,Wolf Trap - Filene Center,,25-38,08/21/2012,"1551 Trap Rd., Vienna, VA",38.9345,"http://www.washingtonpost.com/gog/music-events/the-beach-boys,1179367.html",The Beach Boys,,703-255-1868
,,-77.0313,Patty Boom Boom,"Crowds pack the house to listen to reggae and dancehall DJs on weekends, but it's more fun to stop by on Tuesdays when the Arkives band - and occasional guests from Jamaica - performs old-school ska and rocksteady classics.",Free,,"1359 U St. NW, Washington, DC",38.9171,"http://www.washingtonpost.com/gog/bar-club-events/the-arkives,1178981.html",The Arkives,,
02/24/2011,,-77.105,The Music Center at Strathmore,"The orchestra performs ""The Magic Flute with Domingo-Cafritz Young Artist Program and the Baltimore Choral Arts Society. Through February 27",28-88,02/24/2011,"5301 Tuckerman Lane, North Bethesda, MD",39.0307,"http://www.washingtonpost.com/gog/music-events/baltimore-symphony-orchestra,1180411.html",Baltimore Symphony Orchestra,,301-581-5100
02/25/2011,,-77.0274,Freer Gallery of Art - Smithsonian Institution,The quartet performs Lei Liang's Five Seasons for string quartet with Grammy Award nominee Wu Man on Chinese lute.,,02/25/2011,"Jefferson Drive and 12 Street NW, Washington, DC",38.8885,"http://www.washingtonpost.com/gog/music-events/shanghai-quartet-with-wu-main,1180428.html",Shanghai Quartet With Wu Main,,202-633-1000
02/26/2011,,-77.0059,Library of Congress - Thomas Jefferson Bldg.,Viola player Paolo Pandolfo performs with theorbo/Baroque guitar Thomas Boysen.,Free reservations required,02/26/2011,"10 First St. SE, Washington, DC",38.8896,"http://www.washingtonpost.com/gog/music-events/paolo-pandolfo,1180418.html",Paolo Pandolfo,,202-707-5502
02/26/2011,,-77.1014,Westmoreland Congregational United Church of Christ,Performed by violinist James Stern,Free,02/26/2011,"1 Westmoreland Circle, Bethesda, MD",38.9488,"http://www.washingtonpost.com/gog/music-events/the-complete-solo-sonatas-and-partitas-of-js-bach,1180439.html",The Complete Solo Sonatas & Partitas of JS Bach,,301-229-7766
02/27/2011,,-76.6157,Walters Art Museum,"Baltimore-based duo La Chanson de la Rose will perform a series of secular songs, inspired by troubadour tradition and medieval melodies.",,02/27/2011,"600 North Charles St., Baltimore, MD",39.2961,"http://www.washingtonpost.com/gog/music-events/iberian-sounds,1178930.html",Iberian Sounds,,410-547-9000
02/27/2011,,-77.0175,National Gallery of Art,"The Italian Baroque music for chamber orchestra is being presented in honor of the exhibition ""Venice: Canaletto and His Rivals""",,02/27/2011,"Fourth Street and Constitution Avenue NW, Washington, DC",38.8913,"http://www.washingtonpost.com/gog/music-events/red-priest,1180380.html",Red Priest,,202-737-4215
02/27/2011,,-77.0396,Corcoran Gallery of Art,,,02/27/2011,"500 17th St. NW, Washington, DC",38.8962,"http://www.washingtonpost.com/gog/music-events/verge-ensemble,1180367.html",VERGE Ensemble,,202-639-1700
02/27/2011,,-77.105,The Music Center at Strathmore,"The violinist and pianist Valentina Lisitsa will perform Beethoven, Ives, and others.",35-85,02/27/2011,"5301 Tuckerman Lane, North Bethesda, MD",39.0307,"http://www.washingtonpost.com/gog/music-events/washington-performing-arts-society-presents-hilary-hahn,1180412.html",Washington Performing Arts Society presents Hilary Hahn,,301-581-5100
02/27/2011,,-76.9975,Ward Recital Hall - The Catholic University of America,"The theatre presents""The Medium"" & ""Trouble in Tahiti"" Directed by Jay D. Brock, and conducted by music professor Murry Sidlin.",15 General Admission; 10 Students/Alumni/Seniors,02/25/2011,"620 Michigan Ave. NE, Washington, DC",38.9327,"http://www.washingtonpost.com/gog/music-events/cua-opera-theatre,1180431.html",CUA Opera Theatre,,202-319-5416
03/05/2011,,-77.0466,George Washington University - Lisner Auditorium,"Angel Gil-Ord&oacute;&ntilde;ez, conductor  Benjamin Pasternack and Lisa Moore, pianists Wesleyan University Gamelan The GWU Singers","25, 35, 45, 55, (15- Students)",03/05/2011,"730 21st St. NW, Washington, DC",38.8996,"http://www.washingtonpost.com/gog/music-events/post-classical-ensemble-presents-sublime-confluence-the-music-of-lou-harrison,1180008.html",Post-Classical Ensemble presents Sublime Confluence: The Music of Lou Harrison,,202-994-6800
03/06/2011,,-77.0175,National Gallery of Art,The quartet perfoms a Beethoven-filled concert.,Free,03/06/2011,"Fourth Street and Constitution Avenue NW, Washington, DC",38.8913,"http://www.washingtonpost.com/gog/music-events/leipzig-string-quartet,1180381.html",Leipzig String Quartet,,202-737-4215
03/08/2011,,-77.3118,Center for the Arts - George Mason University,"With Dr. Laura Kobayashi, violin Violin Concerto No. 4 in D major K. 218, W. A. Mozart ""Missa in Tempore Belli"" (""Paukenmesse"", Franz Joseph Haydn","15 Adult / 10 Students, Seniors",03/08/2011,"Route 123 and Braddock Rd., Fairfax, VA",38.835,"http://www.washingtonpost.com/gog/music-events/mason-chamber-orchestra-and-university-singers,1179934.html",Mason Chamber Orchestra and University Singers,,703-993-8888
03/10/2011,,-77.1053,The Mansion at Strathmore,Itzhak Perlman protege Hahn-Bin makes his Strathmore debut.,28,03/10/2011,"10701 Rockville Pike, North Bethesda, MD",39.0311,"http://www.washingtonpost.com/gog/music-events/hahn-bin,1180413.html",Hahn-Bin,,301-581-5100
03/10/2011,,-77.0059,Library of Congress - Thomas Jefferson Bldg.,"Conductor Caleb Burhans presents works by Adams, Burhans, Andriessen, and Braxton.",Free reservations required,03/10/2011,"10 First St. SE, Washington, DC",38.8896,"http://www.washingtonpost.com/gog/music-events/wordless-music-with-tyondai-braxton,1180419.html",Wordless Music with Tyondai Braxton,,202-707-5502
03/12/2011,,-76.9873,Atlas Performing Arts Center,Chapter 2 of the Wolfgang Amadeus Mozart collaboration between The In Series and The Washington Ballet Studio Co.,,03/04/2011,"1333 H St. NE, Washington, DC",38.9001,"http://www.washingtonpost.com/gog/music-events/wam-2,1180038.html",WAM 2!,,202-399-7993
03/13/2011,,-77.0728,Washington National Cathedral,"J. Reilly Lewis, conductor",25,03/13/2011,"Wisconsin and Massachusetts Avenues NW, Washington, DC",38.9288,"http://www.washingtonpost.com/gog/music-events/cathedral-choral-society-presents-beethoven-missa-solemnis-and-choral-fantasy,1180459.html",Cathedral Choral Society presents Beethoven Missa Solemnis and Choral Fantasy,,202-537-6200
03/13/2011,,-77.0175,National Gallery of Art,The ensemble is joined by Chatham Baroque to present music by Vivaldi and other composers.,,03/13/2011,"Fourth Street and Constitution Avenue NW, Washington, DC",38.8913,"http://www.washingtonpost.com/gog/music-events/national-gallery-of-art-vocal-ensemble,1180383.html",National Gallery of Art Vocal Ensemble,,202-737-4215
03/17/2011,,-77.0175,National Gallery of Art,"With music by Antosca, Shatin, and other composers.In honor of the 70th anniversary of the National Gallery of Art",Free,03/16/2011,"Fourth Street and Constitution Avenue NW, Washington, DC",38.8913,"http://www.washingtonpost.com/gog/music-events/national-gallery-of-art-new-music-ensemble,1180382.html",National Gallery of Art New Music Ensemble,,202-737-4215
03/19/2011,,-77.3118,Center for the Arts - George Mason University,"Christopher Zimmerman, conductor. With Matti Raekallio, piano. Webern: Six pieces for Orchestra Beethoven: Piano Concerto No. 5 Sibelius: Symphony No. 5  Pre-performance lecture, at 7:00 PM","Tickets start at 25; Students grades 1 through 12, 5.",03/19/2011,"Route 123 and Braddock Rd., Fairfax, VA",38.835,"http://www.washingtonpost.com/gog/music-events/fairfax-symphony-orchestra,1179929.html",Fairfax Symphony Orchestra,,703-993-8888
03/19/2011,,-76.9975,Ward Recital Hall - The Catholic University of America,,Free,03/19/2011,"620 Michigan Ave. NE, Washington, DC",38.9327,"http://www.washingtonpost.com/gog/music-events/lotus-chamber-ensemble,1178926.html",Lotus Chamber Ensemble,,202-319-5416
03/19/2011,,-77.1014,Westmoreland Congregational United Church of Christ,The English guitarist makes his debut performance with the Marlow Guitar Series..,25,03/19/2011,"1 Westmoreland Circle, Bethesda, MD",38.9488,"http://www.washingtonpost.com/gog/music-events/mark-ashford,1180443.html",Mark Ashford,,301-229-7766
03/19/2013,,-77.055,The John F. Kennedy Center for the Performing Arts,"The opera presents Puccini's ""Madama Butterfly.""",,02/26/2012,"2700 F St. NW, Washington, DC",38.8974,"http://www.washingtonpost.com/gog/music-events/young-conert-artists-series-gleb-ivanov,1180395.html",Young Conert Artists Series: Gleb Ivanov,,202-467-4600. 800-444-1324
03/20/2012,,-76.9873,Atlas Performing Arts Center,"John Devlin conducts works by Copland, Brahms and Shostakovich",16-25,03/20/2012,"1333 H St. NE, Washington, DC",38.9001,"http://www.washingtonpost.com/gog/music-events/capital-city-symphony-concert,1179912.html",Capital City Symphony concert,,202-399-7993
03/20/2012,,-77.055,The John F. Kennedy Center for the Performing Arts,"With Twyla Robinson , soprano; Matthias Goerne , baritone Beethoven - Piano Concerto No. 1 Program Notes Zemlinsky - Lyric Symphony Part of maximum INDIA",20.00 - 85.00,03/17/2012,"2700 F St. NW, Washington, DC",38.8974,"http://www.washingtonpost.com/gog/music-events/national-symphony-orchestra-christoph-eschenbach,1180396.html",National Symphony Orchestra: Christoph Eschenbach,,202-467-4600. 800-444-1324
03/22/2012,,-77.0059,Library of Congress - Thomas Jefferson Bldg.,"Soprano Marianna Mihai-Zoeter joins the ensemble to perform works from Harbison, Schubert, and others",Free reservations required,03/22/2012,"10 First St. SE, Washington, DC",38.8896,"http://www.washingtonpost.com/gog/music-events/antares-with-marianna-mihai-zoeter,1180420.html",Antares with Marianna Mihai-Zoeter,,202-707-5502
03/22/2012,,-77.055,The John F. Kennedy Center for the Performing Arts,The violinist mother and pianist son perform Beethoven in a program of four piano and violin sonatas.,32.00,03/22/2012,"2700 F St. NW, Washington, DC",38.8974,"http://www.washingtonpost.com/gog/music-events/jonathan-biss-and-miriam-fried,1179950.html",Jonathan Biss and Miriam Fried,,202-467-4600. 800-444-1324
03/23/2012,,-77.055,The John F. Kennedy Center for the Performing Arts,Soprant Christine Brewer and pianist Craig Rutenberg present a program of Richard Strauss and American song.,45.00,03/23/2012,"2700 F St. NW, Washington, DC",38.8974,"http://www.washingtonpost.com/gog/music-events/vocal-arts-dc,1180397.html",Vocal Arts DC,,202-467-4600. 800-444-1324
03/24/2012,,-77.055,The John F. Kennedy Center for the Performing Arts,"Violinist Itzhak Perlman conducts Mozart, Brahms, and Golijov.",50.00,03/24/2012,"2700 F St. NW, Washington, DC",38.8974,"http://www.washingtonpost.com/gog/music-events/the-perlman-music-program,1180398.html",The Perlman Music Program,,202-467-4600. 800-444-1324
03/27/2012,,-77.082,National Presbyterian Church,"Concerto in C Major for 2 Harpsichords, BWV 1061 with xcerpts from the Six Sch&uuml;bler Chorales Part of the Washington Bach Consort's Subscription Series",,03/27/2012,"4101 Nebraska Ave. NW, Washington, DC",38.9424,"http://www.washingtonpost.com/gog/music-events/the-art-of-the-keyboard,1172375.html",The Art of the Keyboard,,202-537-0800
03/27/2012,,-77.1014,Westmoreland Congregational United Church of Christ,"Christopher Sala, cornet, and Jeffery Watson, piano",Free,03/27/2012,"1 Westmoreland Circle, Bethesda, MD",38.9488,"http://www.washingtonpost.com/gog/music-events/the-golden-age-of-cornet,1180440.html",The Golden Age of Cornet,,301-229-7766
03/29/2012,,-77.0059,Library of Congress - Thomas Jefferson Bldg.,"The harpischordist presents works from Handel, Froberger, Bach, Couperin, Rameau, and Scarlatti.",Free reservations required,03/29/2012,"10 First St. SE, Washington, DC",38.8896,"http://www.washingtonpost.com/gog/music-events/trevor-pinnock,1180421.html",Trevor Pinnock,,202-707-5502
03/30/2012,,-77.105,The Music Center at Strathmore,"Part of the Piano Masters Series Beethoven: Piano Sonata No. 30 in E Major, Op. 109 Piano Sonata No. 31 in A-flat Major, Op. 110 Piano Sonata No. 32 in C minor, Op. 111",,03/30/2012,"5301 Tuckerman Lane, North Bethesda, MD",39.0307,"http://www.washingtonpost.com/gog/music-events/washington-performing-arts-society-presents-maurizio-pollini,1177847.html",Washington Performing Arts Society presents: Maurizio Pollini,,301-581-5100
04/03/2012,,-77.0175,National Gallery of Art,The ensemble will perform music by Olivier Messien in honor of the in honor of the 70th anniversary of Messiaen's Quartet for the End of Time and the 70th anniversary of the National Gallery of Art,,04/03/2012,"Fourth Street and Constitution Avenue NW, Washington, DC",38.8913,"http://www.washingtonpost.com/gog/music-events/inscape-chamber-music-project,1180385.html",Inscape Chamber Music Project,,202-737-4215
04/03/2012,,-77.082,National Presbyterian Church,"Julian Wachner, Music Director. Featuring works by Elena Ruehr With baritone Stephen Salters",,04/03/2012,"4101 Nebraska Ave. NW, Washington, DC",38.9424,"http://www.washingtonpost.com/gog/music-events/the-washington-chorus-presents-new-music-for-a-new-age,1180465.html",The Washington Chorus presents New Music for a New Age,,202-537-0800
04/05/2012,,-77.0301,Church of the Epiphany,Part of the Washington Bach Consort's Noontime Cantata Series Organ Soloist: Carol Feather Martin,Free,04/05/2012,"1317 G St. NW, Washington, DC",38.8984,"http://www.washingtonpost.com/gog/music-events/j.s.-bach-bwv-22-jesus-nahm-zu-sich-die-zw-and-ouml-lfe-toccata-and-fugue-in-f-major,1172381.html",J.S. Bach - BWV 22: Jesus nahm zu sich die Zw&ouml;lfe Toccata & Fugue in F Major,,202-347-2635
04/05/2012,,-77.055,The John F. Kennedy Center for the Performing Arts,"Conductor Ryan Brown presents Handel's ""Acis and Galatea""",60.00,04/05/2012,"2700 F St. NW, Washington, DC",38.8974,"http://www.washingtonpost.com/gog/music-events/opera-lafayette,1180399.html",Opera Lafayette,,202-467-4600. 800-444-1324
04/06/2012,,-77.055,The John F. Kennedy Center for the Performing Arts,"Japanese violinist Midori joins pianist Jonathan Biss to perform selections from Schubert, Martinu, and Dvorak.",50.00,04/06/2012,"2700 F St. NW, Washington, DC",38.8974,"http://www.washingtonpost.com/gog/music-events/midori-with-jonathan-biss-and-friends,1179949.html",Midori with Jonathan Biss and Friends,,202-467-4600. 800-444-1324
04/08/2012,,-77.0059,Library of Congress - Thomas Jefferson Bldg.,"The ensemble plays Mozart, Poulenc, Bridge & Beethoven.",Free reservations required,04/08/2012,"10 First St. SE, Washington, DC",38.8896,"http://www.washingtonpost.com/gog/music-events/london-conchord-ensemble,1180422.html",London Conchord Ensemble,,202-707-5502
04/08/2012,,-77.105,The Music Center at Strathmore,"Angel Gil-Ord&oacute;&ntilde;ez, conductor; Alexander Toradze, piano.  With the Washington Bach Consort and the Post-Classical Ensemble Symphonies of Wind Instruments,  Concerto for Piano and Winds, Les Noces (The Wedding)",21-49,04/08/2012,"5301 Tuckerman Lane, North Bethesda, MD",39.0307,"http://www.washingtonpost.com/gog/music-events/post-classical-ensemble-presents-the-stravinsky-project-stravinskys-russian-accent,1180415.html",Post-Classical Ensemble presents The Stravinsky Project: Stravinsky's Russian Accent,,301-581-5100
04/09/2012,,-77.02,Sixth and I Historic Synagogue,"Part of the Encore Series Schumann: Fantasiest&#369;cke, Op. 12 Bach: English Suite No. 3 in G minor, BWV 808  Bach-Busoni: Chorale Prelude ""Ich ruf' zu dir, Herr Jesu Christ"", BWV 639 Bach-Kempff: Chorale Prelude ""Nun freut euch, lieben Christen"", BWV 307 and 734 Bach-Hess: Chorale Prelude ""Jesu, Joy of Man's Desiring"" BWV 147 Bach: Partita No. 2 in C minor, BWV 826",,04/09/2012,"600 I St. NW, Washington, DC",38.9008,"http://www.washingtonpost.com/gog/music-events/washington-performing-arts-society-presents-simone-dinnerstein,1177848.html",Washington Performing Arts Society Presents: Simone Dinnerstein,,202-408-3100
04/09/2012,,-77.055,The John F. Kennedy Center for the Performing Arts,"Christoph Eschenbach, conductor Soprano Dawn Upsaw sings Golijov and Mahler.",20.00 - 85.00,04/07/2012,"2700 F St. NW, Washington, DC",38.8974,"http://www.washingtonpost.com/gog/music-events/national-symphony-orchestra-dawn-upshaw,1180400.html",National Symphony Orchestra: Dawn Upshaw,,202-467-4600. 800-444-1324
04/09/2014,,-77.0317,Source,A musical journey from the civil rights anthems of the United States to the Nueva Cancion political revolutions of Latin America that celebrates the legacy of popular song as a modern form of global resistance.,,03/26/2013,"1835 14th St. NW, Washington, DC",38.915,"http://www.washingtonpost.com/gog/music-events/inseries-protest-and-passion-latino-and-american-resistance-songs,1179887.html",InSeries: Protest and Passion: Latino & American Resistance Songs,,202-204-7800
04/10/2013,,-77.1014,Westmoreland Congregational United Church of Christ,Leeds Competition medal winner.,,04/10/2013,"1 Westmoreland Circle, Bethesda, MD",38.9488,"http://www.washingtonpost.com/gog/music-events/alexej-gorlatch,1180441.html",Alexej Gorlatch,,301-229-7766
04/10/2013,,-77.1053,The Mansion at Strathmore,Hosted by Joseph Horowitz and presented by the Post-Classical ensemble.,15,04/10/2013,"10701 Rockville Pike, North Bethesda, MD",39.0311,"http://www.washingtonpost.com/gog/music-events/interpreting-stravinsky,1180414.html",Interpreting Stravinsky,,301-581-5100
04/10/2013,,-77.0175,National Gallery of Art,The orchestra performs Vivaldi and other composers featuring violinist Giuliano Carmignola,,04/10/2013,"Fourth Street and Constitution Avenue NW, Washington, DC",38.8913,"http://www.washingtonpost.com/gog/music-events/venice-baroque-orchestra,1180384.html",Venice Baroque Orchestra,,202-737-4215
04/10/2013,,-77.055,The John F. Kennedy Center for the Performing Arts,"Norman Scribner, artistic director Mozart: Requiem Mass in D minor, K. 626",,04/10/2013,"2700 F St. NW, Washington, DC",38.8974,"http://www.washingtonpost.com/gog/music-events/washington-performing-arts-society-presents-choral-arts-society-of-washington,1177849.html",Washington Performing Arts Society Presents: Choral Arts Society of Washington,,202-467-4600. 800-444-1324
04/12/2013,,-77.105,The Music Center at Strathmore,"Part of the Celebrity Series Yuri Temirkanov, conductor Alisa Weilerstein, cello Rimsky-Korsakov: Russian Easter Overture, Op. 36               Shostakovich: Concerto for Cello No. 1, Op. 107                      Brahms: Symphony No. 4 in E minor, Op. 98",,04/12/2013,"5301 Tuckerman Lane, North Bethesda, MD",39.0307,"http://www.washingtonpost.com/gog/music-events/washington-performing-arts-society-presents-st.-petersburg-philharmonic-orchestra,1177850.html",Washington Performing Arts Society presents: St. Petersburg Philharmonic Orchestra,,301-581-5100
04/16/2013,,-77.1014,Westmoreland Congregational United Church of Christ,The Paraguay guitarist pays tribute to Manuel Ponce and also features her own compositions.,30,04/16/2013,"1 Westmoreland Circle, Bethesda, MD",38.9488,"http://www.washingtonpost.com/gog/music-events/berta-rojas,1180444.html",Berta Rojas,,301-229-7766
04/17/2013,,-77.055,The John F. Kennedy Center for the Performing Arts,"The quartet performs works from Haydn, Berg & Beethoven as part of the WPAS Kreeger String Series.",35.00,04/17/2013,"2700 F St. NW, Washington, DC",38.8974,"http://www.washingtonpost.com/gog/music-events/afiara-string-quartet,1180401.html",Afiara String Quartet,,202-467-4600. 800-444-1324
04/17/2013,,-77.055,The John F. Kennedy Center for the Performing Arts,"Part of the Kreeger String Series Haydn: Quartet in D Major, Op. 76, No. 5 Berg: Lyric Suite Beethoven: Quartet in F Major, Op. 59, No. 1",,04/17/2013,"2700 F St. NW, Washington, DC",38.8974,"http://www.washingtonpost.com/gog/music-events/washington-performing-arts-society-presents-afiara-string-quartet,1177851.html",Washington Performing Arts Society Presents: Afiara String Quartet,,202-467-4600. 800-444-1324
04/28/2013,,-77.0274,Freer Gallery of Art - Smithsonian Institution,"Lin performs music reflecting  three centuries of China's influence on Western music, from Couperin's Les Chinois of 1730 to Grammy Award-winner Zhou Long's Pianogongs of 2007.",,04/28/2013,"Jefferson Drive and 12 Street NW, Washington, DC",38.8885,"http://www.washingtonpost.com/gog/music-events/chinoiserie-jenny-lin,1180429.html",Chinoiserie: Jenny Lin,,202-633-1000
04/28/2013,,-77.0175,National Gallery of Art,"The violinists present music by Bartok and other composers, in conjunction with the Embassy of France",Free,04/28/2013,"Fourth Street and Constitution Avenue NW, Washington, DC",38.8913,"http://www.washingtonpost.com/gog/music-events/christian-tetzlaff-and-antje-weithaas,1180386.html",Christian Tetzlaff and Antje Weithaas,,202-737-4215
04/29/2013,,-77.055,The John F. Kennedy Center for the Performing Arts,"Haydn: Sonata in E minor, Hob.XVI:34 Schumann: Carnaval, Op. 9 Wolpe: Passacaglia from Four Studies on Basic Rows, Op. 23 Faur&eacute;: Nocturne No. 6, Op. 63 Liszt: R&eacute;miniscences de Norma, S.394",,04/29/2013,"2700 F St. NW, Washington, DC",38.8974,"http://www.washingtonpost.com/gog/music-events/washington-performing-arts-society-presents-marc-andre-hamelin,1177852.html",Washington Performing Arts Society Presents: Marc-Andre Hamelin,,202-467-4600. 800-444-1324
04/30/2013,,-77.055,The John F. Kennedy Center for the Performing Arts,"Kurt Masur, conductor Mendelssohn - Overture to Ruy Blas Bruch - Violin Concerto No. 1 Program Notes Brahms - Symphony No. 1",20.00 - 85.00,04/28/2013,"2700 F St. NW, Washington, DC",38.8974,"http://www.washingtonpost.com/gog/music-events/national-symphony-orchestra-kurt-masur,1180402.html",National Symphony Orchestra: Kurt Masur,,202-467-4600. 800-444-1324
05/01/2013,,-77.082,National Presbyterian Church,"J.S. Bach - Toccata, Adagio and Fugue in C Major, BWV 564 Orchestral Suite No. 4 in D Major, BWV 1069 Motet: Singet dem Hernr ein neues Lied, BWV 225 Easter Oratorio: Kommt, eilet und laufet, BWV 249 Part of the Washington Bach Consort's Subscription Series",,05/01/2013,"4101 Nebraska Ave. NW, Washington, DC",38.9424,"http://www.washingtonpost.com/gog/music-events/easter-oratorio,1172376.html",Easter Oratorio,,202-537-0800
05/01/2015,,-77.2666,Wolf Trap - The Barns,A brand new comic opera about a case of mistaken identity featuring Libretto by Mark Campbell.,,04/27/2014,"1635 Trap Rd., Vienna, VA",38.9324,"http://www.washingtonpost.com/gog/music-events/john-mustos-the-inspector,1179947.html",John Musto's The Inspector,,703-938-2404
05/03/2014,,-77.0301,Church of the Epiphany,Organ Soloist: Scott Dettra Part of the Washington Bach Consort's Noontime Cantata Series,Free,05/03/2014,"1317 G St. NW, Washington, DC",38.8984,"http://www.washingtonpost.com/gog/music-events/j.s.-bach-bwv-31-die-himmel-lacht-die-erde-jubilieret-passacaglia-in-c-minor,1172382.html",J.S. Bach - BWV 31: Die Himmel lacht! Die Erde jubilieret Passacaglia in C Minor,,202-347-2635
05/05/2014,,-77.0274,Freer Gallery of Art - Smithsonian Institution,"The season finale features five top string players from the Marlboro Music Festival in performances of Mozart's String Quintet, K.515; Haydn's String Quartet, op. 17, no.4; and Dvorak's String Quintet, op. 97",,05/05/2014,"Jefferson Drive and 12 Street NW, Washington, DC",38.8885,"http://www.washingtonpost.com/gog/music-events/musicians-from-marlboro-ii,1180430.html",Musicians from Marlboro II,,202-633-1000
05/05/2014,,-77.02,Sixth and I Historic Synagogue,"Part of the Encore Series Wagner: Album Sonata Berg: Piano Sonata Op.1 Scriabin: Piano Sonata No. 9, ""Messe noire"" Liszt: Piano Sonata in B minor, S.178",,05/05/2014,"600 I St. NW, Washington, DC",38.9008,"http://www.washingtonpost.com/gog/music-events/washington-performing-arts-society-presents-pierre-laurent-aimard,1177854.html",Washington Performing Arts Society presents: Pierre-Laurent Aimard,,202-408-3100
05/06/2014,,-77.0059,Library of Congress - Thomas Jefferson Bldg.,"The violinist is joined by pianist Bruce Levingston to perform works from Biber, Bruce, and others.",Free reservations required,05/06/2014,"10 First St. SE, Washington, DC",38.8896,"http://www.washingtonpost.com/gog/music-events/colin-jacobsen,1180423.html",Colin Jacobsen,,202-707-5502
05/11/2014,,-77.02,Sixth and I Historic Synagogue,"Part of the Celebrity Series with Rohan de Silva, piano",,05/11/2014,"600 I St. NW, Washington, DC",38.9008,"http://www.washingtonpost.com/gog/music-events/washington-performing-arts-society-presents-itzhak-perlman,1177853.html",Washington Performing Arts Society presents: Itzhak Perlman,,202-408-3100
05/14/2014,,-76.9873,Atlas Performing Arts Center,Featuring the NOW Ensemble and Victoire,Free reservations required,05/14/2014,"1333 H St. NE, Washington, DC",38.9001,"http://www.washingtonpost.com/gog/music-events/two-composer-chamber-collectives-music-for-the-twenty-first-century,1180033.html",Two Composer-Chamber Collectives: Music for the Twenty-first Century,,202-399-7993
05/15/2014,,-77.0728,Washington National Cathedral,"Works by Rimsky-Korsakov, Taneyev and Grechaninov",25,05/15/2014,"Wisconsin and Massachusetts Avenues NW, Washington, DC",38.9288,"http://www.washingtonpost.com/gog/music-events/cathedral-choral-society-presents-russian-riches,1180460.html",Cathedral Choral Society presents Russian Riches,,202-537-6200
05/15/2014,,-77.3118,Center for the Arts - George Mason University,,"Tickets start at 25; Students grades 1 through 12, 5.",05/14/2014,"Route 123 and Braddock Rd., Fairfax, VA",38.835,"http://www.washingtonpost.com/gog/music-events/fairfax-symphony-orchestra,1179930.html",Fairfax Symphony Orchestra,,703-993-8888
05/15/2014,,-77.1085,Rachel M. Schlesinger Concert Hall and Arts Center,"Kim Allen Kluge, conductor. The pianist performs Rachmaninoff and Mahler.",5 - 65,05/14/2014,"3001 N. Beauregard St., Alexandria, VA",38.8408,"http://www.washingtonpost.com/gog/music-events/garrick-ohlsson-with-the-alexandria-symphony,1180466.html",Garrick Ohlsson with the Alexandria Symphony,,703-845-6156
05/15/2016,,-76.9873,Atlas Performing Arts Center,Premiere of a new music and theatre work about the constellation of &eacute;migr&eacute; artists in 1940s Hollywood and their seminal work.,,04/29/2015,"1333 H St. NE, Washington, DC",38.9001,"http://www.washingtonpost.com/gog/music-events/the-inseries-from-berlin-to-sunset,1179910.html",The InSeries: From Berlin To Sunset,,202-399-7993
05/16/2015,,-77.055,The John F. Kennedy Center for the Performing Arts,Tenor Paul Appleby joins pianist Steven Blier.,45,05/16/2015,"2700 F St. NW, Washington, DC",38.8974,"http://www.washingtonpost.com/gog/music-events/vocal-arts-dc,1180405.html",Vocal Arts DC,,202-467-4600. 800-444-1324
05/20/2015,,-77.055,The John F. Kennedy Center for the Performing Arts,"Part of the Orchestra Series with Charles Dutoit, conductor Gil Shaham, violin Mendelssohn: Hebrides Overture Walton: Violin Concerto R. Strauss: Ein Heldenleiben",,05/20/2015,"2700 F St. NW, Washington, DC",38.8974,"http://www.washingtonpost.com/gog/music-events/washington-performing-arts-society-presents-the-philadelphia-orchestra,1177855.html",Washington Performing Arts Society presents: The Philadelphia Orchestra,,202-467-4600. 800-444-1324
05/21/2015,,-77.055,The John F. Kennedy Center for the Performing Arts,"Thomas Dausgaard, conductor. Pianist Nikolai Lugansky plays Beethoven and others.",,05/19/2015,"2700 F St. NW, Washington, DC",38.8974,"http://www.washingtonpost.com/gog/music-events/national-symphony-orchestra-nikolai-lugansky,1180406.html",National Symphony Orchestra: Nikolai Lugansky,,202-467-4600. 800-444-1324
05/22/2015,,-77.055,The John F. Kennedy Center for the Performing Arts,"Conductor Norman Scribner is joined by the Children's Chorus of Washington to present ""Northern Lights: Choral Illuminations from Scandinavia and Beyond""",15.00 - 65.00,05/22/2015,"2700 F St. NW, Washington, DC",38.8974,"http://www.washingtonpost.com/gog/music-events/the-choral-arts-society-of-washington,1179948.html",The Choral Arts Society of Washington,,202-467-4600. 800-444-1324
05/23/2015,,-77.055,The John F. Kennedy Center for the Performing Arts,,,05/23/2015,"2700 F St. NW, Washington, DC",38.8974,"http://www.washingtonpost.com/gog/music-events/washington-performing-arts-society-presents-ravi-shankar,1177856.html",Washington Performing Arts Society presents: Ravi Shankar,,202-467-4600. 800-444-1324
05/26/2015,,-77.055,The John F. Kennedy Center for the Performing Arts,"Opera by Gaetano Donizetti, libretto by Giovanni Ruffini Production from New York City Opera In Italian with English supertitles",,05/13/2015,"2700 F St. NW, Washington, DC",38.8974,"http://www.washingtonpost.com/gog/music-events/donizettis-don-pasquale,1180404.html",Donizetti's Don Pasquale,,202-467-4600. 800-444-1324
05/28/2015,,-77.055,The John F. Kennedy Center for the Performing Arts,"Opera by Christoph Willibald Gluck, with the. libretto by Nicolas-Fran&ccedil;ois Guillard. Production from Opera de Oviedo (Spain)will be performed French with English supertitles",,05/06/2015,"2700 F St. NW, Washington, DC",38.8974,"http://www.washingtonpost.com/gog/music-events/glucks-iphig-and-eacute-nie-en-tauride,1180403.html",Gluck's Iphig&eacute;nie en Tauride,,202-467-4600. 800-444-1324
05/29/2016,http://media3.washingtonpost.com/wp-srv/cityguide/images/cathedralorgan200x120.jpg,-77.0728,Washington National Cathedral,Weekly recitals are a great way to relax and take in the beauty of the cathedral.,10 donation; parking free,02/06/2016,"Wisconsin and Massachusetts Avenues NW, Washington, DC",38.9288,"http://www.washingtonpost.com/gog/music-events/organ-recital,1048162.html",Organ Recital,http://www.nationalcathedral.org/arts/organRecitals.shtml,202-537-6200
06/04/2016,,-77.055,The John F. Kennedy Center for the Performing Arts,"John Axelrod, conductor Kernis - Musica Celestis Bernstein - Symphonic Suite from On the Waterfront Barber - Agnus Dei Bernstein - Symphony No. 3, ""Kaddish""",20.00 - 85.00,06/02/2016,"2700 F St. NW, Washington, DC",38.8974,"http://www.washingtonpost.com/gog/music-events/national-symphony-orchestra-samuel-pisar,1180407.html",National Symphony Orchestra: Samuel Pisar,,202-467-4600. 800-444-1324
06/05/2016,,-77.0175,National Gallery of Art,"The pianist performs works bby Beethoven, Schonberg, and Scriabin",Free,06/05/2016,"Fourth Street and Constitution Avenue NW, Washington, DC",38.8913,"http://www.washingtonpost.com/gog/music-events/joel-fan,1180387.html",Joel Fan,,202-737-4215
06/11/2016,,-77.055,The John F. Kennedy Center for the Performing Arts,"Christoph Eschenbach, conductor Violinist Jennifer Koh plays Augusta Read Thomas and Schumann Schumann - Symphony No. 2",20.00 - 85.00,06/09/2016,"2700 F St. NW, Washington, DC",38.8974,"http://www.washingtonpost.com/gog/music-events/national-symphony-orchestra-jennifer-koh,1180408.html",National Symphony Orchestra: Jennifer Koh,,202-467-4600. 800-444-1324
06/18/2016,,-77.055,The John F. Kennedy Center for the Performing Arts,"Vladimir Ashkenazy, conductor. Cellist Stephen Isserlis plays Walton and Shostakovich.",20.00 - 85.00,06/16/2016,"2700 F St. NW, Washington, DC",38.8974,"http://www.washingtonpost.com/gog/music-events/national-symphony-orchestra,1180409.html",National Symphony Orchestra,,202-467-4600. 800-444-1324
06/19/2016,,-77.0175,National Gallery of Art,Music Director Frank Albinder presents a concert with music by Italian Renaissance composers.,Free,06/19/2016,"Fourth Street and Constitution Avenue NW, Washington, DC",38.8913,"http://www.washingtonpost.com/gog/music-events/woodley-ensemble,1180388.html",Woodley Ensemble,,202-737-4215
10/05/2016,,-77.0642,Dumbarton Oaks Museum and Garden,"presenting ""New and Olde: Christmas from Two Worlds{mdash}No&euml;ls, Carols and Villancicos from Europe and the Americas."" Through December 6.",Tickets available by subscription only,10/05/2016,"1703 32nd St. NW, Washington, DC",38.914,"http://www.washingtonpost.com/gog/music-events/harmonious-blacksmith-ensemble,1180446.html",Harmonious Blacksmith ensemble,,202-339-6401
12/31/2016,,-77.063,University of the District of Columbia,,Free,12/31/2016,"4200 Connecticut Ave. NW, Washington, DC",38.9432,"http://www.washingtonpost.com/gog/music-events/university-of-the-district-of-columbias-holiday-concert,1177926.html",University of the District of Columbia's Holiday Concert,,202-274-5000
