close,fullDates,more,opens,sMoreInfo,sSynopsis,sTheaterAddress,sTheaterCity,sTheaterState,sTheaterZip,sTicketPhone,sTicketPrice,showName,theater,type
"May 20, 2012",Schedule varies.,http://www.theatermania.com/dallas-fort-worth/shows/annie-jr_179991/,"May 4, 2012",http://www.casamanana.org,"Annie is a spunky Depression-era orphan determined to find her parents, who abandoned her years ago on the doorstep of a New York City orphanage. This family favorite features the classic songs &quot;Tomorrow,&quot; &quot;It's A Hard Knock Life,&quot; &quot;You're Never Fully Dressed Without A Smile,&quot; and &quot;A New Deal For Christmas.&quot; As long as Annie is around, the sun will always come out tomorrow!     Season tickets on sale in June.","3101 W. Lancaster Ave, Fort Worth, TX 76107",Fort Worth,TX,76107.0,817-332-2272,,Annie Jr,Casa Ma&ntilde;ana,Children/Family
"February 26, 2012",Schedule varies.,http://www.theatermania.com/dallas-fort-worth/shows/charlottes-web_179989/,"February 10, 2012",http://www.casamanana.org,"Join all your favorite barn-yard characters for the classic tale of Charlotte's Web by E.B. White. On the Zuckerman farm, a prancing, playful pig named Wilbur is the runt of the litter and could be the main course for Christmas dinner. Determined to save her friend, a gray spider named Charlotte spins a web that just might convince the farmer that Wilbur is very special. The whole family will love this tale of friendship and loyalty!      Season tickets on sale in June.","3101 W. Lancaster Ave, Fort Worth, TX 76107",Fort Worth,TX,76107.0,817-332-2272,,Charlotte's Web,Casa Ma&ntilde;ana,Children/Family
"April 15, 2012",Schedule varies.,http://www.theatermania.com/dallas-fort-worth/shows/disneys-alice-and-wonderland-jr_179990/,"March 30, 2012",http://www.casamanana.org,"Fall down the rabbit hole into Disney's Alice and Wonderland Jr. Join Alice's madcap adventures as she chases the White Rabbit, races the Dodo Bird, gets tied up with the Tweedles, raps with a bubble-blowing Caterpillar, and beats the Queen of Hearts at her own game. Featuring such Disney classics as &quot;I'm Late,&quot; &quot;The Un-birthday Song&quot; and &quot;Zip-A-Dee-Doo-Dah,&quot; this is one important date you don't want to miss.      Season tickets on sale in June.","3101 W. Lancaster Ave, Fort Worth, TX 76107",Fort Worth,TX,76107.0,817-332-2272,,Disney's Alice and Wonderland Jr.,Casa Ma&ntilde;ana,Children/Family
"May 22, 2011","May 22 at 4:30, May 21 at 4:30, May 13 at 7:30, May 14 at 1:30, May 15 at 1:30, May 15 at 4:30, May 20 at 7:30, May 21 at 1:30, May 22 at 1:30",http://www.theatermania.com/dallas-fort-worth/shows/giggle-giggle-quack_176024/,"May 6, 2011",http://www.dct.org/production/Quack.php,"DCT's acclaimed National Tour returns to DCT in this hilarious musical sequel to Click, Clack Moo: Cows That Type. Duck turns the barnyard upside-down when Farmer Brown leaves his city-slicker brother Bob in charge of the farm. Giggle, Giggle, Quack is a madcap musical mutiny with Duck on the loose!","59 38 Skillman, Dallas, Texas 75231",Dallas,Texas,75231.0,214-740-0051,$14.00 - $25.00,"Giggle, Giggle, Quack","Dallas Children's Theater, Rosewood Center for Family Arts",Children/Family
"October 2, 2011",Schedule varies.,http://www.theatermania.com/dallas-fort-worth/shows/kill-a-mockingbird_179982/,"September 24, 2011",http://www.casamanana.org,"To Kill a Mockingbird follows the journey of Jem and Scout Finch, whose father, Atticus, has been appointed to defend a black man unjustly accused. As the trial progresses, the children witness the moral and societal issues that plague their town. To Kill a Mockingbird is a great reminder of the power of tolerance, courage and justice.     Season tickets on sale in June.","3101 W. Lancaster Ave, Fort Worth, TX 76107",Fort Worth,TX,76107.0,817-332-2272,,Kill A Mockingbird,Casa Ma&ntilde;ana,Children/Family
"October 30, 2011",Schedule varies.,http://www.theatermania.com/dallas-fort-worth/shows/oliver_179987/,"October 14, 2011",http://www.casamanana.org,"Join little Oliver on the colorful, but perilous, streets of London as he meets the Artful Dodger and Fagin's gang of young pickpockets in the search for a family to call his own. Based on the Charles Dickens novel, this beloved story features classic songs including &quot;I'd Do Anything,&quot; &quot;Where is Love?&quot; and &quot;Consider Yourself.&quot; The entire family will enjoy this heart-warming musical about the boy who asked for more!     Season tickets go on sale in June.","3101 W. Lancaster Ave, Fort Worth, TX 76107",Fort Worth,TX,76107.0,817-332-2272,,Oliver!,Casa Ma&ntilde;ana,Children/Family
"July 17, 2011","July 8 at 7:30, July 9 at 1:30, July 9 at 4:30, July 10 at 1:30, July 10 at 4:30, July 15 at 7:30, July 16 at 1:30, July 16 at 4:30, July 17 at 1:30, July 17 at 4:30, June 26 at 4:30, June 26 at 1:30, June 25 at 4:30, June 25 at 1:30, June 24 at 7:30, June 19 at 4:30, June 19 at 1:30, June 18 at 4:30, June 18 at 1:30, June 17 at 7:30, July 1 at 7:30",http://www.theatermania.com/dallas-fort-worth/shows/the-pied-pipers-magic_176025/,"June 17, 2011",http://www.dct.org/production/Piper.php,"Beloved storyteller and illustrator Steven Kellogg re-imagines this familiar folktale to create a friendly, colorful and joyful story. A simple elf and his mysterious pipe frees a town of its rats and transforms its inhabitants with the happiest of endings!","59 38 Skillman, Dallas, Texas 75231",Dallas,Texas,75231.0,214-740-0051,$14.00 - $25.00,The Pied Piper's Magic,"Dallas Children's Theater, Rosewood Center for Family Arts",Children/Family
"December 23, 2011",Schedule varies.,http://www.theatermania.com/dallas-fort-worth/shows/rudolph-the-rednosed-reindeer_179988/,"November 26, 2011",http://www.casamanana.org,"The unforgettable tale of Rudolph and friends returns to the Casa Ma&ntilde;ana stage in this newly expanded version of Rudolph the Red-Nosed Reindeer. Featuring everyone's favorite characters: Hermey the Elf, Sam the Snowman, the Misfit Toys, the Abominable Snow Monster, Yukon Cornelius, Santa, and (of course) Rudolph! You won't want to miss this wonderful holiday tradition that speaks to the misfit in all of us.    Season tickets on sale in June.","3101 W. Lancaster Ave, Fort Worth, TX 76107",Fort Worth,TX,76107.0,817-332-2272,,Rudolph the Red-Nosed Reindeer,Casa Ma&ntilde;ana,Children/Family
"December 17, 2011",Schedule varies.,http://www.theatermania.com/dallas-fort-worth/shows/seven-in-one-blow-or-the-brave-little-kid_177072/,"November 19, 2011",http://www.circletheatre.com,"Adapted from a classic fairy tale by The Brothers Grimm, this interactive play with music features a blend of creative technology and live performance. Children (and adults) in the audience will be encouraged to participate in many of the Kid's challenges with singing and organized ""shout outs."" This charming ""panto-play"" is appropriate for family entertainment.","230 West Fourth Street, Fort Worth, TX 76102",Fort Worth,TX,76102.0,817-877-3040,,Seven in One Blow or The Brave Little Kid,Circle Theater,Children/Family
"November 20, 2011",Schedule varies.,http://www.theatermania.com/dallas-fort-worth/shows/a-tuna-christmas_179984/,"November 12, 2011",http://www.casamanana.org,"Hilarious holiday fun ensues in this all-new production when master comedians Joe Sears and Jaston Williams, with their deft comedic timing, trademark characterizations and split-second costume changes, portray all 24 citizens of Tuna, the third smallest town in Texas. It's 24 hours before Christmas and the delightfully eccentric characters are attempting to cope with seasonal traumas such as a disaster prone little theatre production of A Christmas Carol and the sabotage of a yard-decorating contest by a mysterious Christmas phantom. This show is suitable for most audiences.    Season tickets on sale in June.","3101 W. Lancaster Ave, Fort Worth, TX 76107",Fort Worth,TX,76107.0,817-332-2272,,A Tuna Christmas,Casa Ma&ntilde;ana,Children/Family
"August 14, 2011",Schedule varies.,http://www.theatermania.com/dallas-fort-worth/shows/the-wiz_169038/,"July 8, 2011",http://www.dallastheatercenter.org/index.php/shows/,"It's got rock. It's got gospel. It's got soul. And oh my, the dancing! In a dream collaboration, Dallas Theater Center and Dallas Black Dance Theatre, the city's oldest continuously operating dance company, fill the Wyly Theatre with dancing, singing and laughter for the dazzling musical that won seven Tony Awards when it opened on Broadway in 1975. Featuring Brierley Resident Acting Company members Liz Mikel and Cedric Neal, this eye-popping, high-energy family hit starts with a tornado and keeps lifting from there, as Dorothy, the Scarecrow, Tin Man and Cowardly Lion &quot;Ease on Down the Road&quot; and ultimately learn there's no place like home.","2400 Flora Street, Dallas, TX 75201",Dallas,TX,75201.0,214-880-0202,,The Wiz,Dee and Charles Wyly Theatre  The AT&T Performing Arts Center,Children/Family
"May 22, 2011","May 22 at 2:00, May 20 at 7:00, May 15 at 2:00, May 14 at 5:00, May 14 at 1:00, May 13 at 7:00, May 21 at 5:00, May 21 at 1:00",http://www.theatermania.com/dallas-fort-worth/shows/the-wizard-of-oz_175999/,"April 29, 2011",http://www.casamanana.org/playhouse/wizard.html,"Follow the yellow brick road! Featuring the timeless classics ""Somewhere Over the Rainbow"" and ""If I Only Had a Brain,"" this musical tells the story of Dorothy and her dog Toto, who have been swept away by a twister to the land of Oz. They join up with a Scarecrow, Tin Man and Cowardly Lion and face off against the wicked witch and her flying monkeys as they set out to find the wonderful Wizard of Oz.","3101 W. Lancaster Ave, Fort Worth, TX 76107",Fort Worth,TX,76107.0,800-745-3000,$16.00 - $18.00,The Wizard of Oz,Casa Ma&ntilde;ana,Children/Family
"July 3, 2011","June 25 at 11:00, June 26 at 11:00, June 29 at 11:00, July 2 at 11:00, July 3 at 11:00, June 30 at 11:00, July 1 at 11:00, June 22 at 11:00, June 23 at 11:00, June 24 at 11:00",http://www.theatermania.com/st-louis/shows/disneys-101-dalmatians_174874/,"June 22, 2011",http://www.stagesstlouis.org/index.cfm,"Sound the all-dog alert, Pongo and Perdita's fifteen adorable puppies have been dog-napped by the evil Cruella De Vil and her bumbling henchmen! But her cruel plan to turn these pups into the most elaborate coat London has ever seen goes awry thanks to the efforts of London's ruff-est, tuff-est dogs and the resourceful cat Sergeant Tibbs. Based on the beloved 1961 film, Disney's 101 Dalmatians is an exciting canine caper that will leave you cheering to the joyful tunes of ""Dalmatian Conga,"" ""Cruella De Vil,"" and ""Twilight Bark."" Music and lyrics by Mel Leven, Randy Rogel, Richard Gibbs, Brian Smith, Martin Lee Fuller and Dan Root; book adaptation and additional lyrics by Marcy Heisler; music adapted and arranged by Bryan Louiselle.","111 S. Geyer Road, Kirkwood, MO 63122",Kirkwood,MO,63122.0,314-821-2407,,Disney's 101 Dalmatians,"Robert G. Reim Theater, Kirkwood Civic Center",Children/Family
"August 21, 2011","August 20 at 4:00, July 30 at 4:00, July 27 at 2:00, July 27 at 8:00, July 28 at 8:00, July 29 at 8:00, July 30 at 8:00, July 31 at 2:00, July 31 at 7:30, August 2 at 8:00, August 3 at 2:00, August 3 at 8:00, August 4 at 8:00, August 5 at 8:00, August 6 at 4:00, August 6 at 8:00, August 7 at 2:00, August 7 at 7:30, August 9 at 8:00, August 10 at 2:00, August 10 at 8:00, August 11 at 8:00, August 12 at 8:00, August 13 at 4:00, August 13 at 8:00, August 14 at 2:00, August 14 at 7:30, August 16 at 8:00, August 17 at 2:00, August 17 at 8:00, August 18 at 8:00, August 19 at 8:00, August 20 at 8:00, August 21 at 2:00, August 21 at 7:30, July 22 at 8:00, July 23 at 4:00, July 23 at 8:00, July 24 at 2:00, July 24 at 7:30, July 26 at 8:00",http://www.theatermania.com/st-louis/shows/the-secret-garden_174811/,"July 22, 2011",http://www.stagesstlouis.org/index.cfm,"Unlock the magic behind The Secret Garden as Frances Hodgson Burnett's treasured Victorian novel comes to wondrous life in this Tony Award-winning musical adaptation. In the grand tradition of such literary masterpieces as &quot;Jane Eyre&quot; and &quot;Wuthering Heights,&quot; three lonely children are forever changed as they learn to trust each other while finding refuge in the restoring of The Secret Garden where magic and hope bloom. This beautiful and touching score includes &quot;A Bit of Earth,&quot; &quot;Lily's Eyes,&quot; and &quot;Come to My Garden.&quot; A timeless tale that has captivated readers for generations, enter the mysterious world of The Secret Garden, where miracles abound and friendship holds a magic all its own. This uplifting tale of the heart is a celebration of the essence of life itself!","111 S. Geyer Road, Kirkwood, MO 63122",Kirkwood,MO,63122.0,314-821-2407,,The Secret Garden,"Robert G. Reim Theater, Kirkwood Civic Center",Children/Family
"May 20, 2012",Schedule varies.,http://www.theatermania.com/dallas-fort-worth/shows/annie-jr_179991/,"May 4, 2012",http://www.casamanana.org,"Annie is a spunky Depression-era orphan determined to find her parents, who abandoned her years ago on the doorstep of a New York City orphanage. This family favorite features the classic songs &quot;Tomorrow,&quot; &quot;It's A Hard Knock Life,&quot; &quot;You're Never Fully Dressed Without A Smile,&quot; and &quot;A New Deal For Christmas.&quot; As long as Annie is around, the sun will always come out tomorrow!     Season tickets on sale in June.","3101 W. Lancaster Ave, Fort Worth, TX 76107",Fort Worth,TX,76107.0,817-332-2272,,Annie Jr,Casa Ma&ntilde;ana,Play
"February 26, 2012",Schedule varies.,http://www.theatermania.com/dallas-fort-worth/shows/charlottes-web_179989/,"February 10, 2012",http://www.casamanana.org,"Join all your favorite barn-yard characters for the classic tale of Charlotte's Web by E.B. White. On the Zuckerman farm, a prancing, playful pig named Wilbur is the runt of the litter and could be the main course for Christmas dinner. Determined to save her friend, a gray spider named Charlotte spins a web that just might convince the farmer that Wilbur is very special. The whole family will love this tale of friendship and loyalty!      Season tickets on sale in June.","3101 W. Lancaster Ave, Fort Worth, TX 76107",Fort Worth,TX,76107.0,817-332-2272,,Charlotte's Web,Casa Ma&ntilde;ana,Play
"September 25, 2011",Schedule varies.,http://www.theatermania.com/dallas-fort-worth/shows/cheaters_176011/,"September 2, 2011",http://www.contemporarytheatreofdallas.com/season.htm,"Allen and Michelle have been living together for eighteen months. Michelle thinks they should marry; Allen isn't so sure. His hesitancy drives her home to her parents for advice. Michelle's Father isn't aware that it is Allen's mother he has been seeing for the last six months and would now like to get rid of, nor does Michelle's mother know that it is Allen's father she has just spent the night with and would like to see more of. When the parents decide to meet the young lovers over dinner it's suddenly everyone for himself in this wild, rollicking look at love and romance.","5601 Sears Street, Dallas, TX 75206",Dallas,TX,75206.0,214-828-0094,,Cheaters,Contemporary Theatre of Dallas,Play
"April 15, 2012",Schedule varies.,http://www.theatermania.com/dallas-fort-worth/shows/disneys-alice-and-wonderland-jr_179990/,"March 30, 2012",http://www.casamanana.org,"Fall down the rabbit hole into Disney's Alice and Wonderland Jr. Join Alice's madcap adventures as she chases the White Rabbit, races the Dodo Bird, gets tied up with the Tweedles, raps with a bubble-blowing Caterpillar, and beats the Queen of Hearts at her own game. Featuring such Disney classics as &quot;I'm Late,&quot; &quot;The Un-birthday Song&quot; and &quot;Zip-A-Dee-Doo-Dah,&quot; this is one important date you don't want to miss.      Season tickets on sale in June.","3101 W. Lancaster Ave, Fort Worth, TX 76107",Fort Worth,TX,76107.0,817-332-2272,,Disney's Alice and Wonderland Jr.,Casa Ma&ntilde;ana,Play
"July 10, 2011",Schedule varies.,http://www.theatermania.com/dallas-fort-worth/shows/five-women-wearing-the-same-dress_176010/,"June 17, 2011",http://www.contemporarytheatreofdallas.com/season.htm,"A wickedly funny comedy from the writer of American Beauty and creator/producer of the HBO series' Six Feet Under and True Blood, Five Women Wearing the Same Dress tells the story of five reluctant, identically clad bridesmaids hiding out in an upstairs bedroom to avoid the proceedings of an ostentatious wedding reception at a Knoxville, Tennessee, estate. As the afternoon wears on, these five very different women joyously discover a common bond in this comical, irreverent and touching celebration of the women's spirit.","5601 Sears Street, Dallas, TX 75206",Dallas,TX,75206.0,214-828-0094,,Five Women Wearing the Same Dress,Contemporary Theatre of Dallas,Play
"October 2, 2011",Schedule varies.,http://www.theatermania.com/dallas-fort-worth/shows/kill-a-mockingbird_179982/,"September 24, 2011",http://www.casamanana.org,"To Kill a Mockingbird follows the journey of Jem and Scout Finch, whose father, Atticus, has been appointed to defend a black man unjustly accused. As the trial progresses, the children witness the moral and societal issues that plague their town. To Kill a Mockingbird is a great reminder of the power of tolerance, courage and justice.     Season tickets on sale in June.","3101 W. Lancaster Ave, Fort Worth, TX 76107",Fort Worth,TX,76107.0,817-332-2272,,Kill A Mockingbird,Casa Ma&ntilde;ana,Play
"June 5, 2011",Schedule varies.,http://www.theatermania.com/dallas-fort-worth/shows/language-of-angels_169060/,"May 6, 2011",http://www.theatre3dallas.com/t2/language.html,"With language used like a loaded weapon, Naomi Iizuka's splendidly realized drama about a small town tragedy of working-class people is an eerie and powerful narration; a kind of ghost story set in the cave country of North Carolina. The disappearance of a young girl lost in the cave at the edge of town gathers the community to puzzle out the meaning and the circumstances of the mysterious loss.","2800 Routh Street, Dallas, TX 75201",Dallas,TX,75201.0,214-871-3300,$20.00 - $30.00,Language of Angels,Theatre Too!,Play
"June 25, 2011","June 24 at 8:00, June 18 at 3:00, June 17 at 8:00, June 16 at 7:30, June 25 at 8:00, June 25 at 3:00, June 18 at 8:00, May 26 at 7:30, May 27 at 8:00, May 28 at 3:00, May 28 at 8:00, June 2 at 7:30, June 11 at 8:00, June 11 at 3:00, June 10 at 8:00, June 9 at 7:30, June 4 at 8:00, June 4 at 3:00, June 3 at 8:00, June 23 at 7:30",http://www.theatermania.com/dallas-fort-worth/shows/marvins-room_177069/,"May 28, 2011",http://www.circletheatre.com,"When Marvin's Room opened, the New York Times called it ""One of the funniest plays of the year, as well as one of the wisest and most moving."" Bessie is the caretaker for her ailing father, Marvin, and her aunt Ruth. While nursing them, she learns that she has leukemia.  Her only hope for a bone marrow transplant is to contact her estranged sister and nephews.  Despite the serious subject matter, this play's enduring sense of humor proves that laughter and reconciliation are at the heart of healing.  (Adult content)","230 West Fourth Street, Fort Worth, TX 76102",Fort Worth,TX,76102.0,817-877-3040,$20.00 - $30.00;&nbsp;Preview tickets $10.00 - $15.00,Marvin's Room,Circle Theater,Play
"October 30, 2011",Schedule varies.,http://www.theatermania.com/dallas-fort-worth/shows/oliver_179987/,"October 14, 2011",http://www.casamanana.org,"Join little Oliver on the colorful, but perilous, streets of London as he meets the Artful Dodger and Fagin's gang of young pickpockets in the search for a family to call his own. Based on the Charles Dickens novel, this beloved story features classic songs including &quot;I'd Do Anything,&quot; &quot;Where is Love?&quot; and &quot;Consider Yourself.&quot; The entire family will enjoy this heart-warming musical about the boy who asked for more!     Season tickets go on sale in June.","3101 W. Lancaster Ave, Fort Worth, TX 76107",Fort Worth,TX,76107.0,817-332-2272,,Oliver!,Casa Ma&ntilde;ana,Play
"March 11, 2012",Schedule varies.,http://www.theatermania.com/dallas-fort-worth/shows/rent_179985/,"March 3, 2012",http://www.casamanana.org,"Set in the East Village of New York City, Rent tells the unforgettable story of a group of impoverished young artists and musicians struggling and learning to survive, fall in love, find their voices and live for today. Rent, penned by Jonathan Larson, quickly became one of the most beloved and longest running Broadway musicals of all time, winning multiple Tony Awards and a Pulitzer Prize. Don't miss this smash-hit musical that has become a pop culture phenomenon. This show is not suitable for all audiences, parental discretion is advised.    Season tickets on sale in June.","3101 W. Lancaster Ave, Fort Worth, TX 76107",Fort Worth,TX,76107.0,817-332-2272,,Rent,Casa Ma&ntilde;ana,Musical Play
"June 10, 2012",Schedule varies.,http://www.theatermania.com/dallas-fort-worth/shows/ring-of-fire_179986/,"June 2, 2012",http://www.casamanana.org,"From the songs of the legendary Johnny Cash comes Ring of Fire, a unique musical revue about love and faith, struggle and success, home and family. A cast of multi-talented performers takes you on a journey into the world Cash created in his songs. Ring of Fire features over 30 classic Cash hits such as &quot;I Walk the Line,&quot; &quot;I've Been Everywhere,&quot; &quot;The Man in Black&quot; and &quot;Ring of Fire.&quot; This heart-warming and uplifting musical is not to be missed. This show is suitable for most audiences, parental discretion is advised.    Season tickets go on sale in June.","3101 W. Lancaster Ave, Fort Worth, TX 76107",Fort Worth,TX,76107.0,817-332-2272,,Ring of Fire,Casa Ma&ntilde;ana,Play
"December 23, 2011",Schedule varies.,http://www.theatermania.com/dallas-fort-worth/shows/rudolph-the-rednosed-reindeer_179988/,"November 26, 2011",http://www.casamanana.org,"The unforgettable tale of Rudolph and friends returns to the Casa Ma&ntilde;ana stage in this newly expanded version of Rudolph the Red-Nosed Reindeer. Featuring everyone's favorite characters: Hermey the Elf, Sam the Snowman, the Misfit Toys, the Abominable Snow Monster, Yukon Cornelius, Santa, and (of course) Rudolph! You won't want to miss this wonderful holiday tradition that speaks to the misfit in all of us.    Season tickets on sale in June.","3101 W. Lancaster Ave, Fort Worth, TX 76107",Fort Worth,TX,76107.0,817-332-2272,,Rudolph the Red-Nosed Reindeer,Casa Ma&ntilde;ana,Play
"December 13, 2011","May 28 at 8:00, June 30 at 7:30, July 1 at 8:00, July 2 at 8:00, July 3 at 3:00, July 7 at 7:30, July 8 at 8:00, July 9 at 8:00, July 10 at 3:00, July 14 at 7:30, July 15 at 8:00, July 16 at 8:00, July 17 at 3:00, July 21 at 7:30, July 22 at 8:00, July 23 at 8:00, July 24 at 3:00, July 28 at 7:30, July 29 at 8:00, July 30 at 8:00, July 31 at 3:00, June 26 at 3:00, June 25 at 8:00, June 24 at 8:00, June 23 at 7:30, June 19 at 3:00, June 18 at 8:00, June 17 at 8:00, June 16 at 7:30, June 12 at 3:00, June 11 at 8:00, June 10 at 8:00, June 9 at 7:30, June 5 at 3:00, June 4 at 8:00, June 3 at 8:00, June 2 at 7:30, May 29 at 3:00, May 12 at 7:30, May 13 at 8:00, May 14 at 8:00, May 15 at 3:00, May 19 at 7:30, May 20 at 8:00, May 21 at 8:00, May 22 at 3:00, May 26 at 7:30, May 27 at 8:00",http://www.theatermania.com/dallas-fort-worth/shows/this_177641/,"January 13, 2011",http://www.stagewest.org,"Jane's life is not exactly on track.  She's a widowed poet with a young daughter, and she currently has no man in her life.  Her equally bright and talented long-time best friends are determined to remedy the situation, but their efforts only succeed in complicating things--for all of them.  It's a place many of us have been--approaching ""middle-age"" with its questions and confusion and frustration--and Gibson brings it to life with great heart and humor.    Please note: This contains adult content and may not be suitable for children.","821 W. Vickery Blvd., Fort Worth, TX 76104",Fort Worth,TX,76104.0,817-784-9378,$13.00 - $30.00,This,Stage West,Play
"November 20, 2011",Schedule varies.,http://www.theatermania.com/dallas-fort-worth/shows/a-tuna-christmas_179984/,"November 12, 2011",http://www.casamanana.org,"Hilarious holiday fun ensues in this all-new production when master comedians Joe Sears and Jaston Williams, with their deft comedic timing, trademark characterizations and split-second costume changes, portray all 24 citizens of Tuna, the third smallest town in Texas. It's 24 hours before Christmas and the delightfully eccentric characters are attempting to cope with seasonal traumas such as a disaster prone little theatre production of A Christmas Carol and the sabotage of a yard-decorating contest by a mysterious Christmas phantom. This show is suitable for most audiences.    Season tickets on sale in June.","3101 W. Lancaster Ave, Fort Worth, TX 76107",Fort Worth,TX,76107.0,817-332-2272,,A Tuna Christmas,Casa Ma&ntilde;ana,Play
"June 5, 2011",Schedule varies.,http://www.theatermania.com/hawaii/shows/august-osage-county_172661/,"May 19, 2011",http://www.manoavalleytheatre.com/,"Winner of multiple awards for &quot;Best Play&quot; (Tony Award, Drama Desk Award, New York Drama Critics' Circle Award, and the Pulitzer Prize for Drama, among others), the plot of August: Osage County centers on a reunion of the Weston family, living in the state of Oklahoma; the play's title refers to Osage County, which lies northwest of Tulsa. The three-act play deals with such issues as drug abuse, alcoholism, suicide, death, family dysfunction, sexual harassment, pedophilia, aging, generational change, racism, incest, infidelity, and ultimately love.","2833 E. Manoa Road, Honolulu, Hawaii 96822",Honolulu,Hawaii,96822.0,808-988-6131,$30.00 Adults;&nbsp;$25.00 Seniors;&nbsp;$15.00 25 and under,August: Osage County,Manoa Valley Theatre,Play
"August 7, 2011",Schedule varies.,http://www.theatermania.com/kansas-city/shows/the-wiz_166587/,"June 21, 2011",http://www.coterietheatre.org,"Celebrate the power of believing in yourself is this Tony&reg; award-winning musical based on the tale we all know by heart.  The soaring songs are ""Ease on Down the Road,"" ""Brand New Day,"" ""No Bad News,"" ""Be a Lion."" It's the timeless classic you know and love, with a modern, soulful twist. Join Dorothy and her friends Scarecrow, Tinman and the Cowardly Lion on their fabulous journey as they ease on down the yellow brick road in a multicultural view of Oz.     A brand new version of Broadway's The Wiz, appropriate for all young people.  Another new work in the Coterie's Lab for New Family Musicals!","2450 Grand Avenue, Suite 144, Kansas City, MO 64108",Kansas City,MO,64108.0,816-474-6552,$10.00 - $15.00,The Wiz,The Coterie Theatre,Children/Family
"May 13, 2011",Schedule varies.,http://www.theatermania.com/kansas-city/shows/young-playwrights-festival-2011_166586/,"May 12, 2011",http://www.coterietheatre.org,"The Coterie's Young Playwrights' Festival features a collection of new work by the city's best young writers.  The rich and varied theatrical writings which emerge from a year-long process are forged into an ambitious festival of script-in-hand stagings--utilizing the finest actors, directors, and designers to make this a special experience about quality writing by young people.","2450 Grand Avenue, Suite 144, Kansas City, MO 64108",Kansas City,MO,64108.0,816-474-6552,,Young Playwrights Festival 2011,The Coterie Theatre,Festival
"May 15, 2011","May 14 at 7:00, May 15 at 2:00, May 13 at 7:00, May 14 at 2:00, May 7 at 8:00, May 6 at 8:00, May 6 at 2:00",http://www.theatermania.com/connecticut/shows/13_175206/,"April 29, 2011",http://www.hartfordchildrenstheatre.org/1011_season/13/index.html,"When his parents get divorced and he's forced to move from New York to a small town in Indiana, Evan Goldman just wants to make friends and survive the school year. That's easier said than done. The star quarterback is threatening to ruin his life, his only friend won't talk to him, the school freak sees an opportunity for blackmail and someone is spreading the nastiest rumors.   With an unforgettable rock score from Tony Award-winning composer Jason Robert Brown, 13 is a hilarious, high-energy musical for all ages about discovering that cool is where you find it and sometimes where you least expect it.","360 Farmington Avenue, Hartford, CT 06105",Hartford,CT,6105.0,860-249-7970,$18.00 Adults;&nbsp;$13.00 Seniors/Students 17 and under;&nbsp;$10.00 Current HCT Students,13,Hartford's Children Theater,Children/Family
"October 30, 2011","July 16 at 10:00, July 23 at 10:00, May 14 at 10:00, May 21 at 10:00, May 28 at 10:00, June 4 at 10:00, June 11 at 10:00, June 18 at 10:00, June 25 at 10:00, July 2 at 10:00, July 9 at 10:00, July 30 at 10:00",http://www.theatermania.com/connecticut/shows/lunas-sea_180173/,"April 16, 2011",http://www.cornerstoneproductions.org,"Luna's Sea is the story of a young child named Luna who is swept up into a mysterious puppet theater on the beach. Guided by a gentle moon-puppeteer, she journeys deeper and deeper into the ocean and experiences her own fascination and interpretation of the sea. Through the use of dance, puppetry, optical illusions and black light theater, Luna and the audience travel from the penguin inhabited shores of Africa through tides of elegant flying sting rays to the dark underwater homelands of bioluminescent animals, and in the end discover that all life on earth is ultimately connected.     The magical voyage of Luna's Sea offers families with children under 12 a unique attraction that both educates and entertains. At the conclusion of the production, the journey continues when guests participate in a treasure hunt through Olde Mistick Village and are then admitted to Mystic Aquarium. During the treasure hunt, participants will have to find the secret Luna logos hidden within the village to receive a special reward. The fun continues with a visit to Mystic Aquarium where families and friends experience many of the animals that were depicted in Luna's Sea.","Olde Mistick Village 27 Coogan Boulevard, Mystic, Connecticut 06355",Mystic,Connecticut,6355.0,,$35.00,Luna's Sea,The Cornerstone Playhouse,Children/Family
,May 21 at 2:00,http://www.theatermania.com/connecticut/shows/pattys-green_174588/,,http://www.edgertoncenter.org/family_series.php,"Mother Nature has come to Earth! To help save the planet and all living things (which is never easy), the real Mother Nature is in disguise to everyone, but the children in the audience. To everyone on stage, she is the trusted and heartwarming character of &quot;Patty,&quot; the Mr. Rogers of the eco-generation. Patty's Green is a live action musical eco-program for young children and their parents which promotes green living, earth care, nutrition and recycling. Special guests including Emmy-winning actor Jack Klugman as Postman Jack and other celebrity guests via projections of Patty's ICam. Celebrate Earth Day with the whole family in this new musical written for ages pre-k through 2nd grades.","5151 Park Avenue, Fairfield, CT 06825",Fairfield,CT,6825.0,860-767-5068,$15.00 Adults;&nbsp;$9.00 Children 12 years and under,Patty's Green,Edgerton Performing Arts Center,Children/Family
"May 29, 2011",Schedule varies.,http://www.theatermania.com/san-diego/shows/dooley_168972/,"May 5, 2011",http://diversionary.org/index.html,"Dr. Tom Dooley was a man who delighted in his sexuality, paid consequences, and yet refused to be defeated, long before 'Don't Ask, Don't Tell'. Dooley completed his residency at Camp Pendleton. He died young, but was cited by John F. Kennedy for his humanitarian work in Southeastern Asia as an inspiration for the start of the Peace Corps.","4545 Park Boulevard, San Diego, CA 92116",San Diego,CA,92116.0,619 220-0097,,Dooley,Diversionary Theatre,Play
"June 12, 2011","May 31 at 7:30, May 29 at 7:00, May 29 at 2:00, May 28 at 8:00, May 28 at 2:00, May 27 at 8:00, May 26 at 8:00, May 25 at 7:30, May 24 at 7:30, May 22 at 7:00, May 21 at 8:00, May 21 at 2:00, May 20 at 8:00, May 19 at 8:00, May 18 at 7:30, May 17 at 7:30, June 1 at 7:30, June 2 at 8:00, June 3 at 8:00, June 4 at 2:00, June 4 at 8:00, June 5 at 2:00, June 5 at 7:00, June 7 at 7:30, June 8 at 7:30, June 9 at 8:00, June 10 at 8:00, June 11 at 2:00, June 11 at 8:00, June 12 at 2:00, June 12 at 7:00",http://www.theatermania.com/san-diego/shows/a-dram-of-drummhicit_180102/,"May 17, 2011",http://www.lajollaplayhouse.org/,"An American entrepreneur has found the perfect Scottish island on which to build his new golf course. But as secrets -- and bodies -- are unearthed, the true nature of the island wreaks comic havoc. Artistic Director Christopher Ashley directs the world premiere of acclaimed playwright Arthur Kopit and Anton Dudley's supernatural comedy.","2910 La Jolla Village Drive, La Jolla, CA 92039",La Jolla,CA,92039.0,858-550-1010,Tickets start at $35.00,A Dram of Drummhicit,La Jolla Playhouse,Play
"August 28, 2011",Schedule varies.,http://www.theatermania.com/san-diego/shows/hershey-felder-in-maestro-the-art-of-leonard-bernstein_176667/,"July 15, 2011",http://www.theoldglobe.org,"Hershey Felder in Maestro: The Art of Leonard Bernstein is a new work from the creators of George Gershwin Alone, Monsieur Chopin and Beethoven, As I Knew Him. With a story spanning the entire twentieth century, Leonard Bernstein, one of America's greatest musicians, broke through every artistic ceiling possible to become the world's musical ambassador. Conductor, composer, pianist, author, teacher, librettist, television star ... for Leonard Bernstein, boundaries simply did not exist. Hershey Felder and Joel Zwick collaborate for the fourth time at the Old Globe - bringing to life the composer of West Side Story, Candide, On the Town, Mass and many more.","Balboa Park, San Diego, CA 92101",San Diego,CA,92101.0,619-234-5623,,Hershey Felder in Maestro: The Art of Leonard Bernstein,Old Globe Theatre,Play
"September 25, 2011","August 31 at 7:30, September 3 at 2:00, September 3 at 8:00, September 4 at 2:00, September 4 at 7:00, September 6 at 7:30, September 7 at 7:30, September 8 at 8:00, September 9 at 8:00, September 10 at 2:00, September 10 at 8:00, September 11 at 2:00, September 11 at 7:00, September 13 at 7:30, September 14 at 7:30, September 15 at 8:00, September 16 at 8:00, September 17 at 2:00, September 17 at 8:00, September 18 at 2:00, September 18 at 7:00, September 20 at 7:30, September 25 at 7:00, September 25 at 2:00, September 24 at 8:00, September 24 at 2:00, September 23 at 8:00, September 22 at 8:00, September 21 at 7:30, August 30 at 7:30, September 1 at 8:00, September 2 at 8:00",http://www.theatermania.com/san-diego/shows/milk-like-sugar_180105/,"August 30, 2011",http://www.lajollaplayhouse.org/,"Stuck in dead-end town and ignored by her family, 16-year-old Annie decides to create her own future by entering into a pregnancy pact with two of her high school friends. With savage humor and gritty poetry, Kirsten Greenidge's new play explores the challenges of choosing between the safety of the life you know and the danger of the life you desire.","2910 La Jolla Village Drive, La Jolla, CA 92039",La Jolla,CA,92039.0,858-550-1010,Tickets start at $35.00,Milk Like Sugar,La Jolla Playhouse,Play
"July 24, 2011","July 7 at 8:00, June 28 at 7:30, June 29 at 7:30, June 30 at 8:00, July 1 at 8:00, July 2 at 8:00, July 3 at 2:00, July 3 at 7:00, July 5 at 7:30, July 6 at 7:30, July 8 at 8:00, July 9 at 2:00, July 9 at 8:00, July 10 at 2:00, July 10 at 7:00, July 12 at 7:30, July 13 at 7:30, July 14 at 8:00, July 15 at 8:00, July 16 at 2:00, July 16 at 8:00, July 17 at 2:00, July 17 at 7:00, July 19 at 7:30, July 20 at 7:30, July 21 at 8:00, July 22 at 8:00, July 23 at 2:00, July 23 at 8:00, July 24 at 2:00, July 24 at 7:00",http://www.theatermania.com/san-diego/shows/peer-gynt_180103/,"June 28, 2011",http://www.lajollaplayhouse.org/,"Join the world's most famous wanderer Peer Gynt as he dreams, swindles and charms his way through life in an exhilarating quest for fame and fortune. Five actors perform this theatrical adaptation of Ibsen's sweeping epic on stage full of inventive surprises. Satisfy your waderlust in this wild, funny, picaresque journey.","2910 La Jolla Village Drive, La Jolla, CA 92039",La Jolla,CA,92039.0,858-550-1010,Tickets start at $35.00,Peer Gynt,La Jolla Playhouse,Play
"May 15, 2011","May 12 at 7:00, May 13 at 7:00, May 14 at 2:00, May 15 at 3:00, May 14 at 7:00",http://www.theatermania.com/san-francisco/shows/the-wizard-of-oz_180753/,"May 12, 2011",http://townhallteaching.blogspot.com/2010/10/thk-players-wizard-of-oz-ages-7-18.html,"Little Dorothy Gale of Kansas, like so many girls her age, dreams of what lies over the rainbow. One day a twister hits her farm and carries her away over the rainbow to another world. Come join Dorothy, the Scarecrow, the Tinman, the Cowardly Lion and Toto as they travel the universe of Dorothy's imagination.","3535 School Street at Moraga Road, Lafayette, CA 94549",Lafayette,CA,94549.0,925-283-9149,$10.00-$15.00,The Wizard of Oz,Town Hall Theatre Company,Children/Family
"June 12, 2011","June 12 at 2:00, June 2 at 8:00, June 3 at 8:00, June 4 at 8:00, June 5 at 2:00, June 10 at 8:00, June 11 at 8:00",http://www.theatermania.com/kentucky/shows/belle-brezing_180866/,"June 2, 2011",http://actors-guild.org,"Belle Brezing, the legendary madam who inspired Belle Watling of Gone With the Wind fame, is one of the most charismatic, colorful and scandalous women ever to come out of the South. When she died in August, 1939, the New York Times ran her obit on the front page (&quot;Died: Famed Ky. bawd&quot;) and Time Magazine paid tribute to Miss Brezing, whose house of pleasure on Megowan Street was known as the &quot;most orderly of disorderly houses.&quot; Local playwright Margaret C. Price explores the twilight of the Madam's death, when, haunted by former lover's spirit, Belle remembers what she had devoted a life-time to forgetting in order to forgive herself - beyond Life.","139 West Short Street, Lexington, KY 40507",Lexington,KY,40507.0,866-811-4111,$20.00;&nbsp;$15.00 Student/Senior,Belle Brezing,Actors' Guild of Lexington,Play
"May 15, 2011","May 10 at 7:45, May 15 at 7:45, May 15 at 1:30, May 14 at 7:45, May 13 at 7:45, May 12 at 7:45, May 11 at 7:45, May 11 at 1:00",http://www.theatermania.com/kentucky/shows/the-drowsy-chaperone_172073/,"April 5, 2011",http://www.derbydinner.com/about_the_shows.php,"It all begins when a die-hard musical-theater fan plays his favorite cast album on his turntable and the musical literally bursts to life in his living room! Get ready to be transported to a magical, wonderful world of entertainment full of uproarious laughter and side-splitting antics. This ""musical within a comedy"" is soon to be one of your all time favorites.    Written by Bob Martin and Don McKellar with music and lyrics by Lisa Lambert and Greg Morrison. Winner of five Tony Awards in 2006 including Best Book and Best Score.","525 Marriott Drive, Clarksville, IN 47129",Clarksville,IN,47129.0,812-288-8281,$39.00-$43.00,The Drowsy Chaperone,Derby Dinner Playhouse,Musical Play
"October 3, 2011","October 1 at 7:00, October 2 at 2:00, October 1 at 2:00",http://www.theatermania.com/kentucky/shows/i-dedicate-this-ride-the-making-of-issac-murphy_170109/,"September 26, 2011",http://www.lctonstage.org/pages/shows/idedicatethisride.html,"Leave your fears at the starting line and ride alongside Isaac Murphy, a world renowned Kentucky-born African-American jockey, in the race of a lifetime. If ever there were two creatures meant for each other, it's that man and a horse. He rides like the wind and acts like a gentleman, just as Mama raised him. With integrity, dedication, and perseverance, Isaac Murphy is ready to take on the world and inscribe his name as one of the greatest riders in history. Join us in celebration of Lexington's own - a man no one could stop from chasing the wind.    School Information:  Dates: September 28 - 30, October 1  Times: 10:00 and 11:45  Grades: 3 - 8  Tickets: $5.75 per seat","418 West Short Street, Lexington, KY 40507",Lexington,KY,40507.0,859-254-4546,$13.00 Adults ;&nbsp;$11.00 Children,I Dedicate This Ride: The making of Issac Murphy,Lexington Children's Theatre,Children/Family
"October 3, 2011","October 1 at 2:00, October 2 at 2:00, October 1 at 7:00",http://www.theatermania.com/kentucky/shows/i-dedicate-this-ride-the-making-of-issac-murphy_170109/,"September 26, 2011",http://www.lctonstage.org/pages/shows/idedicatethisride.html,"Leave your fears at the starting line and ride alongside Isaac Murphy, a world renowned Kentucky-born African-American jockey, in the race of a lifetime. If ever there were two creatures meant for each other, it's that man and a horse. He rides like the wind and acts like a gentleman, just as Mama raised him. With integrity, dedication, and perseverance, Isaac Murphy is ready to take on the world and inscribe his name as one of the greatest riders in history. Join us in celebration of Lexington's own - a man no one could stop from chasing the wind.    School Information:  Dates: September 28 - 30, October 1  Times: 10:00 and 11:45  Grades: 3 - 8  Tickets: $5.75 per seat","418 West Short Street, Lexington, KY 40507",Lexington,KY,40507.0,859-254-4546,$13.00 Adults ;&nbsp;$11.00 Children,I Dedicate This Ride: The making of Issac Murphy,Lexington Children's Theatre,Play
"October 17, 2011","October 16 at 2:00, October 15 at 2:00, October 15 at 7:00",http://www.theatermania.com/kentucky/shows/if-you-give-a-mouse-a-cookie_170117/,"October 10, 2011",http://www.lctonstage.org/pages/shows/ifyougiveamouseacookie.html,"He's back!!! Another adventure begins when your favorite hungry mouse wanders back into the kitchen. And he's just a little mouse -wouldn't you offer him a cookie? But with a cookie, he'll want milk - which leads to straws, scissors, and a big mess! Obviously, this isn't your run-of-the-mill, fuzzy little mouse. Get ready to join a little boy as he discovers how big an adventure he can have without ever leaving his own home.    School Information:  Dates: October 12-15, 19-22  Times: 10:00 and 11:45  On Tour: September 7 - December 18  Grades: Pre K - 3  Tickets: $6.25 per seat","418 West Short Street, Lexington, KY 40507",Lexington,KY,40507.0,859-254-4546,$16.00 Adults ;&nbsp;$13.00 Children,If You Give a Mouse a Cookie,Lexington Children's Theatre,Children/Family
"December 5, 2011","December 5 at 2:00, December 3 at 2:00, December 4 at 7:00",http://www.theatermania.com/kentucky/shows/junie-b-jones-jingle-bells-batman-smells_170144/,"November 27, 2011",http://www.lctonstage.org/pages/shows/juniebjones.html,"When you see the words &quot;Dear First Grade Journal,&quot; you know you're about to find out what really happens in elementary school. Junie B. Jones tells it like it is - especially when it involves Blabbermouth May: TATTLETALE EXTRAORDINAIRE. These girls better watch out; otherwise they will miss all the holiday activities, and Junie B. will NOT let that happen. Maybe this is the year she learns what the holidays are really about - peace and goodwill to all...that's grown up talk for &quot;be nice to  everyone&quot; - even tattletales.    School Information:  Dates: November 29-30, December 1-3  Times: 10:00 and 11:45  Grades: K - 3  Tickets: $6.25 per seat","418 West Short Street, Lexington, KY 40507",Lexington,KY,40507.0,859-254-4546,$16.00 Adults ;&nbsp;$13.00 Children,"Junie B. Jones: Jingle Bells, Batman Smells",Lexington Children's Theatre,Children/Family
"December 19, 2011","December 17 at 2:00, December 18 at 7:00",http://www.theatermania.com/kentucky/shows/the-neverending-story_170145/,"December 12, 2011",http://www.lctonstage.org/pages/shows/theneverendingstory.html,"As the Nothing grows, the Childlike Empress begins to die, so she chooses a champion to save her kingdom - that champion is Atreyu of the Great Quest, Hero of Fantastica! Young Bastian longs to join the adventure - but unfortunately, this is just like any other ordinary book...or is it? Be transported with Bastian as he uncovers what awaits within these pages. You too may be surprised to find that some stories keep going, even after the book is closed.     School Information:  Dates: December 7-10, 13-16  Times: 10:00 and 11:45  Grades: 3 - 8  Tickets: $6.25 per seat","418 West Short Street, Lexington, KY 40507",Lexington,KY,40507.0,859-254-4546,$16.00 Adults ;&nbsp;$13.00 Children,The Neverending Story,Lexington Children's Theatre,Children/Family
"October 24, 2011",October 23 at 2:00,http://www.theatermania.com/kentucky/shows/river-rat-and-cat_170137/,"October 23, 2011",http://www.lctonstage.org/pages/shows/riverratandcat.html,"&quot;ROAR!!!&quot; says Cat stalking River Rat across the riverbank. Playing games like this one is Cat's favorite thing to do - besides eating of course. Whether it's constant friendship or a cheese sandwich, Rivy always provides for Cat's needs. But trouble lurks just down the river, and this unusual friendship faces a mighty clash. Two animals so different shouldn't be friends anyway, right? Even so, there are times you simply can't survive the storm alone.    School Information:  Dates: October 26-29  Times: 10:00 and 11:45  On Tour: September 7 - December 18  Grades: 3 - 8  Tickets: $5.75 per seat","418 West Short Street, Lexington, KY 40507",Lexington,KY,40507.0,859-254-4546,$13.00 Adults ;&nbsp;$11.00 Children,River Rat and Cat,Lexington Children's Theatre,Children/Family
"June 26, 2011",Schedule varies.,http://www.theatermania.com/oklahoma/shows/willy-wonka-and-the-chocolate-factory-jr_173377/,"June 24, 2011",http://shawneelittletheatre.com/1011season.html,"Roald Dahl's timeless story of the world famous candy man and his quest to find an heir comes to life in this stage adaptation of Charlie and The Chocolate Factory, which features the songs from the classic family film ""Willy Wonka and the Chocolate Factory."" The memorable score features &quot;The Candy Man&quot;, &quot;Pure Imagination&quot;, &quot;Oompa Loompa&quot; and &quot;I Want it Now&quot; by Academy&reg; and Grammy&reg; award winners Leslie Bricusse and Anthony Newley, neatly fitted into a new script adapted under the auspices of the Dahl Estate. With a flexible cast size, featuring roles for children and a tour-de-force role in the title character.","1829 Airport Drive, Shawnee, Oklahoma 74801",Shawnee,Oklahoma,74801.0,405 275-2805,$10.00 - $12.00,Willy Wonka and the Chocolate Factory Jr.,Shawnee Little Theatre,Children/Family
"June 26, 2011",Schedule varies.,http://www.theatermania.com/oklahoma/shows/willy-wonka-and-the-chocolate-factory-jr_173376/,"June 24, 2011",http://shawneelittletheatre.com/1011season.html,"Roald Dahl's timeless story of the world famous candy man and his quest to find an heir comes to life in this stage adaptation of Charlie and The Chocolate Factory, which features the songs from the classic family film ""Willy Wonka and the Chocolate Factory."" The memorable score features &quot;The Candy Man&quot;, &quot;Pure Imagination&quot;, &quot;Oompa Loompa&quot; and &quot;I Want it Now&quot; by Academy&reg; and Grammy&reg; award winners Leslie Bricusse and Anthony Newley, neatly fitted into a new script adapted under the auspices of the Dahl Estate. With a flexible cast size, featuring roles for children and a tour-de-force role in the title character.","1829 Airport Drive, Shawnee, Oklahoma 74801",Shawnee,Oklahoma,74801.0,405 275-2805,$10.00 - $12.00,Willy Wonka and the Chocolate Factory Jr.,Shawnee Little Theatre,Children/Family
"May 21, 2011",Schedule varies.,http://www.theatermania.com/seattle/shows/ajax_180842/,"April 29, 2011",http://www.octheater.com,"Ten years of a bloody war in the desert of Troy have finally taken their toll. Ajax, one of the greatest soldiers in the Greek coalition, is driven mad by the death of his cousin, Achilles, and the humiliation of losing Achilles' prized armor to Odysseus. Unhinged, he seeks revenge in a most brutal and horrifying way, putting his entire military career  and his very life  on the line. Will the love of his family be enough to save Ajax from self-destruction or will the war claim another casualty? This new adaption takes a modern look at Sophocles' classic story of the physical  and mental  devastation of war.","2222 Second Ave, Seattle, WA 98121",Seattle,WA,98121.0,1-800-838-3006,$18.00 in advance;&nbsp;$20.00 at the door,Ajax,Open Circle Theater,Play
"June 19, 2011","June 17 at 7:00, June 19 at 12:00, June 18 at 7:00, June 18 at 2:00, June 19 at 5:00",http://www.theatermania.com/seattle/shows/13-the-musical_180043/,"June 17, 2011",http://www.acttheatre.org/Shows/OnStage/13TheMusical,"13 is a musical about growing up. New Yorker Evan Goldman attempts to maneuver the pressure of becoming an adult, while dealing with his parents divorce. To top it all off, he just found out he is moving to a small town in Indiana. When he gets there, all Evan wants to do is lay low, make friends and survive the school year. However, it's not as easy as it sounds. The star quarterback seems to have it out for Evan and his only friend, Patrice, won't talk to him. Recently seen on Broadway, 13 is a hilarious high-energy musical for all ages with an unforgettable rock score from Tony-Award winner Jason Robert Brown.","700 Union Street, Seattle, WA 98101",Seattle,WA,98101.0,206-292-7676,$17.50,13: The Musical!,ACT,Children/Family
"February 12, 2012",,http://www.theatermania.com/seattle/shows/all-through-the-night_179944/,"January 18, 2012",http://www.artswest.org/?q=node/217,"Inspired by interviews with German gentile women and set during and after the Third Reich, All Through the Night is a stylistic and surrealistic play that sweeps through the lives of these German women from their teen years to adulthood during the Holocaust, and the aftermath. The Nazi regime impacts the lives of these women as they struggle over work, religion, marriage, and motherhood. Faced with overwhelmingly difficult choices, the women survive or succumb to Hitler's reign--and all are changed forever.     Recommended for ages 13 and older.","4711 California Avenue SW, Seattle, WA 98116",Seattle,WA,98116.0,206-938-0339,$5.00-$32.00,All Through The Night,ArtsWest Theatre,Play
"May 16, 2011",Schedule varies.,http://www.theatermania.com/seattle/shows/25th-international-childrens-festival_180614/,"May 10, 2011",http://giantmagnet.org/international-childrens-festival/,"This season Giant Magnet celebrates the 25th Anniversary of the International Children's Festival - 25 years of introducing young audiences to the world - its people, customs and cultures - through the performing arts. Giant Magnet explored the globe to bring an all-star lineup of performers to:    Seattle Center (May 10-14)  305 Harrison Street  Seattle, WA 98109     and    The Broadway Center for the Performing Arts (May 16)  901 Broadway  Tacoma, WA 98402    Click here for a complete schedule of events.",,,,,800-838-3006,$7.00 - $10.00,25th International Children's Festival,Various Locations,Children/Family
"October 1, 2011","September 30 at 7:30, September 7 at 7:30, September 9 at 7:30, September 10 at 7:30, September 11 at 3:00, September 14 at 7:30, September 15 at 7:30, September 16 at 7:30, September 17 at 7:30, September 18 at 3:00, October 1 at 7:30, September 21 at 7:30, September 22 at 7:30, September 23 at 7:30, September 24 at 7:30, September 25 at 3:00, September 28 at 7:30, September 29 at 7:30, September 8 at 7:30",http://www.theatermania.com/seattle/shows/amys-view_179933/,"September 7, 2011",http://www.artswest.org/?q=node/217,"It is 1979. Esme Allen is an actress in London's West End just at the moment when the West End is ceasing to offer actors a regular way of life. The visit of her young daughter, Amy, and her new boyfriend brings conflict between the two and sets in train a series of events that only find their shape eighteen years later.     Recommended for age 13 and older.","4711 California Avenue SW, Seattle, WA 98116",Seattle,WA,98116.0,206-938-0339,$5.00-$32.00,Amy's View,ArtsWest Theatre,Play
"July 31, 2011",Schedule varies.,http://www.theatermania.com/seattle/shows/aladdin_177378/,"July 7, 2011",http://www.5thavenue.org,This new Aladdin incorporates all of the beloved songs from the 1992 Disney film's Oscar&reg;-winning score plus never-before heard Menken/Ashman songs restored from early drafts of the score.  It marks a return to the authors' original vision:  a loving homage to the Hope-Crosby road pictures with a score invoking the jazz sound of stars like Cab Calloway and Fats Waller.,"1308 5th Avenue, Seattle, WA 98101",Seattle,WA,98101.0,206-625-1900,,Aladdin,5th Avenue Theatre,Children/Family
"June 12, 2011","May 22 at 2:30, May 20 at 7:30, May 21 at 2:30, May 21 at 7:30, May 27 at 7:30, May 28 at 2:30, May 28 at 7:30, May 29 at 2:30, June 3 at 7:30, June 4 at 2:30, June 4 at 7:30, June 5 at 2:30, June 10 at 7:30, June 11 at 2:30, June 11 at 7:30, June 12 at 2:30",http://www.theatermania.com/seattle/shows/annie_180611/,"May 20, 2011",http://studio-east.org/boxoffice/shows-tickets/annie/,"Annie is a spunky Depression-era orphan determined to find her parents, who abandoned her years ago on the doorstep of a New York City Orphanage run by the cruel, embittered Miss Hannigan. In adventure after fun-filled adventure, Annie foils Miss Hannigan's evil machinations, befriends President Franklin Delano Roosevelt and finds a new family and home with billionaire Oliver Warbucks, his personal secretary Grace Farrell and a lovable mutt named Sandy.    Gala Grand Opening Performances:   May 20 & 21, 2011  Doors open at 6:30pm for complimentary hors d'oeuvres before the show and dessert at intermission. The show begins at 7:30pm.","402 Sixth Street South, Kirkland, WA 98033",Kirkland,WA,98033.0,425-820-1800,$11.00 - $15.00,Annie,Studio East,Play
"June 12, 2011","June 4 at 7:30, May 20 at 7:30, June 11 at 2:30, June 11 at 7:30, June 12 at 2:30, June 5 at 2:30, June 10 at 7:30, June 4 at 2:30, June 3 at 7:30, May 29 at 2:30, May 28 at 7:30, May 28 at 2:30, May 27 at 7:30, May 22 at 2:30, May 21 at 7:30, May 21 at 2:30",http://www.theatermania.com/seattle/shows/annie_180611/,"May 20, 2011",http://studio-east.org/boxoffice/shows-tickets/annie/,"Annie is a spunky Depression-era orphan determined to find her parents, who abandoned her years ago on the doorstep of a New York City Orphanage run by the cruel, embittered Miss Hannigan. In adventure after fun-filled adventure, Annie foils Miss Hannigan's evil machinations, befriends President Franklin Delano Roosevelt and finds a new family and home with billionaire Oliver Warbucks, his personal secretary Grace Farrell and a lovable mutt named Sandy.    Gala Grand Opening Performances:   May 20 & 21, 2011  Doors open at 6:30pm for complimentary hors d'oeuvres before the show and dessert at intermission. The show begins at 7:30pm.","402 Sixth Street South, Kirkland, WA 98033",Kirkland,WA,98033.0,425-820-1800,$11.00 - $15.00,Annie,Studio East,Children/Family
"June 12, 2011","May 26 at 7:30, May 22 at 2:00, May 21 at 7:30, May 20 at 7:30, May 19 at 7:30, May 29 at 2:00, May 27 at 7:30, June 2 at 7:30, June 3 at 7:30, June 4 at 7:30, June 5 at 2:00, June 9 at 7:30, June 10 at 7:30, June 11 at 7:30, June 12 at 2:00, May 28 at 7:30",http://www.theatermania.com/seattle/shows/arms-and-the-man_177999/,"May 20, 2011",http://www.seattlepublictheater.org/events-armsandman.html,"SPT's season wraps up May 20th-June 12th with the a fresh look at George Bernard Shaw's charming and delightful classic, Arms and the Man. Here is the master of wit and social comedy at his most entertaining and romantic. As heroism and militarism are laid bare against the foibles of middle-class pretensions, love and romance run amok.","7312 W. Greenlake Dr. N., Seattle, WA 98103",Seattle,WA,98103.0,206-524-1300,$15.00 - $25.00,Arms and the Man,The Bathhouse Theatre,Play
"December 31, 2011","November 29 at 7:30, November 25 at 8:00, November 26 at 2:00, November 26 at 8:00, November 27 at 1:30, December 11 at 1:30, December 10 at 8:00, December 10 at 2:00, December 9 at 8:00, December 8 at 8:00, December 7 at 7:30, December 6 at 7:30, December 4 at 7:00, December 4 at 1:30, December 3 at 8:00, December 3 at 2:00, December 2 at 8:00, December 1 at 8:00, November 30 at 7:30, November 27 at 7:00, December 31 at 8:00, December 31 at 2:00, December 30 at 8:00, December 29 at 8:00, December 28 at 7:30, December 27 at 7:30, December 25 at 7:00, December 25 at 1:30, December 24 at 8:00, December 24 at 2:00, December 23 at 8:00, December 22 at 8:00, December 21 at 7:30, December 20 at 7:30, December 18 at 7:00, December 18 at 1:30, December 17 at 8:00, December 17 at 2:00, December 16 at 8:00, December 15 at 8:00, December 14 at 7:30, December 13 at 7:30, December 11 at 7:00",http://www.theatermania.com/seattle/shows/cinderella_178419/,"November 25, 2011",http://www.5thavenue.org/show/cinderella1112/,"When the shoe fits, the unlikeliest of girls becomes a princess, and dreams really do come true. The beloved fairy tale with exquisitely romantic music receives a lavish and enchanting staging.","1308 5th Avenue, Seattle, WA 98101",Seattle,WA,98101.0,206-625-1900,$28.00-$98.00,Cinderella,5th Avenue Theatre,Children/Family
"October 9, 2011","September 17 at 7:30, September 14 at 7:30, October 5 at 7:30, October 2 at 2:00, October 1 at 7:30, September 30 at 7:30, September 29 at 7:30, September 28 at 7:30, September 25 at 2:00, September 24 at 7:30, September 23 at 7:30, September 22 at 7:30, September 21 at 7:30, September 18 at 2:00, September 16 at 7:30, September 15 at 7:30, October 9 at 2:00, October 8 at 7:30, October 7 at 7:30, October 6 at 7:30",http://www.theatermania.com/seattle/shows/border-songs_177362/,"September 17, 2011",http://www.book-it.org/Border-Songs.php,"Jim Lynch's (The Highest Tide) second novel explores division--between the natural world and everyday human experience, between communities, and individuals. It's also a hopeful vision of the commonalities we can discover if we look at things just a little differently, the way Brandon Vanderkool--a 6'8&quot; dyslexic, bird watcher who joins the Border Patrol--does. Lynch's masterful use of metaphor unlocks these divisions and commonalities and offers an extraordinary potential for a dramatic re-telling in the Book-It Style™. Border Songs is a 2010 Washington State Book Award-winner.","305 Harrison St, Seattle, WA 98109",Seattle,WA,98109.0,206-216-0833,$10.00-$42.00,Border Songs,Book-It Repertory Theatre,Play
"June 11, 2011","June 5 at 5:00, June 8 at 7:00, June 9 at 7:00, June 10 at 7:00, June 11 at 7:00, June 11 at 2:00, June 3 at 7:00, June 4 at 7:00, June 5 at 12:00",http://www.theatermania.com/seattle/shows/fiddler-on-the-roof-jr_180042/,"June 3, 2011",http://www.acttheatre.org/Shows/OnStage/FiddlerontheRoofJr,"Fiddler on the Roof, Jr. transports audiences to Tsarist Russia in the early 1900s, to the small village of Anatevka. In Anatevka, Tevye, a poor dairyman, endeavors to keep the traditions of his close-knit Jewish community alive. Along with his wife Golde, Tevye attempts to raise five daughters, while also adjusting to a changing world. Rich in historical and ethnic detail, Fiddler on the Roof has impacted audiences around the world with its humor, warmth and honesty. Fiddler on the Roof is the winner of nine Tony Awards, including Best Musical, Best Composer/Lyricist, and Best Book of a Musical.","700 Union Street, Seattle, WA 98101",Seattle,WA,98101.0,206-292-7676,$15.00,"Fiddler on the Roof, Jr",ACT,Children/Family
"June 12, 2011","June 10 at 7:00, June 12 at 2:00, June 11 at 2:00, June 5 at 2:00, June 4 at 2:00, June 3 at 7:00, May 29 at 2:00, May 28 at 2:00, May 27 at 7:00, May 22 at 2:00, May 21 at 2:00, May 20 at 7:00",http://www.theatermania.com/seattle/shows/gullivers-travels_180889/,"May 20, 2011",http://www.youththeatre.org/on-stage/productions/gullivers-travels/,"The play follows Lemuel Gulliver on his journeys through strange and distant lands. He encounters tiny Lilliputians, and visits the land of giants, Brobdingnag. From there he travels to Laputa, a floating island devoted to the arts and academics, and finds a land inhabited by intelligent, speaking horses called Houhynhms, whose servants are Yahoos, deformed human-like creatures. What does it all mean and how will his travels change him? Hilarious, fantastical, and just a little bit critical, Gulliver's Travels is a classic piece of social satire. This production will be performed by our conservatory students.","8805 SE 40th Street, Seattle, WA 98040",Seattle,WA,98040.0,206-232-4145,$10.00-$17.00,Gulliver's Travels,Youth Theatre Northwest,Children/Family
"November 20, 2011",Schedule varies.,http://www.theatermania.com/seattle/shows/a-boy-and-his-soul_177199/,"October 21, 2011",http://www.intiman.org,"Enter the world of Colman Domingo, a world brimming with life, language and music. As his parents get ready to sell the family's house in West Philadelphia, Domingo unearths a record collection that kicks off a jubilant trip through the sounds and memories of his childhood and adolescence. With the sounds of Stevie Wonder, Earth, Wind & Fire, and Aretha filling the theater, Colman dances, sings, and portrays each family member as the show moves between the joyous hubbub of a lively, loving family and the internal struggles of a young, gay black man growing up and coming out in the 70s and 80s. Big and brave, or small and sweet, Colman's rendition of growing up on vinyl delivers on soul and spirit.","201 Mercer Street, Seattle, WA 98109",Seattle,WA,98109.0,206-269-1900,,A Boy and his Soul,Intiman Theatre,Play
"October 23, 2011","October 23 at 2:00, September 30 at 7:30, October 1 at 2:00, October 1 at 7:30, October 2 at 2:00, October 2 at 7:30, October 5 at 7:30, October 6 at 7:30, October 7 at 7:30, October 8 at 2:00, October 8 at 7:30, October 9 at 2:00, October 9 at 7:30, October 12 at 7:30, October 13 at 7:30, October 14 at 7:30, October 15 at 2:00, October 15 at 7:30, October 16 at 2:00, October 16 at 7:30, October 19 at 7:30, October 20 at 7:30, October 21 at 7:30, October 22 at 2:00, October 22 at 7:30, October 23 at 7:30",http://www.theatermania.com/seattle/shows/humor-abuse_180338/,"September 30, 2011",http://www.seattlerep.org/Plays/1112/,"In this delightful, sweet, acrobatic new show, acclaimed Broadway actor Lorenzo Pisoni transports us to his eccentric childhood spent performing with his father's Pickle Family Circus.    Tickets on sale in August.","155 Mercer St., Seattle, WA 98121",Seattle,WA,98121.0,206-443-2222,,Humor Abuse,Seattle Repertory Theatre - Bagley Wright Theatre,Children/Family
"June 18, 2011","May 21 at 2:00, May 21 at 8:00, May 25 at 7:30, May 26 at 7:30, May 27 at 8:00, May 28 at 2:00, May 28 at 8:00, June 1 at 7:30, June 2 at 7:30, June 3 at 8:00, June 4 at 2:00, June 4 at 8:00, June 8 at 7:30, May 19 at 7:30, June 10 at 8:00, June 11 at 2:00, June 11 at 8:00, June 15 at 7:30, June 16 at 7:30, June 17 at 8:00, June 18 at 2:00, June 18 at 8:00, June 9 at 7:30, May 20 at 8:00, May 18 at 7:30",http://www.theatermania.com/seattle/shows/brownie-points-west-coast-premiere_173229/,"May 20, 2011",http://www.taproot.org,"By Janece Shaffer    The girls' club pledge never promised camping would be easy...for the moms.  In the late night mayhem of a backwoods campout a storm rages outside, while a squall builds inside the cabin. A touching and often hilarious glimpse into the things that make us who we are and the reasons that they matter.","204 N. 85th Street, Seattle, WA 98103",Seattle,WA,98103.0,206-781-9707,,Brownie Points - West Coast Premiere,Taproot Theatre,Play
"July 31, 2011",Schedule varies.,http://www.theatermania.com/seattle/shows/cats_177490/,"July 8, 2011",http://www.tmp.org/mainstage.aspx,"Based on the universally popular poetry of T.S. Eliot, CATS tells the story, in song and dance, of the annual gathering of Jellicle cats at which time one special cat is selected to ascend to the Heaviside layer. A true musical theater phenomenon, CATS opened at London's New London Theatre on May 11, 1981 and ran for a record-setting 21 years. It remains the second-longest running show in Broadway history.","7116 Sixth Avenue, Tacoma, WA 98406",Tacoma,WA,98406.0,253-565-6867,$10.00 - $27.00,CATS,Tacoma Musical Playhouse,Musical Play
"June 5, 2011","June 5 at 2:00, June 5 at 5:30, June 3 at 7:00, May 26 at 7:00, June 4 at 2:00, June 4 at 5:30, May 22 at 5:30, May 12 at 7:00, May 13 at 7:00, May 14 at 2:00, May 14 at 5:30, May 15 at 2:00, May 15 at 5:30, May 19 at 7:00, May 20 at 7:00, May 21 at 2:00, May 21 at 5:30, May 22 at 2:00, June 2 at 7:00, May 29 at 5:30, May 29 at 2:00, May 28 at 5:30, May 28 at 2:00, May 27 at 7:00",http://www.theatermania.com/seattle/shows/jackie-and-me_179965/,"April 28, 2011",http://www.sct.org,"Young Joey Stoshack has the special power to travel through time just by holding a baseball card and concentrating really hard. When he's given an assignment to write a paper on Jackie Robinson, it only makes sense to head back to 1947 and meet the famous baseball player.     Through his adventures, Joey experiences what it's like to be African-American during a time of segregation. He witnesses Jackie's dedication and determination when even people on his own team are against him.","Second Avenue North and Thomas Street, Seattle, WA 98109",Seattle,WA,98109.0,206-441-3322,$22.00 - $37.00,Jackie and Me,Seattle Children's Theatre at Seattle Center,Children/Family
"March 4, 2012",,http://www.theatermania.com/seattle/shows/circle-mirror-transformation_180450/,"February 3, 2012",http://www.seattlerep.org/Plays/1112/,"In an artsy small town, an unlikely collection of strangers sign up for Marty's &quot;Adult Creative Drama&quot; class: a recently divorced carpenter, a high school junior, a former actress, and Marty's hippie husband. Unfolding like a charmingly funny indie film, the group plays Marty's imaginative (and sometimes awkward) theatre games. But as their relationships develop over the course of the summer, the seemingly silly games generate some real-life drama. This delightful comedy from a new playwright Annie Baker landed on Top Ten lists of The New York Times and The New Yorker for 2010.    Tickets on sale in August.","155 Mercer St., Seattle, WA 98109",Seattle,WA,98109.0,206-443-2222,,Circle Mirror Transformation,Seattle Repertory Theatre - Leo K. Theatre,Play
"May 29, 2011","May 26 at 7:30, May 27 at 8:00, May 25 at 7:30, May 24 at 7:30, May 22 at 6:30, May 22 at 1:00, May 21 at 8:00, May 21 at 2:00, May 20 at 8:00, May 19 at 7:30, May 19 at 1:00, May 18 at 7:30, May 17 at 7:30, May 15 at 6:30, May 15 at 1:00, May 14 at 8:00, May 14 at 2:00, May 13 at 8:00, May 12 at 7:30, May 29 at 6:30, May 29 at 1:00, May 28 at 8:00, May 28 at 2:00",http://www.theatermania.com/seattle/shows/mary-poppins_180616/,"May 12, 2011",http://stgpresents.org/artists/?artist=1340,"Mary Poppins is bringing its own brand of Broadway magic to theaters across the country, which has Variety raving, &quot;This is the rare touring production that over-delivers on every level!&quot; Featuring the irresistible story and unforgettable songs from one of the most popular Disney films of all time, plus brand-new breathtaking dance numbers and spectacular stage-craft, Mary Poppins is everything you could ever want in a hit Broadway show! So get swept up in the fun of this high-flying musical the New York Post gives 4 out of 4 stars and calls &quot;a perfect piece of musical theater","911 Pine Street, Seattle, WA 98101",Seattle,WA,98101.0,877-784-4849,$21.50 - $136.50,Mary Poppins,Paramount Theatre,Children/Family
"May 12, 2012",,http://www.theatermania.com/seattle/shows/clybourne-park_180453/,"April 20, 2012",http://www.seattlerep.org/Plays/1112/,"A spin on Lorraine Hansberry's A Raisin in the Sun, this razor-sharp new satire takes a jab at race and real estate in a Chicago neighborhood's past and present. The play begins in 1959 as a black family moves into a white enclave. Act Two takes us back to the same house in 2009 as gentrification sets in and the roles are reversed. One agile ensemble of actors play two sets of characters in the play the Washington Post deemed &quot;one of its feistiest, funniest evenings in years.&quot;","155 Mercer St., Seattle, WA 98121",Seattle,WA,98121.0,206-443-2222,,Clybourne Park,Seattle Repertory Theatre - Bagley Wright Theatre,Play
"June 12, 2011","June 5 at 2:00, June 4 at 2:00, June 11 at 2:00, June 12 at 2:00",http://www.theatermania.com/seattle/shows/miss-nelson-is-missing_177564/,"June 4, 2011",http://www.tmp.org/childrenstheater.aspx,"Miss Nelson's class is the worst behaved in the whole school! Spitballs flying across the room, paper airplanes sailing every which way, and uncontrollable children send the gentle, long-suffering teacher, Miss Nelson, over the edge. But the students of Room 207 are in for a surprise when Miss Nelson turns up missing and is replaced by Viola Swamp, the scariest substitute teacher ever. In desperation, the students set out to find their beloved Miss Nelson... but will they ever get her? Enduring lessons of appreciation and respect from the creator of last season's hit production, Junie B. Jones and a Little Monkey Business!","7116 Sixth Avenue, Tacoma, WA 98406",Tacoma,WA,98406.0,253-565-6867,$10.00-$15.00,Miss Nelson is Missing!,Tacoma Musical Playhouse,Children/Family
"November 20, 2011",Schedule varies.,http://www.theatermania.com/seattle/shows/double-indemnity_174163/,"October 21, 2011",http://www.acttheatre.org/Shows/OnStage/DoubleIndemnity,"A nail-biting take on the famous novel probes the shadowy human soul.    Lust, intrigue, and cliffhanging twists amp up this much-loved crime tale, which Billy Wilder also adapted for his classic noir film. In the dusty, amoral Los Angeles of the 1930s, discontented insurance agent Walter Huff encounters temptations too great to resist and embarks on a dark journey to escape his life. Double Indemnity is a suspenseful and profound consideration of the materialistic and sexual cravings of Depression-era America, rendered in a delicious new voice by R. Hamilton Wright and David Pichette.","700 Union Street, Seattle, WA 98101",Seattle,WA,98101.0,206-292-7676,$15.00 - $65.00,Double Indemnity,ACT,Play
"May 29, 2011",Schedule varies.,http://www.theatermania.com/seattle/shows/quest-for-planet-x-the-space-musical_180615/,"May 13, 2011",http://www.thistletheatre.org/schedule.htm,"From earth to the moon and to the far reaches of the Galaxy...take a flight into the future. A strange chrysalis-like growth has started to form on earth. If the space team can't reach Planet X for the antidote, the Earth will be doomed. Silly robots on a recycling space station, an Evil Queen, &quot;spacey&quot; black light scenes and intergalactic music create an out-of-this world puppetry experience!    Sunset Hill Community Club  3003 NW 66th Street, Seattle  May 13 at 7:30pm  May 14, 15 at 1:00pm & 3:00pm    Bellevue Youth Theater	  16661 Northup Way  Bellevue, WA 98008   May 21, 22 at 2:00pm and 4:00pm  	  Magnuson Park Theatre  Theatre Building #47   7110 62nd Ave NE, Seattle WA 98115  May 28, 29 at 1:00pm & 3:00pm",,,,,,$7.00 - $9.00,Quest for Planet X (The Space Musical),Various Locations,Children/Family
"May 15, 2011","May 14 at 11:00, May 15 at 1:00, May 15 at 11:00, May 14 at 3:00, May 14 at 1:00",http://www.theatermania.com/seattle/shows/sleeping-beauty_179966/,"April 23, 2011",http://storybooktheater.org/home/sleeping-beauty/,"Princess Beauty is a cutie, but being pretty doesn't cut it when you really want to slay dragons and find adventure. Will Beauty get to be her very own hero - or will she be interrupted by a 100-year nap? Will the Prince save her - or will she save him? (This version isn't just for little girls - the boys will love it too!)    April 23rd - May 1st at Kirkland Performance Center  May 7th & 8th at Renton Carco Theater   May  15th at Seattle Museum of History & Industry",,,,,425-820-1800,$9.00,Sleeping Beauty,Various Locations,Children/Family
"May 21, 2011","May 20 at 7:30, May 21 at 7:30",http://www.theatermania.com/seattle/shows/electricidad_180041/,"May 20, 2011",http://www.acttheatre.org/Shows/OnStage/Electricidad,"A new kind of Greek Tragedy.  Where the South Side Locos are Kings and Spanglish rules.    A Chicano take on the Greek tragedy Electra, Lu&iacute;s Alfaro's Electricidad is a brutally modern adaptation of the classic revenge saga set within gang culture of the ""barrio"". One of the foremost Latino playwrights in the U.S. and winner of the MacArthur ""Genius Award"", Lu&iacute;s Alfaro's eye-opening rendition situates the iconic characters in the present-day world of the ""Cholo"" where the South Side Locos are Kings and Spanglish rules. Electricidad is mourning her father's body in her front yard, much to the dismay of the vecinos (neighbors) and her mother Clemencia, who was rumored to have had him killed to establish her power in the gang hierarchy. A comical bilingual chorus called ""El Chisme"" gossips and tries to save their barrio from inevitable cycles of violence.    eSe Teatro's presentation of Electricidad is a blend between a staged reading and a fully produced play, as is presented in Spanglish.","700 Union Street, Seattle, WA 98101",Seattle,WA,98101.0,206-292-7676,$10.00,Electricidad,ACT,Play
"May 22, 2011","May 22 at 4:00, May 20 at 7:00, May 21 at 1:00, May 21 at 4:00, May 22 at 1:00, May 15 at 4:00, May 14 at 4:00, May 14 at 1:00, May 13 at 7:00, May 15 at 1:00",http://www.theatermania.com/seattle/shows/a-year-with-frog-and-toad_177603/,"May 6, 2011",http://www.secondstoryrep.org/childrens_theater/season12/toad.html,"Cheerful Frog and grumpy Toad awaken from their hibernation in the spring and spend a year planting gardens, swimming, raking leaves and sledding. Along the way, they learn the true value of friendship. Based on the beloved series of tales by Arnold Lobel.","16587 NE 74th Street, Redmond, WA 98052",Redmond,WA,98052.0,425-881-6777,$10.00,A Year with Frog and Toad,Second Story Repertory,Children/Family
"June 18, 2011","June 10 at 8:00, June 3 at 8:00, June 17 at 8:00, June 18 at 8:00, June 11 at 8:00, June 4 at 8:00, May 28 at 8:00, May 27 at 8:00",http://www.theatermania.com/seattle/shows/elektra_180609/,"May 27, 2011",http://www.machamonkey.org/home.html,"Elektra (formerly known as Live Girls Do Elektra), a smart, funny, and sometimes creepy fusion of Greek tragedy and white suburban squalor. Set in suburbia in 1999, mother Clytemnestra is an often drunk socialite and Elektra is her obsessive compulsive, revenge thirsty daughter. The house of Atreus is the talk of the neighborhood. Will Orestes come home to revenge his father or will Elektra have to take matters into her own hands?","1634 11th Ave, Seattle, WA 98122",Seattle,WA,98122.0,800-838-3006,$18.00,Elektra,Richard Hugo House,Play
"December 24, 2011",Schedule varies.,http://www.theatermania.com/seattle/shows/every-christmas-story-ever-told-and-then-some_179943/,"November 30, 2011",http://www.artswest.org/?q=node/217,"Instead of performing Charles Dickens' beloved holiday classic for the umpteenth time, three actors decide to perform every Christmas story ever told ranging from classic movies like It's a Wonderful Life to quintessential Norelco-sponsored TV specials from the sixties --plus Christmas traditions from around the world, seasonal icons from ancient times to topical pop culture! A mad cap romp through the Holiday season!     Recommended for ages 8 and older.","4711 California Avenue SW, Seattle, WA 98116",Seattle,WA,98116.0,206-938-0339,$5.00-$32.00,Every Christmas Story Ever Told (And Then Some),ArtsWest Theatre,Play
"November 12, 2011","November 10 at 7:30, November 11 at 7:30, November 9 at 7:30, October 30 at 3:00, October 28 at 7:30, October 27 at 7:30, October 26 at 7:30, October 23 at 3:00, October 22 at 7:30, November 2 at 7:30, November 3 at 7:30, November 4 at 7:30, October 29 at 7:30, November 12 at 7:30, November 6 at 3:00, November 5 at 7:30",http://www.theatermania.com/seattle/shows/evil-dead-the-musical_179947/,"October 22, 2011",http://www.artswest.org/?q=node/217,"Coming back to ArtsWest is the reincarnation of sell-out phenomenon Evil Dead: The Musical,  the hilarious musical-comedy by George Reinblatt, Frank Cipolla,  Melissa Morris, and Christopher Bond. Five college students go to an  abandoned cabin in the woods and accidentally unleash an evil force that  turns them all into demons. It's all up to Ash and his trusty chainsaw  to save the day. Blood flies. Limbs are dismembered. Demons tell  jokes... and all is set to music.     Evil Dead: The Musical  is not included in the 6-show season package this year, however single  tickets are available to season ticket buyers upon purchase of a season  package-- months before tickets go on sale to the public.     Adult language, themes, graphic comedic scenes with lots and lots and lots of blood.  Recommended for ages 16 and older.","4711 California Avenue SW, Seattle, WA 98116",Seattle,WA,98116.0,206-938-0339,$5.00-$32.00,Evil Dead: The Musical,ArtsWest Theatre,Musical Play
"November 12, 2011","October 19 at 7:30, November 6 at 3:00, November 5 at 7:30, November 4 at 7:30, November 3 at 7:30, November 2 at 7:30, October 30 at 3:00, October 29 at 7:30, October 28 at 7:30, October 27 at 7:30, October 26 at 7:30, October 23 at 3:00, October 22 at 7:30, October 21 at 7:30, October 20 at 7:30, November 12 at 7:30, November 11 at 7:30, November 10 at 7:30, November 9 at 7:30",http://www.theatermania.com/seattle/shows/exit-pursued-by-a-bear_179939/,"October 19, 2011",http://www.artswest.org/?q=node/217,"Gunderson's Emilie: La Marquise du Chatelet Defends Her Life Tonight wowed audiences after a very successful run last season. Now comes Exit, Pursued by a Bear, is a witty, moving, and razor sharp revenge comedy set in North Georgia Mountains. This feminist power-ballad tells a story about Nan Carter, a  smart, sassy, and resourceful woman on a war-path to get even with her spiteful husband. Nan can quote Shakespeare and Jimmy Carter, save a house cat and her life, and maybe even change the world.     Recommended for age 16 and older.","4711 California Avenue SW, Seattle, WA 98116",Seattle,WA,98116.0,206-938-0339,$5.00-$32.00,"Exit, Pursued By a Bear",ArtsWest Theatre,Play
"May 30, 2011","May 23 at 8:00, May 13 at 8:00, May 15 at 8:00, May 16 at 8:00, May 20 at 8:00, May 27 at 8:00, May 28 at 8:00, May 30 at 8:00, May 29 at 8:00, May 21 at 8:00, May 22 at 8:00",http://www.theatermania.com/seattle/shows/fabulous-prizes_180574/,"May 6, 2011",http://www.satori-group.com/blog/?p=1685,"Fabulous Prizes opens the door to a basement apartment where two men have stuffed 28 years of their lives. Obsessed with the arrival of a long-overdue letter, world-class restauranteur Julius and his son, Arthur, create a world of distorted grandeur. The Satori Group and local playwright Neil Ferron dive into a world where we are all held hostage by our fantasies.","700 Union Street, Seattle, WA 98101",Seattle,WA,98101.0,800-838-3006,$18.00 Adults;&nbsp;$12.00 Students/Seniors/TPS,Fabulous Prizes,ACT,Play
"June 29, 2012",,http://www.theatermania.com/washington-dc/shows/the-addams-family_180186/,"June 10, 2012",http://www.kennedy-center.org,"This is definitely not the same old song and dance. It's every parent's nightmare. Your little girl has suddenly become a young woman, and what's worse, has fallen deliriously in love with a sweet, smart young man from a respectable family.","2700 F St. NW, Washington, DC 20566",Washington,DC,20566.0,202-416-8500,$115.00;&nbsp;$39.00,The Addams Family,The Kennedy Center,Musical Play
"May 28, 2011",Schedule varies.,http://www.theatermania.com/washington-dc/shows/the-day-john-henry-came-to-school_169082/,"April 16, 2011",http://www.imaginationstage.org/shows-a-tickets/0910-season/15,"Johnny is a typical 5th grader, way into video games and not especially motivated at school.  Imagine his surprise one night when there's a loud knock at the door and his ancestor John Henry bursts into his bedroom, wielding a 12 lb hammer and insisting that he will visit Johnny's class the next day for ""Show & Tell.""  At first unimpressed by John Henry's tragic tale about his race with the steam engine, the kids in Johnny's class come to appreciate the importance of his ultimate sacrifice.  The award-winning playwright of Lost & Foundling (seen here in 2008) has created another witty and insightful contemporary comedy. Enjoyed by ages 7+","4908 Auburn Ave, Bethesda, MD 20814",Bethesda,MD,20814.0,301-280-1660,$10.00-$22.00;&nbsp;group rates available.,The Day John Henry Came to School,Imagination Stage,Children/Family
"May 29, 2011",Schedule varies.,http://www.theatermania.com/washington-dc/shows/george-and-martha-tons-of-fun_169081/,"April 9, 2011",http://www.imaginationstage.org/shows-a-tickets/0910-season/15,"The two endearing hippos from the James Marshall picture books stomp onto stage in this warm and funny musical adaptation.  George and Martha are best friends.  They play music together and share meals, presents, picnics, and exciting adventures like flying a balloon.  Sometimes they have differences as all friends do.  But it cannot last.  Like all good friends George and Martha just can't stay angry for long!  This simple story says much about our relationships at any age.  Geared for our youngest theatre-goers but enjoyable for all, this new musical by Joan Cushing sparkles with clever lyrics and laughter. Enjoyed by ages 3+","4908 Auburn Ave, Bethesda, MD 20814",Bethesda,MD,20814.0,,$10.00-$22.00;&nbsp;group rates available.,George & Martha: Tons of Fun,Imagination Stage,Children/Family
"April 8, 2012",Schedule varies.,http://www.theatermania.com/washington-dc/shows/ah-wilderness_178463/,"March 9, 2012",http://www.arenastage.org/,"Return to an idyllic age of Americana in Eugene O'Neill's unabashedly romantic and sweetly funny Ah, Wilderness! As the Connecticut-based Miller clan plans their traditional Fourth of July festivities, their dreamy-eyed middle child Richard is wrestling with cultural conventions, political uncertainty, the power of literature and the exquisite pain of love. The memories of family life were never so delicately portrayed as in O'Neill's only comedy, his coming-of-age love letter to a simpler time, that finds the master playwright &quot;at his most wistful and serene&quot; (New York Times).","1101 6th St. SW, Washington, DC 20024",Washington,DC,20024.0,202-488-3300,,"Ah, Wilderness!",Arena Stage - Fichandler Stage,Play
"June 5, 2011","May 19 at 8:00, June 5 at 3:00, June 4 at 8:00, June 4 at 3:00, June 3 at 8:00, June 2 at 8:00, June 1 at 7:30, May 31 at 7:30, May 29 at 3:00, May 28 at 8:00, May 28 at 3:00, May 27 at 8:00, May 26 at 8:00, May 25 at 7:30, May 22 at 3:00, May 21 at 8:00, May 21 at 3:00, May 20 at 8:00, May 18 at 7:30, May 15 at 3:00, May 14 at 8:00, May 14 at 3:00, May 13 at 8:00, May 12 at 8:00, May 11 at 7:30",http://www.theatermania.com/washington-dc/shows/amadeus_180739/,"May 11, 2011",http://www.roundhousetheatre.org,"When your hard-earned fame has been surpassed by a brilliantly gifted, potty-mouthed golden boy, what else can you do but smile to his face while secretly plotting his downfall?     Peter Shaffer's Amadeus, winner of seven Tony Awards ? including Best Play ? and the Oscar for Best Picture, depicts the flamboyant genius of Wolfgang Amadeus Mozart as seen through the eyes of his desperately jealous contemporary, composer Antonio Salieri.","4545 East-West Highway, Bethesda, MD 20814",Bethesda,MD,20814.0,240-644-1100,,Amadeus,Round House Theatre Bethesda,Play
"January 15, 2012","December 31 at 1:30, December 20 at 7:30, December 21 at 7:30, December 22 at 1:30, December 22 at 7:30, December 23 at 7:30, December 24 at 1:30, December 25 at 1:30, December 27 at 7:30, December 28 at 7:30, December 29 at 7:30, December 30 at 7:30, December 31 at 7:30, December 17 at 1:30, December 17 at 7:30, December 18 at 1:30",http://www.theatermania.com/washington-dc/shows/ann-an-affectionate-portrate-of-ann-richards_180178/,"December 17, 2011",http://www.kennedy-center.org.,A hilarious and touching evening of theater celebrating a beloved daughter of Texas.,"2700 F St. NW, Washington, DC 20566",Washington,DC,20566.0,202-416-8500,$95.00;&nbsp;$75.00;&nbsp;$65.00,Ann: An Affectionate Portrate of Ann Richards,The Kennedy Center,Play
"May 22, 2011","May 15 at 2:30, May 12 at 7:00, May 13 at 8:00, May 14 at 2:30, May 14 at 8:00, May 19 at 7:00, May 20 at 8:00, May 21 at 2:30, May 21 at 8:00, May 22 at 2:30",http://www.theatermania.com/washington-dc/shows/the-apple-cart_173721/,"April 28, 2011",http://www.stageguild.org/season.htm,"&quot;I am Prime Minister for the same reason that all Prime Ministers have been Prime Ministers: because I am good for nothing else.&quot;    Government in gridlock! Parties refusing to compromise! A charismatic leader ruling as much by personal appeal as by principles! No, not the present day - Shaw's ""political extravaganza,"" written in the past and set in the future, is amazingly topical and as funny as it is foresighted.","1901 14th Street, NW, Washington, DC 20009",Washington,DC,20009.0,240-582-0050,$40.00 - $50.00,The Apple Cart,The Washington Stage Guild,Play
"May 22, 2011",Schedule varies.,http://www.theatermania.com/washington-dc/shows/art_178956/,"March 29, 2011",http://www.signature-theatre.org,"A simple white canvas. A 200,000 francs pricetag.  The real cost? Decades-long friendships.    Enter the world of Yasmina Reza's Art, where Serge's purchase of an expensive, abstract painting raises questions about the nature of art and friendship. Set in Paris, the story revolves around three friends who find their previously solid friendship on shaky ground when Serge invests in a new painting. The purchase reveals unsettling secret opinions and conflicting world-views. As their arguments shift from the theoretical to the personal, this Tony Award&reg;-winning comedy examines the pressures friends place on each other - and how different values can transform relationships.","4200 Campbell Avenue, Arlington, VA 22206",Arlington,VA,22206.0,703-820-9771,,Art,Signature Theatre,Play
"June 19, 2011","June 17 at 7:30, June 16 at 7:30, June 12 at 7:30, May 28 at 7:30, June 10 at 7:30, June 5 at 7:30, May 21 at 7:30, May 22 at 7:30, June 4 at 7:30, June 3 at 7:30, May 29 at 7:30, May 27 at 7:30, June 11 at 7:30, May 20 at 7:30, June 19 at 7:30, June 18 at 7:30",http://www.theatermania.com/washington-dc/shows/the-bteam_180745/,"May 20, 2011",http://landlesstheatrecompany.org,"Landless Theatre Company presents The B Team  The dark comedy follows a group of second string terrorists from Buffalo, New York.","2438 18th St. NW, Washington, DC 20009",Washington,DC,20009.0,,$25.00,The B-Team,DC Arts Center,Play
"January 15, 2012",Schedule varies.,http://www.theatermania.com/washington-dc/shows/billy-elliot-the-musical_180177/,"December 14, 2011",http://www.kennedy-center.org.,A celebration of one young boy's triumph against the odds.,"2700 F St. NW, Washington, DC 20566",Washington,DC,20566.0,202-416-8500,$150.00;&nbsp;$39.00,Billy Elliot The Musical,The Kennedy Center,Play
"November 6, 2011",Schedule varies.,http://www.theatermania.com/washington-dc/shows/the-book-club-play_178457/,"October 7, 2011",http://www.arenastage.org/,"Ana is a Type A personality living in a letter-perfect world: a husband who adores her, the perfect job and her greatest passion, Book Club. But when bizarre circumstances put her ideal book club under a magnifying glass, things begin to heat up and more truths are told than anyone bargained for. Resident playwright Karen Zacar&iacute;as (Legacy of Light) brings Arena Stage the latest chapter of her &quot;delightful, fresh comedy&quot; (TalkinBroadway.com) about life, love, literature and the side-splitting results when friends start reading between the lines.","1101 6th St SW, Washington, DC 20024",Washington,DC,20024.0,202-488-3300,,The Book Club Play,Arena Stage - The Kogod Cradle,Play
"June 26, 2011","June 16 at 8:00, June 17 at 8:00, June 18 at 3:00, June 18 at 8:00, June 19 at 3:00, June 22 at 8:00, June 23 at 8:00, June 25 at 3:00, June 25 at 8:00, June 26 at 3:00, June 24 at 8:00, June 12 at 3:00, June 15 at 8:00, June 11 at 8:00, June 1 at 8:00, June 2 at 8:00, June 4 at 8:00, June 5 at 7:00, June 11 at 3:00, June 10 at 8:00, June 8 at 8:00, June 9 at 8:00",http://www.theatermania.com/washington-dc/shows/bootycandy_180699/,"May 30, 2011",http://www.woollymammoth.net,"Robert O'Hara took home a 2010 Helen Hayes Award for Antebellum, and he's cooking up an even saucier dish for us now. This kaleidoscope of sassy lessons in sex education speaks the truth about growing up gay and African American. With outrageous humor and real heart, it tests how we talk about our bodies at home, in church, and on the corner.","641 D Street , NW, Washington, DC 20004",Washington,DC,20004.0,202-393-3939,$30.00 - $65.00,Bootycandy,Woolly Mammoth Theatre - Main Stage,Play
"November 6, 2011",Schedule varies.,http://www.theatermania.com/washington-dc/shows/a-bright-new-boise_180136/,"October 10, 2011",http://woollymammoth.net,"Prepare yourself: in the parking lot of a mega craft store in Idaho, someone is summoning the Rapture. Samuel D. Hunter's heart breakingly funny reckoning between a father and son will shatter your preconceptions about the sacred, the profane, and the secret lives of big box retailers.","641 D Street , NW, Washington, DC 20004",Washington,DC,20004.0,202-393-3939,$35.00 and Up,A Bright New Boise,Woolly Mammoth Theatre - Main Stage,Play
"March 11, 2012",Schedule varies.,http://www.theatermania.com/washington-dc/shows/civilization-all-you-can-eat_180142/,"February 13, 2012",http://www.woollymammoth.net,"Does humanity have an expiration date? Four hungry friends from grad school face the dawn of the recession in this scathing satire of American enterprise and ingenuity. But while they're busy cooking up schemes for love and success, the beasts of agribusiness are closing in...","641 D Street , NW, Washington, DC 20004",Washington,DC,20004.0,202-393-3939,$35.00 and Up,Civilization (all you can eat),Woolly Mammoth Theatre - Main Stage,Play
"May 22, 2011","May 21 at 8:00, May 13 at 8:00, May 14 at 2:00, May 14 at 8:00, May 15 at 7:00, May 20 at 8:00, May 21 at 2:00, May 22 at 2:00",http://www.theatermania.com/washington-dc/shows/the-clockmaker_179952/,"April 29, 2011",http://www.thehubtheatre.org,"When Frieda brings Heinrich her husband's beloved cuckoo clock to be repaired, they embark on a race against time to solve a mysterious puzzle. Part comic love story, part murder mystery, The Clockmaker, by Stephen Massicotte is an entrancing look at how relationships can change how we see the world, that the time we spend with people can be hell or heaven on earth.","9431 Silver King Court, Fairfax, VA 22031",Fairfax,VA,22031.0,703-674-3177,,The Clockmaker,John Swayze Theatre,Play
"April 29, 2012",Schedule varies.,http://www.theatermania.com/washington-dc/shows/come-fly-away_180182/,"April 18, 2012",http://www.kennedy-center.org.,"Featuring Sinatra's vocals and a live on-stage big band, the production is set in a nightclub where four couples search for love.","2700 F St. NW, Washington, DC 20566",Washington,DC,20566.0,202-416-8500,$125.00;&nbsp;$59.00,Come Fly Away,The Kennedy Center,Play
"June 11, 2011",Schedule varies.,http://www.theatermania.com/washington-dc/shows/como-si-fuera-esta-noche-as-if-it-were-tonight_180749/,"May 19, 2011",http://teatrodelaluna.org,"Teatro de la Luna presents Como si fuera esta noche (As If It Were  Tonight), by Gracia Morales, directed by Mario Marcel.    A magic world... Two moments in time, two generations, two women -- and a tenderness embodied by two personalities... A mother and daughter united by an indestructible bond. A love that transcends all in a story filled with exuberance and truth.     In Spanish with English Surtitles","2700 S. Lang St., Arlington, VA 22206",Arlington,VA,22206.0,703-548-3092,,Como si fuera esta noche (As If It Were  Tonight),Gunston Arts Center,Play
"June 5, 2011","May 27 at 8:00, June 3 at 8:00, June 4 at 2:00, June 4 at 8:00, June 5 at 2:00, June 5 at 7:00, June 7 at 7:30, May 10 at 7:30, May 11 at 7:30, May 12 at 7:30, May 13 at 8:00, May 14 at 2:00, May 14 at 8:00, May 15 at 2:00, May 15 at 7:00, May 17 at 7:30, May 18 at 7:30, May 19 at 7:30, May 20 at 8:00, May 21 at 2:00, May 21 at 8:00, May 22 at 2:00, May 22 at 7:00, May 24 at 7:30, May 25 at 7:30, May 26 at 7:30, May 28 at 2:00, May 28 at 8:00, May 29 at 2:00, May 29 at 7:00, May 31 at 7:30, June 1 at 7:30, June 2 at 7:30",http://www.theatermania.com/washington-dc/shows/cyrano_173125/,"April 26, 2011",http://www.folger.edu/wosummary.cfm?woid=591,"This romance of 17th-century swashbuckling France centers on a fascinating and poignant love triangle. Cyrano secretly adores Roxanne but fears she could never share the sentiment because of his legendary nose. Instead, he uses his gift for wit and wordplay to help his tongue-tied friend Christian woo her. Will she be won by Christian's appearance or Cyrano's soul?    Featuring Eric Hissom as Cyrano.","201 East Capitol St. SE, Washington, DC 20003",Washington,DC,20003.0,202 544 7077,$30.00 - $60.00,Cyrano,Folger Shakespeare Theatre,Play
"February 26, 2012",Schedule varies.,http://www.theatermania.com/washington-dc/shows/elephant-room_178460/,"January 20, 2012",http://www.arenastage.org/,"From the uninhibited minds of the &quot;engaging&quot; (The Washington Post) absurdist performance duo Rainpan 43 (all wear bowlers) and actor/magician Steve Cuiffo comes a new theatrical experience. Three semi-pro magicians--a divorced shaman, a mentalist with a penchant for warlock acts and a ladies' man card master--join to piece their own lives together. An evening of magic born from the harsh lies we tell ourselves, The Elephant Room reveals that the more we hide behind our self-made smoke and mirrors, the further we expose our own vulnerabilities.","1101 6th St SW, Washington, DC 20024",Washington,DC,20024.0,202-488-3300,,Elephant Room,Arena Stage - The Kogod Cradle,Play
"January 1, 2012",Schedule varies.,http://www.theatermania.com/washington-dc/shows/equivocation_178458/,"November 18, 2011",http://www.arenastage.org/,"In dark times, the most treacherous weapon is the truth. London, 1605: The worlds of King James and the Gunpowder Plot collide with William Shakespeare and his renowned theatrical troupe in a startling cat-and-mouse game of politics and art. Commissioned by the throne to create a calculated piece of propaganda, The Bard and his actors must find a way to please the king while avoiding both the gallows and eternal damnation. Bill Cain's high-stakes political thriller reveals the complexities of the truth, the perils of compromise and the terrible consequences of equivocation in &quot;one of the most bracingly intelligent, sizzlingly theatrical American plays in a decade&quot; (Variety).","1101 6th St. SW, Washington, DC 20024",Washington,DC,20024.0,202-488-3300,,Equivocation,Arena Stage - Kreeger Theatre,Play
"June 5, 2011","June 5 at 7:30, May 7 at 7:30",http://www.theatermania.com/washington-dc/shows/follies_165883/,"May 7, 2011",http://www.kennedy-center.org/calendar/index.cfm?fuseaction=showEvent&event=TLTSD,"The Kennedy Center will mount a major revival production of Stephen Sondheim's Follies.  Winner of seven Tony Awards&reg; for its original 1971 Broadway production, Follies features music and lyrics by Stephen Sondheim with a book by James Goldman.  Directed by Eric Schaeffer with choreography by Warren Carlyle, this new Kennedy Center production follows the emotional journeys of two middle-aged couples attending a reunion for former members of the musical revue ""Weismannn's Follies.""  Popular songs include ""Broadway Baby,"" ""I'm Still Here,"" ""Too Many Mornings,"" ""Could I Leave You?"" and ""Losing My Mind.""","2700 F St. NW, Washington, DC 20566",Washington,DC,20566.0,1-800-444-1324,,Follies,The Kennedy Center,Play
"August 21, 2011",Schedule varies.,http://www.theatermania.com/washington-dc/shows/grease_174339/,"July 27, 2011",http://www.olneytheatere.org,"It's 1958. Sandy Dumbrowski and Danny Zuko spend their summer days at the beach, and their summer nights falling in love.  When Sandy transfers to Rydell High, she's surprised to find Danny isn't exactly the guy she fell in love with.  With Rizzo and the Pink Ladies coaching the wholesome Sandy, and Kenickie and the other Burger Palace Boys razzing Danny, will true love prevail in this classic summer musical?","2001 Olney-Sandy Spring Rd., Olney, MD 20832",Olney,MD,20832.0,301-924-3400,,Grease,Olney Theatre Center for Arts,Musical Play
"June 4, 2011","June 3 at 8:00, June 4 at 2:00, June 4 at 8:00, May 27 at 8:00, May 13 at 8:00, May 12 at 8:00, June 2 at 8:00, May 30 at 8:00, May 29 at 2:00, May 14 at 8:00, May 15 at 2:00, May 19 at 8:00, May 20 at 8:00, May 21 at 8:00, May 22 at 2:00, May 26 at 8:00, May 28 at 8:00, May 28 at 2:00",http://www.theatermania.com/washington-dc/shows/the-green-bird_180698/,"May 5, 2011",http://www.ConstellationTheatre.org,"The Green Bird is a commedia dell'arte story in an imaginative, fantasy world including an evil queen, sausage sellers, a fortune teller, talking statues, singing apples, and dancing waters. This magical tale will also feature the live music of Helen Hayes Award Recipient Tom Teasley.","1835 14th St. NW, Washington, DC 20009",Washington,DC,20009.0,1-800-494-8497,$30.00,The Green Bird,Source Theatre,Play
"August 14, 2011","August 11 at 8:00, August 12 at 8:00, August 13 at 2:00, August 13 at 8:00, August 14 at 2:00, August 14 at 8:00",http://www.theatermania.com/washington-dc/shows/guys-and-dolls_176155/,"August 11, 2011",,"Considered one of the finest musical comedies ever written, this Tony Award-winning musical is packed with one unforgettable song after another. Featuring ""Luck be a Lady,"" ""Sit Down, You're Rocking the Boat,"" ""If I Were a Bell,"" and other time-honored classics.","1551 Trap Rd., Vienna, VA 22182",Vienna,VA,22182.0,,,Guys and Dolls,Wolf Trap National Park for the Performing Arts,Musical Play
"October 23, 2011",Schedule varies.,http://www.theatermania.com/washington-dc/shows/the-heir-apparent_178695/,"September 6, 2011",http://www.shakespearetheatre.org/index2.aspx,"Celebrate STC's 25th Anniversary with an uproarious World Premiere comedy from the creative team behind STC's hit production of The Liar. Broadway playwright David Ives returns with The Heir Apparent, an adaptation of Jean-Fran&ccedil;ois Regnard's 1706 masterpiece, directed by Artistic Director Michael Kahn. Eraste desperately wants to marry Isabelle, but first he needs to secure an inheritance from his miserable old uncle, Geronte. Geronte won't make it easy for Eraste, though, as he's bequeathed his money to distant relatives. Can Eraste's resourceful servant save the day with his powers of disguise and his quick wit? Love, family and intrigue join to make this a hilarious French farce that shouldn't be missed. The Heir Apparent is the 8th mainstage production originating from our ReDiscovery Series and is made possible by the generous support of The Beech Street Foundation.","450 Seventh St. NW, Washington, DC 20004",Washington,DC,20004.0,202-547-1122; 877-487-8849,,The Heir Apparent,"Lansburgh Theatre, Harman Center for the Arts",Play
"June 19, 2011","June 11 at 7:30, June 19 at 7:30",http://www.theatermania.com/washington-dc/shows/i-wish-you-love_166000/,"June 11, 2011",http://www.kennedy-center.org/calendar/index.cfm?fuseaction=showEvent&event=TLTSE,"Produced by Penumbra Theatre Company, I Wish You Love is a new play with music that follows a moment in the life of Nat ""King"" Cole.  Written by Penumbra's Associate Artistic Director Dominic Taylor, and directed by Artistic Director and Obie award winner Lou Bellamy, the play is used as a window into not only the life of the star, but also an examination of American life in 1957. Penumbra is the 2011 recipient of the Kennedy Center Fund for New American Plays.","2700 F St. NW, Washington, DC 20566",Washington,DC,20566.0,1-800-444-1324,,I Wish You Love,The Kennedy Center,Play
"June 11, 2011","June 10 at 8:00, May 20 at 8:00, May 19 at 8:00, May 18 at 8:00, May 17 at 8:00, June 11 at 8:00, May 21 at 8:00, May 22 at 2:00, May 26 at 8:00, May 27 at 8:00, May 28 at 8:00, May 29 at 2:00, June 2 at 8:00, June 3 at 8:00, June 4 at 8:00, June 5 at 2:00, June 9 at 8:00",http://www.theatermania.com/washington-dc/shows/in-the-blood_180743/,"May 19, 2011",http://www.flashpointdc.org/venues/theatre_lab.html,"theHegira presents In the Blood, written by Suzan-Lori Parks, directed by Raymond O. Caldwell.    In The Blood tells the story of Hester and her five fatherless children living in poverty. She seeks the chance to get help from her children's fathers, with hopes that one may come through. Hester struggles in this shocking tragedy based on The Scarlet Letter by Nathanial Hawthorne.","916 G Street NW, Washington, DC 20001",Washington,DC,20001.0,800-838-3006,$20.00;&nbsp;$15.00 Sutdent/Senior,In the Blood,Flashpoint - Mead Theatre Lab,Play
"September 4, 2011",Schedule varies.,http://www.theatermania.com/washington-dc/shows/julius-caesar_178683/,"August 18, 2011",http://www.shakespearetheatre.org/,"As swift and enthralling as a political thriller, Julius Caesar portrays the life-and-death struggle for power in Rome. Fearing that Caesar's growing strength and imperial ambitions threaten the Republic, a faction of politicians plots to assassinate him. But when Caesar is killed, chaos engulfs Rome. Alive with stunning rhetoric, Julius Caesar investigates the intoxicating effects of power and the dangers of idealism.","610 F Street NW, Washington, DC 20004",Washington,DC,20004.0,202-547-1122; 877-487-8849,Free,Julius Caesar,Sidney Harman Hall,Play
"December 4, 2011",Schedule varies.,http://www.theatermania.com/washington-dc/shows/krapps-last-tape_180458/,"November 29, 2011",http://www.shakespearetheatre.org,"Alone on his 69th birthday, a man prepares for his own ""party"" of sorts, surrounded by volume after volume of a life on tape. Before recording his annual account of another year gone by, Krapp carefully selects a vintage tape and drinks of his past. What he hears from his 39-year-old self may irrevocably change his future. In Krapp's Last Tape, Nobel Prize-winning playwright Samuel Beckett reminds us that while we may know more now than we did when we were younger, our past always has something to teach us. Oscar-nominated actor John Hurt's performance in this masterful solo-study has been heralded as ""perfection"" and ""unmissable"" (The Independent), bringing new depths to the bitterly nostalgic title character in this production from the Gate Theatre in Dublin.","450 Seventh St. NW, Washington, DC 20004",Washington,DC,20004.0,202-547-1122,,Krapp's Last Tape,"Lansburgh Theatre, Harman Center for the Arts",Play
"February 12, 2012",Schedule varies.,http://www.theatermania.com/washington-dc/shows/la-cage-aux-folles_180179/,"January 17, 2012",http://www.kennedy-center.org.,"A tuneful and touching tale of one family's struggle to stay together, stay fabulous, and above all else, stay true to themselves.","2700 F St. NW, Washington, DC 20566",Washington,DC,20566.0,202-416-8500,,La Cage Aux Folles,The Kennedy Center,Musical Play
"October 8, 2011","October 6 at 7:30, October 8 at 7:30",http://www.theatermania.com/washington-dc/shows/lemieux-pilon-4d-arts-norman_180174/,"October 6, 2011",http://www.kennedy-center.org.,"A singular integration of film into the realm of the performing arts by challenging the limits of both disciplines. Created as a tribute to pioneer filmmaker Norman McLaren, the production journeys into McLaren's playful animated landscapes in the company of dancer/choreographer Peter Trosztmer.","2700 F St. NW, Washington, DC 20566",Washington,DC,20566.0,202-416-8500,,Lemieux Pilon 4D ART'S Norman,The Kennedy Center,Play
"October 30, 2011",Schedule varies.,http://www.theatermania.com/washington-dc/shows/les-miserables_180161/,"September 27, 2011",http://www.kennedy-center.org.,"The world's most popular musical? made its pre-Broadway premiere at the Kennedy Center in December 1986, and now Cameron Mackintosh presents a brand new 25thanniversary production of Alain Boublil and Claude-Michel Sch&ouml;nberg's legendary musical.","2700 F St. NW, Washington, DC 20566",Washington,DC,20566.0,202-416-8500,,Les Miserables,The Kennedy Center,Musical Play
"May 13, 2012",Schedule varies.,http://www.theatermania.com/washington-dc/shows/long-days-journey-into-night_178464/,"March 30, 2012",http://www.arenastage.org/,"Delusion and disenchantment have pitted the Tyrone family members against one another for decades. One fateful day, as their increasingly drunken hours slip by, they must either confront their defeated dreams or else be forever doomed to a cycle of guilt and resentment. Eugene O'Neill's autobiographical masterwork exposes the lies we tell, the deceptions we craft and the undercurrent of compassion that, if uncovered, can redeem us in the end. This Pulitzer Prize-winning American treasure &quot;restores the drama to literature and the theater to art&quot; (New York Times).","1101 6th St. SW, Washington, DC 20024",Washington,DC,20024.0,202-488-3300,,Long Day's Journey into Night,Arena Stage - Kreeger Theatre,Play
"October 22, 2011",Schedule varies.,http://www.theatermania.com/washington-dc/shows/mabou-mines-dollhouse_180176/,"October 20, 2011",http://www.kennedy-center.org.,"In this production, the men, Torvald, Rank, and Krogstad, are the same height as the children. The dollhouse symbolizes a man's world where only doll-like women, who allow their men to feel grand, can hope to live in it. It also symbolizes   the world of patriarchy; the world in which a woman never fits. Both Torvald and Nora are trapped in a meta-narrative, playing out an illusion of male power. Both pay the price: the death of love.","2700 F St. NW, Washington, DC 20566",Washington,DC,20566.0,202-416-8500,,Mabou Mine's Dollhouse,The Kennedy Center,Play
"July 22, 2012",Schedule varies.,http://www.theatermania.com/washington-dc/shows/mary-t-and-lizzie-k_178466/,"June 1, 2012",http://www.arenastage.org/,"Throw open the doors of the White House dressing room and see what really happens when a penniless First Lady and a successful freed slave, engage in a heart-to-heart conversation about life, loss and a journey into madness. Member of the Arena Stage Writer's Council Tazewell Thompson (dir. M. Butterfly and Yellowman) stitches together an insider's look at the intricate relationship between Mary Todd Lincoln and her seamstress Elizabeth Keckly. Rich with area-location mentions and presidential history, this world-premiere drama is perfect for Washington, D.C. audiences.","1101 6th St SW, Washington, DC 20024",Washington,DC,20024.0,202-488-3300,,Mary T. & Lizzie K.,Arena Stage - The Kogod Cradle,Play
"July 24, 2011",Schedule varies.,http://www.theatermania.com/washington-dc/shows/the-merchant-of-venice_170134/,"June 21, 2011",http://www.shakespearetheatre.org,"Whether contemplating the contents of gilded chests or the darkest corners of human nature, The Merchant of Venice challenges audiences to look beyond misleading superficialities to find the true measure of things. This intriguing story of power and revenge, justice and mercy, true love and duplicity, features some of Shakespeare's most complex and memorable characters.  The Merchant of Venice runs in conjunction with the National Gallery of Art's exhibit Views of  Venice: Canaletto and His Rivals.","610 F Street NW, Washington, DC 20004",Washington,DC,20004.0,202-547-1122,$20.00 - $82.00,The Merchant of Venice,Shakespeare Theatre Company - Sidney Harman Hall,Play
"July 15, 2012",Schedule varies.,http://www.theatermania.com/washington-dc/shows/the-merry-wives-of-windsor_178953/,"June 12, 2012",http://www.shakespearetheatre.org/,"The most beloved comic characters of Shakespeare's Henry IV plays come together in this bawdy, riotous romp, not seen at STC in more than a decade. Celebrating the 25th Anniversary by reinventing the very first production presented during the Free For All, STC is happy to bring back The Merry Wives of Windsor. Falstaff, an impoverished knight, plots to woo two wealthy wives at the same time. However, his plan backfires and the cunning wives seek revenge, bringing chaos to Windsor and embarrassment after embarrassment to Falstaff. Director Stephen Rayne, whose recent production of Sabrina Fair at Ford's Theatre garnered rave reviews, brings a new spin on this comedy and a merry end to an exceptional season.","610 F Street NW, Washington, DC 20004",Washington,DC,20004.0,202-547-1122; 877-487-8849,,The Merry Wives of Windsor,Sidney Harman Hall,Play
"June 12, 2011",Schedule varies.,http://www.theatermania.com/washington-dc/shows/the-moscows-of-nantucket_180733/,"May 11, 2011",http://washingtondcjcc.org/,"Theater J presents The Moscows of Nantucket, by Sam Forman, directed by Shirley Serotsky.    Affluent, anxious and at each other's throats, the Moscows attempt some unusual family bonding over a summer weekend in Nantucket. On the agenda are brisket, booze and a blowout confrontation between competing brothers who've avoided each other for years. A fast-paced new American comedy with its heart in Chekhov country, from the author of Helen Hayes Award-nominated The Rise and Fall of Annie Hall.","District of Columbia Jewish Community Center, 1529 16th St. NW<br>              Washington, DC 20036",1529 16th St. NW<br>              Washington,DC,20036.0,202-518-9400,,The Moscows of Nantucket,Theater J,Play
"July 12, 2012",Schedule varies.,http://www.theatermania.com/washington-dc/shows/mr-burns-a-postelectric-play_180146/,"May 28, 2012",http://www.woollymammoth.net,"Armageddon has hit, and all that remains is our nostalgia for a lost pop culture. In Anne Washburn's riveting vision of post-apocalyptic America, survivors invent a new entertainment industry from the ashes of the old. With music by Obie Award-winner J. Michael Friedman, their enterprise gives redemptive new meaning to the pop hits and cartoon icons we can't live without.","641 D Street , NW, Washington, DC 20004",Washington,DC,20004.0,202-393-3939,$35.00 and Up,"Mr. Burns, a post-electric play",Woolly Mammoth Theatre - Main Stage,Play
"January 1, 2012",Schedule varies.,http://www.theatermania.com/washington-dc/shows/much-ado-about-nothing_178722/,"November 23, 2011",http://www.shakespearetheatre.org/,"This holiday season, fall in love with one of the most romantic comedies ever written, Shakespeare's Much Ado About Nothing. Everyone can see that Benedick and Beatrice are meant for each other except Benedick and Beatrice. Hero and Claudio, themselves newly betrothed, conspire to trick them into announcing their feelings and falling for each other. Meanwhile, a bitter and troublesome Don John schemes to destroy Claudio and Hero's engagement by besmirching Hero's honor. Touted as ""one of the hottest directors to come out of Washington"" by The Washingtonian, Ethan McSweeny directs Shakespeare's classic tale of matched wits and love.","610 F Street NW, Washington, DC 20004",Washington,DC,20004.0,202-547-1122; 877-487-8849,,Much Ado About Nothing,Sidney Harman Hall,Play
"July 9, 2011","June 28 at 7:30, July 9 at 7:30",http://www.theatermania.com/washington-dc/shows/next-to-normal_166004/,"June 28, 2011",http://www.kennedy-center.org,"From the director of Rent comes Next to Normal, an emotional musical with a contemporary score about a family trying to take care of themselves and each other.   The musical tells the story of a mother who struggles with bipolar disorder and the effect it has on her family. Winner of three 2009 Tony Awards&reg; including Best Score, Next to Normal features music by Tom Kitt, book and lyrics by Brian Yorkey, and was chosen as ""one of the year's ten best"" by major critics around the country.  The musical played a pre-Broadway engagement at Arena Stage in 2008.","2700 F St. NW, Washington, DC 20566",Washington,DC,20566.0,1-800-444-1324,,Next to Normal,The Kennedy Center,Musical Play
"July 9, 2011","July 9 at 7:30, June 28 at 7:30",http://www.theatermania.com/washington-dc/shows/next-to-normal_166004/,"June 28, 2011",http://www.kennedy-center.org,"From the director of Rent comes Next to Normal, an emotional musical with a contemporary score about a family trying to take care of themselves and each other.   The musical tells the story of a mother who struggles with bipolar disorder and the effect it has on her family. Winner of three 2009 Tony Awards&reg; including Best Score, Next to Normal features music by Tom Kitt, book and lyrics by Brian Yorkey, and was chosen as ""one of the year's ten best"" by major critics around the country.  The musical played a pre-Broadway engagement at Arena Stage in 2008.","2700 F St. NW, Washington, DC 20566",Washington,DC,20566.0,1-800-444-1324,,Next to Normal,The Kennedy Center,Play
"July 3, 2011",Schedule varies.,http://www.theatermania.com/washington-dc/shows/night-and-day_180736/,"May 12, 2011",http://www.washingtonshakespeare.org,"Tom Stoppard's rarely mounted, typically wide-ranging 1978 play looks at a British newspaper strike through the prism of journalists covering a civil war in Africa and introduces us to Ruth Carson, the expatriate wife of a British mine owner and your scintillatingly witty Stoppardian guide to the proceedings.    Performs in repertory with Tennessee Continuum.","601 S. Clark Street, Arlington, VA 22202",Arlington,VA,22202.0,888-841-2787,$25.00-$35.00,Night and Day,Washington Shakespeare Company,Play
"July 3, 2011",Schedule varies.,http://www.theatermania.com/washington-dc/shows/old-times_170135/,"May 17, 2011",http://www.shakespearetheatre.org,"Michael Kahn directs a production of Harold Pinter's Old Times.    Helen Hayes Award winner Holly Twyford stars in the play, which focuses on three old friends who are variously recalling their relationship from twenty years prior.     This production has replaced the previously announced revival of Luigi Pirandello's Enrico IV in the Shakespeare Theatre's 2010-2011 season.","450 Seventh St. NW, Washington, DC 20004",Washington,DC,20004.0,202-547-1122,$20.00 - $82.00,Old Times,Shakespeare Theatre Company - Lansburgh Theatre,Play
"July 3, 2011",Schedule varies.,http://www.theatermania.com/washington-dc/shows/opus_174337/,"June 8, 2011",http://www.olneytheatere.org,"A nationally televised performance at the White House looms, and a world renowned string quartet is missing their volatile fourth player. Opus explores the intimate balance between these extraordinary individuals as their ambitions and passions are ignited by the pressure to perform.","2001 Olney-Sandy Spring Rd., Olney, MD 20832",Olney,MD,20832.0,301-924-3400,,Opus,Olney Theatre Center for Arts,Play
"June 1, 2012",,http://www.theatermania.com/washington-dc/shows/pal-joey_180183/,"May 2, 2012",http://www.kennedy-center.org,"This new Kennedy Center major revival production follows the overly self-confident Joey Evans, who lands himself in trouble with work and women as he chases after the dream of owning his own nightclub.","2700 F St. NW, Washington, DC 20566",Washington,DC,20566.0,202-416-8500,$125.00;&nbsp;$65.00,Pal Joey,The Kennedy Center,Musical Play
"March 25, 2012",Schedule varies.,http://www.theatermania.com/washington-dc/shows/petrushka_180171/,"March 16, 2012",http://ShakespeareTheatre.org,"Petrushka tells the tragic love story of three puppets performing at a Russian carnival. Petrushka, the clown, falls in love with the winsome Ballerina at first sight. The conniving and rich Moor loves the Ballerina as well, and seduces her with beautiful things. She rejects the earnest advances of Petrushka, who, upset and lonely, confronts the Moor. Have these puppets come to life, or are they merely playing out a story being told? Reality and magic are woven together by the deft hand of Basil Twist, against the backdrop of Stravinsky's classic and moving score.","450 Seventh St. NW, Washington, DC 20004",Washington,DC,20004.0,202-547-1122<Br>202-638-3863 (TTY),,Petrushka,"Lansburgh Theatre, Harman Center for the Arts",Play
"March 11, 2012",Schedule varies.,http://www.theatermania.com/washington-dc/shows/red_178461/,"January 20, 2012",http://www.arenastage.org/,"Winner of six Tony Awards, including Best Play, Red depicts one of the 20th century's finest artists at his greatest moment of struggle with his painting and his mortality. The brilliant and passionate Mark Rothko has hired a new assistant to help him with his most perplexing challenge yet: to create a definitive group of murals for an exclusive restaurant. As they mix the paint, stretch the canvas, and prime the surface, Rothko must reconcile not only the mix of art and commerce he's creating but also his relationship with the new generation of artists who threaten his very legacy. Hailed as &quot;smart and scintillating&quot; by the New Yorker, Red is an &quot;electrifying play of ideas&quot; (Variety)","1101 6th St. SW, Washington, DC 20024",Washington,DC,20024.0,202-488-3300,,Red,Arena Stage - Kreeger Theatre,Play
"July 1, 2012",Schedule varies.,http://www.theatermania.com/washington-dc/shows/the-servant-of-two-masters_178951/,"May 15, 2012",http://www.shakespearetheatre.org/,"Celebrated director Christopher Bayes restages this magical comedy at the Shakespeare Theatre Company after a sold-out run at Yale Repertory Theatre. Identities are mistaken, engagements are broken and lovers are reunited in Carlo Goldoni's commedia dell'arte masterpiece. Mayhem erupts when the wily--and chronically hungry--servant Truffaldino hatches a zany scheme to double his wages (and his meals) by serving two masters at once. The New York Times declared, ""The laughter would be quite enough to propel  The Servant of Two Masters  onto a theater lover's must-see list. But then there's the magic... Now that's theater!""","450 Seventh St. NW, Washington, DC 20004",Washington,DC,20004.0,202-547-1122; 877-487-8849,,The Servant of Two Masters,"Lansburgh Theatre, Harman Center for the Arts",Play
"January 1, 2012",Schedule varies.,http://www.theatermania.com/washington-dc/shows/the-sound-of-music_174346/,"November 16, 2011",http://www.olneytheatere.org,"This Tony and Academy Award-winning musical has been entertaining families for decades.  The timeless favorite tells the story of an Austrian postulant who proves too high-spirited for the religious life, and is sent to serve as governess for the seven children of a widowed naval captain, with such enduring songs as &quot;My Favorite Things,&quot; &quot;Do-Re-Mi,&quot; &quot;Edelwiess,&quot; and of course, &quot;The Sound of Music.&quot;","2001 Olney-Sandy Spring Rd., Olney, MD 20832",Olney,MD,20832.0,301-924-3400,,The Sound of Music,Olney Theatre Center for Arts,Musical Play
,"May 14 at 1:30, May 14 at 11:00",http://www.theatermania.com/westchester-rockland/shows/junie-b-jones_175591/,,http://emelin.org/family.html,"First grade can be kinda scary, but when Junie B. Jones has the chance to make new friends and stage a half-time show for her kickball playing classmates, it might not be so bad after all.","153 Library Lane, Mamaroneck, NY 10543",Mamaroneck,NY,10543.0,914-698-0098,$18.00 Adults;&nbsp;$13.00 Children,Junie B. Jones,Emelin Theatre,Children/Family
,May 20 at 12:00,http://www.theatermania.com/westchester-rockland/shows/room-on-the-broom-a-musical_175802/,,http://www.paramountcenter.org/stage/2011/05/room-broom-musical,"Showcasing Tall Stories' distinctive physical and visual performance style, this playful and lively musical features incredible puppets, original songs and a lot of laughs. Adapted from the bestselling book by the same authors who wrote The Gruffalo! The witch and her cat are flying happily on their broomstick - until a stormy wind blows away the witch's hat, bow and wand. A helpful dog, bird and frog find the witch's lost things and they all hop on the broom for a ride. But - CRACK! SNAP! this broomstick's not meant for five. Will there ever be room on the broom for everyone? A story of courage, teamwork and friendship.","1008 Brown Street, Peekskill, NY 10566",Peekskill,NY,10566.0,1-877-840-0457,$10.00,Room on the Broom: A Musical,The Paramount Center for the Arts,Children/Family
"June 26, 2011",Schedule varies.,http://www.theatermania.com/arizona/shows/the-adventures-of-pinocchio_179110/,"June 16, 2011",http://www.mesaarts.com/index.php/performances/family/pinocchioEVCT,"Pinocchio is like any other mischievous boy, only he has been carved out of wood! In order to become a real boy, Pinocchio must prove he is worthy. Unfortunately he is tempted by fame, wealth and endless play at every turn. With the guidance of his father Geppetto and a different kind of conscience - the fledgling fairy Celeste - Pinocchio manages to escape his misadventures, finally making his dreams come true! This classic story about choosing between right and wrong is retold with original Italian flair, great songs and several twists; great entertainment for all ages.","1 East Main Street, Mesa, AZ 85211",Mesa,AZ,85211.0,480-644-6500,,The Adventures of Pinocchio,Mesa Arts Center,Children/Family
"June 26, 2011","June 16 at 7:30, June 12 at 2:00, June 11 at 7:30, June 11 at 2:00, June 25 at 2:00, June 24 at 7:30, June 26 at 2:00, June 10 at 7:30, June 25 at 7:30, June 23 at 7:30, June 19 at 2:00, June 18 at 7:30, June 18 at 2:00, June 17 at 7:30",http://www.theatermania.com/arizona/shows/annie_180363/,"June 10, 2011",http://www.vyt.com/on-stage/2010-2011-season/annie.aspx,"This charming tale has delighted audiences young and old with its sunny disposition for generations, featuring such songs as &quot;Hard Knock Life&quot; and &quot;You're Never Fully Dressed Without a Smile&quot;. Don't miss your chance to experience the magic as Annie and Daddy Warbucks discover that the Sun Will Come Out Tomorrow!","222 East Monroe Street, Phoenix, AZ 85004",Phoenix,AZ,85004.0,602-252-8497,$17.00 - $33.00,Annie,Herberger Theater Center,Children/Family
"May 22, 2011","May 22 at 1:00, May 22 at 4:00, May 21 at 4:00, May 21 at 1:00, May 15 at 4:00, May 15 at 1:00, May 14 at 4:00, May 14 at 1:00",http://www.theatermania.com/arizona/shows/the-borrowers_179479/,"April 30, 2011",http://childsplayaz.org/2010-2011-season.php,"The Clock family, possibly the last of The Borrowers, live under the floorboards, and survive by ""borrowing"" what they need from the ""human beans"" who live above them. Driven by loneliness and curiosity, young Arrietty ventures upstairs looking for a friend, and discovers a whole new world filled with wonder and fraught with danger.    ASL interpreted performance, Sunday, May 15 at 1 p.m.","700 W. Rio Salado Parkway, Tempe, AZ 85281",Tempe,AZ,85281.0,480-350-2822,$12.00- $25.00,The Borrowers,Tempe Center for the Arts,Children/Family
"May 21, 2011","May 21 at 11:00, May 14 at 11:00",http://www.theatermania.com/arizona/shows/cinderella_180010/,"March 5, 2011",http://www.haletheatrearizona.com/childrens/cinderella,"Join Hale Theatre for the timeless tale of a young girl, her fairy godmother and one enchanted morning you'll never forget! With the wave of a wand, children will be transported into a world of magic mice, pumpkin coaches and zany step-sisters. Packed with quirky, colorful characters, toe-tapping songs and superb dancing, this charming fairy tale will delight children of all ages!","50 West Page Avenue, Gilbert, AZ 85233",Gilbert,AZ,85233.0,480-497-1181,$14.00,Cinderella,Hale Theatre,Children/Family
"August 6, 2011",Schedule varies.,http://www.theatermania.com/arizona/shows/rodgers-and-hammersteins-cinderella_178583/,"June 23, 2011",http://www.broadwaypalmwest.com/content/show_description_cinderella.asp,"Cinderella is forced to live with her cold hearted stepmother and homely stepsisters. Every young maiden in the kingdom is invited to a Royal Ball so the Crown Prince can find a bride. Cinderella's stepmother and stepsisters go to the ball, leaving her behind. When she is visited by her fairy godmother, all her wishes come true.","5247 East Brown Road, Mesa, AZ 85205",Mesa,AZ,85205.0,480-325-6700,$22.00 - $49.00,Rodgers and Hammerstein's Cinderella,Broadway Palm West Dinner Theater,Children/Family
"June 18, 2011",Schedule varies.,http://www.theatermania.com/arizona/shows/seussical-the-musical_178582/,"May 18, 2011",http://www.broadwaypalmwest.com/content/show_description_seussical.asp,"Seussical The Musical is a family musical based on the books of Dr. Seuss. You'll see some of Dr. Seuss' favorite characters such as The Cat in the Hat, Horton the Elephant, Jojo, Gertrude McFuzz and Mayzie La Bird.","5247 East Brown Road, Mesa, AZ 85205",Mesa,AZ,85205.0,480-325-6700,$22.00 - $49.00,Seussical The Musical,Broadway Palm West Dinner Theater,Children/Family
"June 19, 2011","June 11 at 3:00, June 11 at 7:30, June 12 at 1:00, June 12 at 3:00, June 17 at 7:30, June 18 at 1:00, June 18 at 3:00, June 18 at 7:30, June 19 at 1:00, June 19 at 3:00, June 10 at 7:30, May 20 at 7:30, May 21 at 1:00, May 21 at 3:00, May 21 at 7:30, May 22 at 1:00, May 22 at 3:00, May 27 at 7:30, May 28 at 1:00, May 28 at 3:00, May 28 at 7:30, May 29 at 1:00, May 29 at 3:00, June 3 at 7:30, June 4 at 1:00, June 4 at 3:00, June 4 at 7:30, June 5 at 1:00, June 5 at 3:00, June 11 at 1:00",http://www.theatermania.com/arizona/shows/willy-wonka-jr_179507/,"May 20, 2011",http://desertstages.org/current-shows/willy-wonka-jr.aspx,"A zany chocolatier, Willy Wonka, and five children find adventure searching frantically for five tickets, causing complete mayhem in a chocolate factory. One of the tickets goes to a very special boy, Charlie Bucket. As usual, not all goes according to plan. Willy Wonka Jr. is an entertaining tale and a child's sweet escape in a chocolate wonderland.","4720 North Scottsdale Road, Scottsdale, AZ 85251",Scottsdale,AZ,85251.0,480-483-1664,$12.00 Adults/Children;&nbsp;$15.00 Adults Day of Show,Willy Wonka Jr.,Scottsdale Desert Stages Theatre,Children/Family
"May 28, 2011","May 13 at 8:00, May 12 at 8:00, May 14 at 8:00, May 28 at 8:00, May 27 at 8:00, May 15 at 2:00, May 19 at 8:00, May 20 at 8:00, May 21 at 8:00, May 22 at 2:00, May 26 at 8:00",http://www.theatermania.com/san-francisco/shows/2011-diva-fest_180655/,"May 5, 2011",http://www.theexit.org/diva11/11divafest.html,"EXIT Theatre, San Francisco's downtown home for new and alternative indie performance, announces its 2011 DIVAfest, featuring the work of established and emerging women writers, directors, and performers.     Featured at this year's DIVAfest are two plays, A Most Notorious Woman, and Eleanor, about strong, commanding women whose stories are less known than they might be, if history hadn't been written for so long a time by men. In addition, the festival presents Lucky Girl, the true story of a woman piecing together the shards of a life shattered by rape. San Francisco Poet Laureate Diane di Prima and Singer/Songwriters Carrie Baum Love and Melissa Lyn complete the festival.","156 Eddy Street, San Francisco, CA 94102",San Francisco,CA,94102.0,800-838-3006.,$10.00 - $25.00,2011 DIVA Fest,EXIT Theatre,Festival
"June 5, 2011",Schedule varies.,http://www.theatermania.com/san-francisco/shows/san-francisco-international-arts-festival_180665/,"May 18, 2011",http://www.sfiaf.org/2011Festival/shows.html,"The San Francisco International Arts Festival celebrates the arts through an annual gathering that brings together a global community of artists and audiences. The organization presents and produces innovative projects that are focused on increasing human awareness, understanding and appreciation. We develop long-term relationships with Bay Area artists participating in international collaborative projects and also present ground-breaking artists from around the world, many of whom have rarely or never previously performed in the United States. We seek to engage local and international artists in long-term relationships. Working in this fashion, we present and produce innovative projects that are focused on increasing human awareness, understanding, and appreciation.","2789 24th Street, San Francisco, CA 94110",San Francisco,CA,94110.0,800-838-3006,$12.00 - $20.00,San Francisco International Arts Festival,Brava Theater Center,Festival
"October 11, 2011",Schedule varies.,http://www.theatermania.com/san-francisco/shows/yerba-buena-gardens-festival_180668/,"May 7, 2011",http://www.ybgf.org/index.php,,"701 Mission Street, San Francisco, CA 94103",San Francisco,CA,94103.0,,,Yerba Buena Gardens Festival,Yerba Buena Center for the Arts Forum,Festival
"June 19, 2011","June 15 at 7:30, June 12 at 6:30, June 14 at 7:30, June 16 at 7:30, June 17 at 7:30, June 18 at 1:30, June 18 at 7:30, June 19 at 1:00, June 19 at 6:30, June 12 at 1:00, June 11 at 7:30, June 11 at 1:30, June 10 at 7:30, June 9 at 7:30, June 8 at 7:30, June 7 at 7:30",http://www.theatermania.com/ohio/shows/next-to-normal_171977/,"June 7, 2011",http://www.playhousesquare.org/default.asp?playhousesquare=58&objId=625,"From the director of Rent comes Next to Normal, an emotional powerhouse of a musical with a thrilling contemporary score about a family trying to take care of themselves and each other.    Winner of three 2009 Tony Awards&reg; including Best Score, Next to Normal is the most talked about new show on Broadway having recently been chosen as ""one of the year's ten best"" by major critics around the country. The New York Times calls Next to Normal ""a brave, breathtaking musical.    A work of muscular grace and power. It is much more than a feel-good musical; it is a feel-everything musical."" Rolling Stone raves, ""It is the best musical of the season - by a mile. It'll pin you to your seat.""","1615 Euclid Avenue, Cleveland, OH 44115",Cleveland,OH,44115.0,216-241-6000,$10.00 - $75.00,Next To Normal,Palace Theatre at PlayhouseSquare,Children/Family
"May 15, 2011","May 12 at 7:30, May 15 at 6:30, May 15 at 1:00, May 14 at 7:30, May 14 at 1:30, May 13 at 7:30, May 11 at 7:30",http://www.theatermania.com/ohio/shows/west-side-story_171975/,"May 3, 2011",http://www.playhousesquare.org/default.asp?playhousesquare=58&objId=700,"More than fifty years ago one musical changed theater forever. Now it's back on Broadway mesmerizing audiences once again.    From the first note to the final breath, West Side Story soars as the greatest love story of all time. Directed by its two-time Tony Award-winning librettist Arthur Laurents, West Side Story remains as powerful, poignant and timely as ever.    The new Broadway cast album of West Side Story recently won the 2010 Grammy Award for Best Musical Show Album. The Bernstein and Sondheim score is considered to be one of Broadway's finest and features such classics of the American musical theatre as ""Something's Coming,"" ""Tonight,"" ""America,"" ""I Feel Pretty"" and ""Somewhere.""    ""So exciting it makes you ache with pleasure.""   - John Lahr, The New Yorker","1615 Euclid Avenue, Cleveland, OH 44115",Cleveland,OH,44115.0,216-241-6000,$10.00 - $75.00,West Side Story,Palace Theatre at PlayhouseSquare,Children/Family
"August 13, 2011",Schedule varies.,http://www.theatermania.com/denver/shows/romeo-and-juliet_179307/,"June 25, 2011",http://www.coloradoshakes.org,"The world's greatest and most enduring love story, Romeo and Juliet follows its star-crossed lovers as they hurtle from their first shy glances to their last heartrending kiss. Caught between their feuding families, Romeo and Juliet desperately struggle to build a world insulated from the violence, but their love races toward a final confrontation with fate. Featuring a lush, Renaissance design setting, this is the production to satisfy the classic Shakespeare lover.","CSF Box Office 277 UCB, Boulder, CO 80309",Boulder,CO,80309.0,303-492-0554,,Romeo and Juliet,Mary Rippon Outdoor Theatre,Drama
"June 26, 2011","June 11 at 7:30, June 26 at 2:00, June 25 at 7:30, June 24 at 7:30, June 23 at 7:30, June 19 at 2:00, June 9 at 7:30, June 10 at 7:30, June 16 at 7:30, June 12 at 2:00, June 18 at 7:30, June 17 at 7:30",http://www.theatermania.com/kentucky/shows/the-foreigner_172174/,"June 9, 2011",http://www.bunburytheatre.org/ShowSix/ShowSix.html,"First presented in our 1996-97 Season The Foreigner put us on the map. We played to sold-out houses with a wonderful production. Bunbury is proud to revive this great piece for our 25th Anniversary season. Winner of two Obie Awards and two Outer Critics Circle Awards as Best New American Play and Best Off-Broadway Production. An inspired comic romp, &quot;I laughed start to finish at one comic surprise after another.&quot; --The New Yorker. &quot;…a constant invitation to relax and laugh at the foolishness of life...&quot; --Village Voice. &quot;Shue's comedy is positively antic, yet pleasantly seasoned with a few dashes of sentimentality...He has raided comedy's storehouse...&quot; --Bergen Record.","112 South Seventh Street, Louisville, KY 40202",Louisville,KY,40202.0,,$21.00 Adult ;&nbsp;$18.00 Senior (62 +) ;&nbsp;$16.00 Students (with valid ID) ;&nbsp;$10.00 Children,The Foreigner,Bunbury Theatre,Comedy
"May 21, 2011",Schedule varies.,http://www.theatermania.com/denver/shows/theater-company-of-lafayette-presents-inherit-the-wind_180151/,"April 29, 2011",http://TCLStage.org,Inspired by the Scopes Monkey Trial that pitted world-famous lawyer Clarence Darrow against renowned politician William Jennings Bryan.  Before the show join the play's actors who will be in character greeting the audience to lemonade and hot-dog stands set up outside the theater.,"300 E. Simpson St, Lafayette, CO 80026",Lafayette,CO,80026.0,720-209-2154,$10.00 - $15.00,Theater Company of Lafayette presents Inherit the Wind,Mary Miller Theater,Drama
"October 2, 2011","September 28 at 8:00, September 27 at 7:00, September 13 at 7:00, September 14 at 8:00, September 15 at 8:00, September 16 at 8:00, September 17 at 4:00, September 17 at 8:00, September 18 at 2:00, September 20 at 7:00, September 21 at 8:00, September 22 at 8:00, September 23 at 8:00, September 24 at 4:00, September 24 at 8:00, September 25 at 2:00, October 2 at 2:00, October 1 at 8:00, October 1 at 4:00, September 30 at 8:00, September 29 at 8:00",http://www.theatermania.com/virginia/shows/aesop-and-company_178966/,"September 16, 2011",http://www.vastage.com,World Premiere - A new screwball musical comedy about the life of Aesop that the storybooks were afraid to tell you.  The romance of the century - the 6th Century B.C.  The Greeks had a word for it and so will you - hilarious!,"101 E Tazewell, Norfolk, VA",Norfolk,VA,,757-627-1234,$38.00;&nbsp;$47.00;&nbsp;$50.00;&nbsp;$55.00,Aesop & Company,Wells Theatre,Musical Comedy
"February 5, 2012",,http://www.theatermania.com/virginia/shows/black-pearl-sings_178972/,"January 20, 2012",http://www.vastage.com,"Imprisoned for murder, Pearl is the living storehouse of dozens of spirituals and folk songs passed down from her African-American ancestors.  When a Library of Congress song collector finds her, Pearl must decide whether to entrust the woman not only with the songs of her ancestors, but with her chance at freedom.  Pearl's stirring a capella songs touch the soul, as will the story of two strangers united by a common love.","101 E Tazewell, Norfolk, VA",Norfolk,VA,,757-627-1234,$38.00;&nbsp;$47.00;&nbsp;$50.00;&nbsp;$55.00,Black Pearl Sings!,Wells Theatre,Musical Play
"February 12, 2012",,http://www.theatermania.com/seattle/shows/all-through-the-night_179944/,"January 18, 2012",http://www.artswest.org/?q=node/217,"Inspired by interviews with German gentile women and set during and after the Third Reich, All Through the Night is a stylistic and surrealistic play that sweeps through the lives of these German women from their teen years to adulthood during the Holocaust, and the aftermath. The Nazi regime impacts the lives of these women as they struggle over work, religion, marriage, and motherhood. Faced with overwhelmingly difficult choices, the women survive or succumb to Hitler's reign--and all are changed forever.     Recommended for ages 13 and older.","4711 California Avenue SW, Seattle, WA 98116",Seattle,WA,98116.0,206-938-0339,$5.00-$32.00,All Through The Night,ArtsWest Theatre,Drama
"October 1, 2011","September 11 at 3:00, September 25 at 3:00, September 29 at 7:30, September 15 at 7:30, September 16 at 7:30, September 17 at 7:30, September 18 at 3:00, September 21 at 7:30, September 22 at 7:30, September 7 at 7:30, September 8 at 7:30, September 9 at 7:30, September 28 at 7:30, September 23 at 7:30, September 24 at 7:30, October 1 at 7:30, September 30 at 7:30, September 10 at 7:30, September 14 at 7:30",http://www.theatermania.com/seattle/shows/amys-view_179933/,"September 7, 2011",http://www.artswest.org/?q=node/217,"It is 1979. Esme Allen is an actress in London's West End just at the moment when the West End is ceasing to offer actors a regular way of life. The visit of her young daughter, Amy, and her new boyfriend brings conflict between the two and sets in train a series of events that only find their shape eighteen years later.     Recommended for age 13 and older.","4711 California Avenue SW, Seattle, WA 98116",Seattle,WA,98116.0,206-938-0339,$5.00-$32.00,Amy's View,ArtsWest Theatre,Drama
"October 9, 2011","October 1 at 7:30, September 14 at 7:30, September 15 at 7:30, September 16 at 7:30, September 17 at 7:30, September 18 at 2:00, September 21 at 7:30, September 22 at 7:30, September 23 at 7:30, September 24 at 7:30, September 25 at 2:00, September 28 at 7:30, September 29 at 7:30, September 30 at 7:30, October 2 at 2:00, October 5 at 7:30, October 6 at 7:30, October 7 at 7:30, October 8 at 7:30, October 9 at 2:00",http://www.theatermania.com/seattle/shows/border-songs_177362/,"September 17, 2011",http://www.book-it.org/Border-Songs.php,"Jim Lynch's (The Highest Tide) second novel explores division--between the natural world and everyday human experience, between communities, and individuals. It's also a hopeful vision of the commonalities we can discover if we look at things just a little differently, the way Brandon Vanderkool--a 6'8&quot; dyslexic, bird watcher who joins the Border Patrol--does. Lynch's masterful use of metaphor unlocks these divisions and commonalities and offers an extraordinary potential for a dramatic re-telling in the Book-It Style™. Border Songs is a 2010 Washington State Book Award-winner.","305 Harrison St, Seattle, WA 98109",Seattle,WA,98109.0,206-216-0833,$10.00-$42.00,Border Songs,Book-It Repertory Theatre,Drama
"May 21, 2011","May 20 at 7:30, May 21 at 7:30",http://www.theatermania.com/seattle/shows/electricidad_180041/,"May 20, 2011",http://www.acttheatre.org/Shows/OnStage/Electricidad,"A new kind of Greek Tragedy.  Where the South Side Locos are Kings and Spanglish rules.    A Chicano take on the Greek tragedy Electra, Lu&iacute;s Alfaro's Electricidad is a brutally modern adaptation of the classic revenge saga set within gang culture of the ""barrio"". One of the foremost Latino playwrights in the U.S. and winner of the MacArthur ""Genius Award"", Lu&iacute;s Alfaro's eye-opening rendition situates the iconic characters in the present-day world of the ""Cholo"" where the South Side Locos are Kings and Spanglish rules. Electricidad is mourning her father's body in her front yard, much to the dismay of the vecinos (neighbors) and her mother Clemencia, who was rumored to have had him killed to establish her power in the gang hierarchy. A comical bilingual chorus called ""El Chisme"" gossips and tries to save their barrio from inevitable cycles of violence.    eSe Teatro's presentation of Electricidad is a blend between a staged reading and a fully produced play, as is presented in Spanglish.","700 Union Street, Seattle, WA 98101",Seattle,WA,98101.0,206-292-7676,$10.00,Electricidad,ACT,Drama
"October 1, 2011","September 22 at 7:30, September 8 at 7:30, September 9 at 7:30, September 10 at 7:30, September 15 at 7:30, September 16 at 7:30, September 17 at 7:30, September 23 at 7:30, September 24 at 7:30, September 29 at 7:30, September 30 at 7:30, October 1 at 7:30",http://www.theatermania.com/seattle/shows/a-lie-of-the-mind_180044/,"September 8, 2011",http://www.acttheatre.org/Shows/OnStage/ALieoftheMind,"Collektor presents Sam Shepard's haunting and timeless drama of two divided families in the American West. Underscored by live music and performed by a cast of acclaimed Seattle actors, A Lie of the Mind is a darkly humorous, increasingly frenetic examination of generations torn apart by a marriage and brought together by an unspeakable act of violence.","700 Union Street, Seattle, WA 98101",Seattle,WA,98101.0,206-292-7676,$15.00-$25.00,A Lie of the Mind,ACT,Drama
"October 9, 2011",Schedule varies.,http://www.theatermania.com/seattle/shows/mary-stuart_174162/,"September 9, 2011",http://www.acttheatre.org/Shows/OnStage/MaryStuart,"Astonishingly relevant today, Mary Stuart probes themes of religious fanaticism and political corruption as it dramatizes the struggle of Mary, Queen of Scots, for her freedom from Queen Elizabeth I. Amidst espionage, attempted assassinations, and prison breaks, a tragic crisis confronts both women with impossibly difficult decisions. Will Mary renounce her claim to the throne? Can Elizabeth free Mary without jeopardizing her throne? It's a thrilling episode from the past that strikes at the core of our contemporary selves.","700 Union Street, Seattle, WA 98101",Seattle,WA,98101.0,206-292-7676,$15.00 - $65.00,Mary Stuart,ACT,Drama
"June 25, 2011",Schedule varies.,http://www.theatermania.com/seattle/shows/on-golden-pond_177635/,"June 3, 2011",http://www.secondstoryrep.org/mainstage/season12/goldenpond.html,"Norman and Ethel spend every summer at their lake house in Maine. When their daughter visits one year, she brings a boyfriend and his son along - hoping her parents will look after the boy while she and her fianc&eacute; go off traveling. A heartwarming play about relationships that sometimes take a lifetime to unfold.","16587 NE 74th Street, Redmond, WA 98052",Redmond,WA,98052.0,425-881-6777,$25.00,On Golden Pond,Second Story Repertory,Drama
"March 31, 2012",,http://www.theatermania.com/seattle/shows/the-rise-and-fall-of-little-voice_179946/,"March 7, 2012",http://www.artswest.org/?q=node/217,"Little Voice is a young woman with a hidden talent: she can emulate every chanteuse from Judy Garland to Edith Piaf. She hides in her room, crooning and dreaming of love, while her disheveled mother, Mari, mistakes a seedy talent agent's interest as affection rather than enthusiasm for the gold mine buried in her daughter's throat. An engaging fairy tale of despair, love, and hope as &quot;L.V.&quot; finds a voice of her own.     Recommended for ages 16 and older.","4711 California Avenue SW, Seattle, WA 98116",Seattle,WA,98116.0,206-938-0339,$5.00-$32.00,The Rise And Fall Of Little Voice,ArtsWest Theatre,Drama
"June 26, 2011","May 25 at 7:30, May 26 at 7:30, May 27 at 7:30, May 28 at 7:30, May 29 at 2:00, June 1 at 7:30, June 2 at 7:30, June 3 at 7:30, June 4 at 7:30, June 5 at 2:00, June 8 at 7:30, June 9 at 7:30, June 10 at 7:30, June 11 at 7:30, June 12 at 2:00, June 15 at 7:30, June 16 at 7:30, June 17 at 7:30, June 18 at 7:30, June 19 at 2:00, June 22 at 7:30, June 23 at 7:30, June 24 at 7:30, June 25 at 7:30, June 26 at 2:00",http://www.theatermania.com/seattle/shows/sense-and-sensibility_177361/,"June 3, 2011",http://www.book-it.org/sense-and-sensibility.php,"Pride and Prejudice, Persuasion, Emma, and now Sense and Sensibility. Book-It's fourth Jane Austen adaptation brings audiences back to the sweeping work that began her career. In Austen's first published novel, the Dashwood sisters find that love is an unpredictable struggle against the most important social values: family, honor, and wealth.  As teens, Elinor and Marianne's family fortunes take a turn when they lose their father, and their welcome in his home, now owned by their half-brother and his overbearing wife. With a move and a few chance meetings, Elinor falls for the intelligent and reserved Edward Ferrars, while Marianne dotes upon the handsome John Willoughby. Through Elinor's sense and Marianne's sensibility, this sprightly tale winds along the twisting path of love among the English gentry.","305 Harrison St, Seattle, WA 98109",Seattle,WA,98109.0,206-216-0833,$10.00-$42.00,Sense And Sensibility,Book-It Repertory Theatre,Drama
"October 23, 2011","September 22 at 8:00, October 13 at 8:00, October 12 at 8:00, October 9 at 2:00, October 8 at 8:00, October 8 at 2:00, October 7 at 8:00, October 6 at 8:00, October 5 at 8:00, October 2 at 2:00, October 1 at 8:00, October 1 at 2:00, September 30 at 8:00, September 29 at 8:00, September 28 at 8:00, September 25 at 2:00, September 24 at 8:00, September 24 at 2:00, September 23 at 8:00, September 14 at 8:00, September 15 at 8:00, September 16 at 8:00, September 17 at 2:00, September 17 at 8:00, September 18 at 2:00, September 21 at 8:00, October 23 at 2:00, October 22 at 8:00, October 22 at 2:00, October 21 at 8:00, October 20 at 8:00, October 19 at 8:00, October 16 at 2:00, October 15 at 8:00, October 15 at 2:00, October 14 at 8:00",http://www.theatermania.com/seattle/shows/take-me-america_180047/,"September 14, 2011",http://www.villagetheatre.org/TakeMeAmerica.php,"""It's not a story. It's my life!"" What happens when your life is at stake, and the only chance you have at survival lies in the hands of a complete stranger? Take Me America follows the brutal process of several struggling refugees in their quest for asylum in the United States and the INS agents who are responsible for deciding their fates. As the dreams and fears of each refugee come to light, the INS agents struggle to find balance between their feelings for humanity, and the reality of their professional position. Inspired by true stories, this new musical balances heavy themes with light-hearted comedy that compliments a gripping, rock score.","303 Front Street N, Issaquah, WA 98027",Issaquah,WA,98027.0,425-392-2202,$20.00-$60.00,Take Me America,Village Theatre - Francis J. Gaudette Theatre,Drama
"May 22, 2011","May 21 at 7:30, May 13 at 7:30, May 14 at 2:30, May 14 at 7:30, May 15 at 2:30, May 19 at 7:30, May 20 at 7:30, May 21 at 2:30, May 22 at 2:30",http://www.theatermania.com/seattle/shows/to-kill-a-mockingbird_180688/,"May 13, 2011",http://www.theattictheatre.org,"To Kill a Mockingbird is based on the Pulitzer Prize winning novel by Harper Lee, and has become a classic of modern American literature. The plot and characters are loosely based on the author's observations of her family and neighbors, as well as an event that occurred near her hometown in 1936, when she was a young girl.    The story takes place in rural Alabama and is renowned for its warmth and humor, despite dealing with the serious issues of rape and racial inequality. The narrator's father, Atticus Finch, has served as a moral hero for many readers and as a model of integrity for lawyers.","2222 2nd Ave #200, Seattle, WA 98121",Seattle,WA,98121.0,,,To Kill a Mockingbird,Macha Monkey,Drama
"June 12, 2011","June 10 at 7:30, June 11 at 7:30, June 12 at 2:00",http://www.theatermania.com/michigan/shows/13_179783/,"June 10, 2011",http://www.cththeatre.org,"A grown-up story about growing up!    When his parents get divorced and he's forced to move from New York to a small town in Indiana, Evan Goldman just wants to make friends and survive the school year. Easier said than done!     The star quarterback is threatening to ruin his life and his only friend, Patrice, won't talk to him. The school geek sees an opportunity for blackmail and someone is spreading the nastiest rumors.    With an unforgettable rock score from Tony Award-winning composer Jason Robert Brown, 13 is a hilarious, high-energy musical for all ages about discovering that cool is where you find it, and sometimes where you least expect it.","1400 West Grand River Avenue, Howell, Michigan 48843",Howell,Michigan,48843.0,517-545-1290,$10.00,13,Community Theatre of Howell,Musical
"March 4, 2012",Schedule varies.,http://www.theatermania.com/georgia/shows/aint-misbehavin_179775/,"February 17, 2012",http://www.atlantalyrictheatre.com,"In Ain't Misbehavin', a Tony Award-winning celebration of the music of Thomas ""Fats"" Waller, an ensemble of energetic and irresistible performers and the hottest jazz band in town will bring down the house with a musical parade of thirty of Waller's greatest hits. A joyously creative songwriter of the 1920s and 30s, Fats Waller penned over 400 songs in his career - many of which have entered the classic repertoire of jazz standards that are still being performed today.  Ain't Misbehavin' pays tribute to his legacy and music, and includes the ever popular songs: &quot;The Jitterbug Waltz,&quot; &quot;I'm Gonna Sit Right Down and Write Myself a Letter,&quot; &quot;'T'Ain't Nobody's Biz-ness If I Do,&quot; &quot;Honeysuckle Rose,&quot; &quot;Find Out What They Like,&quot; and &quot;Your Feets Too Big.&quot;","117 N. Park Square, Marietta, Georgia 30060",Marietta,Georgia,30060.0,404-377-9948,,Ain't Misbehavin',Atlanta Lyric Theatre,Musical
"June 3, 2011","June 3 at 8:00, June 2 at 8:00, June 1 at 8:00, May 29 at 5:00, May 28 at 8:00, May 28 at 3:00, May 27 at 8:00, May 26 at 8:00, May 25 at 8:00, May 22 at 5:00, May 21 at 8:00, May 20 at 8:00, May 21 at 3:00",http://www.theatermania.com/georgia/shows/avenue-q_180911/,"May 20, 2011",http://www.horizontheatre.com/season.htm,"The neighbors are nice on Avenue Q, the only address you can afford when your just out of college, out of a job and just trying to find your way in life.  Princeton, Gary Coleman (yes, that one!), and their new found friends (played by talent actors controlling puppets) valiantly seek jobs, dates, and their ever elusive purpose in life. An upbeat musical for grown ups!    This performance contains names and situations not intended for children.","1083 Austin Avenue, Atlanta, GA 30307",Atlanta,GA,30307.0,404-584-7450,$20.00 - $30.00,Avenue Q,Horizon Theatre Company,Musical Comedy
"May 11, 2011",May 11 at 7:30,http://www.theatermania.com/michigan/shows/chicago_179484/,,http://www.broadwaygrandrapids.com/chicagothemusical.php,"There's never been a better time to experience Chicago, Broadway's razzle-dazzle smash. This triumphant hit musical is the recipient of six Tony Awards, two Olivier Awards, a Grammy and thousands of standing ovations. A sensational tale of sin, corruption and all that jazz, it's no surprise that Chicago has wowed audiences from Mexico City to Moscow, from Sao Paulo to South Africa. And now it's coming to your town!","303 Monroe, Grand Rapids, MI 49503",Grand Rapids,MI,49503.0,1-800-745-3000,$32.50;&nbsp;$47.50;&nbsp;$57.50,Chicago,Devos Hall,Musical
"May 22, 2011",Schedule varies.,http://www.theatermania.com/georgia/shows/barefoot-in-the-park_172265/,"May 13, 2011",http://www.cherokeetheatre.org/shows.htm,"This show focuses on newlyweds Corie and Paul Bratter and their adventures living in a minuscule sixth floor walk-up apartment in a Greenwich Village brownstone. Stuffed-shirt Paul is a hard-working young attorney just starting his practice, while spontaneous bride Corie is determined to create a romantic environment in one room with no heat, a hole in the skylight, and oddball neighbors.","The Canton Theatre, 171 East Main Street, Canton, Georgia 30114",Canton,Georgia,30114.0,770-591-0282,$5.00-$18.00,Barefoot in the Park,Cherokee Theatre Company,Musical
"June 12, 2011","May 22 at 2:00, June 9 at 8:00, June 10 at 8:00, June 11 at 8:00, June 12 at 2:00, May 20 at 8:00, May 21 at 8:00, May 26 at 8:00, May 27 at 8:00, May 28 at 8:00, May 29 at 2:00, June 2 at 8:00, June 3 at 8:00, June 4 at 8:00, June 5 at 2:00",http://www.theatermania.com/michigan/shows/hairspray_171046/,"May 20, 2011",http://www.stagecrafters.org,"Hairspray has delighted audiences by sweeping them away to 1960's Baltimore, where the 50's are out -- and change is in the air. Loveable plus-size heroine, Tracy Turnblad, has a passion for dancing, and wins a spot on the local TV dance program, ""The Corny Collins Show."" Overnight she finds herself transformed from outsider to teen celebrity. Can a larger-than-life adolescent manage to vanquish the program's reigning princess, integrate the television show, and find true love (singing and dancing all the while, of course!) without mussing her hair?     Audience Advisory: Adult content and situations, sexual references and situations, brief, mild language.","415 S. Lafayette, Royal Oak, MI 48067",Royal Oak,MI,48067.0,248-541-6430,$16.00-$22.00,Hairspray,Baldwin Theatre,Musical
,Schedule varies.,http://www.theatermania.com/georgia/shows/the-dinosaur-musical_177214/,,http://www.fabrefaction.org,"What happens when dinosaurs invent spaghetti? Find out in The Dinosaur Musical; a fun-filled romp through the Cretaceous Period, filled with Dinosaur dancing, singing, and drama! This show is perfect for families, children, teens and college students alike!","999 Brady Avenue, Atlanta, Georgia 30318",Atlanta,Georgia,30318.0,404-876-9468,$15.00 - $30.00,The Dinosaur Musical,Fabrefaction Theatre Company,Musical Comedy
"June 4, 2011","June 4 at 8:00, May 20 at 8:00, May 21 at 8:00, May 22 at 2:00, May 27 at 8:00, May 28 at 8:00, May 29 at 2:00, June 3 at 8:00",http://www.theatermania.com/michigan/shows/into-the-woods_180140/,"May 20, 2011",http://www.avonplayers.org,"An ambivalent Cinderella? A blood-thirsty Little Red Ridinghood? A Prince Charming with a roving eye? A Witch...who raps? They're all among the cockeyed characters in James Lapine and Stephen Sondheim's fractured fairy tale. When a Baker and his Wife learn they've been cursed with childlessness by the Witch next door, they embark on a quest for the special objects required to break the spell, swindling, lying to and stealing from Cinderella, Little Red, Rapunzel and Jack (the one who climbed the beanstalk).     Everyone's wish is granted at the end of Act One, but the consequences of their actions return to haunt them later, with disastrous results. What begins a lively irreverent fantasy in the style of ""The Princess Bride"" becomes a moving lesson about community responsibility and the stories we tell our children.","1185 Washington Road, Rochester, MI 48306",Rochester,MI,48306.0,248-608-9077,$15.00;&nbsp;$18.00,Into the Woods,Avon Players,Musical
"June 5, 2011",Schedule varies.,http://www.theatermania.com/georgia/shows/a-grand-night-for-singing_172240/,"May 13, 2011",http://www.stagedoorplayers.net/productions.season1011.php,"Taste and imagination, the two key ingredients for a first-rate revue, abound in this fresh take on the Rodgers & Hammerstein canon conceived by Tony Award winner Walter Bobbie. With innovative musical arrangements of ""I'm Gonna Wash That Man Right Out-a My Hair,"" ""Honeybun,"" and a jazzy ""Kansas City,"" this leaves no question about how terrifically up to date the remarkable songs of R&H remain.","5339 Chamblee Dunwoody Road, Dunwoody, Georgia 30338",Dunwoody,Georgia,30338.0,770-396-1726,$12.00-$26.00,A Grand Night for Singing,Stage Door Players,Musical
"October 16, 2011","October 4 at 7:30, October 2 at 6:30, October 2 at 1:00, October 1 at 8:00, October 1 at 2:00, September 30 at 8:00, September 29 at 1:30, September 28 at 7:30, September 29 at 7:30, October 12 at 7:30, October 6 at 7:30, October 5 at 7:30, October 7 at 8:00, October 11 at 7:30, October 10 at 6:30, October 9 at 1:00, October 8 at 8:00, October 8 at 2:00, October 13 at 7:30, October 14 at 8:00, October 15 at 2:00, October 15 at 8:00, October 16 at 1:00, October 13 at 1:30",http://www.theatermania.com/michigan/shows/jersey-boys_176196/,"September 28, 2011",http://whartoncenter.com/boxoffice/performance.aspx?pid=936,"Jersey Boys, the 2006 Tony Award-winning Best Musical about Rock and Roll Hall of Famers The Four Seasons: Frankie Valli, Bob Gaudio, Tommy DeVito and Nick Massi, is the story of how four blue-collar kids became one of the greatest successes in pop music history. They wrote their own songs, invented their own sounds and sold 175 million records worldwide - all before they were 30!     Tickets on sale February 21.    Age Rating: Jersey Boys is not recommended for children under the age of 12 due to strong &quot;profane, authentic Jersey&quot; language. The show also involves smoking, strobe lights, gun shots and has a 2 hour and 35 min","Michigan State University, East Lansing, MI 48821",East Lansing,MI,48821.0,517-432-2000,,Jersey Boys,Wharton Center,Musical
"June 26, 2011",Schedule varies.,http://www.theatermania.com/georgia/shows/life-in-the-park_180540/,"June 3, 2011",http://www.facebook.com/lifeinthepark,"Making its world premiere in Atlanta this June, Life in the Park is a new work of genius in the genre of musical plays. It's the timely story of Humphrey and Constance (a homeless man and woman) and the people they encounter in their lives as they endure another winter in a city park.    Written by Gary W. Heath and directed by Atlanta native Allen Worthy, Life in the Park offers audiences an up close personal look into homelessness not seen in the typical representation of this all too possible condition. Taking place during one  day, this story is of every man in any unexpected or unavoidable condition that could affect any individual in his or her lifetime. The show is highly theatrical even as it entertains with remarkable musical numbers.","173 14th Street, Atlanta, GA 30309",Atlanta,GA,30309.0,404-733-5000,$42.00;&nbsp;$56.00,Life in the Park,14th Street Playhouse,Musical Play
"June 26, 2011","June 24 at 8:00, June 23 at 7:30, June 22 at 7:30, June 21 at 7:30, June 25 at 8:00, June 25 at 2:00, June 26 at 1:00, June 26 at 6:30",http://www.theatermania.com/michigan/shows/shrek-the-musical_179491/,"June 21, 2011",http://www.broadwaygrandrapids.com/shrekthemusical.php,"Shrek The Musical, based on the Oscar-winning DreamWorks film that started it all, brings the hilarious story of everyone's favorite ogre to life on the stage.    In a faraway kingdom turned upside down, things get ugly when an unseemly ogre - not a handsome prince - shows up to rescue a feisty princess. Throw in a donkey who won't shut up, a bad guy with a SHORT temper, a cookie with an attitude and over a dozen other fairy tale misfits, and you've got the kind of mess that calls for a real hero. Luckily, there's one on hand... and his name is Shrek.    Featuring a terrific score of 19 all-new songs, big laughs, great dancing and breathtaking scenery, USA Today proclaims Shrek The Musical, ""ALTOGETHER IRRESISTIBLE. A BIG FAT HIT!""    Shrek The Musical is part romance, part twisted fairy tale and all irreverent fun for everyone!","303 Monroe, Grand Rapids, MI 49503",Grand Rapids,MI,49503.0,1-800-745-3000,$34.00;&nbsp;$39.00;&nbsp;$54.00;&nbsp;$59.00;&nbsp;$64.00;&nbsp;$69.00,Shrek the Musical,Devos Hall,Musical
"May 6, 2012",Schedule varies.,http://www.theatermania.com/georgia/shows/the-light-in-the-piazza_179776/,"April 20, 2012",http://www.atlantalyrictheatre.com,"Atlanta Lyric Theatre proudly presents the Atlanta premiere of the lush romantic musical The Light in the Piazza.  Winner of 6 Tony Awards, this soaring musical, composed by the grandson of Richard Rodgers, whisks its audience away to Italy for a captivating tale, which celebrates the beauty and passions of the human heart. It's the summer of 1953, and Margaret Johnson, the wife of a North Carolina businessman, is touring the Tuscan countryside with her daughter Clara. In their travels, Clara meets and falls for a young Florentine boy, who is ardent in his pursuit of her. As the young couple's love blossoms, Margaret is faced with a difficult choice: should she reveal a truth that could destroy her daughter's happiness; or say nothing and let fate run its course?","117 N. Park Square, Marietta, Georgia 30060",Marietta,Georgia,30060.0,404-377-9948,,The Light in the Piazza,Atlanta Lyric Theatre,Musical
"May 22, 2011","May 15 at 2:00, May 20 at 7:30, May 21 at 7:30, May 14 at 7:30, May 14 at 7:30, May 13 at 7:30, May 21 at 7:30, May 22 at 2:00",http://www.theatermania.com/michigan/shows/wedding-singer_179784/,"May 13, 2011",http://www.cththeatre.org,"In The Wedding Singer, it's 1985 and rock-star wannabe Robbie Hart is New Jersey's favorite wedding singer. He's the life of the party, until his own fiancee leaves him at the altar. Shot through the heart, Robbie makes every wedding as disastrous as his own.","1400 West Grand River Avenue, Howell, Michigan 48843",Howell,Michigan,48843.0,517-545-1290,$16.00;&nbsp;$14.00,Wedding Singer,Community Theatre of Howell,Musical Comedy
"June 26, 2011",Schedule varies.,http://www.theatermania.com/georgia/shows/rent_180900/,"June 10, 2011",http://atlantalyrictheatre.com,"Rent is a Pulitzer Prize and Tony Award-winning Broadway musical based loosely on Puccini's opera La Boh&egrave;me. The musical follows a year in the lives of seven friends living in the disappearing Bohemian lifestyle in New York's Alphabet City located in the East Village. As the impoverished artists deal with their daily struggles, tragedy hits, and the love they share embodies their lives. The music, characters and story of Rent celebrate love, diversity and the power of friendship, as shown through the musical's signature song, &quot;Seasons of Love.&quot; This blockbuster show will truly inspire and move any audience.","117 N. Park Square, Marietta, Georgia 30060",Marietta,Georgia,30060.0,404-377-9948,,Rent,Atlanta Lyric Theatre,Musical
"August 7, 2011","August 7 at 2:00, July 21 at 8:00, July 22 at 8:00, July 23 at 8:00, July 24 at 2:00, July 28 at 8:00, July 29 at 8:00, July 30 at 8:00, July 31 at 2:00, August 4 at 8:00, August 5 at 8:00, August 6 at 8:00",http://www.theatermania.com/georgia/shows/seussical_173414/,"July 21, 2011",http://www.stgplays.com/pages/plays/2010-2011/Seussical.html,"Now one of the most performed shows in America, Seussical is a fantastical, magical, musical extravaganza! Tony winners Lynn Ahrens and Stephen Flaherty (Ragtime, Once On This Island) have lovingly brought to life all of our favorite Dr. Seuss characters, including Horton the Elephant, The Cat in the Hat, Gertrude McFuzz, lazy Mayzie, and a little boy with a big  imagination--Jojo. ""Oh, the Thinks You Can Think"" captures the show's spirit of imagination, as the colorful characters transport us from the Jungle of Nool to the Circus McGurkus to the invisible world of the Whos.    The story centers around Horton the Elephant, who finds himself faced with a double challenge--not only must he protect his tiny friend  Jojo (and all the invisible Whos) from a world of naysayers and dangers, but he must guard an abandoned egg, left to his care by the irresponsible Mayzie La Bird. Although Horton faces ridicule, danger, kidnapping and a trial, the intrepid Gertrude McFuzz never loses faith in him, the only one who recognizes ""his kind and his powerful heart."" Ultimately, the powers of friendship, loyalty, family and community are challenged and emerge triumphant, in a story that makes you laugh and cry.","20 West Campbellton St., Fairburn, Georgia 30213",Fairburn,Georgia,30213.0,770-969-0956,$12.00-$15.00,Seussical,Southside Theatre Guild,Musical
"December 18, 2011",Schedule varies.,http://www.theatermania.com/georgia/shows/the-sound-of-music_179774/,"December 2, 2011",http://www.atlantalyrictheatre.com,"The final collaboration between Rodgers & Hammerstein was destined to become the world's most beloved musical. When a postulant proves too high-spirited for the religious life, she is dispatched to serve as governess for the seven children of a widowed naval Captain. Her growing rapport with the youngsters, coupled with her generosity of spirit, gradually captures the heart of the stern Captain, and they marry. Upon returning from their honeymoon they discover that Austria has been invaded by the Nazis, who demand the Captain's immediate service in their navy. The family's narrow escape over the mountains to Switzerland on the eve of World War II provides one of the most thrilling and inspirational finales ever presented in the theater.","117 N. Park Square, Marietta, Georgia 30060",Marietta,Georgia,30060.0,404-377-9948,,The Sound of Music,Atlanta Lyric Theatre,Musical
"October 2, 2011",Schedule varies.,http://www.theatermania.com/georgia/shows/thoroughly-modern-millie_179773/,"September 16, 2011",http://www.atlantalyrictheatre.com,"Audiences will find their toes tapping as flappers take the stage, tap-dancing the night away in Atlanta Lyric's production of the Broadway smash-hit Thoroughly Modern Millie. Winner of five Tony Awards including best musical, Thoroughly Modern Millie is a high-spirited musical romp that has everyone dancing the Charleston. It's the zany new 1920's musical that has taken Broadway by storm! Taking place in New York City in 1922, Thoroughly Modern Millie tells the story of young Millie Dillmount, who has just moved to the city in search of a new life for herself. It's a New York full of intrigue and jazz - a time when women were entering the workforce and the rules of love and social behavior were changing forever. Based on the popular movie, the stage version of Thoroughly Modern Millie includes a full score of new songs and bright dance numbers.","117 N. Park Square, Marietta, Georgia 30060",Marietta,Georgia,30060.0,404-377-9948,,Thoroughly Modern Millie,Atlanta Lyric Theatre,Musical
"May 22, 2011",Schedule varies.,http://www.theatermania.com/georgia/shows/tintypes_173442/,"May 12, 2011",http://www.mainstreetplayers.org/season/,"To conclude the tenth year season of celebratory performance from Main Street Players, Tintypes. This delightful musical revue with a cast of five, provides a musical history lesson of the half century between the Civil War and the Roaring Twenties. Called &quot;America's Song Book,&quot; the cast will take you on a ride through history playing multiple characters of this explosive and exciting time. Great for the entire family. A not to be missed event!","115 North Hill Street, Griffin, Georgia 30223",Griffin,Georgia,30223.0,770-229-9916,$10.00-$20.00,Tintypes,The Mainstreet Player- Black Box Theater,Musical
"June 3, 2012",Schedule varies.,http://www.theatermania.com/chicago/shows/angels-in-america-millennium-approaches-and-perestroika_179341/,"March 30, 2012",http://www.courttheatre.org/season/show/angels_in_america_millennium_approaches_and_perestroika/,"&quot;The Great Work Begins.&quot; The year is 1985: Ronald Reagan has just been reelected to a second term, and the deadly AIDS epidemic is at its height in New York City. Tony Kushner's two-part epic historical drama captures the lives of the HIV-positive Prior; Louis, his lover who abandons him; Joe, a closeted gay Mormon; his Valium-addicted wife Harper; Roy Cohn, a notorious lawyer from the McCarthy hearings, dying of AIDS; Belize, his African-American nurse; Hannah, Joe's mother from Utah; and the Angel, a terrifyingly beautiful herald of the apocalypse. As these characters discover, confront, and seduce each other during a time of death, hypocrisy, and tumultuous change, Kushner summons a restless pastiche of the historical and the supernatural, the theological and the political--all told with surging theatricality by a company of eight actors. Having directed Kushner's Caroline, or Change and The Illusion, Court's Artistic Director Charles Newell will direct Angels in America: Millennium Approaches and a newly-revised Perestroika in repertory performance, giving Court audiences the unique opportunity to experience Kushner's Pulitzer Prize-winning magnum opus in its magnificent entirety.    Individual tickets go on sale September 1.    Court Theatre cannot accommodate children under the age of 5, and our productions are not generally of interest to children under 8 years of age.","5535 South Ellis Avenue, Chicago, IL 60637",Chicago,IL,60637.0,773-753-4472,,Angels in America: Millennium Approaches and Perestroika,Court Theatre,Drama
"July 10, 2011","June 16 at 7:30, June 17 at 7:30, June 17 at 9:00, June 18 at 7:30, June 18 at 9:00, June 11 at 7:30, June 10 at 9:00, June 12 at 2:30, June 11 at 9:00, June 19 at 2:30, June 24 at 7:30, June 24 at 9:00, June 25 at 7:30, June 25 at 9:00, June 26 at 2:30, June 30 at 7:30, July 1 at 7:30, July 1 at 9:00, July 2 at 7:30, July 8 at 7:30, June 23 at 7:30, July 7 at 7:30, July 9 at 7:30, July 2 at 9:00, July 3 at 2:30, July 9 at 9:00, June 10 at 7:30, June 9 at 7:30, June 5 at 2:30, June 4 at 9:00, June 4 at 7:30, June 3 at 9:00, June 3 at 7:30, June 2 at 7:30, July 10 at 2:30, July 8 at 9:00",http://www.theatermania.com/chicago/shows/the-chicago-landmark-project_180901/,"June 2, 2011",http://www.theatreseven.org,"Theatre Seven of Chicago presents The Chicago Landmark Project, a production that combines twelve world premiere short plays about specific Chicago places, written by a diverse lineup which includes some of Chicago's most acclaimed playwrights, including J. Nicole Brooks, Brett Neveu and Marisa Wegrzyn.  Each of the project's twelve short plays is set in a different zip code, and tells a story based on a specific Chicago location ranging from famous attractions such as Navy Pier to lesser-known Chicago neighborhood landmarks, including Thillens Stadium and the Steel Flags above the entrance to Humboldt Park.  Each play varies dramatically in tone, style and time period, while exploring our city's wealth of history from as many perspectives as possible.","2257 N. Lincoln Avenue, Chicago, IL 60614",Chicago,IL,60614.0,773-404-7336,$15.00 - $30.00,The Chicago Landmark Project,Greenhouse Theater,Drama
,Schedule varies.,http://www.theatermania.com/chicago/shows/chicago-theater-stories-walking-tour_134673/,"June 15, 2007",http://www.theatreclubchicago.com/about/tour.htm,"A storytelling walking tour of the Chicago downtown theater district. People places and events from the Golden age of Chicago theater.    Stroll around the downtown theater district and hear stories from the Golden Age of Chicago theater, a century defined by a pioneering spirit and cataclysmic events.  The tour stops at the Oriental Theater and the Harris and Selwyn transformation into the new Goodman Theater.  Along the way the guide regales you with stories featuring theater luminaries of the day. The tour  passes the site of the McVicker Theater which hosted all the great performers of the period.  The afternoon tour ends at the Auditorium Theater, acknowledged world wide for its perfect acoustics.    Group Sales Number (10+):  	773-508-4894","N Michigan Ave & E Randolph St, Chicago, IL 60602",Chicago,IL,60602.0,866-811-4111,$18.00;&nbsp;$25.00 3:00 P.M. tour,Chicago Theater Stories Walking Tour,Southwest Corner of Randolph Street and Michigan Avenue,Drama
"May 15, 2011","May 14 at 8:00, May 15 at 3:00, May 12 at 8:00, May 13 at 8:00",http://www.theatermania.com/chicago/shows/the-copperhead_179811/,"April 12, 2011",http://www.citylit.org/Now-Playing.htm,"A lost gem from the early days of American realism, and it kicks off City Lit's five-year commemoration of the Civil War during its sesquicentennial years 2011-2015. Augustus Thomas' play follows an Illinois man from the early days of the war through the turn of the 20th century, as he carries the weight of his town's disapproval for his Southern sympathies.","1020 W. Bryn Mawr Avenue, Chicago, IL 60660",Chicago,IL,60660.0,773-293-3682,$25.00 during the regular run;&nbsp;$18.00 during previews,The Copperhead,City Lit Theater,Drama
"July 31, 2011",Schedule varies.,http://www.theatermania.com/chicago/shows/the-detectives-wife_169958/,"May 24, 2011",http://www.writerstheatre.org,"Alice Conroy is the mother of two grown children, owner of a frame shop and wife of a Chicago homicide detective. When her husband is gunned down on the job, she sets out to find out who did it...and why.","664 Vernon Avenue, Glencoe, IL 60022",Glencoe,IL,60022.0,847-242-6000,,The Detective's Wife,Writers' Theatre on Vernon,Drama
"January 12, 2012",Schedule varies.,http://www.theatermania.com/chicago/shows/elizabeth-rex_179765/,"November 29, 2011",http://www.chicagoshakes.com,"Artistic Director Barbara Gaines brings her masterful hand to this contemporary play re-imagining Shakespeare's time. On the eve of the beheading of her court favorite and rumored lover, the Earl of Essex, Queen Elizabeth was entertained by a royal command performance by Shakespeare and his company. Upon this obscure historical fact, one of Canada's most acclaimed playwrights, Timothy Findley, imagines this daring and original drama. Longing for distraction, the Queen visits the acting troupe's lodgings, where she finds the actor who plays Shakespeare's leading ladies. In their passionate confrontation, the actor and the Queen come to shocking revelations about sexuality, identity and love.","800 East Grand Avenue, Chicago, IL 60611",Chicago,IL,60611.0,312-595-5600,,Elizabeth Rex,Chicago Shakespeare Theater,Drama
"May 29, 2011",Schedule varies.,http://www.theatermania.com/chicago/shows/eurydice_179805/,"April 20, 2011",http://www.filamenttheatre.org/current-season/eurydice/,"In her 2005 play Eurydice, Sarah Ruhl re-imagines the classic Greek myth from its heroine's perspective. After dying on her wedding day, Eurydice finds herself in the underworld, her memory washed away in the River of Forgetfulness. She reunites with her father, matches wits with three petulant Stones, and struggles against the Lord of the Underworld. Ruhl's play is a fresh and lyrical look at a timeless love story.","2150 South Canalport, Chicago, IL 60608",Chicago,IL,60608.0,,,Eurydice,Lacuna Artists Loft,Drama
"May 11, 2011",,http://www.theatermania.com/chicago/shows/festen_180585/,"May 5, 2011",http://www.steeptheatre.com/news/news_news_tenth_season.html,"Festen, a David Eldridge dark comedy play which is derived from the 1998 Dogme film, is one of the famous plays of its time. The unforgettable and shocking performances at the theater made the show a huge success across the country. The crew without whose contribution the play wouldn't have gained popularity include director Rufus Norris, and designer Ian MacNeil. The play's background music was given by Orlando Gough who is a well known music director.","1115 West Berwyn, Chicago, IL 60640",Chicago,IL,60640.0,866-811-4111,$26.00,Festen,Steep Theatre,Drama
"June 26, 2011","May 22 at 7:00, June 23 at 8:00, May 11 at 8:00, May 12 at 8:00, May 13 at 8:00, May 14 at 8:00, May 15 at 7:00, May 16 at 8:00, May 17 at 8:00, May 18 at 8:00, May 19 at 8:00, May 20 at 8:00, May 21 at 5:00, May 21 at 8:00, June 19 at 7:00, May 26 at 8:00, May 27 at 8:00, May 28 at 5:00, May 28 at 8:00, May 29 at 7:00, June 2 at 8:00, June 3 at 8:00, June 4 at 5:00, June 4 at 8:00, June 5 at 7:00, June 9 at 8:00, June 10 at 8:00, June 11 at 5:00, June 11 at 8:00, June 12 at 7:00, June 16 at 8:00, June 17 at 8:00, June 18 at 5:00, June 18 at 8:00, June 26 at 7:00, June 25 at 8:00, June 25 at 5:00, June 24 at 8:00",http://www.theatermania.com/chicago/shows/fifty-words_180601/,"May 20, 2011",http://www.profilestheatre.org/50words.html,"Fifty Words received its lauded World premiere at the MCC Theater in September 2008 where it was nominated for several Drama Desk Awards including Outstanding Play.  Academy Award-nominee Michael Weller shot to stardom with his powerful anti-war drama, Moonchildren, in 1971.  Weller's unique voice, at once moving and revelatory, garnered acclaim throughout three decades of productions at distinguished theaters such as Steppenwolf Theatre Company and New York's Circle-in-the-Square.","4147 North Broadway, Chicago, IL 60613",Chicago,IL,60613.0,,$15.00 - $40.00,Fifty Words,Profiles Theatre,Drama
"June 12, 2011","June 5 at 3:00, May 14 at 8:00, May 13 at 8:00, May 12 at 8:00, May 19 at 8:00, May 20 at 8:00, May 21 at 8:00, May 22 at 3:00, May 26 at 8:00, May 27 at 8:00, May 28 at 8:00, May 29 at 3:00, June 2 at 8:00, June 3 at 8:00, June 4 at 8:00, May 15 at 3:00, June 9 at 8:00, June 10 at 8:00, June 11 at 8:00, June 12 at 3:00",http://www.theatermania.com/chicago/shows/hickorydickory_180355/,"May 13, 2011",http://www.chicagodramatists.org.,"What would happen if we all had an internal clock telling us the precise time of our death? Hickorydickory, complete with both gore and love scenes, explores the weight involved with the intriguing idea of a mortal clock embedded in the bodies of all humans. A dark comedy set in a watch and clock repair shop in the suburbs of Chicago, Wegrzyn's Hickorydickory winds extraordinary elements around an unusual family story. Someone has tinkered with Cari Lee's mortal clock and she's stuck at 17 for eternity, the same age as her daughter Dale. Yet Dale's worried about her own mortal clock; the one that tells her the day and time she'll die. Dad's an expert clock-smith, but some timepieces are not meant to be tampered with.","1105 West Chicago Avenue, Chicago, IL 60622",Chicago,IL,60622.0,,"Individual ticket prices are $32.00, and student tickets are offered for all Thursday performances at $15.00",Hickorydickory,Chicago Dramatists,Drama
"June 19, 2011","June 4 at 3:00, May 29 at 3:00, May 28 at 7:30, May 28 at 3:00, May 27 at 7:30, May 26 at 7:30, May 25 at 7:30, May 12 at 7:30, May 13 at 7:30, May 14 at 3:00, June 19 at 3:00, May 14 at 7:30, May 15 at 3:00, June 18 at 7:30, June 18 at 3:00, June 17 at 7:30, June 16 at 7:30, June 15 at 7:30, June 12 at 3:00, June 11 at 7:30, June 11 at 3:00, June 10 at 7:30, June 9 at 7:30, June 8 at 7:30, June 5 at 3:00, June 4 at 7:30, June 3 at 7:30, June 2 at 7:30, June 1 at 7:30, May 17 at 7:30, May 18 at 7:30, May 19 at 7:30, May 20 at 7:30, May 21 at 3:00, May 21 at 7:30, May 22 at 3:00",http://www.theatermania.com/chicago/shows/murder-for-twoa-killer-musical_180062/,"May 12, 2011",http://www.chicagoshakes.com,"Chicago Shakespeare Theater (CST) premieres Murder for Two--A Killer Musical, created by Joe Kinosian (music/book) and Kellen Blair (lyrics/book), Upstairs at Chicago Shakespeare.     This comedic Agatha Christie-like whodunit musical comes with a surprising twist: one actor plays the inspector, the other plays all 10 suspects, and both play the piano.     Staged by CST veteran director David H. Bell, this 75-minute premiere features the show's co-creator Joe Kinosian playing the slew of hilarious would-be criminals and Chicago favorite Alan Schmuckler performing the role of the inspector.","800 East Grand Avenue, Chicago, IL 60611",Chicago,IL,60611.0,312-595-5600,$25.00–$30.00,Murder for Two--A Killer Musical,Chicago Shakespeare Theater,Mystery/Thriller
"June 19, 2011","June 8 at 1:00, June 9 at 7:30, June 8 at 7:30, June 12 at 2:30, June 11 at 8:00, June 11 at 2:30, May 15 at 2:30, May 14 at 8:00, May 13 at 8:00, May 12 at 7:30, May 15 at 7:00, June 10 at 8:00, June 19 at 7:00, June 19 at 2:30, June 18 at 8:00, June 18 at 2:30, June 17 at 8:00, June 16 at 7:30, June 15 at 7:30, June 15 at 1:00, June 14 at 7:30, June 12 at 7:00, June 5 at 2:30, June 5 at 7:00, June 7 at 7:30, May 29 at 2:30, May 28 at 8:00, May 28 at 2:30, May 27 at 8:00, May 26 at 7:30, May 25 at 7:30, May 25 at 1:00, May 24 at 7:30, May 22 at 7:00, May 22 at 2:30, May 21 at 8:00, May 21 at 2:30, May 20 at 8:00, May 19 at 7:30, May 18 at 7:30, May 18 at 1:00, May 17 at 7:30, May 14 at 2:30, May 31 at 7:30, June 1 at 1:00, June 1 at 7:30, June 2 at 7:30, June 3 at 8:00, June 4 at 2:30, June 4 at 8:00, May 29 at 7:00",http://www.theatermania.com/chicago/shows/the-outgoing-tide_169920/,"May 12, 2011",http://www.northlight.org,"In a summer cottage on Chesapeake Bay, Gunner has hatched an unorthodox plan to secure his family's future but meets with resistance from his wife and son, who have plans of their own. As winter approaches, the three must quickly find common ground and come to an understanding-before the tide goes out. This new drama hums with dark humor and powerful emotion.","9501 Skokie Boulevard, Skokie, IL 60076",Skokie,IL,60076.0,847-673-6300,$35.00 - $54.00;&nbsp;Opening night (includes reception): $75.00;&nbsp;25 and under: $10.00,The Outgoing Tide,Northlight Theatre,Drama
"June 18, 2011","June 4 at 8:00, June 18 at 8:00, June 17 at 8:00, June 16 at 8:00, June 11 at 8:00, June 10 at 8:00, June 9 at 8:00, June 3 at 8:00, June 2 at 8:00, May 28 at 8:00, May 27 at 8:00",http://www.theatermania.com/chicago/shows/skylight-by-david-hare_180725/,"May 27, 2011",http://www.appetitetheatre.com,"What do you need to get you through the day? An idea? A calling? Absolution? Love? How much of yourself are you willing to give? What are you willing to sacrifice? Are we all our brothers' keeper or is it every man for himself? These are the questions at the heart of David Hare's Skylight. A play that is both socially relevant and deeply human.    Appetite Theatre's latest production is a fierce argument, a great conversation, a high-stakes night of food, sex, and socio-economics.    Winner of the 1996 Laurence Olivier Award for Best New Play, the New York Post has said, ""David Hare's luminously beautiful and wildly truthful Skylight is deeply and truly about people..."" The New York Times hails, ""Mr. Hare has written a play that is both devastatingly clear-sighted and compassionate.""","3408 North Sheffeild, Chicago, IL 60657",Chicago,IL,60657.0,312-787-9384,$20.00,Skylight by David Hare,The Second Stage,Drama
"June 4, 2011","May 19 at 8:00, May 14 at 8:00, May 13 at 8:00, May 12 at 8:00, May 20 at 8:00, May 21 at 8:00, May 26 at 8:00, May 27 at 8:00, May 28 at 8:00, June 2 at 8:00, June 3 at 8:00, June 4 at 8:00",http://www.theatermania.com/chicago/shows/tragedy-a-tragedy_180597/,"May 9, 2011",http://redtapetheatre.org/2011/04/tragedy-a-tragedy/,"Red Tape Theatre presents the apocalyptic comedy Tragedy: a tragedy by Will Eno, author of the Pulitzer Prize-finalist play THOM PAIN (based on nothing). The sun has set over streets, houses, government buildings and backyards everywhere. The world is dark. A news team is on the scene. Nobody knows if the sun, once set, will ever rise again. But there is a witness, and the witness will speak. This uniquely staged event is directed by acclaimed Chicago director Jeremy Wechsler","621 W Belmont Ave, Chicago, IL 60657",Chicago,IL,60657.0,847-738-6919,$10.00,Tragedy: a Tragedy,Red Tape Theatre,Drama
"June 19, 2011","June 18 at 4:00, June 17 at 7:30, June 16 at 7:30, June 12 at 4:00, June 11 at 8:00, June 11 at 4:00, June 10 at 7:30, June 9 at 7:30, June 5 at 4:00, June 4 at 8:00, June 4 at 4:00, June 3 at 7:30, June 2 at 7:30, May 29 at 4:00, May 28 at 8:00, May 28 at 4:00, May 27 at 7:30, May 26 at 7:30, May 22 at 4:00, May 21 at 8:00, May 21 at 4:00, May 20 at 7:30, May 19 at 7:30, May 15 at 4:00, May 14 at 8:00, May 14 at 4:00, May 13 at 7:30, May 12 at 7:30, May 7 at 4:00, June 19 at 4:00, June 18 at 8:00",http://www.theatermania.com/chicago/shows/watership-down_180586/,"May 8, 2011",http://www.lifelinetheatre.com,"When their birthplace is destroyed, brothers Hazel and Fiver lead a misfit band of survivors on a quest for a new home. Confronted with insurmountable dangers on all sides, the refugees must join forces with unexpected allies and conquer their deepest fears in order to endure. Join a pair of unlikely leaders in the journey of a lifetime, in this unforgettable story of survival against impossible odds. A stirring adventure,Watership Down is re-imagined for the Lifeline stage by the award-winning adaptor and director of Johnny Tremain.","6912 North Glenwood, Chicago, IL 60626",Chicago,IL,60626.0,866-811-4111,$20.00 - $35.00,Watership Down,Lifeline Theatre,Drama
"May 22, 2011","May 22 at 5:00, May 21 at 7:00, May 20 at 7:30, May 15 at 5:00, May 14 at 7:00, May 13 at 7:30",http://www.theatermania.com/chicago/shows/woyzeck_179808/,"April 10, 2011",http://www.the-hypocrites.com/2010-11season,A collaboration between About Face Theatre and The Hypocrites on the classic Woyczeck by Georg Buchner.,"1543 W. Division Street, Chicago, IL 60622",Chicago,IL,60622.0,1-866-811-4111<Br>773-989-7352,$28.00,Woyzeck,Chopin Theater,Drama
"June 17, 2012",,http://www.theatermania.com/long-island/shows/42nd-street_180037/,"April 12, 2012",http://www.johnwengemantheater.com/,"Come and meet, those dancing feet! 42nd Street is the ultimate Broadway fairy tale as a small town chorus girl, Peggy Sawyer, gets her chance to become an overnight star.  Filled with amazing production numbers such as ""We're in the Money"", ""Lullaby of Broadway"", ""Shuffle Off to Buffalo"" and ""42nd Street"", this fast-paced, dance-filled classic musical celebrates the stuff that dreams are made of.","250 Main Street, Northport, NY 11768",Northport,NY,11768.0,631-261-2900,$60.00,42nd Street,John W. Engeman Theater at Northport,Musical
"May 22, 2011","May 15 at 2:30, May 13 at 8:00, May 14 at 8:00, May 20 at 8:00, May 21 at 8:00, May 22 at 2:30",http://www.theatermania.com/indiana/shows/the-king-and-i_172266/,"May 6, 2011",http://www.footlite.org/55/kingandi/,"East versus West makes for a dramatic, richly textured and ultimately uplifting tale of enormous fascination. It is 1862 in Siam when an English widow, Anna Leonowens, and her young son arrive at the Royal Palace in Bangkok, having been summoned by the King to serve as tutor to his many children and wives. The King is largely considered to be a barbarian by those in the West, and he seeks Anna's assistance in changing his image, if not his ways. With both keeping a firm grip on their respective traditions and values, Anna and the King grow to understand and, eventually, respect one another, in a truly unique love story. Veteran Footlite director R. Brian Noffke will direct the production.","1847 N. Alabama St., Indianapolis, IN 46202",Indianapolis,IN,46202.0,317-926-6630,$12.00 - $17.00,The King and I,Hedback Theater,Musical
"May 29, 2011","May 28 at 2:30, May 28 at 8:00, May 21 at 2:30, May 21 at 8:00",http://www.theatermania.com/long-island/shows/aint-retirement-grand_180915/,"May 21, 2011",http://www.broadhollow.org,Back by popular demand! Ain't Retirement Grand?! by Gil Perlroth is a new musical welcoming all who qualify in to the humorous world of retirement.,"265 E. Main Street, East Islip, New York 11730",East Islip,New York,11730.0,631-581-2700,$15.00,Ain't Retirement Grand?!,BayWay Arts Center,Musical Comedy
"November 6, 2011","September 25 at 7:00, September 23 at 8:00, September 24 at 3:00, September 24 at 8:00, September 25 at 2:00, September 28 at 8:00, November 6 at 7:00, November 6 at 2:00, November 5 at 8:00, November 5 at 3:00, November 4 at 8:00, November 3 at 8:00, November 2 at 8:00, October 30 at 7:00, October 30 at 2:00, October 29 at 8:00, October 29 at 3:00, October 28 at 8:00, October 27 at 8:00, October 26 at 8:00, October 23 at 7:00, October 23 at 2:00, October 22 at 8:00, October 22 at 3:00, October 21 at 8:00, October 20 at 8:00, October 19 at 8:00, October 16 at 7:00, October 16 at 2:00, October 15 at 8:00, October 12 at 8:00, October 9 at 7:00, October 9 at 2:00, October 8 at 8:00, October 8 at 3:00, October 7 at 8:00, October 6 at 8:00, October 5 at 8:00, October 2 at 7:00, October 2 at 2:00, October 1 at 8:00, October 1 at 3:00, September 30 at 8:00, September 29 at 8:00, October 13 at 8:00, October 14 at 8:00, October 15 at 3:00, September 15 at 8:00, September 16 at 8:00, September 17 at 3:00, September 17 at 8:00, September 18 at 2:00, September 21 at 2:00, September 21 at 8:00, September 22 at 8:00",http://www.theatermania.com/long-island/shows/camelot_180032/,"September 15, 2011",http://www.johnwengemantheater.com/,"Experience Camelot's &quot;one brief, shining moment&quot; as Lerner and Loewe envisioned it in one of theater's wittiest, most literate musicals, filled with memorable tunes.    Idealistic King Arthur longs to create a perfectly principled kingdom, but sees his dream undone by a tragic love triangle involving Queen Guenevere and his best friend Lancelot. The medieval monarch's vision - a place where &quot;violence is not strength, and compassion is not weakness&quot; - speaks to our time and for all time.   This great romantic tragedy features enchanting musical numbers such as ""I Wonder What the King Is Doing Tonight"", ""Camelot"", ""The Lusty Month of May"", ""If Ever I Would Leave You"", and ""Guenevere.""  ","250 Main Street, Northport, NY 11768",Northport,NY,11768.0,631-261-2900,$60.00,Camelot,John W. Engeman Theater at Northport,Musical
"July 31, 2011","July 29 at 8:00, July 31 at 2:30, July 30 at 8:00, July 16 at 8:00, July 17 at 2:30, July 22 at 8:00, July 23 at 8:00, July 24 at 2:30, July 27 at 2:00",http://www.theatermania.com/long-island/shows/a-chorus-line_180516/,"July 16, 2011",,,"265 E. Main Street, East Islip, New York 11730",East Islip,New York,11730.0,631-581-2700,$14.00;&nbsp;$18.00;&nbsp;$20.00;&nbsp;$25.00,A Chorus Line,BayWay Arts Center,Musical
"September 4, 2011","August 11 at 8:00, September 4 at 7:00, September 3 at 8:00, September 2 at 8:00, September 1 at 8:00, August 31 at 8:00, August 31 at 2:00, August 30 at 8:00, August 28 at 7:00, August 27 at 8:00, August 27 at 4:00, August 26 at 8:00, August 25 at 8:00, August 24 at 8:00, August 24 at 2:00, August 23 at 8:00, August 21 at 7:00, August 20 at 8:00, August 20 at 4:00, August 19 at 8:00, August 18 at 8:00, August 17 at 8:00, August 17 at 2:00, August 16 at 8:00, August 14 at 7:00, August 13 at 8:00, August 12 at 8:00, August 10 at 8:00, August 10 at 2:00, August 9 at 8:00",http://www.theatermania.com/long-island/shows/enter-laughing-the-musical_180486/,"August 13, 2011",http://www.baystreet.org/,"Based on the semi-autobiographical novel by Carl Reiner, the musical tells the story of an errand boy from the Bronx who makes a delivery to the Big City with dreams of making it on the Great White Way. He encounters the madcap eccentrics that inhabit that world in this hilarious and tuneful adaptation of the hit play.","Bay Street & Main Street, Sag Harbor, NY 11963",Sag Harbor,NY,11963.0,631-725-9500,$65.00,Enter Laughing: The Musical,Bay Street Theatre,Musical
"June 5, 2011","June 1 at 8:00, June 2 at 8:00, June 3 at 8:00, June 4 at 3:00, June 4 at 8:00, June 5 at 2:00, June 5 at 7:00, May 27 at 8:00, May 29 at 7:00, May 12 at 8:00, May 11 at 8:00, May 28 at 8:00, May 28 at 3:00, May 29 at 2:00, May 26 at 8:00, May 25 at 8:00, May 22 at 7:00, May 22 at 2:00, May 21 at 8:00, May 21 at 3:00, May 20 at 8:00, May 19 at 8:00, May 18 at 8:00, May 15 at 7:00, May 15 at 2:00, May 14 at 8:00, May 14 at 3:00, May 13 at 8:00",http://www.theatermania.com/long-island/shows/guys-and-dolls_170528/,"April 14, 2011",http://www.johnwengemantheater.com/,"Set in Damon Runyon's mythical New York City, this oddball romantic comedy - considered by many to be the perfect musical comedy - soars with the spirit of Broadway as it introduces us to a cast of vivid characters.  Adelaide, the chronically ill nightclub performer whose condition is brought on by the fact she's been engaged to the same man for 14 years; Nathan Detroit, her devoted fiance, desperate as always to find a spot for his infamous floating crap game; Sarah Brown, the upright but uptight &quot;mission doll,&quot; out to reform the evildoers of Time Square; and Sky Masterson, the slick, high-rolling gambler who woos her on a bet and ends up falling in love.","250 Main Street, Northport, NY 11768",Northport,NY,11768.0,866-811-4111,$60.00,Guys and Dolls,John W. Engeman Theater at Northport,Musical Comedy
"August 28, 2011","August 26 at 8:00, July 17 at 2:00, July 16 at 8:00, July 16 at 3:00, July 15 at 8:00, July 14 at 8:00, July 13 at 8:00, July 13 at 2:00, July 10 at 2:00, July 9 at 8:00, July 9 at 3:00, July 8 at 8:00, July 7 at 8:00, July 31 at 7:00, August 3 at 8:00, August 4 at 8:00, August 5 at 8:00, August 6 at 3:00, August 6 at 8:00, August 7 at 2:00, August 7 at 7:00, August 10 at 2:00, August 10 at 8:00, August 11 at 8:00, August 12 at 8:00, August 13 at 3:00, August 13 at 8:00, August 14 at 2:00, August 14 at 7:00, August 17 at 8:00, August 18 at 8:00, August 19 at 8:00, August 20 at 3:00, August 20 at 8:00, August 21 at 2:00, August 21 at 7:00, August 24 at 8:00, August 25 at 8:00, August 27 at 3:00, August 27 at 8:00, July 31 at 2:00, August 28 at 7:00, August 28 at 2:00, July 30 at 8:00, July 30 at 3:00, July 29 at 8:00, July 28 at 8:00, July 27 at 8:00, July 24 at 7:00, July 24 at 2:00, July 23 at 8:00, July 23 at 3:00, July 22 at 8:00, July 21 at 8:00, July 20 at 8:00, July 17 at 7:00",http://www.theatermania.com/long-island/shows/hairspray_180031/,"July 7, 2011",http://www.johnwengemantheater.com/,"Hairspray delighted audiences by sweeping them away to 1960's Baltimore, where the 50's are out -- and change is in the air.    Loveable plus-size heroine, Tracy Turnblad, has a passion for dancing, and wins a spot on the local TV dance program, ""The Corny Collins Show."" Overnight she finds herself transformed from outsider to teen celebrity. Can a larger-than-life adolescent manage to vanquish the program's reigning princess, integrate the television show, and find true love (singing and dancing all the while, of course!) without mussing her hair? This Tony Award winning musical features such hits as ""Good Morning Baltimore"", ""Welcome to the 60's"" and ""You Can't Stop The Beat.""","250 Main Street, Northport, NY 11768",Northport,NY,11768.0,631-261-2900,$60.00,Hairspray,John W. Engeman Theater at Northport,Musical
"May 21, 2011","May 20 at 8:00, May 21 at 8:00, May 14 at 8:00, May 21 at 2:00, May 17 at 8:00, May 13 at 8:00",http://www.theatermania.com/long-island/shows/little-shop-of-horrors_180246/,"May 13, 2011",http://www.jamesstreetplayers.org/next.htm,"The timeless tale of a boy, his plant and the woman who stands between them...","21 James Street, Babylon, New York 11701",Babylon,New York,11701.0,866-811-4111,$15.00,Little Shop of Horrors,James Sreet Players,Musical
"January 15, 2012","December 22 at 2:00, November 25 at 3:00, November 25 at 8:00, November 26 at 3:00, November 26 at 8:00, November 27 at 2:00, November 30 at 8:00, December 1 at 8:00, December 2 at 8:00, December 3 at 3:00, December 3 at 8:00, December 4 at 2:00, December 4 at 7:00, December 7 at 2:00, December 7 at 8:00, December 8 at 8:00, December 9 at 8:00, December 10 at 3:00, December 10 at 8:00, December 11 at 2:00, December 11 at 7:00, December 14 at 8:00, December 15 at 8:00, December 16 at 8:00, December 17 at 3:00, December 17 at 8:00, December 18 at 2:00, December 18 at 7:00, December 20 at 3:00, December 20 at 8:00, December 21 at 2:00, December 21 at 8:00, December 22 at 8:00, December 23 at 8:00, December 24 at 3:00, December 24 at 8:00, December 25 at 2:00, December 25 at 7:00, December 26 at 2:00, December 26 at 7:00, December 27 at 3:00, December 27 at 8:00, December 28 at 2:00, December 28 at 8:00, December 29 at 8:00, December 30 at 8:00, December 31 at 3:00, December 31 at 8:00",http://www.theatermania.com/long-island/shows/the-music-man_180034/,"November 25, 2011",http://www.johnwengemantheater.com/,"An affectionate tribute to Smalltown, U.S.A. of a bygone era, Meredith Willson's The Music Man follows fast-talking traveling salesman Harold Hill as he cons the people of River City, Iowa into buying instruments and uniforms for a boys' band he vows to organize - this despite the fact he doesn't know a trombone from a treble clef. His plans to skip town with the cash, however, are foiled when he falls for Marian the librarian.  Filled with big laughs, barbershop quartets and classic musical numbers such as ""(Ya Got) Trouble"", ""Seventy-Six Trombones"", ""Goodnight Ladies"", ""Marian The Librarian and Till There Was You"", ""The Music Man"" is sure to delight the entire family.","250 Main Street, Northport, NY 11768",Northport,NY,11768.0,631-261-2900,$60.00,The Music Man,John W. Engeman Theater at Northport,Musical
"May 15, 2011","May 13 at 8:00, May 14 at 8:00, May 15 at 2:30, May 4 at 2:00",http://www.theatermania.com/long-island/shows/the-pajama-game-east-islip_180518/,"April 30, 2011",http://www.broadhollow.org,"Bright and funny, this tale pits the fiery union representative against the pajama shop superintendent.  The high-energy score brims with popular hits and musical theatre standards such as &quot;Hey There&quot; and &quot;Steam Heat&quot; that will keep you humming all the way home.","265 E. Main Street, East Islip, New York 11730",East Islip,New York,11730.0,631-581-2700,$14.00;&nbsp;$18.00;&nbsp;$20.00;&nbsp;$25.00,The Pajama Game (East Islip),BayWay Arts Center,Musical Comedy
"June 5, 2011","May 29 at 2:30, June 3 at 8:00, June 4 at 8:00, June 5 at 2:30, May 21 at 8:00, May 28 at 8:00, May 27 at 8:00, May 25 at 2:00, May 22 at 2:30",http://www.theatermania.com/long-island/shows/the-pajama-game-elmont_180519/,"May 21, 2011",http://www.broadhollow.org,"Bright and funny, this tale pits the feisty union representative against the pajama shop superintendent The high-energy score brims with popular hits and musical theater standards such as ""Hey There,"" and ""Steam Heat"" that will keep you humming all the way home.","700 Hempstead Turnpike, Elmont, New York 11003",Elmont,New York,11003.0,516-775-4420,$14.00;&nbsp;$18.00;&nbsp;$23.00;&nbsp;$25.00;&nbsp;$28.00,The Pajama Game (Elmont),BroadHollow,Musical Comedy
,May 22 at 2:00,http://www.theatermania.com/long-island/shows/pippi-longstocking_176267/,,http://www.landmarkonmainstreet.org/season_2010-11-children.html,The beloved childhood story character comes to life with original music and lyrics and full scale sets and costumes. This contemporary production will engage children and adults.,"232 Main Street, Port Washington, NY 11050",Port Washington,NY,11050.0,516-767-6444,$18.00,Pippi Longstocking,"Jeanne Rimsky Theater, Landmark on Main Street",Musical
"May 21, 2011","May 14 at 2:00, May 21 at 2:00",http://www.theatermania.com/long-island/shows/willy-wonka_180213/,"April 30, 2011",http://www.studiotheatreli.com,The timeless story of the world famous candy man and his quest to find an heir comes to life in this stage adaptation of Charlie and The Chocolate Factory.,"141 South Wellwood Avenue, Lindenhurst, NY 11757",Lindenhurst,NY,11757.0,866-811-4111,$8.00,Willy Wonka,Studio Theater,Musical
"June 19, 2011","June 5 at 10:30, June 11 at 11:00, May 22 at 10:30, May 21 at 11:00, June 12 at 10:30, May 14 at 11:00, May 15 at 10:30, June 18 at 11:00, June 19 at 10:30, May 28 at 11:00, May 29 at 10:30, June 4 at 11:00",http://www.theatermania.com/long-island/shows/the-wizard-of-oz_180209/,"April 23, 2011",http://www.johnwengemantheater.com,"The Wizard of Oz is based on the classic story by L. Frank Baum and is presented as a fresh new musical comedy, containing adventure, friendly characters and humor. People of all ages will enjoy this colorful classic fairy tale from somewhere over the rainbow!    Dorothy Gale, bored with her life on a Kansas farm, is swept away to a magical land by a tornado and sets off on a quest to see the Wizard who can help her return home. On her way she meets a Scarecrow who needs a brain, a Tin Man who wants a heart and a Cowardly Lion who desperately needs courage. They all hope the Wizard of Oz will help them, before the Wicked Witch of the West catches up with them.","250 Main Street, Northport, NY 11768",Northport,NY,11768.0,631-261-2900,$15.00,The Wizard of Oz,John W. Engeman Theater at Northport,Musical
"May 15, 2011",Schedule varies.,http://www.theatermania.com/rhode-island/shows/steel-magnolias_179800/,"April 15, 2011",http://www.trinityrep.com,"On her wedding day, Shelby is a vision in pink - two lovely shades! Her mother and friends gather at Truvy's Beauty Salon to prepare for the big day. Still, beauty, hairspray, and all the pink in the world can't protect this young woman from what lies ahead.    Brian Mertes directs this classic American comedy, written by Robert Harling.","201 Washington Street, Providence, RI 02903",Providence,RI,2903.0,401-351-4242,,Steel Magnolias,Trinity Repertory Company,Comedy
"June 5, 2011","May 21 at 8:00, May 11 at 7:00, May 12 at 8:00, May 13 at 8:00, May 14 at 8:00, May 15 at 2:00, May 15 at 7:00, May 18 at 7:00, May 19 at 8:00, June 5 at 7:00, June 5 at 2:00, June 4 at 8:00, June 3 at 8:00, June 2 at 8:00, June 1 at 7:00, May 29 at 7:00, May 29 at 2:00, May 28 at 8:00, May 27 at 8:00, May 26 at 8:00, May 25 at 7:00, May 22 at 7:00, May 22 at 2:00, May 20 at 8:00",http://www.theatermania.com/rhode-island/shows/why-torture-is-wrong-and-the-people-who-love-them_169888/,"May 5, 2011",http://www.gammtheatre.org,"From the screwball imagination of American playwright Christopher Durang (The Marriage of Bette & Boo, Beyond Therapy), an uproarious new comedy  about America's ongoing ""war on terror."" A young woman, Felicity, wakes up to a strange man, a hangover, and a whole lot of questions: Is her new husband, Zamir (who claims to be Irish), a terrorist, a crazed alcoholic, or both? Is her father's hobby of butterfly collecting for real, or is it a cover for his involvement in a right-wing shadow government? Is her mother a theater-loving eccentric, or is she actually insane? The New England premiere of Durang's 2009 Off-Broadway hit answers all these questions and more with the author's trademark rollicking wit!","172 Exchange Street, Pawtucket, RI 02860",Pawtucket,RI,2860.0,401-723-4266,$16.00 - $40.00,"Why Torture is Wrong, and the People Who Love Them",Gamm Theatre,Comedy
"September 3, 2011",Schedule varies.,http://www.theatermania.com/tennessee/shows/annie_175721/,"July 28, 2011",http://dinnertheatre.com/html/annie.html,,"8204 Highway 100, Nashville, TN 37221",Nashville,TN,37221.0,800-282-2276,$25.00 - $50.00,Annie,Chaffin's Barn Dinner Theatre,Musical
,"June 18 at 7:00, June 23 at 7:00, June 24 at 7:00, June 25 at 2:00, June 25 at 7:00, June 26 at 2:00, June 30 at 7:00, July 1 at 7:00, July 2 at 2:00, July 2 at 7:00, July 3 at 2:00, July 7 at 7:00, July 8 at 7:00, July 9 at 2:00, July 9 at 7:00, July 10 at 2:00, July 14 at 7:00, July 15 at 7:00, July 16 at 2:00, July 16 at 7:00, July 17 at 2:00, July 21 at 7:00, July 22 at 7:00, July 23 at 2:00, July 23 at 7:00, July 24 at 2:00, July 28 at 7:00, July 29 at 7:00, July 30 at 2:00, July 30 at 7:00, July 31 at 2:00, May 12 at 7:00, May 13 at 7:00, May 14 at 2:00, May 14 at 7:00, May 15 at 2:00, May 19 at 7:00, May 20 at 7:00, May 21 at 2:00, May 21 at 7:00, May 22 at 2:00, May 26 at 7:00, May 27 at 7:00, May 28 at 2:00, May 28 at 7:00, May 29 at 2:00, June 2 at 7:00, June 3 at 7:00, June 4 at 2:00, June 4 at 7:00, June 5 at 2:00, June 9 at 7:00, June 10 at 7:00, June 11 at 2:00, June 11 at 7:00, June 12 at 2:00, June 16 at 7:00, June 17 at 7:00, June 18 at 2:00, June 19 at 2:00",http://www.theatermania.com/louisiana/shows/hats_129811/,"January 25, 2007",http://www.harrahs.com,"Celebrate fun and friendship after fifty as one woman meets the big five-O with five members of the Red Hat Society. It's a fabulous stand-up and cheer experience, with songs by Melissa Manchester, Susan Birkenhead, Kathie Lee Gifford, Pam Tillis, and more. Hats! is a great time, no matter what side of fifty you're on!","512 S Peters Street, New Orleans, LA 70130",New Orleans,LA,70130.0,504-533-6600,$49.00-$54.00,Hats!,Harrah's New Orleans,Musical
,"May 28 at 8:00, May 29 at 3:00, June 2 at 8:00, June 3 at 8:00, June 4 at 8:00, June 5 at 3:00, June 9 at 8:00, June 26 at 3:00, July 14 at 8:00, May 19 at 8:00, June 30 at 8:00, July 1 at 8:00, July 2 at 8:00, July 3 at 3:00, July 7 at 8:00, May 12 at 8:00, July 8 at 8:00, July 9 at 8:00, July 10 at 3:00, May 13 at 8:00, May 14 at 8:00, May 15 at 3:00, May 20 at 8:00, May 21 at 8:00, May 22 at 3:00, May 26 at 8:00, May 27 at 8:00, July 15 at 8:00, July 16 at 8:00, July 17 at 3:00, July 21 at 8:00, July 22 at 8:00, June 25 at 8:00, June 24 at 8:00, June 23 at 8:00, June 19 at 3:00, June 18 at 8:00, June 17 at 8:00, June 16 at 8:00, June 12 at 3:00, June 11 at 8:00, June 10 at 8:00, July 23 at 8:00, July 24 at 3:00, July 28 at 8:00, July 29 at 8:00, July 30 at 8:00, July 31 at 3:00",http://www.theatermania.com/san-francisco/shows/absolutely-san-francisco_180539/,"March 17, 2011",http://www.absolutelysanfrancisco.com,"Extended run starring Darlene Popovic!  Not Quite Opera Productions' world premiere musical Absolutely San Francisco extends its 2011 run in the new Alcove Theater, with award-winning local favorite Darlene Popovic as ""Sunshine the Homeless Lady"" and five other ""typical"" San Franciscans.   Darlene gives a tour-de-force performance as 'Sunshine the Homeless Lady' - and a spectrum of people found only in San Francisco - in a musical comedy gem about lost love and the San Francisco experience. The heartwarming and whimsical book and lyrics by Anne Nygren Doherty turn the city's stereotypes on their heads only to reveal the heart and soul of its citizens. The audience laughs and cries while taking an intimate, and sometimes interactive, tour of the City by the Bay. Called ""Absolutely amazing,"" by SF Northside. ""Fun and funny"" -SF  Bay Times. ""Absolutely San Francisco IS SF!"" - Beyond Chron","414 Mason Street, San Francisco, California 94102",San Francisco,California,94102.0,415-992-8168,$32.00;&nbsp;$50.00,Absolutely San Francisco,The Alcove Theater,Musical
"June 25, 2011","June 4 at 8:00, June 12 at 2:00, May 19 at 8:00, June 9 at 8:00, June 16 at 8:00, June 17 at 8:00, June 18 at 8:00, June 23 at 8:00, June 24 at 8:00, June 25 at 8:00, June 10 at 8:00, May 20 at 8:00, May 21 at 8:00, May 22 at 2:00, May 26 at 8:00, May 27 at 8:00, May 28 at 8:00, June 2 at 8:00, June 3 at 8:00, June 11 at 8:00",http://www.theatermania.com/san-francisco/shows/angry-housewives-the-musical-comedy_180559/,"May 20, 2011",http://www.bruka.org,"Br&uuml;ka Theatre presents Angry Housewives - The Musical Comedy. Bored with their everyday lives and kept in insignificance by their boyfriends/husbands, these are four angry women. They try a number of outlets, but nothing suits until one of them strikes a chord on her guitar and suggests that they form a punk rock group to enter the upcoming talent show at the neighborhood punk club? Their group ""The Angry Housewives,"" enter and win. This genial satire of contemporary feminism ran for ages in Seattle and has had numerous successful productions across the country.     ""The show is insistently outrageous, frequently funny, occasionally witty and altogether irresistible.""--- Seattle Times    The sixth play of the 2010/2011 Br&uuml;ka Theatre season, Angry Housewives opens with a post show champagne reception catered by The Wild River Grille and Back of The House on Friday, May 20, 2011.  The June 12 Matinee is followed by a talkback with the company.  The doors open a half an hour before curtain time.","99 North Virginia Street, Reno, Nevada 89501",Reno,Nevada,89501.0,775-323-3221,$18.00 - $25.00,Angry Housewives - The Musical Comedy,Bruka Theatre,Musical Comedy
"July 3, 2011","June 15 at 8:00, June 22 at 2:00, June 21 at 8:00, June 19 at 2:00, June 18 at 8:00, June 18 at 2:00, June 17 at 8:00, June 16 at 8:00, June 22 at 8:00, June 15 at 2:00, June 14 at 8:00, June 12 at 2:00, June 11 at 8:00, June 11 at 2:00, June 10 at 8:00, June 9 at 8:00, June 8 at 8:00, June 8 at 2:00, June 7 at 7:00, June 5 at 8:00, June 5 at 2:00, June 4 at 8:00, June 4 at 2:00, May 18 at 8:00, May 19 at 8:00, May 20 at 8:00, May 21 at 8:00, May 24 at 8:00, May 25 at 8:00, May 26 at 8:00, May 27 at 8:00, May 28 at 2:00, May 28 at 8:00, May 29 at 2:00, May 29 at 8:00, May 31 at 8:00, June 1 at 8:00, June 2 at 8:00, June 3 at 8:00, July 3 at 2:00, July 2 at 8:00, July 2 at 2:00, July 1 at 8:00, June 30 at 8:00, June 29 at 8:00, June 29 at 2:00, June 28 at 8:00, June 25 at 8:00, June 25 at 2:00, June 24 at 8:00, June 23 at 8:00",http://www.theatermania.com/san-francisco/shows/armistead-maupins-tales-of-the-city_178222/,"May 18, 2011",http://www.act-sf.org,"Three decades after Armistead Maupin mesmerized millions with his daily column in the city's newspapers, detailing the lives and (multiple) loves of Mary Ann, Mouse, Mona, Brian, and their beloved but mysterious landlady, Mrs. Madrigal, his iconic San Francisco saga comes home as a momentous new musical from the Tony Award-winning creators of Avenue Q (librettist Jeff Whitty and director Jason Moore) and the musical minds behind the glam-rock phenomenon Scissor Sisters (composers Jake Shears and John Garden).","415 Geary Street, San Francisco, CA 94102",San Francisco,CA,94102.0,415-749-2228,$33.00 - $108.00,Armistead Maupin's Tales of the City,American Conservatory Theater,Musical
"July 31, 2011","July 24 at 12:00, July 30 at 12:00, July 31 at 12:00, July 31 at 5:00, July 17 at 12:00, July 16 at 12:00, July 10 at 5:00, July 10 at 12:00, July 9 at 12:00, June 19 at 12:00, July 17 at 5:00, June 19 at 5:00, June 25 at 12:00, June 26 at 12:00, June 26 at 5:00, July 2 at 12:00, July 3 at 12:00, July 3 at 5:00, July 23 at 12:00, July 24 at 5:00",http://www.theatermania.com/san-francisco/shows/assisted-living-the-musical_180874/,"July 9, 2011",http://www.AssistedLivingTheMusical.com,"Bay Area audiences will have the opportunity to see the &quot;hit musical that asks the question…. Asks the question…. What was the question, again?&quot;  A rollicking ride through the pleasures and perils of later life, Assisted Living: The Musical&reg;, by Rick Compton and Betsy Bennett, has been billed as an affectionate tribute to everyone who is growing older, or plans to do so someday. The show stars local favorites Bob Greene and Zoe Conner.","818 Washington Street, San Francisco, CA 94108",San Francisco,CA,94108.0,1-888-885-2844,"$79.59 general, $99.50 VIP seating and gift bag",Assisted Living: The Musical,The Imperial Palace,Musical
,"July 27 at 8:00, July 29 at 8:00, July 30 at 6:30, July 30 at 9:30, July 31 at 2:00, July 31 at 5:00, June 18 at 9:30, June 18 at 6:30, June 17 at 8:00, June 16 at 8:00, June 15 at 8:00, June 12 at 5:00, June 12 at 2:00, June 11 at 9:30, June 11 at 6:30, June 10 at 8:00, June 9 at 8:00, June 8 at 8:00, June 5 at 5:00, June 5 at 2:00, June 4 at 9:30, June 4 at 6:30, June 3 at 8:00, June 2 at 8:00, June 1 at 8:00, May 29 at 5:00, May 29 at 2:00, May 28 at 9:30, May 28 at 6:30, May 27 at 8:00, May 26 at 8:00, May 25 at 8:00, May 22 at 5:00, May 22 at 2:00, May 21 at 9:30, May 21 at 6:30, May 20 at 8:00, May 19 at 8:00, May 18 at 8:00, May 15 at 5:00, May 15 at 2:00, May 14 at 9:30, May 14 at 6:30, May 13 at 8:00, May 12 at 8:00, May 11 at 8:00, June 19 at 2:00, June 19 at 5:00, June 22 at 8:00, June 23 at 8:00, June 24 at 8:00, June 25 at 6:30, June 25 at 9:30, June 26 at 2:00, June 26 at 5:00, June 29 at 8:00, June 30 at 8:00, July 1 at 8:00, July 2 at 6:30, July 2 at 9:30, July 3 at 2:00, July 3 at 5:00, July 6 at 8:00, July 7 at 8:00, July 8 at 8:00, July 9 at 6:30, July 9 at 9:30, July 10 at 2:00, July 10 at 5:00, July 13 at 8:00, July 14 at 8:00, July 15 at 8:00, July 16 at 6:30, July 16 at 9:30, July 17 at 2:00, July 17 at 5:00, July 20 at 8:00, July 21 at 8:00, July 22 at 8:00, July 23 at 6:30, July 23 at 9:30, July 24 at 2:00, July 24 at 5:00, July 28 at 8:00",http://www.theatermania.com/san-francisco/shows/beach-blanket-babylon_729/,,http://www.beachblanketbabylon.com,"The always-changing Steve Silver's Beach Blanket Babylon is the nation's longest running musical revue.  Packed with hilarious spoofs of pop culture, spectacular costumes, outrageously gigantic hats and one show-stopping number after another, the show has performed over 35 years and continues to dazzle audiences at Club Fugazi in North Beach.     Snow White continues her fast-paced musical journey around the world in search of her ""Prince Charming"" and encounters a star-studded, ever-changing line-up of hilarious pop-culture characters along the way, including President Barack & Michelle Obama, Beyonc&eacute;, Rush Limbaugh, Governor Sarah Palin, Britney Spears, Speaker of the House Nancy Pelosi, Secretary of State Hillary Clinton (and her husband Bill), Oprah Winfrey, Governor Arnold Schwarzenegger and the Jonas Brothers.","678 Beach Blanket Babylon Boulevard, San Francisco, CA 94133",San Francisco,CA,94133.0,415-421-4222,$25.00 - $130.00,Beach Blanket Babylon,Club Fugazi,Musical
"September 13, 2011",Schedule varies.,http://www.theatermania.com/san-francisco/shows/billy-elliot-the-musical_171051/,"June 27, 2011",http://www.shnsf.com,"Billy Elliot the Musical is the funny, heartwarming tale of a young boy with a dream, and a celebration of his triumph against the odds. Set against the historic British miners' strike of the 1980s, the story follows Billy's journey as a boy in a small mining town who, after stumbling across a ballet class while on his way to a boxing lesson, realizes that his future lay not in the boxing ring but on stage as a dancer.","1192 Market St., San Francisco, CA 94102",San Francisco,CA,94102.0,888-746-1799,,Billy Elliot the Musical,Orpheum Theatre,Musical
"June 5, 2011","May 21 at 8:00, May 28 at 8:00, May 29 at 2:00, June 4 at 8:00, June 5 at 2:00, May 14 at 8:00, May 15 at 2:00",http://www.theatermania.com/san-francisco/shows/bisceglies-sf-follies_180337/,"May 7, 2011",http://www.sffollies.com,"Irreverent musical revue roasts SF to perfection. Meet the city's famous and not so famous personalities, politicians, celebs, kooks, and killers as they expose San Francisco's best and worst of times. Don't miss this non-stop jaw-dropping musical revue, overflowing with singing, dancing and outrageous comedy!","Beach Street and The Embarcadero, San Francisco, CA 94133",San Francisco,CA,94133.0,1-800-838-3006,$35.00,Bisceglie's SF Follies,Theatre 39 at Pier 39,Musical Comedy
"June 25, 2011",Schedule varies.,http://www.theatermania.com/san-francisco/shows/blues-in-the-night_166639/,"May 19, 2011",http://www.CenterREP.org,"You'll be Stompin' at the Savoy! to the songs of Duke Ellington, Johnny Mercer, Bessie Smith and more.  This dynamic, jazzy, blues-drenched musical combines 26 hot and torchy blues songs from the 1920s and '30s and adds an irresistible twist to the stage musical genre.","1601 Civic Drive, Walnut Creek, CA 94596",Walnut Creek,CA,94596.0,925-943-7469,$41.00,Blues In The Night,Center Repertory Theater,Musical
"May 15, 2011","May 15 at 3:00, May 14 at 8:00, May 14 at 3:00, May 13 at 8:00, May 12 at 8:00",http://www.theatermania.com/san-francisco/shows/cabaret_179895/,"April 15, 2011",http://www.6thstreetplayhouse.com,"The Tony award-winning musical, Cabaret, tells the tale of a young American writer whose life is turned upside down when he settles in 1929 Berlin. It's a time when the world economy was in turmoil and World War II was on the horizon...and when the only escape from reality was at the provocative Kit Kat Klub cabaret.","52 West 6th Street, Santa Rosa, CA 95401",Santa Rosa,CA,95401.0,707-523-4185,$22.00-$39.00,Cabaret,6th Street Playhouse G.K. Hardt Theatre,Musical
"May 15, 2011","May 13 at 7:30, May 11 at 1:00, May 11 at 7:30, May 12 at 7:30, May 14 at 1:00, May 14 at 7:30, May 15 at 1:00, May 15 at 6:00",http://www.theatermania.com/san-francisco/shows/cats_180651/,"May 5, 2011",http://shnsf.com/theatres/orpheum,"There's no better way to introduce your family to the wonders of live theatre than with the magic, the mystery, the memory of Cats. What began as a musical about cats after Andrew Lloyd Webber picked up a book of poems in an airport bookshop has become one of the longest running shows in Broadway's history. Winner of seven Tony Awards including Best Musical, Cats features 20 of Andrew Lloyd Webber's timeless melodies, including the hit song ""Memory.""","1192 Market St., San Francisco, CA 94102",San Francisco,CA,94102.0,888-746-1799,$30.00 - $150.00,Cats,Orpheum Theatre,Musical
"June 4, 2011","May 20 at 8:00, May 21 at 8:00, May 22 at 3:00, May 26 at 7:30, May 27 at 8:00, May 28 at 8:00, June 2 at 7:30, May 13 at 8:00, May 14 at 8:00, May 15 at 3:00, May 19 at 7:30, May 29 at 3:00, May 12 at 7:30, June 3 at 8:00, June 4 at 8:00",http://www.theatermania.com/san-francisco/shows/chicago_180658/,"May 13, 2011",http://www.willowstheatre.com/Shows/2011_Season/Campbell_Stage/Show_2/Chicago.htm,"Chicago is a musical tale of ""murder, greed, corruption, violence, exploitation, adultery and treachery--all those things we hold near and dear to our hearts."" Paint the town red with merry murderesses Roxie Hart, Velma Kelly, their hotshot lawyer, Billy Flynn, and the iconic choreography of Bob Fosse.","636 Ward Street, Martinez, CA 94553",Martinez,CA,94553.0,925-798-1300,$20.00;&nbsp;$25.00 - $30.00,Chicago,Willows Cabaret at the Campbell Theatre,Musical Play
"May 29, 2011","May 14 at 8:00, May 29 at 2:30, May 28 at 8:00, May 27 at 8:00, May 22 at 2:30, May 21 at 8:00, May 20 at 8:00, May 15 at 2:30, May 13 at 8:00",http://www.theatermania.com/maine/shows/side-show_169749/,"May 13, 2011",http://www.portlandplayers.org,"Conjoined twins Daisy and Violet Hilton started off as a circus act, then became famous stage performers in the 1930s.  This moving musical, based on a true story, is complemented by a wonderful, rich score.","420 Cottage Road, South Portland, ME 04106",South Portland,ME,4106.0,207-799-7337,Adults: $20.00;&nbsp;Seniors: $18.00;&nbsp;Students (w/ID): $15.00,Side Show,Portland Players,Drama
"June 19, 2011","June 3 at 8:00, June 2 at 7:30, June 8 at 7:30, June 19 at 2:30, June 18 at 7:30, June 18 at 3:00, June 17 at 8:00, June 16 at 7:30, June 15 at 7:30, June 14 at 7:30, June 12 at 2:30, June 11 at 7:30, June 11 at 3:00, June 10 at 8:00, June 9 at 7:30, June 1 at 7:30, June 7 at 7:30, June 5 at 2:30, June 4 at 7:30, June 4 at 3:00, May 27 at 8:00, May 28 at 3:00, May 28 at 7:30, May 29 at 2:30, May 31 at 7:30",http://www.theatermania.com/new-york-state/shows/blood-type-ragu_180563/,"May 27, 2011",http://capitalrep.org/season/33%20Variations.html,"Written and performed by Frank Ingrasciotta     Regional Premiere    Straight from its critically acclaimed off-Broadway run, Actor/Playwright Frank Ingrasciotta gives a tour de force performance portraying over 20 characters in this one-man play. Blood Type: RAGU is a funny and tender coming-of-age story exploring the first-generation American's delicate dance between culture and identity! It's not just a comedy, not just a drama - its about family, and we all have one!","11 North Pearl Street, Albany, New York 12207",Albany,New York,12207.0,,,blood type: ragu,Capital Repertory Theater,Drama
"May 22, 2011","May 21 at 4:00, May 11 at 7:30, May 20 at 7:30, May 21 at 8:00, May 12 at 7:30, May 13 at 7:30, May 14 at 4:00, May 22 at 2:00, May 14 at 8:00, May 15 at 2:00, May 18 at 7:30, May 19 at 7:30",http://www.theatermania.com/maine/shows/the-syringa-tree_169731/,"May 3, 2011",http://www.portlandstage.org,"A deeply evocative story about the abiding love between two families - one black, one white - that spans four generations of South Africans. This ""tour de force"" for one actress brings twenty four very different characters to vibrant life on stage, revealing not just the complexities of the world they share - their dreams, struggles, laughter, and losses - but their shared humanity.","25 Forest Avenue, Portland, ME 04101",Portland,ME,4101.0,207-774-0465,$13.00 - $36.00,The Syringa Tree,Portland Stage Company,Drama
"May 15, 2011","May 11 at 7:30, May 13 at 8:00, May 14 at 3:00, May 14 at 7:30, May 15 at 2:30, May 12 at 7:30",http://www.theatermania.com/new-york-state/shows/kingdom-of-the-shore_180562/,"April 22, 2011",http://www.capitalrep.org/season/Kingdom.html,"The four Maloney sisters have a problem. What to do with the house that has been the family's summer retreat for over fifty years? A symbol of their ascendancy to the American upper middle class from Irish immigrant roots, it has become a battlefield for clashing memories and poignant disillusionment. In this new drama, an eventful June weekend leads the sisters to draw back the lace curtain on the disenchantment of Irish-Americans at the end of the rainbow when they discover the pot of gold has tarnished.","11 North Pearl Street, Albany, New York 12207",Albany,New York,12207.0,518-346-6204,$30.00 - $50.00,Kingdom of the Shore,Capital Repertory Theater,Drama
"November 5, 2011",Schedule varies.,http://www.theatermania.com/oregon/shows/the-african-company-presents-richard-iii_175705/,"July 20, 2011",http://www.osfashland.org/browse/production.aspx?prod=204,"In 1820s Manhattan, a homegrown company of free black actors, passionate about creating art out of their own experience, draws packed houses of blacks--and whites. Performing jobs of servitude by day, they rehearse Richard III at night. But when they dare to open at the same time as New York's premiere theatre opens its own Richard III, there is no room for competition. Based on a real incident, this provocative play is a must-see for Shakespeare and theatre history lovers--and anyone else who cares to ask: Who owns Shakespeare's words?    Age recommendation: The African Company Presents Richard III is a fascinating historical drama with racial tension but no overt violence. It is suitable for students 12 and up who are prepared for the historical context of the play and able to handle the occasional use of a negative racial epithet. Prologue recommended.    Schedule varies, see website.","15 S. Pioneer Street, Ashland, OR 97520",Ashland,OR,97520.0,541-482-4331,$20.00-$80.50,The African Company Presents Richard III,Oregon Shakespeare Festival,Play
"May 30, 2011","May 28 at 8:00, May 9 at 3:00, May 13 at 8:00, May 14 at 8:00, May 20 at 7:30, May 20 at 8:00, May 21 at 8:00, May 30 at 3:00, May 27 at 8:00",http://www.theatermania.com/oregon/shows/almost-maine_177202/,"April 30, 2011",http://coastertheatre.com/AlmostMaine.html,"This play by John Cariani is a whimsical look at the joys and perils of romance. Magical happenings bloom beneath the snow drifts in the remote, mythical town of Almost, Maine. On a cold, clear, moonless night in the middle of winter, all is not what it seems.  Beneath the glow of the northern lights in a star-filled sky the residents of Almost, a town that is almost a town, find themselves falling in and out of love in surprising and often hilarious ways.  Hearts are broken and knees are bruised, but the hearts mend and the bruises heal -almost- in this delightful midwinter night's dream. Don't miss these nine tales of love in the time of frostbite - tales that aim for the heart by way of the funny bone.","108 N Hemlock, Cannon Beach, OR 97110",Cannon Beach,OR,97110.0,503-436-1242,$8.00-$20.00,"Almost, Maine",Coaster Theatre Playhouse,Play
"November 5, 2011",Schedule varies.,http://www.theatermania.com/oregon/shows/august-osage-county_175703/,"April 23, 2011",http://www.osfashland.org/browse/production.aspx?prod=203,"There's a funnel cloud over Oklahoma, coming your way. It's American theatre's newest twisted family, the Westons. In the eye of the storm are three damaged sisters, their pill-popping mother and a houseful of troubled relatives. Tagged by The New York Times as &quot;probably the most exciting new American play Broadway has seen in years,&quot; Tracy Letts' comic tragedy exposes the emotional destruction that rips through generations if nothing stops its path. This Pulitzer Prize winner is a domestic disaster that's entertaining as all get-out.     Age recommendation: The play contains strong profanity and deals with drug use, suicide, incest and an adult's attempt to take sexual advantage of an underage girl. It is appropriate for mature and prepared students age 16 and up. Please view our full age recommendation here.    Schedule Varies, see website.","15 S. Pioneer Street, Ashland, OR 97520",Ashland,OR,97520.0,541-482-4331,$20.00-$81.50,August: Osage County,Oregon Shakespeare Festival,Play
"November 5, 2011",Schedule varies.,http://www.theatermania.com/oregon/shows/ghost-light_176169/,"June 28, 2011",http://www.osfashland.org/browse/production.aspx?prod=207,"Few experience the death of a parent against the backdrop of history. In Taccone's evocative new play, Jon is a theatre director haunted for years by the assassination of his father, San Francisco Mayor George Moscone. When asked to stage a production of Hamlet, the ghost of the king stalks the battlement of Jon's mind and heart, and he is summoned to confront his long buried feelings. Smartly laced with poetry and wit, this world premiere is rooted in a crime that shocked a nation and changed a city--and a young boy--forever.    Contains mature themes, strong profanity and graphic sexual language as well as homophobic slurs. It is recommended for mature students 16 and up.    Schedule Varies, See Website.","15 South Pioneer Street, Ashland, OR 97520",Ashland,OR,97520.0,800-219-8161,$20.00-$81.50,Ghost Light,New Theatre at Oregon Shakespeare Festival,Play
"October 7, 2011",Schedule varies.,http://www.theatermania.com/oregon/shows/henry-iv-part-ii_176202/,"May 31, 2011",http://www.osfashland.org/browse/production.aspx?prod=208,"In this wilder, darker continuation of the Henry IV story, anarchy looms, rebellion is reignited and loyalties turn on a dime. The antics of a more degenerate Falstaff and betrayals in court cast a shadow as the once wayward Prince Hal struggles to prove to his dying father--and himself--that he can be the ruler his country so desperately needs. Don't miss the uneasy transfer of power from father to son in a production that dynamically juxtaposes old and new.     The play contains bawdy scenes in a brothel, as well as challenging political and moral themes. It is best suited for students 13 and up who have some knowledge of the historical context.","15 South Pioneer Street, Ashland, OR 97520",Ashland,OR,97520.0,800-219-8161,$20.00-$81.50,"Henry IV, Part II","Elizabethan Stage/Allen Pavilion, Oregon Shakespeare Festival",Play
"November 6, 2011",Schedule varies.,http://www.theatermania.com/oregon/shows/the-imaginary-invalid_175521/,"February 20, 2011",http://www.osfashland.org/browse/production.aspx?prod=201,"The wealthy Argan is a housebound hypochondriac with every disease in the book. Lurking around are quacks only too happy to (mis)treat him. Family troubles, including a money-grubbing wife and two headstrong daughters, add to Argan's miseries. Moli&egrave;re's 17th century comedy gets an injection of 1960s French pop culture from the same team that re-imagined The Servant of Two Masters to the delight of 2009 Festival audiences. Original songs, satirical bite and the requisite bawdiness. Warning: Excessive laughter may be hazardous to your health.     Will be best enjoyed by playgoers 11 and up who can handle the potty humor and appreciate the satiric nature of the comedy. Please view our full age recommendation here.","15 S. Pioneer Street, Ashland, OR 97520",Ashland,OR,97520.0,541-482-4331,$20.00-$80.50,The Imaginary Invalid,Oregon Shakespeare Festival,Play
"October 6, 2011",Schedule varies.,http://www.theatermania.com/oregon/shows/julius-caesar_176132/,"March 23, 2011",http://www.osfashland.org/browse/production.aspx?prod=206,"The road to Hell is paved with honorable intentions. Adoring commoners would crown Caesar, but Caesar's fellow politicians debate the popular leader's ambition. Fearful for the Republic, tormented by uncertainty and driven by questionable motives, they plot an assassination. What justifies murder, and what is the shocking aftermath? The volatile, complex nature of government and the fallibility of those in power boil down in the intimate New Theatre to one pressure cooker of a tragedy.    The play is best suited for well prepared viewers 12 and up.","15 South Pioneer Street, Ashland, OR 97520",Ashland,OR,97520.0,800-219-8161,$20.00-$81.50,Julius Caesar,New Theatre at Oregon Shakespeare Festival,Play
"June 18, 2011",Schedule varies.,http://www.theatermania.com/oregon/shows/the-language-archive_176067/,"February 24, 2011",http://www.osfashland.org/browse/production.aspx?prod=205,"George is a brilliant linguist whose life work is capturing the world's vanishing languages. Speaking of vanishing, George's wife is headed out the door because he can't find the right words to express himself. At work, George's assistant is mute with adoration for him. Enter the last two speakers of the Ellowan language--the long-married Alta and Resten, a funny and fractious truth-talking couple. Cho's magical prize-winning tale, loaded with life's contradictions--love and loss, happiness and pain, endings and beginnings--explores the force and failings of words.     The play contains occasional strong profanity and is best suited for students 13 and up who can handle the language.    Schedule varies see website.","15 South Pioneer Street, Ashland, OR 97520",Ashland,OR,97520.0,800-219-8161,$20.00-$90.50,The Language Archive,New Theatre at Oregon Shakespeare Festival,Play
"November 6, 2011",Schedule varies.,http://www.theatermania.com/oregon/shows/measure-for-measure_175507/,"February 18, 2011",http://www.osfashland.org/browse/production.aspx?prod=200,"The Duke's authoritarian deputy, Angelo, is hell-bent on stamping out moral decay. He reactivates outdated Draconian laws and aims his arrogant crosshairs at a young man whose fianc&eacute;e is pregnant, sentencing him to death. Angelo is sternly incorruptible--until he meets Isabela, a beautiful religious novice whose desirability arouses him. Flavored with live music by the mariachi band Las Colibri, Rauch's vigorous, modern production of Shakespeare's tragicomedy reveals what can happen when sex, religion and politics collide.    Shakespeare's tragicomedy explores restraint and lack of restraint. It is a compelling mix of the things we're still obsessed with--morality, religion and politics. It is best suited for mature 14-year-olds and up. Prologue recommended. Please view our full age recommendation here.    Schedule Varies, see website.","15 S. Pioneer Street, Ashland, OR 97520",Ashland,OR,97520.0,541-482-4331,$20.00-$81.50,Measure For Measure,Oregon Shakespeare Festival,Play
"November 4, 2012",Schedule varies.,http://www.theatermania.com/oregon/shows/romeo-and-juliet_179612/,"February 17, 2012",,Part of the Oregon Shakespeare Festival    Angus Bowmer Theatre,"15 S. Pioneer Street, Ashland, OR 97520",Ashland,OR,97520.0,,,Romeo and Juliet,Oregon Shakespeare Festival,Play
"September 4, 2011","August 20 at 8:00, August 28 at 8:00, August 29 at 7:00, July 28 at 8:00, June 18 at 8:00, June 19 at 8:00, August 7 at 8:00, August 8 at 7:00, August 11 at 8:00, August 19 at 7:30, July 24 at 8:00, July 17 at 8:00, July 16 at 8:00, July 7 at 8:00, June 27 at 7:00, June 26 at 8:00, June 25 at 8:00, June 24 at 8:00, July 25 at 7:00",http://www.theatermania.com/oregon/shows/rumors_177203/,"June 18, 2011",http://coastertheatre.com/Rumors.html,"Neil Simon's side-splitting comedy, is the story of four couples who arrive at the house of New York City's deputy mayor to celebrate his wedding anniversary.  However, the party never begins because the host has shot himself and his wife is missing.  The first couple to arrive, after seeing what has happened (it is just a flesh wound), try to cover up the situation to avoid a scandal.  The cover up becomes increasingly difficult to sustain as more guests arrive and nobody can keep track of who has been told what! Hilarity abounds as doors slam and the situation spins wildly out of control!  The arrival of two policemen at the height of the confusion prompts one of the funniest finales Simon has ever written.","108 N Hemlock, Cannon Beach, OR 97110",Cannon Beach,OR,97110.0,503-436-1242,$8.00-$20.00,Rumors,Coaster Theatre Playhouse,Play
"July 3, 2011",Schedule varies.,http://www.theatermania.com/oregon/shows/to-kill-a-mockingbird_175548/,"February 19, 2011",http://www.osfashland.org/browse/production.aspx?prod=202,"A sultry summer in 1930s Alabama suddenly shifts for Scout, when her father, Atticus Finch, defends a black man unjustly accused of raping a white woman. Atticus' courageous act unleashes the town's wrath and endangers his family. Ultimately, the trial's tragic aftermath causes a ripple of change in a country town locked in old ways--and has an indelible effect on a young girl's understanding of right and wrong. Based on the Pulitzer Prize-winning novel that, 50 years later, still prods our national moral conscience.    Suitable and highly recommended for students 12 and up. Prologue recommended. Please view our full age recommendation here.    Schedule Varies, see website.","15 S. Pioneer Street, Ashland, OR 97520",Ashland,OR,97520.0,541-482-4331,$20.00-$80.50,To Kill a Mockingbird,Oregon Shakespeare Festival,Play
"November 5, 2011",Schedule varies.,http://www.theatermania.com/oregon/shows/ghost-light_176169/,"June 28, 2011",http://www.osfashland.org/browse/production.aspx?prod=207,"Few experience the death of a parent against the backdrop of history. In Taccone's evocative new play, Jon is a theatre director haunted for years by the assassination of his father, San Francisco Mayor George Moscone. When asked to stage a production of Hamlet, the ghost of the king stalks the battlement of Jon's mind and heart, and he is summoned to confront his long buried feelings. Smartly laced with poetry and wit, this world premiere is rooted in a crime that shocked a nation and changed a city--and a young boy--forever.    Contains mature themes, strong profanity and graphic sexual language as well as homophobic slurs. It is recommended for mature students 16 and up.    Schedule Varies, See Website.","15 South Pioneer Street, Ashland, OR 97520",Ashland,OR,97520.0,800-219-8161,$20.00-$81.50,Ghost Light,New Theatre at Oregon Shakespeare Festival,Drama
"May 21, 2011","May 14 at 3:00, May 21 at 8:00, May 21 at 3:00, May 20 at 7:30, May 19 at 7:30, May 18 at 7:30, May 15 at 2:00, May 14 at 8:00, May 13 at 7:30, May 12 at 7:30, May 1 at 7:30",http://www.theatermania.com/boston/shows/antony-and-cleopatra_179825/,"April 30, 2011",http://www.actorsshakespeareproject.org/season7/antony_cleo.html,"Antony and Cleopatra brings us close to great leaders and iconic lovers in the tumult of a changing world. Greatness pervades the play, but when the fa&ccedil;ade of greatness begins to crack, things spin out of control and our heroes engage in a great human scramble to protect their stature and power. Cleopatra becomes trapped in a cage of celebrity. Antony makes mistakes and cannot recover. This beautiful and tragic play allows us to experience, in one intimate evening, the heights what we want but cannot have, and take us on a personal journey into greatness, celebrity, sacrifice, love and loss.","525 Washington Street, Boston, MA 02111",Boston,MA,2111.0,866-811-4111,$21.00 - $48.00,Antony & Cleopatra,The Modern Theatre at Suffolk University,Drama
"October 7, 2011",Schedule varies.,http://www.theatermania.com/oregon/shows/henry-iv-part-ii_176202/,"May 31, 2011",http://www.osfashland.org/browse/production.aspx?prod=208,"In this wilder, darker continuation of the Henry IV story, anarchy looms, rebellion is reignited and loyalties turn on a dime. The antics of a more degenerate Falstaff and betrayals in court cast a shadow as the once wayward Prince Hal struggles to prove to his dying father--and himself--that he can be the ruler his country so desperately needs. Don't miss the uneasy transfer of power from father to son in a production that dynamically juxtaposes old and new.     The play contains bawdy scenes in a brothel, as well as challenging political and moral themes. It is best suited for students 13 and up who have some knowledge of the historical context.","15 South Pioneer Street, Ashland, OR 97520",Ashland,OR,97520.0,800-219-8161,$20.00-$81.50,"Henry IV, Part II","Elizabethan Stage/Allen Pavilion, Oregon Shakespeare Festival",Drama
"March 18, 2012",,http://www.theatermania.com/boston/shows/bakersfield-mist_179091/,"February 26, 2012",http://www.newrep.org/bakersfield_mist.php,"Maude Gutman has bought the ugliest thrift store painting she could get her hands on as a gag gift. After the painting is rejected, Maude tries to offload it at a yard sale where she learns it might be much more than junk--it just might be the &quot;find of the century,&quot; an undiscovered Jackson Pollock painting. When Lionel Percy, a renowned art expert, arrives at Maude's trailer to investigate the painting's potential, the two embark on a fiery debate over class, truth, and what we personally perceive as valuable. Inspired by a true story, this National New Play Network Rolling World Premiere by Stephen Sachs asks, what makes a work of art truly authentic?","321 Arsenal Street, Watertown, MA 02472",Watertown,MA,2472.0,617-923-8487,,Bakersfield Mist,New Repertory Theatre at Arsenal Center for the Arts,Drama
"October 6, 2011",Schedule varies.,http://www.theatermania.com/oregon/shows/julius-caesar_176132/,"March 23, 2011",http://www.osfashland.org/browse/production.aspx?prod=206,"The road to Hell is paved with honorable intentions. Adoring commoners would crown Caesar, but Caesar's fellow politicians debate the popular leader's ambition. Fearful for the Republic, tormented by uncertainty and driven by questionable motives, they plot an assassination. What justifies murder, and what is the shocking aftermath? The volatile, complex nature of government and the fallibility of those in power boil down in the intimate New Theatre to one pressure cooker of a tragedy.    The play is best suited for well prepared viewers 12 and up.","15 South Pioneer Street, Ashland, OR 97520",Ashland,OR,97520.0,800-219-8161,$20.00-$81.50,Julius Caesar,New Theatre at Oregon Shakespeare Festival,Drama
"October 16, 2011","July 22 at 8:00, July 23 at 8:00, July 29 at 8:00, July 30 at 8:00, August 5 at 8:00, August 6 at 8:00, August 14 at 8:00, August 15 at 7:00, August 18 at 8:00, August 26 at 7:30, August 27 at 8:00, September 16 at 8:00, July 21 at 8:00, September 25 at 8:00, September 24 at 8:00, September 9 at 8:00",http://www.theatermania.com/oregon/shows/a-talent-for-murder_177205/,"July 21, 2011",http://www.coastertheatre.com/TalentforMurder.html,"A Talent For Murder is a suspenseful drama about an internationally famous mystery novelist whose relatives would consider doing anything to get their hands on her money. Her money is in the form of an invaluable art collection, which, to the horror of her heirs, the novelist has considered donating to the Museum of Modern Art. To a quartet of greedy family members, add an elderly live-in doctor and former lover, as well as a somewhat mysterious but savvy butler, and you have the makings of a complex whodunit. This comic thriller was produced by the BBC with Angela Lansbury, of which critics wrote, &quot;Fans of Murder She Wrote will love this play&quot;. This Edgar Award winner is stylishly entertaining fun that keeps you guessing up to the final moments.","108 N Hemlock, Cannon Beach, OR 97110",Cannon Beach,OR,97110.0,503-436-1242,$8.00-$20.00,A Talent For Murder,Coaster Theatre Playhouse,Drama
"December 18, 2011","December 7 at 7:30, December 4 at 2:00, December 3 at 8:00, December 3 at 3:00, December 2 at 8:00, December 1 at 7:30, December 10 at 8:00, December 10 at 3:00, December 9 at 8:00, December 8 at 7:30, November 27 at 2:00, November 30 at 7:30, December 18 at 2:00, December 17 at 8:00, December 17 at 3:00, December 16 at 8:00, December 15 at 7:30, December 14 at 7:30, December 11 at 2:00",http://www.theatermania.com/boston/shows/collected-stories_179088/,"November 27, 2011",http://www.newrep.org/collected_stories.php,"Ruth Steiner, a critically acclaimed, seasoned author, takes her student, Lisa, under her wing. What begins as a mentorship flourishes into a deeper maternal friendship. When Lisa becomes a much-admired published writer and uses Ruth's secretive life story for her own novel, the balance of power shifts and the boundaries of their relationship is called into question. Pulitzer Prize-winning playwright Donald Margulies challenges audiences to answer the questions: Does your story belong to you? Does someone else have the right to tell your story?","321 Arsenal Street, Watertown, MA 02472",Watertown,MA,2472.0,617-923-8487,,Collected Stories,New Repertory Theatre at Arsenal Center for the Arts,Drama
"May 13, 2012",,http://www.theatermania.com/boston/shows/ghostwriter_180406/,"April 19, 2012",http://www.merrimackrep.org/,"When a famous novelist dies before finishing his masterwork, his devoted secretary completes the story on her own. Is she perpetrating a fraud, or does her insistent claim that she continues to receive his dictation after his passing hold some truth?     ""A lovely and stirring drama about the written word and the emotions it can provoke.""-Talkin' Broadway","50 East Merrimack Street, Lowell, MA 01852",Lowell,MA,1852.0,978-654-4678,,Ghost-Writer,Merrimack Repertory Theatre,Drama
"February 5, 2012",,http://www.theatermania.com/boston/shows/long-days-journey-into-night_179090/,"January 15, 2012",http://www.newrep.org/long_days.php,"Join New Rep as we explore this 1957 Pulitzer Prize-winning classic by one of America's most renowned playwrights, Eugene O'Neill. This semi-autobiographical masterpiece intimately examines the addictions, regrets, and deceits of the tormented Tyrone family. Through the course of a heart-wrenching day, the members of the family confront one another as their blame, resentment, and animosity explodes. Don't miss the talented Will Lyman and Karen MacDonald joining forces to deliver new powerful performances in this American masterpiece.","321 Arsenal Street, Watertown, MA 02472",Watertown,MA,2472.0,617-923-8487,,Long Day's Journey into Night,New Repertory Theatre at Arsenal Center for the Arts,Drama
"May 22, 2011","May 21 at 3:00, May 20 at 8:00, May 19 at 7:30, May 15 at 2:00, May 14 at 8:00, May 14 at 3:00, May 13 at 8:00, May 12 at 7:30, May 11 at 7:30, May 5 at 2:00, May 2 at 7:30, May 1 at 7:30, May 22 at 2:00, May 21 at 8:00",http://www.theatermania.com/boston/shows/passing-strange_165370/,"May 1, 2011",http://www.newrep.org,"This 2008 Tony Award-winning modern Broadway musical, takes audiences on a pilgrimage led by a Narrator who shares his life through song.   This soulful journey follows a young man from a comfortable, suburban neighborhood in Los Angeles, to the coffeehouses of an Amsterdam paradise, and finally to the riotous art houses of West Berlin, as he searches for his artistic and personal voice--what he calls ""the real."" Experience one man's personal story through this uniquely passionate musical.","321 Arsenal Street, Watertown, MA 02472",Watertown,MA,2472.0,617-923-8487,$28.00 - $63.00,Passing Strange,New Repertory Theatre at Arsenal Center for the Arts,Drama
"October 9, 2011",Schedule varies.,http://www.theatermania.com/boston/shows/the-persian-quarter_180286/,"September 15, 2011",http://www.merrimackrep.org/home/News.aspx?NewsId=102,"In a land rich with history, two women are thrown together by a diplomatic crisis. Thirty years later, a chance encounter by their daughters leads to revelations of a shared past. An invigorating drama about the power words have to reveal truths as well as hide them, and ultimately to bridge a cultural divide.","50 East Merrimack Street, Lowell, MA 01852",Lowell,MA,1852.0,978-654-4678,,The Persian Quarter,Merrimack Repertory Theatre,Drama
"May 15, 2011",Schedule varies.,http://www.theatermania.com/boston/shows/a-picasso_168015/,"April 21, 2011",http://www.merrimackrep.org/season/show.aspx?sid=96,"This cat-and-mouse game is full of sly humor, sexual tension and suspense. In an underground vault in war-torn Paris, a more singular conflict takes place between an enigmatic female officer from the Ministry of Culture and the world famous painter, Pablo Picasso. With his work and possibly his life at stake, Picasso's negotiations are marked by mutual manipulation, unexpected revelations and a surprising final intrigue. (Contains Adult Language and Suggestive Dialogue)","50 East Merrimack Street, Lowell, MA 01852",Lowell,MA,1852.0,978-654-4678,,A Picasso,Merrimack Repertory Theatre,Drama
"June 19, 2011",Schedule varies.,http://www.theatermania.com/boston/shows/richard-iii_170018/,"May 18, 2011",http://www.huntingtontheatre.org/,"In Richard III, director Edward Hall and his British cast bring a great villain to unsparing life. A rigorous approach to classic text mixes with dynamic physicality and modern flair in the all-male Propeller productions, the theatrical event of the season.    Presented in repertory with The Comedy of Errors.","264 Huntington Avenue, Boston, MA 02115",Boston,MA,2115.0,617-266-0800,,Richard III,Huntington Theatre Company,Drama
,"June 30 at 8:00, July 14 at 8:00, July 7 at 8:00, June 23 at 8:00, June 16 at 8:00, June 9 at 8:00, June 2 at 8:00, May 26 at 8:00, May 19 at 8:00, May 12 at 8:00, July 28 at 8:00, July 21 at 8:00",http://www.theatermania.com/michigan/shows/the-catfight_126598/,"October 12, 2006",http://www.improvinferno.com,"The Catfight is an improv comedy fight to the finish.  Two of the hottest local improv groups perform, then the audience gets to determine who comes back next week, and who goes home in shame.  It's a guaranteed good time!","102 S. 1st Street, Ann Arbor, MI 48104",Ann Arbor,MI,48104.0,734-214-7080,$5.00,The Catfight,Live at PJ's,Comedy
"May 22, 2011",Schedule varies.,http://www.theatermania.com/georgia/shows/barefoot-in-the-park_172265/,"May 13, 2011",http://www.cherokeetheatre.org/shows.htm,"This show focuses on newlyweds Corie and Paul Bratter and their adventures living in a minuscule sixth floor walk-up apartment in a Greenwich Village brownstone. Stuffed-shirt Paul is a hard-working young attorney just starting his practice, while spontaneous bride Corie is determined to create a romantic environment in one room with no heat, a hole in the skylight, and oddball neighbors.","The Canton Theatre, 171 East Main Street, Canton, Georgia 30114",Canton,Georgia,30114.0,770-591-0282,$5.00-$18.00,Barefoot in the Park,Cherokee Theatre Company,Comedy
,"June 17 at 8:00, July 29 at 8:00, July 15 at 8:00, July 8 at 8:00, July 1 at 8:00, June 24 at 8:00, June 10 at 8:00, June 3 at 8:00, July 22 at 8:00, May 13 at 8:00, May 20 at 8:00, May 27 at 8:00",http://www.theatermania.com/michigan/shows/citizen-improv_126599/,"October 13, 2006",http://www.improvinferno.com,"Real people, real stories, real funny.  Citizen Improv is an improvised comedy show where comedians create scenes based on stories told by audience members.  Real people share their thoughts, experiences, joys and frustrations which then serve as the inspiration for improv scenes. Using non-actors from the Ann Arbor community, Citizen Improv is about connecting with the community and giving a voice to the common person.","102 S. 1st Street, Ann Arbor, MI 48104",Ann Arbor,MI,48104.0,734-214-7080,$10.00,Citizen Improv,Live at PJ's,Comedy
,"May 14 at 8:00, June 18 at 8:00, July 9 at 8:00, July 16 at 8:00, July 23 at 8:00, July 30 at 8:00, May 21 at 8:00, June 25 at 8:00, July 2 at 8:00, June 11 at 8:00, June 4 at 8:00, May 28 at 8:00",http://www.theatermania.com/michigan/shows/the-damnation-game_126601/,"October 14, 2006",http://www.improvinferno.com,"The Damnation Game is why Improv Inferno was voted the Best Local Comedy Troupe by Real Detroit. Part Whose Line is it Anyway?, part Let's Make a Deal, it's the Comedy Game Show from Hell. A group of comedians play outrageously funny improv games, winning points on behalf of selected audience members. The show is raucous and very interactive. Audience members offer suggestions as well as having the chance to get on stage and win fabulous prizes.  ""Devilishly Delightful"" - Between the Lines ""Recommended"" - New City ""Absolutely Hysterical"" - The Michigan Daily","102 S. 1st Street, Ann Arbor, MI 48104",Ann Arbor,MI,48104.0,734-214-7080,$10.00,The Damnation Game,Live at PJ's,Comedy
"August 7, 2011","August 5 at 8:00, August 7 at 3:00, August 6 at 8:00",http://www.theatermania.com/georgia/shows/a-flea-in-her-ear_177222/,"August 5, 2011",http://www.fabrefaction.org,"A Flea in Her Ear is the greatest of French farces, perhaps the greatest farce ever written. Raymonde Chandebise suspects that her husband, Victor, a placid and successful insurance executive, is secretly having an affair. To find out, she and her friend Lucienne write him an anonymous love letter suggesting a rendezvous at the shady Frisky Puss Hotel. Thinking the letter was intended for his coworker, the gigolo Tournel, Victor sends Tournel off to make the rendezvous in his place. Lucienne s jealous Spanish husband, meanwhile, finds the letter, recognizes his wife s handwriting and takes his pistols to the Frisky Puss, hoping to catch her in the act. Meanwhile, Victor s nephew Camille tries to warn everyone about the mix-up, but his ridiculous speech impediment prevents anyone from understanding him. In Act Two, all decamp to the Frisky Puss where, it turns out, the drunken bellboy Poche is the exact double of the proper Victor Chandebise. Meeting Poche and thinking she s been caught by her husband, Raymonde keeps trying to escape from the hotel with Tournel, but a revolving bed keeps flinging them from room to room, as more and more of the involved parties pile into the hotel in a climax culminating in the entrance of the jealous Spaniard and his pistols. In Act Three the vortex spins even faster as all the parties return to the Chandebise home utterly confused about what actually happened and who was who at the Frisky Puss. The drunken bellboy arrives, is mistaken once again for Victor, and all the threads of the multiple mix-ups are sorted out as Victor and Raymonde recognize their mutual confusions and are reunited.","999 Brady Avenue, Atlanta, Georgia 30318",Atlanta,Georgia,30318.0,404-876-9468,$15.00 - $30.00,A Flea In Her Ear,Fabrefaction Theatre Company,Comedy
"May 29, 2011","May 27 at 8:00, May 14 at 8:00, May 15 at 2:00, May 20 at 8:00, May 13 at 8:00, May 21 at 8:00, May 22 at 2:00, May 29 at 2:00, May 28 at 8:00",http://www.theatermania.com/michigan/shows/dirty-rotten-scoundrels_172245/,"May 13, 2011",http://www.birminghamvillageplayers.com,"Based on the 1988 hit movie of the same name, Dirty Rotten Scoundrels is the story of two con men - the elegant Lawrence Jamison and the upstart Freddie Benson - and their attempts to fleece all the rich women who summer on the French Riviera. The game gets so clever, you won't know who's conning who, but you'll be laughing so hard that you won't care.","34660 Woodward Avenue, Birmingham, MI 48009",Birmingham,MI,48009.0,248-644-2075,$16.00,Dirty Rotten Scoundrels,Birmingham Village Players,Comedy
"August 14, 2011",Schedule varies.,http://www.theatermania.com/georgia/shows/an-ideal-husband_173747/,"August 5, 2011",http://www.townandgownplayers.org/mainstage.php?show=111,"Sir Robert Chiltern is a successful Government minister, well-off and with a loving wife. All this is threatened when Mrs Cheveley appears in London with damning evidence of a past misdeed. Sir Robert turns for help to his friend Lord Goring, an apparently idle philanderer and the despair of his father. Goring knows the lady of old, and, for him, takes the whole thing pretty seriously. Another of Wilde's social satires, An Ideal Husband revolves around the lives of two men, successful political figure Sir Robert Chiltern and his friend the uninspired but utterly charming Lord Arthur Goring. Chiltern's life is perfect thanks to the help of his loving and brilliant wife Gerturde and the support of his quick witted sister Mabel. Goring's life is one of lounging, flirting with Mabel, and avoiding his father's instance that he should marry. The world of these men is turned upside down by the arrival of old acquaintance Mrs. Laura Cheveley who has come with blackmail in mind. Chiltern could lose everything including Gertrude. It is up to his wife and Goring to confront this dilemma, but it could risk Goring's chances to finally win over Mabel. As the comments and lies begin to fly about, it's revealed that the man thought to be perfect is flawed, the man with all the flaws must do something right, and the question remains: what makes an ideal husband?","115 Grady Ave, Athens, Georgia 30603",Athens,Georgia,30603.0,706-208-8696,$5.00-$18.00,An Ideal Husband,Athens Community Theater,Comedy
,"June 26 at 8:00, May 15 at 8:00, May 22 at 8:00, May 29 at 8:00, June 5 at 8:00, June 12 at 8:00, June 19 at 8:00, July 3 at 8:00, July 10 at 8:00, July 17 at 8:00, July 24 at 8:00, July 31 at 8:00",http://www.theatermania.com/michigan/shows/get-up-stand-up_126603/,"October 15, 2006",http://www.improvinferno.com,"Presented in an open mike comedy format, a select group of comics take the stage in Get Up! Stand Up!  Featuring experienced pros and up and coming rookies, audiences are guaranteed to laugh while discovering new comics.","102 S. 1st Street, Ann Arbor, MI 48104",Ann Arbor,MI,48104.0,734-214-7080,$5.00,Get Up!  Stand Up!,Live at PJ's,Comedy
"May 14, 2011","May 14 at 8:00, May 13 at 8:00, May 12 at 8:00",http://www.theatermania.com/michigan/shows/grey-gardens_171641/,"April 29, 2011",http://www.stagecrafters.org,"Take a musical trip to the East Hamptons on Long Island where the hilarious and heartbreaking story of the eccentric aunt and cousin of Jacqueline Kennedy Onassis unfolds. Big Edie and her daughter, Little Edie, once bright names atop the social register, have become the area's most notorious recluses. The two share a dysfunctional relationship behind the closed doors of the dilapidated mansion named Grey Gardens. Based on the famous documentary of the same name, this musical has been called ""bold, haunting and hypnotic.""    Audience Advisory: Adult content and situations.    Due to the intimacy of the theatre and the proximity of the stage to the seating area, there will be no late seating.","415 S. Lafayette, Royal Oak, MI 48067",Royal Oak,MI,48067.0,248-541-6430,$16.00-$18.00,Grey Gardens,Baldwin Theatre,Comedy
"May 15, 2011","May 15 at 2:30, May 13 at 8:00, May 12 at 8:00, May 14 at 8:00",http://www.theatermania.com/georgia/shows/the-importance-of-being-ernest_172890/,"May 12, 2011",http://www.sumterplayer.org/Season.php#secondshow,By: Oscar Wilde,"310 West Lamar Street, Americus, Georgia 31709",Americus,Georgia,31709.0,1-877-662-2312,,The Importance of Being Ernest,Sumter Players,Comedy
"June 12, 2011","June 5 at 2:00, May 28 at 8:00, May 26 at 8:00, May 22 at 2:00, May 21 at 8:00, May 20 at 8:00, May 29 at 2:00, June 2 at 8:00, June 3 at 8:00, June 4 at 8:00, May 27 at 8:00, June 9 at 8:00, June 10 at 8:00, June 11 at 8:00, June 12 at 2:00",http://www.theatermania.com/michigan/shows/hairspray_171046/,"May 20, 2011",http://www.stagecrafters.org,"Hairspray has delighted audiences by sweeping them away to 1960's Baltimore, where the 50's are out -- and change is in the air. Loveable plus-size heroine, Tracy Turnblad, has a passion for dancing, and wins a spot on the local TV dance program, ""The Corny Collins Show."" Overnight she finds herself transformed from outsider to teen celebrity. Can a larger-than-life adolescent manage to vanquish the program's reigning princess, integrate the television show, and find true love (singing and dancing all the while, of course!) without mussing her hair?     Audience Advisory: Adult content and situations, sexual references and situations, brief, mild language.","415 S. Lafayette, Royal Oak, MI 48067",Royal Oak,MI,48067.0,248-541-6430,$16.00-$22.00,Hairspray,Baldwin Theatre,Musical Comedy
"August 14, 2011","August 11 at 8:00, July 28 at 8:00, July 29 at 8:00, July 30 at 8:00, July 31 at 2:00, August 2 at 8:00, August 3 at 8:00, August 4 at 8:00, August 5 at 8:00, August 6 at 8:00, August 7 at 2:00, August 7 at 7:00, August 9 at 8:00, August 10 at 8:00, August 12 at 8:00, August 13 at 2:00, August 13 at 8:00, August 14 at 2:00",http://www.theatermania.com/georgia/shows/noises-off_180477/,"July 29, 2011",http://www.gashakespeare.org/noises_off,"Clandestine affairs, out-of-control egos, drunken frivolity... and that's just what is happening backstage! Michael Frayn's hilarious farce takes you behind the curtain with a mediocre touring company trying to put on a terrible play and making a delightfully entertaining mess of it. Sure to be the blockbuster comedy of the summer, Noises Off will have you laughing until it hurts.","Oglethorpe University, 4484 Peachtree Road NE<br>              Atlanta, GA 30319",4484 Peachtree Road NE<br>              Atlanta,GA,30319.0,404-264-0020,,Noises Off,Conant Performing Arts Center,Comedy
,"May 15 at 9:30, May 22 at 9:30, May 29 at 9:30, June 5 at 9:30, June 12 at 9:30, June 19 at 9:30, June 26 at 9:30, July 3 at 9:30, July 10 at 9:30, July 17 at 9:30, July 24 at 9:30, July 31 at 9:30",http://www.theatermania.com/michigan/shows/rap-it-up_126605/,"October 15, 2006",http://www.improvinferno.com,"Rap It Up! is an improv comedy rap battle.  When six of Improv Inferno's best comedians and most rhythmically challenged rappers take the stage, hilarity and hip-hoppity ensues. It's like 8 Mile, only intentionally funny.","102 S. 1st Street, Ann Arbor, MI 48104",Ann Arbor,MI,48104.0,734-214-7080,$5.00,Rap It Up!,Live at PJ's,Comedy
"June 6, 2011",Schedule varies.,http://www.theatermania.com/georgia/shows/over-the-river-and-through-the-woods_171806/,"May 12, 2011",http://www.auroratheatre.com/new/index.php?option=com_content&view=article&id=92&Itemid=15,"Sunday dinner at the Gianelli's house is not to be missed.  Nick is the only grandson, so when he is offered a promotion that will take him to the west coast, the family goes into panic mode and no amount of cooking can solve the problem.  In this heartfelt comedy about growing old, one generation struggles to understand another.","128 W. Pike Street, Lawrenceville, GA 30045",Lawrenceville,GA,30045.0,678-226-6222,,Over the River and Through the Woods,Aurora Theatre,Comedy
,Schedule varies.,http://www.theatermania.com/georgia/shows/playing-in-traffic_141107/,"February 10, 2008",http://www.pitimprov.com/home.html,Playing in Traffic started as a small class at the Professional Actors Studio in the Spring of 2005.,"2849 Piedmont Rd NE, Atlanta, GA 30305",Atlanta,GA,30305.0,,$10.00;&nbsp;$5.00 Ages 12 & under,Playing in Traffic,The Professional Actors Studio,Comedy
,"May 29 at 10:30, May 22 at 10:30, May 15 at 10:30, June 5 at 10:30, June 12 at 10:30, June 19 at 10:30, June 26 at 10:30, July 24 at 10:30, July 31 at 10:30, July 3 at 10:30, July 10 at 10:30, July 17 at 10:30",http://www.theatermania.com/michigan/shows/the-sweet-spot-with-eye-candy_126606/,"October 15, 2006",http://www.improvinferno.com,"It's never the same twice as the improv supergroup Eye Candy performs hysterical character based improv. Winners of Improv Inferno's First March Madness Improv Tournament, these guys are flat out funny.  They recently finished fifth in the FX network's pilot competition with a television pilot ""Party Animals"" for Castle Creek Productions, which debuted at the Improv Inferno to a sold out house.  Catch The Sweet Spot with Eye Candy before Hollywood grabs them and they get famous.","102 S. 1st Street, Ann Arbor, MI 48104",Ann Arbor,MI,48104.0,734-214-7080,$5.00,The Sweet Spot with Eye Candy,Live at PJ's,Comedy
"June 5, 2011","June 5 at 2:00, June 2 at 8:00, May 29 at 2:00, May 28 at 8:00, May 27 at 8:00, May 26 at 8:00, June 3 at 8:00, June 4 at 8:00",http://www.theatermania.com/georgia/shows/sex-please-were-sixty_173381/,"May 26, 2011",http://www.stgplays.com/pages/plays/2010-2011/Sex%20Please.html,"Mrs. Stancliffe's Rose Cottage Bed & Breakfast has been successful for many years.  With faithful guests (nearly all women), and an elderly, silver-tongued, neighbor (who believes they come to spend time with him). The prim and proper proprietress steadfastly denies this, but takes no action against it.  She realizes that &quot;Bud the Stud&quot; is, in fact, good for business.  Henry, Mrs. Stancliffe's would-be suitor-as well as the chemist who developed a blue pill called &quot;Venusia,&quot; to increase the libido of menopausal women; yet untested. Add to the guest list: a romance novelist whose personal life seems to be lacking in romance; a friend of Henry's who has agreed to test the Venusia: and a &quot;Southern Belle&quot; whose libido does not need to be increased!  When Bud gets his hands some of the pills fun begins.  We soon discover that Venusia has a strange effect on men: it gives them all the symptoms of menopausal women, complete with hot flashes, mood swings, weeping and irritability! When the mayhem settles down, all the women find their lives moving in new and surprising directions.","20 West Campbellton St., Fairburn, Georgia 30213",Fairburn,Georgia,30213.0,770-969-0956,$12.00-$15.00,"Sex Please, We're Sixty",Southside Theatre Guild,Comedy
"May 15, 2011",Schedule varies.,http://www.theatermania.com/boston/shows/emerging-america-festival_180577/,"May 13, 2011",http://www.emergingamericafestival.org,"The American Repertory Theater (A.R.T.), Huntington Theatre Company, and the Institute of Contemporary Art/Boston present the second annual Emerging America Festival.    The festival brings together some of the country's most promising performers, writers, companies, and directors for a weekend filled with energy, imagination, creativity, and drama. Events will be held at all three artistic homes throughout the festival: the A.R.T. at OBERON, 2 Arrow St. Cambridge MA; the Huntington's Calderwood Pavilion at the BCA, 527 Tremont Street, Boston; and the ICA at 100 Northern Avenue, Boston.     This year's events will include Bellona, Destroyer of Cities, adapted and directed by Jay Scheib after Samuel R. Delany's Dhalgren; Beowulf - A Thousand Years of Baggage by Banana Bag and Bodice; Psyched, by Ryan Landry, featuring Larry Coen; The Un-Official Guide to Audience Watching Performance by Raphael Xavier; Grand Theft Ovid, by Eddie Kim; City Council Meeting, by Aaron Landsman; Fornicated From the Beatles, by Mikhael Tara Garver and The New Ensemble; and The Momentum by Collaboration Town.    In addition, there will be a ""Join the Conversation! Brunch"" at the BCA on May 15 at Noon for festival-goers to talk about the weekend's adventures and experiences, and including live music and performers to be announced. The festival's closing party will be held at OBERON on May 15 at 8pm, featuring The Lisps.",,,,,,,Emerging America Festival,Various Locations,Festival
