address,city,cost,description,eventURL,location,locationName,moreDetailURL,name,phone,picture,showTime,state,subCategory,venue,zip
3000 Paradise Rd,Las Vegas,$37.85 - $70.85,"You'll swear &quot;he's&quot; back in the building! Nationally recognized Elvis tribute artist and winner of ABC's &quot;The Next Best Thing,&quot; Trent Carlini, combines his uncanny resemblance and incredible vocal ability in a performance that will electrify you. In his most powerful tribute yet to the 'King of Rock and Roll,' Carlini will take viewers on a retrospective of Elvis Presley's career, from his unforgettable Rock-a-billy session, through the movie years, his `68 comeback period and the Las Vegas years of the `70s. With multiple costume changes, unbelievable visual media and more than 25 different hits, Trent Carlini truly showcases the King's exciting life in entertainment.",http://www.lvhilton.com,Off-Strip,Las Vegas Hilton,http://www.visitlasvegas.com/vegas/play/shows/details?eventId=17220,&#034;The King&#034; starring Trent Carlini at Las Vegas Hilton,(702) 732-5111,http://www.visitlasvegas.com/web-images/shows/22593.jpeg,7pm,NV,Impersonator &amp; Tribute Act,Shimmer Cabaret,89109.0
2000 Las Vegas Blvd S,Las Vegas,$46.25;  dinner package $51.50; Child $29.99,"Performance tributes are a true Las Vegas art form, and &quot;American Superstars&quot; doesn't disappoint, with a talented cast including Britney Spears, Carrie Underwood, Elvis, Tim McGraw, Michael Jackson channelers.  The full-scale production show features dance routines and a quality band to back up the doppelgangers of music today and years gone by.  Group rates are also available for the show.  Please check lineup of acts before purchasing tickets.  Lineup subject to change without notice.",http://www.stratospherehotel.com/entertainment/american_superstars.cfm,Strip,Stratosphere Casino and Hotel,http://www.visitlasvegas.com/vegas/play/shows/details?eventId=280,American Superstars at Stratosphere Casino and Hotel,(702) 380-7777,http://www.visitlasvegas.com/web-images/shows/2842.jpeg,"Sun - Tue 7pm, Wed, Fri - Sat 6:30pm &amp; 8:30pm",NV,Impersonator &amp; Tribute Act,Theatre of the Stars,89104.0
3667 Las Vegas Blvd S,Las Vegas,$55 - $68,Catch this great tribute act as they perform the music of and impersonate the look of the legendary Beatles.,http://www.varietytheater.com/b-beatleshow-tribute.htm,Strip,Planet Hollywood Resort &amp; Casino,http://www.visitlasvegas.com/vegas/play/shows/details?eventId=10778,BeatleShow! at Planet Hollywood Resort &amp; Casino,(702) 260-7200,http://www.visitlasvegas.com/web-images/shows/15290.jpeg,5:30pm,NV,Impersonator &amp; Tribute Act,V Theater (Miracle Mile Shops),89109.0
3595 Las Vegas Blvd S,Las Vegas,Free.,"Big Elvis performs all the hits of the King of Rock &amp; Roll, as well as some other popular tunes in the genres of Rock, Country, Gospel, R &amp; B, and Pop spanning 6 decades of music. Big Elvis interacts with his audience, invites them to participate in his show and performs their requests, often including not just popular, but also obscure songs.  During his renditions of Elvis ballards Big Elvis shows his warm heart and bares his soul to the extent that there is not a dry eye in the room.",http://www.billslasvegas.com/entertainment/lounge/big-elvis/,Strip,Bill's Gamblin' Hall &amp; Saloon,http://www.visitlasvegas.com/vegas/play/shows/details?eventId=16442,BIG ELVIS at Bill's Gamblin' Hall &amp; Saloon,(702) 737-2100,http://www.visitlasvegas.com/web-images/shows/21725.jpeg,"3pm, 5pm, 6:30pm",NV,Impersonator &amp; Tribute Act,The Lounge,89109.0
129 E Fremont St,Las Vegas,$33 - $71.50,"Country Superstars Tribute, a fast-paced, concert style event, features a world-class live five-piece band and tribute artists to some of the biggest names in country music history, such as Willie Nelson, Garth Brooks, Tim McGraw, Reba McEntire, Kenny Chesney and more! The Country Superstars Tribute delivers an unforgettable entertainment experience that treats audiences to the sights and sounds of America's heartland in a manner that country fans have come to expect.",http://www.goldennugget.com,Downtown,Golden Nugget,http://www.visitlasvegas.com/vegas/play/shows/details?eventId=18066,Country Superstars Tribute at Golden Nugget,(702) 385-7111,http://www.visitlasvegas.com/web-images/shows/23764.jpeg,9:30pm,NV,Impersonator &amp; Tribute Act,Gordie Brown Showroom,89101.0
2901 Las Vegas Blvd S,Las Vegas,$51.99 - $84.99,"He's a one man show that covers the decades.  Greg London recreates your favorite legends and icons in this musical impersonation show.  Don't miss your favorite recording artists as only Greg can perform them.  It's an evening of great music and comedy!  Here's little list of people that appear in his show: Elvis Presley, Neil Diamond, Billy Joel, Tina Turner , Ray Charles, Sammy Davis, Jr., Rod Stewart, Michael Jackson, Macy Gray , Tony Bennett, David Cassidy, Dean Martin, David Ruffin and Eddie Kendricks of The Temptations, Smokey Robinson, Freddie Mercury/Queen, Barry Manilow, Elton John, Joe Cocker, Bruce Springsteen, Dire Straits, Eric Clapton, Jim Morrison of the Doors, ZZ Top, David Bowie, Axl Rose, Neil Young, Gordon Lightfoot, Bob Dylan, Robin Gibb of The Bee Gees, Johnny Cash, Waylon Jennings, Garth Brooks, Randy Travis, Kenny Rogers, Willie Nelson, Julio Iglesias, Tom Jones, Arnold Schwarzenegger, Ozzy Osbourne, Kermit The Frog, James Bond (Sean Connery version), Austin Powers and the &quot;Phantom of the Opera.&quot;",http://www.rivierahotel.com,Strip,Riviera Hotel &amp; Casino,http://www.visitlasvegas.com/vegas/play/shows/details?eventId=17658,Greg London - Impressions that Rock! at Riviera Hotel &amp; Casino,(702) 734-5110,http://www.visitlasvegas.com/web-images/shows/23316.jpeg,7pm,NV,Impersonator &amp; Tribute Act,Mardi Gras Theatre,89109.0
3667 Las Vegas Blvd S,Las Vegas,$54.99 - $86.99,"Dance in your seat to the hits of Gladys Knight &amp; the Pips, The Temptations, Tina Turner, The Four Tops and Motown diva Diana Ross &amp; The Supremes as they rock the stage. Enjoy the music of a sensational trio of women, a quartet of sizzling men, the outrageous Hitzville Band and our own &quot;dreamgirl,&quot; Ms. Jin Jin Reeves.",http://www.varietytheater.com/hitzville-motown-revue.htm,Strip,Planet Hollywood Resort &amp; Casino,http://www.visitlasvegas.com/vegas/play/shows/details?eventId=16609,Hitzville! Motown Review at Planet Hollywood Resort &amp; Casino,(702) 260-7200,http://www.visitlasvegas.com/web-images/shows/21925.jpeg,6pm,NV,Impersonator &amp; Tribute Act,V Theater (Miracle Mile Shops),89109.0
3900 Las Vegas Blvd S,Las Vegas,$64.90 - $176; Child $29.50 - $80,"CRISS ANGEL Believe is a haunting exploration deep inside the inventive mind of   mystifier Criss Angel as he hovers between the land of the living and a surreal world,   uniquely woven together by the imaginations of Criss Angel and Cirque du Soleil.    Unlike traditional magic-themed shows, CRISS ANGEL Believe transcends any   preconceived notion of what it means to be emotionally engaged by the arts of mysticism   and illusion. Imagine a fantasy set against a backdrop of dreamlike darkness and light.      Cirque Week, Nov 29 - Dec 5 - special Cirque show ticket packages include a variety of shows, behind the scenes exclusive events, and more.  Click for more details!",http://www.luxor.com/entertainment/entertainment_believe.aspx,Strip,Luxor Hotel and Casino,http://www.visitlasvegas.com/vegas/play/shows/details?eventId=13697,CRISS ANGEL: Believe - by Cirque du Soleil at Luxor Hotel and Casino,(702) 262-4000,http://www.visitlasvegas.com/web-images/shows/18507.jpeg,"7pm; Also 9:30pm Tue, Fri &amp; Sat",NV,Magic,Criss Angel Believe Theatre,89119.0
3667 Las Vegas Blvd S,Las Vegas,$47.97 ($67.97 w/ open bar),"This fast-paced fun filled show features an all-star celebrity cast of rapid-fire voice impressions including many of Las Vegas' biggest headliners. Cher, Elton John, Neil - Diamond, Elvis, The Phantom - of the Opera, and The Rat - Pack are just a small sample of the 75 plus voices Larry performs in each show. When you throw a few comedians, Hollywood celebrities, and presidential voices in the mix, there is enough clean comedy and music to appeal to just about everyone.",http://www.planethollywoodresort.com,Strip,Planet Hollywood Resort &amp; Casino,http://www.visitlasvegas.com/vegas/play/shows/details?eventId=17591,Larry G. Jones at Planet Hollywood Resort &amp; Casino,(702) 785-5555,http://www.visitlasvegas.com/web-images/shows/23140.jpeg,7pm,NV,Impersonator &amp; Tribute Act,Harmon Theater at Krave (Miracle Mile Shops),89109.0
,,$22.95 - $33.95,"Dirk Arthur's Wild Magic is a   high-energy show that blends comedy, dance, magic and a rare opportunity to see   the largest collection of awe-inspiring large, exotic cats in Las Vegas.   Audiences can experience the uncaged animals from as close as 10 feet away!",http://www.harrahs.com/osheas,Strip,O&quot;Sheas' Casino,http://www.visitlasvegas.com/vegas/play/shows/details?eventId=18083,Dirk Arthur at O&quot;Sheas' Casino,(702) 697-2711,,7pm &amp; 9pm,,Magic,Next to Flamingo Las Vegas,
3475 Las Vegas Blvd S,Las Vegas,$27.45,"Mac King's act contains an unusual combination of humor, visual gags and sleight of hand, and he's known for original magic creations, like making a live goldfish appear over an audience member's head.  He got his start doing shows for his friends and family as a kid, and spent his summer vacations from college performing in a two-person magic act with fellow Kentucky magician Lance Burton, who also performs in Vegas now.  King has made numerous TV appearances on such shows as &quot;Houdini: Unlocking His Secrets,&quot; &quot;The World's Wildest Magic,&quot; &quot;An Evening at the Improv,&quot; &quot;Comic Strip Live,&quot; Penn &amp; Teller's &quot;Sin City Spectacular,&quot; and, most recently, the &quot;Men Are from Mars, Women Are from Venus&quot; show starring Cybill Shepherd. He has the distinction of being the only performer to have appeared on all five of NBC's &quot;World's Greatest Magic&quot; shows.  For groups of 12 or more please call 866-462-5982.",http://www.harrahs.com/casinos/harrahs-las-vegas/casino-entertainment/,Strip,Harrah's Las Vegas Hotel and Casino,http://www.visitlasvegas.com/vegas/play/shows/details?eventId=373,Mac King Comedy Magic Show at Harrah's Las Vegas Hotel and Casino,(702) 369-5111,http://www.visitlasvegas.com/web-images/shows/2936.jpeg,1pm &amp; 3pm,NV,"Comedy, Magic",Comedy Cabaret,89109.0
3555 Las Vegas Blvd S,Las Vegas,Adult $34 - $44; Child $17 - $22,"Comedy magician Nathan Burton appears and disappears daily in his afternoon show at the   Flamingo.  Burton has been a regular in Las Vegas for years performing as a specialty act in   various variety shows.  After a high-profile series of appearances on the hit NBC show   America's Got Talent, Burton rolled the dice and opened his own show in Las Vegas, creating   unique illusions and original comedy.  His show features beautiful showgirls and jaw   dropping magic tricks suitable for the entire family.  For groups of 12 or more please call 866-462-5982.",http://www.harrahs.com/casinos/flamingo-las-vegas/casino-entertainment,Strip,Flamingo Las Vegas,http://www.visitlasvegas.com/vegas/play/shows/details?eventId=13610,Nathan Burton Comedy Magic at Flamingo Las Vegas,(702) 733-3428,http://www.visitlasvegas.com/web-images/shows/18436.jpeg,4pm,NV,Magic,Flamingo Showroom,89109.0
3700 W Flamingo Rd,Las Vegas,$82.50 &amp; $93.50,"Bunnies in chipper shredders... fire-eating... .357 magnums... Penn &amp; Teller's unique mix of comedy and magic amazes audiences at the Rio.  The live show has been a hit on Broadway, an edgy mix of comedy and magic involving knives, guns, fire, a gorilla and a showgirl.  Penn &amp; Teller call themselves &quot;a couple of eccentric guys who have learned how to do a few cool things.&quot; Since first teaming up in 1975, they have created an entertainment success story that has gone from the streets to small clubs to national theater tours, and now to their current, multi-year engagement in Vegas.  Penn &amp; Teller have been named &quot;Las Vegas Magicians of the Year&quot; for the past two years.  For groups of 12 or more please call 866-462-5982.",http://www.harrahs.com/casinos/rio/casino-entertainment/index.html,Off-Strip,Rio All-Suite Hotel &amp; Casino,http://www.visitlasvegas.com/vegas/play/shows/details?eventId=3413,Penn &amp; Teller at Rio All-Suite Hotel &amp; Casino,(702) 777-7776,http://www.visitlasvegas.com/web-images/shows/6799.jpeg,9pm; Please call venue for additional dark dates.,NV,Magic,Penn &amp; Teller Theater,89103.0
2535 Las Vegas Blvd S,Las Vegas,"$39.95 &amp; $49.95  Under 12, $19.95","Rick Thomas will amaze you with his unique, cutting-edge magical illusions.  This master magician also incorporates bengal tigers into his act, and beautiful dancers and assistants.  Don't miss a great show that will leave you saying &quot;How did he do that?&quot;",http://www.saharavegas.com,Strip,Sahara Hotel and Casino,http://www.visitlasvegas.com/vegas/play/shows/details?eventId=15901,Rick Thomas at Sahara Hotel and Casino,(702) 737-2111,http://www.visitlasvegas.com/web-images/shows/21116.jpeg,7pm,NV,Magic,Sahara Theatre,89109.0
18 E Fremont St,Las Vegas,$45.98,"Steven Best &amp; Cassandra - Superstars of Magic is a high-energy, action packed magic and illusion spectacle.  Prepare yourself for an intimate evening of magic and grand illusion.  Featuring: Exotic Birds, Comedy, Dazzling Costumes, and Pure Sleight-of-Hand.  Steven Best &amp; Cassandra take you into a fantasy world of magic!  Come and be amazed by this world renowned magic duo.",http://www.playlv.com,Downtown,Vegas Club,http://www.visitlasvegas.com/vegas/play/shows/details?eventId=15131,Steven Best &amp; Cassandra - Superstars of Magic at Vegas Club,(702) 386-2464,http://www.visitlasvegas.com/web-images/shows/20178.jpeg,8:30pm,NV,Magic,Vegas Club Showroom,89101.0
3667 Las Vegas Blvd S,Las Vegas,$56.49 - $67.99,Join Japan's &quot;first ladies of illusion&quot; on a journey where magic meets mysticism and good battle evil. Your heart will pound as the most highly-skilled aerial acrobats and martial artists in the world bring this diabolical legend to life! Critics call it a thrill ride centuries in the making with illusions so unique no other stage performers have been able to master them. Ai and YuKi is all that stands between good and evil. It's entertainment for the entire family!,http://www.saxetheater.com/saxe-thaeter-zen-magic.htm,Strip,Planet Hollywood Resort &amp; Casino,http://www.visitlasvegas.com/vegas/play/shows/details?eventId=17786,Zen Magic at Planet Hollywood Resort &amp; Casino,(702) 785-5555,http://www.visitlasvegas.com/web-images/shows/23455.jpeg,4pm,NV,Magic,Saxe Theater,89109.0
3000 Paradise Rd,Las Vegas,$49.99 - $99.99,"Upcoming dates: Dec 2 - 5, 9 - 12; Jan 6 - 9      He's putting the SIN back in Sin City!  Comedian Andrew Dice Clay is known for his controversial use of profanity and sexism in the late 80's and early 90's.  Aside from sold out shows in venues across the country, Clay also stared in feature films including &quot;The Adventures of Ford Fairlane&quot; in 1990.  Check out the outrageous comedy of this unique stand-up comedian when he comes back to Las Vegas!",http://www.lvhilton.com,Off-Strip,Las Vegas Hilton,http://www.visitlasvegas.com/vegas/play/shows/details?eventId=16965,Andrew Dice Clay at Las Vegas Hilton,(702) 732-5111,http://www.visitlasvegas.com/web-images/shows/22331.jpeg,9pm,NV,Comedy,Shimmer Cabaret,89109.0
3655 Las Vegas Blvd S,Las Vegas,$52.75 -  $75.75,"Comedic hypnotist Anthony Cools, best known for his racy and uninhibited brand of adult comedy, returns to Paris Las Vegas for an indefinite engagement. Noted for his bawdy comedy, Cools extracts the carnal desires from his audience through hypnosis, leaving the skeptics longing for more. His signature stunts include inducing an orally eager and sexually uninhibited state while entertaining onlookers with flawless comedic delivery. In addition, Cools offers handshakes that result in a climactic exhibition for both the guest on stage and the audience. However, Cools keeps a strong emphasis on the comedy, careful not to embarrass his subjects; a courtesy that has rallied a cult-like following.  For groups of 12 or more please call 866-462-5982.",http://www.parislasvegas.com,Strip,Paris Las Vegas,http://www.visitlasvegas.com/vegas/play/shows/details?eventId=9412,Anthony Cools at Paris Las Vegas,(702) 946-4567,http://www.visitlasvegas.com/web-images/shows/13604.jpeg,9pm,NV,Comedy,The Anthony Cools Experience,89109.0
3801 Las Vegas Blvd S,Las Vegas,$42.90 &amp; $64.90,"Brad Garrett's Comedy Club features some of the best new comics and also established superstars.  On any given week, you could be seeing the up-and-coming tv stars, or the legends of TV appear in the club!  Either way, you'll laugh the whole night long!",http://www.troplv.com,Strip,Tropicana Las Vegas,http://www.visitlasvegas.com/vegas/play/shows/details?eventId=17814,Brad Garrett&#039;s Comedy Club at Tropicana Las Vegas,(702) 739-2222,http://www.visitlasvegas.com/web-images/shows/23498.jpeg,8pm; Also 10pm on Fri &amp; Sat,NV,Comedy,Brad Garrett's Comedy Club,89109.0
3900 Las Vegas Blvd S,Las Vegas,$54.95 - $65.95,"The comedy of Scott &quot;Carrot Top&quot; Thompson, keeps his audience in stitches as he unpacks trunk loads of crazy props and wacky inventions. Carrot Top describes himself as a culmination of George Carlin (&quot;observational humor&quot;), Steven Wright (&quot;dark, sick humor&quot;) and Gallagher (&quot;the props&quot;). Whatever his style, Carrot Top - with his trademark mop of red hair - is rocking Luxor Las Vegas right now.",http://www.luxor.com/entertainment/entertainment_carrot_top.aspx,Strip,Luxor Hotel and Casino,http://www.visitlasvegas.com/vegas/play/shows/details?eventId=8862,Carrot Top at Luxor Hotel and Casino,(702) 262-4000,http://www.visitlasvegas.com/web-images/shows/12996.jpeg,8:30pm,NV,Comedy,Atrium Showroom,89119.0
2901 Las Vegas Blvd S,Las Vegas,$31.75 - $39.45,"Dr. Scott Lewis, the outrageous comedy hypnotist, hypnotizes volunteers from the audience, and as a result, every show is different.  Dr. Scott has been practicing the art of hypnosis for more than 15 years, and can somehow make audience members do outrageous things..but it's OK, because he's a doctor.  There is some adult-themed content to the show.",http://www.rivierahotel.com/entertainment_lebistro.asp,Strip,Riviera Hotel &amp; Casino,http://www.visitlasvegas.com/vegas/play/shows/details?eventId=2850,Dr. Scott Lewis - Outrageous Comedy Hypnotist at Riviera Hotel &amp; Casino,(702) 734-5110,http://www.visitlasvegas.com/web-images/shows/6128.jpeg,9pm - Mon Only,NV,Comedy,Crazy Girls Theatre,89109.0
115 E Tropicana Ave,Las Vegas,$34.84,"Fear and Laughing in Las Vegas features Todd Paul performing extreme juggling and magic! Todd Paul's act combines incredible feats of juggling and magic with his unique humor and an awesome, upbeat musical soundtrack! These elements combined with a genuine likeability allow this talented young performer to bring people of all backgrounds together as an audience and give them a truly exceptional entertainment experience!  It is a comedy punch in the face!",http://www.hooterscasinohotel.com,Off-Strip,Hooters Casino Hotel,http://www.visitlasvegas.com/vegas/play/shows/details?eventId=17286,Fear and Laughing in Las Vegas Featuring Todd Paul at Hooters Casino Hotel,(702) 739-9000,http://www.visitlasvegas.com/web-images/shows/22682.jpeg,8pm,NV,Comedy,Iowa Theater for the Performing Arts,89109.0
3555 Las Vegas Blvd S,Las Vegas,$54.95 - $82.45,"George Wallace has sold out comedy clubs and concert venues all over the country by providing witty insights on day-to-day life.  He finds humor everywhere he turns, he avoids standard opening lines, and he is known to be an ace at reading an audience.  Wallace began his career as a writer for &quot;The Redd Foxx Show&quot; and then won first prize on the cable television special &quot;The Big Laugh Off.&quot; From there, the gigs really started come in, and he's put together an impressive 30-year career in comedy.  The show lasts for around 90 minutes.  For groups of 12 or more please call 866-462-5982.",http://www.harrahs.com/casinos/flamingo-las-vegas/casino-entertainment,Strip,Flamingo Las Vegas,http://www.visitlasvegas.com/vegas/play/shows/details?eventId=6002,George Wallace at Flamingo Las Vegas,(702) 733-3428,http://www.visitlasvegas.com/web-images/shows/9649.jpeg,10pm,NV,Comedy,Flamingo Showroom,89109.0
129 E Fremont St,Las Vegas,$43.95 - $109.95,"Gordie Brown is a comedian, singer and impressionist who portrays movie actors, music legends and politicians in his one-man show.  With a small band behind him, Brown succeeds in parodying celebrities from all walks of life including President Bill Clinton, Jack Nicholson, Ray Charles and Clint Eastwood--to name a few.  This talented performer will keep you laughing throughout the show.",http://www.goldennugget.com,Downtown,Golden Nugget,http://www.visitlasvegas.com/vegas/play/shows/details?eventId=14782,Gordie Brown at Golden Nugget,(702) 385-7111,http://www.visitlasvegas.com/web-images/shows/19765.jpeg,7:30pm,NV,Comedy,Gordie Brown Showroom,89101.0
3667 Las Vegas Blvd S,Las Vegas,$39.99 - $64.99; Children 2-12 $21.49,"Gregory Popovich's Comedy Pet Theatre is a family-oriented blend of the unique comedy and world-championship juggling skills of Gregory Popovich and the extraordinary talents of his performing pets, all of them &quot;ordinary&quot; dogs and cats who have been rescued from animal shelters. During the course of the performance, you'll see a smorgasbord of amazing feats as housecats perform alongside dogs, birds and white mice. Whether it be jumping, dancing, flying through the air, or balancing in ways you've never seen before, Comedy Pet Theatre is guaranteed to delight and amaze every audience!    Lunch &amp; Dinner packages available.",http://www.varietytheater.com/comedypet.htm,Strip,Planet Hollywood Resort &amp; Casino,http://www.visitlasvegas.com/vegas/play/shows/details?eventId=10104,Gregory Popovich&#039;s Comedy Pet Theatre at Planet Hollywood Resort &amp; Casino,(702) 260-7200,http://www.visitlasvegas.com/web-images/shows/14488.jpeg,4pm,NV,Comedy,V Theater (Miracle Mile Shops),89109.0
3475 Las Vegas Blvd S,Las Vegas,$31.95 &amp; 49.45,"Some of the funniest and freshest faces in comedy are showcased at the &quot;Improv.&quot; Each week, three new comedians perform, creating a show that is unique and very funny.  The Harrah's branch of the Improv opened in Las Vegas in 1995.  The show lasts for around an hour, and dinner combination deals are available.   For groups of 12 or more please call 866-462-5982.",http://www.harrahs.com/casinos/harrahs-las-vegas/casino-entertainment,Strip,Harrah's Las Vegas Hotel and Casino,http://www.visitlasvegas.com/vegas/play/shows/details?eventId=1037,Improv Comedy Club at Harrah's Las Vegas Hotel and Casino,(702) 369-5111,http://www.visitlasvegas.com/web-images/shows/3895.jpeg,8:30pm &amp; 10:30pm,NV,Comedy,Improv Showroom,89109.0
301 E Fremont St,Las Vegas,$29.95 &amp; $39.95,Don't miss the comic genius of Kevin Burke as he makes you laugh with his original style of stand up comedy!,http://www.fitzgeraldslasvegas.com,Downtown,Fitzgeralds Casino and Hotel,http://www.visitlasvegas.com/vegas/play/shows/details?eventId=17836,Kevin Burke: Fitz of Laughter at Fitzgeralds Casino and Hotel,(702) 388-2400,http://www.visitlasvegas.com/web-images/shows/23522.jpeg,9:13pm,NV,Comedy,Fitzgerald's Showroom,89101.0
202 Fremont St,Las Vegas,$16.45 - $43.58,Are you ready to laugh? Enjoy an evening of the best up-and-coming comedians as well as established TV personalities as they take the stage and make you laugh!,http://www.fourqueens.com,Downtown,Four Queens Hotel and Casino,http://www.visitlasvegas.com/vegas/play/shows/details?eventId=17137,L.A. Comedy Club at Four Queens Hotel and Casino,(702) 385-4011,,"Wed, Thu &amp; Sun 8:30pm; Fri &amp; Sat 7:30pm &amp; 9:30pm",NV,Comedy,The Canyon Club,89101.0
2411 W Sahara Ave,Las Vegas,$49.95 Gen Admn;  VIP $99.95,"Comedy superstar Louie Anderson has made you laugh on talk shows, on Family Feud and on his Emmy award winning television series &quot;Life with Louie&quot;. Now, experience his one of a kind hilarious comedy live on stage at Palace Station!",http://www.palacestation.com,Off-Strip,Palace Station Hotel Casino,http://www.visitlasvegas.com/vegas/play/shows/details?eventId=9614,Louie Anderson LOL :) at Palace Station Hotel Casino,(702) 367-2411,http://www.visitlasvegas.com/web-images/shows/13874.jpeg,8:30pm,NV,Comedy,Louie Anderson Theatre,89102.0
3475 Las Vegas Blvd S,Las Vegas,$27.45,"Mac King's act contains an unusual combination of humor, visual gags and sleight of hand, and he's known for original magic creations, like making a live goldfish appear over an audience member's head.  He got his start doing shows for his friends and family as a kid, and spent his summer vacations from college performing in a two-person magic act with fellow Kentucky magician Lance Burton, who also performs in Vegas now.  King has made numerous TV appearances on such shows as &quot;Houdini: Unlocking His Secrets,&quot; &quot;The World's Wildest Magic,&quot; &quot;An Evening at the Improv,&quot; &quot;Comic Strip Live,&quot; Penn &amp; Teller's &quot;Sin City Spectacular,&quot; and, most recently, the &quot;Men Are from Mars, Women Are from Venus&quot; show starring Cybill Shepherd. He has the distinction of being the only performer to have appeared on all five of NBC's &quot;World's Greatest Magic&quot; shows.  For groups of 12 or more please call 866-462-5982.",http://www.harrahs.com/casinos/harrahs-las-vegas/casino-entertainment/,Strip,Harrah's Las Vegas Hotel and Casino,http://www.visitlasvegas.com/vegas/play/shows/details?eventId=373,Mac King Comedy Magic Show at Harrah's Las Vegas Hotel and Casino,(702) 369-5111,http://www.visitlasvegas.com/web-images/shows/2936.jpeg,1pm &amp; 3pm,NV,"Comedy, Magic",Comedy Cabaret,89109.0
3667 Las Vegas Blvd S,Las Vegas,$49.99 &amp; $59.99,"Marc Savard is an energetic mix of comedy, hypnosis and chaos. You can see the show or BE the show! Come to watch hilarious audience volunteers live onstage as the number one hypnotist in the world, Marc Savard, whips the crowd into a frenzy.",http://www.marcsavard.com,Strip,Planet Hollywood Resort &amp; Casino,http://www.visitlasvegas.com/vegas/play/shows/details?eventId=16825,Marc Savard - Comedy Hypnosis at Planet Hollywood Resort &amp; Casino,(702) 260-7200,http://www.visitlasvegas.com/web-images/shows/22183.jpeg,10pm; Dark 1/31 - 2/6,NV,Comedy,V Theater (Miracle Mile Shops),89109.0
4321 W Flamingo Rd,Las Vegas,$39.99 - $79.99,"If you're looking for the hottest up-and-coming comics and a mix of established A-list stars, check out the Playboy Comedy Club.  You'll be rolling in the isles laughling!",http://www.palms.com,Off-Strip,Palms Casino Resort,http://www.visitlasvegas.com/vegas/play/shows/details?eventId=16907,Playboy Comedy Club at Palms Casino Resort,(702) 942-7777,,9pm; Also 8pm  &amp; 10pm Sat,NV,Comedy,The Lounge,89103.0
3475 Las Vegas Blvd S,Las Vegas,$59.40 &amp; $99,"Rita Rudner brings her unique style of comedy to Harrah's Las Vegas. In a city of cabarets and production shows, Rudner is one of the few female headliners who has achieved success by keeping her clothes on.  For groups of 12 or more please call 866-462-5982.",http://www.harrahs.com/casinos/harrahs-las-vegas/casino-entertainment/,Strip,Harrah's Las Vegas Hotel and Casino,http://www.visitlasvegas.com/vegas/play/shows/details?eventId=11764,Rita Rudner at Harrah's Las Vegas Hotel and Casino,(702) 369-5111,http://www.visitlasvegas.com/web-images/shows/16396.jpeg,8:30pm; Please call venue for additional dark nights.,NV,Comedy,Harrah's Showroom,89109.0
3667 Las Vegas Blvd S,Las Vegas,$49.50 - $60.50,Laugh the night away as you enjoy headlining comedians and background dancers in this unique comedy show.,http://www.varietytheater.com/sincity.htm,Strip,Planet Hollywood Resort &amp; Casino,http://www.visitlasvegas.com/vegas/play/shows/details?eventId=15679,Sin City Comedy Show at Planet Hollywood Resort &amp; Casino,(702) 260-7200,http://www.visitlasvegas.com/web-images/shows/20837.jpeg,9pm,NV,Comedy,V Theater (Miracle Mile Shops),89109.0
3400 Las Vegas Blvd S,Las Vegas,$59 - $129,"A ventriloquist, singer and comedian, Terry Fator has performed his flawless impressions of celebrities for more than 32 years.  From comedy clubs to corporate events, he toured throughout the country until his &quot;overnight success&quot; hit when he won the 2007 &quot;America's Got Talent&quot; competition on NBC.  Fator not only speaks without moving his lips, he creates incredible impersonations of A-list talent including Tony Bennett, Elvis, Maroon Five, Garth Brooks and Roy Orbison--to name just a few.  His newest character is Wrex, a crash test dummy.  Wrex enjoys singing songs about cars including &quot;Little Red Corvette&quot; and &quot;Ridin' Dirty.&quot;",http://www.mirage.com,Strip,Mirage,http://www.visitlasvegas.com/vegas/play/shows/details?eventId=14790,Terry Fator at Mirage,(702) 791-7111,http://www.visitlasvegas.com/web-images/shows/19775.jpeg,7:30pm,NV,Comedy,Terry Fator Theatre,89109.0
3667 Las Vegas Blvd S,Las Vegas,$65.95 - $98.95,The Amazing Johnathan shows his wit and humor along with his talented magic and impressive special effects.,http://www.https://harmon-web.vegas.com/harmon/AmazingJonathan.htm,Strip,Planet Hollywood Resort &amp; Casino,http://www.visitlasvegas.com/vegas/play/shows/details?eventId=13417,The Amazing Johnathan at Planet Hollywood Resort &amp; Casino,(702) 785-5555,http://www.visitlasvegas.com/web-images/shows/18196.jpeg,9pm,NV,Comedy,Harmon Theater at Krave (Miracle Mile Shops),89109.0
115 E Tropicana Ave,Las Vegas,$34.99,"Have you ever wondered what goes on backstage when comedians get together?  Then you won't want to miss this show!  This hilariously outrageous show gives you a behind-the-scenes look at three Vegas comedians as they attempt to outdo each other with the funnest jokes they know. Leave your political correctness at the door and come ready to laugh until your sides hurt. -- Starring Geechy Guy, Todd Paul and Mickey Joseph (but you never know when a special guest comedian might stop by). Check box office for current performer lienup.",http://www.hooterscasinohotel.com,Off-Strip,Hooters Casino Hotel,http://www.visitlasvegas.com/vegas/play/shows/details?eventId=16854,The Dirty Joke Show at Hooters Casino Hotel,(702) 739-9000,http://www.visitlasvegas.com/web-images/shows/22216.jpeg,10pm,NV,Comedy,Night Owl Showroom,89109.0
3667 Las Vegas Blvd S,Las Vegas,$55 &amp; $67,"Gerry McCambridge has been amazing audiences for over 30 years. He took his love for magic, and mixed it with the observational skills he learned from his father, a New York City Detective, to create the character of &quot;The Mentalist.&quot;      Gerry was the star of the hit prime-time network television show &quot;The Mentalist.&quot; He was also the creator and executive producer.",http://www.varietytheater.com/mentalist.htm,Strip,Planet Hollywood Resort &amp; Casino,http://www.visitlasvegas.com/vegas/play/shows/details?eventId=15678,The Mentalist at Planet Hollywood Resort &amp; Casino,(702) 260-7200,http://www.visitlasvegas.com/web-images/shows/20836.jpeg,7:30pm,NV,Comedy,V Theater (Miracle Mile Shops),89109.0
3555 Las Vegas Blvd S,Las Vegas,$54.95 - $64.95,"Comedian Vinnie Favorito will leave you in stiches with his unique, edgey and topical style of comedy.   For groups of 12 or more please call 866-462-5982.",http://www.flamingolasvegas.com,Strip,Flamingo Las Vegas,http://www.visitlasvegas.com/vegas/play/shows/details?eventId=9388,The Vinnie Favorito Comedy Show at Flamingo Las Vegas,(702) 733-3428,http://www.visitlasvegas.com/web-images/shows/13575.jpeg,8pm,NV,Comedy,Bugsy's Cabaret,89109.0
160 E Flamingo Rd,Las Vegas,$38.49 - $54.99,"Experience traditional burlesque with the feathers, the tease, beautiful girls and, of course, a bit of humor, too.",http://www.westinvegas.com,Off-Strip,"Westin Casuarina Las Vegas Hotel, Casino &amp; Spas, The",http://www.visitlasvegas.com/vegas/play/shows/details?eventId=18291,"&#034;Burlesque -- The Show&#034; at Westin Casuarina Las Vegas Hotel, Casino &amp; Spas, The",(702) 836-5900,,9pm,NV,Variety &amp; Specialty Show,Westin Theater,89109.0
3000 Paradise Rd,Las Vegas,$37.85 - $70.85,"You'll swear &quot;he's&quot; back in the building! Nationally recognized Elvis tribute artist and winner of ABC's &quot;The Next Best Thing,&quot; Trent Carlini, combines his uncanny resemblance and incredible vocal ability in a performance that will electrify you. In his most powerful tribute yet to the 'King of Rock and Roll,' Carlini will take viewers on a retrospective of Elvis Presley's career, from his unforgettable Rock-a-billy session, through the movie years, his `68 comeback period and the Las Vegas years of the `70s. With multiple costume changes, unbelievable visual media and more than 25 different hits, Trent Carlini truly showcases the King's exciting life in entertainment.",http://www.lvhilton.com,Off-Strip,Las Vegas Hilton,http://www.visitlasvegas.com/vegas/play/shows/details?eventId=17220,&#034;The King&#034; starring Trent Carlini at Las Vegas Hilton,(702) 732-5111,http://www.visitlasvegas.com/web-images/shows/22593.jpeg,7pm,NV,Impersonator &amp; Tribute Act,Shimmer Cabaret,89109.0
7000 E Russell Rd,Las Vegas,$20,"Enjoy a weekend full of music and entertainment.  The 2011 International Celtic Festival includes the Kilted Golf Tournament, Highland Games, Pip Band Championship, Pub Crawls, the International Tattoo, and Ceilidh.  It's a cultural experience not to be missed!",http://www.unlvtickets.com,Southeast &amp; Henderson,Sam Boyd Stadium,http://www.visitlasvegas.com/vegas/play/shows/details?eventId=18103,2011 Las Vegas International Celtic Festival at Sam Boyd Stadium,(702) 739-3267,http://www.visitlasvegas.com/web-images/shows/23833.jpeg,9am,NV,Special Event,Sam Boyd Stadium,89122.0
4500 W Tropicana,Las Vegas,$28 - $153,"It's all about tattoos and accessories here at the 2010 International Tattoo Show.  Come check out the best new products, designs and artists!",http://www.unlvtickets.com,Off-Strip,Orleans Hotel and Casino,http://www.visitlasvegas.com/vegas/play/shows/details?eventId=17726,2011 Las Vegas International Celtic Festival Tattoo Show at Orleans Hotel and Casino,(702) 739-3267,http://www.visitlasvegas.com/web-images/shows/23391.jpeg,7pm Fri; 3pm Sat &amp; Sun,NV,Special Event,Orleans Arena,89103.0
4500 W Tropicana,Las Vegas,$28 - $153,"The Las Vegas International Tattoo, to be held at the Orleans Arena, will be a musical extravaganza themed to highlight the story behind our national anthem -- &quot;The Star Spangled Banner.&quot; This event is expected to feature a cast of top-class talent, including Massed Pipes &amp; Drums, Highland Dancing and representatives from all four branches of the United States military. The Tattoo will also include performances by Pipe and Drum bands from the United Kingdom, Scotland, Canada and South Africa. This event will uniquely blend music ceremony, entertainment and theatre elements.",http://www.unlvtickets.com,Off-Strip,Orleans Hotel and Casino,http://www.visitlasvegas.com/vegas/play/shows/details?eventId=18104,2011 Las Vegas International Tattoo at Orleans Hotel and Casino,(702) 739-3267,,7pm Fri; 3pm Sat &amp; Sun,NV,Special Event,Orleans Arena,89103.0
,,Please call venue for costs.,NASCAR comes back to the Las Vegas Motor Speedway.  Don't miss a second of the fast-paced action at the main track.  Experience racing at its finest and enjoy the LVMS racing facilities and activities all weekend long!,http://www.lvms.com,Northeast/North Las Vegas,Las Vegas Motor Speedway,http://www.visitlasvegas.com/vegas/play/shows/details?eventId=18006,2011 NASCAR Weekend at Las Vegas Motor Speedway,(702) 644-4444,http://www.visitlasvegas.com/web-images/shows/23702.jpeg,Please call venue for times.,,Sporting Event,Las Vegas Motor Speedway,
4505 Maryland Pkwy,Las Vegas,Please call venue for costs.,Are you ready for the toughest riders in the world? They're back for more action in the arena taking on the strongest and wildest bulls in the world.  Do they have what it takes to last 8 seconds? Come watch in person and cheer the best athletes in the world on to a victory!,http://www.unlvtickets.com,Off-Strip,Thomas &amp; Mack Center,http://www.visitlasvegas.com/vegas/play/shows/details?eventId=18295,2011 PBR World Finals at Thomas &amp; Mack Center,(702) 739-3267,http://www.visitlasvegas.com/web-images/shows/24135.jpeg,Please call venue for times.,NV,Sporting Event,Thomas &amp; Mack Center,89154.0
3667 Las Vegas Blvd S,Las Vegas,$49.99 - $59.99,"The men of American Storm reveal their sexy side catering to the fantasies of the audience. This 70 minute, fully costumed and choreographed production show is sure to have women wanting more as these hard-bodied performers live out every woman's fantasy from a lonely cowboy to the proud men in uniform.  The performers were cast during the hit television show VH1's Strip Search.",http://www.vtheater.com/americanstorm.htm,Strip,Planet Hollywood Resort &amp; Casino,http://www.visitlasvegas.com/vegas/play/shows/details?eventId=15130,American Storm at Planet Hollywood Resort &amp; Casino,(702) 260-7200,http://www.visitlasvegas.com/web-images/shows/20177.jpeg,Fri 10pm; Sat 11:30pm,NV,Variety &amp; Specialty Show,V Theater (Miracle Mile Shops),89109.0
2000 Las Vegas Blvd S,Las Vegas,$46.25;  dinner package $51.50; Child $29.99,"Performance tributes are a true Las Vegas art form, and &quot;American Superstars&quot; doesn't disappoint, with a talented cast including Britney Spears, Carrie Underwood, Elvis, Tim McGraw, Michael Jackson channelers.  The full-scale production show features dance routines and a quality band to back up the doppelgangers of music today and years gone by.  Group rates are also available for the show.  Please check lineup of acts before purchasing tickets.  Lineup subject to change without notice.",http://www.stratospherehotel.com/entertainment/american_superstars.cfm,Strip,Stratosphere Casino and Hotel,http://www.visitlasvegas.com/vegas/play/shows/details?eventId=280,American Superstars at Stratosphere Casino and Hotel,(702) 380-7777,http://www.visitlasvegas.com/web-images/shows/2842.jpeg,"Sun - Tue 7pm, Wed, Fri - Sat 6:30pm &amp; 8:30pm",NV,Impersonator &amp; Tribute Act,Theatre of the Stars,89104.0
3000 Paradise Rd,Las Vegas,$49.99 - $99.99,"Upcoming dates: Dec 2 - 5, 9 - 12; Jan 6 - 9      He's putting the SIN back in Sin City!  Comedian Andrew Dice Clay is known for his controversial use of profanity and sexism in the late 80's and early 90's.  Aside from sold out shows in venues across the country, Clay also stared in feature films including &quot;The Adventures of Ford Fairlane&quot; in 1990.  Check out the outrageous comedy of this unique stand-up comedian when he comes back to Las Vegas!",http://www.lvhilton.com,Off-Strip,Las Vegas Hilton,http://www.visitlasvegas.com/vegas/play/shows/details?eventId=16965,Andrew Dice Clay at Las Vegas Hilton,(702) 732-5111,http://www.visitlasvegas.com/web-images/shows/22331.jpeg,9pm,NV,Comedy,Shimmer Cabaret,89109.0
3655 Las Vegas Blvd S,Las Vegas,$52.75 -  $75.75,"Comedic hypnotist Anthony Cools, best known for his racy and uninhibited brand of adult comedy, returns to Paris Las Vegas for an indefinite engagement. Noted for his bawdy comedy, Cools extracts the carnal desires from his audience through hypnosis, leaving the skeptics longing for more. His signature stunts include inducing an orally eager and sexually uninhibited state while entertaining onlookers with flawless comedic delivery. In addition, Cools offers handshakes that result in a climactic exhibition for both the guest on stage and the audience. However, Cools keeps a strong emphasis on the comedy, careful not to embarrass his subjects; a courtesy that has rallied a cult-like following.  For groups of 12 or more please call 866-462-5982.",http://www.parislasvegas.com,Strip,Paris Las Vegas,http://www.visitlasvegas.com/vegas/play/shows/details?eventId=9412,Anthony Cools at Paris Las Vegas,(702) 946-4567,http://www.visitlasvegas.com/web-images/shows/13604.jpeg,9pm,NV,Comedy,The Anthony Cools Experience,89109.0
3850 Las Vegas Blvd S,Las Vegas,$40.95 &amp; $50.95,"A troupe of hard-bodied blokes who dance with abandon, the Thunder from Down Under male revue is Australia's hottest export since Crocodile Dundee.  Showmanship, energy, fabulous costumes, sly humor and a state-of-the-art production combined with some outrageously handsome and muscular males creates an impression that millions of women around the world have yet to forget.  Feel the thunder at the Excalibur on the Las Vegas Strip.",http://www.excalibur.com/entertainment/thunder_from_downunder.aspx,Strip,Excalibur Hotel and Casino,http://www.visitlasvegas.com/vegas/play/shows/details?eventId=3239,Australia&#039;s Thunder From Down Under at Excalibur Hotel and Casino,(702) 597-7777,http://www.visitlasvegas.com/web-images/shows/6593.jpeg,Sun - Thu 9pm; Fri - Sat 8pm and 10:30pm,NV,Variety &amp; Specialty Show,Thunder Down Under Showroom,89109.0
3655 Las Vegas Blvd S,Las Vegas,$95 - $299,"Legendary singer-songwriter Barry Manilow presents a show full of music and magic at the intimate Paris Theâtre at Paris Las Vegas.  The show showcases sincere and unforgettable songs from this exciting, energetic performer in a whole new light.      Over the past 35 years, songs like &quot;Copacabana,&quot; &quot;Mandy&quot; and &quot;Can't Smile Without You&quot; have made Barry Manilow a true musical icon. He's the top-selling, top-charting adult contemporary artist of all time, with 80 million records sold to date and 25 consecutive Top 40 hits between 1975 and 1983.      His show at Paris Las Vegas is unlike anything you've seen before, customized for the intimate and elegant 1,500 seat showroom.  Check out the legendary music and showmanship of Barry Manilow in Paris -- Las Vegas!  For groups of 12 or more please call 866-462-5982.",http://www.parislasvegas.com,Strip,Paris Las Vegas,http://www.visitlasvegas.com/vegas/play/shows/details?eventId=16683,Barry Manilow at Paris Las Vegas,(702) 946-4567,http://www.visitlasvegas.com/web-images/shows/22043.jpeg,"7:15pm  26, Oct 15,16,17,22,23 &amp; 24; Nov 12-14, 19-21, 26-28; Dec 3-5; Jan 7,8,9,14,15,16",NV,Music: Pop/Rock,Le Theatre Des Arts,89109.0
3570 Las Vegas Blvd S,Las Vegas,$55 - $250,"Celine Dion returns to Las Vegas in March 2011 to begin a three year residency at The Colosseum at Caesars Palace. The brand-new show designed exclusively for The Colosseum will premiere on March 15, 2011 and features 31 musicians, consisting of a full orchestra and band. The show's concept will be one-of-a-kind, centered on capturing the romance of classic Hollywood movies and performed with a stunning visual presentation. The repertoire is going to be extraordinary...a mix of timeless Hollywood classics, along with all the favorites that her fans like to hear her sing.  For groups of 12 or more please call 866-462-5982.",http://www.celineinvegas.com,Strip,Caesars Palace,http://www.visitlasvegas.com/vegas/play/shows/details?eventId=17022,Celine Dion Spectacular - Opening March 15th at Caesars Palace,(702) 866-1410,http://www.visitlasvegas.com/web-images/shows/22414.jpeg,7:30pm; Visit link for exact show dates.,NV,Plays &amp; Musicals,The Colosseum at Caesars Palace,89109.0
3667 Las Vegas Blvd S,Las Vegas,$55 - $68,Catch this great tribute act as they perform the music of and impersonate the look of the legendary Beatles.,http://www.varietytheater.com/b-beatleshow-tribute.htm,Strip,Planet Hollywood Resort &amp; Casino,http://www.visitlasvegas.com/vegas/play/shows/details?eventId=10778,BeatleShow! at Planet Hollywood Resort &amp; Casino,(702) 260-7200,http://www.visitlasvegas.com/web-images/shows/15290.jpeg,5:30pm,NV,Impersonator &amp; Tribute Act,V Theater (Miracle Mile Shops),89109.0
3950 Las Vegas Blvd S,Las Vegas,$64 - $168.50,"Experience the phenomenon. Visually stunning, technically astounding and with a musical score like none other you've ever heard. Giraffes strut, birds swoop, gazelles leap. The entire savannah comes to life and as the music soars, Pride Rock slowly emerges from the mist.       Marvel at the breathtaking spectacle of animals brought to life by a cast of more than 40 actors. Wonder at the inspiration of award-winning director Julie Taymor, who created visual images for this show that you'll remember forever.      Thrill to the pulsating rhythms of the African Pridelands and an unforgettable score including Elton John and Tim Rice's Oscar winning song &quot;Can You Feel The Love Tonight&quot; and &quot;Circle of Life.'",http://www.mandalaybay.com,Strip,Mandalay Bay Resort &amp; Casino,http://www.visitlasvegas.com/vegas/play/shows/details?eventId=15299,Disney&#039;s The Lion King at Mandalay Bay Resort &amp; Casino,(702) 632-7777,http://www.visitlasvegas.com/web-images/shows/20355.jpeg,Mon - Thu 7:30pm; Sat &amp; Sun at 4pm &amp; 8pm,NV,Plays &amp; Musicals,Mandalay Bay Theatre,89119.0
,,Free,"Watch these daredevil motorcycle riders defy the grim reaper as they enter the Globe of Death.  With speed and precision, they come inches from total catastrophe while riding inside the gigantic metal globe.",http://www.vegasexperience.com,Downtown,Fremont Street Experience,http://www.visitlasvegas.com/vegas/play/shows/details?eventId=11721,Bela Tabak&#039;s Riders of the Thunderdome at Fremont Street Experience,(702) 678-5600,http://www.visitlasvegas.com/web-images/shows/16350.jpeg,Please call venue for current schedule and dark dates.,,Variety &amp; Specialty Show,Fremont Street Experience,
3325 Las Vegas Blvd S,Las Vegas,$65 - $235,"&quot;Jersey Boys,&quot; the 2006 Tony Award-winner for Best Musical, is now at The Palazzo in a new theatre built especially for this dynamic, crowd-pleasing production. Broadway's biggest success story takes you behind the music of Frankie Valli &amp; The Four Seasons and follows their rags-to-riches tale of four blue-collar kids working their way to the heights of stardom.  Featuring such hits as &quot;Sherry,&quot; &quot;Big Girls Don't Cry,&quot; &quot;Can't Take My Eyes Off You,&quot; &quot;Oh, What a Night,&quot; and more, &quot;Jersey Boys&quot; will have you singing along just like the crowds of Broadway",http://www.palazzolasvegas.com/jerseyboys.aspx,Strip,"Palazzo Resort - Hotel - Casino, The",http://www.visitlasvegas.com/vegas/play/shows/details?eventId=12946,"Jersey Boys at Palazzo Resort - Hotel - Casino, The",(702) 607-7777,http://www.visitlasvegas.com/web-images/shows/17678.jpeg,7pm; Tue &amp; Sat 6:30pm &amp; 9:30pm,NV,Plays &amp; Musicals,Jersey Boys Theatre,89109.0
3900 Las Vegas Blvd S,Las Vegas,$54.95 &amp; $71.50,The hilarious show Menopause The Musical® has entertained and inspired women from coast-to-coast and internationally. Menopause The Musical® is the work of writer Jeanie Linders. This uplifting 90-minute production includes parodies from the '60s and '70s and '80s. It culminates with a salute to women who are experiencing The Change.,http://www.luxor.com,Strip,Luxor Hotel and Casino,http://www.visitlasvegas.com/vegas/play/shows/details?eventId=15728,Menopause the Musical at Luxor Hotel and Casino,(702) 262-4000,http://www.visitlasvegas.com/web-images/shows/20891.jpeg,5:30pm Wed - Mon; Tue 5pm &amp; 8:30pm,NV,Plays &amp; Musicals,Atrium Showroom,89119.0
3595 Las Vegas Blvd S,Las Vegas,Free.,"Big Elvis performs all the hits of the King of Rock &amp; Roll, as well as some other popular tunes in the genres of Rock, Country, Gospel, R &amp; B, and Pop spanning 6 decades of music. Big Elvis interacts with his audience, invites them to participate in his show and performs their requests, often including not just popular, but also obscure songs.  During his renditions of Elvis ballards Big Elvis shows his warm heart and bares his soul to the extent that there is not a dry eye in the room.",http://www.billslasvegas.com/entertainment/lounge/big-elvis/,Strip,Bill's Gamblin' Hall &amp; Saloon,http://www.visitlasvegas.com/vegas/play/shows/details?eventId=16442,BIG ELVIS at Bill's Gamblin' Hall &amp; Saloon,(702) 737-2100,http://www.visitlasvegas.com/web-images/shows/21725.jpeg,"3pm, 5pm, 6:30pm",NV,Impersonator &amp; Tribute Act,The Lounge,89109.0
3000 Paradise Rd,Las Vegas,$42.90- $53.90,"&quot;Nunsense&quot; is an award winning, wacky musical comedy, starring The Little Sisters of Hoboken. It seems they must put on a benefit show to help raise money because their cook accidentally poisoned 52 of their Sisters. After burying 48, they've run out of money and so have temporarily stored the last four Sisters in the convent freezer. This hysterically funny musical won four Outer Critics Circle Awards including Best Musical during its 10 year run in New York. You'll be rolling in the aisles when you treat yourself to an afternoon of &quot;Nunsense.&quot; It would be a sin to miss it!",http://www.lvhilton.com,Off-Strip,Las Vegas Hilton,http://www.visitlasvegas.com/vegas/play/shows/details?eventId=18074,Nunsense at Las Vegas Hilton,(702) 732-5111,http://www.visitlasvegas.com/web-images/shows/23803.jpeg,4pm,NV,Plays &amp; Musicals,Shimmer Cabaret,89109.0
3355 Las Vegas Blvd S,Las Vegas,$69 - $165,A nation-wide search has delivered a cast handpicked by Andrew Lloyd Webber and Hal Prince and rich in Broadway experience for Phantom - The Las Vegas Spectacular.,http://www.venetian.com/PHANTOM.aspx,Strip,Venetian Resort - Hotel - Casino,http://www.visitlasvegas.com/vegas/play/shows/details?eventId=9666,Phantom - The Las Vegas Spectacular at Venetian Resort - Hotel - Casino,(702) 414-1000,http://www.visitlasvegas.com/web-images/shows/13937.jpeg,7pm; Also 9:30pm on Mon &amp; Sat,NV,Plays &amp; Musicals,Showroom at the Venetian,89109.0
2000 Las Vegas Blvd S,Las Vegas,$49.45,"How to best describe &quot;Bite&quot;? How about an erotic vampire tale with dancing and music, featuring a story line involving sin, sex, seduction and vampires? Now, how hard was that?  In terms of plot, the show centers around Lord Vampire and his search for a female to seduce to make his queen. Naturally, he has a team of sultry dancers to help him out (this is Las Vegas, people!).  Classic rock tunes of the '70s, '80s and '90s provide the soundtrack, and throughout the show audience members are chosen to participate.",http://www.stratospherehotel.com/entertainment/bite.cfm,Strip,Stratosphere Casino and Hotel,http://www.visitlasvegas.com/vegas/play/shows/details?eventId=6933,Bite at Stratosphere Casino and Hotel,(702) 380-7777,http://www.visitlasvegas.com/web-images/shows/10792.jpeg,10:30pm,NV,Variety &amp; Specialty Show,Theatre of the Stars,89104.0
3355 Las Vegas Blvd S,Las Vegas,$64.90 - $148.50,"Blue Man Group's critically acclaimed show has been called &quot;wildly inventive,&quot; &quot;hysterically funny&quot; and &quot;visually stunning.&quot; Although it's almost impossible to describe, people of all ages agree that it's a totally unique and outrageous experience that puts the entire audience into a state of &quot;bluephoria.&quot;",http://www.venetian.com/BMG.aspx,Strip,Venetian Resort - Hotel - Casino,http://www.visitlasvegas.com/vegas/play/shows/details?eventId=8763,Blue Man Group at Venetian Resort - Hotel - Casino,(702) 414-1000,http://www.visitlasvegas.com/web-images/shows/12883.jpeg,7pm &amp; 10pm,NV,Variety &amp; Specialty Show,Blue Man Theatre,89109.0
3900 Las Vegas Blvd S,Las Vegas,$31,"BODIES...The Exhibition, which showcases real full-bodies and organs, provides a detailed, three-dimensional vision of the human form rarely seen outside of an anatomy lab or a morgue. The Exhibition showcases 13 whole-body specimens and more than 260 organs and partial body specimens. These real human bodies have been meticulously dissected, preserved through an innovative process and respectfully presented, giving visitors the opportunity to view the beauty and complexity of their own organs and systems.",http://www.luxor.com/attractions/attractions_bodies.aspx,Strip,Luxor Hotel and Casino,http://www.visitlasvegas.com/vegas/play/shows/details?eventId=10277,Bodies...The Exhibition at Luxor Hotel and Casino,(702) 262-4000,http://www.visitlasvegas.com/web-images/shows/14698.jpeg,10am  - 10pm,NV,Art Exhibit,Luxor Hotel and Casino,89119.0
3799 Las Vegas Blvd S,Las Vegas,Please call venue for costs.,,http://www.mgmgrand.com,Strip,MGM Grand Hotel and Casino,http://www.visitlasvegas.com/vegas/play/shows/details?eventId=18314,Bon Jovi 2011 Tour at MGM Grand Hotel and Casino,(702) 891-1111,,Please call venue for times.,NV,Music: Pop/Rock,Grand Garden Arena,89109.0
3801 Las Vegas Blvd S,Las Vegas,$42.90 &amp; $64.90,"Brad Garrett's Comedy Club features some of the best new comics and also established superstars.  On any given week, you could be seeing the up-and-coming tv stars, or the legends of TV appear in the club!  Either way, you'll laugh the whole night long!",http://www.troplv.com,Strip,Tropicana Las Vegas,http://www.visitlasvegas.com/vegas/play/shows/details?eventId=17814,Brad Garrett&#039;s Comedy Club at Tropicana Las Vegas,(702) 739-2222,http://www.visitlasvegas.com/web-images/shows/23498.jpeg,8pm; Also 10pm on Fri &amp; Sat,NV,Comedy,Brad Garrett's Comedy Club,89109.0
3900 Las Vegas Blvd S,Las Vegas,$54.95 - $65.95,"The comedy of Scott &quot;Carrot Top&quot; Thompson, keeps his audience in stitches as he unpacks trunk loads of crazy props and wacky inventions. Carrot Top describes himself as a culmination of George Carlin (&quot;observational humor&quot;), Steven Wright (&quot;dark, sick humor&quot;) and Gallagher (&quot;the props&quot;). Whatever his style, Carrot Top - with his trademark mop of red hair - is rocking Luxor Las Vegas right now.",http://www.luxor.com/entertainment/entertainment_carrot_top.aspx,Strip,Luxor Hotel and Casino,http://www.visitlasvegas.com/vegas/play/shows/details?eventId=8862,Carrot Top at Luxor Hotel and Casino,(702) 262-4000,http://www.visitlasvegas.com/web-images/shows/12996.jpeg,8:30pm,NV,Comedy,Atrium Showroom,89119.0
3799 Las Vegas Blvd S,Las Vegas,Free,"Watch and rate new television shows. To do research for their new shows, CBS and Viacom have set up a research center to gauge audience reactions. Shows from CBS, MTV, VH1, Nickelodeon, UPN, Showtime, TNN and CMT are screened in small theaters. Audience members use touch-screen computers to record their responses. Some particpants are also selected for longer focus group discussions.",http://www.mgmgrand.com,Strip,MGM Grand Hotel and Casino,http://www.visitlasvegas.com/vegas/play/shows/details?eventId=11262,CBS Television City at MGM Grand Hotel and Casino,(702) 891-1111,,9am - 10pm,NV,Special Event,Studio Walk,89109.0
3570 Las Vegas Blvd S,Las Vegas,$55 - $250,"Celine Dion returns to Las Vegas in March 2011 to begin a three year residency at The Colosseum at Caesars Palace. The brand-new show designed exclusively for The Colosseum will premiere on March 15, 2011 and features 31 musicians, consisting of a full orchestra and band. The show's concept will be one-of-a-kind, centered on capturing the romance of classic Hollywood movies and performed with a stunning visual presentation. The repertoire is going to be extraordinary...a mix of timeless Hollywood classics, along with all the favorites that her fans like to hear her sing.  For groups of 12 or more please call 866-462-5982.",http://www.celineinvegas.com,Strip,Caesars Palace,http://www.visitlasvegas.com/vegas/play/shows/details?eventId=17022,Celine Dion Spectacular - Opening March 15th at Caesars Palace,(702) 866-1410,http://www.visitlasvegas.com/web-images/shows/22414.jpeg,7:30pm; Visit link for exact show dates.,NV,Plays &amp; Musicals,The Colosseum at Caesars Palace,89109.0
3700 W Flamingo Rd,Las Vegas,$43.95 &amp; $54.95,"The low-down: Handsome male performers seduce and entertain. Enough said. But wait, there's more.  &quot;Chippendales, the Show,&quot; is designed exclusively for women, and features 12 physically fit (how's that for understatement?) men who entertain with a series of sexy routines.  It's a fast-paced performance that blends music, dance, humor and exotic theatrics from the best-known name in male revues. An excellent choice for girls' night out.  For groups of 8 or more please call 866-462-5982.",http://www.harrahs.com/casinos/rio/casino-entertainment/index.html,Off-Strip,Rio All-Suite Hotel &amp; Casino,http://www.visitlasvegas.com/vegas/play/shows/details?eventId=7569,Chippendales at Rio All-Suite Hotel &amp; Casino,(702) 777-7776,http://www.visitlasvegas.com/web-images/shows/11473.jpeg,8pm; Also 10:30pm Fri &amp; Sat,NV,Variety &amp; Specialty Show,Chippendales Theater,89103.0
2880 Las Vegas Blvd S,Las Vegas,Free,"The world's largest permanent circus is a perfect family choice for a trip to Las Vegas .Highlighting the center stage of the carnival Midway, Circus Circus presents world-renowned live circus acts free every day. The Midway itself is a large open circle overseeing the casino, and provides a good spot for checking out the performers. Some great carnival games are also in the vicinity.",http://www.circuscircus.com,Strip,"Circus Circus Hotel, Casino and Theme Park",http://www.visitlasvegas.com/vegas/play/shows/details?eventId=1996,"Circus Acts at Circus Circus Hotel, Casino and Theme Park",(702) 734-0410,http://www.visitlasvegas.com/web-images/shows/5106.jpeg,11am to 11pm,NV,Variety &amp; Specialty Show,Midway,89109.0
129 E Fremont St,Las Vegas,$33 - $71.50,"Country Superstars Tribute, a fast-paced, concert style event, features a world-class live five-piece band and tribute artists to some of the biggest names in country music history, such as Willie Nelson, Garth Brooks, Tim McGraw, Reba McEntire, Kenny Chesney and more! The Country Superstars Tribute delivers an unforgettable entertainment experience that treats audiences to the sights and sounds of America's heartland in a manner that country fans have come to expect.",http://www.goldennugget.com,Downtown,Golden Nugget,http://www.visitlasvegas.com/vegas/play/shows/details?eventId=18066,Country Superstars Tribute at Golden Nugget,(702) 385-7111,http://www.visitlasvegas.com/web-images/shows/23764.jpeg,9:30pm,NV,Impersonator &amp; Tribute Act,Gordie Brown Showroom,89101.0
2901 Las Vegas Blvd S,Las Vegas,$55.95 - $72.50,"&quot;Crazy Girls - Las Vegas' Sexiest Topless Revue,&quot; features gorgeous women, music, dance and song. In addition, the show features a magician variety act.  Showroom capacity is 400, and doors open 30 to 45 minutes before show time. Dinner combinations are also available.",http://www.rivierahotel.com/entertainment_crazygirls.asp,Strip,Riviera Hotel &amp; Casino,http://www.visitlasvegas.com/vegas/play/shows/details?eventId=308,Crazy Girls - Las Vegas&#039; Sexiest Topless Revue at Riviera Hotel &amp; Casino,(702) 734-5110,http://www.visitlasvegas.com/web-images/shows/2870.jpeg,9:30pm,NV,Variety &amp; Specialty Show,Crazy Girls Theatre,89109.0
3900 Las Vegas Blvd S,Las Vegas,$64.90 - $176; Child $29.50 - $80,"CRISS ANGEL Believe is a haunting exploration deep inside the inventive mind of   mystifier Criss Angel as he hovers between the land of the living and a surreal world,   uniquely woven together by the imaginations of Criss Angel and Cirque du Soleil.    Unlike traditional magic-themed shows, CRISS ANGEL Believe transcends any   preconceived notion of what it means to be emotionally engaged by the arts of mysticism   and illusion. Imagine a fantasy set against a backdrop of dreamlike darkness and light.      Cirque Week, Nov 29 - Dec 5 - special Cirque show ticket packages include a variety of shows, behind the scenes exclusive events, and more.  Click for more details!",http://www.luxor.com/entertainment/entertainment_believe.aspx,Strip,Luxor Hotel and Casino,http://www.visitlasvegas.com/vegas/play/shows/details?eventId=13697,CRISS ANGEL: Believe - by Cirque du Soleil at Luxor Hotel and Casino,(702) 262-4000,http://www.visitlasvegas.com/web-images/shows/18507.jpeg,"7pm; Also 9:30pm Tue, Fri &amp; Sat",NV,Magic,Criss Angel Believe Theatre,89119.0
850 N Las Vegas Blvd,Las Vegas,Please call venue for costs.,"Crossroads of the West Gun Shows attracts over 401,000 customers per   year, more than any other gun show in America. For over thirty years   we have been the West's largest and highest quality show in town.  All   of our shows offer hundreds of tables to meet the needs of everyone,   from the once a year hunter to the avid collector.",http://www.crossroadsgunshows.com,Downtown,Cashman Center,http://www.visitlasvegas.com/vegas/play/shows/details?eventId=17170,Crossroads of the West Gun Show at Cashman Center,(801) 544-9125,http://www.visitlasvegas.com/web-images/shows/14456.jpeg,Please call venue for times.,NV,Special Event,Cashman Center,89101.0
850 N Las Vegas Blvd,Las Vegas,Please call venue for costs.,"Crossroads of the West Gun Shows attracts over 401,000 customers per   year, more than any other gun show in America. For over thirty years   we have been the West's largest and highest quality show in town.  All   of our shows offer hundreds of tables to meet the needs of everyone,   from the once a year hunter to the avid collector.",http://www.crossroadsgunshows.com,Downtown,Cashman Center,http://www.visitlasvegas.com/vegas/play/shows/details?eventId=17645,Crossroads of the West Gun Show at Cashman Center,(801) 544-9125,http://www.visitlasvegas.com/web-images/shows/14456.jpeg,Please call venue for times.,NV,Special Event,Cashman Center,89101.0
3799 Las Vegas Blvd S,Las Vegas,General Admission: Adult $30; Child $23,"Test your inner crime-solver at the blockbuster new show at MGM Grand, CSI: The Experience! Survey the crime scene, gather the evidence, solve the case!  This dynamic interactive experience offers visitors a hands-on challenge to solve a hypothetical crime: 3 murders, 15 lab stations, 15 suspects, 3 killers. Guided by videos featuring cast members from the hit TV show, CSI: Crime Scene Investigation, alongside real-life forensic scientists, you'll be the latest recruit to the world of forensic science. Examine bullet casings, match DNA to potential suspects, identify the source of a single strand of hair as you complete the investigation process. Includes state-of-the-art forensic equipment and displays. Find the killer and receive your official CSI: Diploma! Recommended for ages 12 through adult.",http://www.csiexhibit.com,Strip,MGM Grand Hotel and Casino,http://www.visitlasvegas.com/vegas/play/shows/details?eventId=16058,CSI: The Experience at MGM Grand Hotel and Casino,(702) 891-7006,http://www.visitlasvegas.com/web-images/shows/21309.jpeg,10am - 10pm (last admission 9pm),NV,Variety &amp; Specialty Show,MGM Grand Hotel and Casino,89109.0
2901 Las Vegas Blvd S,Las Vegas,$51.99 - $84.99,"Direct from China offers acrobatics, dance and martial arts in fusion with stunning costumes, exquisite stage design and beautiful music. DAO is mind and body in motion.",http://www.rivierahotel.com,Strip,Riviera Hotel &amp; Casino,http://www.visitlasvegas.com/vegas/play/shows/details?eventId=17367,Dao -- The Asian Celebration at Riviera Hotel &amp; Casino,(702) 734-5110,http://www.visitlasvegas.com/web-images/shows/22768.jpeg,7pm,NV,Variety &amp; Specialty Show,Mardi Gras Theatre,89109.0
3850 Las Vegas Blvd S,Las Vegas,$39.95 - $64.95 7pm; $34.95 &amp; $44.95 3pm,"Defending the Caveman is the longest running solo play in Broadway history.  The wildly popular comedy, written by Rob Becker, has become a peacemaker in the ongoing misunderstandings between men and women.  People all around the world LOVE Defending the Caveman! It has won the hearts of millions in more than thirty countries and is performed in over fifteen different languages.      Caveman is a hilariously insightful play about the ways men and women relate that has both sexes roaring with laughter and recognition.  In the audience, lots of affectionate nudging goes on during the performance and couples are commonly seen strolling out into the night holding hands. Caveman also has a loyal following in the therapy community, having been seen and recommended by thousands of psychologists and counselors.",http://www.excalibur.com,Strip,Excalibur Hotel and Casino,http://www.visitlasvegas.com/vegas/play/shows/details?eventId=15056,Defending the Caveman at Excalibur Hotel and Casino,(702) 597-7777,http://www.visitlasvegas.com/web-images/shows/20104.jpeg,Sun - Thu 7pm; Fri &amp; Sat 6pm; Wed 3pm &amp; 7pm,NV,Variety &amp; Specialty Show,Thunder Down Under Showroom,89109.0
,,$22.95 - $33.95,"Dirk Arthur's Wild Magic is a   high-energy show that blends comedy, dance, magic and a rare opportunity to see   the largest collection of awe-inspiring large, exotic cats in Las Vegas.   Audiences can experience the uncaged animals from as close as 10 feet away!",http://www.harrahs.com/osheas,Strip,O&quot;Sheas' Casino,http://www.visitlasvegas.com/vegas/play/shows/details?eventId=18083,Dirk Arthur at O&quot;Sheas' Casino,(702) 697-2711,,7pm &amp; 9pm,,Magic,Next to Flamingo Las Vegas,
3950 Las Vegas Blvd S,Las Vegas,$64 - $168.50,"Experience the phenomenon. Visually stunning, technically astounding and with a musical score like none other you've ever heard. Giraffes strut, birds swoop, gazelles leap. The entire savannah comes to life and as the music soars, Pride Rock slowly emerges from the mist.       Marvel at the breathtaking spectacle of animals brought to life by a cast of more than 40 actors. Wonder at the inspiration of award-winning director Julie Taymor, who created visual images for this show that you'll remember forever.      Thrill to the pulsating rhythms of the African Pridelands and an unforgettable score including Elton John and Tim Rice's Oscar winning song &quot;Can You Feel The Love Tonight&quot; and &quot;Circle of Life.'",http://www.mandalaybay.com,Strip,Mandalay Bay Resort &amp; Casino,http://www.visitlasvegas.com/vegas/play/shows/details?eventId=15299,Disney&#039;s The Lion King at Mandalay Bay Resort &amp; Casino,(702) 632-7777,http://www.visitlasvegas.com/web-images/shows/20355.jpeg,Mon - Thu 7:30pm; Sat &amp; Sun at 4pm &amp; 8pm,NV,Plays &amp; Musicals,Mandalay Bay Theatre,89119.0
3645 Las Vegas Blvd S,Las Vegas,$59 - $101 Dinner Packages Available,"Comprised of eye-catching musical numbers staged on million-dollar sets, with costumes designed by Bob Mackie and amazing showgirls, Donn Arden's Jubilee! is a true classic of the Strip. A cast of hundreds brings the show to life.   Numbers include a tribute to Ginger Rogers and Fred Astaire, a three-act take on the sinking of the Titanic and a grandiose spectacle of a musical finish.    Featured variety acts:  Solo juggler, silk act, two-man hand balancing act.  For groups of 12 or more please call 866-462-5982.",http://www.harrahs.com/casinos/ballys-las-vegas/casino-entertainment,Strip,Bally's Las Vegas,http://www.visitlasvegas.com/vegas/play/shows/details?eventId=337,Donn Arden&#039;s Jubilee! at Bally's Las Vegas,(702) 946-4567,http://www.visitlasvegas.com/web-images/shows/2900.jpeg,7:30pm &amp; 10:30pm; Sat 7:30 show is non-topless,NV,Variety &amp; Specialty Show,Jubilee Theater,89109.0
3555 Las Vegas Blvd S,Las Vegas,$104 - $286,"Brother/sister act, Donny and Marie Osmond, have had a legendary career spanning across all media including theater, television, radio and film.  They've hosted their own hit television variety show, recorded numerous albums with and without other family members, and each has become a superstar performer on their own.  Marie drew top votes for her dancing ability on the ABC smash hit, &quot;Dancing with the Stars,&quot; and Donny did one better, and won the title a season later!  If you're looking for clean, family fun, the Osmonds are a sure hit.  For groups of 12 or more please call 866-462-5982.",http://www.flamingolasvegas.com,Strip,Flamingo Las Vegas,http://www.visitlasvegas.com/vegas/play/shows/details?eventId=14520,Donny &amp; Marie at Flamingo Las Vegas,(702) 733-3428,http://www.visitlasvegas.com/web-images/shows/19500.jpeg,7:30pm,NV,Music: Pop/Rock,Flamingo Showroom,89109.0
2901 Las Vegas Blvd S,Las Vegas,$31.75 - $39.45,"Dr. Scott Lewis, the outrageous comedy hypnotist, hypnotizes volunteers from the audience, and as a result, every show is different.  Dr. Scott has been practicing the art of hypnosis for more than 15 years, and can somehow make audience members do outrageous things..but it's OK, because he's a doctor.  There is some adult-themed content to the show.",http://www.rivierahotel.com/entertainment_lebistro.asp,Strip,Riviera Hotel &amp; Casino,http://www.visitlasvegas.com/vegas/play/shows/details?eventId=2850,Dr. Scott Lewis - Outrageous Comedy Hypnotist at Riviera Hotel &amp; Casino,(702) 734-5110,http://www.visitlasvegas.com/web-images/shows/6128.jpeg,9pm - Mon Only,NV,Comedy,Crazy Girls Theatre,89109.0
3667 Las Vegas Blvd S,Las Vegas,$55,"This is a multi-media production show that takes the audience on a musical journey through one of the most amazing decades in history. The production is hosted by Bill DeLoach, who was a member of the Frankie Valli &amp; the Four Seasons, on and off, for over twenty years.   What makes this show unique are the true stories that are shared by the principal cast members about growing up and playing in bands all through the sixties. They reveal the in-depth and often humorous accounts of their lives beginning with the early influence of Phil Spector's &quot;Wall of Sound&quot; and on through the British Invasion, Motown, Psychedelic Phase and finally to their personal memories of the 1969 Woodstock Festival.",http://www.vtheater.com/echoes.htm,Strip,Planet Hollywood Resort &amp; Casino,http://www.visitlasvegas.com/vegas/play/shows/details?eventId=18224,Echoes of the 60s at Planet Hollywood Resort &amp; Casino,(702) 785-5555,http://www.visitlasvegas.com/web-images/shows/23980.jpeg,10:30pm,NV,Variety &amp; Specialty Show,V Theater (Miracle Mile Shops),89109.0
3900 Las Vegas Blvd S,Las Vegas,$42.90 - $64.90,"Unleash the Passion. Let Your Imagination Run Wild. At Luxor Las Vegas, Fantasy reveals seductive secrets &amp; sensual desires. It's the ultimate adult revue created to excite couples!",http://www.luxor.com/entertainment/entertainment_fantasy.aspx,Strip,Luxor Hotel and Casino,http://www.visitlasvegas.com/vegas/play/shows/details?eventId=8605,Fantasy at Luxor Hotel and Casino,(702) 262-4000,http://www.visitlasvegas.com/web-images/shows/12698.jpeg,10:30pm,NV,Variety &amp; Specialty Show,Atrium Showroom,89119.0
115 E Tropicana Ave,Las Vegas,$34.84,"Fear and Laughing in Las Vegas features Todd Paul performing extreme juggling and magic! Todd Paul's act combines incredible feats of juggling and magic with his unique humor and an awesome, upbeat musical soundtrack! These elements combined with a genuine likeability allow this talented young performer to bring people of all backgrounds together as an audience and give them a truly exceptional entertainment experience!  It is a comedy punch in the face!",http://www.hooterscasinohotel.com,Off-Strip,Hooters Casino Hotel,http://www.visitlasvegas.com/vegas/play/shows/details?eventId=17286,Fear and Laughing in Las Vegas Featuring Todd Paul at Hooters Casino Hotel,(702) 739-9000,http://www.visitlasvegas.com/web-images/shows/22682.jpeg,8pm,NV,Comedy,Iowa Theater for the Performing Arts,89109.0
,,Free,"Monthly art celebration featuring the work of more than 100 artists, including painting, ceramics, mixed media, photography, jewelry, textile arts and sculpture. Located in the downtown Las Vegas Arts District and surrounding neighborhood, more than 80 indoor arts, food, drink and shop venues open their doors and 50 outdoor artists, artisans and entertainers provide outside fun each month.",http://www.firstfriday-lasvegas.org,Downtown,Downtown Arts District,http://www.visitlasvegas.com/vegas/play/shows/details?eventId=11674,First Friday Art Celebration at Downtown Arts District,(702) 384-0092,http://www.visitlasvegas.com/web-images/shows/16291.jpeg,6pm -10pm; First Fri of Each Month,,Special Event,Downtown Arts District,
2300 Paseo Verde,Henderson,$25 - $55,"While quite a few arena rock acts of the '70s found the transformation into the '80s quite difficult, several acts continued to flourish, namely Foreigner.  Foreigner's self-titled debut was issued in 1977 and became an immediate hit on the strength of the hit singles &quot;Feels Like the First Time,&quot; &quot;Long, Long Way From Home,&quot; and &quot;Cold As Ice.&quot; The album eventually went platinum five times over.  1978's follow up &quot;Double Vision&quot; beat the sophomore slump and ultimately sold seven million copies.",http://www.greenvalleyranchresort.com,Southeast &amp; Henderson,Green Valley Ranch Resort &amp; Spa,http://www.visitlasvegas.com/vegas/play/shows/details?eventId=18257,Foreigner at Green Valley Ranch Resort &amp; Spa,(702) 617-7777,,8pm,NV,Music: Pop/Rock,Grand Events Center,89052.0
3770 Las Vegas Blvd S,Las Vegas,$48.64 - $81.36,"The impressions will come fast and the laughter even faster when comedian/impressionist Frank Caliendo takes the stage.  Known by millions for his dead-on impressions of such celebrities as Al Pacino, Robert DeNiro, John Madden, former Presidents Bill Clinton and George W. Bush, Dr. Phil, Jay Leno and dozens more, as well as myriad of television appearances and live stage performances, Caliendo's new show is a dynamic mix of high-energy comedy and fast-paced impressions enhanced by live music, video sketches and much more.",http://www.montecarlo.com,Strip,Monte Carlo Resort and Casino,http://www.visitlasvegas.com/vegas/play/shows/details?eventId=16171,Frank Caliendo at Monte Carlo Resort and Casino,(702) 730-7777,http://www.visitlasvegas.com/web-images/shows/21461.jpeg,7:30pm Sun &amp; Mon; 9:30pm Thur - Sat,NV,Variety &amp; Specialty Show,Monte Carlo Theatre,89109.0
3535 Las Vegas Blvd S,Las Vegas,$39 - $79,"Frank Marino is a legend in the impersonator world, primarily because of his dead-on Joan Rivers act.  He's one of Las Vegas longest-running headliners and has been seen in various feature films and red carpet events.  To see Frank Marino and his team of female impersonators is to see the classic Las Vegas revue!    For groups of 12 or more please call 866-462-5982.",http://www.harrahs.com/casinos/imperial-palace/hotel-casino/,Strip,Imperial Palace Hotel &amp; Casino,http://www.visitlasvegas.com/vegas/play/shows/details?eventId=16544,Frank Marino&#039;s Divas Las Vegas at Imperial Palace Hotel &amp; Casino,(702) 794-3261,http://www.visitlasvegas.com/web-images/shows/21838.jpeg,10pm,NV,Variety &amp; Specialty Show,Imperial Theatre,89109.0
3131 Las Vegas Blvd S,Las Vegas,$253 - All Seats,,http://www.encorelasvegas.com,Strip,Encore at Wynn Las Vegas,http://www.visitlasvegas.com/vegas/play/shows/details?eventId=18345,Garth Brooks at Encore at Wynn Las Vegas,(702) 770-8000,http://www.visitlasvegas.com/web-images/shows/21810.jpeg,8pm; 8 &amp; 10:30pm Sat,NV,Music: Country,Encore Theater,89109.0
2101 Texas Star Ln,North Las Vegas,Please call venue for costs.,"A blues-rock guitarist who draws his inspiration from Elmore James and Chuck Berry, George Thorogood became a popular favorite in the early '80s through repeated exposure on FM radio and the arena rock circuit. Thorogood's music was always loud, simple, and direct -- his riffs and licks were taken straight out of '50s Chicago blues and rock &amp; roll -- but his formulaic approach helped him gain a rather large audience in the '80s, when his albums regularly went gold.",http://www.texasstation.com,Northeast/North Las Vegas,Texas Station Gambling Hall and Hotel,http://www.visitlasvegas.com/vegas/play/shows/details?eventId=18258,George Thorogood &amp; the Destroyers at Texas Station Gambling Hall and Hotel,(702) 631-1000,http://www.visitlasvegas.com/web-images/shows/24067.jpeg,Please call venue for times.,NV,Music: Pop/Rock,Dallas Events Center,89032.0
3555 Las Vegas Blvd S,Las Vegas,$54.95 - $82.45,"George Wallace has sold out comedy clubs and concert venues all over the country by providing witty insights on day-to-day life.  He finds humor everywhere he turns, he avoids standard opening lines, and he is known to be an ace at reading an audience.  Wallace began his career as a writer for &quot;The Redd Foxx Show&quot; and then won first prize on the cable television special &quot;The Big Laugh Off.&quot; From there, the gigs really started come in, and he's put together an impressive 30-year career in comedy.  The show lasts for around 90 minutes.  For groups of 12 or more please call 866-462-5982.",http://www.harrahs.com/casinos/flamingo-las-vegas/casino-entertainment,Strip,Flamingo Las Vegas,http://www.visitlasvegas.com/vegas/play/shows/details?eventId=6002,George Wallace at Flamingo Las Vegas,(702) 733-3428,http://www.visitlasvegas.com/web-images/shows/9649.jpeg,10pm,NV,Comedy,Flamingo Showroom,89109.0
129 E Fremont St,Las Vegas,$43.95 - $109.95,"Gordie Brown is a comedian, singer and impressionist who portrays movie actors, music legends and politicians in his one-man show.  With a small band behind him, Brown succeeds in parodying celebrities from all walks of life including President Bill Clinton, Jack Nicholson, Ray Charles and Clint Eastwood--to name a few.  This talented performer will keep you laughing throughout the show.",http://www.goldennugget.com,Downtown,Golden Nugget,http://www.visitlasvegas.com/vegas/play/shows/details?eventId=14782,Gordie Brown at Golden Nugget,(702) 385-7111,http://www.visitlasvegas.com/web-images/shows/19765.jpeg,7:30pm,NV,Comedy,Gordie Brown Showroom,89101.0
2901 Las Vegas Blvd S,Las Vegas,$51.99 - $84.99,"He's a one man show that covers the decades.  Greg London recreates your favorite legends and icons in this musical impersonation show.  Don't miss your favorite recording artists as only Greg can perform them.  It's an evening of great music and comedy!  Here's little list of people that appear in his show: Elvis Presley, Neil Diamond, Billy Joel, Tina Turner , Ray Charles, Sammy Davis, Jr., Rod Stewart, Michael Jackson, Macy Gray , Tony Bennett, David Cassidy, Dean Martin, David Ruffin and Eddie Kendricks of The Temptations, Smokey Robinson, Freddie Mercury/Queen, Barry Manilow, Elton John, Joe Cocker, Bruce Springsteen, Dire Straits, Eric Clapton, Jim Morrison of the Doors, ZZ Top, David Bowie, Axl Rose, Neil Young, Gordon Lightfoot, Bob Dylan, Robin Gibb of The Bee Gees, Johnny Cash, Waylon Jennings, Garth Brooks, Randy Travis, Kenny Rogers, Willie Nelson, Julio Iglesias, Tom Jones, Arnold Schwarzenegger, Ozzy Osbourne, Kermit The Frog, James Bond (Sean Connery version), Austin Powers and the &quot;Phantom of the Opera.&quot;",http://www.rivierahotel.com,Strip,Riviera Hotel &amp; Casino,http://www.visitlasvegas.com/vegas/play/shows/details?eventId=17658,Greg London - Impressions that Rock! at Riviera Hotel &amp; Casino,(702) 734-5110,http://www.visitlasvegas.com/web-images/shows/23316.jpeg,7pm,NV,Impersonator &amp; Tribute Act,Mardi Gras Theatre,89109.0
3667 Las Vegas Blvd S,Las Vegas,$39.99 - $64.99; Children 2-12 $21.49,"Gregory Popovich's Comedy Pet Theatre is a family-oriented blend of the unique comedy and world-championship juggling skills of Gregory Popovich and the extraordinary talents of his performing pets, all of them &quot;ordinary&quot; dogs and cats who have been rescued from animal shelters. During the course of the performance, you'll see a smorgasbord of amazing feats as housecats perform alongside dogs, birds and white mice. Whether it be jumping, dancing, flying through the air, or balancing in ways you've never seen before, Comedy Pet Theatre is guaranteed to delight and amaze every audience!    Lunch &amp; Dinner packages available.",http://www.varietytheater.com/comedypet.htm,Strip,Planet Hollywood Resort &amp; Casino,http://www.visitlasvegas.com/vegas/play/shows/details?eventId=10104,Gregory Popovich&#039;s Comedy Pet Theatre at Planet Hollywood Resort &amp; Casino,(702) 260-7200,http://www.visitlasvegas.com/web-images/shows/14488.jpeg,4pm,NV,Comedy,V Theater (Miracle Mile Shops),89109.0
3667 Las Vegas Blvd S,Las Vegas,$54.99 - $86.99,"Dance in your seat to the hits of Gladys Knight &amp; the Pips, The Temptations, Tina Turner, The Four Tops and Motown diva Diana Ross &amp; The Supremes as they rock the stage. Enjoy the music of a sensational trio of women, a quartet of sizzling men, the outrageous Hitzville Band and our own &quot;dreamgirl,&quot; Ms. Jin Jin Reeves.",http://www.varietytheater.com/hitzville-motown-revue.htm,Strip,Planet Hollywood Resort &amp; Casino,http://www.visitlasvegas.com/vegas/play/shows/details?eventId=16609,Hitzville! Motown Review at Planet Hollywood Resort &amp; Casino,(702) 260-7200,http://www.visitlasvegas.com/web-images/shows/21925.jpeg,6pm,NV,Impersonator &amp; Tribute Act,V Theater (Miracle Mile Shops),89109.0
3535 Las Vegas Blvd S,Las Vegas,$49.95 &amp; $59.95,Human Nature is presented by Smokey Robinson.  Catch the great sounds of the 50's and 60's with this hot Australian musical group!  For groups of 12 or more please call 866-462-5982.,http://www.harrahs.com/casinos/imperial-palace/hotel-casino/,Strip,Imperial Palace Hotel &amp; Casino,http://www.visitlasvegas.com/vegas/play/shows/details?eventId=15824,Human Nature at Imperial Palace Hotel &amp; Casino,(702) 794-3261,http://www.visitlasvegas.com/web-images/shows/21007.jpeg,7:30pm,NV,Variety &amp; Specialty Show,Imperial Theatre,89109.0
3475 Las Vegas Blvd S,Las Vegas,$31.95 &amp; 49.45,"Some of the funniest and freshest faces in comedy are showcased at the &quot;Improv.&quot; Each week, three new comedians perform, creating a show that is unique and very funny.  The Harrah's branch of the Improv opened in Las Vegas in 1995.  The show lasts for around an hour, and dinner combination deals are available.   For groups of 12 or more please call 866-462-5982.",http://www.harrahs.com/casinos/harrahs-las-vegas/casino-entertainment,Strip,Harrah's Las Vegas Hotel and Casino,http://www.visitlasvegas.com/vegas/play/shows/details?eventId=1037,Improv Comedy Club at Harrah's Las Vegas Hotel and Casino,(702) 369-5111,http://www.visitlasvegas.com/web-images/shows/3895.jpeg,8:30pm &amp; 10:30pm,NV,Comedy,Improv Showroom,89109.0
3333 Blue Diamond Rd,Las Vegas,Free,The interactive fish feeding show is where one of our staff marine biologists dives in our aquarium with a full-face communication mask that allows him/her to interact with our guests while feeding our animals. There is also a question and answer portion where you can ask the diver any question you'd like.,http://www.silvertoncasino.com,Southwest,Silverton Hotel and Casino Lodge,http://www.visitlasvegas.com/vegas/play/shows/details?eventId=10359,Interactive Fish Feeding Show at Silverton Hotel and Casino Lodge,(702) 263-7777,http://www.visitlasvegas.com/web-images/shows/14803.jpeg,"1:30pm, 4:30pm &amp; 7:30pm",NV,Variety &amp; Specialty Show,Saltwater Aquarium,89139.0
,,$37.50,Russian-born Irina Kulikova was called a &quot;powerful presence on the guitar scene&quot; by Classical Guitar magazine and won first prizes in five international competitions in 2008.,http://www.unlvtickets.com/eventInfo/pacf/245/irina-kulikova/,Off-Strip,University of Nevada Las Vegas,http://www.visitlasvegas.com/vegas/play/shows/details?eventId=17689,Irina Kulikova at University of Nevada Las Vegas,(702) 895-2787,http://www.visitlasvegas.com/web-images/shows/23351.jpeg,8pm,,Music: Classical/Opera,Doc Rando Recital Hall,
3770 Las Vegas Blvd S,Las Vegas,$49.45 - $79.45,"Tune in to MÜS.I.C., an audiovisual story of inspiration brought to life through the harmonization of sound and movement with acclaimed dance crew Jabbawockeez. Dressed in expressionless white masks and white gloves, these one-of-a-kind dancers guide your attention to visualize the music through their intricate moves, leaving audiences in awe.",http://www.montecarlo.com,Strip,Monte Carlo Resort and Casino,http://www.visitlasvegas.com/vegas/play/shows/details?eventId=18106,Jabbawockeez at Monte Carlo Resort and Casino,(702) 730-7777,http://www.visitlasvegas.com/web-images/shows/23838.jpeg,9:30pm,NV,Variety &amp; Specialty Show,Monte Carlo Theatre,89109.0
3325 Las Vegas Blvd S,Las Vegas,$65 - $235,"&quot;Jersey Boys,&quot; the 2006 Tony Award-winner for Best Musical, is now at The Palazzo in a new theatre built especially for this dynamic, crowd-pleasing production. Broadway's biggest success story takes you behind the music of Frankie Valli &amp; The Four Seasons and follows their rags-to-riches tale of four blue-collar kids working their way to the heights of stardom.  Featuring such hits as &quot;Sherry,&quot; &quot;Big Girls Don't Cry,&quot; &quot;Can't Take My Eyes Off You,&quot; &quot;Oh, What a Night,&quot; and more, &quot;Jersey Boys&quot; will have you singing along just like the crowds of Broadway",http://www.palazzolasvegas.com/jerseyboys.aspx,Strip,"Palazzo Resort - Hotel - Casino, The",http://www.visitlasvegas.com/vegas/play/shows/details?eventId=12946,"Jersey Boys at Palazzo Resort - Hotel - Casino, The",(702) 607-7777,http://www.visitlasvegas.com/web-images/shows/17678.jpeg,7pm; Tue &amp; Sat 6:30pm &amp; 9:30pm,NV,Plays &amp; Musicals,Jersey Boys Theatre,89109.0
3799 Las Vegas Blvd S,Las Vegas,$69 - $150,"KA, the unprecedented new production from Cirque du Soleil, combines acrobatic performances, martial arts, puppetry, multimedia and pyrotechnics to tell the epic saga of Imperial Twins-a boy and a girl-who embark on an adventurous journey to fulfill their destinies. Featuring 80 performers from around the world, KA can be seen in an innovative performance space, the KA Theatre at MGM Grand.      Cirque Week, Nov 29 - Dec 5 - special Cirque show ticket packages include a variety of shows, behind the scenes exclusive events, and more.  Click for more details!",http://www.mgmgrand.com/entertainment/ka-cirque-du-soleil-show.aspx,Strip,MGM Grand Hotel and Casino,http://www.visitlasvegas.com/vegas/play/shows/details?eventId=7468,KA - by Cirque du Soleil at MGM Grand Hotel and Casino,(702) 891-1111,http://www.visitlasvegas.com/web-images/shows/11356.jpeg,7pm &amp; 9:30pm,NV,Variety &amp; Specialty Show,Ka Theatre,89109.0
301 E Fremont St,Las Vegas,$29.95 &amp; $39.95,Don't miss the comic genius of Kevin Burke as he makes you laugh with his original style of stand up comedy!,http://www.fitzgeraldslasvegas.com,Downtown,Fitzgeralds Casino and Hotel,http://www.visitlasvegas.com/vegas/play/shows/details?eventId=17836,Kevin Burke: Fitz of Laughter at Fitzgeralds Casino and Hotel,(702) 388-2400,http://www.visitlasvegas.com/web-images/shows/23522.jpeg,9:13pm,NV,Comedy,Fitzgerald's Showroom,89101.0
202 Fremont St,Las Vegas,$16.45 - $43.58,Are you ready to laugh? Enjoy an evening of the best up-and-coming comedians as well as established TV personalities as they take the stage and make you laugh!,http://www.fourqueens.com,Downtown,Four Queens Hotel and Casino,http://www.visitlasvegas.com/vegas/play/shows/details?eventId=17137,L.A. Comedy Club at Four Queens Hotel and Casino,(702) 385-4011,,"Wed, Thu &amp; Sun 8:30pm; Fri &amp; Sat 7:30pm &amp; 9:30pm",NV,Comedy,The Canyon Club,89101.0
3667 Las Vegas Blvd S,Las Vegas,$47.97 ($67.97 w/ open bar),"This fast-paced fun filled show features an all-star celebrity cast of rapid-fire voice impressions including many of Las Vegas' biggest headliners. Cher, Elton John, Neil - Diamond, Elvis, The Phantom - of the Opera, and The Rat - Pack are just a small sample of the 75 plus voices Larry performs in each show. When you throw a few comedians, Hollywood celebrities, and presidential voices in the mix, there is enough clean comedy and music to appeal to just about everyone.",http://www.planethollywoodresort.com,Strip,Planet Hollywood Resort &amp; Casino,http://www.visitlasvegas.com/vegas/play/shows/details?eventId=17591,Larry G. Jones at Planet Hollywood Resort &amp; Casino,(702) 785-5555,http://www.visitlasvegas.com/web-images/shows/23140.jpeg,7pm,NV,Impersonator &amp; Tribute Act,Harmon Theater at Krave (Miracle Mile Shops),89109.0
,,Please call venue for costs.,Show Dates: 12/10-12 Imperial Palace; 1/14-16 Sahara; 3/25-27 Rio; 5/27-29 Imperial Palace; 8/5-7 Sahara,http://shows.bickinternational.com/index.html,Strip,Various Strip Hotels,http://www.visitlasvegas.com/vegas/play/shows/details?eventId=18082,"Las Vegas Coin, Currency, Jewelry &amp; Stamp Expo at Various Strip Hotels",,,Fri 11am - 6pm; Sat 10am - 6pm; Sun 10am - 5pm,,Special Event,Various Strip Hotels,
4500 W Tropicana,Las Vegas,Please call venue for costs.,"Entering their seventh season of hockey at the Orleans Arena this October, the Las Vegas Wranglers are the &quot;AA&quot; Affiliate of the NHL's Calgary Flames. During the 2007-08 season, the Wranglers became the only team in ECHL history to record three straight 100-point seasons. Las Vegas has taken two straight National Conference and Pacific Division regular season crowns (2006-07 and 2007-08). During the '06-07 campaign, The Wranglers tied a professional hockey record by winning 18 straight games.",http://www.orleanscasino.com,Off-Strip,Orleans Hotel and Casino,http://www.visitlasvegas.com/vegas/play/shows/details?eventId=17847,Las Vegas Wranglers at Orleans Hotel and Casino,(702) 365-7111,http://www.visitlasvegas.com/web-images/shows/23538.jpeg,Please call venue for times.,NV,Sporting Event,Orleans Arena,89103.0
3131 Las Vegas Blvd S,Las Vegas,$99 - $195,"LE REVE, presented exclusively at Wynn Las Vegas, offers breathtaking performances in an intimate aqua theater-in-the-round. The show features aerial acrobatics, provocative choreography and artistic athleticism. Live music and elaborate special effects immerse the audience into a world of fantasy, adventure and intrigue.   For those craving the ultimate in luxury, the new VIP Indulgence Package offers an evening of extravagance with complimentary Perrier-Jouet champagne, chocolate covered strawberries, generously-scaled lounge seating, and video monitors which provide behind-the-scenes glimpses and up-close imagery of the action during the show. Package holders will experience the prestige of exclusive opportunities at Wynn Las Vegas with a &quot;Privileged Access&quot; pass for dining and entertainment on the day of the performance. The VIP Indulgence Package is priced at $179 per person plus tax, and is limited to less than 100 seats per show.     &quot;Thrilling, first to last&quot; - Los Angeles Times    &quot;Jaw-dropping&quot; - Variety    &quot;Visually stunning&quot; - Las Vegas Sun",http://www.wynnlasvegas.com/#Entertainment/leReve,Strip,Wynn Las Vegas,http://www.visitlasvegas.com/vegas/play/shows/details?eventId=8152,Le Rêve at Wynn Las Vegas,(702) 770-7000,http://www.visitlasvegas.com/web-images/shows/12171.jpeg,7pm &amp; 9:30pm,NV,Variety &amp; Specialty Show,Le Reve Theater,89109.0
3475 Las Vegas Blvd S,Las Vegas,$55.45 - $65.45; Child (2 - 12) $34.95 - $44.95,"Now in it 25th year, &quot;Legends in Concert&quot; is a live, on-stage recreation of music by a   select group of superstar doppelgangers from the past and present.          A continuously changing lineup of look-alike and sound-alike performers include Elvis   Presley, Janet Jackson, Jay Leno, Marilyn Monroe, Shania Twain, Garth Brooks, Cher,   Elton John, Michael Jackson, Madonna, Dusty Springfield, Dolly Parton and the Blues   Brothers.          In addition to musical re-creations, the show features singer-dancers, a live band and a   full stage production.  For groups of 12 or please call 866-462-5982.",http://www.harrahslasvegas.com,Strip,Harrah's Las Vegas Hotel and Casino,http://www.visitlasvegas.com/vegas/play/shows/details?eventId=343,Legends in Concert at Harrah's Las Vegas Hotel and Casino,(702) 369-5111,http://www.visitlasvegas.com/web-images/shows/2906.jpeg,"Mon, Wed, 6:30pm, Tue, Thu, Fri  Sun 7:30pm and 10pm",NV,Impersonator &amp; Tribute Act,Harrah's Showroom,89109.0
3667 Las Vegas Blvd S,Las Vegas,Please call venue for costs.,,http://www.saxetheater.com,Strip,Planet Hollywood Resort &amp; Casino,http://www.visitlasvegas.com/vegas/play/shows/details?eventId=18307,Liberace - Music &amp; Memories at Planet Hollywood Resort &amp; Casino,(702) 785-5555,,2pm,NV,Variety &amp; Specialty Show,Saxe Theater,89109.0
4321 W Flamingo Rd,Las Vegas,Please call venue for costs.,Experience the unusual and the strange as Lior Suchard takes you on a journey of the mind.  This spectacular mentalist will shock you with his expertise and his ability to control the mind.,http://www.palms.com,Off-Strip,Palms Casino Resort,http://www.visitlasvegas.com/vegas/play/shows/details?eventId=18250,Lior Suchard at Palms Casino Resort,(702) 942-7777,http://www.visitlasvegas.com/web-images/shows/24059.jpeg,Please call venue for times.,NV,Variety &amp; Specialty Show,The Pearl at Palms,89103.0
2411 W Sahara Ave,Las Vegas,$49.95 Gen Admn;  VIP $99.95,"Comedy superstar Louie Anderson has made you laugh on talk shows, on Family Feud and on his Emmy award winning television series &quot;Life with Louie&quot;. Now, experience his one of a kind hilarious comedy live on stage at Palace Station!",http://www.palacestation.com,Off-Strip,Palace Station Hotel Casino,http://www.visitlasvegas.com/vegas/play/shows/details?eventId=9614,Louie Anderson LOL :) at Palace Station Hotel Casino,(702) 367-2411,http://www.visitlasvegas.com/web-images/shows/13874.jpeg,8:30pm,NV,Comedy,Louie Anderson Theatre,89102.0
3400 Las Vegas Blvd S,Las Vegas,$99  - $150,"With LOVE, Cirque du Soleil celebrates the musical legacy of The Beatles through their timeless, original recordings.  Drawn from the poetry of the lyrics, the show explores the content of the songs as interpreted by innovative performances from a cast of 60 international artists.  A youthful, raw energy is channeled through aerial performance, extreme sports and urban freestyle dance.      Cirque Week, Nov 29 - Dec 5 - special Cirque show ticket packages include a variety of shows, behind the scenes exclusive events, and more.  Click for more details!",http://www.mirage.com/entertainment/entertainment_cirque_du_soleil.aspx,Strip,Mirage,http://www.visitlasvegas.com/vegas/play/shows/details?eventId=9857,LOVE - by Cirque du Soleil at Mirage,(702) 791-7111,http://www.visitlasvegas.com/web-images/shows/14213.jpeg,7pm &amp; 9:30pm,NV,Variety &amp; Specialty Show,Love Theatre,89109.0
3475 Las Vegas Blvd S,Las Vegas,$27.45,"Mac King's act contains an unusual combination of humor, visual gags and sleight of hand, and he's known for original magic creations, like making a live goldfish appear over an audience member's head.  He got his start doing shows for his friends and family as a kid, and spent his summer vacations from college performing in a two-person magic act with fellow Kentucky magician Lance Burton, who also performs in Vegas now.  King has made numerous TV appearances on such shows as &quot;Houdini: Unlocking His Secrets,&quot; &quot;The World's Wildest Magic,&quot; &quot;An Evening at the Improv,&quot; &quot;Comic Strip Live,&quot; Penn &amp; Teller's &quot;Sin City Spectacular,&quot; and, most recently, the &quot;Men Are from Mars, Women Are from Venus&quot; show starring Cybill Shepherd. He has the distinction of being the only performer to have appeared on all five of NBC's &quot;World's Greatest Magic&quot; shows.  For groups of 12 or more please call 866-462-5982.",http://www.harrahs.com/casinos/harrahs-las-vegas/casino-entertainment/,Strip,Harrah's Las Vegas Hotel and Casino,http://www.visitlasvegas.com/vegas/play/shows/details?eventId=373,Mac King Comedy Magic Show at Harrah's Las Vegas Hotel and Casino,(702) 369-5111,http://www.visitlasvegas.com/web-images/shows/2936.jpeg,1pm &amp; 3pm,NV,"Comedy, Magic",Comedy Cabaret,89109.0
305 Convention Center Dr,Las Vegas,Please call venue for costs.,"This unique variety show features a rotating lineup of specialty acts including magicians, jugglers, comedians, and true vaudeville-style acts!",http://www.clarionhotelvegas.com/,Off-Strip,"Clarion Hotel &amp; Casino, Near Las Vegas Strip",http://www.visitlasvegas.com/vegas/play/shows/details?eventId=17813,"Magic of Music and Comedy at Clarion Hotel &amp; Casino, Near Las Vegas Strip",(702) 952-8000,,7:30pm,NV,Variety &amp; Specialty Show,Showroom Theater,89109.0
3667 Las Vegas Blvd S,Las Vegas,$49.99 &amp; $59.99,"Marc Savard is an energetic mix of comedy, hypnosis and chaos. You can see the show or BE the show! Come to watch hilarious audience volunteers live onstage as the number one hypnotist in the world, Marc Savard, whips the crowd into a frenzy.",http://www.marcsavard.com,Strip,Planet Hollywood Resort &amp; Casino,http://www.visitlasvegas.com/vegas/play/shows/details?eventId=16825,Marc Savard - Comedy Hypnosis at Planet Hollywood Resort &amp; Casino,(702) 260-7200,http://www.visitlasvegas.com/web-images/shows/22183.jpeg,10pm; Dark 1/31 - 2/6,NV,Comedy,V Theater (Miracle Mile Shops),89109.0
301 E Fremont St,Las Vegas,$60.45 - $76.95,"The award winning comedy show &quot;Marriage Can Be Murder&quot; is an   interactive comedy  murder mystery dinner show experience, where the   actors are planted among the unsuspecting guests.  High comedy and   high jinks abound as the guests are intermingled and sometimes singled   out with our killers and victims.",http://tickets.fourqueens.com/,Downtown,Fitzgeralds Casino and Hotel,http://www.visitlasvegas.com/vegas/play/shows/details?eventId=13228,Marriage Can Be Murder at Fitzgeralds Casino and Hotel,(702) 388-2400,http://www.visitlasvegas.com/web-images/shows/18004.jpeg,6:30pm,NV,Variety &amp; Specialty Show,Fitzgerald's Showroom,89101.0
12300 Las Vegas Blvd S,Henderson,$39.95,"Similar to a network television cooking show, Martini Time with Chef Tina Martini mixes cooking with nutrition, fitness and wellness for a deliciously entertaining and educational experience.  The show treats a live studio audience to cooking demonstrations, food/beverage sampling and special &quot;handy hints&quot; and &quot;tasty tips&quot; on a variety of topics centering on three key areas of living healthy: nutrition, fitness and mind/body.",http://www.themresort.com/cheftina/,Southeast &amp; Henderson,"M Resort, Spa and Casino",http://www.visitlasvegas.com/vegas/play/shows/details?eventId=16904,"Martini Time with Chef Tina Martini at M Resort, Spa and Casino",(702) 797-1000,http://www.visitlasvegas.com/web-images/shows/22251.jpeg,12pm &amp; 4pm,NV,Variety &amp; Specialty Show,Studio B Buffet,89044.0
3535 Las Vegas Blvd S,Las Vegas,$54.99 - $65.99,"Matsuri is a unique variety/specialty show that features a diverse selection of musical stunts, extreme sports, and comedic routines. It is highlighted by Japanese drum dances that create heart-pounding rhythms using the human body.  The onstage acts include professional athletes and Olympic Medalists who combine extreme sports routines, dance numbers and traditional Japanese arts.   For groups of 12 or more please call 866-462-5982.",http://www.imperialpalace.com/EventsDetail.do?detailName=matsuri-detail&amp;displayCode=&amp;locationCode=ILV&amp;eventTitle=MATSURI,Strip,Imperial Palace Hotel &amp; Casino,http://www.visitlasvegas.com/vegas/play/shows/details?eventId=16049,Matsuri at Imperial Palace Hotel &amp; Casino,(702) 794-3261,http://www.visitlasvegas.com/web-images/shows/21298.jpeg,4pm;  Fri 8pm,NV,Variety &amp; Specialty Show,Imperial Theatre,89109.0
3570 Las Vegas Blvd S,Las Vegas,$40,"Produced by Robin Antin, creator of The Pussycat Dolls, Goss' show will offer a dynamic blend of musical talent. Backed by a 9-piece band and sexy female dancers known as The Dirty Virgins, Goss, who has sold more than 17 million albums worldwide in his career, will entertain guests with a full-blown production featuring a mix of his career hits, songs from his new album and popular covers. Recognized for appreciating the legendary Rat Pack performers in the show Goss performs &quot;I've Got the World on a String&quot; and &quot;Luck be a Lady&quot; recorded by legendary Frank Sinatra.",http://www.caesarspalace.com,Strip,Caesars Palace,http://www.visitlasvegas.com/vegas/play/shows/details?eventId=18122,Matt Goss at Caesars Palace,(702) 731-7110,http://www.visitlasvegas.com/web-images/shows/23858.jpeg,10pm Fri &amp; Sat ONLY,NV,Music: Pop/Rock,The Colosseum at Caesars Palace,89109.0
115 E Tropicana Ave,Las Vegas,$34.99 &amp; $44.99,"These sexy men strut their stuff as everything from desirable doctors and fierce firemen to muscular mile-high captains and sexy soldiers, guaranteed to fulfill every woman's fantasy. The Men of X arouse audiences nightly with their hard bodies and heart-stopping choreography that is sure to tease and please.",http://www.hooterscasinohotel.com,Off-Strip,Hooters Casino Hotel,http://www.visitlasvegas.com/vegas/play/shows/details?eventId=17287,Men of X at Hooters Casino Hotel,(702) 739-9000,http://www.visitlasvegas.com/web-images/shows/22683.jpeg,9pm,NV,Variety &amp; Specialty Show,Dixie's Dam Bar,89109.0
3900 Las Vegas Blvd S,Las Vegas,$54.95 &amp; $71.50,The hilarious show Menopause The Musical® has entertained and inspired women from coast-to-coast and internationally. Menopause The Musical® is the work of writer Jeanie Linders. This uplifting 90-minute production includes parodies from the '60s and '70s and '80s. It culminates with a salute to women who are experiencing The Change.,http://www.luxor.com,Strip,Luxor Hotel and Casino,http://www.visitlasvegas.com/vegas/play/shows/details?eventId=15728,Menopause the Musical at Luxor Hotel and Casino,(702) 262-4000,http://www.visitlasvegas.com/web-images/shows/20891.jpeg,5:30pm Wed - Mon; Tue 5pm &amp; 8:30pm,NV,Plays &amp; Musicals,Atrium Showroom,89119.0
3799 Las Vegas Blvd S,Las Vegas,$50.50 - $60.50,"&quot;Crazy Horse&quot; arrives direct from one of the hottest nightspots in the world, the original Crazy Horse in Paris, famous since 1951 for its productions celebrating beautiful women and the art of the nude.  The show uses a combination of light, film and projections to create dramatic effects: some subtle, some humorous, but all sensual.  All 12 of the international dancers were members of the original Crazy Horse dance troupe, and are trained in ballet.  Business casual attire is required for the performance (no T-shirts, tank tops, hats, baggy jeans or tennis shoes please).",http://www.mgmgrand.com/entertainment/crazy-horse-show.aspx,Strip,MGM Grand Hotel and Casino,http://www.visitlasvegas.com/vegas/play/shows/details?eventId=1479,MGM Grand&#039;s Crazy Horse Paris at MGM Grand Hotel and Casino,(702) 891-1111,http://www.visitlasvegas.com/web-images/shows/4410.jpeg,8pm &amp; 10:30pm,NV,Variety &amp; Specialty Show,Crazy Horse Cabaret,89109.0
3950 Las Vegas Blvd S,Las Vegas,$61.65 - $276,,http://www.mandalaybay.com,Strip,Mandalay Bay Resort &amp; Casino,http://www.visitlasvegas.com/vegas/play/shows/details?eventId=18327,Michael Jackson - The Immortal World Tour by Cirque du Soleil at Mandalay Bay Resort &amp; Casino,(702) 632-7777,,"7pm; Also 10pm on Fri, Sat &amp; Sun",NV,Variety &amp; Specialty Show,Mandalay Bay Events Center,89119.0
3799 Las Vegas Blvd S,Las Vegas,$52 - $183.25,"Lady Gaga came to the pop world the old-fashioned way -- making a name for herself on the Lower East Side club scene. Her dance-pop and rock infused party songs were mixed with her flair for &quot;shock art&quot; performances and she was soon performing for all the party and club kids in the city.  Her debut album The Fame (2008) showcased Gaga's talent featuring all self-written lyrics, melodies and even some of her own synth work. That album sparked the long-lasting hit &quot;Just Dance&quot; which propelled Gaga into a household name. The single hit the Billboard Hot 100 chart in August 2008 and stayed on the charts, reaching No. 1 in January 2009.",http://www.mgmgrand.com,Strip,MGM Grand Hotel and Casino,http://www.visitlasvegas.com/vegas/play/shows/details?eventId=17599,Monster Ball Tour starring Lady Gaga w/ Semi Precious Weapons at MGM Grand Hotel and Casino,(702) 891-1111,http://www.visitlasvegas.com/web-images/shows/22743.jpeg,8pm,NV,Music: Pop/Rock,Grand Garden Arena,89109.0
7000 E Russell Rd,Las Vegas,$45 - $65,"The top Supercross and Supercross Lites riders converge on Las Vegas for the final round of Monster Energy® Supercross. Superstars like James Stewart, Chad Reed, Ryan Dungey and Ryan Villopoto make the yearly trek to the desert in pursuit of victory.      Practice, qualifying and open pits begin at 12:30pm and are free with your event ticket. The pit party features thrill acts, main stage activities, live bands, vendor booths and other activities.",http://www.unlvtickets.com,Southeast &amp; Henderson,Sam Boyd Stadium,http://www.visitlasvegas.com/vegas/play/shows/details?eventId=18038,Monster Energy Supercross Finals at Sam Boyd Stadium,(702) 739-3267,http://www.visitlasvegas.com/web-images/shows/23735.jpeg,7pm,NV,Sporting Event,Sam Boyd Stadium,89122.0
7000 E Russell Rd,Las Vegas,Please call venue for costs.,"The Advance Auto Parts Monster Jam World Finals features the top 24 monster trucks in the world competing for the coveted titles of Racing World Champion and Freestyle World Champion.      Starting at noon on Saturday, the Built Ford Tough Party in the Pits features over 50 monster trucks and drivers signing autographs, interactive displays, thrill acts, monster ride truck, contests and more. The pit party is free with your event ticket.",http://www.unlvtickets.com,Southeast &amp; Henderson,Sam Boyd Stadium,http://www.visitlasvegas.com/vegas/play/shows/details?eventId=18037,Monster Jam World Finals 2011 at Sam Boyd Stadium,(702) 739-3267,http://www.visitlasvegas.com/web-images/shows/23734.jpeg,Please call venue for times.,NV,Sporting Event,Sam Boyd Stadium,89122.0
3300 Las Vegas Blvd S,Las Vegas,$60 - $109,"Mystere is a vibrant kaleidoscope of powerful athleticism, high-energy acrobatics and inspired imagery.  The vivid sets of Mystere are punctuated by colorful costumes and signature Cirque du Soleil acts such as Chinese Poles, Hand to Hand balancing, Aerial High Bar and Bungee.  This 90-minute production features an international cast of 75 artists.  Only at Treasure Island.      Cirque Week, Nov 29 - Dec 5 - special Cirque show ticket packages include a variety of shows, behind the scenes exclusive events, and more.  Click for more details!",http://www.treasureisland.com/pages/ent_mystere.asp,Strip,Treasure Island - TI,http://www.visitlasvegas.com/vegas/play/shows/details?eventId=302,Mystere - by Cirque du Soleil at Treasure Island - TI,(702) 796-9999,http://www.visitlasvegas.com/web-images/shows/2864.jpeg,7pm &amp; 9:30pm,NV,Variety &amp; Specialty Show,Cirque du Soleil Theatre &quot;Mystere&quot;,89109.0
3555 Las Vegas Blvd S,Las Vegas,Adult $34 - $44; Child $17 - $22,"Comedy magician Nathan Burton appears and disappears daily in his afternoon show at the   Flamingo.  Burton has been a regular in Las Vegas for years performing as a specialty act in   various variety shows.  After a high-profile series of appearances on the hit NBC show   America's Got Talent, Burton rolled the dice and opened his own show in Las Vegas, creating   unique illusions and original comedy.  His show features beautiful showgirls and jaw   dropping magic tricks suitable for the entire family.  For groups of 12 or more please call 866-462-5982.",http://www.harrahs.com/casinos/flamingo-las-vegas/casino-entertainment,Strip,Flamingo Las Vegas,http://www.visitlasvegas.com/vegas/play/shows/details?eventId=13610,Nathan Burton Comedy Magic at Flamingo Las Vegas,(702) 733-3428,http://www.visitlasvegas.com/web-images/shows/18436.jpeg,4pm,NV,Magic,Flamingo Showroom,89109.0
3000 Paradise Rd,Las Vegas,$42.90- $53.90,"&quot;Nunsense&quot; is an award winning, wacky musical comedy, starring The Little Sisters of Hoboken. It seems they must put on a benefit show to help raise money because their cook accidentally poisoned 52 of their Sisters. After burying 48, they've run out of money and so have temporarily stored the last four Sisters in the convent freezer. This hysterically funny musical won four Outer Critics Circle Awards including Best Musical during its 10 year run in New York. You'll be rolling in the aisles when you treat yourself to an afternoon of &quot;Nunsense.&quot; It would be a sin to miss it!",http://www.lvhilton.com,Off-Strip,Las Vegas Hilton,http://www.visitlasvegas.com/vegas/play/shows/details?eventId=18074,Nunsense at Las Vegas Hilton,(702) 732-5111,http://www.visitlasvegas.com/web-images/shows/23803.jpeg,4pm,NV,Plays &amp; Musicals,Shimmer Cabaret,89109.0
3600 Las Vegas Blvd S,Las Vegas,$93.50 - $150,"Cirque du Soleil weaves an aquatic tapestry of artistry, surrealism and theatrical romance in the timeless production, &quot;O.&quot; The international cast of world-class acrobats, synchronized swimmers, divers and characters perform in, on, and above water to create a breathtaking experience in a magnificent theatre reminiscent of a European opera house. As you enter the theatre, you will be surrounded by the spectacular works of world renowned artist Richard MacDonald.  This Fine Art Gallery is presented by Cirque du Soleil and all works are available for purchase.  Gallery hours are Mon - Tues from 10am - 11pm and Wed - Sun from 10am - 1am.      Cirque Week, Nov 29 - Dec 5 - special Cirque show ticket packages include a variety of shows, behind the scenes exclusive events, and more.  Click for more details!",http://www.bellagio.com/o-cirque-du-soleil/o-cirque-du-soleil.aspx,Strip,Bellagio,http://www.visitlasvegas.com/vegas/play/shows/details?eventId=3177,O - by Cirque du Soleil at Bellagio,(702) 693-7722,http://www.visitlasvegas.com/web-images/shows/6518.jpeg,7:30pm &amp; 10pm,NV,Variety &amp; Specialty Show,&quot;O&quot; Theatre,89109.0
,,$35 - $70,"Winner of the 15th International Chopin Piano Competition, Jacek Kortus joins the critically acclaimed Opole, Philharmonic of Poland in a program that includes Paderewski's Piano Concert in A minor and Beethoven's immortal Symphony No. 5.",http://www.unlvtickets.com/eventInfo/pacf/238/opole-philharmonic-of-poland-with-jacek-kortus-piano/,Off-Strip,University of Nevada Las Vegas,http://www.visitlasvegas.com/vegas/play/shows/details?eventId=17686,"Opole, Philharmonic of Poland at University of Nevada Las Vegas",(702) 895-2787,http://www.visitlasvegas.com/web-images/shows/23348.jpeg,8pm,,Music: Classical/Opera,Artemus W Ham Concert Hall,
3667 Las Vegas Blvd S,Las Vegas,$65 - $125,"Starring Holly Madison -- Peepshow is a highly stylized, full-throttle modern burlesque show that combines sexy striptease and celebrity with high-level production values and a dash of passion. A story told through dance and contemporary music, Peepshow is a collaboration between Tony award-winning director/choreographer Jerry Mitchell and BASE Entertainment.  Peepshow will also feature 20 of the sexiest dancers from film, video, and Broadway, backed by a powerhouse all-female band pumping out an engaging, contemporary soundtrack.  For groups of 12 or more please call 866-462-5982.",http://www.planethollywoodresort.com,Strip,Planet Hollywood Resort &amp; Casino,http://www.visitlasvegas.com/vegas/play/shows/details?eventId=14844,Peepshow at Planet Hollywood Resort &amp; Casino,(702) 785-5555,http://www.visitlasvegas.com/web-images/shows/19808.jpeg,9pm; Sat 8pm &amp; 10:30pm,NV,Variety &amp; Specialty Show,CHI Showroom,89109.0
3700 W Flamingo Rd,Las Vegas,$82.50 &amp; $93.50,"Bunnies in chipper shredders... fire-eating... .357 magnums... Penn &amp; Teller's unique mix of comedy and magic amazes audiences at the Rio.  The live show has been a hit on Broadway, an edgy mix of comedy and magic involving knives, guns, fire, a gorilla and a showgirl.  Penn &amp; Teller call themselves &quot;a couple of eccentric guys who have learned how to do a few cool things.&quot; Since first teaming up in 1975, they have created an entertainment success story that has gone from the streets to small clubs to national theater tours, and now to their current, multi-year engagement in Vegas.  Penn &amp; Teller have been named &quot;Las Vegas Magicians of the Year&quot; for the past two years.  For groups of 12 or more please call 866-462-5982.",http://www.harrahs.com/casinos/rio/casino-entertainment/index.html,Off-Strip,Rio All-Suite Hotel &amp; Casino,http://www.visitlasvegas.com/vegas/play/shows/details?eventId=3413,Penn &amp; Teller at Rio All-Suite Hotel &amp; Casino,(702) 777-7776,http://www.visitlasvegas.com/web-images/shows/6799.jpeg,9pm; Please call venue for additional dark dates.,NV,Magic,Penn &amp; Teller Theater,89103.0
115 E Tropicana Ave,Las Vegas,$29.95,"See Pete Willcox in his tribute to Elvis as if he were still performing today! Willcox has been an Elvis tribute artist for forty years and has also been a guest star on Cheers, LA Law, and Murphy Brown, just to name a few.  Willcox will combine the greatest hits with songs that would have been performed if Elvis were still with us today.",http://www.hooterscasinohotel.com,Off-Strip,Hooters Casino Hotel,http://www.visitlasvegas.com/vegas/play/shows/details?eventId=17280,Pete Willcox - Tribute to Elvis at Hooters Casino Hotel,(702) 739-9000,http://www.visitlasvegas.com/web-images/shows/22670.jpeg,7:30pm,NV,Variety &amp; Specialty Show,Iowa Theater for the Performing Arts,89109.0
3355 Las Vegas Blvd S,Las Vegas,$69 - $165,A nation-wide search has delivered a cast handpicked by Andrew Lloyd Webber and Hal Prince and rich in Broadway experience for Phantom - The Las Vegas Spectacular.,http://www.venetian.com/PHANTOM.aspx,Strip,Venetian Resort - Hotel - Casino,http://www.visitlasvegas.com/vegas/play/shows/details?eventId=9666,Phantom - The Las Vegas Spectacular at Venetian Resort - Hotel - Casino,(702) 414-1000,http://www.visitlasvegas.com/web-images/shows/13937.jpeg,7pm; Also 9:30pm on Mon &amp; Sat,NV,Plays &amp; Musicals,Showroom at the Venetian,89109.0
4321 W Flamingo Rd,Las Vegas,$39.99 - $79.99,"If you're looking for the hottest up-and-coming comics and a mix of established A-list stars, check out the Playboy Comedy Club.  You'll be rolling in the isles laughling!",http://www.palms.com,Off-Strip,Palms Casino Resort,http://www.visitlasvegas.com/vegas/play/shows/details?eventId=16907,Playboy Comedy Club at Palms Casino Resort,(702) 942-7777,,9pm; Also 8pm  &amp; 10pm Sat,NV,Comedy,The Lounge,89103.0
115 E Tropicana Ave,Las Vegas,$24.99,"Purple Reign captures the imagination and seamlessly re-creates the blistering performances and raw energy of Prince in his prime and returns you to the era that made &quot;The Artist&quot; an international superstar. Featuring a tribute to Morris Day and The Time, this show is a must see for &quot;Purple Rain'  movie fans and all live music fans alike!",http://www.hooterscasinohotel.com,Off-Strip,Hooters Casino Hotel,http://www.visitlasvegas.com/vegas/play/shows/details?eventId=16620,Purple Reign - The Prince Tribute Show at Hooters Casino Hotel,(702) 739-9000,http://www.visitlasvegas.com/web-images/shows/21937.jpeg,10pm,NV,Impersonator &amp; Tribute Act,Night Owl Showroom,89109.0
3700 W Flamingo Rd,Las Vegas,$69 - $99,,http://www.playrio.com,Off-Strip,Rio All-Suite Hotel &amp; Casino,http://www.visitlasvegas.com/vegas/play/shows/details?eventId=18079,Red Light at Rio All-Suite Hotel &amp; Casino,(702) 777-7777,http://www.visitlasvegas.com/web-images/shows/23809.jpeg,8pm,NV,Variety &amp; Specialty Show,Crown Theater,89103.0
2535 Las Vegas Blvd S,Las Vegas,"$39.95 &amp; $49.95  Under 12, $19.95","Rick Thomas will amaze you with his unique, cutting-edge magical illusions.  This master magician also incorporates bengal tigers into his act, and beautiful dancers and assistants.  Don't miss a great show that will leave you saying &quot;How did he do that?&quot;",http://www.saharavegas.com,Strip,Sahara Hotel and Casino,http://www.visitlasvegas.com/vegas/play/shows/details?eventId=15901,Rick Thomas at Sahara Hotel and Casino,(702) 737-2111,http://www.visitlasvegas.com/web-images/shows/21116.jpeg,7pm,NV,Magic,Sahara Theatre,89109.0
3475 Las Vegas Blvd S,Las Vegas,$59.40 &amp; $99,"Rita Rudner brings her unique style of comedy to Harrah's Las Vegas. In a city of cabarets and production shows, Rudner is one of the few female headliners who has achieved success by keeping her clothes on.  For groups of 12 or more please call 866-462-5982.",http://www.harrahs.com/casinos/harrahs-las-vegas/casino-entertainment/,Strip,Harrah's Las Vegas Hotel and Casino,http://www.visitlasvegas.com/vegas/play/shows/details?eventId=11764,Rita Rudner at Harrah's Las Vegas Hotel and Casino,(702) 369-5111,http://www.visitlasvegas.com/web-images/shows/16396.jpeg,8:30pm; Please call venue for additional dark nights.,NV,Comedy,Harrah's Showroom,89109.0
2901 Las Vegas Blvd S,Las Vegas,$57.95 - $97.95,"Take a walk down memory lane, as Frank, Sammy, Joey and Dean come alive on stage.  Sandy Hackett's tribute show to the famous Rat Pack will bring back the best music and onstage charisma that defined a generation!",http://www.rivierahotel.com,Strip,Riviera Hotel &amp; Casino,http://www.visitlasvegas.com/vegas/play/shows/details?eventId=18283,Sandy Hackett&#039;s Rat Pack Show at Riviera Hotel &amp; Casino,(702) 734-5110,http://www.visitlasvegas.com/web-images/shows/24121.jpeg,7pm,NV,Variety &amp; Specialty Show,Le Bistro Theater,89109.0
3700 W Flamingo Rd,Las Vegas,Free; $12.95 to ride in the floats,"Stunning dancers in eye-popping costume fashions entertain as fantasy floats glide above   the crowd creating an energetic and dynamic musical celebration. From sexy designer   dresses to bustier tops, the aerial show is one-of-a-kind. Three different shows include the   &quot;Bedroom,&quot; &quot;Bath/Spa,&quot; and &quot;Modern-day club&quot; and feature a hot and sexy dance cast   wearing seductive costumes from designers like DKNY, bebe and Victoria Secret.  For groups of 12 or more please call 866-462-5982.",http://www.harrahs.com/casinos/rio/casino-entertainment/index.html,Off-Strip,Rio All-Suite Hotel &amp; Casino,http://www.visitlasvegas.com/vegas/play/shows/details?eventId=8861,Show in the Sky at Rio All-Suite Hotel &amp; Casino,(702) 777-7776,http://www.visitlasvegas.com/web-images/shows/12995.jpeg,"6pm, 7pm, 8pm, 9pm, 10pm, 11pm",NV,Variety &amp; Specialty Show,Masquerade Village,89103.0
3667 Las Vegas Blvd S,Las Vegas,$49.50 - $60.50,Laugh the night away as you enjoy headlining comedians and background dancers in this unique comedy show.,http://www.varietytheater.com/sincity.htm,Strip,Planet Hollywood Resort &amp; Casino,http://www.visitlasvegas.com/vegas/play/shows/details?eventId=15679,Sin City Comedy Show at Planet Hollywood Resort &amp; Casino,(702) 260-7200,http://www.visitlasvegas.com/web-images/shows/20837.jpeg,9pm,NV,Comedy,V Theater (Miracle Mile Shops),89109.0
,,Please call venue for costs.,NASCAR comes back to the Las Vegas Motor Speedway.  Don't miss a second of the fast-paced action at the main track.  Experience racing at its finest and enjoy the LVMS racing facilities and activities all weekend long!,http://www.lvms.com,Northeast/North Las Vegas,Las Vegas Motor Speedway,http://www.visitlasvegas.com/vegas/play/shows/details?eventId=18006,2011 NASCAR Weekend at Las Vegas Motor Speedway,(702) 644-4444,http://www.visitlasvegas.com/web-images/shows/23702.jpeg,Please call venue for times.,,Sporting Event,Las Vegas Motor Speedway,
4505 Maryland Pkwy,Las Vegas,Please call venue for costs.,Are you ready for the toughest riders in the world? They're back for more action in the arena taking on the strongest and wildest bulls in the world.  Do they have what it takes to last 8 seconds? Come watch in person and cheer the best athletes in the world on to a victory!,http://www.unlvtickets.com,Off-Strip,Thomas &amp; Mack Center,http://www.visitlasvegas.com/vegas/play/shows/details?eventId=18295,2011 PBR World Finals at Thomas &amp; Mack Center,(702) 739-3267,http://www.visitlasvegas.com/web-images/shows/24135.jpeg,Please call venue for times.,NV,Sporting Event,Thomas &amp; Mack Center,89154.0
850 N Las Vegas Blvd,Las Vegas,Please call venue for costs.,It's all about dance at Cashman Center today.  Don't miss the excitement!,http://www.spotlightevents.com,Downtown,Cashman Center,http://www.visitlasvegas.com/vegas/play/shows/details?eventId=17651,Spotlight Events Regional Dance Tournament at Cashman Center,(208) 939-2015,http://www.visitlasvegas.com/web-images/shows/23304.jpeg,Please call venue for times.,NV,Special Event,Cashman Center,89101.0
129 E Fremont St,Las Vegas,Please call venue for costs.,"The 3rd Annual Wine &amp; Jazz Fest!   FRIDAY:  Kick things off Friday evening at our award-winning pool and shark aquarium with a Champagne &amp; Wine Reception. Mingle with winemakers, owners and fellow wine enthusiasts while listening to smooth jazz under the stars.   SATURDAY:  Sample from over 50 wineries and 200 selections from California, Oregon and Washington's most prestigious wineries in The Grand Events Center, featuring library selections, current vintage releases, live jazz, Riedel stemware and exquisite food from our award winning chefs.   SUNDAY:  Exquisite brunch offerings and live jazz are paired with sparkling wines from Domaine Chandon, Roederer Estates and Domaine Carneros. Followed by a scintillating live auction featuring wine lots, large format collector's bottles and more?",http://www.goldennugget.com,Downtown,Golden Nugget,http://www.visitlasvegas.com/vegas/play/shows/details?eventId=17776,Spring Wine &amp; Jazz Fest March at Golden Nugget,(702) 385-7111,http://www.visitlasvegas.com/web-images/shows/23442.jpeg,Please call venue for times.,NV,Special Event,The Grand,89101.0
3950 Las Vegas Blvd S,Las Vegas,$20  (Standing),"Steel Panther is a glam metal parody band originally known as Metal Skool.  They are known for their energetic live show, the longes running metal shown on the Sunset Strip.  They pay tribute to and lampoon the heyday of 80's glam metal music.",http://www.hob.com/venues/clubvenues/lasvegas,Strip,Mandalay Bay Resort &amp; Casino,http://www.visitlasvegas.com/vegas/play/shows/details?eventId=16721,Steel Panther at Mandalay Bay Resort &amp; Casino,(702) 632-7600,,"11:30pm, Saturdays Only",NV,Music: Pop/Rock,House of Blues,89119.0
850 N Las Vegas Blvd,Las Vegas,Please call venue for costs.,"Steve Powers' Great Las Vegas Craft Show is known as &quot;The Unique Shopping Experience&quot;.   You will find the best in original handmade crafts and a nice selection of fine artists. There   will be exhibitors from more than 10 Western States, with plenty of festival food and   continuous live stage entertainment.",http://www.stevepowers.com,Downtown,Cashman Center,http://www.visitlasvegas.com/vegas/play/shows/details?eventId=17177,Steve Powers Great Las Vegas Craft Show at Cashman Center,(805) 481-7100,http://www.visitlasvegas.com/web-images/shows/17579.jpeg,Please call venue for times.,NV,Special Event,Cashman Center,89101.0
18 E Fremont St,Las Vegas,$45.98,"Steven Best &amp; Cassandra - Superstars of Magic is a high-energy, action packed magic and illusion spectacle.  Prepare yourself for an intimate evening of magic and grand illusion.  Featuring: Exotic Birds, Comedy, Dazzling Costumes, and Pure Sleight-of-Hand.  Steven Best &amp; Cassandra take you into a fantasy world of magic!  Come and be amazed by this world renowned magic duo.",http://www.playlv.com,Downtown,Vegas Club,http://www.visitlasvegas.com/vegas/play/shows/details?eventId=15131,Steven Best &amp; Cassandra - Superstars of Magic at Vegas Club,(702) 386-2464,http://www.visitlasvegas.com/web-images/shows/20178.jpeg,8:30pm,NV,Magic,Vegas Club Showroom,89101.0
3667 Las Vegas Blvd S,Las Vegas,$40 - $125,"Stripper 101 is the ultimate Las Vegas experience that allows women to unleash their inner bombshell! This erotically, sexy class provides ladies the confidence to dominate the bedroom. Ladies can master new moves, grasp new concepts, and learn to get an immediate return on their investment!",http://www.stripper101.com,Strip,Planet Hollywood Resort &amp; Casino,http://www.visitlasvegas.com/vegas/play/shows/details?eventId=12729,Stripper 101 at Planet Hollywood Resort &amp; Casino,(702) 260-7200,http://www.visitlasvegas.com/web-images/shows/17486.jpeg,"Mon - Thu 3pm &amp; 4:30pm; Sun 1pm, 3pm &amp; 4:30pm; Fri 3pm, 4:30pm,  6pm &amp;  8pm; Saturday 1pm, 3pm, 4:30pm, 6pm &amp; 8pm",NV,Variety &amp; Specialty Show,V Theater (Miracle Mile Shops),89109.0
2535 Las Vegas Blvd S,Las Vegas,Please call venue for costs.,"Striptease The Show consists of world class beautiful women with elaborate costuming, incredibly large stage props, and fantastically hot choreographed numbers.  The headliners are &quot;Taya Parker (2009 Penthouse Pet of The Year and Winner of VH1's Brett Michaels Rock Of Love) whom will host and perform, Nina Mercedez (XXX Vivid Star) Aspen Reign (The Only 4x Miss Nude World) and Tali DeMar (Burlesque Artist Extraordinaire)&quot;. All are exceptionally beautiful women who have perfected the art of striptease and have achieved numerous awards, accolades and recognition for their superb striptease performances. The supporting cast will include six sexy professionally trained dancers and one very lucky guy.",http://www.stripteasetheshow.com,Strip,Sahara Hotel and Casino,http://www.visitlasvegas.com/vegas/play/shows/details?eventId=18120,Striptease the Show at Sahara Hotel and Casino,(702) 737-2111,,11pm,NV,Variety &amp; Specialty Show,Sahara Theatre,89109.0
4500 W Tropicana,Las Vegas,Please call venue for costs.,"Entering their seventh season of hockey at the Orleans Arena this October, the Las Vegas Wranglers are the &quot;AA&quot; Affiliate of the NHL's Calgary Flames. During the 2007-08 season, the Wranglers became the only team in ECHL history to record three straight 100-point seasons. Las Vegas has taken two straight National Conference and Pacific Division regular season crowns (2006-07 and 2007-08). During the '06-07 campaign, The Wranglers tied a professional hockey record by winning 18 straight games.",http://www.orleanscasino.com,Off-Strip,Orleans Hotel and Casino,http://www.visitlasvegas.com/vegas/play/shows/details?eventId=17847,Las Vegas Wranglers at Orleans Hotel and Casino,(702) 365-7111,http://www.visitlasvegas.com/web-images/shows/23538.jpeg,Please call venue for times.,NV,Sporting Event,Orleans Arena,89103.0
4455 Paradise Rd,Las Vegas,$51 - $151,"Carlos Santana brings his legendary talent to The Joint at Hard Rock Hotel &amp; Casino.  Supernatural Santana: A Trip Through the Hits features the artist's signature fusion sound in a show designed exclusively for the new venue and also features career-spanning classics inspired by a mix of practical spirituality, a rebel-from-the-street vibe and passionate, virtuoso guitar playing. The set list includes a nostalgic collection of touchstone tracks reaching back as far as the first charting single &quot;Jingo&quot; (1969) and first Top 10 hit &quot;Evil Ways&quot; (1970), up through the latest hit, &quot;Into The Night.&quot;",http://www.hardrockhotel.com,Off-Strip,Hard Rock Hotel &amp; Casino,http://www.visitlasvegas.com/vegas/play/shows/details?eventId=18158,Supernatural Santana: A Trip Through the Hits at Hard Rock Hotel &amp; Casino,(702) 693-5000,http://www.visitlasvegas.com/web-images/shows/23903.jpeg,"8pm; Performance dates: April: 20, 22, 23, 24, 27, 29, 30 &amp; May 1",NV,Music: Pop/Rock,The Joint,89169.0
4111 Boulder Hwy,Las Vegas,$25 - $47,,http://www.boulderstation.com,Boulder Strip,Boulder Station Hotel-Casino,http://www.visitlasvegas.com/vegas/play/shows/details?eventId=18289,T.G. Sheppard at Boulder Station Hotel-Casino,(702) 432-7777,http://www.visitlasvegas.com/web-images/shows/24127.jpeg,8pm,NV,Music: Country,Railhead,89121.0
7000 E Russell Rd,Las Vegas,$45 - $65,"The top Supercross and Supercross Lites riders converge on Las Vegas for the final round of Monster Energy® Supercross. Superstars like James Stewart, Chad Reed, Ryan Dungey and Ryan Villopoto make the yearly trek to the desert in pursuit of victory.      Practice, qualifying and open pits begin at 12:30pm and are free with your event ticket. The pit party features thrill acts, main stage activities, live bands, vendor booths and other activities.",http://www.unlvtickets.com,Southeast &amp; Henderson,Sam Boyd Stadium,http://www.visitlasvegas.com/vegas/play/shows/details?eventId=18038,Monster Energy Supercross Finals at Sam Boyd Stadium,(702) 739-3267,http://www.visitlasvegas.com/web-images/shows/23735.jpeg,7pm,NV,Sporting Event,Sam Boyd Stadium,89122.0
3400 Las Vegas Blvd S,Las Vegas,$59 - $129,"A ventriloquist, singer and comedian, Terry Fator has performed his flawless impressions of celebrities for more than 32 years.  From comedy clubs to corporate events, he toured throughout the country until his &quot;overnight success&quot; hit when he won the 2007 &quot;America's Got Talent&quot; competition on NBC.  Fator not only speaks without moving his lips, he creates incredible impersonations of A-list talent including Tony Bennett, Elvis, Maroon Five, Garth Brooks and Roy Orbison--to name just a few.  His newest character is Wrex, a crash test dummy.  Wrex enjoys singing songs about cars including &quot;Little Red Corvette&quot; and &quot;Ridin' Dirty.&quot;",http://www.mirage.com,Strip,Mirage,http://www.visitlasvegas.com/vegas/play/shows/details?eventId=14790,Terry Fator at Mirage,(702) 791-7111,http://www.visitlasvegas.com/web-images/shows/19775.jpeg,7:30pm,NV,Comedy,Terry Fator Theatre,89109.0
7000 E Russell Rd,Las Vegas,Please call venue for costs.,"The Advance Auto Parts Monster Jam World Finals features the top 24 monster trucks in the world competing for the coveted titles of Racing World Champion and Freestyle World Champion.      Starting at noon on Saturday, the Built Ford Tough Party in the Pits features over 50 monster trucks and drivers signing autographs, interactive displays, thrill acts, monster ride truck, contests and more. The pit party is free with your event ticket.",http://www.unlvtickets.com,Southeast &amp; Henderson,Sam Boyd Stadium,http://www.visitlasvegas.com/vegas/play/shows/details?eventId=18037,Monster Jam World Finals 2011 at Sam Boyd Stadium,(702) 739-3267,http://www.visitlasvegas.com/web-images/shows/23734.jpeg,Please call venue for times.,NV,Sporting Event,Sam Boyd Stadium,89122.0
3667 Las Vegas Blvd S,Las Vegas,$65.95 - $98.95,The Amazing Johnathan shows his wit and humor along with his talented magic and impressive special effects.,http://www.https://harmon-web.vegas.com/harmon/AmazingJonathan.htm,Strip,Planet Hollywood Resort &amp; Casino,http://www.visitlasvegas.com/vegas/play/shows/details?eventId=13417,The Amazing Johnathan at Planet Hollywood Resort &amp; Casino,(702) 785-5555,http://www.visitlasvegas.com/web-images/shows/18196.jpeg,9pm,NV,Comedy,Harmon Theater at Krave (Miracle Mile Shops),89109.0
2901 Las Vegas Blvd S,Las Vegas,$51.99 - $62.99,,http://www.rivierahotel.com,Strip,Riviera Hotel &amp; Casino,http://www.visitlasvegas.com/vegas/play/shows/details?eventId=18311,The Amazing Kreskin at Riviera Hotel &amp; Casino,(702) 734-5110,http://www.visitlasvegas.com/web-images/shows/24156.jpeg,7pm,NV,Variety &amp; Specialty Show,Mardi Gras Theatre,89109.0
115 E Tropicana Ave,Las Vegas,$34.99,"Have you ever wondered what goes on backstage when comedians get together?  Then you won't want to miss this show!  This hilariously outrageous show gives you a behind-the-scenes look at three Vegas comedians as they attempt to outdo each other with the funnest jokes they know. Leave your political correctness at the door and come ready to laugh until your sides hurt. -- Starring Geechy Guy, Todd Paul and Mickey Joseph (but you never know when a special guest comedian might stop by). Check box office for current performer lienup.",http://www.hooterscasinohotel.com,Off-Strip,Hooters Casino Hotel,http://www.visitlasvegas.com/vegas/play/shows/details?eventId=16854,The Dirty Joke Show at Hooters Casino Hotel,(702) 739-9000,http://www.visitlasvegas.com/web-images/shows/22216.jpeg,10pm,NV,Comedy,Night Owl Showroom,89109.0
3667 Las Vegas Blvd S,Las Vegas,$55 &amp; $67,"Gerry McCambridge has been amazing audiences for over 30 years. He took his love for magic, and mixed it with the observational skills he learned from his father, a New York City Detective, to create the character of &quot;The Mentalist.&quot;      Gerry was the star of the hit prime-time network television show &quot;The Mentalist.&quot; He was also the creator and executive producer.",http://www.varietytheater.com/mentalist.htm,Strip,Planet Hollywood Resort &amp; Casino,http://www.visitlasvegas.com/vegas/play/shows/details?eventId=15678,The Mentalist at Planet Hollywood Resort &amp; Casino,(702) 260-7200,http://www.visitlasvegas.com/web-images/shows/20836.jpeg,7:30pm,NV,Comedy,V Theater (Miracle Mile Shops),89109.0
3950 Las Vegas Blvd S,Las Vegas,$30,,http://www.hob.com/venues/clubvenues/lasvegas,Strip,Mandalay Bay Resort &amp; Casino,http://www.visitlasvegas.com/vegas/play/shows/details?eventId=18340,The Pink Floyd Experience at Mandalay Bay Resort &amp; Casino,(702) 632-7600,http://www.visitlasvegas.com/web-images/shows/24235.jpeg,8pm,NV,Music: Pop/Rock,House of Blues,89119.0
3700 W Flamingo Rd,Las Vegas,$39.50 - $79.50,"The Platters, who were inducted into the Rock and Roll Hall of Fame, are one of the top 25 best-selling artists of all time and have had 14 top 20 hits, including &quot;The Great Pretender,&quot; &quot;Only You&quot; and &quot;Twilight Time.&quot;    Cornell Gunter's Coasters, who were also inducted into the Rock and Roll Hall of Fame, are known for such hits as &quot;Poison Ivy,&quot; &quot;Charlie Brown&quot; and &quot;Yakety Yak.&quot; Cornell Gunter's Coasters will make you laugh and reminisce.    The Marvelettes were Motown's first group to have a #1 song on Billboard with the hit &quot;Please Mr. Postman.&quot; A string of other hits followed, including &quot;Beechwood 4-5789&quot; and &quot;Don't Mess with Bill.&quot; The Marvelettes bring their soulful presence and charisma back to the Las Vegas stage.    Sit back for an unforgettable evening of classic R&amp;B by three of the greatest internationally renowned vocal groups of all time - all on one stage!",http://www.thecrownvegas.com,Off-Strip,Rio All-Suite Hotel &amp; Casino,http://www.visitlasvegas.com/vegas/play/shows/details?eventId=18276,"The Platters, Coasters &amp; Marvelettes at Rio All-Suite Hotel &amp; Casino",(702) 777-7777,,7pm,NV,Music: Pop/Rock,Crown Theater,89103.0
3645 Las Vegas Blvd S,Las Vegas,$54.50,"The Price is Right finally comes to Las Vegas.  Catch the excitement of   the original television show live on stage at Bally's Hotel &amp; Casino.  As   a guest, you have the opportunity to play onstage and win fabulous   prizes.  And if you play well enough, you may just get a chance of a   lifetime to spin the big wheel!  For groups of 12 or more please call 866-462-5982.",http://www.harrahs.com/casinos/ballys-las-vegas/casino-entertainment/index.html,Strip,Bally's Las Vegas,http://www.visitlasvegas.com/vegas/play/shows/details?eventId=9767,The Price Is Right at Bally's Las Vegas,(702) 946-4567,http://www.visitlasvegas.com/web-images/shows/14034.jpeg,2:30pm;  Fri 7:30pm,NV,Variety &amp; Specialty Show,Jubilee Theater,89109.0
1 Main St,Las Vegas,$57 - $87.50,"&quot;The Rat Pack is Back&quot; is a tribute to the fabulous era of Frank,   Sammy, Dean and Peter.  The show recreates some of the most famous   musical numbers as well as keeps audiences laughing with a whimsical   onstage adlib.  The characters impersonate their celebrity counterparts   with dead-on voice, look and mannerisms.",http://www.playlv.com,Downtown,Plaza Hotel &amp; Casino,http://www.visitlasvegas.com/vegas/play/shows/details?eventId=11310,The Rat Pack is Back at Plaza Hotel &amp; Casino,(702) 386-2110,http://www.visitlasvegas.com/web-images/shows/15914.jpeg,Dinner 6pm; 7:30pm,NV,Variety &amp; Specialty Show,Plaza Showroom,89101.0
3300 Las Vegas Blvd S,Las Vegas,Free,"The Sirens of TI begins with a 17th century clash between a group of beautiful, tempting sirens and a band of renegade pirates. With their mesmerizing and powerful song the Sirens lure the pirates to their cove, stir up a tempest strong enough to sink a ship, and transform Sirens' Cove into a 21st century party. Experience music, dance, excitement and seduction - nightly.",http://www.treasureisland.com/pages/ent_sirens.asp,Strip,Treasure Island - TI,http://www.visitlasvegas.com/vegas/play/shows/details?eventId=8414,The Sirens of TI at Treasure Island - TI,(702) 894-7111,http://www.visitlasvegas.com/web-images/shows/12463.jpeg,"5:30pm, 7pm, 8:30pm, 10pm",NV,Variety &amp; Specialty Show,Outdoor Siren's Cove,89109.0
3555 Las Vegas Blvd S,Las Vegas,$54.95 - $64.95,"Comedian Vinnie Favorito will leave you in stiches with his unique, edgey and topical style of comedy.   For groups of 12 or more please call 866-462-5982.",http://www.flamingolasvegas.com,Strip,Flamingo Las Vegas,http://www.visitlasvegas.com/vegas/play/shows/details?eventId=9388,The Vinnie Favorito Comedy Show at Flamingo Las Vegas,(702) 733-3428,http://www.visitlasvegas.com/web-images/shows/13575.jpeg,8pm,NV,Comedy,Bugsy's Cabaret,89109.0
3900 Las Vegas Blvd S,Las Vegas,$27,"The 25,000-square-foot exhibit features numerous items from the Titanic, including luggage, the ship's whistles, floor tiles from the first-class smoking room, a window frame from the Verandah Cafe and an unopened bottle of champagne with a 1900 vintage. In addition, the exhibit features a piece of Titanic's hull, a full-scale re-creation of the Grand Staircase as well as a newly expanded outer Promenade Deck, complete with the frigid temperatures felt on that fateful April night.    These actual artifacts, recovered from two and one half miles below the surface of the North Atlantic, tell the story behind the legendary Titanic's short journey from construction and destruction to eventual recovery. Walk her decks, peer into her cabins and meet her passengers and crew.    Described as a floating palace, the incomparable Titanic was deemed &quot;practically unsinkable&quot; by the White Star Line and its builders. However, on a calm April night in 1912, the massive luxury liner struck an iceberg and slowly sank into the North Atlantic. Since then, many items from the wreckage have been recovered and added to Titanic: The Artifact Exhibition.     The personal artifacts on display offer haunting, emotional connections to the forever-altered lives of those on board the Titanic. Visitors even have a chance to walk through authentically re-created first- and third-class rooms, with furnishings by original manufacturers.",http://www.luxor.com,Strip,Luxor Hotel and Casino,http://www.visitlasvegas.com/vegas/play/shows/details?eventId=14985,Titanic: The Artifact Exhibition at Luxor Hotel and Casino,(702) 262-4000,http://www.visitlasvegas.com/web-images/shows/19950.jpeg,10am - 10pm,NV,Art Exhibit,Luxor Hotel and Casino,89119.0
4505 Maryland Pkwy,Las Vegas,Please call venue for costs.,,http://www.thomasandmack.com,Off-Strip,Thomas &amp; Mack Center,http://www.visitlasvegas.com/vegas/play/shows/details?eventId=18370,UNLV Basketball vs. Wyoming at Thomas &amp; Mack Center,(702) 895-3761,,7pm,NV,Sporting Event,Main Floor,89154.0
,,$40 - $85,"Join three of Broadway's brightest stars as they perform an evening of Broadway's greatest songs from Tony Award-winning musicals like West Side Story, Gypsy, Grease, and Wicked.",http://www.unlvtickets.com/eventInfo/pacf/242/tony-awardwinning-hits-from-broadways-greatest-musicals/,Off-Strip,University of Nevada Las Vegas,http://www.visitlasvegas.com/vegas/play/shows/details?eventId=17683,Tony Award Winning Hits from Broadway&#039;s Greatest Musicals at University of Nevada Las Vegas,(702) 895-2787,,8pm,,Music: Pop/Rock,Artemus W Ham Concert Hall,
3667 Las Vegas Blvd S,Las Vegas,$89.99 - $139.99,"This is one wedding you'll never forget.  Join Tony, Tina and their unique family as they open up their lives to you and share their most important day.  In this show, you can interact with the cast members throughout the show and sing, dance and be part of the family!",http://www.varietytheater.com/tony-n-tinas-wedding.htm,Strip,Planet Hollywood Resort &amp; Casino,http://www.visitlasvegas.com/vegas/play/shows/details?eventId=16738,Tony n&#039; Tina&#039;s Wedding at Planet Hollywood Resort &amp; Casino,(702) 260-7200,http://www.visitlasvegas.com/web-images/shows/20206.jpeg,7:30pm,NV,Variety &amp; Specialty Show,V Theater (Miracle Mile Shops),89109.0
4500 W Tropicana,Las Vegas,Please call venue for costs.,Enjoy great basketball action as the WAC Men's and Women's Basketball Championships are held at the Orleans Arena.  Root for your favorite team and watch them make their way to the big dance!,http://www.orleansarena.com,Off-Strip,Orleans Hotel and Casino,http://www.visitlasvegas.com/vegas/play/shows/details?eventId=15931,WAC Men&#039;s and Women&#039;s Basketball Championships at Orleans Hotel and Casino,(702) 365-7111,http://www.visitlasvegas.com/web-images/shows/21153.jpeg,Please call venue for times.,NV,Sporting Event,Orleans Arena,89103.0
3850 Las Vegas Blvd S,Las Vegas,$63.98,"Take your seat at the Round Table when you join King Arthur's Court for the Tournament of Kings dinner show at Excalibur. Roll up your sleeves and tuck into authentic medieval fare while enjoying a ringside view as the Kings of Europe test their strength and valor with jousting, horse races and sword combat.  When the evil fire wizard Mordred crashes the party, the kings join forces to defeat their foe in an explosive, climactic battle.  Cheering, singing and even a little booing are expected of the audience. Children under three are admitted free of charge.",http://www.excalibur.com/entertainment/tournament_of_kings.aspx,Strip,Excalibur Hotel and Casino,http://www.visitlasvegas.com/vegas/play/shows/details?eventId=378,Tournament of Kings at Excalibur Hotel and Casino,(702) 597-7777,http://www.visitlasvegas.com/web-images/shows/2941.jpeg,Mon - Wed 6pm; Thu - Sun 6pm &amp; 8:30pm,NV,Variety &amp; Specialty Show,King Arthur's Arena,89109.0
4500 W Tropicana,Las Vegas,Please call venue for costs.,Enjoy great basketball action as the WAC Men's and Women's Basketball Championships are held at the Orleans Arena.  Root for your favorite team and watch them make their way to the big dance!,http://www.orleansarena.com,Off-Strip,Orleans Hotel and Casino,http://www.visitlasvegas.com/vegas/play/shows/details?eventId=15932,WAC Men&#039;s and Women&#039;s Basketball Championships at Orleans Hotel and Casino,(702) 365-7111,http://www.visitlasvegas.com/web-images/shows/21153.jpeg,Please call venue for times.,NV,Sporting Event,Orleans Showroom,89103.0
3000 Paradise Rd,Las Vegas,Please call venue for costs.,"This magical stage spectacular opens at the Las Vegas Hlton on November 15, 2010.      Not a show, but an experience that will capture and hold you in awe.  Since the beginning of time a never ending battle of GOOD VS EVIL has always dominated mankind. At times the evil has been so strong that people cower in disbelief and kneel before its power. For Evil is Strong!      However GOOD also possesses mystical powers that evil has yet to encounter.  And so begins the battle on stage at the Las Vegas Hilton.  You are invited to take the mystical journey through the realm of time itself.  As our time traveling voyagers give chase to the all mighty powerful son of the Lady of the Lake.      Witness the wicked immorality and malicious mind of the evil son of the Lady of the Lake as he transports through the windows of time itself with his evil force. He searches for past and present technology to destroy good once and for all.      Steeped in Science with influences from master minds H.G. Wells and Jules Verne, blended with powerful technology from Tesla and Edison, you will witness magical skills and dexterity never ever seen before. This magical story is enhanced by exciting music and dance.      Witness the miracle of time travel live on stage. You will not only see it, sense it, you will live it as some of the imagery will occur inside the actual audience inches away from the performers. You will not believe what you see or what you think you are seeing!",http://www.lvhilton.com,Off-Strip,Las Vegas Hilton,http://www.visitlasvegas.com/vegas/play/shows/details?eventId=17765,Triumph - Opens November 15th at Las Vegas Hilton,(702) 732-5111,http://www.visitlasvegas.com/web-images/shows/23430.jpeg,Please call venue for times.,NV,Variety &amp; Specialty Show,Hilton Theatre,89109.0
3000 Paradise Rd,Las Vegas,"$25 online, $35 at box office","Dangerous, offensive and hilarious. The Underground Rebel Bingo Club combines a spectacular and outrageous stage show with the best music and DJ's on the planet. Rebel Bingo is an adrenaline-fueled nightlife experience that is being embraced by partygoers on both sides of the Atlantic. Described as ?dangerous &amp; addictive,' the underground society meets in secret locations to keep away from the authorities. The Underground Rebel Bingo Club has decided the best place for its launch in Vegas, is the Health &amp; Safety Meeting Room of the Las Vegas Hilton (aka Shimmer Cabaret). The party will be disguised as a Health &amp; Safety Meeting. Rebel Bingo is a shock to the senses and was built for the world's capital of party.",http://www.lvhilton.com,Off-Strip,Las Vegas Hilton,http://www.visitlasvegas.com/vegas/play/shows/details?eventId=18300,Underground Rebel Bingo Club at Las Vegas Hilton,(702) 732-5111,,10:30pm - 3:00am,NV,Special Event,Shimmer Cabaret,89109.0
3900 Las Vegas Blvd S,Las Vegas,$31,"BODIES...The Exhibition, which showcases real full-bodies and organs, provides a detailed, three-dimensional vision of the human form rarely seen outside of an anatomy lab or a morgue. The Exhibition showcases 13 whole-body specimens and more than 260 organs and partial body specimens. These real human bodies have been meticulously dissected, preserved through an innovative process and respectfully presented, giving visitors the opportunity to view the beauty and complexity of their own organs and systems.",http://www.luxor.com/attractions/attractions_bodies.aspx,Strip,Luxor Hotel and Casino,http://www.visitlasvegas.com/vegas/play/shows/details?eventId=10277,Bodies...The Exhibition at Luxor Hotel and Casino,(702) 262-4000,http://www.visitlasvegas.com/web-images/shows/14698.jpeg,10am  - 10pm,NV,Art Exhibit,Luxor Hotel and Casino,89119.0
3900 Las Vegas Blvd S,Las Vegas,$27,"The 25,000-square-foot exhibit features numerous items from the Titanic, including luggage, the ship's whistles, floor tiles from the first-class smoking room, a window frame from the Verandah Cafe and an unopened bottle of champagne with a 1900 vintage. In addition, the exhibit features a piece of Titanic's hull, a full-scale re-creation of the Grand Staircase as well as a newly expanded outer Promenade Deck, complete with the frigid temperatures felt on that fateful April night.    These actual artifacts, recovered from two and one half miles below the surface of the North Atlantic, tell the story behind the legendary Titanic's short journey from construction and destruction to eventual recovery. Walk her decks, peer into her cabins and meet her passengers and crew.    Described as a floating palace, the incomparable Titanic was deemed &quot;practically unsinkable&quot; by the White Star Line and its builders. However, on a calm April night in 1912, the massive luxury liner struck an iceberg and slowly sank into the North Atlantic. Since then, many items from the wreckage have been recovered and added to Titanic: The Artifact Exhibition.     The personal artifacts on display offer haunting, emotional connections to the forever-altered lives of those on board the Titanic. Visitors even have a chance to walk through authentically re-created first- and third-class rooms, with furnishings by original manufacturers.",http://www.luxor.com,Strip,Luxor Hotel and Casino,http://www.visitlasvegas.com/vegas/play/shows/details?eventId=14985,Titanic: The Artifact Exhibition at Luxor Hotel and Casino,(702) 262-4000,http://www.visitlasvegas.com/web-images/shows/19950.jpeg,10am - 10pm,NV,Art Exhibit,Luxor Hotel and Casino,89119.0
4505 Maryland Pkwy,Las Vegas,Please call venue for costs.,,http://www.thomasandmack.com,Off-Strip,Thomas &amp; Mack Center,http://www.visitlasvegas.com/vegas/play/shows/details?eventId=18370,UNLV Basketball vs. Wyoming at Thomas &amp; Mack Center,(702) 895-3761,,7pm,NV,Sporting Event,Main Floor,89154.0
3667 Las Vegas Blvd S,Las Vegas,$65 - $98,"You want magic? You got it. Music? That's here too. Comedy? Sure thing. Death-defying stunts? But of course. What kind of show could possibly include so many styles of entertainment? &quot;V&quot;The Ultimate Variety Show!&quot;     Featuring high-energy acts that range from the heartfelt to the downright bizarre, &quot;V&quot; turned a corner in Las Vegas performances and ended up with one of the most outrageous shows the city has ever seen.     With an ever-expanding roster of the world's most original specialty acts, &quot;V&quot; guarantees something for everyone.",http://www.varietytheater.com/vtheshow.htm,Strip,Planet Hollywood Resort &amp; Casino,http://www.visitlasvegas.com/vegas/play/shows/details?eventId=8122,V - the Ultimate Variety Show at Planet Hollywood Resort &amp; Casino,(702) 260-7200,http://www.visitlasvegas.com/web-images/shows/12129.jpeg,7pm &amp; 8:30pm; Call for holiday changes,NV,Variety &amp; Specialty Show,V Theater (Miracle Mile Shops),89109.0
3667 Las Vegas Blvd S,Las Vegas,$79.99 &amp; $99.99,Enjoy a musical variety show that pays tribute to some of the most memorable entertainers in Las Vegas history.,http://www.vegastheshow.com,Strip,Planet Hollywood Resort &amp; Casino,http://www.visitlasvegas.com/vegas/play/shows/details?eventId=17590,Vegas! The Show at Planet Hollywood Resort &amp; Casino,(702) 785-5555,http://www.visitlasvegas.com/web-images/shows/23139.jpeg,7pm &amp; 9pm,NV,Variety &amp; Specialty Show,Saxe Theater,89109.0
3730 Las Vegas Blvd S,Las Vegas,$99 - $175,"This Cirque du Soleil production pays tribute to Elvis' music and life, fusing dance and acrobatics, live music and iconic tracks, nostalgia and modernity, high technology and raw emotion. In short, the show will be in Elvis' image: powerful, sexy, whimsical and truly unique.      Cirque Week, Nov 29 - Dec 5 - special Cirque show ticket packages include a variety of shows, behind the scenes exclusive events, and more.  Click for more details!",http://www.cirquedusoleil.com/en/shows/elvis/show.aspx,Strip,ARIA Resort &amp; Casino,http://www.visitlasvegas.com/vegas/play/shows/details?eventId=16059,Viva ELVIS by Cirque du Soleil at ARIA Resort &amp; Casino,(702) 590-7111,http://www.visitlasvegas.com/web-images/shows/21310.jpeg,7pm &amp; 9:30pm,NV,Variety &amp; Specialty Show,ARIA Theatre,89109.0
4500 W Tropicana,Las Vegas,Please call venue for costs.,Enjoy great basketball action as the WAC Men's and Women's Basketball Championships are held at the Orleans Arena.  Root for your favorite team and watch them make their way to the big dance!,http://www.orleansarena.com,Off-Strip,Orleans Hotel and Casino,http://www.visitlasvegas.com/vegas/play/shows/details?eventId=15931,WAC Men&#039;s and Women&#039;s Basketball Championships at Orleans Hotel and Casino,(702) 365-7111,http://www.visitlasvegas.com/web-images/shows/21153.jpeg,Please call venue for times.,NV,Sporting Event,Orleans Arena,89103.0
4500 W Tropicana,Las Vegas,Please call venue for costs.,Enjoy great basketball action as the WAC Men's and Women's Basketball Championships are held at the Orleans Arena.  Root for your favorite team and watch them make their way to the big dance!,http://www.orleansarena.com,Off-Strip,Orleans Hotel and Casino,http://www.visitlasvegas.com/vegas/play/shows/details?eventId=15932,WAC Men&#039;s and Women&#039;s Basketball Championships at Orleans Hotel and Casino,(702) 365-7111,http://www.visitlasvegas.com/web-images/shows/21153.jpeg,Please call venue for times.,NV,Sporting Event,Orleans Showroom,89103.0
3555 Las Vegas Blvd S,Las Vegas,$49.45 &amp; $61.55,"&quot;X&quot; Burlesque combines imaginative choreography with outrageous props such as bungees, bathtubs and beds to excite the crowd and leave them anxiously wondering  what's next. From slow, sensual ballet-inspired routines to funky and energetic acrobatic numbers, the 90-minute production will have hearts racing. The variety of styles allows each dancer to showcase her own distinctive talents in a truly unforgettable way.  For groups of 12 or more please call 866-462-5982.",http://www.harrahs.com/casinos/flamingo-las-vegas/casino-entertainment/index.html,Strip,Flamingo Las Vegas,http://www.visitlasvegas.com/vegas/play/shows/details?eventId=11290,X Burlesque at Flamingo Las Vegas,(702) 733-3428,http://www.visitlasvegas.com/web-images/shows/15895.jpeg,10pm,NV,Variety &amp; Specialty Show,Bugsy's Cabaret,89109.0
3667 Las Vegas Blvd S,Las Vegas,$56.49 - $67.99,Join Japan's &quot;first ladies of illusion&quot; on a journey where magic meets mysticism and good battle evil. Your heart will pound as the most highly-skilled aerial acrobats and martial artists in the world bring this diabolical legend to life! Critics call it a thrill ride centuries in the making with illusions so unique no other stage performers have been able to master them. Ai and YuKi is all that stands between good and evil. It's entertainment for the entire family!,http://www.saxetheater.com/saxe-thaeter-zen-magic.htm,Strip,Planet Hollywood Resort &amp; Casino,http://www.visitlasvegas.com/vegas/play/shows/details?eventId=17786,Zen Magic at Planet Hollywood Resort &amp; Casino,(702) 785-5555,http://www.visitlasvegas.com/web-images/shows/23455.jpeg,4pm,NV,Magic,Saxe Theater,89109.0
3790 Las Vegas Blvd S,Las Vegas,$75.90 - $141.90,"Zumanity, Another Side of Cirque du Soleil is a provocative cabaret-style production with a Cirque du Soleil twist. On the cutting edge of contemporary Las Vegas entertainment, Zumanity blends playful innuendo with daring eroticism in the intimate Zumanity Theatre. Only at New York-New York Hotel and Casino in Las Vegas.  Created for an adult audience of 18 years and older, the show explores different perspectives of love and contains explicit and provocative content.      Cirque Week, Nov 29 - Dec 5 - special Cirque show ticket packages include a variety of shows, behind the scenes exclusive events, and more.  Click for more details!",http://nynycasino.com/entertainment/entertainment_zumanity.aspx,Strip,New York-New York Hotel &amp; Casino,http://www.visitlasvegas.com/vegas/play/shows/details?eventId=5281,Zumanity - Another Side of Cirque du Soleil at New York-New York Hotel &amp; Casino,(702) 740-6815,http://www.visitlasvegas.com/web-images/shows/8801.jpeg,7:30pm &amp; 10pm,NV,Variety &amp; Specialty Show,Zumanity Theatre,89109.0
160 E Flamingo Rd,Las Vegas,$38.49 - $54.99,"Experience traditional burlesque with the feathers, the tease, beautiful girls and, of course, a bit of humor, too.",http://www.westinvegas.com,Off-Strip,"Westin Casuarina Las Vegas Hotel, Casino &amp; Spas, The",http://www.visitlasvegas.com/vegas/play/shows/details?eventId=18291,"&#034;Burlesque -- The Show&#034; at Westin Casuarina Las Vegas Hotel, Casino &amp; Spas, The",(702) 836-5900,,9pm,NV,Variety &amp; Specialty Show,Westin Theater,89109.0
3131 Las Vegas Blvd S,Las Vegas,$253 - All Seats,,http://www.encorelasvegas.com,Strip,Encore at Wynn Las Vegas,http://www.visitlasvegas.com/vegas/play/shows/details?eventId=18345,Garth Brooks at Encore at Wynn Las Vegas,(702) 770-8000,http://www.visitlasvegas.com/web-images/shows/21810.jpeg,8pm; 8 &amp; 10:30pm Sat,NV,Music: Country,Encore Theater,89109.0
3667 Las Vegas Blvd S,Las Vegas,$49.99 - $59.99,"The men of American Storm reveal their sexy side catering to the fantasies of the audience. This 70 minute, fully costumed and choreographed production show is sure to have women wanting more as these hard-bodied performers live out every woman's fantasy from a lonely cowboy to the proud men in uniform.  The performers were cast during the hit television show VH1's Strip Search.",http://www.vtheater.com/americanstorm.htm,Strip,Planet Hollywood Resort &amp; Casino,http://www.visitlasvegas.com/vegas/play/shows/details?eventId=15130,American Storm at Planet Hollywood Resort &amp; Casino,(702) 260-7200,http://www.visitlasvegas.com/web-images/shows/20177.jpeg,Fri 10pm; Sat 11:30pm,NV,Variety &amp; Specialty Show,V Theater (Miracle Mile Shops),89109.0
3850 Las Vegas Blvd S,Las Vegas,$40.95 &amp; $50.95,"A troupe of hard-bodied blokes who dance with abandon, the Thunder from Down Under male revue is Australia's hottest export since Crocodile Dundee.  Showmanship, energy, fabulous costumes, sly humor and a state-of-the-art production combined with some outrageously handsome and muscular males creates an impression that millions of women around the world have yet to forget.  Feel the thunder at the Excalibur on the Las Vegas Strip.",http://www.excalibur.com/entertainment/thunder_from_downunder.aspx,Strip,Excalibur Hotel and Casino,http://www.visitlasvegas.com/vegas/play/shows/details?eventId=3239,Australia&#039;s Thunder From Down Under at Excalibur Hotel and Casino,(702) 597-7777,http://www.visitlasvegas.com/web-images/shows/6593.jpeg,Sun - Thu 9pm; Fri - Sat 8pm and 10:30pm,NV,Variety &amp; Specialty Show,Thunder Down Under Showroom,89109.0
,,Free,"Watch these daredevil motorcycle riders defy the grim reaper as they enter the Globe of Death.  With speed and precision, they come inches from total catastrophe while riding inside the gigantic metal globe.",http://www.vegasexperience.com,Downtown,Fremont Street Experience,http://www.visitlasvegas.com/vegas/play/shows/details?eventId=11721,Bela Tabak&#039;s Riders of the Thunderdome at Fremont Street Experience,(702) 678-5600,http://www.visitlasvegas.com/web-images/shows/16350.jpeg,Please call venue for current schedule and dark dates.,,Variety &amp; Specialty Show,Fremont Street Experience,
2000 Las Vegas Blvd S,Las Vegas,$49.45,"How to best describe &quot;Bite&quot;? How about an erotic vampire tale with dancing and music, featuring a story line involving sin, sex, seduction and vampires? Now, how hard was that?  In terms of plot, the show centers around Lord Vampire and his search for a female to seduce to make his queen. Naturally, he has a team of sultry dancers to help him out (this is Las Vegas, people!).  Classic rock tunes of the '70s, '80s and '90s provide the soundtrack, and throughout the show audience members are chosen to participate.",http://www.stratospherehotel.com/entertainment/bite.cfm,Strip,Stratosphere Casino and Hotel,http://www.visitlasvegas.com/vegas/play/shows/details?eventId=6933,Bite at Stratosphere Casino and Hotel,(702) 380-7777,http://www.visitlasvegas.com/web-images/shows/10792.jpeg,10:30pm,NV,Variety &amp; Specialty Show,Theatre of the Stars,89104.0
3355 Las Vegas Blvd S,Las Vegas,$64.90 - $148.50,"Blue Man Group's critically acclaimed show has been called &quot;wildly inventive,&quot; &quot;hysterically funny&quot; and &quot;visually stunning.&quot; Although it's almost impossible to describe, people of all ages agree that it's a totally unique and outrageous experience that puts the entire audience into a state of &quot;bluephoria.&quot;",http://www.venetian.com/BMG.aspx,Strip,Venetian Resort - Hotel - Casino,http://www.visitlasvegas.com/vegas/play/shows/details?eventId=8763,Blue Man Group at Venetian Resort - Hotel - Casino,(702) 414-1000,http://www.visitlasvegas.com/web-images/shows/12883.jpeg,7pm &amp; 10pm,NV,Variety &amp; Specialty Show,Blue Man Theatre,89109.0
3700 W Flamingo Rd,Las Vegas,$43.95 &amp; $54.95,"The low-down: Handsome male performers seduce and entertain. Enough said. But wait, there's more.  &quot;Chippendales, the Show,&quot; is designed exclusively for women, and features 12 physically fit (how's that for understatement?) men who entertain with a series of sexy routines.  It's a fast-paced performance that blends music, dance, humor and exotic theatrics from the best-known name in male revues. An excellent choice for girls' night out.  For groups of 8 or more please call 866-462-5982.",http://www.harrahs.com/casinos/rio/casino-entertainment/index.html,Off-Strip,Rio All-Suite Hotel &amp; Casino,http://www.visitlasvegas.com/vegas/play/shows/details?eventId=7569,Chippendales at Rio All-Suite Hotel &amp; Casino,(702) 777-7776,http://www.visitlasvegas.com/web-images/shows/11473.jpeg,8pm; Also 10:30pm Fri &amp; Sat,NV,Variety &amp; Specialty Show,Chippendales Theater,89103.0
