title,endHour,moreInfoLink,eventDate,venue,description,fullAddress,startHour
Edwina Hayes,11:00 PM,http://events.myspace.com/Event/5389196/Edwina-Hayes,03/30/2011,Cottingham Live,"Im so happy to be returning to play at Cottingham Live, a club that Ive been playing at for over 10 years now x I'll be playing 2 sets with floorspots by some of the regulars to start the evening off x For tickets and enquiries please telephone: 07748 258481 or look in online for details: www.andy-hammond.co.uk x x x          	                	      	          	      	<br><br>  					    						Age Requirement: 0+","173 Hallgate, Cottingham, East Yorkshire, Cottingham&nbsp;&nbsp;HU16 4B",8:00 PM
Edwina Hayes,11:00 PM,http://events.myspace.com/Event/4024716/Edwina-Hayes,06/09/2011,Browsers Coffee Shop,Im very happy to be returning to play at this lovely coffee shop venue x The evening starts at 8.30pm and for all enquiries and tickets please telephone: 01342 834881 x x x          	                	      	          	      	<br><br>  					    						Age Requirement: 0+,"7 East Grinstead Road, Lingfield, Surrey, Lingfield&nbsp;Surrey&nbsp;RH7 6E",8:30 PM
Lady Gaga,11:00 PM,http://events.myspace.com/Event/4372856/Lady-Gaga,02/24/2011,THE MONSTER BALL at Verizon Center,Age Requirement: 0+,"601 F St., NW, Washington&nbsp;DC&nbsp;20004",7:00 PM
Lady Gaga,11:00 PM,http://events.myspace.com/Event/4189567/Lady-Gaga,02/26/2011,THE MONSTER BALL at Consol Energy Center,Age Requirement: 0+,"Fifth and Centre, Pittsburgh&nbsp;PA&nbsp;15238",7:00 PM
Lady Gaga,11:00 PM,http://events.myspace.com/Event/4197850/Lady-Gaga,03/03/2011,THE MONSTER BALL at Air Canada Centre,Age Requirement: 0+,"40 Bay Street, Toronto&nbsp;ON&nbsp;M5J 2X2",7:00 PM
Lady Gaga,11:00 PM,http://events.myspace.com/Event/4191917/Lady-Gaga,03/08/2011,THE MONSTER BALL at TD Garden,Age Requirement: 0+,"100 Legends Hwy, Boston&nbsp;MA&nbsp;02114",7:00 PM
Lady Gaga,11:00 PM,http://events.myspace.com/Event/4254890/Lady-Gaga,03/10/2011,THE MONSTER BALL at Schottenstein Center,Age Requirement: 0+,"Schottenstein Center, Columbus&nbsp;OH&nbsp;43210",7:00 PM
Lady Gaga,11:00 PM,http://events.myspace.com/Event/4373009/Lady-Gaga,03/14/2011,THE MONSTER BALL at American Airlines Center,Age Requirement: 0+,"2500 Victory Ave., Dallas&nbsp;TX&nbsp;75219",7:00 PM
Lady Gaga,11:00 PM,http://events.myspace.com/Event/4254958/Lady-Gaga,03/19/2011,Energy Solutions Arena,Age Requirement: 0+,"301 West South Temple, Salt Lake City&nbsp;UT&nbsp;84101",7:00 PM
Lady Gaga,11:00 PM,http://events.myspace.com/Event/4727304/Lady-Gaga,03/22/2011,THE MONSTER BALL at Oracle Arena,Age Requirement: 0+,"Oracle Arena, Oakland&nbsp;CA&nbsp;94621",7:00 PM
Lady Gaga,11:00 PM,http://events.myspace.com/Event/4197573/Lady-Gaga,03/25/2011,THE MONSTER BALL at MGM Grand,Age Requirement: 0+,"Las Vegas Blvd S, Las Vegas&nbsp;NV&nbsp;89119",7:00 PM
Lady Gaga,11:00 PM,http://events.myspace.com/Event/4373349/Lady-Gaga,03/28/2011,THE MONSTER BALL at Staples Center,Age Requirement: 0+,"1111 S. Figueroa St., Los Angeles&nbsp;CA&nbsp;90015",7:00 PM
Lady Gaga,11:00 PM,http://events.myspace.com/Event/4190617/Lady-Gaga,04/08/2011,THE MONSTER BALL at Toyota Center,Age Requirement: 0+,"1510 Polk Street, Houston&nbsp;TX&nbsp;77002",7:00 PM
Lady Gaga,11:00 PM,http://events.myspace.com/Event/4192050/Lady-Gaga,04/09/2011,THE MONSTER BALL at N.O. Arena,Age Requirement: 0+,"1501 Girod Street, New Orleans&nbsp;LA&nbsp;70113",7:00 PM
Lady Gaga,11:00 PM,http://events.myspace.com/Event/4197640/Lady-Gaga,04/12/2011,THE MONSTER BALL at Bank Atlantic Center,Age Requirement: 0+,"1 Panther Pkwy, Ft. Lauderdale&nbsp;FL&nbsp;33323",7:00 PM
Lady Gaga,11:00 PM,http://events.myspace.com/Event/4197784/Lady-Gaga,04/13/2011,American Airlines Arena,Age Requirement: 0+,"601 Biscayne Blvd, Miami&nbsp;FL&nbsp;33132",7:00 PM
Lady Gaga,11:00 PM,http://events.myspace.com/Event/4191410/Lady-Gaga,04/18/2011,THE MONSTER BALL at Gwinnett Center,Age Requirement: 0+,"6400 Sugarloaf Parkway, Atlanta&nbsp;GA&nbsp;30097",7:00 PM
Michael Buble,9:30 PM,http://events.myspace.com/Event/5605460/Michael-Buble,03/06/2011,Perth Sandalford Estate,Age Requirement: 0+,Perth&nbsp;&nbsp,6:30 PM
Lady Gaga,11:00 PM,http://events.myspace.com/Event/4254930/Lady-Gaga,03/15/2011,AT&T Center,Age Requirement: 0+,"1 AT&T Center, San Antonio&nbsp;TX&nbsp;78219",7:00 PM
The Maine,5:30 PM,http://events.myspace.com/Event/6527028/Brisbane-Soundwave-Festival,02/26/2011,RNA Show grounds,Age Requirement: 0+  					      					          	               	  				  					Video  					      </br>http://www.msplinks.com/MDFodHRwOi8vd3d3LnNvdW5kd2F2ZWZlc3RpdmFsLmNvbS8=</br>,"Gregory terrace, Fortitude Valley&nbsp;QLD&nbsp;4006",3:30 PM
The Maine,7:30 AM,http://events.myspace.com/Event/6527132/Sydney-Soundwave-Festival-,02/27/2011,Eastern Creek Raceway,Age Requirement: 0+  					      					          	               	  				  					Video  					      </br>http://www.msplinks.com/MDFodHRwOi8vd3d3LnNvdW5kd2F2ZWZlc3RpdmFsLmNvbS8=</br>,"Brabham Drive/Ferrers Road, Eastern Creek NSW 2766, Sydney&nbsp;AU&nbsp;2766",7:00 AM
The Maine,9:00 AM,http://events.myspace.com/Event/6527462/Melbourne-Soundwave-Festival,03/04/2011,Melbourne Show Grounds,Age Requirement: 0+  					      					          	               	  				  					Video  					      </br>http://www.msplinks.com/MDFodHRwOi8vd3d3LnNvdW5kd2F2ZWZlc3RpdmFsLmNvbS8=</br>,"Epsom Road, Ascot Vale&nbsp;VIC&nbsp;3032",7:30 AM
The Maine,9:30 AM,http://events.myspace.com/Event/6527535/Adelaide-Soundwave-Festival,03/05/2011,Bonython Park,Age Requirement: 0+  					      					          	               	  				  					Video  					      </br>http://www.msplinks.com/MDFodHRwOi8vd3d3LnNvdW5kd2F2ZWZlc3RpdmFsLmNvbS8=</br>,"Port road, Adelaide&nbsp;SA&nbsp;5000",7:30 AM
The Maine,8:30 AM,http://events.myspace.com/Event/6527613/Perth-Soundwave-Festival,03/07/2011,Steel Blue Oval,Age Requirement: 0+  					      					          	               	  				  					Video  					      </br>http://www.msplinks.com/MDFodHRwOi8vd3d3LnNvdW5kd2F2ZWZlc3RpdmFsLmNvbS8=</br>,"Corner Guildford Road & West Road, bassendean&nbsp;Perth&nbsp;6054",7:30 AM
anberlin,10:30 PM,http://events.myspace.com/Event/6528324/Anberlin,03/07/2011,Soundwave Festival,Age Requirement: 0+,"Soundwave, Perth&nbsp;WA&nbsp",11:00 AM
Cole Stacey,11:00 PM,http://events.myspace.com/Event/6093170/MOONBEAMS--COLE-STACEYSCOTT-WARD--EDWINA-HAYES--GUESTS,05/27/2011,'MOONBEAMS' WITH EDWINA HAYES & PHIL SIMPSON,THRILLED TO BE RETURNING TO YORKSHIRE FOR THE WONDERFUL 'MOONBEAMS'. ABSOLUTELY DELIGHTED TO BE APPEARING ALONGSIDE EDWINA HAYES & PHIL SIMPSON.<br>http://www.myspace.com/moonbeamsacoustic          	                	      	          	      	<br><br>  					    						Age Requirement: 0+,"At The Bell Hotel, Driffield, East Yorkshire, Driffield&nbsp;Yorkshire&nbsp;YO25 6A",8:00 PM
Corey Crowder,10:00 PM,http://events.myspace.com/Event/4730573/Crete-NE--Doane-College,03/09/2011,Crete,Age Requirement: 0+,"NE @ Doane College, TBA, Crete&nbsp;NE&nbsp;TB",8:00 PM
Corey Crowder,2:30 PM,http://events.myspace.com/Event/4730691/Covington-GA--The-Oaks-Golf-Course,03/19/2011,Covington,Age Requirement: 0+,"GA @ The Oaks Golf Course, TBA, Covington&nbsp;GA&nbsp;TB",12:30 PM
Lori McKenna,10:20 PM,http://events.myspace.com/Event/4055234/UNCLE-CALVINS-COFFEEHOUSENORTHPARK-PRESBYTERIAN-CHURCH,04/08/2011,UNCLE CALVIN'S COFFEEHOUSE/NORTHPARK PRESBYTERIAN CHURCH,Age Requirement: 0+,"9555 North Central Expressway, DALLAS&nbsp;TX&nbsp;75231",8:50 PM
Asleep at the Wheel,10:00 PM,http://events.myspace.com/Event/4941781/Asleep-At-The-Wheel,03/04/2011,Count Basie Theater,,"99 Monmouth St, Red Bank&nbsp;NJ&nbsp;07701",8:00 PM
Asleep at the Wheel,11:30 PM,http://events.myspace.com/Event/6505260/Quick-Center-for-the-Arts,03/05/2011,Quick Center for the Arts,Age Requirement: 0+,"1073 North Benson Rd, Fairfield&nbsp;CT&nbsp;06824",7:00 PM
Asleep at the Wheel,10:30 PM,http://events.myspace.com/Event/6505318/The-Grand-Theater,03/12/2011,The Grand Theater,Age Requirement: 0+,"7 North Wall Street, Cartersville&nbsp;GA&nbsp;30120",7:00 PM
Asleep at the Wheel,9:30 PM,http://events.myspace.com/Event/6290502/Kenneth-Cowan-Civic-Center,05/20/2011,Kenneth Cowan Civic Center,Age Requirement: 0+,"500 East Elm St., Lebanon&nbsp;MO&nbsp;65536",7:30 PM
Asleep at the Wheel,4:00 PM,http://events.myspace.com/Event/5144358/Scroll-Down-for-Accurate-Dates,06/14/2020,LOOK LEFT for Accurate Dates,Age Requirement: 0+,"Main St., Austin&nbsp;Texas&nbsp;78704",11:30 AM
Bearfoot,5:00 PM,http://events.myspace.com/Event/4601545/RiceGrass-II,03/26/2011,Fischer Haus B&B,Age Requirement: 0+,"115 Fischer Store Road, Fischer&nbsp;Texas&nbsp;78024",4:00 PM
SEVENDUST,11:00 PM,http://events.myspace.com/Event/6527124/SOUNDWAVE,02/26/2011,Soundwave,Age Requirement: 0+,"Soundwave, Brisbane&nbsp;QLD&nbsp;Soundwav",10:00 AM
SEVENDUST,10:30 PM,http://events.myspace.com/Event/6527190/SOUNDWAVE,02/27/2011,SOUNDWAVE Festival,Age Requirement: 0+,"SOUNDWAVE, Sydney&nbsp;NSW&nbsp;SOUNDWAV",10:00 AM
SEVENDUST,11:00 PM,http://events.myspace.com/Event/6527634/Soundwave-Festival,03/04/2011,SOUNDWAVE,Age Requirement: 0+,"SOUNDWAVE, Melbourne&nbsp;VIC&nbsp;SOUNDWAV",10:30 AM
SEVENDUST,11:00 PM,http://events.myspace.com/Event/6527702/Soundwave-Festival,03/05/2011,SOUNDWAVE,Age Requirement: 0+,"SOUNDWAVE, Adelaide&nbsp;SA&nbsp;SOUNDWAV",10:30 AM
SEVENDUST,11:00 PM,http://events.myspace.com/Event/6527760/Soundwave-Festival,03/07/2011,SOUNDWAVE,Age Requirement: 0+,"SOUNDWAVE, Perth&nbsp;WA&nbsp;SOUNDWAV",10:30 AM
All That Remains,11:00 PM,http://events.myspace.com/Event/6539615/ALL-THAT-REMAINS--BRISBANE-SOUNDWAVE-FESTIVAL,02/26/2011,RNA Showgrounds,Age Requirement: 0+,"Gregory Terrace, Fortitude Valley, Brisbane&nbsp;QLD&nbsp;QLD 4006",7:00 PM
All That Remains,11:00 PM,http://events.myspace.com/Event/6539650/ALL-THAT-REMAINS--SYDNEY-SOUNDWAVE-FESTIVAL,02/27/2011,Eastern Creek Raceway,Age Requirement: 0+,"Brabham Drive/Ferrers Road, Eastern Creek&nbsp;NSW&nbsp;2766",7:00 PM
All That Remains,11:00 PM,http://events.myspace.com/Event/6539686/ALL-THAT-REMAINS--MELBOURNE-SOUNDWAVE-FESTIVAL,03/04/2011,Melbourne Showgrounds,Age Requirement: 0+,"Epsom Road / Ascot Vale, Melbourne&nbsp;AU&nbsp;VIC 3032",7:00 PM
All That Remains,11:00 PM,http://events.myspace.com/Event/6539766/ALL-THAT-REMAINS--ADELAIDE-SOUNDWAVE-FESTIVAL,03/05/2011,Bonython Park,Age Requirement: 0+,"Port road, Adelaide&nbsp;SA&nbsp;5000",7:00 PM
All That Remains,11:00 PM,http://events.myspace.com/Event/6539801/ALL-THAT-REMAINS--PERTH-SOUNDWAVE-FESTIVAL,03/07/2011,Steel Blue Oval,Age Requirement: 0+,"Corner Guildford Road & West Road, Bassendean&nbsp;Perth&nbsp;6054",7:00 PM
MxPx,2:00 AM,http://events.myspace.com/Event/6568834/MxPx-All-Stars,03/05/2011,Bonython Park,Soundwave Festival<br>Tickets on sale August 26th,"Port Rd, Adelaide&nbsp;SA&nbsp;5000",12:00 AM
Pennywise,11:00 PM,http://events.myspace.com/Event/6562053/Soundwave-Festival,02/26/2011,RNA Showgrounds,Age Requirement: 0+,"N/A, Brisbane&nbsp;QLD&nbsp;N/",9:00 AM
Pennywise,11:00 PM,http://events.myspace.com/Event/6562121/Soundwave-Festival,02/27/2011,Eastern Creek Raceway,Age Requirement: 0+,"N/A, Sydney&nbsp;NSW&nbsp;N/",9:00 AM
Pennywise,11:00 PM,http://events.myspace.com/Event/6562172/Soundwave-Festival,03/04/2011,Melbourne Showgrounds,Age Requirement: 0+,"N/A, Melbourne&nbsp;VIC&nbsp;N/",9:00 AM
Pennywise,11:00 PM,http://events.myspace.com/Event/6562262/Soundwave-Festival,03/05/2011,Bonython Park,Age Requirement: 0+,"N/A, Adelaide&nbsp;SA&nbsp;N/",9:00 AM
Pennywise,11:00 PM,http://events.myspace.com/Event/6562305/Soundwave-Festival,03/07/2011,Steel Blue Oval,Age Requirement: 0+,"N/A, Perth&nbsp;WA&nbsp;N/",9:00 AM
The Bronx,11:00 PM,http://events.myspace.com/Event/6563836/Soundwave-Festival,02/26/2011,RNA Showgrounds,www.soundwavefestival.com           	                	      	          	      	<br><br>  					    						Age Requirement: 0+,"Brisbane Soundwave Festival, Brisbane&nbsp;Brisbane&nbsp",12:00 PM
The Bronx,11:30 PM,http://events.myspace.com/Event/6563867/Soundwaves-Festival,02/27/2011,Eastern Creek Raceway,www.soundwavefestival.com           	                	      	          	      	<br><br>  					    						Age Requirement: 0+,"Brabham Dr, Eastern Creek&nbsp;NSW&nbsp;2766",11:00 AM
The Bronx,11:30 PM,http://events.myspace.com/Event/6563920/Soundwaves-Festival,03/04/2011,Showgrounds,www.soundwavefestival.com           	                	      	          	      	<br><br>  					    						Age Requirement: 0+,"Epsom Road, Ascot Vale&nbsp;Victoria&nbsp;3032",11:00 AM
The Bronx,11:30 PM,http://events.myspace.com/Event/6563939/Soundwaves-Festival,03/05/2011,Bonython Park,www.soundwavefestival.com           	                	      	          	      	<br><br>  					    						Age Requirement: 0+,"Bonython Park, Adelaide&nbsp;Australia&nbsp",11:00 AM
The Bronx,11:30 PM,http://events.myspace.com/Event/6563959/Soundwaves-Festival,03/07/2011,Steel Blue Oval,www.soundwavefestival.com           	                	      	          	      	<br><br>  					    						Age Requirement: 0+,"1, Perth&nbsp;TAS&nbsp;7300",11:00 AM
Lee,11:00 PM,http://events.myspace.com/Event/6633514/Country-Fest,06/24/2011,Country Fest,Age Requirement: 0+,"24447 County Highway S, Cadott&nbsp;WI&nbsp;54727",7:00 AM
Clay Walker,10:30 PM,http://events.myspace.com/Event/6624438/Clay-Walker-Live-In-Concert,06/26/2011,Chippewa Valley Country Fest,Age Requirement: 0+,"24447 Co. Hwy. S., Cadott&nbsp;Wisconsin&nbsp;54727",9:00 PM
John Michael Montgomery,9:00 PM,http://events.myspace.com/Event/6399389/John-Michael-Montgomery-Concert,03/29/2011,Sioux Falls Orpheum Theater,,"315 N Phillips Ave, Sioux Falls&nbsp;SD&nbsp;57104",7:00 PM
John Michael Montgomery,9:00 PM,http://events.myspace.com/Event/6399388/John-Michael-Montgomery-Concert,05/06/2011,Creek Nation Casino,Age Requirement: 0+,"1616 E 81st St, Tulsa&nbsp;OK&nbsp;74137",7:00 PM
LoCash Cowboys,8:00 PM,http://events.myspace.com/Event/5419502/LoCash-Cowboys,04/19/2011,Gaylord Texan - Glass Cactus,,Arlington&nbsp;TX&nbsp;76001,6:00 PM
LeAnn Rimes,9:00 PM,http://events.myspace.com/Event/6349642/LeAnn-Rimes,07/06/2011,Opryland Convention Center,,"2800 Opryland Dr, Nashville&nbsp;TN&nbsp;37214",7:00 PM
Avenged Sevenfold,10:00 PM,http://events.myspace.com/Event/6532839/Avenged-Sevenfold,02/26/2011,RNA Showgrounds,Age Requirement: 0+,"Brisbane Soundwave Festival, Brisbane&nbsp;Brisbane&nbsp",5:00 PM
Avenged Sevenfold,10:00 PM,http://events.myspace.com/Event/6532905/Avenged-Sevenfold,02/27/2011,Eastern Creek Raceway,Age Requirement: 0+,"Eastern Creek Raceway, Sydney&nbsp;Australia&nbsp",5:00 PM
Avenged Sevenfold,11:00 PM,http://events.myspace.com/Event/6532960/Avenged-Sevenfold,03/04/2011,Melbourne Showgrounds,Age Requirement: 0+,"Melbourne Showgrounds, Melbourne&nbsp;Australia&nbsp",5:00 PM
Avenged Sevenfold,10:00 PM,http://events.myspace.com/Event/6533021/Avenged-Sevenfold,03/05/2011,Bonython Park,Age Requirement: 0+,"Bonython Park, Adelaide&nbsp;Australia&nbsp",5:00 PM
Avenged Sevenfold,10:00 PM,http://events.myspace.com/Event/6533054/Avenged-Sevenfold,03/07/2011,Steel Blue Oval,Age Requirement: 0+,"Steel Blue Oval, Perth&nbsp;Australia&nbsp",5:00 PM
Stone Sour,11:00 PM,http://events.myspace.com/Event/6527861/Soundwave-Festival,02/26/2011,Soundwave Festival at RNA Show Grounds,Age Requirement: 0+,"Gregory Terrace, Fortitude Valley&nbsp;Qld&nbsp;4006",1:00 PM
Stone Sour,11:00 PM,http://events.myspace.com/Event/6527953/Soundwave-Festival,02/27/2011,Soundwave Festival at Eastern Creek Raceway,Age Requirement: 0+,"Brabham Drive/Ferrers Road, Sydney&nbsp;AU&nbsp;2766",1:00 PM
Stone Sour,11:00 PM,http://events.myspace.com/Event/6527994/Soundwave-Festival,03/04/2011,Soundwave Festival at Melbourne Show Grounds,Age Requirement: 0+,"Epsom Road, Ascot Vale&nbsp;VIC&nbsp;3032",1:00 PM
Stone Sour,11:00 PM,http://events.myspace.com/Event/6528361/Soundwave-Festival,03/05/2011,Soundwave Festival at Bonython Park,Age Requirement: 0+,"Port road, Adelaide&nbsp;SA&nbsp;5000",1:00 PM
Stone Sour,11:00 PM,http://events.myspace.com/Event/6528383/Soundwave-Festival,03/07/2011,Soundwave Festival at Steel Blue Oval,Age Requirement: 0+,"Corner Guildford Road & West Road, bassendean&nbsp;Perth&nbsp;6054",1:00 PM
Slayer,11:30 PM,http://events.myspace.com/Event/6536168/Brisbane-Soundwave-Festival--RNA-Showgrounds,02/26/2011,RNA Showgrounds,Age Requirement: 0+,"Gregory Terrace, Fortitude Valley, Brisbane&nbsp;QLD&nbsp;QLD 4006",12:00 AM
Slayer,3:00 PM,http://events.myspace.com/Event/6546831/Brisbane-Soundwave-Festival--RNA-Showgrounds,02/26/2011,Exhibition Building - Rna Showgrounds,,"Gregory Terrace, Bowen Hills&nbsp;QLD&nbsp;4006",1:00 PM
Slayer,11:30 PM,http://events.myspace.com/Event/6536291/Sydney-Soundwave-Festival--Eastern-Creek-Raceway,02/27/2011,Eastern Creek Raceway,Age Requirement: 0+,"Brabham Drive/Ferrers Road, Eastern Creek&nbsp;NSW&nbsp;2766",12:00 AM
Slayer,11:30 PM,http://events.myspace.com/Event/6536619/Melbourne-Soundwave-Festival--Melbourne-Showgrounds,03/04/2011,Melbourne Showgrounds,Age Requirement: 0+,"Epsom Road / Ascot Vale, Melbourne&nbsp;AU&nbsp;VIC 3032",12:00 AM
Slayer,3:00 PM,http://events.myspace.com/Event/6546833/Melbourne-Soundwave-Festival--Melbourne-Showgrounds,03/04/2011,Royal Melbourne Showgrounds,,"Epsom Rd, Ascot Vale&nbsp;VIC&nbsp;3032",1:00 PM
Slayer,11:30 PM,http://events.myspace.com/Event/6536651/Adelaide-Soundwave-Festival--Bonython-Park,03/05/2011,Bonython Park,Age Requirement: 0+,"Port road, Adelaide&nbsp;SA&nbsp;5000",5:00 PM
Slayer,11:30 PM,http://events.myspace.com/Event/6536702/Perth-Soundwave-Festival--Steel-Blue-Oval,03/07/2011,Steel Blue Oval,Age Requirement: 0+,"Corner Guildford Road & West Road, Bassendean&nbsp;Perth&nbsp;6054",12:00 AM
Slayer,9:00 PM,http://events.myspace.com/Event/6546835/Perth-Soundwave-Festival,03/07/2011,Steel Blue Oval,,&nbsp;&nbsp,7:00 PM
Sum 41,11:30 PM,http://events.myspace.com/Event/6529969/Sum-41,02/26/2011,RNA Showgrounds,Age Requirement: 0+,"Brisbane Soundwave Festival, Brisbane&nbsp;Brisbane&nbsp",8:00 PM
Sum 41,11:30 PM,http://events.myspace.com/Event/6529984/Sum-41,02/27/2011,Eastern Creek Raceway,Age Requirement: 0+,"1, Sydney&nbsp;NSW&nbsp;2000",8:00 PM
Sum 41,11:30 PM,http://events.myspace.com/Event/6530009/Sum-41,03/04/2011,Melbourne Showgrounds,Age Requirement: 0+,"Melbourne Showgrounds, Melbourne&nbsp;Australia&nbsp",8:00 PM
Sum 41,11:30 PM,http://events.myspace.com/Event/6530021/Sum-41,03/05/2011,Bonython Park,Age Requirement: 0+,"Bonython Park, Adelaide&nbsp;Australia&nbsp",8:00 PM
Sum 41,11:30 PM,http://events.myspace.com/Event/6530039/Sum-41,03/07/2011,Steel Blue Oval,Age Requirement: 0+,"Steel Blue Oval, Perth&nbsp;Australia&nbsp",8:00 PM
Bayside,11:30 PM,http://events.myspace.com/Event/6538273/Bayside,02/26/2011,RNA Showgrounds - Soundwave Festival,Age Requirement: 0+,"Gregory terrace, Brisbane&nbsp;QLD&nbsp;4006",12:00 PM
Bayside,11:30 PM,http://events.myspace.com/Event/6538354/Bayside,02/27/2011,Eastern Creek Raceway - Soundwave Festival,Age Requirement: 0+,"1, Sydney&nbsp;NSW&nbsp;2000",12:00 PM
Bayside,11:30 PM,http://events.myspace.com/Event/6538447/Bayside,03/04/2011,Showgrounds - Soundwave festival,Age Requirement: 0+,"Epsom Road, Melbourne&nbsp;Vic&nbsp;3032",12:00 PM
Bayside,11:30 PM,http://events.myspace.com/Event/6538524/Bayside,03/05/2011,Bonython Park - Soundwave Festival,Age Requirement: 0+,"Port Road, Adelaide&nbsp;SA&nbsp;5000",12:00 PM
Bayside,10:30 PM,http://events.myspace.com/Event/6538627/Bayside,03/07/2011,Steel Blue Oval - Soundwave Festival,Age Requirement: 0+,"Corner Guildford Road & West Road, Perth&nbsp;WA&nbsp;6054",11:00 AM
The Gaslight Anthem,5:00 PM,http://events.myspace.com/Event/6529517/The-Gaslight-Anthem-at-Brisbane-Soundwave-Festival,02/26/2011,Brisbane Soundwave Festival @ RNA Showgrounds,Age Requirement: 0+,"Gregory Terrace, Fortitude Valley&nbsp;, &nbsp;n",2:00 PM
The Gaslight Anthem,5:00 PM,http://events.myspace.com/Event/6529608/The-Gaslight-Anthem-at-Sydney-Soundwave-Festival,02/27/2011,Sydney Soundwave Festival @ Eastern Creek Raceway,Age Requirement: 0+,"Brabham Drive/Ferrers Road, Eastern Creek&nbsp;.&nbsp;n",2:00 PM
The Gaslight Anthem,5:00 PM,http://events.myspace.com/Event/6529715/The-Gaslight-Anthem-at-Melbourne-Soundwave-Festival,03/04/2011,Melbourne Soundwave Festival @ Melbourne Showgrounds,Age Requirement: 0+,"Epsom Road, Melbourne&nbsp;na&nbsp;VIC 3032",2:00 PM
The Gaslight Anthem,5:00 PM,http://events.myspace.com/Event/6529851/The-Gaslight-Anthem-at-Adelaide-Soundwave-Festival,03/05/2011,Adelaide Soundwave Festival @ Bonython Park,Age Requirement: 0+,"Port Road, Adelaide&nbsp;na&nbsp;SA 5000",2:00 PM
The Gaslight Anthem,5:00 PM,http://events.myspace.com/Event/6529970/The-Gaslight-Anthem-at-Perth-Soundwave-Festival,03/07/2011,Perth Soundwave Festival @ Steel Blue Oval,Age Requirement: 0+,"Guilford Road and West Road, Perth&nbsp;na&nbsp;6054",2:00 PM
Casting Crowns,9:00 PM,http://events.myspace.com/Event/4564799/Casting-Crowns,12/31/2011,Visit CastingCrowns.com for complete list of tour dates,Age Requirement: 0+,"n/a, Various&nbsp;NA&nbsp;55555",7:00 PM
Michael Buble,9:30 PM,http://events.myspace.com/Event/5605280/Michael-Buble,02/23/2011,Rod Laver Arena,Age Requirement: 0+,Melbourne&nbsp;VIC&nbsp;3000,6:30 PM
Michael Buble,9:30 PM,http://events.myspace.com/Event/5605355/Michael-Buble,02/25/2011,Rod Laver Arena,Age Requirement: 0+,Melbourne&nbsp;VIC&nbsp;3000,6:30 PM
Michael Buble,11:00 PM,http://events.myspace.com/Event/6514232/Michael-Buble,02/26/2011,Rod Laver Arena,Age Requirement: 0+,"Melbourne, Australia, Melbourne&nbsp;Victoria&nbsp;3000",7:00 PM
Michael Buble,9:30 PM,http://events.myspace.com/Event/5605351/Michael-Buble,02/28/2011,Adelaide Entertainment Centre,Age Requirement: 0+,"98 Port Rd, Adelaide&nbsp;Adelaide&nbsp;SA 5007",6:30 PM
Michael Buble,9:30 PM,http://events.myspace.com/Event/5605425/Michael-Buble,03/01/2011,Adelaide Entertainment Centre,Age Requirement: 0+,"98 Port Road, Hindmarsh, Adelaide&nbsp;SA&nbsp;5007",6:30 PM
Michael Buble,9:30 PM,http://events.myspace.com/Event/5605430/Michael-Buble,03/04/2011,Perth Sandalford Estate,Age Requirement: 0+,Perth&nbsp;&nbsp,6:30 PM
Michael Bolton,11:00 PM,http://events.myspace.com/Event/5306964/Paramount-Arts-Center-Ashland-KY,03/15/2011,Paramount Arts Center,Age Requirement: 0+,Ashland&nbsp;KY&nbsp,7:00 PM
Michael Bolton,11:00 PM,http://events.myspace.com/Event/5437670/The-Ritz-Theatre-Tiffin-OH,03/19/2011,The Ritz Theatre,Age Requirement: 0+,"TBA, Tiffin&nbsp;OH&nbsp;TB",7:00 PM
Michael Bolton,11:00 PM,http://events.myspace.com/Event/5384425/Forest-Hills-Arts-Center-Grand-Rapids-MI,03/23/2011,Forest Hills Arts Center,Age Requirement: 0+,Grand Rapids&nbsp;MI&nbsp,7:00 PM
George Winston,10:00 PM,http://events.myspace.com/Event/5523566/George-Winston,03/18/2011,Maryland Hall for the Creative Arts,Age Requirement: 0+,"801 chase st, Annapolis&nbsp;Maryland&nbsp;21401",7:00 PM
George Winston,10:00 PM,http://events.myspace.com/Event/1774966/George-Winston,04/01/2011,Community Theatre,,"100 South St., Morristown&nbsp;New Jersey&nbsp;07960",8:00 PM
George Winston,9:30 PM,http://events.myspace.com/Event/5107815/Event-Title,04/02/2011,The Concert Hall,Age Requirement: 0+,"2 West 64th Street, New York&nbsp;NY&nbsp;10023",8:00 PM
Free the Robots,,http://events.myspace.com/Event/6124585/European-Booking,01/31/2015,for booking contact Sinan@elasticartists.net,Age Requirement: 0+,"The Elastic Agency, Europe&nbsp;All region&nbsp;1",
Melissa Polinar,10:00 PM,http://events.myspace.com/Event/1319313/Melissa-Polinar,11/10/2011,&gt;&gt;MORE COMING SOON,Age Requirement: 0+,"PROMISE!&lt;&lt;, Places&nbsp;&nbsp;75205",8:00 PM
Tony Bennett,10:00 PM,http://events.myspace.com/Event/6368973/BROWARD-CENTER-FOR-THE-PERFORMING-ARTS,03/05/2011,Broward Center for the Performing Arts,Age Requirement: 0+,"201 SW 5th Ave., Ft. Lauderdale&nbsp;Florida&nbsp;33312",8:00 PM
Tony Bennett,10:00 PM,http://events.myspace.com/Event/6369059/ANDREW-JACKSON-HALL,03/30/2011,Andrew Jackson Hall,Age Requirement: 0+,"505 Deaderick Street, Nashville&nbsp;TN&nbsp;37243",8:00 PM
Tony Bennett,10:00 PM,http://events.myspace.com/Event/6369105/WHITNEY-HALL,04/01/2011,Whitney Hall,Age Requirement: 0+,"501 West Main Street, Louisville&nbsp;KY&nbsp;40202",8:00 PM
Tony Bennett,10:00 PM,http://events.myspace.com/Event/6440726/JONES-HALL,04/26/2011,Jones Hall,Age Requirement: 0+,"615 Louisiana St., Houston&nbsp;TX&nbsp;77208",8:00 PM
ZuhG.,11:30 PM,http://events.myspace.com/Event/4786374/ZuhG-in-Monterey,05/28/2011,California Roots Festival,playing this amazing festival next year!!! Can't wait to see who else will be on.          	                	      	          	      	<br><br>  					    						Age Requirement: 0+,"Monterey Fairground, Monterey&nbsp;California&nbsp;",12:00 PM
stephanie nilles,9:00 PM,http://events.myspace.com/Event/6391648/The-Salon,05/22/2011,The Salon,Age Requirement: 0+,"tba, Philadelphia, PA&nbsp;PA&nbsp;tb",7:00 PM
SEAN KINGSTON,8:30 PM,http://events.myspace.com/Event/6370124/Marina-Bay-Street-Circuit--Formula-One-Race,09/26/2010,Marina Bay Street Circuit – Formula One Race,Age Requirement: 0+,"-, -&nbsp;&nbsp",6:30 PM
Alesana,11:30 PM,http://events.myspace.com/Event/6531305/Soundwave-2011,02/26/2011,Soundwave 2011 - RNA Showgrounds,Age Requirement: 0+,"Gergory Terrace, Fortitude Valley&nbsp;QLD&nbsp;4006",12:00 PM
Alesana,11:30 PM,http://events.myspace.com/Event/6531338/Soundwave-2011,02/27/2011,Soundwave 2011 - Eastern Creek Raceway,Age Requirement: 0+,"Brabham Drive/Ferrers Road, Eastern Creek&nbsp;NSW&nbsp;2766",12:00 PM
Alesana,11:00 PM,http://events.myspace.com/Event/6531407/Soundwave-2011,03/04/2011,Soundwave 2011 - Melbourne Showgrounds,Age Requirement: 0+,"Epsom Road, Ascot Vale&nbsp;VIC&nbsp;3032",12:00 PM
Alesana,11:00 PM,http://events.myspace.com/Event/6531455/Soundwave-2011,03/05/2011,Soundwave 2011 - Bonython Park Oval,Age Requirement: 0+,"Adelaide, Port Road, Adelaide&nbsp;SA&nbsp;5000",12:00 PM
Alesana,12:00 AM,http://events.myspace.com/Event/6531485/Soundwave-2011,03/07/2011,Soundwave 2011 - Steel Blue Oval,Age Requirement: 0+,"Corner Guilford Road & West Road, Bassendean Perth&nbsp;WA&nbsp",1:00 PM
I SEE STARS,9:30 PM,http://events.myspace.com/Event/6501651/Brisbane-Soundwave-Festivial,02/26/2011,Brisbane Soundwave Festival @ RNA Showgrounds,Age Requirement: 0+,"-, Brisbane&nbsp;-&nbsp;",12:30 PM
I SEE STARS,9:00 PM,http://events.myspace.com/Event/6501773/Sydney-Soundwave-Festival-,02/27/2011,Sydney Soundwave Festival @ Eastern Creek Raceway,Age Requirement: 0+,"-, Sydney&nbsp;-&nbsp;",12:30 PM
I SEE STARS,9:00 PM,http://events.myspace.com/Event/6501887/Melbourne-Soundwave-Festival-,03/04/2011,Melbourne Soundwave Festival @ Melbourne Showgrounds,Age Requirement: 0+,"-, Melbourne&nbsp;-&nbsp;",12:30 PM
I SEE STARS,9:00 PM,http://events.myspace.com/Event/6502014/Adelaide-Soundwave-Festival,03/05/2011,Adelaide Soundwave Festival @ Bonython Park,Age Requirement: 0+,"-, Adelaide&nbsp;-&nbsp;",12:30 PM
I SEE STARS,9:00 PM,http://events.myspace.com/Event/6502057/Perth-Soundwave-Festival,03/07/2011,Perth Soundwave Festival @ Steel Blue Oval,Age Requirement: 0+,"-, Perth&nbsp;-&nbsp;",12:30 PM
A Skylit Drive,11:00 PM,http://events.myspace.com/Event/5974763/Soundwave-2011,02/26/2011,Soundwave 2011 - RNA Showgrounds,Age Requirement: 0+,"Gregory Terrace, Fortitude Valley&nbsp;QLD&nbsp;4006",12:00 PM
A Skylit Drive,10:00 PM,http://events.myspace.com/Event/5975397/Soundwave-2011,02/27/2011,Soundwave 2011 - Eastern Creek Raceway,Age Requirement: 0+,"Brabham Drive/Ferrers Road, Eastern Creek&nbsp;NSW&nbsp;2766",12:00 PM
A Skylit Drive,10:00 PM,http://events.myspace.com/Event/5999714/Soundwave-2011,03/04/2011,Soundwave 2011 - Melbourne Showgrounds,Age Requirement: 0+,"Epsom Road, Ascot Vale&nbsp;VIC&nbsp;3032",12:00 PM
A Skylit Drive,11:30 PM,http://events.myspace.com/Event/6666284/Soundwave-2011,03/05/2011,Soundwave 2011 - Bonython Park,Age Requirement: 0+,"x, Adelaide&nbsp;Australia&nbsp;",12:30 PM
A Skylit Drive,10:00 PM,http://events.myspace.com/Event/6000064/Soundwave-2011,03/07/2011,Soundwave 2011 - Steel Blue Oval,Age Requirement: 0+,"Corner Guilford Road & West Road, Bassendean Perth&nbsp;WA&nbsp",12:00 PM
New Found Glory,7:30 PM,http://events.myspace.com/Event/6645867/Soundwave-Festival-2011-,02/26/2011,RNA Showgrounds,Age Requirement: 0+,"600 Gregory Terrace, Bowen Hills&nbsp;Brisbane&nbsp;QLD 4006",12:00 PM
New Found Glory,9:00 PM,http://events.myspace.com/Event/6646181/Soundwave-Festival-2011,02/27/2011,Eastern Creek Raceway,Age Requirement: 0+,"Brabham Drive/Ferrers Road, Eastern Creek, Sydney&nbsp;New South&nbsp;NSW 2766",12:00 PM
New Found Glory,9:00 PM,http://events.myspace.com/Event/6646718/Soundwave-Festival-2011,03/04/2011,Melbourne Showgrounds,Age Requirement: 0+,"3032 Epsom Road, Ascot Vale, VIC, Melbourne&nbsp;Victoria&nbsp;3032",12:00 PM
New Found Glory,9:00 PM,http://events.myspace.com/Event/6646758/Soundwave-Festival-2011,03/05/2011,Bonython Park,Age Requirement: 0+,"Port Rd., Adelaide&nbsp;South Aust&nbsp;5000",12:00 PM
New Found Glory,9:00 PM,http://events.myspace.com/Event/6646824/Soundwave-Festival-2011,03/07/2011,Steel Blue Oval,Age Requirement: 0+,"Corner Guildford Road & West Road, Perth&nbsp;Western Au&nbsp;6054",12:00 PM
U2,8:00 PM,http://events.myspace.com/Event/6056550/U2,05/21/2011,Central Parking Lot,,"Coors Field, Denver&nbsp;CO&nbsp;80202",6:00 PM
U2,8:00 PM,http://events.myspace.com/Event/6036188/U2,05/24/2011,Rice Eccles Stadium,,Salt Lake City&nbsp;UT&nbsp,6:00 PM
U2,8:00 PM,http://events.myspace.com/Event/6056551/U2,06/07/2011,Oakland Metro,,Oakland&nbsp;CA&nbsp,6:00 PM
U2,8:00 PM,http://events.myspace.com/Event/6056553/U2,06/17/2011,Angels Stadium,,"2000 S State College Blvd, Anaheim&nbsp;CA&nbsp;92806",6:00 PM
U2,8:00 PM,http://events.myspace.com/Event/6056554/U2,06/18/2011,Angels Stadium,,"2000 S State College Blvd, Anaheim&nbsp;CA&nbsp;92806",6:00 PM
U2,8:00 PM,http://events.myspace.com/Event/6036190/U2,06/26/2011,Spartan Stadium (Michigan),,&nbsp;&nbsp,6:00 PM
U2,8:00 PM,http://events.myspace.com/Event/6036193/U2,06/29/2011,Sun Life Stadium,,"2269 NW 199th St, &nbsp;&nbsp",6:00 PM
U2,8:00 PM,http://events.myspace.com/Event/6036191/U2,07/05/2011,Soldier Field,,"1410 S Museum Campus Dr, Chicago&nbsp;IL&nbsp;60605",6:00 PM
U2,8:00 PM,http://events.myspace.com/Event/6056556/U2,07/14/2011,The Arena Bar,,"Roosevelt Blvd & Rhawn St, Philadelphia&nbsp;PA&nbsp;19152",6:00 PM
U2,8:00 PM,http://events.myspace.com/Event/6036194/U2,07/20/2011,New Meadowlands Stadium,,"102 New Jersey 120, East Rutherford&nbsp;NJ&nbsp;07072",6:00 PM
U2,8:00 PM,http://events.myspace.com/Event/6036195/U2,07/23/2011,TCF Bank Stadium,,"2009 University Ave SE, Minneapolis&nbsp;MN&nbsp;55414",6:00 PM
The Marshall Tucker Band,10:00 PM,http://events.myspace.com/Event/6106502/Marshall-Tucker-Band,02/26/2011,Peppermill Concert Hall,Age Requirement: 0+,"680 Wendover BLVD, Wendover&nbsp;NV&nbsp;89883",8:00 PM
// EUROPE //,10:30 PM,http://events.myspace.com/Event/6263158/EUROPE,02/23/2011,BRISTOL O2 ACADEMY,"Gig startup times, durations and age restrictions are approximate: check local guides          	                	      	          	      	<br><br>  					    						Age Requirement: 0+","BRISTOL O2 ACADEMY, BRISTOL&nbsp;&nbsp;N/",5:00 PM
// EUROPE //,10:30 PM,http://events.myspace.com/Event/6263171/EUROPE,02/25/2011,MANCHESTER ACADEMY 2,"Gig startup times, durations and age restrictions are approximate: check local guides          	                	      	          	      	<br><br>  					    						Age Requirement: 0+","MANCHESTER ACADEMY 2, MANCHESTER&nbsp;&nbsp;N/",5:00 PM
// EUROPE //,10:30 PM,http://events.myspace.com/Event/6263185/EUROPE,02/26/2011,LEEDS O2 ACADEMY,"Gig startup times, durations and age restrictions are approximate: check local guides          	                	      	          	      	<br><br>  					    						Age Requirement: 0+","LEEDS O2 ACADEMY, LEEDS&nbsp;&nbsp;N/",5:00 PM
// EUROPE //,10:30 PM,http://events.myspace.com/Event/6263204/EUROPE,02/27/2011,NEWCASTLE O2 ACADEMY,"Gig startup times, durations and age restrictions are approximate: check local guides          	                	      	          	      	<br><br>  					    						Age Requirement: 0+","NEWCASTLE O2 ACADEMY, NEWCASTLE&nbsp;&nbsp;N/",5:00 PM
Helloween,11:00 PM,http://events.myspace.com/Event/6091135/-to-be-continued-,12/31/2011,... to be continued ...,Age Requirement: 0+,"-, -&nbsp;-&nbsp;",8:00 PM
Dani Lynn Howe,12:00 AM,http://events.myspace.com/Event/4279428/Matherville-Centennial-Celebration,07/01/2011,Centennial Celebration,Age Requirement: 0+,"Main Street, Matherville&nbsp;IL&nbsp;61263",8:00 PM
TERROR,11:30 PM,http://events.myspace.com/Event/6530579/Soundwave-2011,02/26/2011,RNA Showgrounds,Age Requirement: 0+,"Gregory Terrace, Fortitude Valley, Brisbane&nbsp;AU&nbsp;QLD 4006",10:00 AM
TERROR,11:30 PM,http://events.myspace.com/Event/6530678/Soundwave-2011,02/27/2011,Eastern Creek Raceway,Age Requirement: 0+,"Brabham Drive / Ferrers Road, Sydney&nbsp;AU&nbsp;NSW 2766",10:00 AM
TERROR,11:30 PM,http://events.myspace.com/Event/6530748/Soundwave-2011,03/04/2011,Melbourne Showgrounds,Age Requirement: 0+,"Epsom Road / Ascot Vale, Melbourne&nbsp;AU&nbsp;VIC 3032",10:00 AM
TERROR,11:30 PM,http://events.myspace.com/Event/6530795/Soundwave-2011,03/05/2011,Bonython Park,Age Requirement: 0+,"Port Road, Adelaide&nbsp;AU&nbsp;SA 5000",1:00 PM
TERROR,11:30 PM,http://events.myspace.com/Event/6530845/Soundwave-2011,03/07/2011,Steel Blue Oval,Age Requirement: 0+,"Guildford Road / West Road, Bassendean, Perth&nbsp;AU&nbsp;6054",10:00 AM
Mayday Parade,11:00 PM,http://events.myspace.com/Event/6528358/Brisbane-Soundwave-Festival,02/26/2011,RNA Showgrounds,Age Requirement: 0+,"Brisbane Soundwave Festival, Brisbane&nbsp;Brisbane&nbsp",11:00 AM
Mayday Parade,11:00 PM,http://events.myspace.com/Event/6528452/Sydney-Soundwave-Festival,02/27/2011,Eastern Creek Raceway,Age Requirement: 0+,"Eastern Creek Raceway, Sydney&nbsp;Australia&nbsp",11:00 AM
Mayday Parade,11:00 PM,http://events.myspace.com/Event/6528501/Melbourne-Soundwave-Festival,03/04/2011,Melbourne Showgrounds,Age Requirement: 0+,"Melbourne Showgrounds, Melbourne&nbsp;Australia&nbsp",11:00 AM
Mayday Parade,11:00 PM,http://events.myspace.com/Event/6528594/Adelaide-Soundwave-Festival,03/05/2011,Bonython Park,Age Requirement: 0+,"Bonython Park, Adelaide&nbsp;Australia&nbsp",11:30 AM
Mayday Parade,11:00 PM,http://events.myspace.com/Event/6529074/Perth-Soundwave-Festival,03/07/2011,Steel Blue Oval,Age Requirement: 0+,"Steel Blue Oval, Perth&nbsp;Australia&nbsp",11:00 AM
30 Seconds to Mars,11:00 PM,http://events.myspace.com/Event/6528484/30-Seconds-to-Mars,02/26/2011,Brisbane Soundwave Festival @ RNA Showgrounds,Age Requirement: 0+,"Gregory Terrace, Fortitude Valley&nbsp;, &nbsp;n",8:00 PM
30 Seconds to Mars,11:00 PM,http://events.myspace.com/Event/6528516/30-Seconds-to-Mars,02/27/2011,Sydney Soundwave Festival @ Eastern Creek Raceway,Age Requirement: 0+,"Brabham Drive/Ferrers Road, Eastern Creek&nbsp;.&nbsp;n",8:00 PM
30 Seconds to Mars,11:00 PM,http://events.myspace.com/Event/6528549/30-Seconds-to-Mars,03/04/2011,Melbourne Soundwave Festival @ Melbourne Showgrounds,Age Requirement: 0+,"Epsom Road, Melbourne&nbsp;.&nbsp;VIC 3032",8:00 PM
30 Seconds to Mars,11:00 PM,http://events.myspace.com/Event/6528583/30-Seconds-to-Mars,03/05/2011,Adelaide Soundwave Festival @ Bonython Park,Age Requirement: 0+,"Port Road, Adelaide&nbsp;, &nbsp;SA 5000",8:00 PM
30 Seconds to Mars,11:00 PM,http://events.myspace.com/Event/6528609/30-Seconds-to-Mars,03/07/2011,Perth Soundwave Festival @ Steel Blue Oval,Age Requirement: 0+,"Guilford Road and West Road, Perth&nbsp;, &nbsp;6054",8:00 PM
Breathe Carolina,11:00 PM,http://events.myspace.com/Event/6530311/Soundwave-2011,02/26/2011,Soundwave 2011 - RNA Showgrounds,Age Requirement: 0+,"Gregory Terrace, Fortitude Valley&nbsp;QLD&nbsp;4006",12:00 PM
Breathe Carolina,11:00 PM,http://events.myspace.com/Event/6530344/Soundwave-2011,02/27/2011,Soundwave 2011 - Eastern Creek Raceway,Age Requirement: 0+,"Brabham Drive/Ferrers Road, Eastern Creek&nbsp;NSW&nbsp;2766",12:00 PM
Breathe Carolina,11:00 PM,http://events.myspace.com/Event/6530367/Soundwave-2011,03/04/2011,Soundwave 2011 - Melbourne Showgrounds,Age Requirement: 0+,"Epsom Road, Ascot Vale&nbsp;VIC&nbsp;3032",12:00 PM
Breathe Carolina,11:00 PM,http://events.myspace.com/Event/6530392/Soundwave-2011,03/05/2011,Soundwave 2011 - Bonython Park Oval,Age Requirement: 0+,"Adelaide, Port Road, Adelaide&nbsp;SA&nbsp;5000",12:00 PM
Breathe Carolina,12:00 AM,http://events.myspace.com/Event/6530433/Soundwave-2011,03/07/2011,Soundwave 2011 - Steel Blue Oval,Age Requirement: 0+,"Corner Guliford Road & West Road, Bassendean Perth&nbsp;WA&nbsp",1:00 PM
The Black Keys,11:30 PM,http://events.myspace.com/Event/6528685/The-Black-Keys,03/15/2011,Olympia,Age Requirement: 0+,"28 boulevard des Capucines, Paris&nbsp;France&nbsp;75009",7:00 PM
Whitney. (CD out august 10th),11:30 PM,http://events.myspace.com/Event/6623648/soon-,03/31/2011,soon =],Age Requirement: 0+,"--, EVERYWHERE!&nbsp;--&nbsp;54601",7:00 PM
Third Eye Blind,11:00 PM,http://events.myspace.com/Event/6575722/Brisbane-Soundwave-Festival--RNA-Showgrounds,02/26/2011,RNA Showgrounds,Age Requirement: 0+,"Gregory Terrace, Brisbane&nbsp;Fortitude&nbsp;N/",11:00 AM
Third Eye Blind,1:30 PM,http://events.myspace.com/Event/6575775/Sydney-Soundwave-Festival--Eastern-Creek,02/27/2011,Raceway,Age Requirement: 0+,"Brabham Drive/Ferrers Road, Sydney&nbsp;Eastern Cr&nbsp;n/",11:00 AM
Third Eye Blind,12:30 PM,http://events.myspace.com/Event/6575791/Melbourne-Soundwave-Festival--Melbourne-,03/04/2011,Showgrounds,Age Requirement: 0+,"Epson Road, Melbourne&nbsp;n/a&nbsp;n/",11:00 AM
Third Eye Blind,2:00 PM,http://events.myspace.com/Event/6575844/Adelaide-Soundwave-Festival--Bonython-Park,03/05/2011,Port Road,Age Requirement: 0+,"Port Road, Adelaide&nbsp;n/a&nbsp;n/",11:00 AM
Third Eye Blind,4:00 PM,http://events.myspace.com/Event/6575893/Perth-Soundwave-Festival--Steel-Blue-Oval-,03/07/2011,Steel Blue Oval,Age Requirement: 0+,"Guildford Road, Perth&nbsp;n/a&nbsp;6054",11:00 AM
MTV TRL TOUR : DESTINYS CHILD - NELLY - EVE - 3LW,8:30 PM,http://events.myspace.com/Event/1256587/MTV-TRL-TOUR--DESTINYS-CHILD--NELLY--EVE--3LW,09/15/2011,Sleep Train Amphitheatre in Wheatland,,"2677 Forty Mile Rd, Wheatland&nbsp;CA&nbsp;95692",6:30 PM
Gorilla Zoe,,http://events.myspace.com/Event/6309095/BMO-Fest,10/06/2011,BMO Fest,Age Requirement: 0+,"n/a, n/a&nbsp;n/a&nbsp;n/",
Dj Santana,11:30 PM,http://events.myspace.com/Event/4098220/Salem-High-School-Talent-Show,05/07/2011,Salem High School Talent Show,Age Requirement: 0+,"Salem, Salem&nbsp;Massachusetts&nbsp;01970",6:30 PM
Chasing Shadows,,http://events.myspace.com/Event/6197367/SUMMERSET,03/19/2011,SUMMERSET,Age Requirement: 18+,"somewhere in nz, WELLINGTON&nbsp;&nbsp",
Chemical Brothers,11:30 PM,http://events.myspace.com/Event/6692383/The-Chemical-Brothers-live--Vector-Arena-Auckland-NZ,03/02/2011,Vector Arena,Age Requirement: 0+,"34 Mahuhu Crescent, Auckland&nbsp;&nbsp",10:00 PM
Chemical Brothers,11:30 PM,http://events.myspace.com/Event/6033256/The-Chemical-Brothers-live--Brisbane-Sideshow-Australia,03/04/2011,Riverstage,Ticketmaster/ On sale Thursday Aug 5          	                	      	          	      	<br><br>  					    						Age Requirement: 0+,"Gardens Point Rd, Brisbane&nbsp;QLD&nbsp;4000",10:00 PM
Chemical Brothers,11:30 PM,http://events.myspace.com/Event/6033305/The-Chemical-Brothers-live--Melbourne-Sideshow-Australia,03/09/2011,Rod Laver Arena,Ticketek / On sale Friday Aug 6          	                	      	          	      	<br><br>  					    						Age Requirement: 0+,"Melbourne, Australia, Melbourne&nbsp;VIC&nbsp;3000",10:00 PM
Chemical Brothers,11:30 PM,http://events.myspace.com/Event/6033341/The-Chemical-Brothers-live--Sydney-Sideshow-Australia,03/10/2011,Sydney Entertainment Centre,Ticketmaster / On sale Thursday Aug 5          	                	      	          	      	<br><br>  					    						Age Requirement: 0+,"Harbour St, Sydney&nbsp;NSW&nbsp;2000",10:30 PM
Abney Park,,http://events.myspace.com/Event/5421103/Wild-Wild-West-Con,03/04/2011,Old Tucson Studios,"Arizona's 1st Steampunk Convention & Festival!<br><br>Tickets now on sale!We are breaking the barriers of the standard hotel-based convention by placing the core of our event within Old Tucson Studios, a famous movie studio and amusement park built in 1939. <br><br>Come join the adventure March 4-6, 2011 as we traverse into the age of steam!<br>          	                	      	          	      	<br><br>  					    						Age Requirement: 0+","201 S Kinney Rd, Tucson&nbsp;AZ&nbsp;85735",
emancipator,10:00 PM,http://events.myspace.com/Event/3174689/emancipator,12/31/2011,for booking contact Chris@autonomousmusic.org,Age Requirement: 0+,"1121 N. Loring St. Suite 112, Autonomous Music&nbsp;Portland, &nbsp;97227",8:00 PM
Leeland,9:00 PM,http://events.myspace.com/Event/5875324/Leeland,03/05/2011,The Back Door,Acquire The Fire Event,"First Federated Church, 4801 Franklin Ave, Des Moines&nbsp;IA&nbsp;50310",7:00 PM
Leeland,9:00 PM,http://events.myspace.com/Event/5875325/Leeland,03/12/2011,Legacy Church,Acquire The Fire Event,"7201 Central Ave NW, Albuquerque&nbsp;NM&nbsp;87121",7:00 PM
Leeland,9:00 PM,http://events.myspace.com/Event/5875328/Leeland,03/19/2011,Peoples Church,Acquire The Fire event,"7172 N Cedar Ave, Fresno&nbsp;CA&nbsp;93720",7:00 PM
Leeland,9:00 PM,http://events.myspace.com/Event/5875331/Leeland,03/26/2011,The Rock,Acquire The Fire event,"2277 Rosecrans St, San Diego&nbsp;CA&nbsp;92106",7:00 PM
Leeland,9:00 PM,http://events.myspace.com/Event/5875332/Leeland,04/02/2011,Comcast Arena at the Everett Events Center,Acquire The Fire Event,"2000 Hewitt Ave, Everett&nbsp;WA&nbsp;98201",7:00 PM
Leeland,9:00 PM,http://events.myspace.com/Event/5875333/Leeland,04/09/2011,ARCO Arena,Acquire The Fire Event,"1 Sports Pkwy, Sacramento&nbsp;CA&nbsp;95834",7:00 PM
Leeland,9:00 PM,http://events.myspace.com/Event/5875335/Leeland,04/16/2011,Memorial Coliseum,Acquire The Fire Event,"1 N Center Ct Dr, Portland&nbsp;OR&nbsp;97227",7:00 PM
Leeland,9:00 PM,http://events.myspace.com/Event/5875336/Leeland,04/30/2011,Denver Coliseum,Acquire The Fire Event,"4600 Humboldt St, Denver&nbsp;CO&nbsp;80216",7:00 PM
Leeland,9:00 PM,http://events.myspace.com/Event/5875339/Leeland,05/07/2011,1st Mariner Arena,Acquire The Fire Event,"201 W Baltimore St, Baltimore&nbsp;MD&nbsp;21201",7:00 PM
anberlin,11:30 PM,http://events.myspace.com/Event/6528210/Anberlin,02/26/2011,Soundwave Festival,Age Requirement: 0+,"Soundwave, Brisbane&nbsp;QLD&nbsp",12:00 PM
anberlin,11:30 PM,http://events.myspace.com/Event/6528238/Anberlin,02/27/2011,Soundwave Festival,Age Requirement: 0+,"Soundwave Festival, Sydney&nbsp;NSW&nbsp",12:00 PM
anberlin,11:30 PM,http://events.myspace.com/Event/6528269/Anberlin,03/04/2011,Soundwave Festival,Age Requirement: 0+,"Soundwave, Melbourne&nbsp;VIC&nbsp",12:00 PM
anberlin,11:30 PM,http://events.myspace.com/Event/6528301/Anberlin,03/05/2011,Soundwave Festival,Age Requirement: 0+,"Soundwave, Adelaide&nbsp;SA&nbsp",12:00 PM
Los Lonely Boys,10:00 PM,http://events.myspace.com/Event/5022945/Union-Colony-Civic-Center,04/06/2011,Union Colony Civic Center,Acoustic Show.  All Ages.  Doors 6:30pm,"701 10th Ave, Greeley&nbsp;CO&nbsp;80631",8:00 PM
A Skylit Drive,9:00 PM,http://events.myspace.com/Event/6000064/Soundwave-2011,03/07/2011,Soundwave 2011 - Steel Blue Oval,Age Requirement: 0+,"Corner Guilford Road & West Road, Bassendean Perth&nbsp;WA&nbsp",11:00 AM
Todd Agnew,10:00 PM,http://events.myspace.com/Event/1421494/Todd-Agnew,06/13/2011,Gloieta Conference Center - Fuge Camp,,"11 State Road 50, Glorieta&nbsp;New Mexico&nbsp;87535",8:00 PM
Todd Agnew,2:00 AM,http://events.myspace.com/Event/1428647/Todd-Agnew,07/06/2011,Lee University,Student Life Camp,"1120 North Ocoee Street, Cleveland&nbsp;Tennessee &nbsp;37311",12:00 AM
Todd Agnew,2:00 AM,http://events.myspace.com/Event/1428643/Todd-Agnew,07/07/2011,Lee University,Student Life Camp,"1120 North Ocoee Street, Cleveland&nbsp;Tennessee &nbsp;37311",12:00 AM
Todd Agnew,2:00 AM,http://events.myspace.com/Event/1428644/Todd-Agnew,07/08/2011,Lee University,Student Life Camp,"1120 North Ocoee Street, Cleveland&nbsp;Tennessee &nbsp;37311",12:00 AM
Todd Agnew,2:00 AM,http://events.myspace.com/Event/1428642/Todd-Agnew,07/09/2011,Lee University,Student Life Camp,"1120 North Ocoee Street, Cleveland&nbsp;Tennessee &nbsp;37311",12:00 AM
Eilen Jewell,11:00 PM,http://events.myspace.com/Event/5577225/The-Cultural-Center-at-Eagle-Hill,03/05/2011,The Cultural Center at Eagle Hill,Age Requirement: 0+,"242 Old Petersham Road, Hardwick&nbsp;MA&nbsp;01037",7:00 PM
Eilen Jewell,11:00 PM,http://events.myspace.com/Event/6558520/Northwest-Park-Nature-Center,03/19/2011,Northwest Park Nature Center,Age Requirement: 0+,"ABC, Windsor&nbsp;CT&nbsp;123",8:00 PM
The Blasters,10:30 PM,http://events.myspace.com/Event/6088270/The-Blasters,04/23/2011,VIVA LAS VEGAS 14,"Rockabilly Party Weekend <br>April 21-24, 2011          	                	      	          	      	<br><br>  					    						Age Requirement: 0+","4500 W Tropicana Blvd., Las Vegas&nbsp;NV&nbsp;89103",9:00 PM
SEVENDUST,10:00 PM,http://events.myspace.com/Event/6527760/Soundwave-Festival,03/07/2011,SOUNDWAVE,Age Requirement: 0+,"SOUNDWAVE, Perth&nbsp;WA&nbsp;SOUNDWAV",9:30 AM
TERROR,10:30 PM,http://events.myspace.com/Event/6530845/Soundwave-2011,03/07/2011,Steel Blue Oval,Age Requirement: 0+,"Guildford Road / West Road, Bassendean, Perth&nbsp;AU&nbsp;6054",9:00 AM
Bayside,11:30 PM,http://events.myspace.com/Event/6538627/Bayside,03/07/2011,Steel Blue Oval - Soundwave Festival,Age Requirement: 0+,"Corner Guildford Road & West Road, Perth&nbsp;WA&nbsp;6054",12:00 PM
Pennywise,10:00 PM,http://events.myspace.com/Event/6562305/Soundwave-Festival,03/07/2011,Steel Blue Oval,Age Requirement: 0+,"N/A, Perth&nbsp;WA&nbsp;N/",8:00 AM
FIREFLIGHT,8:00 PM,http://events.myspace.com/Event/6715574/Fireflight,03/12/2011,Urban Auditorium,Age Requirement: 0+,"1226 North Ave., Sheyboygan&nbsp;WI&nbsp;53081",7:00 PM
Breathe Carolina,11:00 PM,http://events.myspace.com/Event/6530433/Soundwave-2011,03/07/2011,Soundwave 2011 - Steel Blue Oval,Age Requirement: 0+,"Corner Guliford Road & West Road, Bassendean Perth&nbsp;WA&nbsp",12:00 PM
Dondria [[ twitter.com/dondria ]],10:00 PM,http://events.myspace.com/Event/6473872/Youre-the-one-Concert,04/01/2011,TBAAL,Age Requirement: 0+,"., Dallas&nbsp;TX&nbsp;",6:00 PM
I SEE STARS,8:00 PM,http://events.myspace.com/Event/6502057/Perth-Soundwave-Festival,03/07/2011,Perth Soundwave Festival @ Steel Blue Oval,Age Requirement: 0+,"-, Perth&nbsp;-&nbsp;",11:30 AM
anberlin,11:30 PM,http://events.myspace.com/Event/6528324/Anberlin,03/07/2011,Soundwave Festival,Age Requirement: 0+,"Soundwave, Perth&nbsp;WA&nbsp",12:00 PM
Third Eye Blind,3:00 PM,http://events.myspace.com/Event/6575893/Perth-Soundwave-Festival--Steel-Blue-Oval-,03/07/2011,Steel Blue Oval,Age Requirement: 0+,"Guildford Road, Perth&nbsp;n/a&nbsp;6054",10:00 AM
New Found Glory,8:00 PM,http://events.myspace.com/Event/6646824/Soundwave-Festival-2011,03/07/2011,Steel Blue Oval,Age Requirement: 0+,"Corner Guildford Road & West Road, Perth&nbsp;Western Au&nbsp;6054",11:00 AM
Stone Sour,10:00 PM,http://events.myspace.com/Event/6528383/Soundwave-Festival,03/07/2011,Soundwave Festival at Steel Blue Oval,Age Requirement: 0+,"Corner Guildford Road & West Road, bassendean&nbsp;Perth&nbsp;6054",12:00 PM
Mickey,,http://events.myspace.com/Event/5796991/Mickey-Avalon-Live-in-Seattle-at-The-Showbox--ALL-AGES,,,,,8:00 PM
Bonnie Tyler,,http://events.myspace.com/Event/6181709/Bonnie-Tyler--Robin-Gibb,,,,,8:00 PM
Colt Ford,,http://events.myspace.com/Event/5151048/Colt-Ford--The-Machine-Shop,,,,,11:00 PM
Colt Ford,,http://events.myspace.com/Event/6446734/Colt-Ford-with-Rowdy-Friends-at-Roberts-Stadium,,,,,8:00 PM
Michael Buble,8:30 PM,http://events.myspace.com/Event/5605430/Michael-Buble,03/04/2011,Perth Sandalford Estate,Age Requirement: 0+,Perth&nbsp;&nbsp,5:30 PM
THERE FOR TOMORROW,10:00 PM,http://events.myspace.com/Event/6532787/SOUNDWAVE-FESTIVAL,02/26/2011,SOUNDWAVE FESTIVAL @ RNA Showgrounds,Age Requirement: 0+,"Gregory Terrace, Fortitude Valley, Brisbane&nbsp;AU&nbsp;QLD 4006",12:00 PM
THERE FOR TOMORROW,10:00 PM,http://events.myspace.com/Event/6532851/SOUNDWAVE-FESTIVAL,02/27/2011,SOUNDWAVE FESTIVAL @ Eastern Creek Raceway,Age Requirement: 0+,"Brabham Drive / Ferrers Road, Sydney&nbsp;AUSTRALIA&nbsp;NSW 2766",12:00 PM
THERE FOR TOMORROW,10:00 PM,http://events.myspace.com/Event/6532946/SOUNDWAVE-FESTIVAL,03/03/2011,SOUNDWAVE FESTIVAL @ Melbourne Showgrounds,Age Requirement: 0+,"Epsom Road / Ascot Vale, Melbourne&nbsp;AU&nbsp;VIC 3032",12:00 PM
THERE FOR TOMORROW,11:00 PM,http://events.myspace.com/Event/6533247/SOUNDWAVE-FESTIVAL-,03/05/2011,SOUNDWAVE FESTIVAL @ Bonython Park Oval,Age Requirement: 0+,"Adelaide Port Rd., Adelaide&nbsp;Australia&nbsp;5000",2:30 PM
THERE FOR TOMORROW,10:30 PM,http://events.myspace.com/Event/6533342/SOUNDWAVE-FESTIVAL-,03/07/2011,SOUNDWAVE FESTIVAL @ Steel Blue Oval,Age Requirement: 0+,"Guildford Road / West Road, Bassendean, Perth&nbsp;AU&nbsp;6054",12:30 PM
U2,,http://events.myspace.com/Event/6056550/U2,05/21/2011,Central Parking Lot,,"Coors Field, Denver&nbsp;CO&nbsp;80202",
U2,,http://events.myspace.com/Event/6036188/U2,05/24/2011,Rice Eccles Stadium,,Salt Lake City&nbsp;UT&nbsp,
U2,,http://events.myspace.com/Event/6056551/U2,06/07/2011,Oakland Metro,,Oakland&nbsp;CA&nbsp,
U2,,http://events.myspace.com/Event/6056553/U2,06/17/2011,Angels Stadium,,"2000 S State College Blvd, Anaheim&nbsp;CA&nbsp;92806",
U2,,http://events.myspace.com/Event/6056554/U2,06/18/2011,Angels Stadium,,"2000 S State College Blvd, Anaheim&nbsp;CA&nbsp;92806",
U2,,http://events.myspace.com/Event/6036190/U2,06/26/2011,Spartan Stadium (Michigan),,&nbsp;&nbsp,
U2,,http://events.myspace.com/Event/6036193/U2,06/29/2011,Sun Life Stadium,,"2269 NW 199th St, &nbsp;&nbsp",
U2,,http://events.myspace.com/Event/6036191/U2,07/05/2011,Soldier Field,,"1410 S Museum Campus Dr, Chicago&nbsp;IL&nbsp;60605",
U2,,http://events.myspace.com/Event/6056556/U2,07/14/2011,The Arena Bar,,"Roosevelt Blvd & Rhawn St, Philadelphia&nbsp;PA&nbsp;19152",
U2,,http://events.myspace.com/Event/6036194/U2,07/20/2011,New Meadowlands Stadium,,"102 New Jersey 120, East Rutherford&nbsp;NJ&nbsp;07072",
U2,,http://events.myspace.com/Event/6036195/U2,07/23/2011,TCF Bank Stadium,,"2009 University Ave SE, Minneapolis&nbsp;MN&nbsp;55414",
Gorilla Zoe,,http://events.myspace.com/Event/6309095/BMO-Fest,10/06/2011,BMO Fest,Age Requirement: 0+,"n/a, Okinawa&nbsp;n/a&nbsp;n/",
MTV TRL TOUR : DESTINYS CHILD - NELLY - EVE - 3LW,,http://events.myspace.com/Event/1256587/MTV-TRL-TOUR--DESTINYS-CHILD--NELLY--EVE--3LW,09/15/2011,Sleep Train Amphitheatre in Wheatland,,"2677 Forty Mile Rd, Wheatland&nbsp;CA&nbsp;95692",
Chemical Brothers,11:30 PM,http://events.myspace.com/Event/6692383/The-Chemical-Brothers-live--Vector-Arena-Auckland-NZ,03/02/2011,Vector Arena,tickets on sale thurs aug 19th at 9 am NZ local time.           	                	      	          	      	<br><br>  					    						Age Requirement: 0+,"34 Mahuhu Crescent, Auckland&nbsp;Auckland&nbsp",10:00 PM
Comeback Kid SYMPTOMS + CURES out 8/31/10!,10:00 PM,http://events.myspace.com/Event/6826449/Sick-Of-It-All--Comeback-Kid,03/12/2011,John Bull Music Hall w/ Sick Of It All,Age Requirement: 0+,"Engenheiro Rebouças, 1645, Curitiba&nbsp;PR&nbsp;80230",6:00 PM
Comeback Kid SYMPTOMS + CURES out 8/31/10!,10:00 PM,http://events.myspace.com/Event/6826512/Sick-Of-It-All--Comeback-Kid,03/13/2011,Carioca Club w/ Sick Of It All,Age Requirement: 0+,"Rua Cardeal Arcoverde 2899, Sao Paulo&nbsp;Sao Paulo&nbsp;05407-004",6:00 PM
Comeback Kid SYMPTOMS + CURES out 8/31/10!,11:30 PM,http://events.myspace.com/Event/6826583/Sick-Of-It-All--Comeback-Kid,03/15/2011,Galpon 11 w/ Sick Of It All,Age Requirement: 0+,"Sargento Cabral y el Rio, Rosario&nbsp;&nbsp",6:00 PM
Comeback Kid SYMPTOMS + CURES out 8/31/10!,11:00 PM,http://events.myspace.com/Event/6826620/Sick-Of-It-All--Comeback-Kid,03/16/2011,Teatro colegiales w/ Sick Of It All,Age Requirement: 0+,"Av. Federico Lacroze 3455 (y Alvarez Thomas), Capital Federal&nbsp;Buenos Air&nbsp",6:00 PM
Comeback Kid SYMPTOMS + CURES out 8/31/10!,11:00 PM,http://events.myspace.com/Event/6826684/Sick-Of-It-All--Comeback-Kid,03/17/2011,Teatro Novedades w/ Sick Of It All,Age Requirement: 0+,"Cueto 257, Santiago&nbsp;&nbsp",6:00 PM
Comeback Kid SYMPTOMS + CURES out 8/31/10!,11:00 PM,http://events.myspace.com/Event/6826777/Sick-Of-It-All--Comeback-Kid,03/18/2011,Barranco Bar w/ Sick Of It All,Age Requirement: 0+,"Plaza Butters 291, Lima&nbsp;&nbsp",6:30 PM
Comeback Kid SYMPTOMS + CURES out 8/31/10!,11:00 PM,http://events.myspace.com/Event/6826836/Sick-Of-It-All--Comeback-Kid,03/20/2011,Teatro Metro Bogota w/ Sick Of It All,Age Requirement: 0+,"Calle 34 # 13-28, Bogota&nbsp;&nbsp",6:00 PM
The Maine(Black and White out now!),5:30 PM,http://events.myspace.com/Event/6527028/Brisbane-Soundwave-Festival,02/26/2011,RNA Show grounds,Age Requirement: 0+  					      					          	               	  				  					Video  					      </br>http://www.msplinks.com/MDFodHRwOi8vd3d3LnNvdW5kd2F2ZWZlc3RpdmFsLmNvbS8=</br>,"Gregory terrace, Fortitude Valley&nbsp;QLD&nbsp;4006",3:30 PM
The Maine(Black and White out now!),7:30 AM,http://events.myspace.com/Event/6527132/Sydney-Soundwave-Festival-,02/27/2011,Eastern Creek Raceway,Age Requirement: 0+  					      					          	               	  				  					Video  					      </br>http://www.msplinks.com/MDFodHRwOi8vd3d3LnNvdW5kd2F2ZWZlc3RpdmFsLmNvbS8=</br>,"Brabham Drive/Ferrers Road, Eastern Creek NSW 2766, Sydney&nbsp;AU&nbsp;2766",7:00 AM
The Maine(Black and White out now!),9:00 AM,http://events.myspace.com/Event/6527462/Melbourne-Soundwave-Festival,03/04/2011,Melbourne Show Grounds,Age Requirement: 0+  					      					          	               	  				  					Video  					      </br>http://www.msplinks.com/MDFodHRwOi8vd3d3LnNvdW5kd2F2ZWZlc3RpdmFsLmNvbS8=</br>,"Epsom Road, Ascot Vale&nbsp;VIC&nbsp;3032",7:30 AM
The Maine(Black and White out now!),9:30 AM,http://events.myspace.com/Event/6527535/Adelaide-Soundwave-Festival,03/05/2011,Bonython Park,Age Requirement: 0+  					      					          	               	  				  					Video  					      </br>http://www.msplinks.com/MDFodHRwOi8vd3d3LnNvdW5kd2F2ZWZlc3RpdmFsLmNvbS8=</br>,"Port road, Adelaide&nbsp;SA&nbsp;5000",7:30 AM
The Maine(Black and White out now!),8:30 AM,http://events.myspace.com/Event/6527613/Perth-Soundwave-Festival,03/07/2011,Steel Blue Oval,Age Requirement: 0+  					      					          	               	  				  					Video  					      </br>http://www.msplinks.com/MDFodHRwOi8vd3d3LnNvdW5kd2F2ZWZlc3RpdmFsLmNvbS8=</br>,"Corner Guildford Road & West Road, bassendean&nbsp;Perth&nbsp;6054",7:30 AM
Maroon 5,11:30 PM,http://events.myspace.com/Event/6918198/Live-Music-Hall,02/27/2011,Live Music Hall,Age Requirement: 0+,"50825 Köln, Cologne&nbsp;&nbsp;0221",7:00 PM
Maroon 5,11:30 PM,http://events.myspace.com/Event/6918453/Capitol,03/03/2011,Capitol,Age Requirement: 0+,"63065 Offenbach, Offenbach&nbsp;&nbsp;069",7:00 PM
Maroon 5,11:30 PM,http://events.myspace.com/Event/6918582/Muffathalle,03/06/2011,Muffathalle,Age Requirement: 0+,"81667 München, Munich&nbsp;&nbsp;816",7:30 PM
Maroon 5,11:30 PM,http://events.myspace.com/Event/6918687/Grosse-Freiheit-36,03/12/2011,Grosse Freiheit 36,Age Requirement: 0+,"D-22767 Hamburg, Hamburg&nbsp;&nbsp;22767",7:00 PM
Maroon 5,11:30 PM,http://events.myspace.com/Event/6918813/DE-Huxleys,03/13/2011,DE Huxleys,Age Requirement: 0+,"10967 Berlin, Berlin&nbsp;&nbsp;10967",7:00 PM
Last Days of Summer,11:00 PM,http://events.myspace.com/Event/6948486/FREE-SHOW--Last-Days-of-Summer-with-Toxin-at-Jones-Beach,08/24/2011,Jones Beach Bandshell (Field 4),Come see Last Days of Summer playing with Toxin at the Jones Beach Bandshell for FREE!          	                	      	          	      	<br><br>  					    						Age Requirement: 0+,"New York, Wantagh, NY&nbsp;New York&nbsp;11793",7:00 AM
BACHATA HEIGHTZ,,http://events.myspace.com/Event/674127/ALBUM-RELEASE,,WORLDWIDE,"BACHATA HEIGHTZ WELL ANTICIPATED ALBUM ENTITLED ""THE FRIST""  OFFICIALLY DROPS TUESDAY NOVEMBER 24TH, 2009.. ALBUM PACKED WITH GREAT BACHATAS, SPECIAL FEATURING AND A BONUS MERENGUE.. TELL A FRIEND TO TELL A FRIEND.. BHZ FRESHMAN ALBUM DROPS NOV 24...",&nbsp;&nbsp,
Band Of Horses,10:00 PM,http://events.myspace.com/Event/7100216/Paradiso-Presale-starts-Wednesday-at-9am-GMT,02/23/2011,Paradiso: Presale starts Wednesday at 9am GMT,Age Requirement: 0+,"., Amsterdam&nbsp;.&nbsp;",7:00 PM
Slayer,,http://events.myspace.com/Event/6546831/Brisbane-Soundwave-Festival--RNA-Showgrounds,02/26/2011,Exhibition Building - Rna Showgrounds,,"Gregory Terrace, Bowen Hills&nbsp;QLD&nbsp;4006",
Slayer,,http://events.myspace.com/Event/6546833/Melbourne-Soundwave-Festival--Melbourne-Showgrounds,03/04/2011,Royal Melbourne Showgrounds,,"Epsom Rd, Ascot Vale&nbsp;VIC&nbsp;3032",
Slayer,,http://events.myspace.com/Event/6546835/Perth-Soundwave-Festival,03/07/2011,Steel Blue Oval,,&nbsp;&nbsp,
Every Avenue,11:30 PM,http://events.myspace.com/Event/6788941/Every-Avenue,02/26/2011,SOUNDWAVE FESTIVAL - RNA Showgrounds,Age Requirement: 0+,"600 Gregory Terrace, Brisbane&nbsp;QLD&nbsp;4006",12:00 PM
Every Avenue,11:30 PM,http://events.myspace.com/Event/6788974/Every-Avenue,02/27/2011,SOUNDWAVE FESTIVAL - Eastern Creek Raceway,Age Requirement: 0+,"2 Brabham Dr, Sydney&nbsp;NSW&nbsp;2677",12:00 PM
Every Avenue,11:30 PM,http://events.myspace.com/Event/6789007/Every-Avenue,03/04/2011,SOUNDWAVE FESTIVAL - Melbourne Showgrounds,Age Requirement: 0+,"Espom Rd, Melbourne&nbsp;VIC&nbsp;3032",12:00 PM
Every Avenue,11:30 PM,http://events.myspace.com/Event/6789033/Every-Avenue,03/05/2011,SOUNDWAVE FESTIVAL - Bonython Park,Age Requirement: 0+,"Port Rd, Adelaide&nbsp;SA&nbsp;5000",12:00 PM
Every Avenue,12:30 AM,http://events.myspace.com/Event/6789066/Every-Avenue,03/07/2011,SOUNDWAVE FESTIVAL - Steel Blue Oval,Age Requirement: 0+,"Corner Guilford Rd & West Rd, Perth&nbsp;WA&nbsp",1:00 PM
The Almost,9:00 PM,http://events.myspace.com/Event/7109172/Aaron-Acoustic,03/13/2011,Sunset Christian Center (Aaron Acoustic),Aaron Acoustic          	                	      	          	      	<br><br>  					    						Age Requirement: 0+,"6900 Destiny Drive, Rocklin&nbsp;CA&nbsp;95677",6:00 PM
THERE FOR TOMORROW,9:30 PM,http://events.myspace.com/Event/6533342/SOUNDWAVE-FESTIVAL-,03/07/2011,SOUNDWAVE FESTIVAL @ Steel Blue Oval,Age Requirement: 0+,"Guildford Road / West Road, Bassendean, Perth&nbsp;AU&nbsp;6054",11:30 AM
MxPx,,http://events.myspace.com/Event/6568834/MxPx-All-Stars,03/05/2011,Bonython Park,Soundwave Festival<br>Tickets on sale August 26th,"Port Rd, Adelaide&nbsp;SA&nbsp;5000",
Michael Bolton,11:00 PM,http://events.myspace.com/Event/5384425/Forest-Hills-Arts-Center-Grand-Rapids-MI,03/23/2011,Forest Hills Arts Center,Age Requirement: 0+,"TBA, Grand Rapids&nbsp;MI&nbsp;TB",7:00 PM
Esperanza Spalding,10:00 PM,http://events.myspace.com/Event/6970605/Chamber-Music-Society,02/25/2011,Newmark Theatre,Age Requirement: 0+,"1111 S.W. Broadway, Portland&nbsp;OR&nbsp;97201",8:00 PM
Esperanza Spalding,10:00 PM,http://events.myspace.com/Event/6970654/Chamber-Music-Society,02/26/2011,Bovard Auditorium- USC,Age Requirement: 0+,"3551 Trousdale Parkway, Los Angeles&nbsp;California&nbsp;90089",8:00 PM
Esperanza Spalding,10:00 PM,http://events.myspace.com/Event/6970748/Chamber-Music-Society,03/03/2011,Shaftman Performance Hall,Age Requirement: 0+,"541 Luck Ave SW, Roanoke&nbsp;VA&nbsp;24016",8:00 PM
Esperanza Spalding,10:00 PM,http://events.myspace.com/Event/6970776/Chamber-Music-Society,03/04/2011,Weinberg Center for the Arts,Age Requirement: 0+,"20 West Patrick Street, Frederick&nbsp;Maryland&nbsp;n",8:00 PM
Esperanza Spalding,10:00 PM,http://events.myspace.com/Event/6970804/Chamber-Music-Society,03/09/2011,Oberlin Finney Chapel,Age Requirement: 0+,"na, Oberlin&nbsp;Ohio&nbsp;n",8:00 PM
Esperanza Spalding,10:00 PM,http://events.myspace.com/Event/6970926/Chamber-Music-Society,03/11/2011,Music Hall,Age Requirement: 0+,"Detroit Center for the Performing Arts, 350 Madison St, Detroit&nbsp;MI&nbsp;48226",8:00 PM
Esperanza Spalding,10:00 PM,http://events.myspace.com/Event/6970986/Chamber-Music-Society,03/12/2011,Riz Theatre,Age Requirement: 0+,"na, Jacksonville&nbsp;Florida&nbsp;n",8:00 PM
George Winston,,http://events.myspace.com/Event/1774966/George-Winston,04/01/2011,Community Theatre,,"100 South St., Morristown&nbsp;New Jersey&nbsp;07960",
Mindi Abair,,http://events.myspace.com/Event/4876596/Dave-Koz-and-Friends-at-Sea,08/26/2011,Royal Carribean International,,Gig Harbor&nbsp;WA&nbsp;98335,
John Michael Montgomery,,http://events.myspace.com/Event/6399389/John-Michael-Montgomery-Concert,03/29/2011,Sioux Falls Orpheum Theater,,"315 N Phillips Ave, Sioux Falls&nbsp;SD&nbsp;57104",
Richard Elliot,12:00 PM,http://events.myspace.com/Event/5362362/Richard-Elliot,04/02/2011,Pfeiffer Hall at North Central College,**Times subject to change          	                	      	          	      	<br><br>  					    						Age Requirement: 0+,"30 N Brainard St, Naperville&nbsp;IL&nbsp;60540",11:00 AM
RICHARD BONA,11:00 PM,http://events.myspace.com/Event/6851926/RICHARD-BONA-GROUP-TEL-AVIV-ISRAEL,04/22/2011,ISRAEL OPERA HOUSE...TEL AVIV...ISRAEL,RICHARD BONA GROUP          	                	      	          	      	<br><br>  					    						Age Requirement: 0+,"19 Shaul Hamelech St., TEL AVIV&nbsp;&nbsp;8765",8:00 PM
Bill Frisell,10:30 PM,http://events.myspace.com/Event/4928103/The-Music-of-Speedy-West-and-Jimmy-Bryant,02/26/2011,Wexner Center for the Arts,"NOT SO FAST<br>The Music of Speedy West and Jimmy Bryant<br>With Bill Frisell, Greg Leisz, Dennis Crouch and Don Heffington<br>http://wexarts.org/          	                	      	          	      	<br><br>  					    						Age Requirement: 0+",Columbus&nbsp;OH&nbsp,8:00 PM
Bill Frisell,10:30 PM,http://events.myspace.com/Event/4928216/Bill-Frisell-Trio-featuring-Tony-Scherr--Kenny-Wollesen-takes-on-Keaton-Woodring-and-Morrison,04/02/2011,UCLA Live,"Bill Frisell Trio featuring Tony Scherr & Kenny Wollesen takes on Keaton,<br>Woodring and Morrison          	                	      	          	      	<br><br>  					    						Age Requirement: 0+","Royce Hall, Los Angeles&nbsp;CA&nbsp",7:30 PM
Jordyn Mallory,12:00 PM,http://events.myspace.com/Event/6867319/JessieMarieKyle-Wedding,05/14/2011,Jessie-Marie/Kyle Wedding,Age Requirement: 0+,"12345, Okolona&nbsp;Mississippi&nbsp;38860",11:00 AM
JASON DERULO,11:00 PM,http://events.myspace.com/Event/7252267/Glasgow,02/23/2011,O2 Academy,FAN PRESALE:<br>Get tickets at http://wbr.fm/JDUK2010          	                	      	          	      	<br><br>  					    						Age Requirement: 0+,"121 Eglinton Street, Glasgow&nbsp;UK&nbsp",7:00 PM
JASON DERULO,10:00 PM,http://events.myspace.com/Event/7252293/Manchester,02/25/2011,Apollo,FAN PRESALE:<br>Get tickets at http://wbr.fm/JDUK2010          	                	      	          	      	<br><br>  					    						Age Requirement: 0+,"Ardwick Green, Manchester&nbsp;United Kin&nbsp",7:00 PM
JASON DERULO,10:00 PM,http://events.myspace.com/Event/7252322/Cardiff,02/28/2011,CIA,FAN PRESALE:<br>Get tickets at http://wbr.fm/JDUK2010          	                	      	          	      	<br><br>  					    						Age Requirement: 0+,"Mary Ann Street, Cardiff&nbsp;CF&nbsp",7:00 PM
JASON DERULO,10:00 PM,http://events.myspace.com/Event/7252352/London,03/01/2011,HMV Hammersmith Apollo,FAN PRESALE:<br>Get tickets at http://wbr.fm/JDUK2010          	                	      	          	      	<br><br>  					    						Age Requirement: 0+,"45 Queen Caroline Street, London&nbsp;UK&nbsp",7:00 PM
Lady Gaga,10:30 PM,http://events.myspace.com/Event/7166946/THE-MONSTER-BALL-at-THE-MONSTER-BALL-at-Estadio-3-de-Marzo,05/03/2011,Estadio 3 de Marzo,Age Requirement: 0+,"Estadio 3 de Marzo, Guadalajara&nbsp;JAL&nbsp;77003",8:00 PM
Lady Gaga,10:30 PM,http://events.myspace.com/Event/7167054/THE-MONSTER-BALL-at-Foro-Sol,05/05/2011,Foro Sol,Age Requirement: 0+,"Viaducto Piedad y Río Churubusco S/S Cd Deportiva Distrito Federal, Mexico City&nbsp;DF&nbsp;08400",8:00 PM
311,10:00 PM,http://events.myspace.com/Event/7162294/311-Caribbean-Cruise,03/03/2011,Caribbean Cruise / Lido Deck,www.311Cruise.com          	                	      	          	      	<br><br>  					    						Age Requirement: 0+,"-, Miami to Turks & Caicos Islands&nbsp;-&nbsp;",6:00 PM
311,10:00 PM,http://events.myspace.com/Event/7162336/311-Caribbean-Cruise,03/04/2011,Caribbean Cruise / Palladium Theatre,www.311Cruise.com          	                	      	          	      	<br><br>  					    						Age Requirement: 0+,"-, Miami to Turks & Caicos Islands&nbsp;-&nbsp;",6:00 PM
311,10:00 PM,http://events.myspace.com/Event/7162368/311-Caribbean-Cruise,03/05/2011,Caribbean Cruise / Palladium Theatre,www.311Cruise.com          	                	      	          	      	<br><br>  					    						Age Requirement: 0+,"-, Turks & Caicos Islands&nbsp;-&nbsp;",6:00 PM
311,6:00 PM,http://events.myspace.com/Event/7162414/311-Caribbean-Cruise,03/06/2011,Caribbean Cruise / Q&A on Lido deck,www.311Cruise.com          	                	      	          	      	<br><br>  					    						Age Requirement: 0+,"-, Turks & Caicos Islands to Miami&nbsp;-&nbsp;",3:00 PM
Damian Jr Gong Marley,,http://events.myspace.com/Event/7211950/Damian-Marley,04/11/2011,Paradiso,,Amsterdam&nbsp;Noord-Holl&nbsp;1017,
The Marshall Tucker Band,10:00 PM,http://events.myspace.com/Event/7276288/Marshall-Tucker-Band,05/15/2011,Frank Brown Park,Age Requirement: 0+,"Panama City Beach, Panama City Beach&nbsp;FL&nbsp;32405",8:00 PM
The Outlaws,10:00 PM,http://events.myspace.com/Event/7286958/Colony-Theater,05/06/2011,Colony Theater,Age Requirement: 18+,"500 Bayside Avenue, Rockaway Point&nbsp;NY&nbsp;11697",8:00 PM
The Outlaws,11:30 PM,http://events.myspace.com/Event/6814915/National-Building-Museum-Private,05/07/2011,National Building Museum (Private),Age Requirement: 0+,"401 F Street NW, Washington&nbsp;DC&nbsp;20001",10:00 PM
The Outlaws,10:00 PM,http://events.myspace.com/Event/7286662/Rams-Head-On-Stage-,05/08/2011,Rams Head On Stage,Age Requirement: 21+,"33 West Street, Annapolis&nbsp;MD&nbsp;21401",8:00 PM
The Outlaws,10:00 PM,http://events.myspace.com/Event/7288654/Panama-City-Beach-Gulf-Coast-Jam-2011,05/15/2011,Panama City Beach Gulf Coast Jam 2011,Age Requirement: 0+,"Frank Brown Park 16200 Panama City Beach, Panama City Beach&nbsp;FL&nbsp;32405",4:00 PM
Roger Waters,,http://events.myspace.com/Event/5305286/Roger-Waters,03/25/2011,Palacio de Deportes,,&nbsp;&nbsp,
Roger Waters,,http://events.myspace.com/Event/5305287/Roger-Waters,03/29/2011,Palau Sant Jordi,,"Passeig Olímpic, 5, Barcelona&nbsp;&nbsp;08038",
Roger Waters,,http://events.myspace.com/Event/4876484/Roger-Waters,04/02/2011,Mediolanum Forum,,"Via Giuseppe Di Vittorio, 6, Rozzano&nbsp;Lombardia&nbsp;20089",
Roger Waters,,http://events.myspace.com/Event/4876485/Roger-Waters,04/03/2011,Mediolanum Forum,,"Via Giuseppe Di Vittorio, 6, Rozzano&nbsp;Lombardia&nbsp;20089",
Roger Waters,,http://events.myspace.com/Event/5276865/Roger-Waters,04/04/2011,Mediolanum Forum,,"Via Giuseppe Di Vittorio, 6, Rozzano&nbsp;Lombardia&nbsp;20089",
Roger Waters,,http://events.myspace.com/Event/5514924/Roger-Waters,04/05/2011,Mediolanum Forum,,"Via Giuseppe Di Vittorio, 6, Rozzano&nbsp;Lombardia&nbsp;20089",
Roger Waters,,http://events.myspace.com/Event/5058938/Roger-Waters,04/09/2011,Gelredome,,Arnhem&nbsp;Gelderland&nbsp;6841,
Roger Waters,,http://events.myspace.com/Event/5453141/Roger-Waters,04/15/2011,O2 Arena,,Praha&nbsp;Hlavní měs&nbsp;190,
Roger Waters,,http://events.myspace.com/Event/5928540/Roger-Waters,04/23/2011,Актовый Зал,,город Москва&nbsp;Московская&nbsp,
Roger Waters,,http://events.myspace.com/Event/5130229/Roger-Waters,04/25/2011,Ледовый Дворец,,Saint Petersburg&nbsp;Sankt-Pete&nbsp,
Roger Waters,,http://events.myspace.com/Event/7120318/Roger-Waters,04/27/2011,Hartwall Areena,,"Areenankuja, Helsínquia&nbsp;Southern F&nbsp;00240",
Roger Waters,,http://events.myspace.com/Event/7036198/Roger-Waters,05/05/2011,Globe Arenas Annexet,,"Globentorget 2, Stockholm&nbsp;&nbsp",
Roger Waters,,http://events.myspace.com/Event/4876486/Roger-Waters,05/14/2011,O2 arena,,"London Rd, Liverpool&nbsp;Liverpool&nbsp;L3 8",
Roger Waters,,http://events.myspace.com/Event/4876487/Roger-Waters,05/15/2011,O2 arena,,"London Rd, Liverpool&nbsp;Liverpool&nbsp;L3 8",
Roger Waters,,http://events.myspace.com/Event/4876048/Roger-Waters,05/28/2011,Sportpaleis,,Antwerp&nbsp;Flemish Re&nbsp,
Roger Waters,,http://events.myspace.com/Event/4876358/Roger-Waters,06/04/2011,SAP Arena,,Mannheim&nbsp;Baden-Würt&nbsp;68163,
Roger Waters,,http://events.myspace.com/Event/4876047/Roger-Waters,06/07/2011,Hallenstadion-Oerlikon,,"Wallisellenstrasse 45, Zürich&nbsp;Zurich&nbsp;8050",
Roger Waters,,http://events.myspace.com/Event/6414775/Roger-Waters,06/11/2011,Color Line Arena,,Hamburg&nbsp;Hamburg&nbsp;22525,
Roger Waters,,http://events.myspace.com/Event/7148779/Roger-Waters,06/13/2011,MCH Herning,,"Vardevej 1, Herning&nbsp;Midtjyllan&nbsp;7400",
Roger Waters,,http://events.myspace.com/Event/4876360/Roger-Waters,06/16/2011,O2 World,,Berlin&nbsp;Berlin&nbsp;13187,
Roger Waters,,http://events.myspace.com/Event/7211901/Roger-Waters,06/24/2011,Hallenstadion-Oerlikon,,"Wallisellenstrasse 45, Zürich&nbsp;Zurich&nbsp;8050",
Alesana,11:00 PM,http://events.myspace.com/Event/6531485/Soundwave-2011,03/07/2011,Soundwave 2011 - Steel Blue Oval,Age Requirement: 0+,"Corner Guilford Road & West Road, Bassendean Perth&nbsp;WA&nbsp",12:00 PM
We The Kings,11:00 PM,http://events.myspace.com/Event/7293402/We-The-Kings,02/26/2011,Soundwave Festival,Age Requirement: 0+,"-, Brisbane&nbsp;-&nbsp;",8:00 PM
We The Kings,11:00 PM,http://events.myspace.com/Event/7293446/We-The-Kings,02/27/2011,Soundwave Festival,Age Requirement: 0+,"-, Sydney&nbsp;-&nbsp;",8:00 PM
We The Kings,11:00 PM,http://events.myspace.com/Event/7293474/We-The-Kings,03/04/2011,Soundwave Festival,Age Requirement: 0+,"-, Melbourne&nbsp;-&nbsp;",8:00 PM
We The Kings,11:00 PM,http://events.myspace.com/Event/7293503/We-The-Kings,03/05/2011,Soundwave Festival,Age Requirement: 0+,"-, Adelaide&nbsp;-&nbsp;",8:00 PM
We The Kings,11:00 PM,http://events.myspace.com/Event/7293536/We-The-Kings,03/07/2011,Soundwave Festival,Age Requirement: 0+,"-, Perth&nbsp;-&nbsp;",8:00 PM
Carolyn Wonderland,,http://events.myspace.com/Event/3939508/Live-Shows,05/06/2011,Please Scroll Down for Accurate Concert Dates!,Age Requirement: 0+,"600 West 6th St., Austin&nbsp;TX&nbsp;78746",
Los Lonely Boys,,http://events.myspace.com/Event/7277770/McCain-Auditorium,04/08/2011,McCain Auditorium,All Ages.  Doors 7pm.,"207 McCain Auditorium, Manhattan&nbsp;KS&nbsp;66506",
Jonny Lang,10:00 PM,http://events.myspace.com/Event/4716484/Jonny-Lang,02/24/2011,Sunset Center,On Sale 7/9/2010          	                	      	          	      	<br><br>  					    						Age Requirement: 0+,"San Carlos St & 9th Ave, Carmel-by-the-Sea&nbsp;CA&nbsp;93921",8:00 PM
Jonny Lang,10:00 PM,http://events.myspace.com/Event/4716487/Jonny-Lang,02/26/2011,Cache Creek Casino Resort,Age Requirement: 0+,"Hwy 16, Brooks&nbsp;CA&nbsp;95606",8:00 PM
Jonny Lang,9:00 PM,http://events.myspace.com/Event/4716480/Jonny-Lang,02/27/2011,Laxson Auditorium,Age Requirement: 0+,"W 1st St, Chico&nbsp;CA&nbsp;95928",7:00 PM
Jonny Lang,11:30 PM,http://events.myspace.com/Event/7202895/Jonny-Lang,04/07/2011,The Fillmore,Age Requirement: 0+,"820 Hamilton St, Charlotte&nbsp;NC&nbsp;28206",7:00 PM
Jonny Lang,11:00 PM,http://events.myspace.com/Event/7202843/Jonny-Lang,04/09/2011,Vinoy Park,Tampa Bay Blues Festival          	                	      	          	      	<br><br>  					    						Age Requirement: 0+,"7th Avenue St, St.Petersburg&nbsp;Florida&nbsp;33701",12:00 PM
Jonny Lang,10:30 PM,http://events.myspace.com/Event/7202795/Jonny-Lang,04/23/2011,Alys Robinson Stephens PAC,Reschedule from August 2010          	                	      	          	      	<br><br>  					    						Age Requirement: 0+,"1200 10th Ave. S., Birmingham&nbsp;Alabama&nbsp;35294",7:00 PM
Jonny Lang,11:30 PM,http://events.myspace.com/Event/4716489/Jonny-Lang,09/17/2011,Harvest Jazz & Blues Festival,Harvest Jazz & Blues Festival          	                	      	          	      	<br><br>  					    						Age Requirement: 0+,"81 Regent St, Fredericton&nbsp;NB&nbsp;E3B6y8",10:00 PM
Dondria,10:00 PM,http://events.myspace.com/Event/6473872/Youre-the-one-Concert,04/01/2011,TBAAL,Age Requirement: 0+,"., Dallas&nbsp;TX&nbsp;",6:00 PM
Social Distortion,11:30 PM,http://events.myspace.com/Event/7161468/Social-Distortion,02/26/2011,Soundwave Festival - RNA Showgrounds,This show is ALL AGES. Tickets are ON SALE NOW and are available on-line through:<br><br>http://premier.ticketek.com.au/<br><br>Click the link below for a complete line-up and all other Soundwave Festival information.<br><br>http://soundwavefestival.oztix.com.au/Default.aspx          	                	      	          	      	<br><br>  					    						Age Requirement: 0+,"600 Gregory Tce, Brisbane&nbsp;Queensland&nbsp;4006",12:00 PM
Social Distortion,11:30 PM,http://events.myspace.com/Event/7161553/Social-Distortion,02/27/2011,Soundwave Festival - Eastern Creek Raceway,This show is ALL AGES. Tickets are ON SALE NOW and are available on-line through:<br><br>http://premier.ticketek.com.au/<br><br>Click the link below for a complete line-up and all other Soundwave Festival information.<br><br>http://soundwavefestival.oztix.com.au/Default.aspx          	                	      	          	      	<br><br>  					    						Age Requirement: 0+,"Brabham Drive/Ferrers Road, Sydney&nbsp;New South&nbsp;2677",12:00 PM
Social Distortion,11:30 PM,http://events.myspace.com/Event/7161682/Social-Distortion,03/04/2011,Soundwave Festival - Melbourne Showgrounds,This show is ALL AGES. Tickets are ON SALE NOW and are available on-line through:<br><br>http://premier.ticketek.com.au/<br><br>Click the link below for a complete line-up and all other Soundwave Festival information.<br><br>http://soundwavefestival.oztix.com.au/Default.aspx          	                	      	          	      	<br><br>  					    						Age Requirement: 0+,"Epsom Road, Melbourne&nbsp;Victoria&nbsp;3032",12:00 PM
Social Distortion,11:30 PM,http://events.myspace.com/Event/7161769/Social-Distortion,03/05/2011,Soundwave Festival - Bonython Park,This show is ALL AGES. Tickets are ON SALE NOW and are available on-line through:<br><br>http://premier.ticketek.com.au/<br><br>Click the link below for a complete line-up and all other Soundwave Festival information.<br><br>http://soundwavefestival.oztix.com.au/Default.aspx          	                	      	          	      	<br><br>  					    						Age Requirement: 0+,"Port Road, Adelaide&nbsp;South Aust&nbsp",12:00 PM
Social Distortion,11:30 PM,http://events.myspace.com/Event/7162234/Social-Distortion,03/07/2011,Soundwave Festival - Steel Blue Oval,This show is ALL AGES. Tickets are ON SALE NOW and are available on-line through:<br><br>http://premier.ticketek.com.au/<br><br>Click the link below for a complete line-up and all other Soundwave Festival information.<br><br>http://soundwavefestival.oztix.com.au/Default.aspx          	                	      	          	      	<br><br>  					    						Age Requirement: 0+,"Corner of Guildford Road & West Road, Perth&nbsp;Western Au&nbsp;6101",12:00 PM
The Two Man Gentlemen Band,10:00 PM,http://events.myspace.com/Event/6481880/Updated-Schedule,12/31/2011,Updated Schedule at TheTwoGentlemen.com!,Age Requirement: 0+,"., .&nbsp;.&nbsp;",6:00 PM
Lady Gaga,11:30 PM,http://events.myspace.com/Event/7341091/The-Monster-Ball-at-Foro-Sol,05/06/2011,Foro Sol,Age Requirement: 0+,"Calle Viaducto Río de la Piedad, Mexico City&nbsp;DF&nbsp;",7:00 PM
Maroon 5,11:30 PM,http://events.myspace.com/Event/7379852/Grand-Canal-Theatre,02/24/2011,Grand Canal Theatre,Age Requirement: 0+,"Grand Canal Square, Dublin&nbsp;&nbsp",7:00 PM
Maroon 5,11:30 PM,http://events.myspace.com/Event/7379971/Rockhal-Box,02/26/2011,Rockhal Box,Age Requirement: 0+,"Rockhal Box, Luxembourg&nbsp;&nbsp",7:00 PM
Maroon 5,11:30 PM,http://events.myspace.com/Event/7390908/Heineken-Music-Hall,02/28/2011,Heineken Music Hall,Age Requirement: 0+,"Amsterdam Zuid-Oost, Amsterdam&nbsp;&nbsp;Heineken Music Hal",7:00 PM
Maroon 5,11:30 PM,http://events.myspace.com/Event/7380152/Casino-de-Paris,03/02/2011,Casino de Paris,Age Requirement: 0+,"Casino de Paris, Paris&nbsp;&nbsp;Casino de Pari",7:00 PM
Maroon 5,11:30 PM,http://events.myspace.com/Event/7380271/Volkshaus,03/04/2011,Volkshaus,Age Requirement: 0+,"Volkshaus, Zurich&nbsp;&nbsp;Volkshau",6:30 PM
Maroon 5,11:30 PM,http://events.myspace.com/Event/7380342/Gasometer,03/07/2011,Gasometer,Age Requirement: 0+,"Gasometer, Vienna&nbsp;&nbsp;Gasomete",7:00 PM
Maroon 5,11:30 PM,http://events.myspace.com/Event/7380379/Alactraz,03/09/2011,Alactraz,Age Requirement: 0+,"Alactraz, Milan&nbsp;Alactraz&nbsp;Alactra",7:00 PM
Maroon 5,11:30 PM,http://events.myspace.com/Event/7380461/Store-Vega,03/14/2011,Store Vega,Age Requirement: 0+,"Store Vega, Copenhagen&nbsp;&nbsp",7:00 PM
Maroon 5,11:30 PM,http://events.myspace.com/Event/7380516/Kulttuuritalo-House-of-Culture,03/16/2011,Kulttuuritalo (House of Culture),Age Requirement: 0+,"Kulttuuritalo (House of Culture), Helsinki&nbsp;&nbsp",7:00 PM
Reckless Kelly,10:00 PM,http://events.myspace.com/Event/7268209/Reckless-Kelly,03/11/2011,Luckenbach Texas,Age Requirement: 0+,"412 Luckenbach Town Loop, Fredericksburg&nbsp;Texas&nbsp;78624",9:00 PM
BlackHawk,11:00 PM,http://events.myspace.com/Event/6796381/Osceola-Heritage-Park,02/25/2011,Osceola Heritage Park,Age Requirement: 0+,"1875 Silver Spur Lane, Kissimmee&nbsp;FL&nbsp;34744",7:00 PM
BlackHawk,10:00 PM,http://events.myspace.com/Event/7288792/Spirit-Lake-Casino--Resort,05/14/2011,Spirit Lake Casino & Resort,Age Requirement: 0+,"7889 Highway 57, Saint Michael&nbsp;ND&nbsp;58370",6:00 PM
BLACKBERRY SMOKE,4:00 PM,http://events.myspace.com/Event/6216434/Blackberry-Smoke-Show,04/30/2011,Old Glory Harley Davidson,Age Requirement: 0+,"11800 Laurel Bowie Rd, Laurel&nbsp;Md&nbsp;20757",2:00 PM
Maroon 5,,http://events.myspace.com/Event/7405739/Rockhal-Box,02/26/2011,Rockhal,,Luxembourg&nbsp;Luxembourg&nbsp,
Maroon 5,,http://events.myspace.com/Event/7405899/Heineken-Music-Hall,02/28/2011,Heineken Music Hall,,Amsterdam&nbsp;North Holl&nbsp;1101,
Maroon 5,,http://events.myspace.com/Event/7405740/Casino-de-Paris,03/02/2011,CASINO DE PARIS,,"16 Rue de Clichy, Paris&nbsp;Ile-de-Fra&nbsp;75009",
Maroon 5,,http://events.myspace.com/Event/7405741/Volkshaus,03/04/2011,Volkshaus,,"Volkshaus, Stauffacherstrasse 60, Zürich&nbsp;&nbsp;8004",
Maroon 5,,http://events.myspace.com/Event/7405742/Gasometer,03/07/2011,Gasometer,,&nbsp;&nbsp,
Maroon 5,,http://events.myspace.com/Event/7405743/Alcatraz,03/09/2011,Alcatraz,,Milan&nbsp;Lombardy&nbsp,
We The Kings,10:00 PM,http://events.myspace.com/Event/7293536/We-The-Kings,03/07/2011,Soundwave Festival,Age Requirement: 0+,"-, Perth&nbsp;-&nbsp;",7:00 PM
The Black Keys,11:30 PM,http://events.myspace.com/Event/7399428/The-Black-Keys,03/16/2011,L'Olympic,on sale 9/15          	                	      	          	      	<br><br>  					    						Age Requirement: 0+,"30 Place Jean Macé, Nantes&nbsp;France&nbsp;44100",7:30 PM
The Black Keys,11:30 PM,http://events.myspace.com/Event/7399979/The-Black-Keys,03/24/2011,Rote Fabrik - Aktionshalle,on sale 9/15          	                	      	          	      	<br><br>  					    						Age Requirement: 0+,"Seestrasse 395, Zürich&nbsp;&nbsp;Züric",7:00 PM
The Black Keys,11:30 PM,http://events.myspace.com/Event/7400221/The-Black-Keys,03/25/2011,L'Aeronef,Age Requirement: 0+,"59000 Lille, France, Lille&nbsp;France&nbsp;59000",7:00 PM
SCAR SYMMETRY,10:00 AM,http://events.myspace.com/Event/7016105/Dantes-Highlight,10/16/2010,Dante's Highlight,SCAR SYMMETRY (SWE)<br>BLOOD RED HOURGLASS (FIN)<br>HYPOTHESIS (FIN)          	                	      	          	      	<br><br>  					    						Age Requirement: 0+,"., .&nbsp;&nbsp",9:00 AM
Michael Bolton,11:00 PM,http://events.myspace.com/Event/7381883/Kentucky-Center-Louisville-KY,03/13/2011,Kentucky Center,Age Requirement: 0+,"tba, Louisville&nbsp;KY&nbsp;tb",7:00 PM
Michael Bolton,11:00 PM,http://events.myspace.com/Event/7381833/Kent-State-University-New-Philadelphia-OH,03/17/2011,Kent State University,Age Requirement: 0+,"tba, New Philadelphia&nbsp;OH&nbsp;tb",7:00 PM
Rush Of Fools,,http://events.myspace.com/Event/3374841/Rush-Of-Fools,02/25/2011,Long Hollow Baptist Church - Leadership Rocks,,"3031 Long Hollow Road, Hendersonville&nbsp;Tennessee &nbsp;37075",
Rush Of Fools,9:00 PM,http://events.myspace.com/Event/7006093/Rush-Of-Fools,02/26/2011,Long Hollow Baptist Church- Leadership Rocks,Age Requirement: 0+,"3031 Long Hollow Road, Hendersonville&nbsp;TN&nbsp;37075",7:00 PM
Rush Of Fools,,http://events.myspace.com/Event/5363143/Student-Leadership-Conference,03/04/2011,First Baptist Church,Age Requirement: 0+,"940 Main Street, Glendale&nbsp;AL&nbsp;35071",
Rush Of Fools,6:30 PM,http://events.myspace.com/Event/5857581/Rush-Of-Fools,04/02/2011,Regional Workforce Development Center,"For more info, call: 757-242-4131          	                	      	          	      	<br><br>  					    						Age Requirement: 0+","100 North College Drive, Franklin&nbsp;VA&nbsp;23851",5:00 PM
Rush Of Fools,9:00 PM,http://events.myspace.com/Event/7101042/Rush-Of-Fools,04/09/2011,Steele Creek Presbyterian Church,Age Requirement: 0+,"7407 Steele Creek Road, Charlotte&nbsp;NC&nbsp;28217",7:00 PM
Rush Of Fools,10:00 PM,http://events.myspace.com/Event/1978636/Rush-Of-Fools,05/20/2011,Sav-A-Life - &quot;Life Matters&quot; Banquet & Benefit Concert,Age Requirement: 0+,"13 East 13th, Anniston&nbsp;Alabama&nbsp;36201",8:00 PM
Rush Of Fools,,http://events.myspace.com/Event/1899997/Rush-Of-Fools,06/13/2011,Ridgecrest Conference Center - Fuge Camp,,"1 Ridgecrest Drive, Ridgecrest&nbsp;North Carolina&nbsp;28770",
Rush Of Fools,,http://events.myspace.com/Event/1900025/Rush-Of-Fools,06/14/2011,Ridgecrest Conference Center - Fuge Camp,,"1 Ridgecrest Drive, Ridgecrest&nbsp;North Carolina&nbsp;28770",
Rush Of Fools,,http://events.myspace.com/Event/1900048/Rush-Of-Fools,06/15/2011,Ridgecrest Conference Center - Fuge Camp,,"1 Ridgecrest Drive, Ridgecrest&nbsp;North Carolina&nbsp;28770",
Rush Of Fools,,http://events.myspace.com/Event/1900061/Rush-Of-Fools,06/16/2011,Ridgecrest Conference Center - Fuge Camp,,"1 Ridgecrest Drive, Ridgecrest&nbsp;North Carolina&nbsp;28770",
Rush Of Fools,,http://events.myspace.com/Event/1900072/Rush-Of-Fools,06/17/2011,Ridgecrest Conference Center - Fuge Camp,,"1 Ridgecrest Drive, Ridgecrest&nbsp;North Carolina&nbsp;28770",
Rush Of Fools,,http://events.myspace.com/Event/1900087/Rush-Of-Fools,06/18/2011,Ridgecrest Conference Center - Fuge Camp,,"1 Ridgecrest Drive, Ridgecrest&nbsp;North Carolina&nbsp;28770",
Rush Of Fools,,http://events.myspace.com/Event/1901043/Rush-Of-Fools,06/20/2011,Ridgecrest Conference Center - Fuge Camp,,"1 Ridgecrest Drive, Ridgecrest&nbsp;North Carolina&nbsp;28770",
Rush Of Fools,,http://events.myspace.com/Event/1901714/Rush-Of-Fools,06/21/2011,Ridgecrest Conference Center - Fuge Camp,,"1 Ridgecrest Drive, Ridgecrest&nbsp;North Carolina&nbsp;28770",
Rush Of Fools,,http://events.myspace.com/Event/1901730/Rush-Of-Fools,06/22/2011,Ridgecrest Conference Center - Fuge Camp,,"1 Ridgecrest Drive, Ridgecrest&nbsp;North Carolina&nbsp;28770",
Rush Of Fools,,http://events.myspace.com/Event/1901751/Rush-Of-Fools,06/23/2011,Ridgecrest Conference Center - Fuge Camp,,"1 Ridgecrest Drive, Ridgecrest&nbsp;North Carolina&nbsp;28770",
Rush Of Fools,,http://events.myspace.com/Event/1901770/Rush-Of-Fools,06/24/2011,Ridgecrest Conference Center - Fuge Camp,,"1 Ridgecrest Drive, Ridgecrest&nbsp;North Carolina&nbsp;28770",
Rush Of Fools,,http://events.myspace.com/Event/1901780/Rush-Of-Fools,06/25/2011,Ridgecrest Conference Center - Fuge Camp,,"1 Ridgecrest Drive, Ridgecrest&nbsp;North Carolina&nbsp;28770",
Rush Of Fools,,http://events.myspace.com/Event/1901795/Rush-Of-Fools,07/04/2011,Ridgecrest Conference Center - Fuge Camp,,"1 Ridgecrest Drive, Ridgecrest&nbsp;North Carolina&nbsp;28770",
Rush Of Fools,,http://events.myspace.com/Event/1901805/Rush-Of-Fools,07/05/2011,Ridgecrest Conference Center - Fuge Camp,,"1 Ridgecrest Drive, Ridgecrest&nbsp;North Carolina&nbsp;28770",
Rush Of Fools,,http://events.myspace.com/Event/1901829/Rush-Of-Fools,07/06/2011,Ridgecrest Conference Center - Fuge Camp,,"1 Ridgecrest Drive, Ridgecrest&nbsp;North Carolina&nbsp;28770",
Rush Of Fools,,http://events.myspace.com/Event/1901867/Rush-Of-Fools,07/07/2011,Ridgecrest Conference Center - Fuge Camp,,"1 Ridgecrest Drive, Ridgecrest&nbsp;North Carolina&nbsp;28770",
Rush Of Fools,,http://events.myspace.com/Event/1901843/Rush-Of-Fools,07/08/2011,Ridgecrest Conference Center - Fuge Camp,,"1 Ridgecrest Drive, Ridgecrest&nbsp;North Carolina&nbsp;28770",
Rush Of Fools,,http://events.myspace.com/Event/1935592/Rush-Of-Fools,07/11/2011,Cedarville College - Student Life Camp 2011,,"251 N Main St, Cedarville&nbsp;Ohio &nbsp;45314",
Rush Of Fools,,http://events.myspace.com/Event/1935610/Rush-Of-Fools,07/12/2011,Cedarville College - Student Life Camp 2011,,"251 N Main St, Cedarville&nbsp;Ohio &nbsp;45314",
Rush Of Fools,,http://events.myspace.com/Event/1935658/Rush-Of-Fools,07/13/2011,Cedarville College - Student Life Camp 2011,,"251 N Main St, Cedarville&nbsp;Ohio &nbsp;45314",
Rush Of Fools,,http://events.myspace.com/Event/1935644/Rush-Of-Fools,07/14/2011,Cedarville College - Student Life Camp 2011,,"251 N Main St, Cedarville&nbsp;Ohio &nbsp;45314",
Rush Of Fools,,http://events.myspace.com/Event/1935675/Rush-Of-Fools,07/15/2011,Cedarville College - Student Life Camp 2011,,"251 N Main St, Cedarville&nbsp;Ohio &nbsp;45314",
Rush Of Fools,,http://events.myspace.com/Event/1935704/Rush-Of-Fools,07/18/2011,Liberty University - Student Life Camp 2011,,"1971 University Blvd, Lynchburg&nbsp;Virginia &nbsp;24502",
Rush Of Fools,,http://events.myspace.com/Event/1935691/Rush-Of-Fools,07/19/2011,Liberty University - Student Life Camp 2011,,"1971 University Blvd, Lynchburg&nbsp;Virginia &nbsp;24502",
Rush Of Fools,,http://events.myspace.com/Event/1935744/Rush-Of-Fools,07/20/2011,Liberty University - Student Life Camp 2011,,"1971 University Blvd, Lynchburg&nbsp;Virginia &nbsp;24502",
Rush Of Fools,,http://events.myspace.com/Event/1935769/Rush-Of-Fools,07/21/2011,Liberty University - Student Life Camp 2011,,"1971 University Blvd, Lynchburg&nbsp;Virginia &nbsp;24502",
Rush Of Fools,,http://events.myspace.com/Event/1935799/Rush-Of-Fools,07/22/2011,Liberty University - Student Life Camp 2011,,"1971 University Blvd, Lynchburg&nbsp;Virginia &nbsp;24502",
Rush Of Fools,,http://events.myspace.com/Event/6388165/Senecaville-OH--Youth-Evangelism-Conference,07/25/2011,Seneca Lake Baptist Assembly,"For concert info, call: 614-827-1746          	                	      	          	      	<br><br>  					    						Age Requirement: 0+","55819 Skyline Drive, Senecaville&nbsp;OH&nbsp;43780",
Trans-Siberian Orchestra,,http://events.myspace.com/Event/5382247/TransSiberian-Orchestra,03/17/2011,Zenith,,"die Kulturhalle, München&nbsp;Bayern&nbsp;80939",
Trans-Siberian Orchestra,,http://events.myspace.com/Event/5382248/TransSiberian-Orchestra,03/19/2011,Schleyer-Halle,,Stuttgart&nbsp;Baden-Würt&nbsp,
Trans-Siberian Orchestra,,http://events.myspace.com/Event/5586756/TransSiberian-Orchestra,03/22/2011,Tempodrom,,Berlin&nbsp;Berlin&nbsp;10963,
Trans-Siberian Orchestra,,http://events.myspace.com/Event/5382249/TransSiberian-Orchestra,03/23/2011,Congress Centrum Hamburg,,"Saal 1, Dammtordamm, Hamburg&nbsp;Hamburg&nbsp;20354",
Trans-Siberian Orchestra,,http://events.myspace.com/Event/5382250/TransSiberian-Orchestra,03/24/2011,Philipshalle Düsseldorf,,Düsseldorf&nbsp;North Rhin&nbsp,
Trans-Siberian Orchestra,,http://events.myspace.com/Event/5912164/TransSiberian-Orchestra,03/26/2011,Heineken Music Hall,,Amsterdam&nbsp;North Holl&nbsp;1101,
Billy Vera,11:00 PM,http://events.myspace.com/Event/7046894/Arcadia-Blues-Club,03/12/2011,Arcadia Blues Club,Dancing too!!          	                	      	          	      	<br><br>  					    						Age Requirement: 0+,"16 East Hunington Drive, Arcadia&nbsp;CA&nbsp;91006",9:00 PM
ATTIKA 7,,http://events.myspace.com/Event/6946677/Fandom-Music--Film-Festival,06/09/2011,Alexis Park Resort,Age Requirement: 0+,"375 E. Harmon Ave., Las Vegas&nbsp;NV&nbsp;89109",
KATAKLYSM,,http://events.myspace.com/Event/7398309/Kataklysm,05/06/2011,Slaughter Camp Open Air Festival,Age Requirement: 0+,"n/a, Johannesburg&nbsp;&nbsp",
KATAKLYSM,,http://events.myspace.com/Event/7398345/Kataklysm,05/13/2011,Slaughter Camp Open Air Festival,Age Requirement: 0+,"n/a, Cape Town&nbsp;&nbsp",
Nada Rasta,10:00 PM,http://events.myspace.com/Event/6458041/StPattys-Day-Party,03/17/2011,The Crooked Kilt,Age Requirement: 21+,"1122 Pine Street, Paso Robles&nbsp;CA&nbsp;93447",7:00 PM
Nada Rasta,11:30 PM,http://events.myspace.com/Event/6508421/Toy-land-6th-Annual-Bash-invite-only,04/02/2011,Toy land 6th Annual Bash (invite only!),Age Requirement: 0+,"NA, slo&nbsp;CA&nbsp;93401",5:00 PM
Knights Of The Abyss (New album out now!),,http://events.myspace.com/Event/6100020/California-Blood-Tour-w-Cattle-Decapitation-Devourment-Burning-The-Masses-and-Son-Of-Aurelius,,,,,6:00 PM
Social Distortion,10:30 PM,http://events.myspace.com/Event/7162234/Social-Distortion,03/07/2011,Soundwave Festival - Steel Blue Oval,This show is ALL AGES. Tickets are ON SALE NOW and are available on-line through:<br><br>http://premier.ticketek.com.au/<br><br>Click the link below for a complete line-up and all other Soundwave Festival information.<br><br>http://soundwavefestival.oztix.com.au/Default.aspx          	                	      	          	      	<br><br>  					    						Age Requirement: 0+,"Corner of Guildford Road & West Road, Perth&nbsp;Western Au&nbsp;6101",11:00 AM
Cosmic Gate,2:00 AM,http://events.myspace.com/Event/6328036/Tour-Schedule,01/01/2020,All Upcoming Shows,"For all upcoming gigs with Cosmic Gate, please check the tour dates section on the official website: www.cosmic-gate.de          	                	      	          	      	<br><br>  					    						Age Requirement: 0+","Website:, www.cosmic-gate.de&nbsp;www&nbsp;Tourdate",11:55 PM
Jaci Velasquez,9:30 PM,http://events.myspace.com/Event/5970041/Jaci-Velasquez-in-Concert,06/25/2012,Palau Sant Jordi,Age Requirement: 0+,"Passeig Olímpic, 5, Barcelona&nbsp;&nbsp;08038",8:00 PM
Jaci Velasquez,9:30 PM,http://events.myspace.com/Event/5970065/Jaci-Velasquez-in-Concert,06/26/2012,Palau Sant Jordi,Age Requirement: 0+,"Passeig Olímpic, 5, Barcelona&nbsp;&nbsp;08038",8:00 PM
Maroon 5,11:30 PM,http://events.myspace.com/Event/6918687/DOCKS,03/12/2011,DOCKS,Age Requirement: 0+,"D-22767 Hamburg, Hamburg&nbsp;DOCKS&nbsp;22767",7:00 PM
Los Lonely Boys,,http://events.myspace.com/Event/7405900/Ft-Lewis-Concert-Hall,04/05/2011,Fort Lewis College Community Concert Hall,Venue Phone#: 970-247-7657,"1000 Rim Dr, Durango&nbsp;CO&nbsp;81301",
Big Head Todd & the Monsters,,http://events.myspace.com/Event/4253320/Paramount-Theatre-and-Visual-Arts-Center,04/15/2011,Paramount Theatre and Visual Arts Center,,"913 W St Germain St, St Cloud&nbsp;MN&nbsp;56303",
Big Head Todd & the Monsters,,http://events.myspace.com/Event/4253321/Paramount-Theatre-and-Visual-Arts-Center,04/16/2011,Paramount Theatre,,"913 W St Germain St, St Cloud&nbsp;MN&nbsp;56301",
Zydamax,9:00 PM,http://events.myspace.com/Event/6599797/Sunshine-Rally--National-Holiday-Rambler-Rally,03/12/2011,Holiday Rambler National Rally / Canton Civic Center,This is the National Rally for Holiday Rambler RV Club. Zydamax will be the featured entertainment for the club members that night.          	                	      	          	      	<br><br>  					    						Age Requirement: 0+,"800 Flea Market Road, Canton&nbsp;Texas&nbsp;75103",7:00 PM
BLACKLAND,6:00 PM,http://events.myspace.com/Event/5263413/Ride-for-St-Jude,06/11/2011,St. Jude benefit ride and concert,Benefit ride and concert for St. Jude          	                	      	          	      	<br><br>  					    						Age Requirement: 0+,"McFarland Park, Florence&nbsp;Alabama&nbsp;35660",3:00 PM
Cole Stacey,11:00 PM,http://events.myspace.com/Event/6093170/MOONBEAMS--COLE-STACEYSCOTT-WARD--EDWINA-HAYES--GUESTS,06/10/2011,'MOONBEAMS' WITH EDWINA HAYES & PHIL SIMPSON,THRILLED TO BE RETURNING TO YORKSHIRE FOR THE WONDERFUL 'MOONBEAMS'. ABSOLUTELY DELIGHTED TO BE APPEARING ALONGSIDE EDWINA HAYES & PHIL SIMPSON.<br>http://www.myspace.com/moonbeamsacoustic          	                	      	          	      	<br><br>  					    						Age Requirement: 0+,"At The Bell Hotel, Driffield, East Yorkshire, Driffield&nbsp;Yorkshire&nbsp;YO25 6A",8:00 PM
Comeback Kid,10:00 PM,http://events.myspace.com/Event/6826449/Sick-Of-It-All--Comeback-Kid,03/12/2011,John Bull Music Hall w/ Sick Of It All,Age Requirement: 0+,"Engenheiro Rebouças, 1645, Curitiba&nbsp;PR&nbsp;80230",6:00 PM
Comeback Kid,10:00 PM,http://events.myspace.com/Event/6826512/Sick-Of-It-All--Comeback-Kid,03/13/2011,Carioca Club w/ Sick Of It All,Age Requirement: 0+,"Rua Cardeal Arcoverde 2899, Sao Paulo&nbsp;Sao Paulo&nbsp;05407-004",6:00 PM
Comeback Kid,11:30 PM,http://events.myspace.com/Event/6826583/Sick-Of-It-All--Comeback-Kid,03/15/2011,Galpon 11 w/ Sick Of It All,Age Requirement: 0+,"Sargento Cabral y el Rio, Rosario&nbsp;&nbsp",6:00 PM
Comeback Kid,11:00 PM,http://events.myspace.com/Event/6826620/Sick-Of-It-All--Comeback-Kid,03/16/2011,Teatro colegiales w/ Sick Of It All,Age Requirement: 0+,"Av. Federico Lacroze 3455 (y Alvarez Thomas), Capital Federal&nbsp;Buenos Air&nbsp",6:00 PM
Comeback Kid,11:00 PM,http://events.myspace.com/Event/6826684/Sick-Of-It-All--Comeback-Kid,03/17/2011,Teatro Novedades w/ Sick Of It All,Age Requirement: 0+,"Cueto 257, Santiago&nbsp;&nbsp",6:00 PM
Comeback Kid,11:00 PM,http://events.myspace.com/Event/6826777/Sick-Of-It-All--Comeback-Kid,03/18/2011,Barranco Bar w/ Sick Of It All,Age Requirement: 0+,"Plaza Butters 291, Lima&nbsp;&nbsp",6:30 PM
Comeback Kid,11:00 PM,http://events.myspace.com/Event/6826836/Sick-Of-It-All--Comeback-Kid,03/20/2011,Teatro Metro Bogota w/ Sick Of It All,Age Requirement: 0+,"Calle 34 # 13-28, Bogota&nbsp;&nbsp",6:00 PM
BuKnas de Culiacan,10:30 PM,http://events.myspace.com/Event/7435044/PRIVADA-DE-BUKNAS,07/16/2011,?,Age Requirement: 0+,"?, ?&nbsp;?&nbsp;",6:00 PM
The Black Keys,11:30 PM,http://events.myspace.com/Event/7399979/The-Black-Keys,03/24/2011,Rote Fabrik - Aktionshalle,on sale 9/15          	                	      	          	      	<br><br>  					    						Age Requirement: 0+,"Seestrasse 395, Zürich&nbsp;Zürich&nbsp;Züric",7:00 PM
USX,10:00 PM,http://events.myspace.com/Event/2110861/US-Christmas,04/20/2011,Stroker’s Self Gratification Lounge w/ SAVIOURS!!!!!,Age Requirement: 0+,Stumptown&nbsp;North Carolina&nbsp,8:00 PM
The Last Internationale,,http://events.myspace.com/Event/7452589/American-Legion,,,,,9:00 PM
Zoe Boekbinder,11:30 PM,http://events.myspace.com/Event/4499062/see-calendar-widget-below,12/31/2011,see calendar below,Age Requirement: 0+,"tour, tour&nbsp;tour&nbsp;22222",9:00 PM
The Dangerous Summer,,http://events.myspace.com/Event/7401281/Triple-Rock-w-VersaEmerge-Anarbor-and-Conditions,,,,,8:30 PM
TERROR,,http://events.myspace.com/Event/4416330/Hell-On-Earth-Tour,,,,,6:00 PM
U2,,http://events.myspace.com/Event/7557763/U2,07/08/2011,Hippodrome de Montréal,,"5375 Rue des Jockeys, Montréal&nbsp;QC&nbsp;H4P 2T8",
U2,,http://events.myspace.com/Event/7557765/U2,07/09/2011,Hippodrome de Montréal,,"5375 Rue des Jockeys, Montréal&nbsp;QC&nbsp;H4P 2T8",
Eric Clapton,,http://events.myspace.com/Event/7502750/Eric-Clapton,05/09/2011,The 02 Dublin,,"Merchant's Quay, Dublin&nbsp;&nbsp",
Eric Clapton,,http://events.myspace.com/Event/7502751/Eric-Clapton,05/10/2011,Odyssey Arena,,"Queen's Quay, Belfast&nbsp;Belfast&nbsp;BT3 9",
Eric Clapton,,http://events.myspace.com/Event/7483148/Eric-Clapton,05/14/2011,Cardiff International Arena,,"Mary Ann St, Cardiff&nbsp;Cardiff&nbsp;CF10 2",
Eric Clapton,,http://events.myspace.com/Event/7502752/Eric-Clapton,05/17/2011,Royal Albert Hall,,"Kensington Gore, London&nbsp;Greater Lo&nbsp;SW7 2",
Eric Clapton,,http://events.myspace.com/Event/7502753/Eric-Clapton,05/18/2011,Royal Albert Hall,,"Kensington Gore, London&nbsp;Greater Lo&nbsp;SW7 2",
Eric Clapton,,http://events.myspace.com/Event/7502754/Eric-Clapton,05/20/2011,Royal Albert Hall,,"Kensington Gore, London&nbsp;Greater Lo&nbsp;SW7 2",
Eric Clapton,,http://events.myspace.com/Event/7483149/Eric-Clapton,05/21/2011,Royal Albert Hall,,"Kensington Gore, London&nbsp;Greater Lo&nbsp;SW7 2",
Eric Clapton,,http://events.myspace.com/Event/7516705/Eric-Clapton,05/23/2011,Royal Albert Hall,,"Kensington Gore, London&nbsp;Greater Lo&nbsp;SW7 2",
Eric Clapton,,http://events.myspace.com/Event/7516706/Eric-Clapton,05/24/2011,Royal Albert Hall,,"Kensington Gore, London&nbsp;Greater Lo&nbsp;SW7 2",
Peter Frampton,11:00 PM,http://events.myspace.com/Event/7563840/Peter-Frampton,03/01/2011,The Assembly,Age Requirement: 0+,"Spencer St, Leamington Spa&nbsp;Warwickshi&nbsp;CV31 3",8:00 PM
Peter Frampton,11:00 PM,http://events.myspace.com/Event/7563935/Peter-Frampton,03/02/2011,ABC Academy,Age Requirement: 0+,"glasgow, Glasgow&nbsp;Glasgow&nbsp;fk1",8:00 PM
Peter Frampton,11:00 PM,http://events.myspace.com/Event/7563979/Peter-Frampton,03/03/2011,Manchester Academy 2,Age Requirement: 0+,"Oxford Road, Manchester&nbsp;&nbsp;M13 9P",8:00 PM
Peter Frampton,11:00 PM,http://events.myspace.com/Event/7564005/Peter-Frampton,03/05/2011,Shepherds Bush Empire,Age Requirement: 0+,"56 Shepherd's Bush Green, London&nbsp;London&nbsp;W12 8",8:00 PM
Peter Frampton,11:00 PM,http://events.myspace.com/Event/7564052/Peter-Frampton,03/06/2011,Academy,Age Requirement: 0+,"Frogmore Street, Bristol&nbsp;&nbsp;BS1 5N",8:00 PM
Blu Kuda,1:30 AM,http://events.myspace.com/Event/6541001/Blu-Kuda,02/25/2011,On the Rocks,Age Requirement: 21+,"5815 Karric Square, Dublin&nbsp;OH&nbsp;43016",9:30 PM
Blu Kuda,1:30 AM,http://events.myspace.com/Event/6544411/Jonny-V,03/25/2011,Doolin's,Age Requirement: 21+,"841 Hill Road North, Pickerington&nbsp;OH&nbsp;43147",9:30 PM
Blu Kuda,1:30 AM,http://events.myspace.com/Event/6560148/Blu-Kuda,04/08/2011,Captain Jack's,Age Requirement: 21+,"1314 Hebron Rd (St.Rt.79), Heath&nbsp;OH&nbsp;43056",9:30 PM
Blu Kuda,1:30 AM,http://events.myspace.com/Event/6540982/Blu-Kuda,04/09/2011,On the Rocks,Age Requirement: 21+,"5815 Karric Square, Dublin&nbsp;OH&nbsp;43016",9:30 PM
Blu Kuda,1:30 AM,http://events.myspace.com/Event/6544426/Jonny-V,05/07/2011,Doolin's,Age Requirement: 21+,"841 Hill Road North, Pickerington&nbsp;OH&nbsp;43147",9:30 PM
Blu Kuda,1:30 AM,http://events.myspace.com/Event/6540962/Blu-Kuda,05/20/2011,On the Rocks,Age Requirement: 21+,"5815 Karric Square, Dublin&nbsp;OH&nbsp;43016",9:30 PM
Blu Kuda,1:30 AM,http://events.myspace.com/Event/6560187/Blu-Kuda,05/21/2011,Captain Jack's,Age Requirement: 21+,"1314 Hebron Rd (St.Rt.79), Heath&nbsp;OH&nbsp;43056",9:30 PM
Blu Kuda,1:30 AM,http://events.myspace.com/Event/6540942/Blu-Kuda,07/01/2011,On the Rocks,Age Requirement: 21+,"5815 Karric Square, Dublin&nbsp;OH&nbsp;43016",9:30 PM
Blu Kuda,1:30 AM,http://events.myspace.com/Event/6544449/Jonny-V,07/15/2011,Doolin's,Age Requirement: 21+,"841 Hill Road North, Pickerington&nbsp;OH&nbsp;43147",9:30 PM
Blu Kuda,1:30 AM,http://events.myspace.com/Event/6560247/Blu-Kuda,08/13/2011,Captain Jack's,Age Requirement: 21+,"1314 Hebron Rd (St.Rt.79), Heath&nbsp;OH&nbsp;43056",9:30 PM
Blu Kuda,1:30 AM,http://events.myspace.com/Event/6540922/Blu-Kuda,08/27/2011,On the Rocks,Age Requirement: 21+,"5815 Karric Square, Dublin&nbsp;OH&nbsp;43016",9:30 PM
Blu Kuda,1:30 AM,http://events.myspace.com/Event/6544466/Jonny-V,09/10/2011,Doolin's,Age Requirement: 21+,"841 Hill Road North, Pickerington&nbsp;OH&nbsp;43147",9:30 PM
Blu Kuda,1:30 AM,http://events.myspace.com/Event/6540897/Blu-Kuda,09/24/2011,On the Rocks,Age Requirement: 21+,"5815 Karric Square, Dublin&nbsp;OH&nbsp;43016",9:30 PM
Blu Kuda,1:30 AM,http://events.myspace.com/Event/6560283/Blu-Kuda,10/08/2011,Captain Jack's,Age Requirement: 21+,"1314 Hebron Rd (St.Rt.79), Heath&nbsp;OH&nbsp;43056",9:30 PM
Blu Kuda,1:30 AM,http://events.myspace.com/Event/6540882/Blu-Kuda,11/05/2011,On the Rocks,Age Requirement: 21+,"5815 Karric Square, Dublin&nbsp;OH&nbsp;43016",9:30 PM
Blu Kuda,1:30 AM,http://events.myspace.com/Event/6544480/Jonny-V,11/18/2011,Doolin's,Age Requirement: 21+,"841 Hill Road North, Pickerington&nbsp;OH&nbsp;43147",9:30 PM
Blu Kuda,1:30 AM,http://events.myspace.com/Event/6560317/Blu-Kuda,12/17/2011,Captain Jack's,Age Requirement: 21+,"1314 Hebron Rd (St.Rt.79), Heath&nbsp;OH&nbsp;43056",9:30 PM
Blu Kuda,1:30 AM,http://events.myspace.com/Event/6540853/Blu-Kuda,12/31/2011,On the Rocks,Age Requirement: 21+,"5815 Karric Square, Dublin&nbsp;OH&nbsp;43016",9:30 PM
Roger Waters,,http://events.myspace.com/Event/7516701/Roger-Waters,04/11/2011,Gelredome,,Arnhem&nbsp;Gelderland&nbsp;6841,
Roger Waters,,http://events.myspace.com/Event/7502743/Roger-Waters,05/18/2011,O2 arena,,"London Rd, Liverpool&nbsp;Liverpool&nbsp;L3 8",
Roger Waters,,http://events.myspace.com/Event/7516702/Roger-Waters,05/31/2011,Palais omnisports de Bercy,,"12 Boulevard de Bercy, Paris&nbsp;Ile-de-Fra&nbsp;75012",
Roger Waters,,http://events.myspace.com/Event/7502744/Roger-Waters,06/28/2011,men area,,Manchester&nbsp;Greater Ma&nbsp;M40 1,
Roger Waters,,http://events.myspace.com/Event/7502745/Roger-Waters,06/29/2011,men area,,Manchester&nbsp;Greater Ma&nbsp;M40 1,
Molasses Jax,1:00 AM,http://events.myspace.com/Event/6701187/Live--The-Carleton-Hotel-Crimson-Moon,02/26/2011,Carleton Hotel Bar,"The new Kids on the block Crimson Moon Invade The Carleton Hotel Bar, with music that makes you jump out of your seat and dance!          	                	      	          	      	<br><br>  					    						Age Requirement: 0+","927 Monroe St, Carleton&nbsp;Mich&nbsp;48117",9:00 PM
All Time Low,11:30 PM,http://events.myspace.com/Event/7488740/All-Time-Low,03/03/2011,Rock City,Age Requirement: 0+,"8 Talbot Street, Nottingham&nbsp;&nbsp;NG1 5G",8:00 PM
All Time Low,11:30 PM,http://events.myspace.com/Event/7488742/All-Time-Low,03/04/2011,Academy,Age Requirement: 0+,"16 - 18 Horsefair, Bristol Street, Birmingham&nbsp;&nbsp;B1 1D",8:00 PM
All Time Low,11:30 PM,http://events.myspace.com/Event/7488743/All-Time-Low,03/05/2011,Newport Centre,Age Requirement: 0+,"Kingsway, Newport&nbsp;&nbsp;NP20 1U",8:00 PM
All Time Low,11:30 PM,http://events.myspace.com/Event/7488744/All-Time-Low,03/06/2011,Liverpool University,Age Requirement: 0+,"Liverpool, Liverpool&nbsp;&nbsp;L69 3B",8:00 PM
All Time Low,11:30 PM,http://events.myspace.com/Event/7488785/All-Time-Low,03/07/2011,Academy,Age Requirement: 0+,"55 Cookridge St, Leeds&nbsp;&nbsp;LS2 3A",8:00 PM
All Time Low,11:30 PM,http://events.myspace.com/Event/7488805/All-Time-Low,03/09/2011,Barrowlands,Age Requirement: 0+,"244 Gallowgate, Glasgow&nbsp;&nbsp;G4",8:00 PM
All Time Low,11:30 PM,http://events.myspace.com/Event/7488831/All-Time-Low,03/10/2011,Academy,Age Requirement: 0+,"Westgate Road, Newcastle&nbsp;&nbsp;NE1 1S",8:00 PM
All Time Low,11:30 PM,http://events.myspace.com/Event/7488851/All-Time-Low,03/11/2011,Apollo,Age Requirement: 0+,"Stockport Road, Manchester&nbsp;&nbsp;M12 6A",8:00 PM
All Time Low,11:30 PM,http://events.myspace.com/Event/7488873/All-Time-Low,03/12/2011,Academy,Age Requirement: 0+,"211 Stockwell Rd., Brixton&nbsp;&nbsp;SW9 9S",8:00 PM
Skillet,11:30 PM,http://events.myspace.com/Event/7469868/Skillet,06/25/2011,Canada's Wonderland,Age Requirement: 0+,"9740 Jane Street, Toronto&nbsp;ON&nbsp;L6A 1S6",6:00 PM
Skillet,11:00 PM,http://events.myspace.com/Event/7470093/Skillet,09/17/2011,Cedar Point Park,Age Requirement: 0+,"One Cedar Point Drive, Sandusky&nbsp;OH&nbsp;44870",6:00 PM
Skillet,11:00 PM,http://events.myspace.com/Event/7470271/Winterfest,12/30/2011,Liberty University - Vines Center,Age Requirement: 0+,"1971 University Blvd., Lynchburg&nbsp;VA&nbsp;24502",6:00 PM
Murderdolls,11:30 PM,http://events.myspace.com/Event/7489513/Soundwave,02/26/2011,Soundwave at RNA Showgrounds,Age Requirement: 0+,"1, Brisbane&nbsp;NSW&nbsp;2256",12:00 PM
Murderdolls,11:30 PM,http://events.myspace.com/Event/7489588/Soundwave-Festival,02/27/2011,Eastern Creek Raceway,Soundwave Festival          	                	      	          	      	<br><br>  					    						Age Requirement: 0+,"1, Sydney&nbsp;NSW&nbsp;2000",12:00 PM
Murderdolls,11:30 PM,http://events.myspace.com/Event/7489609/Soundwave-Festival,03/04/2011,Soundwave Festival at Melbourne Showgrounds,Soundwave Festival          	                	      	          	      	<br><br>  					    						Age Requirement: 0+,"Cnr Epsom & Langs Road, Ascot Vale&nbsp;VIC&nbsp;3032",12:00 PM
Murderdolls,11:30 PM,http://events.myspace.com/Event/7489623/Soundwave-Festival,03/05/2011,Bonython Park,Soundwave Festival          	                	      	          	      	<br><br>  					    						Age Requirement: 0+,"Bonython Park, Adelaide&nbsp;Australia&nbsp",12:00 PM
Murderdolls,11:30 PM,http://events.myspace.com/Event/7489646/Soundwave-Festival,03/07/2011,Soundwave Festival at Steel Blue Oval,Soundwave Festival          	                	      	          	      	<br><br>  					    						Age Requirement: 0+,"1, Perth&nbsp;TAS&nbsp;7300",12:00 PM
Yellowcard,11:00 PM,http://events.myspace.com/Event/7498267/Yellowcard-at-Olympia-Theatre,03/01/2011,Olympia,On tour with All Time Low!          	                	      	          	      	<br><br>  					    						Age Requirement: 0+,"72 Dame Street Dublin 2, Ireland - 01 679 3323, Dublin&nbsp;&nbsp",7:00 PM
Yellowcard,10:00 PM,http://events.myspace.com/Event/7492857/Rock-City,03/03/2011,Rock City,Yellowcard is heading to the UK with All Time Low          	                	      	          	      	<br><br>  					    						Age Requirement: 0+,"8 Talbot St, Nottingham&nbsp;&nbsp;NG1 5G",7:00 PM
Yellowcard,10:00 PM,http://events.myspace.com/Event/7492914/Academy,03/04/2011,Academy,Yellowcard is heading to the UK with All Time Low          	                	      	          	      	<br><br>  					    						Age Requirement: 0+,"16 - 18 Horsefair, Bristol Street, Birmingham&nbsp;&nbsp;B1 1D",7:00 PM
Yellowcard,10:00 PM,http://events.myspace.com/Event/7492936/Centre,03/05/2011,Centre,Age Requirement: 0+,"Kingsway, Newport&nbsp;&nbsp;NP20 1U",7:00 AM
Yellowcard,10:00 PM,http://events.myspace.com/Event/7492963/University,03/06/2011,University,Age Requirement: 0+,"Liverpool University, Liverpool&nbsp;&nbsp;L69 3B",7:00 PM
Yellowcard,10:00 PM,http://events.myspace.com/Event/7492987/Academy,03/07/2011,Academy,Age Requirement: 0+,"55 Cookridge St, Leeds&nbsp;&nbsp;LS2 3A",7:00 PM
Yellowcard,10:00 PM,http://events.myspace.com/Event/7493013/Barrowlands,03/09/2011,Barrowlands,Age Requirement: 0+,"244 Gallowgate, Glasgow, &nbsp;&nbsp;G4",7:00 PM
Yellowcard,10:00 PM,http://events.myspace.com/Event/7493052/O2-Academy,03/10/2011,O2 Academy,Age Requirement: 0+,"Westgate Road, Newcastle&nbsp;&nbsp;NE1 1S",7:00 PM
Yellowcard,10:00 PM,http://events.myspace.com/Event/7493079/Apollo,03/11/2011,Apollo,Age Requirement: 0+,"Stockport Road, Manchester&nbsp;&nbsp;M12 6A",7:00 PM
Yellowcard,10:00 PM,http://events.myspace.com/Event/7493113/Academy,03/12/2011,Academy,Age Requirement: 0+,"211 Stockwell Rd., London&nbsp;&nbsp;SW9 9S",7:00 PM
coheed and cambria,11:30 PM,http://events.myspace.com/Event/7479480/Coheed-And-Cambria-at-Soundwave,02/26/2011,Soundwave Festival - RNA Showgrounds,Age Requirement: 0+,"600 Gregory Terrace, Brisbane&nbsp;Queensland&nbsp;4006",12:00 PM
coheed and cambria,11:30 PM,http://events.myspace.com/Event/7479528/Coheed-And-Cambria-at-Soundwave,02/27/2011,Soundwave Festival - Eastern Creek Raceway,Age Requirement: 0+,"Brabham Drive / Ferrers Road, Sydney&nbsp;AU&nbsp;NSW 2766",12:00 PM
coheed and cambria,11:30 PM,http://events.myspace.com/Event/7479557/Coheed-And-Cambria-at-Soundwave,03/04/2011,Soundwave Festival - Showgrounds,Age Requirement: 0+,"epson road, Melbourne&nbsp;vic&nbsp;3032",12:00 PM
coheed and cambria,,http://events.myspace.com/Event/7483551/Soundwave-Fest--Melbourne,03/04/2011,Royal Melbourne Showgrounds,"Iron Maiden, Queens of the Stone Age, more","Epsom Rd, Ascot Vale&nbsp;VIC&nbsp;3032",
coheed and cambria,11:30 PM,http://events.myspace.com/Event/7479591/Coheed-And-Cambria-at-Soundwave,03/05/2011,Soundwave Festival - Bonython Park,Age Requirement: 0+,"Port Road, Adelaide&nbsp;AU&nbsp;SA 5000",12:00 PM
coheed and cambria,11:30 PM,http://events.myspace.com/Event/7479624/Coheed-And-Cambria-at-Soundwave,03/07/2011,Soundwave Festival - Steel Blue Oval,Age Requirement: 0+,"Corner Guildford Road & West Road, Perth&nbsp;WA&nbsp;6054",12:00 PM
The Avett Brothers,,http://events.myspace.com/Event/5087191/Starry-Night-The-Los-Angeles-Tennis-Center-at-UCLA-wKeith-,06/23/2011,Los Angeles Tennis Center,Starry Night  A GRAMMY Foundation signature concert to feature performances by Keith Urban and the Avett Brothers to benefit educational programs.<br>,Los Angeles&nbsp;CA&nbsp;90095,
New Found Glory,11:30 PM,http://events.myspace.com/Event/7478659/New-Found-Glory,02/23/2011,Tennis Indoor,Age Requirement: 0+,"Senayan, Jakarta&nbsp;Jakarta&nbsp;15412",7:00 PM
MxPx,,http://events.myspace.com/Event/7532225/Soundwave-Festival,02/26/2011,Brisbane Showgrounds,,"Gregory Terrace, Spring Hill&nbsp;QLD&nbsp;4000",
MxPx,9:00 PM,http://events.myspace.com/Event/7528625/Soundwave-2011--MxPx-All-Stars,02/26/2011,RNA Showgrounds,Age Requirement: 0+,"600 Gregory Terrace, Brisbane, Brisbane&nbsp;QLD&nbsp;4006",12:00 PM
MxPx,9:00 PM,http://events.myspace.com/Event/7528617/Soundwave-2011--MxPx-All-Stars,02/27/2011,Eastern Creek Raceway,Age Requirement: 0+,"Brabham Drive/Ferrers Road, Eastern Creek NSW 2766, Sydney&nbsp;AU&nbsp;2766",12:00 PM
MxPx,9:00 PM,http://events.myspace.com/Event/7528654/Soundwave-2011--MxPx-All-Stars,03/04/2011,Melbourne Show Grounds,Age Requirement: 0+,"Epsom Road, Ascot Vale&nbsp;VIC&nbsp;3032",12:00 PM
MxPx,9:00 PM,http://events.myspace.com/Event/6568834/Soundwave-2011--MxPx-All-Stars,03/05/2011,Bonython Park,Soundwave Festival<br>Tickets on sale August 26th          	                	      	          	      	<br><br>  					    						Age Requirement: 0+,"Port Rd, Adelaide&nbsp;SA&nbsp;5000",12:00 PM
MxPx,9:00 PM,http://events.myspace.com/Event/7528577/Soundwave-2011--MxPx-All-Stars,03/07/2011,Steel Blue Oval,Age Requirement: 0+,"Corner Guildford Road & West Road, Bassendean&nbsp;Perth&nbsp;6054",12:00 PM
Disciple,10:00 PM,http://events.myspace.com/Event/7569765/Disciple--Portland-ME,03/03/2011,Portland Expo,Age Requirement: 0+,"239 Park Avenue, Portland&nbsp;ME&nbsp;04102",7:00 PM
Disciple,10:00 PM,http://events.myspace.com/Event/7569626/Disciple--Fredericton-NB,03/04/2011,Sunset Church,Age Requirement: 0+,"429 Clements Drive, Fredericton&nbsp;New Brunsw&nbsp;E3A 7J1",7:00 PM
Signs Of Hope,10:30 PM,http://events.myspace.com/Event/5924609/Tour-July-28--October,10/10/2018,SHOWS LISTED BELOW ON PAGE,Age Requirement: 0+,"1 main st, See Below&nbsp;..&nbsp;06606",9:00 PM
Oncle Ben,12:00 AM,http://events.myspace.com/Event/6207625/Oncle-Ben,04/08/2011,Zénith,Age Requirement: 0+,"., Paris&nbsp;.&nbsp;",8:00 PM
Boz Scaggs,9:00 PM,http://events.myspace.com/Event/7445869/Boz-Scaggs,04/06/2011,Sandler Center for the Performing Arts,Age Requirement: 0+,"201 Market Street, Virginia Beach&nbsp;VA&nbsp;23462",7:00 PM
Boz Scaggs,9:00 PM,http://events.myspace.com/Event/7445906/Boz-Scaggs,04/08/2011,Salem Civic Center,Age Requirement: 0+,"1001 Roanoke Boulevard, Salem&nbsp;Virginia&nbsp;24153",7:00 PM
Boz Scaggs,10:00 PM,http://events.myspace.com/Event/7573045/Boz-Scaggs-at-Kravis-Center-for-the-Performing-Arts,04/13/2011,Kravis Center for the Performing Arts,Age Requirement: 0+,"701 Okeechobee Blvd, West Palm Beach&nbsp;FL&nbsp;33401-6323",8:00 PM
Boz Scaggs,10:00 PM,http://events.myspace.com/Event/7573149/Boz-Scaggs-at-Sunrise-Theatre-,04/15/2011,Sunrise Theatre,Age Requirement: 0+,"117 S 2nd St, Fort Pierce&nbsp;FL&nbsp;34950",8:00 PM
Po’ Girl,10:00 PM,http://events.myspace.com/Event/6432420/PoGirl-at-the-Pump-House-Regional-Arts-Center,03/18/2011,Pump House Regional Arts Center,Age Requirement: 0+  					      					          	               	  				  					Video  					      <param><param><param>,"119 King St, La Crosse&nbsp;WI&nbsp;54601",7:00 PM
Dimmu Borgir,11:30 PM,http://events.myspace.com/Event/7595552/Dimmu-Borgir,02/26/2011,Soundwave Festival,Age Requirement: 0+,"n/a, Brisbane&nbsp;.&nbsp;",5:00 PM
Dimmu Borgir,11:30 PM,http://events.myspace.com/Event/7595589/Dimmu-Borgir,02/27/2011,Soundwave Festival,Age Requirement: 0+,"n/a, Sydney&nbsp;.&nbsp;",5:00 PM
Dimmu Borgir,11:30 PM,http://events.myspace.com/Event/7595684/Dimmu-Borgir,03/04/2011,Soundwave Festival,Age Requirement: 0+,"n/a, Melbourne&nbsp;.&nbsp;",5:00 PM
Dimmu Borgir,11:30 PM,http://events.myspace.com/Event/7595708/Dimmu-Borgir,03/05/2011,Soundwave Festival,Age Requirement: 0+,"n/a, Adelaide&nbsp;.&nbsp;",5:00 PM
Dimmu Borgir,11:30 PM,http://events.myspace.com/Event/7595790/Dimmu-Borgir,03/07/2011,Soundwave Festival,Age Requirement: 0+,"n/a, Perth&nbsp;.&nbsp;",5:00 PM
Dimmu Borgir,10:30 PM,http://events.myspace.com/Event/7595790/Dimmu-Borgir,03/07/2011,Soundwave Festival,Age Requirement: 0+,"n/a, Perth&nbsp;.&nbsp;",4:00 PM
ARCH ENEMY,11:30 PM,http://events.myspace.com/Event/7470834/Metalfest-Open-Air,05/27/2011,Metalfest Open Air,Arch Enemy headline the festival on this day          	                	      	          	      	<br><br>  					    						Age Requirement: 0+,"Kraftwerkstrasse 7, Z7 Kulturfabrik, Pratteln&nbsp;&nbsp;4133",8:00 PM
ARCH ENEMY,11:30 PM,http://events.myspace.com/Event/7470878/Metalfest-Open-Air,05/28/2011,Metalfest Open Air,Arch Enemy headline the festival on this day          	                	      	          	      	<br><br>  					    						Age Requirement: 0+,"Alte Landebahn, Dessau&nbsp;&nbsp;06846",8:00 PM
ARCH ENEMY,11:30 PM,http://events.myspace.com/Event/7470945/Metalfest-Open-Air,05/29/2011,Metalfest Open Air,Arch Enemy headline the festival on this day          	                	      	          	      	<br><br>  					    						Age Requirement: 0+,"Schloss Mamling, Mining am Inn&nbsp;&nbsp;4962",8:00 PM
Band Of Horses,10:00 PM,http://events.myspace.com/Event/7100216/Paradiso,02/23/2011,Paradiso,Age Requirement: 0+,"., Amsterdam&nbsp;.&nbsp;",7:00 PM
Band Of Horses,11:00 PM,http://events.myspace.com/Event/7259793/AB,02/24/2011,AB,Age Requirement: 0+,"Anspachlaan 110, Belgium&nbsp;&nbsp;1000",7:00 PM
ICE NINE KILLS,,http://events.myspace.com/Event/7303576/HALLOWEEN-w-INK,,,,,5:00 PM
Joe Diffie,,http://events.myspace.com/Event/2439857/Joe-Diffie,,,,,8:00 PM
As Blood Runs Black,,http://events.myspace.com/Event/6827166/Show,,,,,7:00 PM
As Blood Runs Black,,http://events.myspace.com/Event/6835149/Show,,,,,5:00 PM
As Blood Runs Black,,http://events.myspace.com/Event/7359829/,,,,,5:00 PM
Sean McConnell,,http://events.myspace.com/Event/7475810/Hurricane-Harrys,,,,,9:30 PM
CASINO MADRID,,http://events.myspace.com/Event/7064365/Westbound-and-Down-Tour,,,,,6:00 PM
The Westbound Rangers,1:30 PM,http://events.myspace.com/Event/5019308/WPAQ-740-AM-Live-Show-and-Radio-Broadcast,06/04/2011,Downtown Cinema,Age Requirement: 0+,"Merry Go Round, WPAQ 740 AM, Main St., Mount Airy&nbsp;North Carolina&nbsp",12:00 PM
The Westbound Rangers,11:00 PM,http://events.myspace.com/Event/5567299/Country-Stage-Music-Park-Bluegrass-Festival,07/15/2011,Country Stage Music Park Festival,Age Requirement: 0+,"40A Twp. Road 1031, Nova&nbsp;Ohio&nbsp;44859",5:00 PM
The Westbound Rangers,11:00 PM,http://events.myspace.com/Event/5567352/Country-Stage-Music-Park-Festival,07/16/2011,Country Stage Music Park Festival,Age Requirement: 0+,"40A Twp. Road 1031, Nova&nbsp;Ohio&nbsp;44859",5:00 PM
The Westbound Rangers,11:00 PM,http://events.myspace.com/Event/5645304/Marshall-Bluegrass-Festival,07/22/2011,Marshall Bluegrass Festival,Age Requirement: 0+,"Calhoun County Fairgrounds, Marshall&nbsp;Michigan&nbsp;49068",2:00 PM
The Westbound Rangers,11:00 PM,http://events.myspace.com/Event/5645335/Marshall-Bluegrass-Festival,07/23/2011,Marshall Bluegrass Festival,Age Requirement: 0+,"Calhoun County Fairgrounds, Marshall&nbsp;Michigan&nbsp;49068",2:00 PM
The Westbound Rangers,10:00 PM,http://events.myspace.com/Event/5019173/TriState-Bluegrass-Festival,09/03/2011,Tri-State Bluegrass Festival,Age Requirement: 0+,"580 North Fair Street, Kendallville&nbsp;Indiana&nbsp;46755",7:00 PM
The Westbound Rangers,10:30 PM,http://events.myspace.com/Event/5019202/TriState-Bluegrass-Festival,09/04/2011,Tri-State Bluegrass Festival,Age Requirement: 0+,"580 North Fair Street, Kendallville&nbsp;Indiana&nbsp;46755",7:00 PM
Donna,11:00 PM,http://events.myspace.com/Event/6235017/Graves-Mountain-Festival-of-Music,06/02/2011,Graves Mountain Festival of Music,"This will be Donna's first time appearing at this well known Virginia festival nestled deep in the foothills of the Blue Ridge Mountains near the end of the road in Syria, Virginia. The lineup is still being decided so check the website of the event to find out who else will be performing. Donna will do two shows on June 2nd. When we know exact times, we will post them.           	                	      	          	      	<br><br>  					    						Age Requirement: 0+","Rte. 670, Syria&nbsp;VA&nbsp;22743",1:00 PM
Donna,10:00 PM,http://events.myspace.com/Event/6712272/Bluegrass-In-The-Hills,06/11/2011,Bluegrass In The Hills Bluegrass Festival,"Join us at this beautiful festival site! This will be our second time playing there and it has a covered seating area, a fabulous onsite food pavillion with yummy home cooking....a first class event. Trailer hookups for those of you who want to camp...Hope we see you there! We will be doing two shows!          	                	      	          	      	<br><br>  					    						Age Requirement: 0+","Ford Road, Hopedale&nbsp;OH&nbsp;43976",12:00 PM
Donna,,http://events.myspace.com/Event/6235293/Starvy-Creek-Bluegrass-Festival,07/01/2011,Starvy Creek Bluegrass Festival,Join Donna and The Poor Mountain Days for two days at this long running festival. Check out the website for camping and hotel details. They will do two shows on Firday and two shows on Saturday and we will post times as soon as they are available!<br><br>          	                	      	          	      	<br><br>  					    						Age Requirement: 0+,"2229 Bluegrass Road, Conway&nbsp;MO&nbsp;65632",
Donna,11:00 PM,http://events.myspace.com/Event/6242121/Starvy-Creek-Bluegrass-Festival,07/02/2011,Starvy Creek Bluegrass Festival,Donna's second day at this long running festival. <br>She will do two shows each day.          	                	      	          	      	<br><br>  					    						Age Requirement: 0+,"2229 Bluegrass Road, Conway&nbsp;MO&nbsp;65632",12:30 PM
Donna,3:00 PM,http://events.myspace.com/Event/6235373/Podunk-Bluegrass-Festival,08/07/2011,Podunk Bluegrass Festival,"This annual bluegrass festival is held the first full weekend of August in East Hartford, Connecticut. It features local, regional and national bluegrass, bringing together the finest in bluegrass music each year. Donna will be doing a gospel show in the morning and then a second show in the afternoon of secular material.            	                	      	          	      	<br><br>  					    						Age Requirement: 0+","307 Burnside Ave (Martin Park), East Hartford&nbsp;CT&nbsp;06108",10:00 AM
Donna,10:00 PM,http://events.myspace.com/Event/6373273/Free-State-Bluegrass-and-Classic-Country-Music-Festival,08/19/2011,Free State Bluegrass and Classic Country Music Festival,Age Requirement: 0+,"800 Flea Market Road, Canton&nbsp;Texas&nbsp;75103",12:00 PM
Lady Gaga,11:30 PM,http://events.myspace.com/Event/7536986/Lady-Gaga,02/28/2011,THE MONSTER BALL at United Center,Age Requirement: 0+,"1901 W Madison, Chicago&nbsp;IL&nbsp;60612",7:00 PM
Lady Gaga,11:00 PM,http://events.myspace.com/Event/4254930/Lady-Gaga,03/15/2011,THE MONSTER BALL at AT&T Center,Age Requirement: 0+,"1 AT&T Center, San Antonio&nbsp;TX&nbsp;78219",7:00 PM
Lady Gaga,11:00 PM,http://events.myspace.com/Event/4254958/Lady-Gaga,03/19/2011,THE MONSTER BALL at Energy Solutions Arena,Age Requirement: 0+,"301 West South Temple, Salt Lake City&nbsp;UT&nbsp;84101",7:00 PM
Lady Gaga,11:30 PM,http://events.myspace.com/Event/7537013/Lady-Gaga,03/23/2011,THE MONSTER BALL at Arco Arena,Age Requirement: 0+,"1 Sports Parkway, Sacramento&nbsp;CA&nbsp;95834",7:00 PM
Lady Gaga,11:30 PM,http://events.myspace.com/Event/7536935/Lady-Gaga,03/31/2011,THE MONSTER BALL at Honda Center,Age Requirement: 0+,"2695 East Katella Avenue, Anaheim&nbsp;CA&nbsp;92806",7:00 PM
Lady Gaga,11:30 PM,http://events.myspace.com/Event/7536954/THE-MONSTER-BALL-at--Frank-Erwin-Center,04/06/2011,THE MONSTER BALL at Frank Erwin Center,Age Requirement: 0+,"1701 Red River, Austin&nbsp;TX&nbsp;78701",7:00 PM
Lady Gaga,11:30 PM,http://events.myspace.com/Event/7537066/Lady-Gaga,04/19/2011,THE MONSTER BALL at Bridgestone Arena,Age Requirement: 0+,"501 Broadway, Nashville&nbsp;TN&nbsp;37203",7:00 PM
Celine Dion,,http://events.myspace.com/Event/1076040/Celine-Dion,03/15/2011,The Colosseum at Caesars Palace,"After 5 consecutive years of sold-out shows at The Colosseum at Caesars Palace, Celine embarked on a year-long worldwide tour in 2008-2009, visiting 5 continents, 25 countries and playing to more than 3 million people.</p><br><p>Now, Celine is getting ready to return to The Colosseum at Caesars Palace in Las Vegas in March 2011, with a brand new-spectacular show. Featuring 31 musicians, consisting of orchestra and band, Celine's new show will include her biggest hits and capture the romance of classic Hollywood movies performed with a stunning visual presentation.</p>",Las Vegas&nbsp;NV &nbsp;89109,
Celine Dion,,http://events.myspace.com/Event/1076041/Celine-Dion,03/16/2011,The Colosseum at Caesars Palace,"After 5 consecutive years of sold-out shows at The Colosseum at<br>Caesars Palace, Celine embarked on a year-long worldwide tour in<br>2008-2009, visiting 5 continents, 25 countries and playing to more than<br>3 million people.</p><br><p>Now, Celine is getting ready to return to The Colosseum at Caesars<br>Palace in Las Vegas in March 2011, with a brand new-spectacular show.<br>Featuring 31 musicians, consisting of orchestra and band, Celine's new<br>show will include her biggest hits and capture the romance of classic<br>Hollywood movies performed with a stunning visual presentation.</p>",Las Vegas&nbsp;NV &nbsp;89109,
Celine Dion,,http://events.myspace.com/Event/1076042/Celine-Dion,03/19/2011,The Colosseum at Caesars Palace,"After 5 consecutive years of sold-out shows at The Colosseum at<br>Caesars Palace, Celine embarked on a year-long worldwide tour in<br>2008-2009, visiting 5 continents, 25 countries and playing to more than<br>3 million people.</p><br><p>Now, Celine is getting ready to return to The Colosseum at Caesars<br>Palace in Las Vegas in March 2011, with a brand new-spectacular show.<br>Featuring 31 musicians, consisting of orchestra and band, Celine's new<br>show will include her biggest hits and capture the romance of classic<br>Hollywood movies performed with a stunning visual presentation.</p>",Las Vegas&nbsp;NV &nbsp;89109,
Celine Dion,,http://events.myspace.com/Event/1076043/Celine-Dion,03/20/2011,The Colosseum at Caesars Palace,"After 5 consecutive years of sold-out shows at The Colosseum at<br>Caesars Palace, Celine embarked on a year-long worldwide tour in<br>2008-2009, visiting 5 continents, 25 countries and playing to more than<br>3 million people.</p><br><p>Now, Celine is getting ready to return to The Colosseum at Caesars<br>Palace in Las Vegas in March 2011, with a brand new-spectacular show.<br>Featuring 31 musicians, consisting of orchestra and band, Celine's new<br>show will include her biggest hits and capture the romance of classic<br>Hollywood movies performed with a stunning visual presentation.</p>",Las Vegas&nbsp;NV &nbsp;89109,
Celine Dion,,http://events.myspace.com/Event/1076044/Celine-Dion,03/22/2011,The Colosseum at Caesars Palace,"After 5 consecutive years of sold-out shows at The Colosseum at<br>Caesars Palace, Celine embarked on a year-long worldwide tour in<br>2008-2009, visiting 5 continents, 25 countries and playing to more than<br>3 million people.</p><br><p>Now, Celine is getting ready to return to The Colosseum at Caesars<br>Palace in Las Vegas in March 2011, with a brand new-spectacular show.<br>Featuring 31 musicians, consisting of orchestra and band, Celine's new<br>show will include her biggest hits and capture the romance of classic<br>Hollywood movies performed with a stunning visual presentation.</p>",Las Vegas&nbsp;NV &nbsp;89109,
Celine Dion,,http://events.myspace.com/Event/1076045/Celine-Dion,03/23/2011,The Colosseum at Caesars Palace,"After 5 consecutive years of sold-out shows at The Colosseum at<br>Caesars Palace, Celine embarked on a year-long worldwide tour in<br>2008-2009, visiting 5 continents, 25 countries and playing to more than<br>3 million people.</p><br><p>Now, Celine is getting ready to return to The Colosseum at Caesars<br>Palace in Las Vegas in March 2011, with a brand new-spectacular show.<br>Featuring 31 musicians, consisting of orchestra and band, Celine's new<br>show will include her biggest hits and capture the romance of classic<br>Hollywood movies performed with a stunning visual presentation.</p>",Las Vegas&nbsp;NV &nbsp;89109,
Celine Dion,,http://events.myspace.com/Event/1076046/Celine-Dion,03/25/2011,The Colosseum at Caesars Palace,"After 5 consecutive years of sold-out shows at The Colosseum at<br>Caesars Palace, Celine embarked on a year-long worldwide tour in<br>2008-2009, visiting 5 continents, 25 countries and playing to more than<br>3 million people.</p><br><p>Now, Celine is getting ready to return to The Colosseum at Caesars<br>Palace in Las Vegas in March 2011, with a brand new-spectacular show.<br>Featuring 31 musicians, consisting of orchestra and band, Celine's new<br>show will include her biggest hits and capture the romance of classic<br>Hollywood movies performed with a stunning visual presentation.</p>",Las Vegas&nbsp;NV &nbsp;89109,
Celine Dion,,http://events.myspace.com/Event/1076047/Celine-Dion,03/26/2011,The Colosseum at Caesars Palace,"After 5 consecutive years of sold-out shows at The Colosseum at<br>Caesars Palace, Celine embarked on a year-long worldwide tour in<br>2008-2009, visiting 5 continents, 25 countries and playing to more than<br>3 million people.</p><br><p>Now, Celine is getting ready to return to The Colosseum at Caesars<br>Palace in Las Vegas in March 2011, with a brand new-spectacular show.<br>Featuring 31 musicians, consisting of orchestra and band, Celine's new<br>show will include her biggest hits and capture the romance of classic<br>Hollywood movies performed with a stunning visual presentation.</p>",Las Vegas&nbsp;NV &nbsp;89109,
Celine Dion,,http://events.myspace.com/Event/1076048/Celine-Dion,04/01/2011,The Colosseum at Caesars Palace,"After 5 consecutive years of sold-out shows at The Colosseum at<br>Caesars Palace, Celine embarked on a year-long worldwide tour in<br>2008-2009, visiting 5 continents, 25 countries and playing to more than<br>3 million people.</p><br><p>Now, Celine is getting ready to return to The Colosseum at Caesars<br>Palace in Las Vegas in March 2011, with a brand new-spectacular show.<br>Featuring 31 musicians, consisting of orchestra and band, Celine's new<br>show will include her biggest hits and capture the romance of classic<br>Hollywood movies performed with a stunning visual presentation.</p>",Las Vegas&nbsp;NV &nbsp;89109,
Celine Dion,,http://events.myspace.com/Event/1076049/Celine-Dion,04/02/2011,The Colosseum at Caesars Palace,"After 5 consecutive years of sold-out shows at The Colosseum at<br>Caesars Palace, Celine embarked on a year-long worldwide tour in<br>2008-2009, visiting 5 continents, 25 countries and playing to more than<br>3 million people.</p><br><p>Now, Celine is getting ready to return to The Colosseum at Caesars<br>Palace in Las Vegas in March 2011, with a brand new-spectacular show.<br>Featuring 31 musicians, consisting of orchestra and band, Celine's new<br>show will include her biggest hits and capture the romance of classic<br>Hollywood movies performed with a stunning visual presentation.</p>",Las Vegas&nbsp;NV &nbsp;89109,
Celine Dion,,http://events.myspace.com/Event/1076050/Celine-Dion,04/03/2011,The Colosseum at Caesars Palace,"After 5 consecutive years of sold-out shows at The Colosseum at<br>Caesars Palace, Celine embarked on a year-long worldwide tour in<br>2008-2009, visiting 5 continents, 25 countries and playing to more than<br>3 million people.</p><br><p>Now, Celine is getting ready to return to The Colosseum at Caesars<br>Palace in Las Vegas in March 2011, with a brand new-spectacular show.<br>Featuring 31 musicians, consisting of orchestra and band, Celine's new<br>show will include her biggest hits and capture the romance of classic<br>Hollywood movies performed with a stunning visual presentation.</p>",Las Vegas&nbsp;NV &nbsp;89109,
Celine Dion,,http://events.myspace.com/Event/1076051/Celine-Dion,04/06/2011,The Colosseum at Caesars Palace,"After 5 consecutive years of sold-out shows at The Colosseum at<br>Caesars Palace, Celine embarked on a year-long worldwide tour in<br>2008-2009, visiting 5 continents, 25 countries and playing to more than<br>3 million people.</p><br><p>Now, Celine is getting ready to return to The Colosseum at Caesars<br>Palace in Las Vegas in March 2011, with a brand new-spectacular show.<br>Featuring 31 musicians, consisting of orchestra and band, Celine's new<br>show will include her biggest hits and capture the romance of classic<br>Hollywood movies performed with a stunning visual presentation.</p>",Las Vegas&nbsp;NV &nbsp;89109,
Celine Dion,,http://events.myspace.com/Event/1076052/Celine-Dion,04/07/2011,The Colosseum at Caesars Palace,"After 5 consecutive years of sold-out shows at The Colosseum at<br>Caesars Palace, Celine embarked on a year-long worldwide tour in<br>2008-2009, visiting 5 continents, 25 countries and playing to more than<br>3 million people.</p><br><p>Now, Celine is getting ready to return to The Colosseum at Caesars<br>Palace in Las Vegas in March 2011, with a brand new-spectacular show.<br>Featuring 31 musicians, consisting of orchestra and band, Celine's new<br>show will include her biggest hits and capture the romance of classic<br>Hollywood movies performed with a stunning visual presentation.</p>",Las Vegas&nbsp;NV &nbsp;89109,
Celine Dion,,http://events.myspace.com/Event/1076053/Celine-Dion,04/09/2011,The Colosseum at Caesars Palace,"After 5 consecutive years of sold-out shows at The Colosseum at<br>Caesars Palace, Celine embarked on a year-long worldwide tour in<br>2008-2009, visiting 5 continents, 25 countries and playing to more than<br>3 million people.</p><br><p>Now, Celine is getting ready to return to The Colosseum at Caesars<br>Palace in Las Vegas in March 2011, with a brand new-spectacular show.<br>Featuring 31 musicians, consisting of orchestra and band, Celine's new<br>show will include her biggest hits and capture the romance of classic<br>Hollywood movies performed with a stunning visual presentation.</p>",Las Vegas&nbsp;NV &nbsp;89109,
Celine Dion,,http://events.myspace.com/Event/1076054/Celine-Dion,04/10/2011,The Colosseum at Caesars Palace,"After 5 consecutive years of sold-out shows at The Colosseum at<br>Caesars Palace, Celine embarked on a year-long worldwide tour in<br>2008-2009, visiting 5 continents, 25 countries and playing to more than<br>3 million people.</p><br><p>Now, Celine is getting ready to return to The Colosseum at Caesars<br>Palace in Las Vegas in March 2011, with a brand new-spectacular show.<br>Featuring 31 musicians, consisting of orchestra and band, Celine's new<br>show will include her biggest hits and capture the romance of classic<br>Hollywood movies performed with a stunning visual presentation.</p>",Las Vegas&nbsp;NV &nbsp;89109,
Celine Dion,,http://events.myspace.com/Event/1076055/Celine-Dion,04/12/2011,The Colosseum at Caesars Palace,"After 5 consecutive years of sold-out shows at The Colosseum at<br>Caesars Palace, Celine embarked on a year-long worldwide tour in<br>2008-2009, visiting 5 continents, 25 countries and playing to more than<br>3 million people.</p><br><p>Now, Celine is getting ready to return to The Colosseum at Caesars<br>Palace in Las Vegas in March 2011, with a brand new-spectacular show.<br>Featuring 31 musicians, consisting of orchestra and band, Celine's new<br>show will include her biggest hits and capture the romance of classic<br>Hollywood movies performed with a stunning visual presentation.</p>",Las Vegas&nbsp;NV &nbsp;89109,
Celine Dion,,http://events.myspace.com/Event/1076056/Celine-Dion,04/13/2011,The Colosseum at Caesars Palace,"After 5 consecutive years of sold-out shows at The Colosseum at<br>Caesars Palace, Celine embarked on a year-long worldwide tour in<br>2008-2009, visiting 5 continents, 25 countries and playing to more than<br>3 million people.</p><br><p>Now, Celine is getting ready to return to The Colosseum at Caesars<br>Palace in Las Vegas in March 2011, with a brand new-spectacular show.<br>Featuring 31 musicians, consisting of orchestra and band, Celine's new<br>show will include her biggest hits and capture the romance of classic<br>Hollywood movies performed with a stunning visual presentation.</p>",Las Vegas&nbsp;NV &nbsp;89109,
Celine Dion,,http://events.myspace.com/Event/1076057/Celine-Dion,04/15/2011,The Colosseum at Caesars Palace,"After 5 consecutive years of sold-out shows at The Colosseum at<br>Caesars Palace, Celine embarked on a year-long worldwide tour in<br>2008-2009, visiting 5 continents, 25 countries and playing to more than<br>3 million people.</p><br><p>Now, Celine is getting ready to return to The Colosseum at Caesars<br>Palace in Las Vegas in March 2011, with a brand new-spectacular show.<br>Featuring 31 musicians, consisting of orchestra and band, Celine's new<br>show will include her biggest hits and capture the romance of classic<br>Hollywood movies performed with a stunning visual presentation.</p>",Las Vegas&nbsp;NV &nbsp;89109,
Celine Dion,,http://events.myspace.com/Event/1076058/Celine-Dion,04/16/2011,The Colosseum at Caesars Palace,"After 5 consecutive years of sold-out shows at The Colosseum at<br>Caesars Palace, Celine embarked on a year-long worldwide tour in<br>2008-2009, visiting 5 continents, 25 countries and playing to more than<br>3 million people.</p><br><p>Now, Celine is getting ready to return to The Colosseum at Caesars<br>Palace in Las Vegas in March 2011, with a brand new-spectacular show.<br>Featuring 31 musicians, consisting of orchestra and band, Celine's new<br>show will include her biggest hits and capture the romance of classic<br>Hollywood movies performed with a stunning visual presentation.</p>",Las Vegas&nbsp;NV &nbsp;89109,
Celine Dion,,http://events.myspace.com/Event/1076059/Celine-Dion,04/17/2011,The Colosseum at Caesars Palace,"After 5 consecutive years of sold-out shows at The Colosseum at<br>Caesars Palace, Celine embarked on a year-long worldwide tour in<br>2008-2009, visiting 5 continents, 25 countries and playing to more than<br>3 million people.</p><br><p>Now, Celine is getting ready to return to The Colosseum at Caesars<br>Palace in Las Vegas in March 2011, with a brand new-spectacular show.<br>Featuring 31 musicians, consisting of orchestra and band, Celine's new<br>show will include her biggest hits and capture the romance of classic<br>Hollywood movies performed with a stunning visual presentation.</p>",Las Vegas&nbsp;NV &nbsp;89109,
Celine Dion,,http://events.myspace.com/Event/1076060/Celine-Dion,06/07/2011,The Colosseum at Caesars Palace,"After 5 consecutive years of sold-out shows at The Colosseum at<br>Caesars Palace, Celine embarked on a year-long worldwide tour in<br>2008-2009, visiting 5 continents, 25 countries and playing to more than<br>3 million people.</p><br><p>Now, Celine is getting ready to return to The Colosseum at Caesars<br>Palace in Las Vegas in March 2011, with a brand new-spectacular show.<br>Featuring 31 musicians, consisting of orchestra and band, Celine's new<br>show will include her biggest hits and capture the romance of classic<br>Hollywood movies performed with a stunning visual presentation.</p>",Las Vegas&nbsp;NV &nbsp;89109,
Celine Dion,,http://events.myspace.com/Event/1076061/Celine-Dion,06/08/2011,The Colosseum at Caesars Palace,"After 5 consecutive years of sold-out shows at The Colosseum at<br>Caesars Palace, Celine embarked on a year-long worldwide tour in<br>2008-2009, visiting 5 continents, 25 countries and playing to more than<br>3 million people.</p><br><p>Now, Celine is getting ready to return to The Colosseum at Caesars<br>Palace in Las Vegas in March 2011, with a brand new-spectacular show.<br>Featuring 31 musicians, consisting of orchestra and band, Celine's new<br>show will include her biggest hits and capture the romance of classic<br>Hollywood movies performed with a stunning visual presentation.</p>",Las Vegas&nbsp;NV &nbsp;89109,
Celine Dion,,http://events.myspace.com/Event/1076062/Celine-Dion,06/11/2011,The Colosseum at Caesars Palace,"After 5 consecutive years of sold-out shows at The Colosseum at<br>Caesars Palace, Celine embarked on a year-long worldwide tour in<br>2008-2009, visiting 5 continents, 25 countries and playing to more than<br>3 million people.</p><br><p>Now, Celine is getting ready to return to The Colosseum at Caesars<br>Palace in Las Vegas in March 2011, with a brand new-spectacular show.<br>Featuring 31 musicians, consisting of orchestra and band, Celine's new<br>show will include her biggest hits and capture the romance of classic<br>Hollywood movies performed with a stunning visual presentation.</p>",Las Vegas&nbsp;NV &nbsp;89109,
Celine Dion,,http://events.myspace.com/Event/1076063/Celine-Dion,06/12/2011,The Colosseum at Caesars Palace,"After 5 consecutive years of sold-out shows at The Colosseum at<br>Caesars Palace, Celine embarked on a year-long worldwide tour in<br>2008-2009, visiting 5 continents, 25 countries and playing to more than<br>3 million people.</p><br><p>Now, Celine is getting ready to return to The Colosseum at Caesars<br>Palace in Las Vegas in March 2011, with a brand new-spectacular show.<br>Featuring 31 musicians, consisting of orchestra and band, Celine's new<br>show will include her biggest hits and capture the romance of classic<br>Hollywood movies performed with a stunning visual presentation.</p>",Las Vegas&nbsp;NV &nbsp;89109,
Celine Dion,,http://events.myspace.com/Event/1076064/Celine-Dion,06/14/2011,The Colosseum at Caesars Palace,"After 5 consecutive years of sold-out shows at The Colosseum at<br>Caesars Palace, Celine embarked on a year-long worldwide tour in<br>2008-2009, visiting 5 continents, 25 countries and playing to more than<br>3 million people.</p><br><p>Now, Celine is getting ready to return to The Colosseum at Caesars<br>Palace in Las Vegas in March 2011, with a brand new-spectacular show.<br>Featuring 31 musicians, consisting of orchestra and band, Celine's new<br>show will include her biggest hits and capture the romance of classic<br>Hollywood movies performed with a stunning visual presentation.</p>",Las Vegas&nbsp;NV &nbsp;89109,
Celine Dion,,http://events.myspace.com/Event/1076065/Celine-Dion,06/15/2011,The Colosseum at Caesars Palace,"After 5 consecutive years of sold-out shows at The Colosseum at<br>Caesars Palace, Celine embarked on a year-long worldwide tour in<br>2008-2009, visiting 5 continents, 25 countries and playing to more than<br>3 million people.</p><br><p>Now, Celine is getting ready to return to The Colosseum at Caesars<br>Palace in Las Vegas in March 2011, with a brand new-spectacular show.<br>Featuring 31 musicians, consisting of orchestra and band, Celine's new<br>show will include her biggest hits and capture the romance of classic<br>Hollywood movies performed with a stunning visual presentation.</p>",Las Vegas&nbsp;NV &nbsp;89109,
Celine Dion,,http://events.myspace.com/Event/1076066/Celine-Dion,06/18/2011,The Colosseum at Caesars Palace,"After 5 consecutive years of sold-out shows at The Colosseum at<br>Caesars Palace, Celine embarked on a year-long worldwide tour in<br>2008-2009, visiting 5 continents, 25 countries and playing to more than<br>3 million people.</p><br><p>Now, Celine is getting ready to return to The Colosseum at Caesars<br>Palace in Las Vegas in March 2011, with a brand new-spectacular show.<br>Featuring 31 musicians, consisting of orchestra and band, Celine's new<br>show will include her biggest hits and capture the romance of classic<br>Hollywood movies performed with a stunning visual presentation.</p>",Las Vegas&nbsp;NV &nbsp;89109,
Celine Dion,,http://events.myspace.com/Event/1076067/Celine-Dion,06/19/2011,The Colosseum at Caesars Palace,"After 5 consecutive years of sold-out shows at The Colosseum at<br>Caesars Palace, Celine embarked on a year-long worldwide tour in<br>2008-2009, visiting 5 continents, 25 countries and playing to more than<br>3 million people.</p><br><p>Now, Celine is getting ready to return to The Colosseum at Caesars<br>Palace in Las Vegas in March 2011, with a brand new-spectacular show.<br>Featuring 31 musicians, consisting of orchestra and band, Celine's new<br>show will include her biggest hits and capture the romance of classic<br>Hollywood movies performed with a stunning visual presentation.</p>",Las Vegas&nbsp;NV &nbsp;89109,
Celine Dion,,http://events.myspace.com/Event/1076068/Celine-Dion,06/21/2011,The Colosseum at Caesars Palace,"After 5 consecutive years of sold-out shows at The Colosseum at<br>Caesars Palace, Celine embarked on a year-long worldwide tour in<br>2008-2009, visiting 5 continents, 25 countries and playing to more than<br>3 million people.</p><br><p>Now, Celine is getting ready to return to The Colosseum at Caesars<br>Palace in Las Vegas in March 2011, with a brand new-spectacular show.<br>Featuring 31 musicians, consisting of orchestra and band, Celine's new<br>show will include her biggest hits and capture the romance of classic<br>Hollywood movies performed with a stunning visual presentation.</p>",Las Vegas&nbsp;NV &nbsp;89109,
Celine Dion,,http://events.myspace.com/Event/1076069/Celine-Dion,06/22/2011,The Colosseum at Caesars Palace,"After 5 consecutive years of sold-out shows at The Colosseum at<br>Caesars Palace, Celine embarked on a year-long worldwide tour in<br>2008-2009, visiting 5 continents, 25 countries and playing to more than<br>3 million people.</p><br><p>Now, Celine is getting ready to return to The Colosseum at Caesars<br>Palace in Las Vegas in March 2011, with a brand new-spectacular show.<br>Featuring 31 musicians, consisting of orchestra and band, Celine's new<br>show will include her biggest hits and capture the romance of classic<br>Hollywood movies performed with a stunning visual presentation.</p>",Las Vegas&nbsp;NV &nbsp;89109,
Celine Dion,,http://events.myspace.com/Event/1076070/Celine-Dion,06/25/2011,The Colosseum at Caesars Palace,"After 5 consecutive years of sold-out shows at The Colosseum at<br>Caesars Palace, Celine embarked on a year-long worldwide tour in<br>2008-2009, visiting 5 continents, 25 countries and playing to more than<br>3 million people.</p><br><p>Now, Celine is getting ready to return to The Colosseum at Caesars<br>Palace in Las Vegas in March 2011, with a brand new-spectacular show.<br>Featuring 31 musicians, consisting of orchestra and band, Celine's new<br>show will include her biggest hits and capture the romance of classic<br>Hollywood movies performed with a stunning visual presentation.</p>",Las Vegas&nbsp;NV &nbsp;89109,
Celine Dion,,http://events.myspace.com/Event/1076071/Celine-Dion,06/26/2011,The Colosseum at Caesars Palace,"After 5 consecutive years of sold-out shows at The Colosseum at<br>Caesars Palace, Celine embarked on a year-long worldwide tour in<br>2008-2009, visiting 5 continents, 25 countries and playing to more than<br>3 million people.</p><br><p>Now, Celine is getting ready to return to The Colosseum at Caesars<br>Palace in Las Vegas in March 2011, with a brand new-spectacular show.<br>Featuring 31 musicians, consisting of orchestra and band, Celine's new<br>show will include her biggest hits and capture the romance of classic<br>Hollywood movies performed with a stunning visual presentation.</p>",Las Vegas&nbsp;NV &nbsp;89109,
Celine Dion,,http://events.myspace.com/Event/1076072/Celine-Dion,06/28/2011,The Colosseum at Caesars Palace,"After 5 consecutive years of sold-out shows at The Colosseum at<br>Caesars Palace, Celine embarked on a year-long worldwide tour in<br>2008-2009, visiting 5 continents, 25 countries and playing to more than<br>3 million people.</p><br><p>Now, Celine is getting ready to return to The Colosseum at Caesars<br>Palace in Las Vegas in March 2011, with a brand new-spectacular show.<br>Featuring 31 musicians, consisting of orchestra and band, Celine's new<br>show will include her biggest hits and capture the romance of classic<br>Hollywood movies performed with a stunning visual presentation.</p>",Las Vegas&nbsp;NV &nbsp;89109,
Celine Dion,,http://events.myspace.com/Event/1076073/Celine-Dion,06/29/2011,The Colosseum at Caesars Palace,"After 5 consecutive years of sold-out shows at The Colosseum at<br>Caesars Palace, Celine embarked on a year-long worldwide tour in<br>2008-2009, visiting 5 continents, 25 countries and playing to more than<br>3 million people.</p><br><p>Now, Celine is getting ready to return to The Colosseum at Caesars<br>Palace in Las Vegas in March 2011, with a brand new-spectacular show.<br>Featuring 31 musicians, consisting of orchestra and band, Celine's new<br>show will include her biggest hits and capture the romance of classic<br>Hollywood movies performed with a stunning visual presentation.</p>",Las Vegas&nbsp;NV &nbsp;89109,
Celine Dion,,http://events.myspace.com/Event/1076074/Celine-Dion,07/01/2011,The Colosseum at Caesars Palace,"After 5 consecutive years of sold-out shows at The Colosseum at<br>Caesars Palace, Celine embarked on a year-long worldwide tour in<br>2008-2009, visiting 5 continents, 25 countries and playing to more than<br>3 million people.</p><br><p>Now, Celine is getting ready to return to The Colosseum at Caesars<br>Palace in Las Vegas in March 2011, with a brand new-spectacular show.<br>Featuring 31 musicians, consisting of orchestra and band, Celine's new<br>show will include her biggest hits and capture the romance of classic<br>Hollywood movies performed with a stunning visual presentation.</p>",Las Vegas&nbsp;NV &nbsp;89109,
Celine Dion,,http://events.myspace.com/Event/1076075/Celine-Dion,07/02/2011,The Colosseum at Caesars Palace,"After 5 consecutive years of sold-out shows at The Colosseum at<br>Caesars Palace, Celine embarked on a year-long worldwide tour in<br>2008-2009, visiting 5 continents, 25 countries and playing to more than<br>3 million people.</p><br><p>Now, Celine is getting ready to return to The Colosseum at Caesars<br>Palace in Las Vegas in March 2011, with a brand new-spectacular show.<br>Featuring 31 musicians, consisting of orchestra and band, Celine's new<br>show will include her biggest hits and capture the romance of classic<br>Hollywood movies performed with a stunning visual presentation.</p>",Las Vegas&nbsp;NV &nbsp;89109,
Celine Dion,,http://events.myspace.com/Event/1076076/Celine-Dion,07/03/2011,The Colosseum at Caesars Palace,"After 5 consecutive years of sold-out shows at The Colosseum at<br>Caesars Palace, Celine embarked on a year-long worldwide tour in<br>2008-2009, visiting 5 continents, 25 countries and playing to more than<br>3 million people.</p><br><p>Now, Celine is getting ready to return to The Colosseum at Caesars<br>Palace in Las Vegas in March 2011, with a brand new-spectacular show.<br>Featuring 31 musicians, consisting of orchestra and band, Celine's new<br>show will include her biggest hits and capture the romance of classic<br>Hollywood movies performed with a stunning visual presentation.</p>",Las Vegas&nbsp;NV &nbsp;89109,
Celine Dion,,http://events.myspace.com/Event/1076077/Celine-Dion,07/19/2011,The Colosseum at Caesars Palace,"After 5 consecutive years of sold-out shows at The Colosseum at<br>Caesars Palace, Celine embarked on a year-long worldwide tour in<br>2008-2009, visiting 5 continents, 25 countries and playing to more than<br>3 million people.</p><br><p>Now, Celine is getting ready to return to The Colosseum at Caesars<br>Palace in Las Vegas in March 2011, with a brand new-spectacular show.<br>Featuring 31 musicians, consisting of orchestra and band, Celine's new<br>show will include her biggest hits and capture the romance of classic<br>Hollywood movies performed with a stunning visual presentation.</p>",Las Vegas&nbsp;NV &nbsp;89109,
Celine Dion,,http://events.myspace.com/Event/1076078/Celine-Dion,07/20/2011,The Colosseum at Caesars Palace,"After 5 consecutive years of sold-out shows at The Colosseum at<br>Caesars Palace, Celine embarked on a year-long worldwide tour in<br>2008-2009, visiting 5 continents, 25 countries and playing to more than<br>3 million people.</p><br><p>Now, Celine is getting ready to return to The Colosseum at Caesars<br>Palace in Las Vegas in March 2011, with a brand new-spectacular show.<br>Featuring 31 musicians, consisting of orchestra and band, Celine's new<br>show will include her biggest hits and capture the romance of classic<br>Hollywood movies performed with a stunning visual presentation.</p>",Las Vegas&nbsp;NV &nbsp;89109,
Celine Dion,,http://events.myspace.com/Event/1076079/Celine-Dion,07/23/2011,The Colosseum at Caesars Palace,"After 5 consecutive years of sold-out shows at The Colosseum at<br>Caesars Palace, Celine embarked on a year-long worldwide tour in<br>2008-2009, visiting 5 continents, 25 countries and playing to more than<br>3 million people.</p><br><p>Now, Celine is getting ready to return to The Colosseum at Caesars<br>Palace in Las Vegas in March 2011, with a brand new-spectacular show.<br>Featuring 31 musicians, consisting of orchestra and band, Celine's new<br>show will include her biggest hits and capture the romance of classic<br>Hollywood movies performed with a stunning visual presentation.</p>",Las Vegas&nbsp;NV &nbsp;89109,
Celine Dion,,http://events.myspace.com/Event/1076080/Celine-Dion,07/24/2011,The Colosseum at Caesars Palace,"After 5 consecutive years of sold-out shows at The Colosseum at<br>Caesars Palace, Celine embarked on a year-long worldwide tour in<br>2008-2009, visiting 5 continents, 25 countries and playing to more than<br>3 million people.</p><br><p>Now, Celine is getting ready to return to The Colosseum at Caesars<br>Palace in Las Vegas in March 2011, with a brand new-spectacular show.<br>Featuring 31 musicians, consisting of orchestra and band, Celine's new<br>show will include her biggest hits and capture the romance of classic<br>Hollywood movies performed with a stunning visual presentation.</p>",Las Vegas&nbsp;NV &nbsp;89109,
Celine Dion,,http://events.myspace.com/Event/1076081/Celine-Dion,07/26/2011,The Colosseum at Caesars Palace,"After 5 consecutive years of sold-out shows at The Colosseum at<br>Caesars Palace, Celine embarked on a year-long worldwide tour in<br>2008-2009, visiting 5 continents, 25 countries and playing to more than<br>3 million people.</p><br><p>Now, Celine is getting ready to return to The Colosseum at Caesars<br>Palace in Las Vegas in March 2011, with a brand new-spectacular show.<br>Featuring 31 musicians, consisting of orchestra and band, Celine's new<br>show will include her biggest hits and capture the romance of classic<br>Hollywood movies performed with a stunning visual presentation.</p>",Las Vegas&nbsp;NV &nbsp;89109,
Celine Dion,,http://events.myspace.com/Event/1076082/Celine-Dion,07/27/2011,The Colosseum at Caesars Palace,"After 5 consecutive years of sold-out shows at The Colosseum at<br>Caesars Palace, Celine embarked on a year-long worldwide tour in<br>2008-2009, visiting 5 continents, 25 countries and playing to more than<br>3 million people.</p><br><p>Now, Celine is getting ready to return to The Colosseum at Caesars<br>Palace in Las Vegas in March 2011, with a brand new-spectacular show.<br>Featuring 31 musicians, consisting of orchestra and band, Celine's new<br>show will include her biggest hits and capture the romance of classic<br>Hollywood movies performed with a stunning visual presentation.</p>",Las Vegas&nbsp;NV &nbsp;89109,
Celine Dion,,http://events.myspace.com/Event/1076083/Celine-Dion,07/30/2011,The Colosseum at Caesars Palace,"After 5 consecutive years of sold-out shows at The Colosseum at<br>Caesars Palace, Celine embarked on a year-long worldwide tour in<br>2008-2009, visiting 5 continents, 25 countries and playing to more than<br>3 million people.</p><br><p>Now, Celine is getting ready to return to The Colosseum at Caesars<br>Palace in Las Vegas in March 2011, with a brand new-spectacular show.<br>Featuring 31 musicians, consisting of orchestra and band, Celine's new<br>show will include her biggest hits and capture the romance of classic<br>Hollywood movies performed with a stunning visual presentation.</p>",Las Vegas&nbsp;NV &nbsp;89109,
Celine Dion,,http://events.myspace.com/Event/1093720/Celine-Dion,07/31/2011,The Colosseum at Caesars Palace,,Las Vegas&nbsp;NV &nbsp;89109,
Celine Dion,,http://events.myspace.com/Event/1076084/Celine-Dion,08/02/2011,The Colosseum at Caesars Palace,"After 5 consecutive years of sold-out shows at The Colosseum at<br>Caesars Palace, Celine embarked on a year-long worldwide tour in<br>2008-2009, visiting 5 continents, 25 countries and playing to more than<br>3 million people.</p><br><p>Now, Celine is getting ready to return to The Colosseum at Caesars<br>Palace in Las Vegas in March 2011, with a brand new-spectacular show.<br>Featuring 31 musicians, consisting of orchestra and band, Celine's new<br>show will include her biggest hits and capture the romance of classic<br>Hollywood movies performed with a stunning visual presentation.</p>",Las Vegas&nbsp;NV &nbsp;89109,
Celine Dion,,http://events.myspace.com/Event/1076085/Celine-Dion,08/03/2011,The Colosseum at Caesars Palace,"After 5 consecutive years of sold-out shows at The Colosseum at<br>Caesars Palace, Celine embarked on a year-long worldwide tour in<br>2008-2009, visiting 5 continents, 25 countries and playing to more than<br>3 million people.</p><br><p>Now, Celine is getting ready to return to The Colosseum at Caesars<br>Palace in Las Vegas in March 2011, with a brand new-spectacular show.<br>Featuring 31 musicians, consisting of orchestra and band, Celine's new<br>show will include her biggest hits and capture the romance of classic<br>Hollywood movies performed with a stunning visual presentation.</p>",Las Vegas&nbsp;NV &nbsp;89109,
Celine Dion,,http://events.myspace.com/Event/1093721/Celine-Dion,08/06/2011,The Colosseum at Caesars Palace,,Las Vegas&nbsp;NV &nbsp;89109,
Celine Dion,,http://events.myspace.com/Event/1076086/Celine-Dion,08/07/2011,The Colosseum at Caesars Palace,"After 5 consecutive years of sold-out shows at The Colosseum at<br>Caesars Palace, Celine embarked on a year-long worldwide tour in<br>2008-2009, visiting 5 continents, 25 countries and playing to more than<br>3 million people.</p><br><p>Now, Celine is getting ready to return to The Colosseum at Caesars<br>Palace in Las Vegas in March 2011, with a brand new-spectacular show.<br>Featuring 31 musicians, consisting of orchestra and band, Celine's new<br>show will include her biggest hits and capture the romance of classic<br>Hollywood movies performed with a stunning visual presentation.</p>",Las Vegas&nbsp;NV &nbsp;89109,
Celine Dion,,http://events.myspace.com/Event/1076087/Celine-Dion,08/09/2011,The Colosseum at Caesars Palace,"After 5 consecutive years of sold-out shows at The Colosseum at<br>Caesars Palace, Celine embarked on a year-long worldwide tour in<br>2008-2009, visiting 5 continents, 25 countries and playing to more than<br>3 million people.</p><br><p>Now, Celine is getting ready to return to The Colosseum at Caesars<br>Palace in Las Vegas in March 2011, with a brand new-spectacular show.<br>Featuring 31 musicians, consisting of orchestra and band, Celine's new<br>show will include her biggest hits and capture the romance of classic<br>Hollywood movies performed with a stunning visual presentation.</p>",Las Vegas&nbsp;NV &nbsp;89109,
Celine Dion,,http://events.myspace.com/Event/1076088/Celine-Dion,08/10/2011,The Colosseum at Caesars Palace,"After 5 consecutive years of sold-out shows at The Colosseum at<br>Caesars Palace, Celine embarked on a year-long worldwide tour in<br>2008-2009, visiting 5 continents, 25 countries and playing to more than<br>3 million people.</p><br><p>Now, Celine is getting ready to return to The Colosseum at Caesars<br>Palace in Las Vegas in March 2011, with a brand new-spectacular show.<br>Featuring 31 musicians, consisting of orchestra and band, Celine's new<br>show will include her biggest hits and capture the romance of classic<br>Hollywood movies performed with a stunning visual presentation.</p>",Las Vegas&nbsp;NV &nbsp;89109,
Celine Dion,,http://events.myspace.com/Event/1076089/Celine-Dion,08/12/2011,The Colosseum at Caesars Palace,"After 5 consecutive years of sold-out shows at The Colosseum at<br>Caesars Palace, Celine embarked on a year-long worldwide tour in<br>2008-2009, visiting 5 continents, 25 countries and playing to more than<br>3 million people.</p><br><p>Now, Celine is getting ready to return to The Colosseum at Caesars<br>Palace in Las Vegas in March 2011, with a brand new-spectacular show.<br>Featuring 31 musicians, consisting of orchestra and band, Celine's new<br>show will include her biggest hits and capture the romance of classic<br>Hollywood movies performed with a stunning visual presentation.</p>",Las Vegas&nbsp;NV &nbsp;89109,
Celine Dion,,http://events.myspace.com/Event/1093722/Celine-Dion,08/13/2011,The Colosseum at Caesars Palace,,Las Vegas&nbsp;NV &nbsp;89109,
Celine Dion,,http://events.myspace.com/Event/1076090/Celine-Dion,08/14/2011,The Colosseum at Caesars Palace,"After 5 consecutive years of sold-out shows at The Colosseum at<br>Caesars Palace, Celine embarked on a year-long worldwide tour in<br>2008-2009, visiting 5 continents, 25 countries and playing to more than<br>3 million people.</p><br><p>Now, Celine is getting ready to return to The Colosseum at Caesars<br>Palace in Las Vegas in March 2011, with a brand new-spectacular show.<br>Featuring 31 musicians, consisting of orchestra and band, Celine's new<br>show will include her biggest hits and capture the romance of classic<br>Hollywood movies performed with a stunning visual presentation.</p>",Las Vegas&nbsp;NV &nbsp;89109,
Clay Aiken,11:00 PM,http://events.myspace.com/Event/6985054/Tried--True-Tour,02/23/2011,Belk Theater of the North Carolina Blumenthal Performing Arts Center,Age Requirement: 0+,"130 N. Tryon Street, Charlotte&nbsp;North Carolina&nbsp;28202",7:30 PM
Clay Aiken,11:00 PM,http://events.myspace.com/Event/6985080/Tried--True,02/24/2011,Peace Center Concert Hall,Age Requirement: 0+,"101 W. Broad St, Greenville&nbsp;South Carolina&nbsp;29601",7:30 PM
Clay Aiken,11:00 PM,http://events.myspace.com/Event/6985102/Tried--True,02/26/2011,Theatre at Westbury,Age Requirement: 0+,"960 Brush Hollow Road, Westbury&nbsp;New York&nbsp;11590",7:30 PM
Clay Aiken,10:30 PM,http://events.myspace.com/Event/6985136/Tried--True-Tour,02/27/2011,Keswick Theatre,Age Requirement: 0+,"291 Keswick Ave., Glenside&nbsp;Pennsylvania&nbsp;19038",7:30 PM
Clay Aiken,11:30 PM,http://events.myspace.com/Event/6985173/Tried--True-Tour,03/01/2011,Taft Theatre,Age Requirement: 0+,"317 E. Fifth St., Cincinnati&nbsp;Ohio&nbsp;45202",7:30 PM
Clay Aiken,11:30 PM,http://events.myspace.com/Event/6985205/Tried--True-Tour,03/02/2011,Embassy Centre,Age Requirement: 0+,"121 W. Jefferson Blvd., Fort Wayne&nbsp;Indiana&nbsp;46802",8:00 PM
Clay Aiken,11:30 PM,http://events.myspace.com/Event/6985253/Tried--True-Tour,03/04/2011,Genesee Theatre,Age Requirement: 0+,"221 North Genesee St., Waukegan&nbsp;Illinois&nbsp;60085",8:00 PM
Clay Aiken,11:00 PM,http://events.myspace.com/Event/6985454/Tried--True-Tour,03/05/2011,State Theatre,Age Requirement: 0+,"805 Hennepin Ave., Minneapolis&nbsp;Minnesota&nbsp;55402",7:30 PM
Clay Aiken,11:30 PM,http://events.myspace.com/Event/6985479/Tried--True-Tour,03/07/2011,Minglewood Hall,Age Requirement: 0+,"1555 Madison Ave., Memphis&nbsp;Tennessee&nbsp;38104",7:00 PM
Clay Aiken,11:00 PM,http://events.myspace.com/Event/6985508/Tried--True-Tour,03/08/2011,Verizon Theatre at Grand Prairie,Age Requirement: 0+,"03/08/11, Grand Prairie&nbsp;Texas&nbsp;75050",7:30 PM
Clay Aiken,11:30 PM,http://events.myspace.com/Event/6985539/Tried--True-Tour,03/10/2011,Ikeda Theater,Age Requirement: 0+,"One East Main Street, Mesa&nbsp;Arizona&nbsp;85201",7:00 PM
Clay Aiken,11:30 PM,http://events.myspace.com/Event/6985564/Tried--True-Tour,03/12/2011,The Regency Ballroom,Age Requirement: 0+,"1300 Van Ness, San Francisco&nbsp;California&nbsp;94109",7:00 PM
of Montreal,10:00 PM,http://events.myspace.com/Event/1417147/of-Montreal,01/01/2020,find links to tickets and venue info at: OFMONTREAL.NET,Age Requirement: 0+,"1111111 heimdalsgate, oM&nbsp;Sunlandia&nbsp;30601",8:00 PM
All Time Low,11:30 PM,http://events.myspace.com/Event/7767613/All-Time-Low,02/24/2011,Live Music Hall,Age Requirement: 0+,"Lichtstrasse 30, Cologne&nbsp;&nbsp;50825",8:00 PM
All Time Low,11:30 PM,http://events.myspace.com/Event/7889869/All-Time-Low,02/25/2011,Le Trianon,Venue: http://www.theatreletrianon.com/             	                	      	          	      	<br><br>  					    						Age Requirement: 0+,"80, Bld Rochechouart, Paris&nbsp;&nbsp;75018",8:00 PM
All Time Low,11:30 PM,http://events.myspace.com/Event/7914051/All-Time-Low,02/27/2011,Apollo,Age Requirement: 0+,"Stockport Road, Manchester&nbsp;&nbsp;M12 6A",8:00 PM
All Time Low,11:30 PM,http://events.myspace.com/Event/7716706/All-Time-Low,03/01/2011,Olympia Theatre,Tickets on sale October 1st          	                	      	          	      	<br><br>  					    						Age Requirement: 0+,"72 Dame Street, Dublin&nbsp;&nbsp;2",7:30 PM
All Time Low,,http://events.myspace.com/Event/7653893/All-Time-Low,03/10/2011,The Journal Tyne Theatre Newcastle,,"Westgate Rd, Newcastle Upon Tyne&nbsp;Newcastle&nbsp;NE4 6",
All Time Low,,http://events.myspace.com/Event/7653895/All-Time-Low,03/12/2011,Carling Academy Brixton,,"Stockwell Rd, Lambeth&nbsp;Greater Lo&nbsp;SW9 9",
All Time Low,11:30 PM,http://events.myspace.com/Event/7914073/All-Time-Low,03/13/2011,Academy,Age Requirement: 0+,"211 Stockwell Rd, Brixton&nbsp;&nbsp;SW9 9S",8:00 PM
Joe Diffie,10:30 PM,http://events.myspace.com/Event/7853507/The-Kent-Stage--BLUEGRASS,03/04/2011,The Kent Stage - BLUEGRASS!,Age Requirement: 0+  					      					          	               	  				  					Video  					      <param><param><param>,"175 E Main St, Kent&nbsp;OH&nbsp;44240",9:00 PM
Joe Diffie,10:00 PM,http://events.myspace.com/Event/7796734/Beulahfest,03/19/2011,Beulahfest,Age Requirement: 0+  					      					          	               	  				  					Video  					      <param><param><param>,"7750 Mobile Highway, Pensacola&nbsp;FL&nbsp;32526",9:00 PM
Joe Diffie,8:30 PM,http://events.myspace.com/Event/7623468/Knuckleheads--BLUEGRASS,04/16/2011,Knuckleheads - BLUEGRASS!,Age Requirement: 0+  					      					          	               	  				  					Video  					      <param><param><param>,"2715 Rochester, KC&nbsp;Missouri&nbsp;64120",7:00 PM
I SEE STARS,9:00 PM,http://events.myspace.com/Event/6501887/Melbourne-Soundwave-Festival-,03/04/2011,Melbourne Soundwave Festival @ Melbourne Showgrounds **SOLD OUT**,Age Requirement: 0+,"-, Melbourne&nbsp;-&nbsp;",12:30 PM
Dailey & Vincent,8:30 PM,http://events.myspace.com/Event/7794550/Dailey--Vincent-Concert,02/23/2011,Vilar Center for the Arts,Age Requirement: 0+,"63 Avondale Lane, Beaver Creek&nbsp;Colorado&nbsp;81620",7:00 PM
Dailey & Vincent,8:30 PM,http://events.myspace.com/Event/7794604/Dailey--Vincent-Concert,02/24/2011,Community Concert Hall at Fort Lewis College - Bill Harley Family Concert,Age Requirement: 0+,"1000 Rim Drive, Durango&nbsp;Colorado&nbsp;81301",7:00 PM
Dailey & Vincent,8:30 PM,http://events.myspace.com/Event/7794656/Dailey--Vincent-Concert,03/03/2011,Nelson B.-Brent Tinnin Fine Arts Center Theater,Age Requirement: 0+,"2080 Three Rivers Blvd., Poplar Bluff&nbsp;MO&nbsp;63901",7:00 PM
Dailey & Vincent,6:30 PM,http://events.myspace.com/Event/7794755/Argyle-Bluegrass-Festival,03/04/2011,Cross Timbers Community Church,Age Requirement: 0+,"1119 South US Hwy 377, Argyle&nbsp;TX&nbsp;76226",5:00 PM
Dailey & Vincent,8:30 PM,http://events.myspace.com/Event/7794778/Dailey--Vincent-Concert,03/05/2011,Davis Event Center,Age Requirement: 0+,"Itawamba Community College, Fulton&nbsp;Mississippi&nbsp;38843",7:00 PM
Dailey & Vincent,8:30 PM,http://events.myspace.com/Event/7794814/Dailey--Vincent-Concert,03/10/2011,Faulkner Community College of Performing Arts,Age Requirement: 0+,"1900 US Highway 31 S, Bay Minette&nbsp;AL&nbsp;36507",7:00 PM
Dailey & Vincent,8:30 PM,http://events.myspace.com/Event/7794840/Dailey--Vincent-Concert,03/11/2011,Copeland Hall,Age Requirement: 0+,"103 Barr Avenue, Bowdon&nbsp;Georgia&nbsp;30108",7:00 PM
Dailey & Vincent,9:00 PM,http://events.myspace.com/Event/7794856/Dailey--Vincent-Concert,03/12/2011,Mountaineer Opry House,Age Requirement: 0+,"Just off I-64 10 minutes East of Huntington, WV, Milton&nbsp;West Virginia&nbsp;25541",7:30 PM
Dailey & Vincent,8:30 PM,http://events.myspace.com/Event/7794943/Dailey--Vincent-Concert,03/18/2011,Morristown West Hight School Auditorium,Age Requirement: 0+,"1025 Sulphur Springs Rd., Morristown&nbsp;TN&nbsp;37814",7:00 PM
Dailey & Vincent,9:30 PM,http://events.myspace.com/Event/7795087/Dailey--Vincent-Concert,03/19/2011,Eichelberger Performing Arts Center,Age Requirement: 0+,"195 Stock Street, Hanover&nbsp;PA&nbsp;17331",8:00 PM
Dailey & Vincent,9:00 PM,http://events.myspace.com/Event/7795132/Dailey--Vincent-Concert,03/25/2011,Fisher Auditorium,Age Requirement: 0+,"1680 Madison Avenue, Wooster&nbsp;Ohio&nbsp;44691",7:30 PM
Dailey & Vincent,9:00 PM,http://events.myspace.com/Event/7795146/Southern-Ohio-Indoor-Music-Festival,03/26/2011,The Roberts Center,Age Requirement: 0+,"123 Gano Rd., Wilmington&nbsp;OH&nbsp;45177",7:30 PM
Dailey & Vincent,7:30 PM,http://events.myspace.com/Event/7795172/Dailey--Vincent-Concert,03/27/2011,Woodhaven Free Will Baptist Church,Age Requirement: 0+,"26191 Allen, Woodhaven&nbsp;MI&nbsp;48183",6:00 PM
Dailey & Vincent,9:00 PM,http://events.myspace.com/Event/7795190/Dailey--Vincent-Concert,04/02/2011,New River Community College,Age Requirement: 0+,"5251 College Drive, Dublin&nbsp;VA&nbsp;24084",7:30 PM
Dailey & Vincent,7:00 PM,http://events.myspace.com/Event/7795217/Dailey--Vincent-Concert,04/09/2011,Historic Flagler Museum,Age Requirement: 0+,"1 Whitehall Way, Palm Beach&nbsp;FL&nbsp;33480",5:30 PM
Dailey & Vincent,8:30 PM,http://events.myspace.com/Event/7795231/Dailey--Vincent-Concert,04/15/2011,The Emelin Theater,Age Requirement: 0+,"153 Library Ln, Mamaroneck&nbsp;NY&nbsp;10543",7:00 PM
Dailey & Vincent,9:00 PM,http://events.myspace.com/Event/7795266/Dailey--Vincent-Concert,04/29/2011,Grand Theatre,Age Requirement: 0+,"28 North Sixth Street, Keokuk&nbsp;IA&nbsp;52632",7:30 PM
Dailey & Vincent,9:30 PM,http://events.myspace.com/Event/7795282/Country-Bluegrass-Show,04/30/2011,Lincoln County Fairgrounds,Age Requirement: 0+,"Rodeo Rd, North Platte&nbsp;NE&nbsp;69101",8:00 PM
Dailey & Vincent,6:30 PM,http://events.myspace.com/Event/7795305/Denton-Farm-Park-Bluegrass-Festival,05/05/2011,Denton Farm Park,Age Requirement: 0+,"1072 Cranford Road, Denton&nbsp;North Carolina&nbsp;27239",5:00 PM
Dailey & Vincent,10:30 PM,http://events.myspace.com/Event/7795336/Festival-In-The-Pines,05/06/2011,Tripple Creek Music Campground,Age Requirement: 0+,"1184 Tripple Creek Rd., Rocky Mount&nbsp;VA&nbsp;24151",9:00 PM
Dailey & Vincent,11:00 PM,http://events.myspace.com/Event/7795383/Ralph-Stanley-Memorial-Bluegrass-Weekend,05/26/2011,Hills Of Home Park,Age Requirement: 0+,"Smith Ridge, McClure&nbsp;VA&nbsp;24269",9:30 PM
Dailey & Vincent,9:30 PM,http://events.myspace.com/Event/7795443/Lil-Johns-Mountain-Music-Festival,05/27/2011,Lil John's Mountain Music Festival Site,Age Requirement: 0+,"1256 Longest Acre Rd., Snow Camp&nbsp;NC&nbsp;27349",8:00 PM
Dailey & Vincent,9:30 PM,http://events.myspace.com/Event/7795486/Strawberry-Park-Bluegrass-Festival,06/03/2011,Strawberry Park Bluegrass Festival,Age Requirement: 0+,"42 Pierce Road, Preston&nbsp;Connecticut&nbsp;06365",8:00 PM
Dailey & Vincent,6:00 PM,http://events.myspace.com/Event/7795514/Graves-Mountain-Festival-of-Music,06/04/2011,Graves Mountain Lodge,Age Requirement: 0+,"Route 670, Syria&nbsp;Virginia&nbsp;22743",4:30 PM
Dailey & Vincent,10:30 PM,http://events.myspace.com/Event/7795572/Cherokee-Bluegrass-Festival,06/17/2011,Happy Holiday Campground,Age Requirement: 0+,"US 19 North, Cherokee&nbsp;NC&nbsp;28719",9:00 PM
Dailey & Vincent,6:30 PM,http://events.myspace.com/Event/7795596/Music-In-the-Mountains-Bluegrass-Festival,06/22/2011,Summersville Music Park,Age Requirement: 0+,"7441 Webster Rd., Hwy 41 N, Summersville&nbsp;WV&nbsp;26651",5:00 PM
Dailey & Vincent,6:30 PM,http://events.myspace.com/Event/7795620/Rudyfest,06/23/2011,Carter County Fairgrounds US 60,Age Requirement: 0+,"US 60, Grayson&nbsp;KY&nbsp;41143",5:00 PM
Dailey & Vincent,6:30 PM,http://events.myspace.com/Event/7795644/Red-White-and-Bluegrass-Festival,07/01/2011,River Stage,Age Requirement: 0+,"701 Sanford Dr., Morganton&nbsp;NC&nbsp;28655",5:00 PM
Dailey & Vincent,9:30 PM,http://events.myspace.com/Event/7795672/Shadow-Valley-Gospel-Music-Festival,07/02/2011,Shadow Valley,Age Requirement: 0+,"54 Warden Rd., Fayetteville&nbsp;TN&nbsp;37334",8:00 PM
Dailey & Vincent,,http://events.myspace.com/Event/7846059/Dailey--Vincent--vacation,07/03/2011,Vacation from July 3 to July 10,Age Requirement: 0+,"2011, 123, Nashville&nbsp;TN&nbsp;37212",
Dailey & Vincent,6:30 PM,http://events.myspace.com/Event/7795787/Bluegrass-Tuesdays,07/12/2011,Warren County Courthouse Lawn,Age Requirement: 0+,"115 North Howard St., Indianola&nbsp;IA&nbsp;50125",5:00 PM
Dailey & Vincent,,http://events.myspace.com/Event/7795805/Pickin-On-The-Plains,07/15/2011,Thomas County Fairgrounds,Age Requirement: 0+,"Thomas County Fairgrounds, Colby&nbsp;KS&nbsp;67701",
Dailey & Vincent,8:30 PM,http://events.myspace.com/Event/7795829/Dailey--Vincent-Concert,07/23/2011,SIMON J. GRABER COMMUNITY BUILDING,Age Requirement: 0+,"7317 E. 1150 North, Odon&nbsp;IN&nbsp;47562",7:00 PM
Dailey & Vincent,7:30 PM,http://events.myspace.com/Event/7795857/Dailey--Vincent-Concert,07/24/2011,First Baptist Church Indian Trail,Age Requirement: 0+,"3512 Faith Church Rd., Indian Trail&nbsp;NC&nbsp;28079",6:00 PM
Dailey & Vincent,9:30 PM,http://events.myspace.com/Event/7795882/Missouri-State-Fair,08/17/2011,Grand Stand Even,Age Requirement: 0+,"2503 W 16th St., Sedalia&nbsp;MO&nbsp;65301",8:00 PM
Dailey & Vincent,9:30 PM,http://events.myspace.com/Event/7922824/The-Free-State-Bluegrass-Music-Festival,08/20/2011,First Monday Park Civic Center,Age Requirement: 0+,"Civic Center, Canton&nbsp;Texas&nbsp;75103",8:00 PM
Dailey & Vincent,,http://events.myspace.com/Event/7795924/Bluegrass-Gospel-Show,08/26/2011,Blue Gate Theatre,Age Requirement: 0+,"105 Middlebury St, Shipshewana&nbsp;IN&nbsp;46565",
Dailey & Vincent,,http://events.myspace.com/Event/7899438/20th-Annual-Appalachian-and-Bluegrass-Festival,09/03/2011,Ulster American Folk Park,Age Requirement: 0+,"Northern Ireland, Omagh&nbsp;&nbsp",
Dailey & Vincent,10:30 PM,http://events.myspace.com/Event/7796014/Starvy-Creek-Bluegrass-Festival,09/15/2011,Starvy Creek Bluegrass Festival,Age Requirement: 0+,"2229 Bluegrass Road, Conway&nbsp;MO&nbsp;65632",9:00 PM
Dailey & Vincent,11:00 PM,http://events.myspace.com/Event/7922748/Dumplin-Valley-Bluegrass-Festival,09/17/2011,Dumplin Valley,Age Requirement: 0+,"525 E. Dumplin Valley Rd., Kodak&nbsp;TN&nbsp;37764",9:30 PM
Dailey & Vincent,8:30 PM,http://events.myspace.com/Event/7922796/Dailey--Vincent-concert,10/15/2011,Dark County Center for the Performing Arts,Age Requirement: 0+,"215 W Fourth St., Greenville&nbsp;OH&nbsp;45331",7:00 PM
Dailey & Vincent,8:30 PM,http://events.myspace.com/Event/7796035/Dailey--Vincent-Concert,12/02/2011,OLD ROCK SCHOOL,Age Requirement: 0+,"141 OLD ROCK SCHOOL, VALDESE&nbsp;NC&nbsp;28690",7:00 PM
Dailey & Vincent,8:30 PM,http://events.myspace.com/Event/7796060/Dailey--Vincent-Concert,12/03/2011,Clayton Arts Center,Age Requirement: 0+,"111 East 2nd St., Clayton&nbsp;NC&nbsp;27520",7:00 PM
Wayne Hancock,12:30 PM,http://events.myspace.com/Event/7842266/Rockabilly-Rave-UK,06/16/2011,Rockabilly Rave June 2011 - TBA,Age Requirement: 0+,"TBA, TBA&nbsp;&nbsp;TB",2:00 AM
Bill Frisell,10:30 PM,http://events.myspace.com/Event/4928103/The-Music-of-Speedy-West-and-Jimmy-Bryant,02/26/2011,Wexner Center for the Arts,"NOT SO FAST<br>The Music of Speedy West and Jimmy Bryant<br>With Bill Frisell, Greg Leisz, Dennis Crouch and Don Heffington<br>http://wexarts.org/          	                	      	          	      	<br><br>  					    						Age Requirement: 0+",Columbus&nbsp;OH&nbsp,8:00 PM
Bill Frisell,10:00 PM,http://events.myspace.com/Event/7549413/Bill-Frisells-Disfarmer-Project,03/17/2011,Venue TBD,"Bill Frisell's Disfarmer Project featuring Greg Leisz, Viktor Krauss and Jenny Scheinman<br>http://www.ndr.de/info/kultur/jazz/jazzkonzerte2.html          	                	      	          	      	<br><br>  					    						Age Requirement: 0+","Unknown, Hamberg&nbsp;Germany&nbsp;Unknow",8:00 PM
Bill Frisell,10:00 PM,http://events.myspace.com/Event/7549730/Bill-Frisells-Disfarmer-Project,03/18/2011,Venue TBD,"Bill Frisell's Disfarmer Project featuring Greg Leisz, Viktor Krauss and Jenny Scheinman<br>http://www.ndr.de/info/kultur/jazz/jazzkonzerte2.html<br>          	                	      	          	      	<br><br>  					    						Age Requirement: 0+","Unknown, Hamberg&nbsp;&nbsp;zip code unknow",8:00 PM
Bill Frisell,10:00 PM,http://events.myspace.com/Event/7549848/Bill-Frisells-Disfarmer-Project,03/20/2011,Venue TBD,"Bill Frisell's Disfarmer Project featuring Greg Leisz, Viktor Krauss and Jenny Scheinman<br>          	                	      	          	      	<br><br>  					    						Age Requirement: 0+","?, Piacenza&nbsp;?&nbsp;",8:00 PM
Bill Frisell,10:30 PM,http://events.myspace.com/Event/4928216/Bill-Frisell-Trio-featuring-Tony-Scherr--Kenny-Wollesen-takes-on-Keaton-Woodring-and-Morrison,04/02/2011,UCLA Live,"Bill Frisell Trio featuring Tony Scherr & Kenny Wollesen takes on Keaton,<br>Woodring and Morrison          	                	      	          	      	<br><br>  					    						Age Requirement: 0+","Royce Hall, Los Angeles&nbsp;CA&nbsp",7:30 PM
Leo Rondeau,11:30 PM,http://events.myspace.com/Event/7901708/Purple-Fiddle,02/25/2011,Purple Fiddle,Age Requirement: 0+,"21 East Avenue, Thomas&nbsp;West Virginia&nbsp;",9:00 PM
Lady Gaga,11:30 PM,http://events.myspace.com/Event/7687450/Lady-Gaga,03/01/2011,THE MONSTER BALL at Van Andel Arena,Age Requirement: 0+,"130 West Fulton, Grand Rapids&nbsp;MI&nbsp;49503",7:00 PM
Lady Gaga,11:30 PM,http://events.myspace.com/Event/7687468/Lady-Gaga,03/04/2011,THE MONSTER BALL at HSBC Arena,Age Requirement: 0+,"1 Seymour H. Knox III Plaza, Buffalo&nbsp;NY&nbsp;14203",7:00 PM
Lady Gaga,11:30 PM,http://events.myspace.com/Event/7687295/Lady-Gaga,03/06/2011,THE MONSTER BALL at Scotiabank Place,Age Requirement: 0+,"1000 Palladium Drive, Ottawa&nbsp;ON&nbsp;K1A oA1",7:00 PM
Lady Gaga,11:30 PM,http://events.myspace.com/Event/7687397/Lady-Gaga,03/12/2011,THE MONSTER BALL at KFC Yum! Center,Age Requirement: 0+,"1 Arena Plaza, Louisville&nbsp;KY&nbsp;40202",7:00 PM
Lady Gaga,11:30 PM,http://events.myspace.com/Event/7687650/Lady-Gaga,03/17/2011,THE MONSTER BALL at Qwest Center,Age Requirement: 0+,"455 N 10th St, Omaha&nbsp;NE&nbsp;68102",7:00 PM
Lady Gaga,11:30 PM,http://events.myspace.com/Event/7715852/Lady-Gaga,03/26/2011,THE MONSTER BALL at US Airways Center,Age Requirement: 0+,"201 E Jefferson St, Phoenix&nbsp;AZ&nbsp;85004",7:00 PM
Lady Gaga,11:30 PM,http://events.myspace.com/Event/7689603/Lady-Gaga,03/29/2011,THE MONSTER BALL at Viejas Arena,Age Requirement: 0+,"San Diego State University, San Diego&nbsp;CA&nbsp;92182",7:00 PM
Lady Gaga,11:30 PM,http://events.myspace.com/Event/7836107/Lady-Gaga,04/04/2011,THE MONSTER BALL at BOK Center,Age Requirement: 0+,"200 South Denver, Tulsa&nbsp;OK&nbsp;74103",7:00 PM
Lady Gaga,11:30 PM,http://events.myspace.com/Event/7687493/Lady-Gaga,04/15/2011,THE MONSTER BALL at Amway Center,Age Requirement: 0+,"600 West Amelia Street, Orlando&nbsp;FL&nbsp;32801",7:00 PM
Lady Gaga,11:30 PM,http://events.myspace.com/Event/7687519/Lady-Gaga,04/16/2011,THE MONSTER BALL at St. Pete Times Forum,Age Requirement: 0+,"401 Channelside Drive, Tampa&nbsp;FL&nbsp;33602",7:00 PM
Lady Gaga,11:30 PM,http://events.myspace.com/Event/7687567/Lady-Gaga,04/22/2011,THE MONSTER BALL at Prudential Center,Age Requirement: 0+,"Mulberry St. & Lafayette ST., Newark&nbsp;NJ&nbsp;07102",7:00 PM
Lady Gaga,11:30 PM,http://events.myspace.com/Event/7687583/Lady-Gaga,04/23/2011,THE MONSTER BALL at Nassau Coliseum,Age Requirement: 0+,"1255 Hempstead Turnpike, Uniondale&nbsp;NY&nbsp;11553",7:00 PM
Lady Gaga,11:30 PM,http://events.myspace.com/Event/7687541/Lady-Gaga,04/25/2011,THE MONSTER BALL at Bell Center,Age Requirement: 0+,"1275 St-Antoine St. W., Montreal&nbsp;QC&nbsp;Q",7:00 PM
Lady Gaga,11:30 PM,http://events.myspace.com/Event/7687418/Lady-Gaga,04/27/2011,THE MONSTER BALL at Quicken Loans Arena,Age Requirement: 0+,"One Center Court, Cleveland&nbsp;Ohio&nbsp;44115",7:00 PM
Night of Joy,,http://events.myspace.com/Event/7708927/Night-of-Joy,09/09/2011,Walt Disney World Restort,,"4600 N World Dr, Orlando&nbsp;FL&nbsp;32830",
I SEE STARS,8:00 PM,http://events.myspace.com/Event/6502057/Perth-Soundwave-Festival,03/07/2011,Perth Soundwave Festival @ Steel Blue Oval,Age Requirement: 0+,"-, Perth&nbsp;-&nbsp;",11:30 AM
Lupe Fiasco,11:00 PM,http://events.myspace.com/Event/7752021/Congo-Square-Fair-Grounds-Race-Course,05/06/2011,Congo Square- Fair Grounds Race Course,Age Requirement: 0+,"., New Orleans&nbsp;LA&nbsp;",8:00 PM
John Michael Montgomery,10:30 PM,http://events.myspace.com/Event/7916211/John-Michael-Montgomery-Concert,03/19/2011,Beulahfest,Age Requirement: 0+,"7750 Mobile Highway, Pensacola&nbsp;FL&nbsp;32526",9:00 PM
Jimmy Wayne,8:00 PM,http://events.myspace.com/Event/7808717/-,05/20/2011,Mohegan Sun Wolf Den,Age Requirement: 21+,"1 Mohegan Sun Blvd, Uncasville&nbsp;CT&nbsp;06382",7:00 PM
Bucky Covington,5:30 PM,http://events.myspace.com/Event/7983127/Bucky--Country-Fest-2011,06/26/2011,Country Fest - Main Stage,Age Requirement: 0+,"24447 County Highway S, Cadott&nbsp;Wisconsin&nbsp;54727",2:30 PM
Bucky Covington,4:30 PM,http://events.myspace.com/Event/7983147/Bucky--The-Fuddfest-Showtime-TBD,08/10/2011,Fuddfest,Age Requirement: 0+,"N 5890 County Road H, Gleason&nbsp;Wisconsin&nbsp;54435",2:00 PM
Brandon Rhyder,11:30 PM,http://events.myspace.com/Event/6770086/Las-Colinas-Country-Club,03/11/2011,Las Colinas Country Club,Private Event          	                	      	          	      	<br><br>  					    						Age Requirement: 0+,"4400 N. O'CONNOR ROAD, Irving&nbsp;TX&nbsp;75014",8:00 PM
Brandon Rhyder,11:30 PM,http://events.myspace.com/Event/7404342/Annual-Taste-Of-Texas-MusicFest,04/03/2011,Annual Taste Of Texas MusicFest,Age Requirement: 0+,"Houston, Houston&nbsp;TX&nbsp;77002",12:00 PM
The Black Keys,11:30 PM,http://events.myspace.com/Event/7917601/The-Black-Keys,03/18/2011,Heineken Music Hall,With special guest DeWolff.          	                	      	          	      	<br><br>  					    						Age Requirement: 0+,"ArenA Boulevard 590, Amsterdam&nbsp;Amsterdam&nbsp;Amsterda",7:00 PM
Eric Clapton,,http://events.myspace.com/Event/7653932/Eric-Clapton,05/15/2011,Cardiff International Arena,,"Mary Ann St, Cardiff&nbsp;Cardiff&nbsp;CF10 2",
Eric Clapton,,http://events.myspace.com/Event/7857017/Eric-Clapton,05/26/2011,Royal Albert Hall,,"Kensington Gore, London&nbsp;Greater Lo&nbsp;SW7 2",
Eric Clapton,,http://events.myspace.com/Event/7857019/Eric-Clapton,05/27/2011,Royal Albert Hall,,"Kensington Gore, London&nbsp;Greater Lo&nbsp;SW7 2",
Peter Frampton,,http://events.myspace.com/Event/7960937/Peter-Frampton,03/02/2011,ABC,,"300 Sauchiehall St, Glasgow&nbsp;Glasgow Ci&nbsp;G2 3",
Peter Frampton,,http://events.myspace.com/Event/7960938/Peter-Frampton,03/05/2011,Shepherds Bush Empire,,"56 Shepherd's Bush Green, Hammersmith&nbsp;Greater Lo&nbsp;W12 8",
Peter Frampton,10:00 PM,http://events.myspace.com/Event/7808466/Peter-Frampton,03/08/2011,Boerderij,Age Requirement: 0+,"., Zoetermeer&nbsp;Holland&nbsp;",7:00 PM
Peter Frampton,10:00 PM,http://events.myspace.com/Event/7808499/Peter-Frampton,03/10/2011,Hugenottenhalle,Age Requirement: 0+,"Frankfurt, Germany&nbsp;.&nbsp;",7:00 PM
Peter Frampton,10:00 PM,http://events.myspace.com/Event/7808543/Peter-Frampton,03/11/2011,Stadhalle,Age Requirement: 0+,"Bad Rappenau, Germany&nbsp;.&nbsp;",7:00 PM
Peter Frampton,10:00 PM,http://events.myspace.com/Event/7808563/Peter-Frampton,03/12/2011,Haus Auensee,Age Requirement: 0+,"Leipzig, Germany&nbsp;.&nbsp;",7:00 PM
Peter Frampton,10:00 PM,http://events.myspace.com/Event/7808582/Peter-Frampton,03/14/2011,Muffathalle,Age Requirement: 0+,"Munich, Germany&nbsp;.&nbsp;",7:00 PM
Peter Frampton,10:00 PM,http://events.myspace.com/Event/7808608/Peter-Frampton,03/15/2011,Kulturfabrik,Age Requirement: 0+,"Nurnberg, Germany&nbsp;.&nbsp;",7:00 PM
Peter Frampton,10:00 PM,http://events.myspace.com/Event/7808630/Peter-Frampton,03/16/2011,Fabrik,Age Requirement: 0+,"Hamburg, Germany&nbsp;.&nbsp;",7:00 PM
Peter Frampton,10:00 PM,http://events.myspace.com/Event/7808648/Peter-Frampton,03/18/2011,Turbinenhalle,Age Requirement: 0+,"Oberhausen, Germany&nbsp;&nbsp;",7:00 PM
Peter Frampton,10:00 PM,http://events.myspace.com/Event/7808662/Peter-Frampton,03/19/2011,Sallerhalle,Age Requirement: 0+,"Winterbach, Germany&nbsp;&nbsp;",7:00 PM
Peter Frampton,10:00 PM,http://events.myspace.com/Event/7808676/Peter-Frampton,03/20/2011,Arena,Age Requirement: 0+,"Vienna, Austria&nbsp;.&nbsp;",7:00 PM
Peter Frampton,10:00 PM,http://events.myspace.com/Event/7808688/Peter-Frampton,03/22/2011,Salumeria della Musica,Age Requirement: 0+,"Milan, Italy&nbsp;.&nbsp;",7:00 PM
Peter Frampton,10:00 PM,http://events.myspace.com/Event/7808706/Peter-Frampton,03/23/2011,Auditorium Sala Sinopoli,Age Requirement: 0+,"Rome, Italy&nbsp;.&nbsp;",7:00 PM
Katie Melua,,http://events.myspace.com/Event/7882305/Katie-Melua,04/10/2011,Zénith,,"1 Boulevard des Cités Unies, Lille&nbsp;Nord-Pas-d&nbsp;59800",
Katie Melua,,http://events.myspace.com/Event/7906548/Katie-Melua,04/30/2011,Bournemouth International Centre,,"Exeter Rd, Bournemouth&nbsp;Bournemout&nbsp;BH2 5",
Katie Melua,,http://events.myspace.com/Event/7906547/Katie-Melua,05/03/2011,De Montfort Hall,,"Granville Rd, Leicester&nbsp;Leicester&nbsp;LE1 7",
Katie Melua,,http://events.myspace.com/Event/7906546/Katie-Melua,05/07/2011,Gateshead the Sage,,"St Marys Pl, Newcastle Upon Tyne&nbsp;Newcastle&nbsp;NE1 7",
Katie Melua,,http://events.myspace.com/Event/7882306/Katie-Melua,05/20/2011,Oslo Spektrum,,"Sonja Henies plass 2, Oslo&nbsp;Oslo&nbsp;0184",
Katie Melua,,http://events.myspace.com/Event/7947526/Katie-Melua,06/08/2011,Heineken Music Hall,,Amsterdam&nbsp;North Holl&nbsp;1101,
Trans-Siberian Orchestra,,http://events.myspace.com/Event/7634457/Trans-Siberian-Orchestra,03/28/2011,Hammersmith Apollo,,"Queen Caroline St, Hammersmith&nbsp;Greater Lo&nbsp;W6 9",
GHOST,6:30 PM,http://events.myspace.com/Event/7399841/ROADBURN-FESTIVAL,04/14/2011,ROADBURN FESTIVAL,Age Requirement: 0+,"., Tilburg&nbsp;&nbsp;",6:00 PM
Arescyn,7:30 PM,http://events.myspace.com/Event/6825752/more-tour-dates-TBA,01/01/2013,More Tour Dates TBA,Age Requirement: 0+,"123 E. Metal Ave, Everywhere&nbsp;US&nbsp;48836",7:00 PM
Radney Foster,9:30 PM,http://events.myspace.com/Event/7617098/Radney-Foster,07/23/2011,Sheridan Opera House,Radney Foster - Acoustic Performance<br><br>Showtime - 8 pm<br>          	                	      	          	      	<br><br>  					    						Age Requirement: 0+,"110 North Oak Street, Telluride&nbsp;CO&nbsp;81435",8:00 PM
Consider The Source,1:00 AM,http://events.myspace.com/Event/7876042/Cts-in-potsdam,03/25/2011,La Casbah,Age Requirement: 21+,"6 elm st, Potsdam&nbsp;New York&nbsp;13676",9:00 PM
Consider The Source,11:30 PM,http://events.myspace.com/Event/7876301/cts,03/26/2011,Monopole,Age Requirement: 21+,"7 Protection ave, Plattsburg&nbsp;New York&nbsp;12901",9:00 PM
Esperanza Spalding,8:30 PM,http://events.myspace.com/Event/7738817/Chamber-Music-Society,02/27/2011,University of California,Age Requirement: 0+,"Campbel Hall, Ballet Studio in the HSSB Building, Santa Barbara&nbsp;California&nbsp;93103",8:00 PM
Vijay Iyer,,http://events.myspace.com/Event/1663376/Vijay-Iyer,03/04/2011,Salle Robert Krieps - raw materials: vijay iyer / rudresh mahanthappa duo,,Luxembourg&nbsp; &nbsp,
Vijay Iyer,,http://events.myspace.com/Event/1663377/Vijay-Iyer,04/18/2011,Schloss Elmau - vijay iyer / craig taborn duo piano,,Elmau / Oberbayern&nbsp; &nbsp;82493,
Vijay Iyer,,http://events.myspace.com/Event/1663380/Vijay-Iyer,04/30/2011,Sixth & I Historic Synagogue - vijay iyer trio,,"600 I St, NW, Washington&nbsp;Washington&nbsp;20001",
Vijay Iyer,,http://events.myspace.com/Event/1663382/Vijay-Iyer,05/13/2011,McCarter Theatre - vijay iyer trio,,"91 University Place, Princeton&nbsp;New Jersey&nbsp;08540",
Big Bad Voodoo Daddy,,http://events.myspace.com/Event/7433068/cedartown-civic-auditorium,02/26/2011,cedartown civic auditorium,,"205 East Ave, Cedartown&nbsp;GA&nbsp;30125",
Mindi Abair,,http://events.myspace.com/Event/4876596/Dave-Koz-and-Friends-at-Sea,08/26/2011,Royal Carribean International,,Gig Harbor&nbsp;WA&nbsp;98335,
Florence and The Machine,11:00 PM,http://events.myspace.com/Event/7870422/Florence-and-the-Machine,06/26/2011,Spartan Stadium w/ U2,"Florence and the Machine will be joining U2 for their 360º tour date in East Lansing, Michigan!          	                	      	          	      	<br><br>  					    						Age Requirement: 0+","1 Spartan Way, East Lansing&nbsp;MI&nbsp;48824",7:00 PM
Florence and The Machine,11:00 PM,http://events.myspace.com/Event/7870339/Florence-and-the-Machine,06/29/2011,Sun Life Stadium w/ U2,Florence and the Machine will be joining U2 for their 360º tour date in Miami!          	                	      	          	      	<br><br>  					    						Age Requirement: 0+,"2269 Dan Marino Boulevard, Miami Gardens&nbsp;FL&nbsp;33056",7:00 PM
Iron Maiden,,http://events.myspace.com/Event/7783662/Iron-Maiden,07/01/2011,Ullevi Stadion,,"Nya Ullevi, Skånegatan, Göteborg&nbsp;&nbsp;41140",
THIS FIRES EMBRACE,10:00 PM,http://events.myspace.com/Event/7026056/Invasion-2011,07/16/2011,INVASION 2011,Age Requirement: 0+,"1st Street, Bluefield&nbsp;West Virginia&nbsp;42650",5:00 PM
CASINO MADRID,,http://events.myspace.com/Event/7202964/Chain-Reaction-w-The-Subtle-Way-No-A-Shattered-Hope-or-Monsters-Scare-You,,,,,5:00 PM
TRANSIT,,http://events.myspace.com/Event/7652157/Talent-Farm-w-Hostage-Calm--Aficionado,,,,,5:30 AM
ICE NINE KILLS,,http://events.myspace.com/Event/7455603/INK-returns-to-NH,,,,,6:00 PM
ICE NINE KILLS,,http://events.myspace.com/Event/7647105/Ice-Nine-Kills-returns-to-Long-Island,,,,,6:00 PM
ICE NINE KILLS,,http://events.myspace.com/Event/7303576/INK-w-For-All-Those-Sleeping,,,,,6:00 PM
TRANSIT,,http://events.myspace.com/Event/7652128/Claudia-House-W-Hostage-Calm--Aficionado--,,,,,6:00 PM
ICE NINE KILLS,,http://events.myspace.com/Event/7303543/INK-in-WI,,,,,6:00 PM
PERIPHERY,,http://events.myspace.com/Event/7598057/Devin-Townsend-Project-w-Periphery-TesseracT,,,,,7:30 PM
PERIPHERY,,http://events.myspace.com/Event/7315914/The-Legacy-Tour-Darkest-Hour-w-Periphery-Veil-of-Maya--Special-Guest,,,,,7:30 PM
PERIPHERY,,http://events.myspace.com/Event/7316147/The-Legacy-Tour-Darkest-Hour-w-Periphery-Veil-of-Maya--Special-Guest,,,,,5:00 PM
TRANSIT,,http://events.myspace.com/Event/7652512/Club-Diablo-w-Hostage-Calm--Aficionado-,,,,,6:00 PM
The Presets,11:00 PM,http://events.myspace.com/Event/7606282/MS-Fest-2011,02/26/2011,Inveresk Showgrounds,"Massive, gargantuan, epic, HUGE…there simply isn’t an adjective big enough to describe the sheer size of what’s coming to Inveresk Park this Summer.<br><br>msfest 2011 is going to be that chock a block full of freshness that organisers have quite literally had to push back the boundary fences just to squeeze it all in.<br><br>There is guaranteed to be something there for everyone with a fistful of stages hosting a massive medley of music never before to grace the msfest grounds!          	                	      	          	      	<br><br>  					    						Age Requirement: 0+","Forster St (Cnr Invermay Rd), Inveresk&nbsp;TAS&nbsp;7248",11:00 AM
alaska in winter,1:00 AM,http://events.myspace.com/Event/6754629/Destroy-Your-Money,12/12/2012,Destroy you money!,tonight we die.          	                	      	          	      	<br><br>  					    						Age Requirement: 0+,"Destroy you money!, your soul&nbsp;worldwide&nbsp;hel",12:00 AM
Damian Jr Gong Marley,11:00 PM,http://events.myspace.com/Event/7853579/IMP-Hall,02/23/2011,IMP Hall,Age Requirement: 0+,"., Osaka&nbsp;.&nbsp;",7:00 PM
Damian Jr Gong Marley,11:00 PM,http://events.myspace.com/Event/7853608/Zepp-Tokyo,02/24/2011,Zepp Tokyo,Age Requirement: 0+,"., Tokyo&nbsp;.&nbsp;",7:00 PM
Damian Jr Gong Marley,11:00 PM,http://events.myspace.com/Event/7853778/Bay-Hall,02/25/2011,Bay Hall,Age Requirement: 0+,"., Yokohama&nbsp;.&nbsp;",7:30 PM
Damian Jr Gong Marley,11:00 PM,http://events.myspace.com/Event/7853822/Wembley-Arena,03/31/2011,Wembley Arena,Age Requirement: 0+,"Arena Square, Engineers Way, London&nbsp;&nbsp;HA9 OA",6:00 PM
Damian Jr Gong Marley,10:30 PM,http://events.myspace.com/Event/7853859/Academy-Glasgow,04/01/2011,Academy,Age Requirement: 0+,"., Glasgow&nbsp;&nbsp;",7:30 PM
Damian Jr Gong Marley,11:00 PM,http://events.myspace.com/Event/7853875/Manchester-Apollo,04/02/2011,Manchester Apollo,Age Requirement: 0+,"Stockport Road Manchester, Lancashire, Manchester&nbsp;.&nbsp;M12 6A",7:30 PM
Damian Jr Gong Marley,11:00 PM,http://events.myspace.com/Event/7853907/Ancienne-Belgique,04/04/2011,Ancienne Belgique,Age Requirement: 0+,"Anspachlaan 110, Brussels&nbsp;&nbsp;",7:30 PM
Damian Jr Gong Marley,11:00 PM,http://events.myspace.com/Event/7853920/Zenith,04/05/2011,Zenith Paris,Age Requirement: 0+,"Parc de Villette, Paris Cedex 19&nbsp;&nbsp;",7:30 PM
Damian Jr Gong Marley,11:00 PM,http://events.myspace.com/Event/7853937/Le-Caprices-Festival,04/07/2011,Le Caprices Festival,Age Requirement: 0+,"., Crans Montana&nbsp;.&nbsp;",7:30 PM
Damian Jr Gong Marley,11:00 PM,http://events.myspace.com/Event/7853959/Komplex,04/08/2011,Komplex,Age Requirement: 0+,"., Zurich&nbsp;.&nbsp;",7:30 PM
Damian Jr Gong Marley,11:30 PM,http://events.myspace.com/Event/7853986/Palasharp,04/09/2011,Palasharp,Age Requirement: 0+,"., Milan&nbsp;.&nbsp;",7:30 PM
Damian Jr Gong Marley,11:00 PM,http://events.myspace.com/Event/7854001/Atlantico,04/14/2011,Atlantico,Age Requirement: 0+,"., Lisbon&nbsp;.&nbsp;",7:30 PM
KYLESA,2:00 AM,http://events.myspace.com/Event/6532530/Soundwave-Festival,02/26/2011,Brisbane Soundwave Festival - RNA Showgrounds,Age Requirement: 0+,"., Brisbane&nbsp;QLD&nbsp;",12:00 PM
KYLESA,2:00 AM,http://events.myspace.com/Event/6532572/Soundwave-Festival,02/27/2011,Syndey Soundwave Festival - Eastern Creek Raceway,Age Requirement: 0+,"., Sydney&nbsp;NSW&nbsp;",12:00 PM
KYLESA,2:00 AM,http://events.myspace.com/Event/6532808/Soundwave-Festival,03/04/2011,Melbourne Soundwave Festival - Melbourne Showgrounds,Age Requirement: 0+,"., Melbourne&nbsp;VIC&nbsp;",12:00 PM
KYLESA,2:00 AM,http://events.myspace.com/Event/6532875/Soundwave-Festival,03/05/2011,Adelaide Soundwave Festival - Bonython Park,Age Requirement: 0+,"., Adelaide&nbsp;SA&nbsp;",1:00 PM
KYLESA,2:00 AM,http://events.myspace.com/Event/6532954/Soundwave-Festival,03/07/2011,Perth Soundwave Festival - Steel Blue Oval,Age Requirement: 0+,"., Perth&nbsp;WA&nbsp;",12:00 PM
Nada Rasta,10:00 PM,http://events.myspace.com/Event/6458041/StPattys-Day-Party,03/17/2011,The Crooked Kilt,Age Requirement: 21+,"1122 Pine Street, Paso Robles&nbsp;CA&nbsp;93447",7:00 PM
Nada Rasta,11:30 PM,http://events.myspace.com/Event/6508421/Toy-land-6th-Annual-Bash-invite-only,04/02/2011,Toy land 6th Annual Bash (invite only!),Age Requirement: 0+,"NA, slo&nbsp;CA&nbsp;93401",5:00 PM
Skillet,11:00 PM,http://events.myspace.com/Event/7620560/Alive-Festival,06/24/2011,Alive Festival,Ticket Info Phone: 330.966.0023          	                	      	          	      	<br><br>  					    						Age Requirement: 0+,"9298 Atwood Lake Rd, Mineral City&nbsp;OH&nbsp;44656",9:00 PM
Blu Kuda,1:30 AM,http://events.myspace.com/Event/7850067/Blu-Kuda,02/26/2011,Lucky's Grille,Age Requirement: 21+,"17815 St. Rt. 31, Marysville&nbsp;OH&nbsp;43040",9:30 PM
Blu Kuda,1:30 AM,http://events.myspace.com/Event/7850121/Blu-Kuda,04/23/2011,Lucky's Grille,Age Requirement: 21+,"17815 St. Rt. 31, Marysville&nbsp;OH&nbsp;43040",9:30 PM
Blu Kuda,1:30 AM,http://events.myspace.com/Event/7942352/Blu-Kuda,06/17/2011,Benny's Pizza,Age Requirement: 0+,"972 Columbus Ave, Marysville&nbsp;OH&nbsp;43040",9:30 PM
Jaci Velasquez,9:30 PM,http://events.myspace.com/Event/5970041/Jaci-Velasquez-in-Concert,06/25/2012,Palau Sant Jordi,Age Requirement: 0+,"Passeig Olímpic, 5, Barcelona&nbsp;&nbsp;08038",8:00 PM
Jaci Velasquez,9:30 PM,http://events.myspace.com/Event/5970065/Jaci-Velasquez-in-Concert,06/26/2012,Palau Sant Jordi,Age Requirement: 0+,"Passeig Olímpic, 5, Barcelona&nbsp;&nbsp;08038",8:00 PM
Yellowcard,11:00 PM,http://events.myspace.com/Event/7922590/London,03/13/2011,Brixton Academy,On tour with All Time Low!          	                	      	          	      	<br><br>  					    						Age Requirement: 0+,"211 Stockwell Rd., London&nbsp;ENG&nbsp;SW9 9S",7:00 PM
Chemical Brothers,11:30 PM,http://events.myspace.com/Event/6692383/The-Chemical-Brothers-live--Vector-Arena-Auckland-NZ,03/02/2011,Vector Arena,tickets on sale thurs aug 19th at 9 am NZ local time.           	                	      	          	      	<br><br>  					    						Age Requirement: 0+,"34 Mahuhu Crescent, Auckland&nbsp;Auckland&nbsp",10:00 PM
Chemical Brothers,11:30 PM,http://events.myspace.com/Event/6033256/The-Chemical-Brothers-live--Brisbane-Sideshow-Australia,03/04/2011,Riverstage,Ticketmaster/ On sale Thursday Aug 5          	                	      	          	      	<br><br>  					    						Age Requirement: 0+,"Gardens Point Rd, Brisbane&nbsp;QLD&nbsp;4000",10:00 PM
Chemical Brothers,11:30 PM,http://events.myspace.com/Event/6033305/The-Chemical-Brothers-live--Melbourne-Sideshow-Australia,03/09/2011,Rod Laver Arena,Ticketek / On sale Friday Aug 6          	                	      	          	      	<br><br>  					    						Age Requirement: 0+,"Melbourne, Australia, Melbourne&nbsp;VIC&nbsp;3000",10:00 PM
Chemical Brothers,11:30 PM,http://events.myspace.com/Event/6033341/The-Chemical-Brothers-live--Sydney-Sideshow-Australia,03/10/2011,Sydney Entertainment Centre,Ticketmaster / On sale Thursday Aug 5          	                	      	          	      	<br><br>  					    						Age Requirement: 0+,"Harbour St, Sydney&nbsp;NSW&nbsp;2000",10:30 PM
Abney Park,,http://events.myspace.com/Event/5421103/Wild-Wild-West-Con,03/04/2011,Old Tucson Studios,"Arizona's 1st Steampunk Convention & Festival!<br><br>Tickets now on sale!We are breaking the barriers of the standard hotel-based convention by placing the core of our event within Old Tucson Studios, a famous movie studio and amusement park built in 1939. <br><br>Come join the adventure March 4-6, 2011 as we traverse into the age of steam!<br>          	                	      	          	      	<br><br>  					    						Age Requirement: 0+","201 S Kinney Rd, Tucson&nbsp;AZ&nbsp;85735",
IAMX,11:30 PM,http://events.myspace.com/Event/6327732/IAMX-in-Brussels,03/19/2011,AB,Age Requirement: 0+,"Ancienne Belgique, Anspachlaan 110, Brussels&nbsp;&nbsp;1000",8:00 PM
emancipator,10:00 PM,http://events.myspace.com/Event/3174689/emancipator,12/31/2011,for booking contact Chris@autonomousmusic.org,Age Requirement: 0+,"1121 N. Loring St. Suite 112, Autonomous Music&nbsp;Portland, &nbsp;97227",8:00 PM
Hauschka,10:00 PM,http://events.myspace.com/Event/6956960/Hauschka,05/14/2011,Exit07,Age Requirement: 0+,"rue de l'acierie, Luxembourg&nbsp;LU&nbsp;exit07",8:00 PM
Bare Noize,,http://events.myspace.com/Event/7569680/OKO-MIASTA,,,,,6:30 PM
Bare Noize,,http://events.myspace.com/Event/6792331/KIDS-UP-LATE,,,,,8:30 PM
Wichita,,http://events.myspace.com/Event/6501751/Lincoln-Hall,,,,,7:00 PM
Wichita,,http://events.myspace.com/Event/6502010/Le-Divan-Orange,,,,,7:00 PM
Wichita,,http://events.myspace.com/Event/6502043/Great-Scott,,,,,7:00 PM
Wichita,,http://events.myspace.com/Event/6502087/Johnny-Brendas,,,,,7:00 PM
Wichita,,http://events.myspace.com/Event/6502122/DC9,,,,,7:00 PM
Wichita,,http://events.myspace.com/Event/6498919/Great-American-Music-Hall,,,,,7:00 PM
Social Distortion,11:30 PM,http://events.myspace.com/Event/7704263/Social-Distortion,03/02/2011,The Palace Theatre,w/The Gaslight Anthem. This show is 18+. Tickets are ON SALE NOW and are available on-line through:<br><br>http://premier.ticketek.com.au/          	                	      	          	      	<br><br>  					    						Age Requirement: 18+,"20-30 Bourke Street, Melbourne&nbsp;Victoria&nbsp;3000",7:00 PM
Pennywise,10:00 PM,http://events.myspace.com/Event/6562305/Soundwave-Festival,03/07/2011,Steel Blue Oval,Age Requirement: 0+,"N/A, Perth&nbsp;WA&nbsp;N/",8:00 AM
Taylor Swift,10:00 PM,http://events.myspace.com/Event/8202749/OSLO-NORWAY--OSLO-SPEKTRUM,03/09/2011,OSLO,Age Requirement: 0+,"NORWAY - OSLO SPEKTRUM, ANS Sonja Henies pl., OSLO&nbsp;&nbsp",7:00 PM
Taylor Swift,9:30 PM,http://events.myspace.com/Event/8202799/OBERHAUSEN-GERMANY--OBERHAUSEN-ARENA,03/12/2011,OBERHAUSEN,Age Requirement: 0+,"GERMANY - OBERHAUSEN ARENA, Arenastraße 1, OBERHAUSEN&nbsp;&nbsp;46047",7:00 PM
Taylor Swift,10:00 PM,http://events.myspace.com/Event/8202834/MUNICH-GERMANY--OLYMPIAHALLE,03/14/2011,MUNICH,Age Requirement: 0+,"GERMANY - OLYMPIAHALLE, Spiridon-Louis-Ring 21, MUNICH&nbsp;&nbsp;80809",7:00 PM
Taylor Swift,9:30 PM,http://events.myspace.com/Event/8202880/BIRMINGHAM-UK-LG-ARENA,03/22/2011,BIRMINGHAM,Age Requirement: 0+,"UK, LG ARENA, National Exhibition Centre, BIRMINGHAM&nbsp;&nbsp;B40 1N",7:00 PM
Skillet,11:00 PM,http://events.myspace.com/Event/8041296/Skillet,05/21/2011,Myrtle Beach Mall,Age Requirement: 0+,"Myrtle Beach Mall, Myrtle Beach&nbsp;South Carolina&nbsp;29572",5:00 PM
Skillet,11:00 PM,http://events.myspace.com/Event/8040844/Skillet,05/28/2011,California's Great America,Age Requirement: 0+,"4701 Great America Pkwy, Santa Clara&nbsp;CA&nbsp;95050",5:00 PM
Skillet,11:00 PM,http://events.myspace.com/Event/8198624/Skillet,06/17/2011,Ichthus Farm,www.ichthus.org          	                	      	          	      	<br><br>  					    						Age Requirement: 0+,"9520 Harrodsburg Rd, Wilmore&nbsp;KY&nbsp;40390",12:00 PM
Skillet,11:00 PM,http://events.myspace.com/Event/8040969/Skillet,06/18/2011,Carowinds Park,Age Requirement: 0+,"Avenue of the Carolinas, Charlotte&nbsp;North Carolina&nbsp;28273",5:00 PM
Skillet,11:00 PM,http://events.myspace.com/Event/8041834/Creation-Festival-East,07/01/2011,Creation Festival East,Age Requirement: 0+,"17512 Rapture Street, Shirleysburg&nbsp;Pennsylvania&nbsp;17260",5:00 PM
Skillet,11:00 PM,http://events.myspace.com/Event/8041468/Skillet,07/08/2011,Kings Island,Age Requirement: 0+,"6300 Kings Island Dr, Kings Island&nbsp;OH&nbsp;45034",5:00 PM
Skillet,11:00 PM,http://events.myspace.com/Event/8198768/Sonshine-Festival,07/14/2011,Willmar Civic Center - Sonshine Festival,www.sonshinefestival.com          	                	      	          	      	<br><br>  					    						Age Requirement: 0+,"2707 Arena Dr, Willmar&nbsp;Minnesota&nbsp;56201",5:00 PM
Skillet,11:00 PM,http://events.myspace.com/Event/8198665/Skillet,07/16/2011,Worlds of Fun,http://www.worldsoffun.com/          	                	      	          	      	<br><br>  					    						Age Requirement: 0+,"4545 NE Worlds of Fun Dr, Kansas City&nbsp;MO&nbsp;64161",5:00 PM
Skillet,10:00 PM,http://events.myspace.com/Event/8216028/Chippewa-Rock-Fest-2011,07/17/2011,Chippewa Rock Fest,http://www.rock-fest.com/          	                	      	          	      	<br><br>  					    						Age Requirement: 0+,"24447 County Highway South, cadott&nbsp;WI&nbsp;54727",12:00 PM
Skillet,11:00 PM,http://events.myspace.com/Event/8042869/Skillet,07/22/2011,Six Flags Over Texas,Age Requirement: 0+,"2201 Road To Six Flags, Arlington&nbsp;TX&nbsp;76001",5:00 PM
Skillet,11:00 PM,http://events.myspace.com/Event/8042065/Skillet,07/23/2011,Enumclaw Expo Center - Creation Fest- North West,Age Requirement: 0+,"45224, 284th Ave, SE, Enumclaw&nbsp;Washington&nbsp;98022",5:00 PM
Skillet,11:00 PM,http://events.myspace.com/Event/8198827/Skillet,07/24/2011,Alexian Field,More information to follow          	                	      	          	      	<br><br>  					    						Age Requirement: 0+,"1999 Springinsguth, Schaumburg&nbsp;IL&nbsp;60193",5:00 PM
Skillet,11:00 PM,http://events.myspace.com/Event/8041126/Rock-the-Desert,08/06/2011,Rock The Desert Festival Field - Rock The Desert Festival,Age Requirement: 0+,"2000 N FM 1788, Midland&nbsp;Texas&nbsp;79711",5:00 PM
Skillet,11:00 PM,http://events.myspace.com/Event/8198703/Night-Of-Joy,09/09/2011,Magic Kingdom,http://disneyworld.disney.go.com/special-events/          	                	      	          	      	<br><br>  					    						Age Requirement: 0+,"Walt Disney World Resort, Lake Buena Vista&nbsp;FL&nbsp;32830",5:00 PM
Skillet,11:00 PM,http://events.myspace.com/Event/8040545/Uprisefest,09/16/2011,Shippensburg Fair Grounds,www.uprisefest.com          	                	      	          	      	<br><br>  					    						Age Requirement: 0+,"Possum Hollow Rd, Shippensburg&nbsp;PA&nbsp;17257",5:00 PM
Old Crow Medicine Show,11:59 PM,http://events.myspace.com/Event/8081234/Old-Crow-Medicine-Show,02/25/2011,Fox Theatre (Opening for John Prine),"Opening for John Prine. <br><br>Pres-Sale begins on 10/22 @ 10 AM CST - 11/4 @ 10 PM CST. All tickets in <br>the pre-sale are $39.50. <br><br>For tickets - click here: http://www.ticketmaster.com/event/0e004547e1349f1c<br><br>Password is varsity.<br><br>General public onsale is 11/5 through Ticketmaster, Fox Theatre Box Office or <br>Charge by Phone @ 800-745-3000. <br><br>www.foxtheatre.org          	                	      	          	      	<br><br>  					    						Age Requirement: 0+","660 Peachtree St. NE, Atlanta&nbsp;GA&nbsp;30308",8:00 PM
The Black Keys,11:30 PM,http://events.myspace.com/Event/8082856/The-Black-Keys,03/19/2011,Essigfabrik,on sale 10/16/10.          	                	      	          	      	<br><br>  					    						Age Requirement: 0+,"Siegburger Straße 110, Köln&nbsp;Germany&nbsp;50679",7:00 PM
The Black Keys,11:30 PM,http://events.myspace.com/Event/8083139/The-Black-Keys,03/20/2011,Grünspan,On sale 10/16/10          	                	      	          	      	<br><br>  					    						Age Requirement: 0+,"Große Freiheit 58, Hamburg&nbsp;Germany&nbsp;22767",7:00 PM
The Black Keys,11:30 PM,http://events.myspace.com/Event/8083408/The-Black-Keys,03/22/2011,Astra,Age Requirement: 0+,"Reval Str 99, Berlin&nbsp;Germany&nbsp;10245",7:00 PM
The Black Keys,11:30 PM,http://events.myspace.com/Event/8083540/The-Black-Keys,03/23/2011,Backstage Werk,on sale 10/16/10          	                	      	          	      	<br><br>  					    						Age Requirement: 0+,"Reitknechtstr. 6, Munich&nbsp;Germany&nbsp;80639",7:00 PM
Jimmy Wayne,8:30 PM,http://events.myspace.com/Event/8230651/Jimmy-Wayne,04/16/2011,Renaissance Suites Hotel - Charlotte,Age Requirement: 0+,"2800 Coliseum Centre Drive, Charlotte&nbsp;NC&nbsp;28217",7:00 PM
Band Of Horses,10:00 PM,http://events.myspace.com/Event/7100216/Paradiso,02/23/2011,Paradiso,Age Requirement: 0+,"., Amsterdam&nbsp;.&nbsp;",7:00 PM
Band Of Horses,11:00 PM,http://events.myspace.com/Event/7259793/AB,02/24/2011,AB,Age Requirement: 0+,"Anspachlaan 110, Belgium&nbsp;&nbsp;1000",7:00 PM
Band Of Horses,10:00 PM,http://events.myspace.com/Event/7890487/La-Cigalle,02/26/2011,La Cigalle,Age Requirement: 0+,"., Paris&nbsp;.&nbsp;Franc",7:00 PM
Joe Diffie,9:30 PM,http://events.myspace.com/Event/8011682/Sellersville-Theater--BLUEGRASS,03/05/2011,Sellersville Theater - BLUEGRASS!,Age Requirement: 0+  					      					          	               	  				  					Video  					      <param><param><param>,"24 W Temple Ave, Sellersville&nbsp;PA&nbsp;18960",8:00 PM
BlackHawk,11:00 PM,http://events.myspace.com/Event/6796381/Ramada-Orlando-Celebration-Resort--Convention-Center,02/25/2011,Ramada Orlando Celebration Resort & Convention Center,Age Requirement: 0+,"6375 West Irlo Bronson Memorial Highway, Kissimmee&nbsp;FL&nbsp;34747",7:00 PM
BlackHawk,9:30 PM,http://events.myspace.com/Event/7983780/LaGrange-Auditorium,03/26/2011,LaGrange Auditorium,Age Requirement: 0+,"580 Opportunity Way, LaGrange&nbsp;GA&nbsp;44050",6:00 PM
BlackHawk,10:00 PM,http://events.myspace.com/Event/7288792/Spirit-Lake-Casino--Resort,05/14/2011,Spirit Lake Casino & Resort,Age Requirement: 0+,"7889 Highway 57, Saint Michael&nbsp;ND&nbsp;58370",6:00 PM
BlackHawk,6:00 PM,http://events.myspace.com/Event/7983980/Country-USA-Festival,06/25/2011,Country USA Festival,Age Requirement: 0+,"Hwy 41 & Washburn Ave, Oshkosh&nbsp;WI&nbsp;54902",4:00 PM
BlackHawk,10:00 PM,http://events.myspace.com/Event/7984601/July-4th-Celebration,07/04/2011,July 4th Celebration,Age Requirement: 0+,"City Park, Rich Hill&nbsp;MO&nbsp;64779",8:00 PM
NO JUSTICE,1:00 AM,http://events.myspace.com/Event/8127728/No-Justice-in-Amarillo-TX,04/01/2011,Midnight Rodeo,Age Requirement: 18+,"4400 South Georgia, Amarillo&nbsp;TX&nbsp;79110",10:00 PM
NO JUSTICE,1:00 AM,http://events.myspace.com/Event/8127752/No-Justice-in-Lubbock-TX,04/02/2011,Wild West,Age Requirement: 18+,"2216 N I 27, Lubbock&nbsp;TX&nbsp;79403",10:00 PM
NO JUSTICE,2:00 AM,http://events.myspace.com/Event/8219661/No-Justice-in-Wichita-Falls-TX,04/30/2011,The Crazy Horse Saloon,Age Requirement: 18+,"1400 E Scott Ave, Wichita Falls&nbsp;TX&nbsp;76301",10:00 PM
Yellowcard,11:00 PM,http://events.myspace.com/Event/8216188/--,02/25/2011,Orlandia Club,Age Requirement: 0+,"nab reki Karpovki 5/2, St. Petersburg&nbsp;&nbsp",7:00 PM
CHROMEO,11:30 PM,http://events.myspace.com/Event/8220800/O2-Brixton-Academy---,04/29/2011,O2 Brixton Academy,Age Requirement: 0+,"211 Stockwell Road, London&nbsp;N/A&nbsp;SW9 9S",8:00 PM
COLE STACEY,11:00 PM,http://events.myspace.com/Event/6093170/MOONBEAMS--COLE-STACEYSCOTT-WARD--EDWINA-HAYES--GUESTS,06/10/2011,'MOONBEAMS' WITH EDWINA HAYES & PHIL SIMPSON,THRILLED TO BE RETURNING TO YORKSHIRE FOR THE WONDERFUL 'MOONBEAMS'. ABSOLUTELY DELIGHTED TO BE APPEARING ALONGSIDE EDWINA HAYES & PHIL SIMPSON.<br>http://www.myspace.com/moonbeamsacoustic          	                	      	          	      	<br><br>  					    						Age Requirement: 0+,"At The Bell Hotel, Driffield, East Yorkshire, Driffield&nbsp;Yorkshire&nbsp;YO25 6A",8:00 PM
Vince Giordano and the Nighthawks,5:00 PM,http://events.myspace.com/Event/7641389/NJ-Jazz-Society-presents-the-Pee-Wee-Russell-Memorial-Stomp,03/06/2011,Birchwood Manor,Ticket and ordering information go to www.NJJS.org          	                	      	          	      	<br><br>  					    						Age Requirement: 0+,"111 North Jefferson Road, Whippany&nbsp;NJ&nbsp;07981",12:00 PM
Dailey & Vincent,9:00 PM,http://events.myspace.com/Event/8173891/Dailey--Vincent-Concert--presented-by-the-Boston-Bluegrass-Union,04/16/2011,The National Heritage Museum,Age Requirement: 0+,"33 Marrett Rd., Lexington&nbsp;MA&nbsp;02421",7:30 PM
Dailey & Vincent,9:30 PM,http://events.myspace.com/Event/8173932/Dailey--Vincent--Concert,10/29/2011,Wilson Center for the Performing Arts - the Kuttemperoor Auditorium,Age Requirement: 0+,"19805 West Capitol Dr., Brookfield&nbsp;WI&nbsp;53045",8:00 PM
Lori McKenna,10:20 PM,http://events.myspace.com/Event/4055234/UNCLE-CALVINS-COFFEEHOUSENORTHPARK-PRESBYTERIAN-CHURCH,04/08/2011,UNCLE CALVIN'S COFFEEHOUSE/NORTHPARK PRESBYTERIAN CHURCH,Age Requirement: 0+,"9555 North Central Expressway, DALLAS&nbsp;TX&nbsp;75231",8:50 PM
The Derailers,6:30 PM,http://events.myspace.com/Event/4677657/go-to-wwwderailerscom-for-info,04/03/2011,go to www.derailers.com for info.,go to www.derailers.com for info.          	                	      	          	      	<br><br>  					    						Age Requirement: 0+,"go to www.derailers.com for info., go to www.derailers.com for info.&nbsp;go to www.&nbsp;go to www.derailers.com for info",6:00 PM
Pennywise,11:30 PM,http://events.myspace.com/Event/8127582/Pennywise-with-Millencolin,03/01/2011,Palace Theatre,Age Requirement: 18+,"20-30 Bourke Street, Melbourne&nbsp;Victoria&nbsp;9000",6:00 PM
Cathasaigh,12:30 PM,http://events.myspace.com/Event/8058646/CCAC-Boyce,03/22/2011,CCAC Boyce,I always have a good time at this early lunchtime show. Come on out and grab a seat.          	                	      	          	      	<br><br>  					    						Age Requirement: 0+,"595 Beatty Road, Monroeville&nbsp;PA&nbsp;15146",11:30 AM
Andrew Peterson,8:30 PM,http://events.myspace.com/Event/6235143/Cleburne-TX-BTLOG-Tour,12/09/2011,Cleburne Bible Church,Behold the Lamb of God Tour<br><br>Info:  817-641-8142          	                	      	          	      	<br><br>  					    						Age Requirement: 0+,"930 North Nolan River Road, Cleburne&nbsp;TX&nbsp;76033",7:00 PM
Andrew Peterson,9:00 PM,http://events.myspace.com/Event/8127316/Vincennes-IN,12/15/2011,Red Skelton PAC -Vincennes University,BTLOG Tour 2011<br><br>Tickets: tbd<br><br>www.fbcvin.com          	                	      	          	      	<br><br>  					    						Age Requirement: 0+,"1002 North First ST, Vincennes&nbsp;IN&nbsp;47591",7:00 PM
CRYSTAL FIGHTERS,10:00 PM,http://events.myspace.com/Event/2645134/MORE-DATES-TO-BE-ADDED-SOON,12/31/2011,*****MORE DATES TO BE ADDED SOON******,Age Requirement: 0+,"World, World&nbsp;.&nbsp;",8:00 PM
Whitney. (CD out august 10th),11:30 PM,http://events.myspace.com/Event/6623648/soon-,03/31/2011,soon =],Age Requirement: 0+,"--, EVERYWHERE!&nbsp;--&nbsp;54601",7:00 PM
Del McCoury Band,,http://events.myspace.com/Event/5059027/The-Del-McCoury-Band-at-the-Stoughton-Opera-House,03/04/2011,Stoughton Opera House,"Don't miss The Del McCoury Band at the Stoughton Opera House in Stoughton, WI on March 4.","381 E Main St, Stoughton&nbsp;WI&nbsp;53589",
Del McCoury Band,,http://events.myspace.com/Event/6461441/The-Del-McCoury-Band-at-the-Barre-Opera-House,03/18/2011,Barre Opera House,"Don't miss The Del McCoury Band at the Barre Opera House in Barre, VT on March 18.","6 N Main St, Barre&nbsp;VT&nbsp;05641",
Del McCoury Band,,http://events.myspace.com/Event/1264054/The-Del-McCoury-Band-at-the-Boston-Symphony-Hall,03/19/2011,Church of Boston,Check out The Del McCoury Band at the Boston Symphony Hall!,"69 Kilmarnock St, Boston&nbsp;MA&nbsp;02215",
Del McCoury Band,,http://events.myspace.com/Event/5059038/The-Del-McCoury-Band-at-the-Music-Center-at-Strathmore,03/20/2011,Music Center at Strathmore,"Don't miss The Del McCoury Band at the Music Center at Strathmore in North Bethesda, MD on March 20.","5301 Tuckerman Ln, Rockville&nbsp;MD&nbsp;20852",
Del McCoury Band,,http://events.myspace.com/Event/6461442/The-Del-McCoury-Band-at-the-Rivercenter-for-the-Performing-A,03/27/2011,River Center for the Arts,"Don't miss The Del McCoury Band at the Rivercenter for the Performing Arts in Columbus, GA on March 27, 2011.","900 Broadway, Columbus&nbsp;GA&nbsp;31901",
Del McCoury Band,,http://events.myspace.com/Event/5059032/The-Del-McCoury-Band-at-Royce-Hall-UCLA,05/12/2011,Royce Hall - UCLA,"Don't miss The Del McCoury Band at Royce Hall, UCLA on May 12.","752 Charles E Young Dr S, Los Angeles&nbsp;CA&nbsp;90095",
Anna Johnson,5:00 PM,http://events.myspace.com/Event/7595148/Edina-Art-Fair,06/03/2011,Edina Art Fair,Age Requirement: 0+,"TBA, Edina&nbsp;Minnesota&nbsp;TB",3:00 PM
Anna Johnson,9:00 PM,http://events.myspace.com/Event/7595167/Beaners-Central,06/04/2011,Beaner's Central,Age Requirement: 0+,"324 N Central Ave, West Duluth&nbsp;MN&nbsp;55807",7:00 PM
Anna Johnson,4:00 PM,http://events.myspace.com/Event/6853644/Private-Event,07/02/2011,Private Event,Age Requirement: 0+,"Eau Claire, Eau Claire&nbsp;WI&nbsp;54703",2:00 PM
Anna Johnson,12:00 PM,http://events.myspace.com/Event/7399830/Eau-Claire-Farmers-Market,07/09/2011,Eau Claire Farmers Market - Phoenix Park,Age Requirement: 0+,"Phoenix Park, Eau Claire&nbsp;WI&nbsp;54703",10:00 AM
Anna Johnson,8:30 PM,http://events.myspace.com/Event/6853656/Chill-on-the-Hill,07/12/2011,Chill on the Hill,Age Requirement: 0+,"3000 South Howell Avenue, Milwaukee&nbsp;Wisconsin&nbsp;53207",6:00 PM
Anna Johnson,9:30 PM,http://events.myspace.com/Event/7399845/Phoenix-Park--Summer-Music-Concert-Series,07/14/2011,Phoenix Park,Age Requirement: 0+,"Phoenix Park, Eau Claire&nbsp;WI&nbsp;54703",6:30 PM
Anna Johnson,10:00 PM,http://events.myspace.com/Event/7399853/The-Living-Room-Coffee-House,07/15/2011,The Living Room Coffee House,Age Requirement: 0+,"2006 Cameron Street, Eau Claire&nbsp;WI&nbsp;54703",8:00 PM
Fortunate Youth,11:00 PM,http://events.myspace.com/Event/8095897/Martini-Ranch-w-Tribal-Seeds,02/24/2011,Martini Ranch (ALL AGES!),Tickets on Sale Soon<br>All Ages | 7:30pm<br><br><br>Martini Ranch Arizona<br>http://www.martiniranchaz.net/<br>(480) 970-0500<br>RSVP and invite your friends          	                	      	          	      	<br><br>  					    						Age Requirement: 0+,"7295 East Stetson Drive, Scottsdale&nbsp;Arizona&nbsp;85251",7:30 PM
Fortunate Youth,11:30 PM,http://events.myspace.com/Event/8095914/Galaxy-Theatre-w-Tribal-Seeds,02/26/2011,Galaxy Concert Theater,Tickets on Sale Soon<br>All Ages | 6pm<br><br><br><br>Galaxy Theatre<br>http://www.galaxytheatre.com/<br>714-957-0600<br><br>RSVP and invite your friends<br><br>--<br><br>Tribal Seeds<br>http://tribalseeds.net/<br>http://twitter.com/tribalseeds<br>Download Music: http://bit.ly/TSMusiciTunes<br><br><br>Fortunate Youth<br>http://fortunatemusic.com/<br>http://www.facebook.com/pages/Fortunate-Youth/134197358821<br>Write something...          	                	      	          	      	<br><br>  					    						Age Requirement: 0+,"3503 S Harbor Blvd, Santa Ana&nbsp;CA&nbsp;92704",7:00 PM
Apocalyptica,11:30 PM,http://events.myspace.com/Event/8172382/7th-Symphony-Tour,02/23/2011,Petőfi Csarnok,Age Requirement: 0+,"Zichy Mihály út 14., Budapest&nbsp;.&nbsp;1146",8:00 PM
Apocalyptica,11:30 PM,http://events.myspace.com/Event/8213843/7th-Symphony-Tour,02/24/2011,Studio,Age Requirement: 0+,"., Krakow&nbsp;&nbsp;",8:00 PM
Apocalyptica,11:30 PM,http://events.myspace.com/Event/8172407/7th-Symphony-Tour,02/25/2011,Locomotiva,Age Requirement: 0+,"., Pilsen&nbsp;.&nbsp;",8:00 PM
Apocalyptica,11:30 PM,http://events.myspace.com/Event/8172428/7th-Symphony-Tour,02/26/2011,Archa,Age Requirement: 0+,"., Prague&nbsp;.&nbsp;",8:00 PM
Apocalyptica,11:00 PM,http://events.myspace.com/Event/8172444/7th-Symphony-Tour,02/27/2011,Zenith,Age Requirement: 0+,"Lilienthalallee 29, München&nbsp;.&nbsp;80939",8:00 PM
Apocalyptica,11:30 PM,http://events.myspace.com/Event/8172462/7th-Symphony-Tour,02/28/2011,Theaterhaus,Age Requirement: 0+,"Siemensstr. 11, Stuttgart&nbsp;.&nbsp;70469",8:00 PM
Apocalyptica,11:30 PM,http://events.myspace.com/Event/8172479/7th-Symphony-Tour,03/01/2011,Hugenottenhalle,Age Requirement: 0+,"Frankfurterstr. 152, Neu Isenburg&nbsp;.&nbsp;63263",8:00 PM
We The Kings,10:00 PM,http://events.myspace.com/Event/7293536/We-The-Kings,03/07/2011,Soundwave Festival,Age Requirement: 0+,"-, Perth&nbsp;-&nbsp;",7:00 PM
The Manhattan Transfer,9:30 PM,http://events.myspace.com/Event/8127541/The-Manhattan-Transfer,03/15/2011,Blue Note Tokyo,Age Requirement: 0+,"6-3-16 Minami-Aoyama, Tokyo&nbsp;&nbsp",8:00 PM
The Manhattan Transfer,9:30 PM,http://events.myspace.com/Event/8127565/The-Manhattan-Transfer,03/16/2011,Blue Note Tokyo,Age Requirement: 0+,"6-3-16 Minami-Aoyama, Tokyo, JAPAN&nbsp;&nbsp;10-0062",8:00 PM
The Manhattan Transfer,9:30 PM,http://events.myspace.com/Event/8127600/The-Manhattan-Transfer,03/17/2011,Blue Note Tokyo,Age Requirement: 0+,"6-3-16 Minami-Aoyama, Tokyo, JAPAN&nbsp;&nbsp;10-0062",8:00 PM
The Manhattan Transfer,9:30 PM,http://events.myspace.com/Event/8127641/The-Manhattan-Transfer,03/18/2011,Blue Note Tokyo,Age Requirement: 0+,"6-3-16 Minami-Aoyama, Tokyo, JAPAN&nbsp;&nbsp;10-0062",8:00 PM
The Manhattan Transfer,9:30 PM,http://events.myspace.com/Event/8127663/The-Manhattan-Transfer,03/19/2011,Blue Note Tokyo,Age Requirement: 0+,"6-3-16 Minami-Aoyama, Tokyo, JAPAN&nbsp;&nbsp;10-0062",8:00 PM
The Manhattan Transfer,9:30 PM,http://events.myspace.com/Event/8127690/The-Manhattan-Transfer,03/20/2011,Blue Note Tokyo,Age Requirement: 0+,"6-3-16 Minami-Aoyama, Tokyo, JAPAN&nbsp;&nbsp;10-0062",8:00 PM
The Manhattan Transfer,9:30 PM,http://events.myspace.com/Event/8127716/The-Manhattan-Transfer,03/21/2011,Motion Blue,Age Requirement: 0+,"Yokohama, Yokohama&nbsp;Japan&nbsp;Yoko1",8:00 PM
The Manhattan Transfer,9:30 PM,http://events.myspace.com/Event/8127748/The-Manhattan-Transfer,03/23/2011,TBA,Age Requirement: 0+,"TBA, TOKYO&nbsp;&nbsp",8:00 PM
The Manhattan Transfer,9:30 PM,http://events.myspace.com/Event/8127780/The-Manhattan-Transfer,03/25/2011,Blue Note Nagoya,Age Requirement: 0+,"TBD, Nagoya&nbsp;TBD&nbsp;TB",8:00 PM
The Manhattan Transfer,9:00 PM,http://events.myspace.com/Event/5900132/TMT-Live--Phoenix-AZ,03/31/2011,Celebrity Theater,Age Requirement: 0+,"440 North 32nd Street, Phoenix&nbsp;AZ&nbsp;85008",7:30 PM
The Manhattan Transfer,9:30 PM,http://events.myspace.com/Event/4302857/The-Manhattan-Transfer,04/01/2011,McCallum Theatre,Age Requirement: 0+,"73000 Fred Waring Dr., Palm Desert&nbsp;CA&nbsp;92260",8:00 PM
The Manhattan Transfer,9:30 PM,http://events.myspace.com/Event/4302908/The-Manhattan-Transfer,04/02/2011,Gallo Center For The Arts,Age Requirement: 0+,"1000 I Street, Modesto&nbsp;CA&nbsp;95354",8:00 PM
The Manhattan Transfer,9:30 PM,http://events.myspace.com/Event/4302957/The-Manhattan-Transfer,06/03/2011,Palmer Event Center,Age Requirement: 0+,"900 Barton Springs Road, Austin&nbsp;TX&nbsp;78704",8:00 PM
The Manhattan Transfer,9:30 PM,http://events.myspace.com/Event/4303014/The-Manhattan-Transfer,06/04/2011,Palmer Events Center,Age Requirement: 0+,"900 Barton Springs Road, Austin&nbsp;TX&nbsp;78704",8:00 PM
Avishai,10:00 PM,http://events.myspace.com/Event/5782616/Avishai-Cohen,02/23/2011,Theatre Interlude,More information to follow soon.          	                	      	          	      	<br><br>  					    						Age Requirement: 0+,"9 rue de Saint Melaine, Cholet&nbsp;.&nbsp;49300",8:30 PM
Avishai,10:00 PM,http://events.myspace.com/Event/5782748/Avishai-Cohen,02/25/2011,.,More information to be added.          	                	      	          	      	<br><br>  					    						Age Requirement: 0+,"., Annecy&nbsp;.&nbsp;",8:30 PM
Avishai,10:00 PM,http://events.myspace.com/Event/5782812/Avishai-Cohen,02/28/2011,Gothenburg Konserthius,More information to be added.          	                	      	          	      	<br><br>  					    						Age Requirement: 0+,"., Gothenburg&nbsp;.&nbsp;",8:30 PM
Avishai,10:00 PM,http://events.myspace.com/Event/5783074/Avishai-Cohen,03/12/2011,Budapest Palace of Arts,More information to follow.          	                	      	          	      	<br><br>  					    						Age Requirement: 0+,"., Budapest&nbsp;&nbsp",8:30 PM
Avishai,9:30 PM,http://events.myspace.com/Event/7157467/Avishai-Cohen,03/15/2011,Le Salmanazar,Age Requirement: 0+,"., Epernay&nbsp;&nbsp;",8:00 PM
Avishai,9:30 PM,http://events.myspace.com/Event/7157468/Avishai-Cohen,03/15/2011,Le Salmanazar,Age Requirement: 0+,"., Epernay&nbsp;&nbsp;",8:00 PM
Avishai,9:30 PM,http://events.myspace.com/Event/6358013/Festival-Jazz-a-LEtage,03/18/2011,Le Liberte,More information to be added          	                	      	          	      	<br><br>  					    						Age Requirement: 0+,"Rennes, .&nbsp;&nbsp;",8:00 PM
Avishai,9:30 PM,http://events.myspace.com/Event/7157750/Avishai-Cohen,03/24/2011,Union Chapel,Venue website: www.unionchapel.org.uk           	                	      	          	      	<br><br>  					    						Age Requirement: 0+,"Compton Avenue, London&nbsp;&nbsp;N1 2X",8:00 PM
Avishai,10:00 PM,http://events.myspace.com/Event/5783678/Avishai-Cohen,04/04/2011,L'Olympia,Box office number: 0033 892 683368<br>Venue website: www.olympiahall.com          	                	      	          	      	<br><br>  					    						Age Requirement: 0+,"28, Boulevard des Capucines, Paris&nbsp;&nbsp;75009",8:30 PM
Avishai,10:00 PM,http://events.myspace.com/Event/5783747/Avishai-Cohen,04/07/2011,Salle de Musique de Chambre,More information to follow.          	                	      	          	      	<br><br>  					    						Age Requirement: 0+,"., .&nbsp;&nbsp",8:30 PM
Avishai,10:00 PM,http://events.myspace.com/Event/5783827/Avishai-Cohen--Basel-Jazz-Festival,05/11/2011,Basel Casino,More information to be added.          	                	      	          	      	<br><br>  					    						Age Requirement: 0+,"., Basel&nbsp;&nbsp;",8:30 PM
Avishai,11:00 PM,http://events.myspace.com/Event/6358094/Abu-Gosh-Vocal-Music-Festival,06/08/2011,Kiryat Yearim Church,"Festival website: www.agfestival.co.il<br>Box office: 03-6045000, *8956          	                	      	          	      	<br><br>  					    						Age Requirement: 0+","Abu GIsh Village, .&nbsp;.&nbsp;",7:00 PM
Avishai,,http://events.myspace.com/Event/6358202/Avishai-Cohen--Artistic-Director-of-Red-Sea-Jazz-Festival,08/22/2011,.,Festival website: www.redseajazzeilat.com/en/          	                	      	          	      	<br><br>  					    						Age Requirement: 0+,"., Eilat&nbsp;.&nbsp;",
Avishai,10:00 PM,http://events.myspace.com/Event/6358309/Vienna-Konserthuis,10/13/2011,.,More information to be added.          	                	      	          	      	<br><br>  					    						Age Requirement: 0+,"., Vienna&nbsp;&nbsp;",8:30 PM
stephanie nilles,9:00 PM,http://events.myspace.com/Event/6391648/The-Salon,05/22/2011,The Salon,Age Requirement: 0+,"tba, Philadelphia, PA&nbsp;PA&nbsp;tb",7:00 PM
Miss May,,http://events.myspace.com/Event/7078396/The-Monument-Tour-wSleeping-With-Sirens-Bury-Tomorrow-The-Crimson-Armada,,,,,5:00 PM
MENOMENA!,,http://events.myspace.com/Event/6927845/FZW,,,,,8:30 PM
Felguk,4:00 AM,http://events.myspace.com/Event/8259769/Privilege-Club,03/05/2011,Privilege Club,Age Requirement: 0+,"R, Buzios&nbsp;Brazil&nbsp",3:00 AM
Felguk,11:00 AM,http://events.myspace.com/Event/8259798/Some-Festival,03/07/2011,Some Festival,Age Requirement: 0+,"R, Santa Catarina&nbsp;Brazil&nbsp",10:00 AM
Felguk,4:00 PM,http://events.myspace.com/Event/8259821/Rio-Music-Conference,03/08/2011,RMC - Rio Music Conference,Age Requirement: 0+,"R, Rio de Janeiro&nbsp;Brazil&nbsp",3:30 PM
The Presets,12:00 AM,http://events.myspace.com/Event/8042560/The-Presets--Future-Music-Festival,03/05/2011,Doomben Racecourse,Age Requirement: 18+,"Hampden St, Ascot&nbsp;QLD&nbsp;4007",12:00 PM
The Presets,12:00 AM,http://events.myspace.com/Event/8042599/The-Presets--Future-Music-Festival,03/06/2011,Arena Joodalup,Age Requirement: 18+,"Kennedya Drive, Joondalup, Perth&nbsp;WA&nbsp;6027",12:00 PM
The Presets,12:00 AM,http://events.myspace.com/Event/8042634/The-Presets--Future-Music-Festival,03/12/2011,Randwick Racecourse,Age Requirement: 18+,"Anzac Parade, Sydney&nbsp;NSW&nbsp;2031",12:00 PM
The Presets,12:00 AM,http://events.myspace.com/Event/8042657/The-Presets--Future-Music-Festival,03/13/2011,Flemington Racecourse,Age Requirement: 18+,"Epsom Road, Melbourne&nbsp;VIC&nbsp;3031",12:00 PM
The Presets,12:00 AM,http://events.myspace.com/Event/8042683/The-Presets--Future-Music-Festival,03/14/2011,Garden of Unearthly Delights,Age Requirement: 18+,"Rundle & Rymill Park, Rundle Road, Adelaide&nbsp;SA&nbsp;5000",12:00 PM
IAMX,11:30 PM,http://events.myspace.com/Event/8259200/IAMX-at-Rockhouse,03/09/2011,Rockhouse,Fire and Whispers Tour 2011          	                	      	          	      	<br><br>  					    						Age Requirement: 0+,"Schallmooser Hauptstraße 46, Salzburg&nbsp;&nbsp;5020",7:00 PM
IAMX,11:00 PM,http://events.myspace.com/Event/8148680/IAMX-in-Wien,03/10/2011,Gasometer,Age Requirement: 0+,"Guglgasse 6, Wien&nbsp;_&nbsp;1110",8:00 PM
IAMX,11:30 PM,http://events.myspace.com/Event/8259266/IAMX-at-Orpheum,03/11/2011,ORPHEUM,Fire and Whispers Tour 2011          	                	      	          	      	<br><br>  					    						Age Requirement: 0+,"Orpheumgasse 8, Graz&nbsp;&nbsp;8020",7:00 PM
IAMX,11:00 PM,http://events.myspace.com/Event/8148753/IAMX-in-Luxembourg,03/18/2011,Kulturfabrik,Age Requirement: 0+,"116, rue de Luxembourg, Esch-sur-Alzette&nbsp;_&nbsp;4221",8:00 PM
IAMX,11:00 PM,http://events.myspace.com/Event/8148810/IAMX-in-Malmo,03/24/2011,Babel,Age Requirement: 0+,"Spångatan 38, Malmö&nbsp;_&nbsp;211 53",8:00 PM
IAMX,11:00 PM,http://events.myspace.com/Event/8148875/IAMX-in-Stockholm,03/25/2011,Nalen,fans over 13 years old and under 18 should be accompanied by an elder person.          	                	      	          	      	<br><br>  					    						Age Requirement: 18+,"74 Regeringsgatan, Stockholm&nbsp;_&nbsp;11153",8:00 PM
IAMX,11:00 PM,http://events.myspace.com/Event/8148960/IAMX-in-Helsinki,03/26/2011,Nosturi,Also ticket available at: http://www.lippupalvelu.fi          	                	      	          	      	<br><br>  					    						Age Requirement: 0+,"Telakkakatu 8, Helsinki&nbsp;_&nbsp;00150",8:00 PM
IAMX,11:00 PM,http://events.myspace.com/Event/8149013/IAMX-in-Athens,04/02/2011,Gagarin 205,Age Requirement: 0+,"ΛΙΟΣΙΩΝ 203-205, ΑΘΗΝΑ, Athens&nbsp;_&nbsp;104 45",8:00 PM
IAMX,11:00 PM,http://events.myspace.com/Event/8149070/IAMX-in-Köln,04/08/2011,Essigfabrik,Age Requirement: 0+,"Siegburger Str. 110, Köln&nbsp;_&nbsp;50679",8:00 PM
IAMX,11:00 PM,http://events.myspace.com/Event/8149116/IAMX-in-Hamburg,04/09/2011,Gruenspan,Age Requirement: 0+,"Grosse Freiheit 58, Hamburg&nbsp;&nbsp;22767",8:00 PM
IAMX,11:30 PM,http://events.myspace.com/Event/8259070/IAMX-at-Astra,04/14/2011,Astra,Fire and Whispers Tour 2011          	                	      	          	      	<br><br>  					    						Age Requirement: 0+,"Revaler Str. 99, Berlin&nbsp;_&nbsp;10245",7:00 PM
IAMX,11:00 PM,http://events.myspace.com/Event/8149170/IAMX-in-Warsae,04/16/2011,Stodola,Also tickets available at:<br>http://www.ticketpro.pl/jnp/home/index.html<br>http://www.ticketonline.com/pl/pl/all/<br>          	                	      	          	      	<br><br>  					    						Age Requirement: 0+,"ul. Batorego 10, Warsaw&nbsp;&nbsp;02-591",8:00 PM
IAMX,11:00 PM,http://events.myspace.com/Event/8149233/IAMX-in-Munich,04/19/2011,Backstage Halle,Also tickets available at:<br>http://www.muenchenticket.de/guide/tickets/f5ib/IAMX+support.html<br><br>http://www.ticketmaster.de/Backstage-Halle-tickets-Munchen/venue/286808          	                	      	          	      	<br><br>  					    						Age Requirement: 0+,"Reitknechtstrasse 6, Munich&nbsp;&nbsp;80639",8:00 PM
IAMX,11:00 PM,http://events.myspace.com/Event/8149306/IAMX-in-Zürich,04/20/2011,X-tra,Age Requirement: 0+,"Limmatstrasse 118, Zurich&nbsp;&nbsp;118",8:00 PM
IAMX,11:00 PM,http://events.myspace.com/Event/8149345/IAMX-in-Frankfurt,04/21/2011,Das Bett,Age Requirement: 0+,"Schmidstr. 12, Frankfurt&nbsp;&nbsp;60326",8:00 PM
IAMX,11:00 PM,http://events.myspace.com/Event/8149397/IAMX-in-Madrid,04/29/2011,Sala Heineken,Age Requirement: 0+,"Princesa 1, Madrid&nbsp;&nbsp;28008",8:00 PM
IAMX,11:00 PM,http://events.myspace.com/Event/8149480/IAMX-in-Barcelona,04/30/2011,Salamandra 1,Age Requirement: 0+,"Av. Carrilet, 235, Barcelona&nbsp;&nbsp;08907",8:00 PM
Bizarre,11:00 PM,http://events.myspace.com/Event/7487814/Teatre-del-Centre-Catòlic,03/11/2011,Blanes,Age Requirement: 0+,"Pau Casals, 44, Blanes&nbsp;España&nbsp;17300",10:00 PM
Robert Cray,10:00 PM,http://events.myspace.com/Event/8199426/Robert-Cray-at-the-Tampa-Bay-Blues-Festival,04/08/2011,Vinoy Park,"The Tampa Bay Blues Festival is staged at Vinoy Waterfront Park in downtown St. Petersburg, Florida. On Friday & Saturday, gates open at around noon. On Sunday, the gates will open at about 12:30 p.m.          	                	      	          	      	<br><br>  					    						Age Requirement: 0+","Vinoy Park, St. Petersburg&nbsp;Florida&nbsp;33740",8:30 PM
BLACKLAND,6:00 PM,http://events.myspace.com/Event/5263413/Ride-for-St-Jude,06/11/2011,St. Jude benefit ride and concert,Benefit ride and concert for St. Jude          	                	      	          	      	<br><br>  					    						Age Requirement: 0+,"McFarland Park, Florence&nbsp;Alabama&nbsp;35660",3:00 PM
BLACKLAND,7:00 PM,http://events.myspace.com/Event/8180480/Chatuauqua-Bike-Rally,10/22/2011,Crystal Springs Park,Age Requirement: 0+,"20 miles South of Jackson, MS off I55 S, Crystal Springs&nbsp;Mississippi&nbsp;654987",5:00 PM
Roger Waters,,http://events.myspace.com/Event/5305286/Roger-Waters,03/25/2011,Palacio de Deportes,,&nbsp;&nbsp,
Roger Waters,,http://events.myspace.com/Event/5305287/Roger-Waters,03/29/2011,Palau Sant Jordi,,"Passeig Olímpic, 5, Barcelona&nbsp;&nbsp;08038",
Roger Waters,,http://events.myspace.com/Event/4876484/Roger-Waters,04/02/2011,Mediolanum Forum,,"Via Giuseppe Di Vittorio, 6, Rozzano&nbsp;Lombardia&nbsp;20089",
Roger Waters,,http://events.myspace.com/Event/4876485/Roger-Waters,04/03/2011,Mediolanum Forum,,"Via Giuseppe Di Vittorio, 6, Rozzano&nbsp;Lombardia&nbsp;20089",
Roger Waters,,http://events.myspace.com/Event/5276865/Roger-Waters,04/04/2011,Mediolanum Forum,,"Via Giuseppe Di Vittorio, 6, Rozzano&nbsp;Lombardia&nbsp;20089",
Roger Waters,,http://events.myspace.com/Event/5514924/Roger-Waters,04/05/2011,Mediolanum Forum,,"Via Giuseppe Di Vittorio, 6, Rozzano&nbsp;Lombardia&nbsp;20089",
Roger Waters,,http://events.myspace.com/Event/5058938/Roger-Waters,04/09/2011,Gelredome,,Arnhem&nbsp;Gelderland&nbsp;6841,
Roger Waters,,http://events.myspace.com/Event/7516701/Roger-Waters,04/11/2011,Gelredome,,Arnhem&nbsp;Gelderland&nbsp;6841,
Roger Waters,,http://events.myspace.com/Event/5453141/Roger-Waters,04/15/2011,O2 Arena,,Praha&nbsp;Hlavní měs&nbsp;190,
Roger Waters,,http://events.myspace.com/Event/5928540/Roger-Waters,04/23/2011,Актовый Зал,,город Москва&nbsp;Московская&nbsp,
Roger Waters,,http://events.myspace.com/Event/5130229/Roger-Waters,04/25/2011,Ледовый Дворец,,Saint Petersburg&nbsp;Sankt-Pete&nbsp,
Roger Waters,,http://events.myspace.com/Event/7120318/Roger-Waters,04/27/2011,Hartwall Areena,,"Areenankuja, Helsínquia&nbsp;Southern F&nbsp;00240",
Roger Waters,,http://events.myspace.com/Event/7036198/Roger-Waters,05/05/2011,Globe Arenas Annexet,,"Globentorget 2, Stockholm&nbsp;&nbsp",
Roger Waters,,http://events.myspace.com/Event/4876486/Roger-Waters,05/14/2011,O2 arena,,"London Rd, Liverpool&nbsp;Liverpool&nbsp;L3 8",
Roger Waters,,http://events.myspace.com/Event/4876487/Roger-Waters,05/15/2011,O2 arena,,"London Rd, Liverpool&nbsp;Liverpool&nbsp;L3 8",
Roger Waters,,http://events.myspace.com/Event/7502743/Roger-Waters,05/18/2011,O2 arena,,"London Rd, Liverpool&nbsp;Liverpool&nbsp;L3 8",
Roger Waters,,http://events.myspace.com/Event/4876048/Roger-Waters,05/28/2011,Sportpaleis,,Antwerp&nbsp;Flemish Re&nbsp,
Roger Waters,,http://events.myspace.com/Event/7516702/Roger-Waters,05/31/2011,Palais omnisports de Bercy,,"12 Boulevard de Bercy, Paris&nbsp;Ile-de-Fra&nbsp;75012",
Roger Waters,,http://events.myspace.com/Event/4876358/Roger-Waters,06/04/2011,SAP Arena,,Mannheim&nbsp;Baden-Würt&nbsp;68163,
Roger Waters,,http://events.myspace.com/Event/4876047/Roger-Waters,06/07/2011,Hallenstadion-Oerlikon,,"Wallisellenstrasse 45, Zürich&nbsp;Zurich&nbsp;8050",
Roger Waters,,http://events.myspace.com/Event/6414775/Roger-Waters,06/11/2011,Color Line Arena,,Hamburg&nbsp;Hamburg&nbsp;22525,
Roger Waters,,http://events.myspace.com/Event/7148779/Roger-Waters,06/13/2011,MCH Herning,,"Vardevej 1, Herning&nbsp;Midtjyllan&nbsp;7400",
Roger Waters,,http://events.myspace.com/Event/4876360/Roger-Waters,06/16/2011,O2 World,,Berlin&nbsp;Berlin&nbsp;13187,
Roger Waters,,http://events.myspace.com/Event/7211901/Roger-Waters,06/24/2011,Hallenstadion-Oerlikon,,"Wallisellenstrasse 45, Zürich&nbsp;Zurich&nbsp;8050",
Roger Waters,,http://events.myspace.com/Event/7882290/Roger-Waters,06/25/2011,Hallenstadion-Oerlikon,,"Wallisellenstrasse 45, Zürich&nbsp;Zurich&nbsp;8050",
Roger Waters,,http://events.myspace.com/Event/7502744/Roger-Waters,06/28/2011,men area,,Manchester&nbsp;Greater Ma&nbsp;M40 1,
Roger Waters,,http://events.myspace.com/Event/7502745/Roger-Waters,06/29/2011,men area,,Manchester&nbsp;Greater Ma&nbsp;M40 1,
The Rocket Summer,11:00 PM,http://events.myspace.com/Event/7843662/The-Rocket-Summer,02/26/2011,RNA Showgrounds,Age Requirement: 0+,"600 Gregory Terrace, Brisbane, Brisbane&nbsp;QLD&nbsp;4006",7:00 PM
The Rocket Summer,11:00 PM,http://events.myspace.com/Event/7843815/The-Rocket-Summer,03/04/2011,Showgrounds,Age Requirement: 0+,"Epsom Road, Ascot Vale&nbsp;Victoria&nbsp;3032",7:00 PM
The Rocket Summer,11:00 PM,http://events.myspace.com/Event/7843865/The-Rocket-Summer,03/05/2011,Bonython Park - Soundwave Festival,Age Requirement: 0+,"Port Road, Adelaide&nbsp;SA&nbsp;5000",7:00 PM
The Rocket Summer,11:00 PM,http://events.myspace.com/Event/7843902/The-Rocket-Summer,03/07/2011,Steel Blue Oval - Soundwave Festival,Age Requirement: 0+,"Corner Guildford Road & West Road, Perth&nbsp;WA&nbsp;6054",7:00 PM
Mat Kearney,8:00 PM,http://events.myspace.com/Event/7515804/Mat-Kearney,04/28/2011,VH1 Best Cruise Ever 2,"VH1 Best Cruise Ever 2<br>On the Carnival Inspiration<br>Tampa, FL to Cozumel, Mexico<br><br>Tickets: http://www.vh1bestcruiseever.com/          	                	      	          	      	<br><br>  					    						Age Requirement: 0+","651 Channelside Drive Terminal #2, Tampa&nbsp;FL&nbsp;33602",5:00 PM
Mat Kearney,8:00 PM,http://events.myspace.com/Event/7515828/Mat-Kearney,04/29/2011,VH1 Best Cruise Ever 2,"VH1 Best Cruise Ever 2<br>On the Carnival Inspiration<br>Tampa, FL to Cozumel, Mexico<br><br>Tickets: http://www.vh1bestcruiseever.com/          	                	      	          	      	<br><br>  					    						Age Requirement: 0+","651 Channelside Drive Terminal #2, Tampa&nbsp;FL&nbsp;33602",5:00 PM
Mat Kearney,8:00 PM,http://events.myspace.com/Event/7515864/Mat-Kearney,04/30/2011,VH1 Best Cruise Ever 2,"VH1 Best Cruise Ever 2<br>On the Carnival Inspiration<br>Tampa, FL to Cozumel, Mexico<br><br>Tickets: http://www.vh1bestcruiseever.com/          	                	      	          	      	<br><br>  					    						Age Requirement: 0+","651 Channelside Drive Terminal #2, Tampa&nbsp;FL&nbsp;33602",5:00 PM
Mat Kearney,8:00 PM,http://events.myspace.com/Event/7515868/Mat-Kearney,05/01/2011,VH1 Best Cruise Ever 2,"VH1 Best Cruise Ever 2<br>On the Carnival Inspiration<br>Tampa, FL to Cozumel, Mexico<br><br>Tickets: http://www.vh1bestcruiseever.com/          	                	      	          	      	<br><br>  					    						Age Requirement: 0+","651 Channelside Drive Terminal #2, Tampa&nbsp;FL&nbsp;33602",5:00 PM
Mat Kearney,8:00 PM,http://events.myspace.com/Event/7515879/Mat-Kearney,05/02/2011,VH1 Best Cruise Ever 2,"VH1 Best Cruise Ever 2<br>On the Carnival Inspiration<br>Tampa, FL to Cozumel, Mexico<br><br>Tickets: http://www.vh1bestcruiseever.com/          	                	      	          	      	<br><br>  					    						Age Requirement: 0+","651 Channelside Drive Terminal #2, Tampa&nbsp;FL&nbsp;33602",5:00 PM
AFTER THE FALL,6:30 PM,http://events.myspace.com/Event/5652224/POUZZA-FEST,05/20/2011,POUZZA FEST,Age Requirement: 0+,Montreal&nbsp;Quebec&nbsp;666420,6:00 PM
AFTER THE FALL,6:30 PM,http://events.myspace.com/Event/5652251/POUZZA-FEST,05/21/2011,POUZZA FEST,Age Requirement: 0+,Montreal&nbsp;Quebec&nbsp;666777,6:00 PM
AFTER THE FALL,6:30 PM,http://events.myspace.com/Event/5652307/POUZZA-FEST,05/22/2011,POUZZA FEST,Age Requirement: 0+,Montreal&nbsp;Quebec&nbsp;666666,6:00 PM
The Queers,11:30 PM,http://events.myspace.com/Event/7675963/Concert,05/21/2011,Les Foufounes Electrique,All day Festival with a ton of bands.          	                	      	          	      	<br><br>  					    						Age Requirement: 0+,"87 Rue St. Catherine St. East, Montreal&nbsp;Quebec&nbsp;H2X 1K5",7:00 PM
MAD SIN,5:00 PM,http://events.myspace.com/Event/7788801/Satanic-Stomp,04/23/2011,Halle 101,Age Requirement: 0+,"-, -&nbsp;-&nbsp;",3:00 PM
GRAVE ROBBER,11:30 PM,http://events.myspace.com/Event/7317759/GRAVE-ROBBER,06/25/2011,EAST NOBLE HIGH SCHOOL (Riley's Hospital benefit),Age Requirement: 0+,"901 S. Garden St, Kendallville&nbsp;IN&nbsp;46755",7:00 PM
GRAVE ROBBER,11:00 PM,http://events.myspace.com/Event/5142218/Event-Title,08/20/2011,*ALL AGES* METALGODZ FESTIVAL - MANATEE CIVIC CENTER,Age Requirement: 0+,"One Haben Blvd, Palmetto&nbsp;FL&nbsp;34221",12:00 PM
Millencolin,11:00 PM,http://events.myspace.com/Event/7475007/Soundwave-Festival,02/26/2011,Soundwave Festival,Age Requirement: 0+,"RNA Showgrounds, Brisbane&nbsp;.&nbsp;",2:00 PM
Millencolin,11:00 PM,http://events.myspace.com/Event/7475088/Soundwave-Festival,02/27/2011,Soundwave Festival,Age Requirement: 0+,"Eastern Creek Raceway, Sydney&nbsp;.&nbsp;",2:00 PM
Millencolin,11:30 PM,http://events.myspace.com/Event/8244054/Millencolin--Pennywise,03/01/2011,Palace Theatre,http://www.soundwavetouring.com/artists/pennywise-millencolin/          	                	      	          	      	<br><br>  					    						Age Requirement: 0+,"Melbourne&nbsp;, &nbsp",7:30 PM
Millencolin,11:00 PM,http://events.myspace.com/Event/7475125/Soundwave-Festival,03/04/2011,Soundwave Festival,Age Requirement: 0+,"Melbourne Showgrounds, Melbourne&nbsp;.&nbsp;",2:00 PM
Millencolin,11:00 PM,http://events.myspace.com/Event/7475152/Soundwave-Festival,03/05/2011,Soundwave Festival,Age Requirement: 0+,"Bonython Park, Adelaide&nbsp;.&nbsp;",2:00 PM
Millencolin,11:00 PM,http://events.myspace.com/Event/7475189/Soundwave-Festival,03/07/2011,Soundwave Festival,Age Requirement: 0+,"Steel Blue Oval, Perth&nbsp;.&nbsp;",10:00 AM
Millencolin,11:30 PM,http://events.myspace.com/Event/8168688/Millencolin,04/14/2011,E Werk,Tickets available Oct 22 at the usual box offices          	                	      	          	      	<br><br>  					    						Age Requirement: 0+,"Schanzenstraße 37, Cologne&nbsp;Cologne&nbsp;51063",8:00 PM
Millencolin,11:30 PM,http://events.myspace.com/Event/8168810/Millencolin,04/15/2011,Hirsch,Tickets available Oct 22 at the usual box offices<br>          	                	      	          	      	<br><br>  					    						Age Requirement: 0+,Nürnberg&nbsp;&nbsp,8:00 PM
Millencolin,11:30 PM,http://events.myspace.com/Event/8168870/Millencolin,04/16/2011,KC Vltavska,Tickets available Oct 22 at the usual box offices<br>          	                	      	          	      	<br><br>  					    						Age Requirement: 0+,"Prague&nbsp;, &nbsp",7:30 PM
Millencolin,11:30 PM,http://events.myspace.com/Event/8168915/Millencolin,04/17/2011,Arena,Tickets available Oct 22 at the usual box offices<br>          	                	      	          	      	<br><br>  					    						Age Requirement: 0+,"Vienna&nbsp;, &nbsp",8:00 PM
Millencolin,11:30 PM,http://events.myspace.com/Event/8168957/Millencolin,04/18/2011,Muffathalle,Tickets available Oct 22 at the usual box offices<br>          	                	      	          	      	<br><br>  					    						Age Requirement: 0+,"Munich&nbsp;, &nbsp",8:00 PM
Millencolin,11:30 PM,http://events.myspace.com/Event/8168988/Millencolin,04/19/2011,Kofmehl,Tickets available Oct 22 at the usual box offices<br>          	                	      	          	      	<br><br>  					    						Age Requirement: 0+,"Solothurn&nbsp;, &nbsp",8:00 PM
Millencolin,11:30 PM,http://events.myspace.com/Event/8169043/Millencolin,04/20/2011,Garage,Tickets available Oct 22 at the usual box offices<br>          	                	      	          	      	<br><br>  					    						Age Requirement: 0+,"Saarbrucken&nbsp;, &nbsp",8:00 PM
Millencolin,11:30 PM,http://events.myspace.com/Event/8169074/Millencolin,04/21/2011,Skaters Palace,Tickets available Oct 22 at the usual box offices<br>          	                	      	          	      	<br><br>  					    						Age Requirement: 0+,"Munster&nbsp;, &nbsp",8:00 PM
Millencolin,11:30 PM,http://events.myspace.com/Event/8257789/Groezrock-Festival,04/22/2011,Groezrock Festival,Age Requirement: 0+,"Meerhout&nbsp;, &nbsp",3:00 PM
Millencolin,11:30 PM,http://events.myspace.com/Event/8169104/Millencolin,04/23/2011,Melkweg,Tickets available Oct 22 at the usual box offices<br>          	                	      	          	      	<br><br>  					    						Age Requirement: 0+,"Amsterdam&nbsp;, &nbsp",8:00 PM
Millencolin,11:30 PM,http://events.myspace.com/Event/8169132/Millencolin,04/24/2011,Schlachthof,Tickets available Oct 22 at the usual box offices<br>          	                	      	          	      	<br><br>  					    						Age Requirement: 0+,"Bremen&nbsp;, &nbsp",8:00 PM
Millencolin,11:30 PM,http://events.myspace.com/Event/8169172/Millencolin,04/25/2011,Grosse Freiheit,Tickets available Oct 22 at the usual box offices<br>          	                	      	          	      	<br><br>  					    						Age Requirement: 0+,"Hamburg&nbsp;, &nbsp",8:00 PM
Jonny Lang,9:30 PM,http://events.myspace.com/Event/8108750/Jonny-Lang,02/25/2011,Cascade Theatre,Age Requirement: 0+,"1731 Market St, Redding&nbsp;CA&nbsp;96001",7:30 PM
SCAR SYMMETRY,,http://events.myspace.com/Event/8175597/NEXT-Generation-Open-Air,08/12/2011,NEXT Generation Open Air,Age Requirement: 0+,"steirmark, Niederöblarn&nbsp;&nbsp;8960",
POSSESSED BY PAUL JAMES,,http://events.myspace.com/Event/8240357/35-Conferette,03/11/2011,35 Conferette TBA,Age Requirement: 0+,"215 E. McKinney Street, Denton&nbsp;TX&nbsp;76201",
SONATA ARCTICA,,http://events.myspace.com/Event/7735003/Sonata-Arctica,03/11/2011,Sala Apolo,,"Carrer Nou de la Rambla, 113, Barcelona&nbsp;CT&nbsp;08004",
SONATA ARCTICA,,http://events.myspace.com/Event/7735004/Sonata-Arctica,03/12/2011,Sala La Riviera,,"Paseo Bajo de la Virgen del Puer, Madrid&nbsp;Madrid&nbsp;28049",
USX,10:00 PM,http://events.myspace.com/Event/2110861/US-Christmas,04/20/2011,Stroker’s Self Gratification Lounge w/ SAVIOURS!!!!!,Age Requirement: 0+,Stumptown&nbsp;North Carolina&nbsp,8:00 PM
GHOST,6:30 PM,http://events.myspace.com/Event/8172112/,04/13/2011,Glaz'Art,Age Requirement: 0+,"., Paris&nbsp;&nbsp;",6:00 PM
GHOST,6:30 PM,http://events.myspace.com/Event/8172501/,04/15/2011,Dynamo Zaal,Age Requirement: 0+,"., Zürich&nbsp;&nbsp;",6:00 PM
GHOST,6:30 PM,http://events.myspace.com/Event/8172522/,04/16/2011,Underground,Age Requirement: 0+,"., Köln&nbsp;&nbsp;",6:00 PM
GHOST,6:30 PM,http://events.myspace.com/Event/8172626/,04/18/2011,Markthalle,Age Requirement: 0+,"., Hamburg&nbsp;&nbsp;",6:00 PM
GHOST,6:30 PM,http://events.myspace.com/Event/8172744/,04/20/2011,Club Bronson,Age Requirement: 0+,"., Ravenna&nbsp;.&nbsp;",6:00 PM
GHOST,6:30 PM,http://events.myspace.com/Event/8211365/,04/22/2011,White Trash,Age Requirement: 0+,"., Berlin&nbsp;.&nbsp;",6:00 PM
GHOST,6:30 PM,http://events.myspace.com/Event/8168961/,04/24/2011,Korjaamo,PENTAGRAM + GHOST + BLOOD CEREMONY          	                	      	          	      	<br><br>  					    						Age Requirement: 0+,"., Helsinki&nbsp;&nbsp",6:00 PM
GHOST,6:30 PM,http://events.myspace.com/Event/8172656/,04/28/2011,Relentless Garage,Age Requirement: 0+,"., London&nbsp;&nbsp;",6:00 PM
The Last Internationale,11:30 PM,http://events.myspace.com/Event/7600180/Crazy-Frogs-1960,02/23/2011,Crazy Frogs 1960,Age Requirement: 0+,"3939 FM 1960 West, Houston&nbsp;TX&nbsp;77068",8:00 PM
The Last Internationale,1:00 AM,http://events.myspace.com/Event/7574499/Freedomfest,02/25/2011,19th Hole,Age Requirement: 0+,"202 Sawdust Rd., Woodlands&nbsp;Texas&nbsp;77380",8:00 PM
The Last Internationale,11:30 PM,http://events.myspace.com/Event/7600302/Crazy-Frogs-1960-2nd-Show,02/26/2011,Crazy Frogs 1960,Age Requirement: 0+,"3939 FM 1960 West, Houston&nbsp;TX&nbsp;77068",8:00 PM
Andrea Gibson,8:00 PM,http://events.myspace.com/Event/7610295/Andrea-Gibson--The-University-of-Southern-California,04/07/2011,University of Southern California,"Take Back The Night at McCarthy Quad, University of Southern California!<br><br>No cover, all ages and open to the public.          	                	      	          	      	<br><br>  					    						Age Requirement: 0+  					      					          	               	  				  					Video  					      <param><param><param>","3535 S. Figueroa St, Los Angeles&nbsp;CA&nbsp;90089",5:00 PM
dana alexandra.,7:30 PM,http://events.myspace.com/Event/8263301/Devry-UNiversity,04/20/2011,Devry UNiversity,Age Requirement: 0+,"n/a, Fort Washington&nbsp;PA&nbsp;n/",6:30 PM
Jeff Daniels,9:30 PM,http://events.myspace.com/Event/4379733/-,06/04/2011,Kirtland Center for the Performing Arts,SHOWTIME: 7pm; Two 45 minute sets          	                	      	          	      	<br><br>  					    						Age Requirement: 0+,"10775 North St. Helen Road, Roscommon&nbsp;MI&nbsp;48653",7:00 PM
ROB ZOMBIE,11:30 PM,http://events.myspace.com/Event/8285534/Rob-Zombie-Soundwave-Festival,02/26/2011,RNA Showgrounds (Soundwave Festival),Age Requirement: 0+,"600 Gregory Terrace, Brisbane, Brisbane&nbsp;QLD&nbsp;4006",8:00 PM
ROB ZOMBIE,11:30 PM,http://events.myspace.com/Event/8285574/Rob-Zombie-Soundwave-Festival,02/27/2011,Eastern Creek Raceway (Soundwave Festival),Age Requirement: 0+,"Brabham Drive/Ferrers Road, Eastern Creek NSW 2766, Sydney&nbsp;AU&nbsp;2766",8:00 PM
ROB ZOMBIE,11:30 PM,http://events.myspace.com/Event/8285661/Rob-Zombie-Soundwave-Festival,03/04/2011,Showgrounds (Soundwave Festival),Age Requirement: 0+,"epson road, Melbourne&nbsp;vic&nbsp;3032",8:00 PM
ROB ZOMBIE,11:30 PM,http://events.myspace.com/Event/8285709/Rob-Zombie-Soundwave-Festival,03/05/2011,Bonython Park (Soundwave Festival),Age Requirement: 0+,"Port Road, Adelaide&nbsp;AU&nbsp;SA 5000",8:00 PM
ROB ZOMBIE,10:30 PM,http://events.myspace.com/Event/8285746/Rob-Zombie-Soundwave-Festival,03/07/2011,Steel Blue Oval (Soundwave Festival),Age Requirement: 0+,"Corner Guildford Road & West Road, Bassendean&nbsp;Perth&nbsp;6054",7:00 PM
Cradle Of Filth,11:00 PM,http://events.myspace.com/Event/8264802/Club-Zoo,02/23/2011,Club Zoo,Age Requirement: 0+,"1700 Penn Avenue, Pittsburgh&nbsp;PA&nbsp;15222",8:00 PM
Cradle Of Filth,11:00 PM,http://events.myspace.com/Event/8264819/Harpos,02/25/2011,Harpo's,Age Requirement: 0+,"14238 Harper, Detroit&nbsp;MI&nbsp;48213",8:00 PM
Cradle Of Filth,11:00 PM,http://events.myspace.com/Event/8264840/Sound-Academy,02/26/2011,Sound Academy,Age Requirement: 0+,"11 Poslon Street, Toronto&nbsp;ON&nbsp;M5A 1A4",8:00 PM
Cradle Of Filth,11:00 PM,http://events.myspace.com/Event/8264876/Metropolis,02/27/2011,Metropolis,Age Requirement: 0+,"59 St. Catherine East, Montreal&nbsp;QC&nbsp;H2X 1K5",8:00 PM
Cradle Of Filth,11:00 PM,http://events.myspace.com/Event/8264897/Imperial-De-Quebec,02/28/2011,Imperial De Quebec,Age Requirement: 0+,"240 St. Joseph Est, Quebec&nbsp;QUE&nbsp;G1K 3A9",8:00 PM
Cradle Of Filth,11:00 PM,http://events.myspace.com/Event/8264919/Trocadero,03/02/2011,Trocadero,Age Requirement: 0+,"1003 Arch Street, Philadelphia&nbsp;PA&nbsp;19107",8:00 PM
Cradle Of Filth,11:00 PM,http://events.myspace.com/Event/8264938/Best-Buy-Theatre,03/03/2011,Best Buy Theatre,Age Requirement: 0+,"1515 Broadway, New York&nbsp;NY&nbsp;10036",8:00 PM
Cradle Of Filth,11:00 PM,http://events.myspace.com/Event/8264963/The-Palladium,03/04/2011,The Palladium,Age Requirement: 0+,"261 Main Street, Worcester&nbsp;MA&nbsp;01608",8:00 PM
Cradle Of Filth,11:00 PM,http://events.myspace.com/Event/8264988/Starland-Ballroom,03/05/2011,Starland Ballroom,Age Requirement: 0+,"570 Jernee Mill Road, Sayreville&nbsp;NJ&nbsp;08872",8:00 PM
Cradle Of Filth,11:00 PM,http://events.myspace.com/Event/8265025/Bourbon-Street-Ballroom,03/06/2011,Bourbon Street Ballroom,Age Requirement: 0+,"316 Guilford Avenue, Baltimore&nbsp;MD&nbsp;21202",8:00 PM
Cradle Of Filth,11:00 PM,http://events.myspace.com/Event/8265048/Norva-Theatre,03/08/2011,Norva Theatre,Age Requirement: 0+,"317 Monticello Avenue, Norfolk&nbsp;VA&nbsp;23510",8:00 PM
Cradle Of Filth,11:00 PM,http://events.myspace.com/Event/8265090/The-Orange-Peel,03/09/2011,The Orange Peel,Age Requirement: 0+,"101 Biltmore Avenue, Asheville&nbsp;NC&nbsp;28801",8:00 PM
Cradle Of Filth,11:00 PM,http://events.myspace.com/Event/8265106/Revolution,03/11/2011,Revolution,Age Requirement: 0+,"200 West Broward Blvd., Ft. Lauderdale&nbsp;FL&nbsp;33312",8:00 PM
Cradle Of Filth,11:00 PM,http://events.myspace.com/Event/8265136/Firestone,03/12/2011,Firestone,Age Requirement: 0+,"578 N. Orange Avenue, Orlando&nbsp;FL&nbsp;32829",8:00 PM
Cradle Of Filth,10:30 PM,http://events.myspace.com/Event/8265158/The-Masquerade,03/13/2011,The Masquerade,Age Requirement: 0+,"695 North Avenue NE, Atlanta&nbsp;GA&nbsp;30308",8:00 PM
Dimmu Borgir,10:30 PM,http://events.myspace.com/Event/7595790/Dimmu-Borgir,03/07/2011,Soundwave Festival,Age Requirement: 0+,"n/a, Perth&nbsp;.&nbsp;",4:00 PM
The 69 Eyes,,http://events.myspace.com/Event/7757912/69-Eyes-Acoustic,,,,,8:00 PM
Star Fucking Hipsters,,http://events.myspace.com/Event/8185811/Cracktober-fest,,,,,8:00 PM
Star Fucking Hipsters,,http://events.myspace.com/Event/6849719/SFH-Tour,,,,,8:00 PM
Star Fucking Hipsters,,http://events.myspace.com/Event/5774416/Cracktoberfest,,,,,7:00 PM
Star Fucking Hipsters,,http://events.myspace.com/Event/5774438/Cracktoberfest,,,,,7:00 PM
Star Fucking Hipsters,,http://events.myspace.com/Event/7093258/SFH-Tour,,,,,7:00 PM
Snoop Dogg,,http://events.myspace.com/Event/7843459/Imagine-That-With-Mike-Epps,,,,,7:00 PM
Michael Bolton,11:00 PM,http://events.myspace.com/Event/8356143/Caesars-Atlantic-City,03/05/2011,Caesars,Michael Bolton in concert!          	                	      	          	      	<br><br>  					    						Age Requirement: 0+,"2100 Pacific Ave, Atlantic City&nbsp;NJ&nbsp;08401",8:00 PM
Michael Bolton,10:00 PM,http://events.myspace.com/Event/8356169/MassMutual-Center-Springfield-MA,03/07/2011,MassMutual Center,Michael Bolton in concert!          	                	      	          	      	<br><br>  					    						Age Requirement: 0+,"1277 Main St, Springfield&nbsp;MA&nbsp;01103",7:00 PM
Michael Bolton,11:00 PM,http://events.myspace.com/Event/8356196/Harrahs-Cherokee-NC,03/11/2011,Harrah's,Michael Bolton in concert          	                	      	          	      	<br><br>  					    						Age Requirement: 0+,"777 Casino Dr., Cherokee&nbsp;NC&nbsp;28719",8:00 PM
Michael Bolton,9:30 PM,http://events.myspace.com/Event/8356231/Palace-Theater-Cleveland-OH,03/21/2011,Playhouse Square's Palace Theatre,Michael Bolton in Concert!          	                	      	          	      	<br><br>  					    						Age Requirement: 0+,"1519 Euclid Ave, Cleveland&nbsp;OH&nbsp;44115",6:30 PM
Emilie-Claire Barlow,11:00 PM,http://events.myspace.com/Event/6285060/ECB-Live-at-Bishops-University,02/26/2011,Centennial Theatre,Age Requirement: 0+,"Universite de Bishop - 2600 College St., Sherbrooke&nbsp;Quebec&nbsp;J1M 1Z7",8:30 PM
Emilie-Claire Barlow,11:00 PM,http://events.myspace.com/Event/6285155/ECB-Live-in-Moncton,03/17/2011,The Capitol Theatre,Age Requirement: 0+,"811 Main Street Moncton NB, Moncton&nbsp;NB&nbsp;",8:00 PM
Emilie-Claire Barlow,11:00 PM,http://events.myspace.com/Event/7426402/ECB-Live-in-Winnipeg,03/22/2011,The Park Theatre,Age Requirement: 0+,"698 Osborne Street, Winnipeg&nbsp;Manitoba&nbsp;R3B 1H3",8:00 PM
Emilie-Claire Barlow,11:00 PM,http://events.myspace.com/Event/6451697/ECB-Live-in-Whitehorse,03/24/2011,Yukon Arts Centre,Age Requirement: 0+,"300 College Drive, Whitehorse&nbsp;Yukon&nbsp;Y1A 5X9",8:00 PM
Emilie-Claire Barlow,10:30 PM,http://events.myspace.com/Event/6452118/ECB-Live-in-St-Albert,03/25/2011,Arden Theatre,Age Requirement: 0+,"St Anne St, St Albert&nbsp;AB&nbsp;T8",7:30 PM
Emilie-Claire Barlow,11:00 PM,http://events.myspace.com/Event/6671016/ECB-Live--The-Queen-Elizabeth-Theatre,05/14/2011,Queen Elizabeth Theatre,Age Requirement: 0+,"190 Princes Blvd., Toronto&nbsp;ON&nbsp;M6K 3C3",8:00 PM
Bill McBirnie,6:30 PM,http://events.myspace.com/Event/7698619/Four-Seasons-Centre-for-the-Performing-Arts,03/03/2011,Four Seasons Centre for the Performing Arts,Don Thompson (piano/bass) - Bill McBirnie (flute)<br>Melodias Brasileiras <br>Two of Canada’s jazz greats share their love of Brazilian music in an intimate and inspired hour of music-making.<br>          	                	      	          	      	<br><br>  					    						Age Requirement: 0+,"145 Queen Street West, Toronto&nbsp;Ontario&nbsp;M5H 4G1",5:30 PM
candye kane,8:00 PM,http://events.myspace.com/Event/7559063/Phuket-Thailand-Phuket-International-Blues-and-Rock-Festival,02/26/2011,Phuket,Age Requirement: 0+,"Thailand/ Hilton Resort and Spa, 333 Patak Road, Karon Beach, Muang&nbsp;Phuket&nbsp;83100",3:00 PM
candye kane,6:30 PM,http://events.myspace.com/Event/7559142/St-Johns-Virgin-Islands-St-Johns-Blues-Festival,03/18/2011,St. Johns,Age Requirement: 0+,"VI/ St. Johns Blues Festival, Coral Bay Ball Field, St. Johns&nbsp;Virgin Isl&nbsp;22222",10:00 AM
The Maine,11:00 PM,http://events.myspace.com/Event/8327696/Billboard,03/03/2011,Billboard,Age Requirement: 0+,"0, Melbourne&nbsp;Victoria&nbsp",7:00 PM
Scouting for Girls,10:30 PM,http://events.myspace.com/Event/8150048/London-Wembley-Arena,04/08/2011,Wembley Arena,Age Requirement: 0+,"Arena Square London, London&nbsp;London&nbsp;HA9 0D",7:30 PM
Scouting for Girls,10:30 PM,http://events.myspace.com/Event/8150126/Manchester-MEN-Arena,04/09/2011,Manchester MEN Arena,Age Requirement: 0+,"Manchester, Greater Manchester, Manchester&nbsp;Manchester&nbsp;M3 1A",7:30 PM
Scouting for Girls,10:30 PM,http://events.myspace.com/Event/8150230/Birmingham-O2-Academy,04/10/2011,Birmingham O2 Academy,Age Requirement: 0+,"16-18 Horsefair, Bristol Street, Bristol&nbsp;Bristol&nbsp;B1 1D",7:30 PM
Andrew Belle,1:00 PM,http://events.myspace.com/Event/8442091/-,03/22/2011,Texas A&M University at Texarkana,Age Requirement: 0+,"2600 N Robison Rd, Texarkana&nbsp;TX&nbsp;75501",12:00 PM
Andrew Belle,9:00 PM,http://events.myspace.com/Event/8442122/-,03/23/2011,University of Texas - San Antonop,Age Requirement: 0+,"6900 N Loop 1604 W, San Antonio&nbsp;TX&nbsp;78249",8:00 PM
ILl nIño,2:00 PM,http://events.myspace.com/Event/8343698/2011-Soundwave-Tour,02/26/2011,Brisbane Showgrounds,Age Requirement: 0+,"285 Gregory Terrace, Brisbane&nbsp;Queensland&nbsp;(07) 3852 1831",1:00 PM
ILl nIño,2:00 PM,http://events.myspace.com/Event/8343736/2011-Sounwave-Tour,02/27/2011,Eastern Creek International Raceway,Age Requirement: 0+,"Eastern Creek New South Wales 2766, Sydney&nbsp;Brabham Dr&nbsp;(02) 9672 1000",1:30 PM
ILl nIño,2:00 PM,http://events.myspace.com/Event/8343996/2011-Soundwave-Tour,03/04/2011,Melbourne Showgrounds,Age Requirement: 0+,"Epsom Road, Ascot Vale, Melbourne&nbsp;Victoria&nbsp;3032",1:30 PM
ILl nIño,2:00 PM,http://events.myspace.com/Event/8344130/2011-Soundwave-Tour,03/05/2011,Bonython Park,Age Requirement: 0+,"Port Rd, Adelaide&nbsp;AUS&nbsp;5000",1:30 PM
ILl nIño,2:30 PM,http://events.myspace.com/Event/8344201/2011-Soundwave-Tour,03/07/2011,Perth,Age Requirement: 0+,"Steel Blue Oval, Old Perth Road, Bassendean, Perth&nbsp;WA&nbsp;6054",2:00 PM
Whiskey Bent      Valley Boys,11:30 PM,http://events.myspace.com/Event/8069710/Whiskey-Bent-Valley,04/29/2011,Arnold's,Age Requirement: 0+,"., Cincinnati&nbsp;Ohio&nbsp;",9:30 PM
Whiskey Bent      Valley Boys,7:30 PM,http://events.myspace.com/Event/7984754/Whiskey-Bent-Valley-Live,06/01/2011,John Hartford's Memorial Festival,Age Requirement: 0+,"Bean Blossom IN, Bean Blossom&nbsp;Indiana&nbsp;",6:00 PM
Whiskey Bent      Valley Boys,4:30 PM,http://events.myspace.com/Event/7985467/Whiskey-Bent-Valley,06/25/2011,Flat Rock Jamboree,Age Requirement: 0+,"., Big Flats&nbsp;Wisconsin&nbsp;",2:00 PM
Whiskey Bent      Valley Boys,5:00 PM,http://events.myspace.com/Event/7985916/Whiskey-Bent-Valley,06/26/2011,Flat Rock Jamboree,Age Requirement: 0+,"., Big Flats&nbsp;Wisconsin&nbsp;",2:30 PM
Whiskey Bent      Valley Boys,11:30 PM,http://events.myspace.com/Event/8069732/Whiskey-Bent-Valley,08/26/2011,Arnold's,Age Requirement: 0+,"., Cincinnati&nbsp;Ohio&nbsp;",9:30 PM
YOUR DEMISE,11:30 PM,http://events.myspace.com/Event/8506924/YOUR-DEMISE,02/23/2011,02 ACADEMY 2 w/ Stick To Your Guns,Age Requirement: 0+,"Break Even & Letlive, ., NEWCASTLE&nbsp;.&nbsp;",6:00 PM
YOUR DEMISE,11:30 PM,http://events.myspace.com/Event/8506954/YOUR-DEMISE,02/24/2011,COCKPIT w/ Stick To Your Guns,Age Requirement: 0+,"Break Even & Letlive, ., LEEDS&nbsp;.&nbsp;",6:00 PM
YOUR DEMISE,11:00 PM,http://events.myspace.com/Event/8506999/YOUR-DEMISE,02/25/2011,SOUND CONTROL w/ Stick To Your Guns,Age Requirement: 0+,"Break Even & Letlive, ., MANCHESTER&nbsp;.&nbsp;",6:00 PM
YOUR DEMISE,11:30 PM,http://events.myspace.com/Event/8507028/YOUR-DEMISE,02/26/2011,SIX FEET UNDER w/ Stick To Your Guns,Age Requirement: 0+,"Break Even & Letlive, ., NEWPORT, WALES&nbsp;.&nbsp;",6:00 PM
YOUR DEMISE,11:30 PM,http://events.myspace.com/Event/8507053/YOUR-DEMISE,02/27/2011,THE UNDERWORLD,Age Requirement: 0+,"w/ Stick To Your Guns, Break Even & Letlive, ., LONDON&nbsp;.&nbsp;",6:00 PM
JB and the Moonshine Band,1:00 PM,http://events.myspace.com/Event/5704156/VISIT-OUR-WEBSITE-FOR-TOUR-DATES,05/04/2012,"Check our website for tour dates! Click on ""find tickets""",Age Requirement: 0+,&nbsp;&nbsp;75703,12:00 PM
Andrew Peterson,10:00 PM,http://events.myspace.com/Event/8380842/,12/16/2011,Billy Graham Training Center At The Cove,Age Requirement: 0+,"1 Porters Cove Road, Asheville&nbsp;NC&nbsp;28815",7:30 PM
STAIND,10:00 PM,http://events.myspace.com/Event/8506047/Aaron-Lewis-of-Staind,03/03/2011,Motor City Casino,Aaron Lewis of Staind solo acoustic...<br><br>Tickets on sale 11/19/2010          	                	      	          	      	<br><br>  					    						Age Requirement: 0+  					      					          	               	  				  					Video  					      <param><param><param>,"2901 Grand River Avenue, Detroit&nbsp;MI&nbsp;48201",7:00 PM
STAIND,10:00 PM,http://events.myspace.com/Event/8266022/Aaron-Lewis-Solo-Casino-Tour,03/04/2011,Turning Stone Resort & Casino Showroom,Age Requirement: 0+,"5218 Patrick Road, Verona&nbsp;NY&nbsp;13478",8:00 PM
STAIND,10:00 PM,http://events.myspace.com/Event/8266129/Aaron-Lewis-Solo-Casino-Tour,03/05/2011,Turning Stone Resort & Casino Showroom,Age Requirement: 0+,"5218 Patrick Road, Verona&nbsp;NY&nbsp;13478",8:00 PM
STAIND,9:00 PM,http://events.myspace.com/Event/8266197/Aaron-Lewis-Solo-Casino-Tour,03/17/2011,Snoqualmie Casino-Ballroom,Age Requirement: 0+,"37500 SE North Bend Way, Snoqualmie&nbsp;WA&nbsp;98065",7:00 PM
STAIND,10:00 PM,http://events.myspace.com/Event/8266260/Aaron-Lewis-Solo-Casino-Tour,03/18/2011,Silver Legacy Casino,Age Requirement: 0+,"407 N. Virginia, Reno NV&nbsp;NV&nbsp;89505",8:00 PM
STAIND,10:00 PM,http://events.myspace.com/Event/8266322/Aaron-Lewis-Solo-Casino-Tour,04/16/2011,Hard Rock Live,Age Requirement: 0+,"777 Beach Blvd, Biloxi&nbsp;MS&nbsp;39530",8:00 PM
ROB ZOMBIE,9:30 PM,http://events.myspace.com/Event/8285746/Rob-Zombie-Soundwave-Festival,03/07/2011,Steel Blue Oval (Soundwave Festival),Age Requirement: 0+,"Corner Guildford Road & West Road, Bassendean&nbsp;Perth&nbsp;6054",6:00 PM
BLUE OCTOBER,11:30 PM,http://events.myspace.com/Event/8466675/Blue-October-Live,05/21/2011,Hard Rock Hotel & Casino,Age Requirement: 0+,"777 Beach Blvd, Biloxi&nbsp;MS&nbsp;39530",7:00 PM
Vonnegutt (New EP on iTunes!),10:00 PM,http://events.myspace.com/Event/2778495/Vonnegutt-Debut-Album-Coming-Soon,08/06/2011,For Booking Contact: Jesse@NueAgency.com,Age Requirement: 0+,"Pr, MARIETTA&nbsp;PR&nbsp;30062",8:00 PM
SUB FOCUS,11:30 PM,http://events.myspace.com/Event/8417774/Snowbombing-Festival-LIVE,04/07/2011,Snowbombing Festival (LIVE),Age Requirement: 0+,"Snowbombing Festival, Mayrhofen&nbsp;Austria&nbsp;Aus",8:30 PM
Yellowcard,11:00 PM,http://events.myspace.com/Event/8281924/-,02/27/2011,Nosturi,Age Requirement: 0+,"Telakkakatu 8 00150 Helsinki, Helsinki&nbsp;&nbsp",7:00 PM
coheed and cambria,10:30 PM,http://events.myspace.com/Event/7479624/Coheed-And-Cambria-at-Soundwave,03/07/2011,Soundwave Festival - Steel Blue Oval,Age Requirement: 0+,"Corner Guildford Road & West Road, Perth&nbsp;WA&nbsp;6054",11:00 AM
Helloween,11:00 PM,http://events.myspace.com/Event/8315764/Helloween,02/23/2011,Zepp,Age Requirement: 0+,"-, Nagoja&nbsp;&nbsp",8:00 PM
Helloween,11:00 PM,http://events.myspace.com/Event/8315770/Helloween,02/25/2011,Zepp,Age Requirement: 0+,"-, Fukuoka&nbsp;&nbsp",8:00 PM
Helloween,11:00 PM,http://events.myspace.com/Event/8315776/Helloween,02/27/2011,Hatch,Age Requirement: 0+,"-, Osaka&nbsp;&nbsp",8:00 PM
Helloween,11:00 PM,http://events.myspace.com/Event/8315782/Helloween,02/28/2011,Zepp,Age Requirement: 0+,"-, Tokyo&nbsp;&nbsp",8:00 PM
PAINT BOX,8:00 PM,http://events.myspace.com/Event/8494817/Soberstock-2011,05/21/2011,TD Bank Ampitheater,Age Requirement: 0+,"2400 Byberry Road, Bensalem&nbsp;Pa&nbsp;19020",11:00 AM
Rush Of Fools,,http://events.myspace.com/Event/8381653/Rush-Of-Fools-Concert,03/25/2011,First Baptist Church at the Mall,Age Requirement: 0+,"1010 E Memorial Blvd, Lakeland&nbsp;Florida&nbsp;33801",
Rush Of Fools,,http://events.myspace.com/Event/8381654/Rush-Of-Fools-Concert,03/25/2011,First Baptist Church at the Mall,Age Requirement: 0+,"1010 E Memorial Blvd, Lakeland&nbsp;Florida&nbsp;33801",
Rush Of Fools,8:00 PM,http://events.myspace.com/Event/8506229/Rush-Of-Fools-Concert,05/21/2011,Five Flags Speedway,850-516-5336          	                	      	          	      	<br><br>  					    						Age Requirement: 0+,"7451 Pine Forest Rd, Pensacola&nbsp;Florida&nbsp;32526",7:00 PM
DERDIAN,11:30 PM,http://events.myspace.com/Event/8126021/LIVE-AT-BLUE-ROSE-SALOON,04/15/2011,LIVE SHOW AT BLUE ROSE SALOON,DERDIAN LIVE WITH GEMINY           	                	      	          	      	<br><br>  					    						Age Requirement: 0+,"via Carolina Romani 1/11, Bresso&nbsp;ITALY&nbsp;20091",9:00 PM
THE YELLOW SIGN,11:30 PM,http://events.myspace.com/Event/8018216/TYS-is-DEAD,01/01/2012,TYS is DEAD. We Wait in OBLIVION.,Age Requirement: 0+,"Abyss, R'lyeh&nbsp;MI&nbsp;48836",12:00 AM
Robert Cray,11:00 PM,http://events.myspace.com/Event/8470035/Paramount-Center-for-the-Arts,02/26/2011,Paramount Center for the Arts,showtime: 9PM          	                	      	          	      	<br><br>  					    						Age Requirement: 0+,"1008 Brown Street, Peekskill&nbsp;New York&nbsp;10566",9:00 AM
Robert Cray,11:30 AM,http://events.myspace.com/Event/8470741/Robert-Cray--The-Wolf-Den,03/04/2011,The Wolf Den at Mohegan Sun Casino,Age Requirement: 0+,"1 Mohegan Sun Boulevard, Uncasville&nbsp;Connecticut&nbsp;06382",8:00 AM
Robert Cray,11:00 PM,http://events.myspace.com/Event/8470084/The-Wolf-Den,03/04/2011,The Wolf Den at Mohegan Sun Casino,Showtime: 8:00PM          	                	      	          	      	<br><br>  					    						Age Requirement: 0+,"1 Mohegan Sun Boulevard, Uncasville&nbsp;Connecticut&nbsp;06382",8:00 PM
Robert Cray,11:00 PM,http://events.myspace.com/Event/8470201/Westhampton-Beach-PAC,03/05/2011,Westhampton Beach Performing Arts Center,Age Requirement: 0+,"76 Main Street, Westhampton Beach&nbsp;NY&nbsp;11978",8:00 PM
Robert Cray,11:00 PM,http://events.myspace.com/Event/8470753/Robert-Cray--Westhampton-Beach-PAC,03/05/2011,Westhampton Beach PAC,Age Requirement: 0+,"76 Main St., Westhampton Beach NY&nbsp;New York&nbsp;11978",8:00 PM
Robert Cray,11:30 PM,http://events.myspace.com/Event/8470729/Robert-Cray--The-Paramount-Center-for-the-Arts,03/26/2011,Paramount Center for the Arts,Age Requirement: 0+,"1008 Brown Street, Peekskill&nbsp;New York&nbsp;10566",9:00 PM
Robert Cray,11:30 PM,http://events.myspace.com/Event/8470357/Houston-International-Festival-,05/01/2011,Sam Houston Park- World Stage,Age Requirement: 0+,"203 Montrose Blvd # 200, Houston&nbsp;Texas&nbsp;77006",8:30 PM
Robert Cray,11:30 PM,http://events.myspace.com/Event/8470531/Georgia-Blues-Fest,10/01/2011,Gresham Motorsports Park,showtime: approx. 9:30PM          	                	      	          	      	<br><br>  					    						Age Requirement: 0+,"Jefferson, GA, Gresham Motorsports Park, Jefferson&nbsp;Georgia&nbsp;30533",9:30 PM
AC/DC Tribute Band Dirty Deeds,11:30 PM,http://events.myspace.com/Event/8390559/Dirty-Deeds-at-The-Hangout,02/26/2011,The Hangout,AC/DC Tribute Band Dirty Deeds Brings down the house at The Hangout in Elgin...          	                	      	          	      	<br><br>  					    						Age Requirement: 21+,"51 S. Grove Avenue, Elgin&nbsp;IL&nbsp;60120",9:00 PM
All Time Low,11:30 PM,http://events.myspace.com/Event/8321771/All-Time-Low,06/30/2011,Peace And Love Festival,http://www.peaceandlove.nu/          	                	      	          	      	<br><br>  					    						Age Requirement: 0+,"Sveagatan 1 784 33, Borlange&nbsp;SE&nbsp;784 33",11:00 AM
BERDOO,,http://events.myspace.com/Event/1422325/BERDOO,09/03/2011,Bob Gainers 4day world music fest,"CONCERT PROMOTER MR. BOB GAINER WITH BE PUTTING ON THE WORLDS BIGGEST 4-DAY ART & MUSIC FEST TOGETHER THAT THIS PLANET HAS EVER SEEN IN PARSON KANSAS IN SEPT. 3,4,5,6, 2011. THIS EVENT WILL MAKE HISTORY AND BE RECORDED IN THE BOOKS OF MUSICAL CONCERTS. THE MOST KICK ASS BANDS FROM EVERYWHERE ON THE PLANET. ALL BANDS ARE INCOURAGED TO CONTACT BOB GAINER. I TOLD HIM THIS IS GOING TO BE FUCKING CRAZY SINCE IT’S IN THE MIDDLE OF THE USA FOR EVERYONE TO GO TO AND I THINK WE ARE BACK IN KANSAS TOTO.. LOL FOR MORE INFO: www.myspace.com/bobgainer www.myspace.com/berdoorocks          	                	      	          	      	<br><br>  					    						Age Requirement: 0+","Parsons, Parsons&nbsp;Kansas&nbsp;67357",
BERDOO,,http://events.myspace.com/Event/6481949/End-of-the-world-countdown-concert,12/21/2012,End of the world countdown concert site,Age Requirement: 0+  					      					          	               	  				  					Video  					      <param><param><param>,"Baseline, San Bernardino&nbsp;California&nbsp;92410",
Justin Moore,10:00 PM,http://events.myspace.com/Event/8330906/Mississippi-Coast-Coliseum,04/22/2011,Mississippi Coast Coliseum,Age Requirement: 0+,"2350 Beach Blvd, Biloxi&nbsp;MS&nbsp;39531",6:30 PM
Abigail Williams,11:30 PM,http://events.myspace.com/Event/7812704/Abigail-Williams,03/09/2011,Jaxx w/ Rotting Christ,Age Requirement: 0+,"Melechesh, Hate, 6355 Rolling Road, West Springfield&nbsp;VA&nbsp;22152",7:00 PM
Abigail Williams,11:30 PM,http://events.myspace.com/Event/7812727/Abigail-Williams,03/10/2011,Championship Bar w/ Rotting Christ,Age Requirement: 0+,"Melechesh, Hate, 931 Chambers St, Trenton&nbsp;NJ&nbsp;08611",7:00 PM
Abigail Williams,11:30 PM,http://events.myspace.com/Event/7812737/Abigail-Williams,03/11/2011,Montage Music Hall w/ Rotting Christ,Age Requirement: 0+,"Melechesh, Hate, 50 Chestnut St, Rochester&nbsp;NY&nbsp;14604",7:00 PM
Mike Posner,11:30 PM,http://events.myspace.com/Event/8400292/La-Salumeria-della-Musica,02/24/2011,La Salumeria della Musica,Age Requirement: 0+,"_, Milan&nbsp;_&nbsp;",8:00 PM
Abigail Williams,11:30 PM,http://events.myspace.com/Event/7812747/Abigail-WIlliams,03/12/2011,Rocko's w/ Rotting Christ,Age Requirement: 0+,"Melechesh, Hate, 253 Wilson St, Manchester&nbsp;NH&nbsp;03103",7:00 PM
Mike Posner,11:30 PM,http://events.myspace.com/Event/8400362/Ampere,02/25/2011,Ampere,Age Requirement: 0+,"_, Munich&nbsp;_&nbsp;",8:00 PM
Abigail Williams,11:30 PM,http://events.myspace.com/Event/7812758/Abigail-Williams,03/13/2011,Palladium w/ Rotting Christ,Age Requirement: 0+,"Melechesh, Hate, 261 Main St, Worcester&nbsp;MA&nbsp;01608",7:00 PM
Mike Posner,11:30 PM,http://events.myspace.com/Event/8400382/Harterei-Club,02/26/2011,Harterei Club,Age Requirement: 0+,"Hardstrasse 219, Zurich&nbsp;_&nbsp;8005",8:00 PM
Abigail Williams,11:30 PM,http://events.myspace.com/Event/7812795/Abigail-Williams,03/14/2011,Crazy Donkey w/ Rotting Christ,Age Requirement: 0+,"Melechesh, Hate, 1058 Route 110, Farmingdale&nbsp;NY&nbsp;11735",7:00 PM
Mike Posner,11:30 PM,http://events.myspace.com/Event/8400454/Luxor,02/27/2011,Luxor,Age Requirement: 0+,"Luxemburger Straße, Köln&nbsp;Nordrhein-&nbsp;51149",8:00 PM
Abigail Williams,11:30 PM,http://events.myspace.com/Event/7812805/Abigail-Williams,03/15/2011,Petit Campus w/ Rotting Christ,Age Requirement: 0+,"Melechesh, Hate, 57 Prince Arthur Est, Montreal&nbsp;Quebec&nbsp;H2X 1B4",7:00 PM
Mike Posner,11:30 PM,http://events.myspace.com/Event/8400477/Vega,03/01/2011,Vega,Age Requirement: 0+,"_, Copenhagen&nbsp;Hovedstade&nbsp;",8:00 PM
Abigail Williams,11:30 PM,http://events.myspace.com/Event/7812834/Abigail-Williams,03/16/2011,Mod Club w/ Rotting Christ,Age Requirement: 0+,"Melechesh, Hate, 722 College St., Toronto&nbsp;ON&nbsp;",7:00 PM
Mike Posner,11:30 PM,http://events.myspace.com/Event/8400500/Nalen,03/02/2011,Nalen,Age Requirement: 0+,"74 Regeringsgatan, Stockholm&nbsp;Stockholm&nbsp;11153",8:00 PM
Abigail Williams,11:30 PM,http://events.myspace.com/Event/7812843/Abigail-Williams,03/17/2011,Blondie’s w/ Rotting Christ,Age Requirement: 0+,"Melechesh, Hate, 2281 W. Fort St., Detroit&nbsp;MI&nbsp;48126",7:00 PM
Mike Posner,11:30 PM,http://events.myspace.com/Event/8400548/Postbahnhof,03/04/2011,Postbahnhof,Age Requirement: 0+,"_, Berlin&nbsp;_&nbsp;",8:00 PM
Abigail Williams,11:30 PM,http://events.myspace.com/Event/7812981/Abigail-Williams,03/18/2011,Peabody's w/ Rotting Christ,Age Requirement: 0+,"Melechesh, Hate, 2083 E. 21st St., Cleveland&nbsp;OH&nbsp;44115",7:00 PM
Mike Posner,11:30 PM,http://events.myspace.com/Event/8400570/Melkweg,03/05/2011,Melkweg,Age Requirement: 0+,"Lijnbaansgracht 234A, Amsterdam&nbsp;_&nbsp;",8:00 PM
Abigail Williams,11:30 PM,http://events.myspace.com/Event/7812989/Abigail-Williams,03/19/2011,Reggie's w/ Rotting Christ,Age Requirement: 0+,"Melechesh, Hate, 2109 S. State St., Chicago&nbsp;IL&nbsp;60616",7:00 PM
Mike Posner,11:30 PM,http://events.myspace.com/Event/8400622/Botanique,03/06/2011,Botanique,Age Requirement: 0+,"_, Brussels&nbsp;Brussels-C&nbsp;",8:00 PM
Abigail Williams,11:30 PM,http://events.myspace.com/Event/7813065/Abigail-Williams,03/20/2011,Station 4 w/ Rotting Christ,Age Requirement: 0+,"Melechesh, Hate, 201 East 4th Street, St.Paul&nbsp;MN&nbsp;",7:00 PM
Mike Posner,11:30 PM,http://events.myspace.com/Event/8400592/The-Showcase,03/08/2011,The Showcase,Age Requirement: 0+,"_, Paris&nbsp;_&nbsp;",8:00 PM
Abigail Williams,11:30 PM,http://events.myspace.com/Event/7814131/Abigail-Williams,03/22/2011,The Republik w/ Rotting Christ,Age Requirement: 0+,"Melechesh, Hate, 219 17th Ave S.W., Calgary&nbsp;Alberta&nbsp;",7:00 PM
Mike Posner,11:30 PM,http://events.myspace.com/Event/8400608/XOYO,03/10/2011,XOYO,Age Requirement: 0+,"_, London&nbsp;_&nbsp;",8:00 PM
Abigail Williams,11:30 PM,http://events.myspace.com/Event/7814136/Abigail-Williams,03/23/2011,Starlite Room w/ Rotting Christ,Age Requirement: 0+,"Melechesh, Hate, 10030 102 Street NW, Edmonton&nbsp;AB&nbsp;T5J 0V6",7:00 PM
Mike Posner,11:30 PM,http://events.myspace.com/Event/8400633/institute-library,03/11/2011,Institute Library,Age Requirement: 0+,"Birmingham, Birmingham, Birmingham&nbsp;UK&nbsp;N1 234",8:00 PM
Abigail Williams,11:30 PM,http://events.myspace.com/Event/7814149/Abigail-Williams,03/25/2011,El Corazon w/ Rotting Christ,Age Requirement: 0+,"Melechesh, Hate, 109 Eastlake Ave E, Seattle&nbsp;WA&nbsp;98109",7:00 PM
Mike Posner,11:30 PM,http://events.myspace.com/Event/8400666/ABC2,03/12/2011,ABC2,Age Requirement: 0+,"300 Sauciehall Street, Glasgow&nbsp;_&nbsp;G2 3J",8:00 PM
Abigail Williams,,http://events.myspace.com/Event/7814158/Abigail-Williams,03/26/2011,Hawthorne Theatre w/ Rotting Christ,Age Requirement: 0+,"Melechesh, Hate, 1507 SE 39th Avenue, Portland&nbsp;OR&nbsp;",
Abigail Williams,11:30 PM,http://events.myspace.com/Event/7814165/Abigail-Williams,03/27/2011,DNA Loungew/ Rotting Christ,Age Requirement: 0+,"Melechesh, Hate, 375 Eleventh St, San Francisco&nbsp;CA&nbsp;94103",7:00 PM
Abigail Williams,,http://events.myspace.com/Event/7814175/Abigail-Williams,03/28/2011,Chain Reaction w/ Rotting Christ,Age Requirement: 0+,"Melechesh, Hate, 1652 W Lincoln Ave, Anaheim&nbsp;CA&nbsp;92801",
Abigail Williams,11:30 PM,http://events.myspace.com/Event/7814185/Abigail-Williams,03/29/2011,Key Club w/ Rotting Christ,Age Requirement: 0+,"Melechesh, Hate, 9039 Sunset Blvd, West Hollywood&nbsp;CA&nbsp;90069",7:00 PM
Abigail Williams,11:30 PM,http://events.myspace.com/Event/7814189/Abigail-Williams,03/30/2011,Brick By Brick w/ Rotting Christ,Age Requirement: 0+,"Melechesh, Hate, 1130 Buenos Avenue, San Diego&nbsp;CA&nbsp;92110",7:00 PM
Abigail Williams,11:30 PM,http://events.myspace.com/Event/7814195/Abigail-Williams,03/31/2011,UB's w/ Rotting Christ,Age Requirement: 0+,"Melechesh, Hate, 1911 W Broadway Rd, Mesa&nbsp;AZ&nbsp;85202",7:00 PM
Abigail Williams,11:30 PM,http://events.myspace.com/Event/7814206/Abigail-Williams,04/01/2011,War Legion Underground w/ Rotting Christ,Age Requirement: 0+,"Melechesh, Hate, 2523 Brittain, Amarillo&nbsp;TX&nbsp;",7:00 PM
Abigail Williams,11:30 PM,http://events.myspace.com/Event/7814217/Abigail-Williams,04/02/2011,Marquee w/ Rotting Christ,Age Requirement: 0+,"Melechesh, Hate, 222 N. Main St., Tulsa&nbsp;OK&nbsp;",7:00 PM
Abigail Williams,11:30 PM,http://events.myspace.com/Event/7814226/Abigail-Williams,04/03/2011,Emos w/ Rotting Christ,Age Requirement: 0+,"Melechesh, Hate, 603 Red River St, Austin&nbsp;TX&nbsp;78701",7:00 PM
Abigail Williams,11:30 PM,http://events.myspace.com/Event/7814222/Abigail-Williams,04/04/2011,Rail Club w/ Rotting Christ,Age Requirement: 0+,"Melechesh, Hate, 3301 Joyce Dr., Ft. Worth&nbsp;TX&nbsp;85201",7:00 PM
Abigail Williams,11:30 PM,http://events.myspace.com/Event/7814234/Abigail-Williams,04/05/2011,Walter's w/ Rotting Christ,Age Requirement: 0+,"Melechesh, Hate, 4215 Washington Ave., Houston&nbsp;TX&nbsp;77007",7:00 PM
Abigail Williams,11:30 PM,http://events.myspace.com/Event/7814248/Abigail-Williams,04/07/2011,Brass Mug w/ Rotting Christ,Age Requirement: 0+,"Melechesh, Hate, 1441 E. Fletcher Ave, Tampa&nbsp;FL&nbsp;33612",7:00 PM
Abigail Williams,11:30 PM,http://events.myspace.com/Event/7814256/Abigail-Williams,04/08/2011,Masquerade w/ Rotting Christ,Age Requirement: 0+,"Melechesh, Hate, 695 North Ave NE, Atlanta&nbsp;GA&nbsp;30308",7:00 PM
Abigail Williams,11:30 PM,http://events.myspace.com/Event/7814266/Abigail-Williams,04/09/2011,Volume 11 w/ Rotting Christ,Age Requirement: 0+,"Melechesh, Hate, 658 Maywood Avenue, Raleigh&nbsp;NC&nbsp;27603",7:00 PM
Abigail Williams,11:30 PM,http://events.myspace.com/Event/7814536/Abigail-Williams-w-Rotting-Christ-Melechesh-Hate,04/10/2011,Casbah,Age Requirement: 0+,"400 Tremont Ave., Charlotte&nbsp;NC&nbsp;28299",7:00 PM
totally enormous extinct dinosaurs,9:30 PM,http://events.myspace.com/Event/8420325/Manchester-,02/24/2011,Manchester Academy 2 w/Darwin Deez,Age Requirement: 0+,"., Manchester&nbsp;.&nbsp;",9:00 PM
totally enormous extinct dinosaurs,10:00 PM,http://events.myspace.com/Event/8420343/Edinburgh,02/25/2011,Edinburgh Liquid Rooms w/Darwin Deez,Age Requirement: 0+,"., Edinburgh&nbsp;.&nbsp;",9:00 PM
totally enormous extinct dinosaurs,9:30 PM,http://events.myspace.com/Event/8420400/Glasgow,02/26/2011,Glasgow Garage w/Darwin Deez,Age Requirement: 0+,"., Glasgow&nbsp;.&nbsp;",9:00 PM
totally enormous extinct dinosaurs,9:30 PM,http://events.myspace.com/Event/8420423/Leeds,02/27/2011,Leeds Metropolitan w/Darwin Deez,Age Requirement: 0+,"., Leeds&nbsp;.&nbsp;",9:00 PM
totally enormous extinct dinosaurs,9:30 PM,http://events.myspace.com/Event/8420454/Norwich,03/01/2011,Norwich Waterfront w/Darwin Deez,Age Requirement: 0+,"., Norwich&nbsp;.&nbsp;",9:00 PM
totally enormous extinct dinosaurs,8:30 PM,http://events.myspace.com/Event/8420480/Birmingham,03/02/2011,Birmingham HMV Institute w/Darwin Deez,Age Requirement: 0+,"., Birmingham&nbsp;.&nbsp;",8:00 PM
totally enormous extinct dinosaurs,8:30 PM,http://events.myspace.com/Event/8420502/Koko,03/03/2011,Koko w/Darwin Deez,Age Requirement: 0+,"., London&nbsp;.&nbsp;",8:00 PM
totally enormous extinct dinosaurs,8:30 PM,http://events.myspace.com/Event/8420526/Bristol,03/04/2011,Anson Rooms w/Darwin Deez,Age Requirement: 0+,"., Bristol&nbsp;.&nbsp;",8:00 PM
totally enormous extinct dinosaurs,8:30 PM,http://events.myspace.com/Event/8420562/Brighton,03/05/2011,Brighton Concorde 2 w/Darwin Deez,Age Requirement: 0+,"., Brighton&nbsp;.&nbsp;",7:30 PM
totally enormous extinct dinosaurs,8:30 PM,http://events.myspace.com/Event/8420603/Hamburg,03/07/2011,Hamburg Knuust w/Darwin Deez,Age Requirement: 0+,"., Hamburg&nbsp;.&nbsp;",8:00 PM
totally enormous extinct dinosaurs,8:30 PM,http://events.myspace.com/Event/8420652/Muenster,03/08/2011,Muenster Gleis 22 w/Darwin Deez,Age Requirement: 0+,"., Muenster&nbsp;&nbsp;",8:00 PM
totally enormous extinct dinosaurs,9:30 PM,http://events.myspace.com/Event/8420706/Cologne,03/09/2011,Cologne Gloria w/Darwin Deez,Age Requirement: 0+,"., Cologne&nbsp;&nbsp;",8:30 PM
totally enormous extinct dinosaurs,9:30 AM,http://events.myspace.com/Event/8420755/Munich,03/10/2011,Munich Backstage Halle w/Darwin Deez,Age Requirement: 0+,"., Munich&nbsp;.&nbsp;",9:00 AM
totally enormous extinct dinosaurs,9:30 AM,http://events.myspace.com/Event/8420780/Berlin,03/11/2011,Berlin Lido w/Darwin Deez,Age Requirement: 0+,"., Berlin&nbsp;&nbsp;",9:00 AM
George Acosta,2:30 AM,http://events.myspace.com/Event/8444202/Black-Hole-Stars-with-Julie-Thompson-and-Andy-Duguid,03/26/2011,Woda,Age Requirement: 0+,"1000.000, Mexico city&nbsp;DF&nbsp;1000",1:30 AM
Joe Diffie,11:00 PM,http://events.myspace.com/Event/8341578/Legends-of-Country--Bluegrass-Festival--BLUEGRASS,03/11/2011,Legends of Country & Bluegrass Festival - BLUEGRASS!,Age Requirement: 0+  					      					          	               	  				  					Video  					      <param><param><param>,"Columbia, Columbia&nbsp;Mississippi&nbsp;39429",9:30 PM
Joe Diffie,8:30 PM,http://events.myspace.com/Event/8261237/Doyle-Lawson--Quicksilver-Bluegrass-Festival--BLUEGRASS,05/07/2011,Doyle Lawson & Quicksilver Bluegrass Festival - BLUEGRASS!,Age Requirement: 0+  					      					          	               	  				  					Video  					      <param><param><param>,"Gravel Hill Rd., Denton&nbsp;North Carolina&nbsp;27239",7:00 PM
Joe Diffie,9:00 PM,http://events.myspace.com/Event/8267317/Carlson-Center,05/12/2011,Carlson Center,Age Requirement: 0+  					      					          	               	  				  					Video  					      <param><param><param>,"2010 2nd Avenue, Fairbanks&nbsp;AK&nbsp;99701",7:30 PM
Joe Diffie,9:00 PM,http://events.myspace.com/Event/8267352/Egan-Civic--Convention-Center,05/14/2011,Egan Civic & Convention Center,Age Requirement: 0+  					      					          	               	  				  					Video  					      <param><param><param>,"555 W 5th Avenue, Anchorage&nbsp;Alaska&nbsp;99501",7:30 PM
Joe Diffie,8:30 PM,http://events.myspace.com/Event/8267387/Kenai-High-School,05/15/2011,Kenai High School,Age Requirement: 0+  					      					          	               	  				  					Video  					      <param><param><param>,"9583 Kenai Spur Highway, Kenai&nbsp;Alaska&nbsp;99611",7:00 PM
Joe Diffie,9:00 PM,http://events.myspace.com/Event/8267408/Centennial-Hall,05/17/2011,Centennial Hall,Age Requirement: 0+  					      					          	               	  				  					Video  					      <param><param><param>,"101 Egan Drive, Juneau&nbsp;Alaska&nbsp;99801",7:30 PM
Joe Diffie,9:00 PM,http://events.myspace.com/Event/8267439/Ketchikan-High-School,05/18/2011,Ketchikan High School,Age Requirement: 0+  					      					          	               	  				  					Video  					      <param><param><param>,"2610 4th Avenue, Ketchikan&nbsp;Alaska&nbsp;99901",7:30 PM
Joe Diffie,9:30 PM,http://events.myspace.com/Event/8261306/Wild-Bill-Days-Downtown-Deadwood,06/18/2011,Wild Bill Days,Age Requirement: 0+  					      					          	               	  				  					Video  					      <param><param><param>,"Downtown, Deadwood&nbsp;SD&nbsp;57732",8:00 PM
Joe Diffie,9:30 PM,http://events.myspace.com/Event/8341496/Private-Show,07/21/2011,Private Show,Age Requirement: 0+  					      					          	               	  				  					Video  					      <param><param><param>,"Forest City, Forest City&nbsp;Iowa&nbsp;50436",8:00 PM
JJ Heller,2:00 PM,http://events.myspace.com/Event/1875100/JJ-Heller,12/31/2014,FOR UP TO DATE TOUR INFO -- VISIT WWW.JJHELLER.COM,Age Requirement: 0+,"www.jjheller.com, www.jjheller.com&nbsp;AZ&nbsp;85046",12:00 PM
Goddamn Gallows,11:30 PM,http://events.myspace.com/Event/8233744/The-Goddamn-Gallows,03/04/2011,Bacchus Cafe,Age Requirement: 0+,"Rozendaal 2, Geel, Belgium&nbsp;Antwerpen&nbsp;2440",8:00 PM
Goddamn Gallows,11:30 PM,http://events.myspace.com/Event/8233894/The-Goddamn-Gallows,03/06/2011,Le Tigre,Age Requirement: 0+,"5 Rue D'Iena, Sélestat, France&nbsp;Alsace&nbsp;67600",8:00 PM
Goddamn Gallows,5:30 AM,http://events.myspace.com/Event/8233957/The-Goddamn-Gallows,03/24/2011,ACU,Age Requirement: 0+,"71 Voorstraat, Utrecht&nbsp;Utrecht&nbsp;3512 A",2:00 AM
Whitey Morgan and the 78’s,3:00 PM,http://events.myspace.com/Event/8447067/Torque-Fest,04/30/2011,TORQUE FEST,Age Requirement: 0+,"1212 E Quarry Road, Maquoketa&nbsp;Iowa&nbsp;52060",12:30 PM
The Ascetic Junkies,1:00 PM,http://events.myspace.com/Event/8482004/The-AJs-at-OSU,03/30/2011,OSU Cascades,Age Requirement: 0+,"College Way, Bend&nbsp;OR&nbsp;97701",11:00 AM
The Ascetic Junkies,11:00 PM,http://events.myspace.com/Event/8482021/The-AJs-at-St-Francis-School,03/30/2011,St. Francis School,Age Requirement: 0+,"700 N.W. Bond Street, Bend&nbsp;OR&nbsp;97701",9:00 PM
Natalie Kirk & Co.,1:00 AM,http://events.myspace.com/Event/8231081/Natalie-Kirk--Co-LIVE,03/11/2011,Hopjacks,Age Requirement: 0+,"10 Palafox St, Pensacola&nbsp;Florida&nbsp;32502",9:30 PM
Natalie Kirk & Co.,1:30 AM,http://events.myspace.com/Event/8231094/Natalie-Kirk--Co-LIVE,03/12/2011,Hopjack's,Age Requirement: 0+,"-, Mobile&nbsp;AL&nbsp;",9:30 PM
Natalie Kirk & Co.,1:30 AM,http://events.myspace.com/Event/8231129/Natalie-Kirk--Co-LIVE,04/29/2011,HopJacks,Age Requirement: 0+,"-, Pensacola&nbsp;FL&nbsp;",9:30 PM
Natalie Kirk & Co.,1:30 AM,http://events.myspace.com/Event/8231156/Natalie-Kirk--Co-LIVE,04/30/2011,HopJacks,Age Requirement: 0+,"251 Dauphin St, Mobile&nbsp;Al&nbsp;36602",9:30 PM
Stephen Jerzak,,http://events.myspace.com/Event/8219547/Capitol-Theatre-w-ALL-STAR-WEEKEND,,,,,6:00 PM
Stephen Jerzak,,http://events.myspace.com/Event/7771160/Stephen-Jerzak,,,,,5:00 PM
Skyline Summer,10:00 PM,http://events.myspace.com/Event/1606693/SKYLINESUMMER-Ft-Myers-DEC-6th,12/31/2011,BOOK US,Age Requirement: 0+,"or LETS PLAY A SHOW TOGETHER :), 1234 Hello Ave., ANYWHERE, USA&nbsp;US&nbsp",8:00 PM
DANCE GAVIN DANCE,11:30 PM,http://events.myspace.com/Event/8514792/Downtown-Battle-Mountain-Tour-2011,05/18/2011,Magnet,Age Requirement: 0+,"Greifswalder Straße 212, Berlin&nbsp;Berlin&nbsp;10405",7:00 PM
DANCE GAVIN DANCE,11:00 PM,http://events.myspace.com/Event/8514866/Downtown-Battle-Mountain-Tour-2011,05/19/2011,Logo,Age Requirement: 0+,"Durchschnitt 1, Hamburg&nbsp;Hamburg&nbsp;20146",7:00 PM
DANCE GAVIN DANCE,11:30 PM,http://events.myspace.com/Event/8514930/Downtown-Battle-Mountain-Tour-2011,05/20/2011,Sugar Factory,Age Requirement: 0+,"Lijnbaansgracht 238, Amsterdam&nbsp;Amsterdam&nbsp;12223",7:00 PM
DANCE GAVIN DANCE,11:30 PM,http://events.myspace.com/Event/8515021/Downtown-Battle-Mountain-Tour-2011,05/21/2011,Luxor,Age Requirement: 0+,"Luxemburger Str. 40, Cologne&nbsp;&nbsp;0221 924460",7:00 PM
DANCE GAVIN DANCE,11:30 PM,http://events.myspace.com/Event/8515121/Downtown-Battle-Mountain-Tour-2011,05/22/2011,A/B Club,Age Requirement: 0+,"Steenstraat 23 1000, Brussels&nbsp;&nbsp;02 548 24 55",7:00 PM
DANCE GAVIN DANCE,11:30 PM,http://events.myspace.com/Event/8515182/Downtown-Battle-Mountain-Tour-2011,05/24/2011,Batofar,Age Requirement: 0+,"Rue Olivier Metra, Paris&nbsp;&nbsp;75020",7:00 PM
DANCE GAVIN DANCE,11:30 PM,http://events.myspace.com/Event/8513097/Downtown-Battle-Mountain-Tour-2011,05/25/2011,Underworld,Age Requirement: 0+,"174 Camden High St, London&nbsp;London&nbsp;NW1 ON",7:00 PM
DANCE GAVIN DANCE,11:30 PM,http://events.myspace.com/Event/8513128/Dance-Gavin-Dance,05/26/2011,Underworld,Age Requirement: 0+,"174 Camden High St, London&nbsp;London&nbsp;NW1 ON",7:00 PM
Iron and Wine,11:30 PM,http://events.myspace.com/Event/8304096/Iron--Wine-,03/08/2011,Roundhouse,Age Requirement: 0+,"Chalk Farm Road, London&nbsp;England&nbsp;London NW1 8E",7:00 PM
Iron and Wine,11:30 PM,http://events.myspace.com/Event/8304187/Iron--Wine-,03/09/2011,Corn Exchange,Age Requirement: 0+,"12a Pavilion Buildings, Brighton&nbsp;England&nbsp;Brighton BN1 1E",7:00 PM
Iron and Wine,11:30 PM,http://events.myspace.com/Event/8304239/Iron--Wine-,03/10/2011,Town Hall,Age Requirement: 0+,"Broad Street, Birmingham&nbsp;UK&nbsp;B1 2E",7:00 PM
Iron and Wine,11:30 PM,http://events.myspace.com/Event/8304343/Iron--Wine-,03/12/2011,Philharmonic Hall,Age Requirement: 0+,"Hope Street, Liverpool&nbsp;UK&nbsp;L1 9B",7:00 PM
Iron and Wine,11:30 PM,http://events.myspace.com/Event/8304383/Iron--Wine-,03/14/2011,Olympia,Age Requirement: 0+,"7 Park Road, Dublin&nbsp;Ireland&nbsp;Irelan",7:00 PM
Iron and Wine,11:30 PM,http://events.myspace.com/Event/8304435/Iron--Wine-,03/15/2011,Academy 2,Age Requirement: 0+,"Oxford Road, Manchester&nbsp;UK&nbsp;M13 9P",7:00 PM
Iron and Wine,11:30 PM,http://events.myspace.com/Event/8304523/Iron--Wine-,03/16/2011,Sage,Age Requirement: 0+,"St Mary's Square, Gateshead&nbsp;UK&nbsp;NE8 2J",7:00 PM
Iron and Wine,11:30 PM,http://events.myspace.com/Event/8304613/Iron--Wine-,03/17/2011,Metropolitan University,Age Requirement: 0+,"Faculty Of Health Calverley Street, Leeds&nbsp;UK&nbsp;LS1 3E",7:00 PM
