allDates,moreInfoLink,name,address,city,price,description,venueName,state,image
03/01/2011,http://www.villagevoice.com/events/jessica-6-2394188/,Jessica 6,217 E. Houston St.,New York,$10,"These former Hercules & Love Affair folks stoke fond memories of CeCe Peniston's ""Finally"" and Lisa Stansfield's ""All Around the World"" on See the Light, their disco-soul debut due in May. Tonight's is a dangerously early show, though: Are people ready to dance before 8? With Emilie Simon.</p>",Mercury Lounge,NY,http://vvoice.vo.llnwd.net/e12/5995389.47.jpg
03/05/2011,http://www.villagevoice.com/events/middle-brother-dawes-deer-tick-2406079/,Middle Brother+Dawes+Deer Tick,66 N. 6th St.,Brooklyn,$20-$22,"An indie-country semi-supergroup with members of Dawes, Deer Tick, and Delta Spirit, Middle Brother are like the Crosby Stills & Nash of the Bonnaroo set. (Unless that's what Monsters of Folk were?) Tonight, they'll play after warm-up sets by Dawes and Deer Tick, which means some kind of all-hands jam seems destined.</p>",Music Hall of Williamsburg,NY,http://vvoice.vo.llnwd.net/e12/6023458.47.jpg
02/26/2011,http://www.villagevoice.com/events/nu-voices-orchestra-2390697/,Nu Voices Orchestra,30 Lafayette Ave.,Brooklyn,free,,BAMcafe,NY,
02/27/2011,http://www.villagevoice.com/events/nathan-carpenter-hallow-dog-crooks-and-perverts-2398669/,Nathan Carpenter+Hallow Dog+Crooks & Perverts,184 Bedford Ave.,Brooklyn,,,Spike Hill,NY,
02/27/2011,http://www.villagevoice.com/events/acrassicauda-martyrd-made-again-2390733/,Acrassicauda+Martyrd+Made Again,327 Bowery,New York,,,Bowery Electric,NY,
02/27/2011,http://www.villagevoice.com/events/elevator-rose-2398568/,Elevator Rose,49 S. 2nd St.,Brooklyn,$7,,Death By Audio,NY,
02/27/2011,http://www.villagevoice.com/events/drew-holcomb-and-the-neighbors-highbench-the-clox-2394184/,Drew Holcomb & the Neighbors+Highbench+the Clox,217 E. Houston St.,New York,$10-$12,,Mercury Lounge,NY,
02/27/2011,http://www.villagevoice.com/events/tanner-walle-sarah-blacker-abbie-barrett-2394123/,Tanner Walle+Sarah Blacker+Abbie Barrett,154 Ludlow St.,New York,,,Living Room,NY,
02/27/2011,http://www.villagevoice.com/events/campusounds-com-presents-2398659/,'Campusounds.com Presents',361 Metropolitan Ave.,Brooklyn,$10-$12,,Knitting Factory,NY,
02/27/2011,http://www.villagevoice.com/events/cadaver-dogs-bot-sad-and-french-2390758/,Cadaver Dogs+Bot+Sad & French,105 Eldridge St.,New York,,,Fontana's,NY,
02/27/2011,http://www.villagevoice.com/events/cellular-chaos-satanized-2390747/,Cellular Chaos+Satanized,152 Ludlow St.,New York,$7,,Cake Shop,NY,
02/27/2011,http://www.villagevoice.com/events/jesse-cook-2390690/,Jesse Cook,237 W. 42nd St.,New York,$30-$35,,B.B. King Blues Club & Grill,NY,
02/27/2011,http://www.villagevoice.com/events/local-x-local-bear-hands-2390739/,'Local X Local: Bear Hands',61 Wythe Ave.,Brooklyn,free,,Brooklyn Bowl,NY,
02/27/2011,http://www.villagevoice.com/events/jae-millz-2398502/,Jae Millz,70 North 6th St.,Brooklyn,$20,,Public Assembly,NY,
02/27/2011,http://www.villagevoice.com/events/the-pendulum-swings-gigi-and-pop-2398652/,The Pendulum Swings+Gigi & Pop,245 Grand Street,Brooklyn,$7,,Bruar Falls,NY,
02/27/2011,http://www.villagevoice.com/events/big-search-bow-ribbons-hiro-kone-2398578/,Big Search+Bow Ribbons+Hiro Kone,289 Kent Ave.,Brooklyn,$8,,Glasslands Gallery,NY,
02/27/2011,http://www.villagevoice.com/events/the-relatives-father-figures-2398526/,The Relatives+Father Figures,125 Fifth Ave.,Brooklyn,$10,,Southpaw,NY,
02/27/2011,http://www.villagevoice.com/events/athan-and-trapped-in-static-the-quelle-source-2398550/,Athan & Trapped in Static+the Quelle Source,256 Grand St.,Brooklyn,$7,,The Trash Bar,NY,
02/27/2011,http://www.villagevoice.com/events/dysfunctional-family-jazz-band-2398507/,Dysfunctional Family Jazz Band,375 Third Ave.,New York,,,Rodeo Bar,NY,
02/27/2011,http://www.villagevoice.com/events/bruce-lamont-lichens-kevin-hufnagel-2398685/,Bruce Lamont+Lichens+Kevin Hufnagel,484 Union Ave.,Brooklyn,,,Union Pool,NY,
02/27/2011,http://www.villagevoice.com/events/school-of-rock-best-of-season-show-2390775/,'School of Rock: Best of Season Show',431 W. 16th St.,New York,$15,,Highline Ballroom,NY,
02/28/2011,http://www.villagevoice.com/events/janine-jansen-2394103/,Janine Jansen,158 Bleecker St.,New York,$25,,(le) Poisson Rouge,NY,
02/28/2011,http://www.villagevoice.com/events/friends-grand-rapids-gunfight-2398569/,Friends+Grand Rapids+Gunfight,49 S. 2nd St.,Brooklyn,$7,,Death By Audio,NY,
02/28/2011,http://www.villagevoice.com/events/elcodeck-discovery-adrienne-mack-davis-2398527/,Elcodeck+Discovery+Adrienne Mack Davis,125 Fifth Ave.,Brooklyn,$8,,Southpaw,NY,
02/28/2011,http://www.villagevoice.com/events/the-kickdrums-the-rza-2390740/,The Kickdrums+the RZA,61 Wythe Ave.,Brooklyn,free,,Brooklyn Bowl,NY,
02/28/2011,http://www.villagevoice.com/events/the-kobolds-old-monk-teen-girl-2390748/,The Kobolds+Old Monk+Teen Girl,152 Ludlow St.,New York,free,,Cake Shop,NY,
02/28/2011,http://www.villagevoice.com/events/motorhead-clutch-valient-thorr-2398676/,Motorhead+Clutch+Valient Thorr,1515 Broadway,New York,sold out,,Best Buy Theatre Times Square,NY,
02/28/2011,http://www.villagevoice.com/events/slow-motion-centerfold-avan-lava-mancie-2398492/,Slow Motion Centerfold+Avan Lava+Mancie,158 Ludlow St.,New York,$8,,Pianos,NY,
02/28/2011,http://www.villagevoice.com/events/the-so-so-glos-lady-lamb-the-beekeeper-bow-ribbons-2398561/,The So So Glos+Lady Lamb the Beekeeper+Bow Ribbons,125 E. 11th St.,New York,free,,Webster Hall,NY,
02/28/2011,http://www.villagevoice.com/events/subject-of-the-question-luster-drum-the-jaguar-2398552/,Subject of the Question+Luster+Drum the Jaguar,256 Grand St.,Brooklyn,$7,,The Trash Bar,NY,
02/28/2011,http://www.villagevoice.com/events/brick-and-mortar-the-city-music-project-2394185/,Brick & Mortar+the City Music Project,217 E. Houston St.,New York,$8,,Mercury Lounge,NY,
02/28/2011,http://www.villagevoice.com/events/western-caravan-2398513/,Western Caravan,375 Third Ave.,New York,,,Rodeo Bar,NY,
03/01/2011,http://www.villagevoice.com/events/nik-bartschs-ronin-2394104/,'Nik Bartsch's Ronin',158 Bleecker St.,New York,$20,,(le) Poisson Rouge,NY,
03/01/2011,http://www.villagevoice.com/events/luz-hawthorne-kelley-mcrae-2394124/,Luz+Hawthorne+Kelley McRae,154 Ludlow St.,New York,,,Living Room,NY,
03/01/2011,http://www.villagevoice.com/events/murder-by-death-fake-problems-buried-beds-2390729/,Murder By Death+Fake Problems+Buried Beds,6 Delancey,New York,$16,,Bowery Ballroom,NY,
03/01/2011,http://www.villagevoice.com/events/quok-seabrook-power-plant-the-dreebs-2398570/,Quok+Seabrook Power Plant+the Dreebs,49 S. 2nd St.,Brooklyn,$7,,Death By Audio,NY,
03/01/2011,http://www.villagevoice.com/events/quiet-lights-mansions-and-junipers-for-a-minor-reflection-2398690/,Quiet Lights+Mansions & Junipers+For A Minor Reflection,249 4th Avenue,Brooklyn,$8,,The Rock Shop,NY,
03/01/2011,http://www.villagevoice.com/events/at-a-distance-corrupt-autopilot-luluc-2398493/,At a Distance+Corrupt Autopilot+Luluc,158 Ludlow St.,New York,$8,,Pianos,NY,
03/01/2011,http://www.villagevoice.com/events/merce-2398533/,Merce,Avenue C at East 2nd Street,New York,$10,,The Stone,NY,
03/01/2011,http://www.villagevoice.com/events/west-the-defender-the-go-round-2398553/,West the Defender+the Go Round,256 Grand St.,Brooklyn,$7,,The Trash Bar,NY,
03/01/2011,http://www.villagevoice.com/events/young-magic-wise-blood-emil-and-friends-2398583/,Young Magic+Wise Blood+Emil & Friends,289 Kent Ave.,Brooklyn,$8-$10,,Glasslands Gallery,NY,
03/01/2011,http://www.villagevoice.com/events/jonathan-tiersten-and-ten-tiers-david-fagan-2394169/,Jonathan Tiersten & Ten Tiers+David Fagan,1039 Washington St.,Hoboken,$10,,Maxwell's,NJ,
03/01/2011,http://www.villagevoice.com/events/communal-vibe-2394114/,Communal Vibe,93 Second Ave.,New York,$6,,Lit Lounge,NY,
03/01/2011,http://www.villagevoice.com/events/five-oclock-heroes-the-nowherenauts-2394187/,Five O'Clock Heroes+the NowhereNauts,217 E. Houston St.,New York,$10,,Mercury Lounge,NY,
03/01/2011,http://www.villagevoice.com/events/kings-and-liars-master-arrow-2390759/,Kings & Liars+Master Arrow,105 Eldridge St.,New York,$7,,Fontana's,NY,
03/01/2011,http://www.villagevoice.com/events/tom-carter-2398534/,Tom Carter,Avenue C at East 2nd Street,New York,$10,,The Stone,NY,
03/01/2011,http://www.villagevoice.com/events/superhuman-happiness-chico-mann-2394105/,Superhuman Happiness+Chico Mann,158 Bleecker St.,New York,$10,,(le) Poisson Rouge,NY,
03/02/2011,http://www.villagevoice.com/events/the-pretty-reckless-2411731/,The Pretty Reckless,100 Lafayette St.,New York,$15-$40,,Santos' Party House,NY,
03/02/2011,http://www.villagevoice.com/events/summer-camp-high-highs-2406023/,Summer Camp+High Highs,217 E. Houston St.,New York,$10,,Mercury Lounge,NY,
03/02/2011,http://www.villagevoice.com/events/chris-thile-and-gabriel-kahane-2405885/,Chris Thile & Gabriel Kahane,158 Bleecker St.,New York,$30,,(le) Poisson Rouge,NY,
03/02/2011,http://www.villagevoice.com/events/amy-miles-milton-baby-dayliner-2406034/,Amy Miles+Milton+Baby Dayliner,327 Bowery,New York,,,Bowery Electric,NY,
03/02/2011,http://www.villagevoice.com/events/witness-a-downfall-victor-made-a-time-machine-2406045/,Witness a Downfall+Victor Made a Time Machine,9 Great Jones,New York,$8,,Ace of Clubs,NY,
03/02/2011,http://www.villagevoice.com/events/flogging-molly-moneybrother-the-drowning-men-2411845/,Flogging Molly+Moneybrother+the Drowning Men,610 W. 56th St.,New York,$33.50-$35,,Terminal 5,NY,
03/02/2011,http://www.villagevoice.com/events/schrodingers-other-cat-parple-will-duvall-2411795/,Schrodinger's Other Cat+Parple+Will Duvall,214 Sullivan St.,New York,$10,,Sullivan Hall,NY,
03/02/2011,http://www.villagevoice.com/events/the-wiyo-the-weal-and-woe-2412122/,The Wiyo+the Weal & Woe,249 4th Avenue,Brooklyn,$10,,The Rock Shop,NY,
03/02/2011,http://www.villagevoice.com/events/brownbird-rudy-relic-bougarelli-danydany-2406096/,Brownbird Rudy Relic+Bougarelli+Danydany,152 Ludlow St.,New York,$7,,Cake Shop,NY,
03/02/2011,http://www.villagevoice.com/events/the-buck-offs-jonie-blinman-phil-common-2412129/,The Buck-offs+Jonie Blinman+Phil Common,159 E. Houston St.,New York,,,National Underground,NY,
03/02/2011,http://www.villagevoice.com/events/dark-inc-haircut-1234-marks-2411899/,Dark Inc.+Haircut 1234+Marks,256 Grand St.,Brooklyn,$7,,The Trash Bar,NY,
03/02/2011,http://www.villagevoice.com/events/anthony-david-the-revelations-2406183/,Anthony David+the Revelations,431 W. 16th St.,New York,$12-$15,,Highline Ballroom,NY,
03/02/2011,http://www.villagevoice.com/events/the-explosed-blues-duo-2405998/,The ExPlosed Blues Duo,376 9th St.,Brooklyn,$10,,Barbes,NY,
03/02/2011,http://www.villagevoice.com/events/the-get-up-kids-2411997/,The Get Up Kids,125 E. 11th St.,New York,$25-$30,,Webster Hall,NY,
03/02/2011,http://www.villagevoice.com/events/me-and-mars-koonda-holaa-john-makay-2411708/,Me & Mars+Koonda Holaa+John Makay,158 Ludlow St.,New York,$8,,Pianos,NY,
03/02/2011,http://www.villagevoice.com/events/oceanographer-minor-stars-the-wicked-tomorrow-2412060/,Oceanographer+Minor Stars+the Wicked Tomorrow,245 Grand Street,Brooklyn,$7,,Bruar Falls,NY,
03/02/2011,http://www.villagevoice.com/events/prince-rama-amen-dunes-sex-worker-2412040/,Prince Rama+Amen Dunes+Sex Worker,289 Kent Ave.,Brooklyn,$8-$10,,Glasslands Gallery,NY,
03/02/2011,http://www.villagevoice.com/events/the-ricecookers-cheer-2406156/,The Ricecookers+cheer,105 Eldridge St.,New York,$7,,Fontana's,NY,
03/02/2011,http://www.villagevoice.com/events/tennis-la-sera-holiday-shores-2406051/,Tennis+La Sera+Holiday Shores,6 Delancey,New York,$13-$15,,Bowery Ballroom,NY,
03/02/2011,http://www.villagevoice.com/events/rafael-toral-ben-hall-2406253/,Rafael Toral+Ben Hall,232 3rd St.,Brooklyn,$12,,Issue Project Room,NY,
03/02/2011,http://www.villagevoice.com/events/john-waite-jenna-andrews-2405987/,John Waite+Jenna Andrews,237 W. 42nd St.,New York,$25-$30,,B.B. King Blues Club & Grill,NY,
03/02/2011,http://www.villagevoice.com/events/mohammad-dangerfield-and-da-circle-2411742/,Mohammad Dangerfield & Da Circle,204 Varick St.,New York,$12,,S.O.B.'s,NY,
03/02/2011,http://www.villagevoice.com/events/fake-babies-heroes-and-zeros-2405899/,Fake Babies+Heroes & Zeros,93 Second Ave.,New York,$6,,Lit Lounge,NY,
03/02/2011,http://www.villagevoice.com/events/the-heavy-pets-buzzuniverse-2406002/,The Heavy Pets+BuzzUniverse,1039 Washington St.,Hoboken,$10,,Maxwell's,NJ,
03/02/2011,http://www.villagevoice.com/events/holger-deleted-scenes-some-community-2412018/,Holger+Deleted Scenes+Some Community,49 S. 2nd St.,Brooklyn,$7,,Death By Audio,NY,
03/02/2011,http://www.villagevoice.com/events/janka-nabay-and-the-bubu-gang-bonjay-dutch-e-germ-2412072/,Janka Nabay & the Bubu Gang+Bonjay+Dutch E Germ,361 Metropolitan Ave.,Brooklyn,$10-$12,,Knitting Factory,NY,
03/02/2011,http://www.villagevoice.com/events/maxwell-peebles-call-of-the-wild-new-tongues-2412107/,Maxwell Peebles+Call of the Wild+New Tongues,484 Union Ave.,Brooklyn,,,Union Pool,NY,
03/02/2011,http://www.villagevoice.com/events/april-smith-and-the-great-picture-show-the-orion-experience-2406020/,April Smith & the Great Picture Show+the Orion Experience,217 E. Houston St.,New York,$10,,Mercury Lounge,NY,
03/02/2011,http://www.villagevoice.com/events/billy-woodward-and-the-senders-the-high-irons-nathan-xander-2411749/,Billy Woodward & the Senders+the High Irons+Nathan Xander,125 Fifth Ave.,Brooklyn,,,Southpaw,NY,
03/02/2011,http://www.villagevoice.com/events/blank-baby-and-the-adults-2411724/,Blank Baby & the Adults,375 Third Ave.,New York,,,Rodeo Bar,NY,
03/02/2011,http://www.villagevoice.com/events/nate-wooley-and-laul-pytton-2411776/,Nate Wooley & Laul Pytton,Avenue C at East 2nd Street,New York,$10,With Ikue Mori at late show.</p>,The Stone,NY,
03/03/2011,http://www.villagevoice.com/events/bryan-dunn-band-union-street-preservation-society-mark-and-lola-2412131/,Bryan Dunn Band+Union Street Preservation Society+Mark & Lola,159 E. Houston St.,New York,,,National Underground,NY,
03/03/2011,http://www.villagevoice.com/events/the-read-y-set-2406174/,The Read y Set,127 E. 23rd St.,New York,$14,,Gramercy Theater,NY,
03/03/2011,http://www.villagevoice.com/events/the-yes-way-courtesy-tier-the-aviation-orange-2406035/,The Yes Way+Courtesy Tier+the Aviation Orange,327 Bowery,New York,,,Bowery Electric,NY,
03/03/2011,http://www.villagevoice.com/events/sean-bones-new-numbers-heavenly-states-2412123/,Sean Bones+New Numbers+Heavenly States,249 4th Avenue,Brooklyn,$10,,The Rock Shop,NY,
03/03/2011,http://www.villagevoice.com/events/libel-the-new-colossus-eula-2411982/,Libel+the New Colossus+Eula,702 Union St.,Brooklyn,$6,,Union Hall,NY,
03/03/2011,http://www.villagevoice.com/events/smith-westerns-unknown-mortal-orchestra-computer-magic-2406025/,Smith Westerns+Unknown Mortal Orchestra+Computer Magic,217 E. Houston St.,New York,sold out,,Mercury Lounge,NY,
03/03/2011,http://www.villagevoice.com/events/arborea-matteah-baim-helena-espvall-2412093/,Arborea+Matteah Baim+Helena Espvall,622 Degraw St.,Brooklyn,$10,,Littlefield,NY,
03/03/2011,http://www.villagevoice.com/events/dirty-beaches-yellowfever-widowspeak-2412042/,Dirty Beaches+YellowFever+Widowspeak,289 Kent Ave.,Brooklyn,$10,,Glasslands Gallery,NY,
03/03/2011,http://www.villagevoice.com/events/dummy-jar-goodbye-january-big-mosey-2411900/,Dummy Jar+Goodbye January+Big Mosey,256 Grand St.,Brooklyn,$7,,The Trash Bar,NY,
03/03/2011,http://www.villagevoice.com/events/dynasty-electric-ski-beatz-and-the-senseis-the-flowdown-2406124/,Dynasty Electric+Ski Beatz & the Sensei's+the Flowdown,285 W. Broadway,New York,$10-$12,,Canal Room,NY,
03/03/2011,http://www.villagevoice.com/events/the-fast-romantics-the-liability-2406158/,The Fast Romantics+the Liability,105 Eldridge St.,New York,$7,,Fontana's,NY,
03/03/2011,http://www.villagevoice.com/events/the-get-up-kids-miniature-tigers-brian-bonz-2406073/,The Get Up Kids+Miniature Tigers+Brian Bonz,66 N. 6th St.,Brooklyn,sold out,,Music Hall of Williamsburg,NY,
03/03/2011,http://www.villagevoice.com/events/bobby-long-taurus-aaron-lee-tasjan-2406052/,Bobby Long+Taurus+Aaron Lee Tasjan,6 Delancey,New York,$15,,Bowery Ballroom,NY,
03/03/2011,http://www.villagevoice.com/events/madam-thrashy-netherlands-milk-and-blood-2411709/,Madam Thrashy+Netherlands+Milk & Blood,158 Ludlow St.,New York,$8,,Pianos,NY,
03/03/2011,http://www.villagevoice.com/events/melissa-auf-der-maur-the-shining-twins-leah-siegel-2406189/,Melissa Auf der Maur+the Shining Twins+Leah Siegel,431 W. 16th St.,New York,$12-$14,,Highline Ballroom,NY,
03/03/2011,http://www.villagevoice.com/events/red-baraat-sam-bardfelds-up-jumped-the-devil-2405999/,Red Baraat+Sam Bardfeld's Up Jumped the Devil,376 9th St.,Brooklyn,$10,,Barbes,NY,
03/03/2011,http://www.villagevoice.com/events/the-rex-complex-scream-along-with-billy-xylofaux-2412084/,The Rex Complex+Scream Along with Billy+Xylofaux,184 Bedford Ave.,Brooklyn,,,Spike Hill,NY,
03/03/2011,http://www.villagevoice.com/events/tennis-la-sera-holiday-shores-2406021/,Tennis+La Sera+Holiday Shores,149 7th St.,Brooklyn,$13-$15,,Bell House,NY,
03/03/2011,http://www.villagevoice.com/events/weyesblood-petrogenesis-2412096/,WEYESBLOOD+Petrogenesis,915 Wyckoff Ave.,Flushing,,,Silent Barn,NY,
03/03/2011,http://www.villagevoice.com/events/atomic-tom-2406008/,Atomic Tom,1039 Washington St.,Hoboken,$10,,Maxwell's,NJ,
03/03/2011,http://www.villagevoice.com/events/howard-fishman-the-dime-store-romeos-2406268/,Howard Fishman+the Dime Store Romeos,315 Columbia St.,Brooklyn,$10,,Jalopy Theatre,NY,
03/03/2011,http://www.villagevoice.com/events/ginas-picture-show-2405908/,Gina's Picture Show,93 Second Ave.,New York,$6,,Lit Lounge,NY,
03/03/2011,http://www.villagevoice.com/events/lavalier-rocketship-park-dj-misery-creep-2412109/,Lavalier+Rocketship Park+DJ Misery Creep,484 Union Ave.,Brooklyn,,,Union Pool,NY,
03/03/2011,http://www.villagevoice.com/events/shyvonne-party-supplies-recess-2411750/,Shyvonne+Party Supplies+Recess,125 Fifth Ave.,Brooklyn,$10-$12,,Southpaw,NY,
03/03/2011,http://www.villagevoice.com/events/sugar-and-gold-yip-deceiver-project-jenny-2412074/,Sugar & Gold+Yip Deceiver+Project Jenny,361 Metropolitan Ave.,Brooklyn,$10-$12,,Knitting Factory,NY,
03/03/2011,http://www.villagevoice.com/events/ikue-mori-sylvie-courvoisier-and-ned-rothenburg-2411778/,"Ikue Mori, Sylvie Courvoisier & Ned Rothenburg",Avenue C at East 2nd Street,New York,$10,,The Stone,NY,
03/03/2011,http://www.villagevoice.com/events/nation-beat-2411725/,Nation Beat,375 Third Ave.,New York,,,Rodeo Bar,NY,
03/03/2011,http://www.villagevoice.com/events/eli-paperboy-reed-and-the-true-loves-sister-anne-2412079/,Eli 'Paperboy' Reed & the True Loves+Sister Anne,361 Metropolitan Ave.,Brooklyn,$15,,Knitting Factory,NY,
03/04/2011,http://www.villagevoice.com/events/lets-zydeco-steve-riley-and-the-zydeco-playboys-2406134/,'Let's Zydeco: Steve Riley & the Zydeco Playboys',121 W. 45th St.,New York,,,Connolly's Pub,NY,
03/04/2011,http://www.villagevoice.com/events/downtown-music-festival-2411999/,'Downtown Music Festival',125 E. 11th St.,New York,$25,"With A-Trak, Art Brut, Lissie Trullie, and more.</p>",Webster Hall,NY,
03/04/2011,http://www.villagevoice.com/events/old-number-7-stanley-john-mitchell-and-his-band-of-buddies-2412134/,Old Number 7+Stanley John Mitchell & His Band of Buddies,159 E. Houston St.,New York,,,National Underground,NY,
03/04/2011,http://www.villagevoice.com/events/fellow-the-deceived-bound-by-substance-stoned-fire-2406046/,Fellow the Deceived+Bound By Substance+Stoned Fire,9 Great Jones,New York,$10,,Ace of Clubs,NY,
03/04/2011,http://www.villagevoice.com/events/master-strong-intention-lightning-swords-of-death-2406154/,Master+Strong Intention+Lightning Swords of Death,98-104 Meserole Ave.,Brooklyn,$15,,Europa Night Club,NY,
03/04/2011,http://www.villagevoice.com/events/nora-mccarthy-sings-the-music-of-dom-minasi-2406058/,'Nora McCarthy Sings the Music Of Dom Minasi',34 W. 22nd St.,New York,$20,,Metropolitan Room,NY,
03/04/2011,http://www.villagevoice.com/events/elliott-sharp-2406254/,Elliott Sharp,232 3rd St.,Brooklyn,$50-$250,,Issue Project Room  110 Livingston,NY,
03/04/2011,http://www.villagevoice.com/events/black-taxi-tv-tv-2406028/,Black Taxi+TV/TV,217 E. Houston St.,New York,$10,,Mercury Lounge,NY,
03/04/2011,http://www.villagevoice.com/events/kirsten-holly-2405839/,Kirsten Holly,425 Lafayette St.,New York,$15,Singing Dusty Springfield.</p>,Joe's Pub,NY,
03/04/2011,http://www.villagevoice.com/events/aki-onda-and-mv-carbon-2406295/,Aki Onda & MV Carbon,466 Grand St.,New York,$10,,Abrons Arts Center,NY,
03/04/2011,http://www.villagevoice.com/events/astronautalis-sims-wahoo-skiffle-crazies-2412124/,Astronautalis+Sims+Wahoo Skiffle Crazies,249 4th Avenue,Brooklyn,$10,,The Rock Shop,NY,
03/04/2011,http://www.villagevoice.com/events/conspirator-marc-and-aron-the-disco-biscuits-2406177/,Conspirator+Marc & Aron+the Disco Biscuits,127 E. 23rd St.,New York,$25,,Gramercy Theater,NY,
03/04/2011,http://www.villagevoice.com/events/the-delfonics-2405988/,The Delfonics,237 W. 42nd St.,New York,$26-$30,,B.B. King Blues Club & Grill,NY,
03/04/2011,http://www.villagevoice.com/events/dinosaur-feathers-motel-motel-shark--2406101/,Dinosaur Feathers+Motel Motel+Shark?,152 Ludlow St.,New York,$7,,Cake Shop,NY,
03/04/2011,http://www.villagevoice.com/events/dum-dum-girls-frankie-rose-and-the-outs-minks-2406054/,Dum Dum Girls+Frankie Rose & the Outs+MINKS,6 Delancey,New York,$13-$15,,Bowery Ballroom,NY,
03/04/2011,http://www.villagevoice.com/events/esben-and-the-witch-josh-t-pearson-2406022/,Esben & the Witch+Josh T. Pearson,149 7th St.,Brooklyn,$12,,Bell House,NY,
03/04/2011,http://www.villagevoice.com/events/the-hellfish-waiting-for-bobby-sons-of-jove-2411901/,The Hellfish+Waiting for Bobby+Sons of Jove,256 Grand St.,Brooklyn,$8,,The Trash Bar,NY,
03/04/2011,http://www.villagevoice.com/events/life-in-a-blender-gato-loco-2406000/,Life in a Blender+Gato Loco,376 9th St.,Brooklyn,$10,,Barbes,NY,
03/04/2011,http://www.villagevoice.com/events/the-new-collisions-the-fast-romantics-boss-charles-2411984/,The New Collisions+the Fast Romantics+Boss Charles,702 Union St.,Brooklyn,$8,,Union Hall,NY,
03/04/2011,http://www.villagevoice.com/events/noxious-foxes-i-love-monsters-gold-streets-2412086/,Noxious Foxes+I Love Monsters+Gold Streets,184 Bedford Ave.,Brooklyn,,,Spike Hill,NY,
03/04/2011,http://www.villagevoice.com/events/super-mirage-wormburner-medals-2411710/,Super Mirage+Wormburner+Medals,158 Ludlow St.,New York,$10,,Pianos,NY,
03/04/2011,http://www.villagevoice.com/events/watermelon-sonic-roses-my-summer-2406160/,Watermelon+Sonic Roses+My Summer,105 Eldridge St.,New York,$8,,Fontana's,NY,
03/04/2011,http://www.villagevoice.com/events/zoobombs-nymph-columboid-2412061/,Zoobombs+Nymph+Columboid,245 Grand Street,Brooklyn,,,Bruar Falls,NY,
03/04/2011,http://www.villagevoice.com/events/zs-black-crown-ceremony-pc-worship-2412098/,Zs+Black Crown Ceremony+PC Worship,915 Wyckoff Ave.,Flushing,,,Silent Barn,NY,
03/04/2011,http://www.villagevoice.com/events/chocolate-bread-socratic-west-the-defender-2406009/,Chocolate Bread+Socratic+West the Defender,1039 Washington St.,Hoboken,$10,,Maxwell's,NJ,
03/04/2011,http://www.villagevoice.com/events/dr-john-and-the-lower-911-marco-benevento-high-and-mighty-brass-band-2411797/,Dr. John & the Lower 911+Marco Benevento+High & Mighty Brass Band,214 Sullivan St.,New York,$40-$45,,Sullivan Hall,NY,
03/04/2011,http://www.villagevoice.com/events/mr-dream-sleepies-fort-lean-2412043/,Mr. Dream+Sleepies+Fort Lean,289 Kent Ave.,Brooklyn,$8,,Glasslands Gallery,NY,
03/04/2011,http://www.villagevoice.com/events/rick-ross-2412106/,Rick Ross,1515 Broadway,New York,sold out,,Best Buy Theatre Times Square,NY,
03/04/2011,http://www.villagevoice.com/events/onra-buddy-sativa-sadat-x-2412075/,Onra+Buddy Sativa+Sadat X,361 Metropolitan Ave.,Brooklyn,$15-$17,,Knitting Factory,NY,
03/04/2011,http://www.villagevoice.com/events/paint-it-black-punch-iron-chic-2412019/,Paint It Black+Punch+Iron Chic,49 S. 2nd St.,Brooklyn,sold out,,Death By Audio,NY,
03/04/2011,http://www.villagevoice.com/events/red-clay-2406293/,Red Clay,200 Hudson St.,New York,$10,,92Y Tribeca,NY,
03/04/2011,http://www.villagevoice.com/events/soft-skin-poly-morphines-dead-sexy-sheila-2405914/,Soft Skin+Poly Morphines+Dead Sexy Sheila,93 Second Ave.,New York,$6,,Lit Lounge,NY,
03/04/2011,http://www.villagevoice.com/events/stephane-wrembel-2406269/,Stephane Wrembel,315 Columbia St.,Brooklyn,$10,,Jalopy Theatre,NY,
03/04/2011,http://www.villagevoice.com/events/zongo-junction-mokaad-thought-2411765/,Zongo Junction+Mokaad+Thought,125 Fifth Ave.,Brooklyn,$10,,Southpaw,NY,
03/05/2011,http://www.villagevoice.com/events/the-seedy-seeds-medals-2411986/,The Seedy Seeds+Medals,702 Union St.,Brooklyn,$7,,Union Hall,NY,
03/05/2011,http://www.villagevoice.com/events/wild-flag-yellowfever-2412125/,Wild Flag+YellowFever,249 4th Avenue,Brooklyn,sold out,,The Rock Shop,NY,
03/05/2011,http://www.villagevoice.com/events/bamboo-2411803/,Bamboo,214 Sullivan St.,New York,$10,,Sullivan Hall,NY,
03/05/2011,http://www.villagevoice.com/events/chester-river-runoff-2406270/,Chester River Runoff,315 Columbia St.,Brooklyn,$10,,Jalopy Theatre,NY,
03/05/2011,http://www.villagevoice.com/events/rhythm-bound-2411727/,Rhythm Bound,375 Third Ave.,New York,,,Rodeo Bar,NY,
03/06/2011,http://www.villagevoice.com/events/lets-zydeco-c-j-chemier-and-the-red-hot-louisiana-band-2406135/,'Let's Zydeco: C.J. Chemier & the Red Hot Louisiana Band',121 W. 45th St.,New York,,,Connolly's Pub,NY,
03/06/2011,http://www.villagevoice.com/events/peoples-symphony-concerts-presents-garrick-ohlsson-2411898/,'People's Symphony Concerts Presents Garrick Ohlsson',123 W. 43rd St.,New York,$38,,Town Hall,NY,
03/06/2011,http://www.villagevoice.com/events/belie-my-burial-lorna-shore-to-the-reds-2406155/,Belie My Burial+Lorna Shore+To the Reds,98-104 Meserole Ave.,Brooklyn,$10,,Europa Night Club,NY,
03/06/2011,http://www.villagevoice.com/events/haste-the-day-2406182/,Haste the Day,127 E. 23rd St.,New York,$15,,Gramercy Theater,NY,
03/06/2011,http://www.villagevoice.com/events/zoe-keating-todd-reynolds-2405890/,Zoe Keating+Todd Reynolds,158 Bleecker St.,New York,$15-$18,,(le) Poisson Rouge,NY,
03/06/2011,http://www.villagevoice.com/events/the-shambels-aunt-marcha-innocent-fannel-2412089/,The Shambels+Aunt Marcha+Innocent Fannel,184 Bedford Ave.,Brooklyn,,,Spike Hill,NY,
03/06/2011,http://www.villagevoice.com/events/the-smiths-indeed-2406040/,The Smiths Indeed,217 E. Houston St.,New York,$12,Tribute to the Smiths.</p>,Mercury Lounge,NY,
03/06/2011,http://www.villagevoice.com/events/tigers-and-monkeys-the-bam-bams-jenny-and-the-holzers-2412126/,Tigers & Monkeys+the Bam Bams+Jenny & the Holzers,249 4th Avenue,Brooklyn,$8,,The Rock Shop,NY,
03/06/2011,http://www.villagevoice.com/events/future-wife-jake-simmons-and-the-little-ghosts-2406118/,Future Wife+Jake Simmons & the Little Ghosts,152 Ludlow St.,New York,$6,,Cake Shop,NY,
03/06/2011,http://www.villagevoice.com/events/gig-phil-roy-2406197/,GIG+Phil Roy,431 W. 16th St.,New York,$10-$12,,Highline Ballroom,NY,
03/06/2011,http://www.villagevoice.com/events/pablo-picasso-duzheknew-cousins-2412066/,Pablo Picasso+Duzheknew+Cousins,245 Grand Street,Brooklyn,$6,,Bruar Falls,NY,
03/06/2011,http://www.villagevoice.com/events/hooray-for-earth-rewards-zambri-2412047/,Hooray for Earth+Rewards+Zambri,289 Kent Ave.,Brooklyn,$10,,Glasslands Gallery,NY,
03/06/2011,http://www.villagevoice.com/events/the-protomen-2412044/,The Protomen,289 Kent Ave.,Brooklyn,$10,,Glasslands Gallery,NY,
03/06/2011,http://www.villagevoice.com/events/jett-brando-preyhoven-2411903/,Jett Brando+Preyhoven,256 Grand St.,Brooklyn,$7,,The Trash Bar,NY,
03/06/2011,http://www.villagevoice.com/events/hickry-hawkins-filthy-still-2411728/,Hickry Hawkins+Filthy Still,375 Third Ave.,New York,,,Rodeo Bar,NY,
03/06/2011,http://www.villagevoice.com/events/im-turning-into-youre-jovian-the-house-floor-2412027/,I'm Turning Into+You're Jovian+the House Floor,49 S. 2nd St.,Brooklyn,$7,,Death By Audio,NY,
03/06/2011,http://www.villagevoice.com/events/unknown-mortal-orchestra-levek-2411713/,Unknown Mortal Orchestra+Levek,158 Ludlow St.,New York,$8,,Pianos,NY,
03/07/2011,http://www.villagevoice.com/events/paulo-coelho-a-fairview-ellis-and-park-2412138/,Paulo Coelho+a FairView+Ellis & Park,159 E. Houston St.,New York,,,National Underground,NY,
03/07/2011,http://www.villagevoice.com/events/say-hi-yellow-ostrich-blair-2406056/,Say Hi+Yellow Ostrich+Blair,6 Delancey,New York,$13-$15,,Bowery Ballroom,NY,
03/07/2011,http://www.villagevoice.com/events/your-pictures-of-floresnce-henderson-friend-roulette-team-genius-2411715/,Your Pictures of Floresnce Henderson+Friend Roulette+Team Genius,158 Ludlow St.,New York,$8,,Pianos,NY,
03/07/2011,http://www.villagevoice.com/events/datarock-the-suzan-dinowalrus-2411735/,Datarock+the Suzan+Dinowalrus,100 Lafayette St.,New York,$15,,Santos' Party House,NY,
03/07/2011,http://www.villagevoice.com/events/ocean-is-theory-hotel-of-the-laughing-tree-the-aviation-orange-2412004/,Ocean is Theory+Hotel of the Laughing Tree+the Aviation Orange,125 E. 11th St.,New York,$10-$12,,Webster Hall,NY,
03/07/2011,http://www.villagevoice.com/events/steel-phantoms-wiitala-brothers-marksmen-2411992/,Steel Phantoms+Wiitala Brothers+Marksmen,702 Union St.,Brooklyn,$8,,Union Hall,NY,
03/07/2011,http://www.villagevoice.com/events/alaskas-doldrums-grimes-2412099/,Alaskas+Doldrums+Grimes,915 Wyckoff Ave.,Flushing,,,Silent Barn,NY,
03/07/2011,http://www.villagevoice.com/events/california-guitar-trio-montreal-guitar-trio-2405990/,California Guitar Trio+Montreal Guitar Trio,237 W. 42nd St.,New York,$20-$25,,B.B. King Blues Club & Grill,NY,
03/07/2011,http://www.villagevoice.com/events/dharana-luger-2406119/,Dharana+Luger,152 Ludlow St.,New York,$6,,Cake Shop,NY,
03/07/2011,http://www.villagevoice.com/events/lupe-fiasco-2412005/,Lupe Fiasco,125 E. 11th St.,New York,$36.50,,Webster Hall,NY,
03/07/2011,http://www.villagevoice.com/events/last-shot-fired-the-banditz-a-life-worth-living-2411913/,Last Shot Fired+the Banditz+a Life Worth Living,256 Grand St.,Brooklyn,$7,,The Trash Bar,NY,
03/07/2011,http://www.villagevoice.com/events/the-london-souls-2406068/,The London Souls,61 Wythe Ave.,Brooklyn,$5,,Brooklyn Bowl,NY,
03/07/2011,http://www.villagevoice.com/events/nyu-symphony-orchestra-2412141/,NYU Symphony Orchestra,566 La Guardia Pl.,New York,$10,,Skirball Center,NY,
03/07/2011,http://www.villagevoice.com/events/the-threads-prospector-des-roar-2406167/,The Threads+Prospector+Des Roar,105 Eldridge St.,New York,$5,,Fontana's,NY,
03/07/2011,http://www.villagevoice.com/events/mynabirds-robbers-on-high-street-2406041/,Mynabirds+Robbers on High Street,217 E. Houston St.,New York,$10,,Mercury Lounge,NY,
03/07/2011,http://www.villagevoice.com/events/babs-winn-2411729/,Babs Winn,375 Third Ave.,New York,,,Rodeo Bar,NY,
03/07/2011,http://www.villagevoice.com/events/the-wools-duzheknew-cousins-2412029/,The Wools+DUZHEKNEW+Cousins,49 S. 2nd St.,Brooklyn,$7,,Death By Audio,NY,
03/07/2011,http://www.villagevoice.com/events/shy-town-flight-feathers-2411702/,Shy Town+Flight Feathers,709 Lorimer St.,Brooklyn,free,,Pete's Candy Store,NY,
03/08/2011,http://www.villagevoice.com/events/good-charlotte-2406248/,Good Charlotte,17 Irving Pl.,New York,$28,,Irving Plaza,NY,
03/08/2011,http://www.villagevoice.com/events/colin-smith-the-buck-stops-ostego-lake-2412139/,Colin Smith+the Buck Stops+Ostego Lake,159 E. Houston St.,New York,,,National Underground,NY,
03/08/2011,http://www.villagevoice.com/events/the-parlotones-xylos-2406043/,The Parlotones+Xylos,217 E. Houston St.,New York,$12,,Mercury Lounge,NY,
03/08/2011,http://www.villagevoice.com/events/the-dead-exs-the-fieros-low-hand-2406039/,The Dead Exs+the Fieros+Low Hand,327 Bowery,New York,,,Bowery Electric,NY,
03/08/2011,http://www.villagevoice.com/events/the-dollyrots-shiragirl-the-pinz-2412078/,The Dollyrots+Shiragirl+the Pinz,361 Metropolitan Ave.,Brooklyn,$10,,Knitting Factory,NY,
03/08/2011,http://www.villagevoice.com/events/rival-schools-vs-antelope-radar-fiction-2411736/,Rival Schools+Vs. Antelope+Radar Fiction,100 Lafayette St.,New York,$13,,Santos' Party House,NY,
03/08/2011,http://www.villagevoice.com/events/sneaky-legend-the-belle-brigade-2412127/,Sneaky Legend+the Belle Brigade,249 4th Avenue,Brooklyn,$8,,The Rock Shop,NY,
03/08/2011,http://www.villagevoice.com/events/brutal-nun-2412067/,Brutal Nun,245 Grand Street,Brooklyn,$6,,Bruar Falls,NY,
03/08/2011,http://www.villagevoice.com/events/dime-store-romeos-rhyne-mccormack-2412136/,Dime Store Romeos+Rhyne McCormack,159 E. Houston St.,New York,,,National Underground,NY,
03/08/2011,http://www.villagevoice.com/events/ice-cube-2405991/,Ice Cube,237 W. 42nd St.,New York,$27-$32,,B.B. King Blues Club & Grill,NY,
03/08/2011,http://www.villagevoice.com/events/the-low-anthem-bobby-2406057/,The Low Anthem+Bobby,6 Delancey,New York,$13-$15,,Bowery Ballroom,NY,
03/08/2011,http://www.villagevoice.com/events/omd-oh-land-2411871/,OMD+Oh Land,610 W. 56th St.,New York,$26-$32,,Terminal 5,NY,
03/08/2011,http://www.villagevoice.com/events/the-seedy-seeds-ice-black-birds-go-back-to-the-zoo-2411716/,The Seedy Seeds+Ice Black Birds+Go Back to the Zoo,158 Ludlow St.,New York,$8,,Pianos,NY,
03/08/2011,http://www.villagevoice.com/events/burnkit2600-the-shortsleeves-beta-club-field-trip-2406168/,Burnkit2600+the Shortsleeves+Beta Club Field Trip,105 Eldridge St.,New York,$5,,Fontana's,NY,
03/08/2011,http://www.villagevoice.com/events/dog-days-are-over-red-measure-2405924/,Dog Days Are Over+Red Measure,93 Second Ave.,New York,$6,,Lit Lounge,NY,
03/08/2011,http://www.villagevoice.com/events/election-night-bard-and-mustache-2412090/,Election Night+Bard & Mustache,184 Bedford Ave.,Brooklyn,,,Spike Hill,NY,
03/08/2011,http://www.villagevoice.com/events/hush-arbors-jason-ajemian-dharana-2412031/,Hush Arbors+Jason Ajemian+Dharana,49 S. 2nd St.,Brooklyn,$7,,Death By Audio,NY,
03/08/2011,http://www.villagevoice.com/events/lights-in-the-fog-igor-crash-robin-2411914/,Lights in the Fog+Igor+Crash Robin,256 Grand St.,Brooklyn,$7,,The Trash Bar,NY,
03/08/2011,http://www.villagevoice.com/events/raekwon-2406092/,Raekwon,66 N. 6th St.,Brooklyn,$15,,Music Hall of Williamsburg,NY,
03/08/2011,http://www.villagevoice.com/events/bill-sims-jr--2411730/,Bill Sims Jr.,375 Third Ave.,New York,,,Rodeo Bar,NY,
03/08/2011,http://www.villagevoice.com/events/yelawolf-cyhi-da-prynce-sts-2406211/,Yelawolf+CyHi Da Prynce+STS,431 W. 16th St.,New York,$15-$17,,Highline Ballroom,NY,
03/08/2011,http://www.villagevoice.com/events/ty-segall-devin-therriault-the-sundelles-2406042/,Ty Segall+Devin Therriault +the Sundelles,217 E. Houston St.,New York,$8-$10,,Mercury Lounge,NY,
03/08/2011,http://www.villagevoice.com/events/sierra-hull-2405978/,Sierra Hull,154 Ludlow St.,New York,,,Living Room,NY,
"05/06/2011, 05/20/2011, 05/13/2011, 03/04/2011, 03/11/2011, 03/18/2011, 03/25/2011, 04/01/2011, 04/08/2011, 04/15/2011, 04/22/2011, 04/29/2011",http://www.villagevoice.com/events/manhattan-haitian-dance-party-310265/,'Manhattan Haitian Dance Party',204 Varick St.,New York,$18-$20,,S.O.B.'s,NY,
"04/16/2011, 04/02/2011, 03/19/2011, 03/12/2011, 04/30/2011, 05/07/2011, 05/14/2011, 05/21/2011, 02/26/2011, 03/05/2011, 04/23/2011, 03/26/2011, 04/09/2011",http://www.villagevoice.com/events/samba-soul-389416/,'Samba Soul',204 Varick St.,New York,$10-$20,,S.O.B.'s,NY,
"04/17/2011, 04/10/2011, 04/03/2011, 03/27/2011, 03/20/2011, 03/13/2011, 03/06/2011, 02/27/2011, 05/22/2011, 05/15/2011, 05/08/2011, 05/01/2011, 04/24/2011",http://www.villagevoice.com/events/stephane-wrembel-478439/,Stephane Wrembel,376 9th St.,Brooklyn,$10,,Barbes,NY,
02/28/2011,http://www.villagevoice.com/events/the-kickdrums-dj-eleven-dj-terry-urban-2379624/,The Kickdrums+DJ Eleven+DJ terry Urban,61 Wythe Ave.,Brooklyn,free,,Brooklyn Bowl,NY,
"03/05/2011, 03/03/2011, 03/02/2011, 03/06/2011, 03/01/2011, 03/04/2011",http://www.villagevoice.com/events/nicholas-payton-big-band-2390751/,Nicholas Payton Big Band,60th St. & Broadway,New York,$30-$35,,"Dizzy's Club Coca-Cola, Frederick P. Rose Hall, Home of Jazz at Lincoln Center",NY,
"03/01/2011, 03/02/2011, 03/03/2011, 03/06/2011, 03/04/2011, 03/05/2011",http://www.villagevoice.com/events/donald-harrison-ron-carter-billy-cobham-trio-2390721/,"Donald Harrison, Ron Carter Billy Cobham Trio",131 W. 3rd St.,New York,$20-$35,,Blue Note,NY,
03/03/2011,http://www.villagevoice.com/events/rebelution-2406238/,Rebelution,17 Irving Pl.,New York,$20,,Irving Plaza,NY,
"04/21/2011, 05/12/2011, 05/19/2011, 03/03/2011, 03/10/2011, 05/26/2011, 04/07/2011, 04/28/2011, 04/14/2011, 03/31/2011, 03/17/2011, 03/24/2011, 05/05/2011",http://www.villagevoice.com/events/dj-hutz-648466/,DJ Hutz,113 Ludlow,New York,$10,Gogol Bordello's Eugene Hutz spins when not on tour; with Pedro.</p>,Mehanata Bulgarian Bar,NY,
"04/28/2011, 05/05/2011, 05/12/2011, 05/19/2011, 05/26/2011, 04/21/2011, 04/14/2011, 04/07/2011, 03/31/2011, 03/24/2011, 03/17/2011, 03/10/2011, 03/03/2011",http://www.villagevoice.com/events/brooklyn-freestyle-sessions-219119/,'Brooklyn Freestyle Sessions',345 Grand St.,Brooklyn,,Live jazz/funk/Afro-dub soul jam sessions with Mobius Collective and rotating guests.</p>,Rose Live Music,NY,
"04/29/2011, 05/13/2011, 05/20/2011, 04/01/2011, 03/04/2011, 03/11/2011, 03/18/2011, 03/25/2011, 04/08/2011, 04/15/2011, 04/22/2011, 05/06/2011",http://www.villagevoice.com/events/salsa-groove-389411/,'Salsa Groove',204 Varick St.,New York,$15,With Los Soneros de Oriente.</p>,S.O.B.'s,NY,
"03/04/2011, 03/18/2011, 03/11/2011, 03/25/2011, 04/01/2011, 04/08/2011, 04/15/2011, 04/22/2011, 04/29/2011, 05/06/2011, 05/13/2011, 05/20/2011",http://www.villagevoice.com/events/yuri-yunakov-and-grand-masters-of-gypsy-music-2044564/,Yuri Yunakov & Grand Masters of Gypsy Music,113 Ludlow,New York,$10,,Mehanata Bulgarian Bar,NY,
"05/06/2011, 04/22/2011, 04/15/2011, 04/08/2011, 04/01/2011, 03/25/2011, 03/18/2011, 03/11/2011, 03/04/2011, 05/20/2011, 05/13/2011, 04/29/2011",http://www.villagevoice.com/events/dj-poodlecannon-648484/,DJ Poodlecannon,113 Ludlow,New York,$5-$10,,Mehanata Bulgarian Bar,NY,
"02/26/2011, 05/21/2011, 05/14/2011, 05/07/2011, 04/30/2011, 04/23/2011, 04/16/2011, 04/09/2011, 04/02/2011, 03/26/2011, 03/19/2011, 03/12/2011, 03/05/2011",http://www.villagevoice.com/events/sapphire-saturdays-609991/,Sapphire Saturdays,249 Eldridge St.,New York,$5,,Sapphire,NY,
03/05/2011,http://www.villagevoice.com/events/the-left-banke-2405840/,The Left Banke,425 Lafayette St.,New York,$20,,Joe's Pub,NY,
"5/7/2011, 3/5/2011, 4/2/2011",http://www.villagevoice.com/events/bluegrass-jam-1628277/,'Bluegrass Jam',700 E. 9th St.,New York,,,Banjo Jim's,NY,
"02/26/2011, 04/16/2011, 04/09/2011, 04/02/2011, 03/26/2011, 03/19/2011, 03/12/2011, 03/05/2011, 05/21/2011, 05/14/2011, 05/07/2011, 04/30/2011, 04/23/2011",http://www.villagevoice.com/events/african-night-477203/,'African Night',773 St. Nicholas Ave.,New York,,,St. Nick's Pub,NY,
"02/27/2011, 03/13/2011, 05/08/2011, 05/01/2011, 04/24/2011, 04/17/2011, 04/10/2011, 04/03/2011, 03/27/2011, 03/20/2011, 05/22/2011, 05/15/2011, 03/06/2011",http://www.villagevoice.com/events/bossa-nova-brunch-667506/,'Bossa Nova Brunch',204 Varick St.,New York,$30,With Bossa Nova Trio.</p>,S.O.B.'s,NY,
"03/10/2011, 03/13/2011, 03/12/2011, 03/11/2011, 03/09/2011, 03/08/2011",http://www.villagevoice.com/events/ann-hampton-callaway-2406152/,Ann Hampton Callaway,60th St. & Broadway,New York,$30-$35,,"Dizzy's Club Coca-Cola, Frederick P. Rose Hall, Home of Jazz at Lincoln Center",NY,
,http://www.villagevoice.com/events/snitch-875623/,'Snitch',199 Bowery,New York,,,Crash Mansion,NY,
03/09/2011,http://www.villagevoice.com/events/bright-eyes-2411722/,Bright Eyes,1260 Sixth Ave.,New York,$39.50,,Radio City Music Hall,NY,
"05/20/2011, 03/11/2011, 03/04/2011, 03/18/2011, 03/25/2011, 04/01/2011, 04/08/2011, 04/15/2011, 04/22/2011, 04/29/2011, 05/06/2011, 05/13/2011",http://www.villagevoice.com/events/grand-masters-of-gypsy-music-651501/,Grand Masters of Gypsy Music,113 Ludlow,New York,$10,,Mehanata Bulgarian Bar,NY,
"04/13/2011, 03/02/2011, 03/09/2011, 03/16/2011, 03/23/2011, 03/30/2011, 04/06/2011, 04/20/2011, 04/27/2011, 05/04/2011, 05/11/2011, 05/18/2011, 05/25/2011",http://www.villagevoice.com/events/little-rickys-rib-shack-303647/,Little Ricky's Rib Shack,419 W. 13th St.,New York,$10,"DJ Rich Medina spins soul, hip-hop, Afrobeat, and jazz downstairs.</p>",APT,NY,
"4/7/2011, 5/5/2011, 3/3/2011",http://www.villagevoice.com/events/basement-bhangra-310268/,Basement Bhangra,204 Varick St.,New York,$5-$16,DJ Rekha fuses East and West with traditional and Bollywood Indian music.</p>,S.O.B.'s,NY,
"4/17/2011, 5/15/2011, 3/20/2011",http://www.villagevoice.com/events/anonymous-679091/,Anonymous,113 Ludlow,New York,$10,Queerpunx dance party.</p>,Mehanata Bulgarian Bar,NY,
,http://www.villagevoice.com/events/something-tight-218725/,Something Tight,302 Broome St.,New York,,A twice-monthly gay dance party featuring disco jams from DJs Timmy and Telfar.</p>,Happy Ending Lounge,NY,
"04/05/2011, 05/24/2011, 05/17/2011, 05/10/2011, 05/03/2011, 04/26/2011, 03/01/2011, 03/08/2011, 03/15/2011, 03/22/2011, 03/29/2011, 04/19/2011, 04/12/2011",http://www.villagevoice.com/events/slavic-soul-party-155084/,'Slavic Soul Party',376 9th St.,Brooklyn,$10,"Slavic Soul Party are Eastern Europe's answer to the funk (and ""Grunt"") of the J.B.'s or, more recently, the Budos Band. On their recordings, and every Tuesday at Barb&egrave;s, the 10-person brass ensemble pins Gypsy melodies against the sort of jazzy r&b horn collages you hear in movies adapted from Elmore Leonard books. The best part, though, is how they interact with their audience at their concerts, sometimes breaking the fourth wall, and really making each word in their name&#151;especially the last&#151;pull its weight.</p>",Barbes,NY,http://vvoice.vo.llnwd.net/e12/4232102.47.jpg
03/05/2011,http://www.villagevoice.com/events/khaira-arby-sway-machinery-nettle-2406026/,Khaira Arby+Sway Machinery+Nettle,149 7th St.,Brooklyn,$15-$18,,Bell House,NY,
03/05/2011,http://www.villagevoice.com/events/martin-hayes-and-dennis-cahill-2412007/,Martin Hayes & Dennis Cahill,2537 Broadway,New York,$25-$30,,Peter Norton Symphony Space,NY,
03/05/2011,http://www.villagevoice.com/events/downtown-music-festival-2411862/,'Downtown Music Festival',610 W. 56th St.,New York,$45-$50,"With Miike Snow, Major Lazer & Santigold, and more.</p>",Terminal 5,NY,
"04/03/2011, 02/27/2011, 05/15/2011, 05/22/2011, 03/20/2011, 05/01/2011, 04/24/2011, 04/17/2011, 04/10/2011, 03/13/2011, 03/27/2011, 05/08/2011, 03/06/2011",http://www.villagevoice.com/events/crash-course-karaoke-2062744/,'Crash Course Karaoke',157 Bleecker St.,New York,,,Kenny's Castaways,NY,
"05/17/2011, 05/24/2011, 04/26/2011, 05/03/2011, 05/10/2011, 04/19/2011, 04/12/2011, 04/05/2011, 03/29/2011, 03/22/2011, 03/15/2011, 03/08/2011, 03/01/2011",http://www.villagevoice.com/events/rock-n-twang-live-band-karaoke-506804/,'Rock 'N' Twang Live Band Karaoke',30 W. 26th St.,New York,free,,Hill Country Barbecue,NY,
"04/19/2011, 05/17/2011, 05/24/2011, 03/15/2011, 03/08/2011, 03/01/2011, 05/03/2011, 05/10/2011, 04/26/2011, 03/22/2011, 03/29/2011, 04/05/2011, 04/12/2011",http://www.villagevoice.com/events/the-kings-of-karaoke-1811992/,The Kings of Karaoke,199 Bowery,New York,free,,Crash Mansion,NY,
"05/26/2011, 05/19/2011, 05/12/2011, 05/05/2011, 04/28/2011, 04/21/2011, 04/14/2011, 04/07/2011, 03/31/2011, 03/24/2011, 03/17/2011, 03/10/2011, 03/03/2011",http://www.villagevoice.com/events/sid-and-buddy-karaoke-477195/,'Sid & Buddy Karaoke',37 Greenpoint Ave.,Brooklyn,,,Red Star Sports Bar,NY,
"3/4/2011, 4/1/2011, 5/6/2011",http://www.villagevoice.com/events/metrojam-522733/,'Metrojam',34 W. 22nd St.,New York,$10,,Metropolitan Room,NY,
03/05/2011,http://www.villagevoice.com/events/clinton-curtis-2405842/,Clinton Curtis,425 Lafayette St.,New York,$12,,Joe's Pub,NY,
"05/16/2011, 05/02/2011, 05/09/2011, 04/11/2011, 04/04/2011, 03/28/2011, 03/21/2011, 03/14/2011, 03/07/2011, 02/28/2011, 04/18/2011, 04/25/2011, 05/23/2011",http://www.villagevoice.com/events/jam-rock-with-squeeze-859057/,'Jam Rock with Squeeze',204 Varick St.,New York,,,S.O.B.'s,NY,
"05/16/2011, 05/09/2011, 05/02/2011, 02/28/2011, 03/07/2011, 03/14/2011, 03/21/2011, 03/28/2011, 04/04/2011, 04/11/2011, 04/18/2011, 04/25/2011, 05/23/2011",http://www.villagevoice.com/events/the-peoples-open-mic-1574354/,'The People's Open Mic',1039 Washington St.,Hoboken,free,,Maxwell's,NJ,
"05/09/2011, 04/04/2011, 03/28/2011, 03/21/2011, 03/14/2011, 03/07/2011, 02/28/2011, 04/11/2011, 04/18/2011, 04/25/2011, 05/02/2011, 05/16/2011, 05/23/2011",http://www.villagevoice.com/events/acoustic-open-mic-and-jam-session-1589020/,'Acoustic Open Mic & Jam Session',157 Bleecker St.,New York,,,Kenny's Castaways,NY,
02/27/2011,http://www.villagevoice.com/events/monks-dream-fifty-years-fresh-the-music-of-thelonious-monk-and-the-expanding-universe-of-bebop-2390749/,'Monk's Dream: Fifty Years Fresh The Music of Thelonious Monk & The Expanding Universe of Bebop',60th St. & Broadway,New York,$30-$35,,"Dizzy's Club Coca-Cola, Frederick P. Rose Hall, Home of Jazz at Lincoln Center",NY,
"05/02/2011, 02/28/2011, 03/07/2011, 03/14/2011, 03/21/2011, 03/28/2011, 04/04/2011, 04/11/2011, 04/18/2011, 04/25/2011, 05/23/2011, 05/16/2011, 05/09/2011",http://www.villagevoice.com/events/mingus-mondays-703797/,'Mingus Mondays',116 E. 27th St.,New York,$25,Featuring Mingus Dynasty.</p>,Jazz Standard,NY,
"03/07/2011, 04/11/2011, 04/18/2011, 04/25/2011, 03/21/2011, 04/04/2011, 03/28/2011, 05/02/2011, 05/09/2011, 05/16/2011, 05/23/2011, 03/14/2011, 02/28/2011",http://www.villagevoice.com/events/t-blues-band-419682/,T Blues Band,149 Bleecker St.,New York,,,Terra Blues,NY,
"04/25/2011, 02/28/2011, 03/07/2011, 03/14/2011, 03/21/2011, 03/28/2011, 04/04/2011, 04/11/2011, 04/18/2011, 05/02/2011, 05/09/2011, 05/16/2011, 05/23/2011",http://www.villagevoice.com/events/mike-tait-532125/,Mike Tait,151 Bleecker St.,New York,,,The Red Lion,NY,
"05/13/2011, 05/20/2011, 05/27/2011, 04/08/2011, 04/01/2011, 03/25/2011, 03/18/2011, 03/11/2011, 03/04/2011, 04/15/2011, 04/22/2011, 04/29/2011, 05/06/2011",http://www.villagevoice.com/events/grand-masters-of-gypsy-music-651501/,Grand Masters of Gypsy Music,113 Ludlow,New York,$10,,Mehanata Bulgarian Bar,NY,
03/05/2011,http://www.villagevoice.com/events/banda-sinaloense-de-los-muertos-kotorino-2406001/,Banda Sinaloense De Los Muertos+Kotorino,376 9th St.,Brooklyn,$10,,Barbes,NY,
03/03/2011,http://www.villagevoice.com/events/lisle-ellis-and-the-remote-viewers-2411777/,Lisle Ellis & the Remote Viewers,Avenue C at East 2nd Street,New York,$10,,The Stone,NY,
03/04/2011,http://www.villagevoice.com/events/six-organs-of-admittance-2411781/,Six Organs of Admittance,Avenue C at East 2nd Street,New York,$10,,The Stone,NY,
03/05/2011,http://www.villagevoice.com/events/elliott-sharp-2406259/,Elliott Sharp,232 3rd St.,Brooklyn,free-$35,,Issue Project Room,NY,
03/05/2011,http://www.villagevoice.com/events/devin-maxwell-woody-sullender-and-sergei-tcherepnin-2406304/,Devin Maxwell+Woody Sullender & Sergei Tcherepnin,466 Grand St.,New York,$10,,Abrons Arts Center,NY,
"03/21/2011, 03/28/2011, 04/04/2011, 04/11/2011, 04/18/2011, 04/25/2011, 05/02/2011, 02/28/2011, 05/09/2011, 03/14/2011, 05/23/2011, 05/16/2011, 03/07/2011",http://www.villagevoice.com/events/shayni-raes-truckstop-downtown-honkytonk-643079/,'Shayni Rae's Truckstop Downtown Honkytonk',159 E. Houston St.,New York,,"Featuring Kevn Kinney, Chris Masterson, and more.</p>",National Underground,NY,
"04/26/2011, 05/17/2011, 05/10/2011, 03/01/2011, 05/03/2011, 04/19/2011, 05/24/2011, 03/08/2011, 03/15/2011, 03/22/2011, 03/29/2011, 04/05/2011, 04/12/2011",http://www.villagevoice.com/events/jr-mack-band-835027/,Jr. Mack Band,149 Bleecker St.,New York,,,Terra Blues,NY,
,http://www.villagevoice.com/events/clarence-spady-band-410381/,Clarence Spady Band,149 Bleecker St.,New York,,,Terra Blues,NY,
"04/11/2011, 05/23/2011, 05/16/2011, 05/09/2011, 05/02/2011, 04/25/2011, 04/18/2011, 04/04/2011, 03/28/2011, 03/21/2011, 03/14/2011, 03/07/2011, 02/28/2011",http://www.villagevoice.com/events/reverend-vince-anderson-1201280/,Reverend Vince Anderson,484 Union Ave.,Brooklyn,free,,Union Pool,NY,
"05/08/2011, 05/22/2011, 05/15/2011, 02/27/2011, 03/06/2011, 03/13/2011, 03/20/2011, 03/27/2011, 04/03/2011, 04/10/2011, 04/17/2011, 04/24/2011, 05/01/2011",http://www.villagevoice.com/events/the-scratcher-sessions-643055/,'The Scratcher Sessions',209 E. 5th St.,New York,,The Voice staff's home away from home features solid singer-songwriter acts every Sunday. Solo acts and duos only; seek thy massive klezmer dance parties elsewhere. This week: John Ladeau.</p>,Scratcher,NY,http://vvoice.vo.llnwd.net/e12/5995429.47.jpg
03/05/2011,http://www.villagevoice.com/events/esben-and-the-witch-wise-blood-2406037/,Esben & the Witch+Wise Blood,217 E. Houston St.,New York,$12,,Mercury Lounge,NY,
"04/12/2011, 04/19/2011, 04/26/2011, 05/03/2011, 05/10/2011, 05/17/2011, 05/24/2011, 04/05/2011, 03/22/2011, 03/15/2011, 03/08/2011, 03/01/2011, 03/29/2011",http://www.villagevoice.com/events/lachs-antihoot-1923979/,'Lach's Antihoot',125 E. 11th St.,New York,free,,Webster Hall,NY,
03/04/2011,http://www.villagevoice.com/events/smith-westerns-unknown-mortal-orchestra-computer-magic-2406027/,Smith Westerns+Unknown Mortal Orchestra+Computer Magic,217 E. Houston St.,New York,$5-$8,,Mercury Lounge,NY,
03/05/2011,http://www.villagevoice.com/events/astronautalis-sims-2411733/,Astronautalis+Sims,100 Lafayette St.,New York,$10,,Santos' Party House,NY,
"05/19/2011, 05/26/2011, 05/12/2011, 05/05/2011, 04/28/2011, 04/21/2011, 04/14/2011, 04/07/2011, 03/31/2011, 03/24/2011, 03/17/2011, 03/10/2011, 03/03/2011",http://www.villagevoice.com/events/brooklyn-freestyle-sessions-219119/,'Brooklyn Freestyle Sessions',345 Grand St.,Brooklyn,,Live jazz/funk/Afro-dub soul jam sessions with Mobius Collective and rotating guests.</p>,Rose Live Music,NY,
"3/5/2011, 5/7/2011, 4/2/2011",http://www.villagevoice.com/events/the-rub-859090/,The Rub,125 Fifth Ave.,Brooklyn,,"Hip-hop dance party with DJs Cosmo Baker, Ayres & Eleven.</p>",Southpaw,NY,
"03/13/2011, 03/06/2011, 02/27/2011, 04/03/2011, 05/15/2011, 05/22/2011, 05/01/2011, 04/24/2011, 04/17/2011, 04/10/2011, 05/08/2011, 03/27/2011, 03/20/2011",http://www.villagevoice.com/events/sunday-gospel-brunch-477797/,'Sunday Gospel Brunch',237 W. 42nd St.,New York,$40-$42.50,Featuring the Harlem Gospel Choir.</p>,B.B. King Blues Club & Grill,NY,
"03/04/2011, 04/22/2011, 04/15/2011, 04/08/2011, 04/01/2011, 03/25/2011, 03/18/2011, 03/11/2011, 05/27/2011, 05/20/2011, 05/13/2011, 05/06/2011, 04/29/2011",http://www.villagevoice.com/events/gospel-queens-of-brooklyn-1311233/,Gospel Queens of Brooklyn,75 Christopher St.,New York,,,Fat Cat,NY,
03/04/2011,http://www.villagevoice.com/events/steve-wynn-and-the-miracle-3-2405955/,Steve Wynn & The Miracle 3,154 Ludlow St.,New York,$10,,Living Room,NY,
03/05/2011,http://www.villagevoice.com/events/debutante-hour-mso-kinglsey-flood-2406036/,Debutante Hour+MSO+Kinglsey Flood,327 Bowery,New York,,,Bowery Electric,NY,
03/05/2011,http://www.villagevoice.com/events/john-fries-and-the-heat-tim-mac-emily-brooke-2412135/,John Fries & the Heat+Tim Mac+Emily Brooke,159 E. Houston St.,New York,,,National Underground,NY,
03/05/2011,http://www.villagevoice.com/events/the-river-james-the-john-henrys-the-library-2406038/,The River James+the John Henrys+the Library,327 Bowery,New York,,,Bowery Electric,NY,
03/05/2011,http://www.villagevoice.com/events/needmore-find-vienna-2411802/,Needmore+Find Vienna,214 Sullivan St.,New York,$10,,Sullivan Hall,NY,
03/05/2011,http://www.villagevoice.com/events/sami-akbari-jennifer-greer-and-john-shannon-erene-2405956/,Sami Akbari+Jennifer Greer & John Shannon+Erene,154 Ludlow St.,New York,,,Living Room,NY,
03/05/2011,http://www.villagevoice.com/events/the-juggs-atlantic-pacific-vs-antelope-2411712/,The Juggs+Atlantic/Pacific+Vs. Antelope,158 Ludlow St.,New York,$10,,Pianos,NY,
03/05/2011,http://www.villagevoice.com/events/turrigenous-ikillya-borgo-pass-2406050/,Turrigenous+Ikillya+Borgo Pass,9 Great Jones,New York,$10,,Ace of Clubs,NY,
03/05/2011,http://www.villagevoice.com/events/the-hixon-slam-one-down-flames-of-fury-2411902/,The Hixon+Slam One Down+Flames of Fury,256 Grand St.,Brooklyn,$12,,The Trash Bar,NY,
03/05/2011,http://www.villagevoice.com/events/pogo-telepath-2406196/,Pogo+Telepath,431 W. 16th St.,New York,$12-$15,,Highline Ballroom,NY,
03/05/2011,http://www.villagevoice.com/events/akron-family-delicate-steve-2406055/,Akron/Family+Delicate Steve,6 Delancey,New York,$15,,Bowery Ballroom,NY,
03/05/2011,http://www.villagevoice.com/events/the-beets-the-twitchers-teardrops-2412062/,The Beets+the Twitchers+Teardrops,245 Grand Street,Brooklyn,$8,,Bruar Falls,NY,
03/05/2011,http://www.villagevoice.com/events/deluka-zoobombs-new-collisions-2412002/,Deluka+Zoobombs+New Collisions,125 E. 11th St.,New York,$12,,Webster Hall,NY,
03/05/2011,http://www.villagevoice.com/events/el-drugstore-mugen-huso-2406162/,El Drugstore+Mugen Huso,105 Eldridge St.,New York,$8,,Fontana's,NY,
03/05/2011,http://www.villagevoice.com/events/emily-warren-and-the-betters-shape-machine-jess-turner-2406117/,Emily Warren & the Betters+Shape Machine+Jess Turner,152 Ludlow St.,New York,$8,,Cake Shop,NY,
03/05/2011,http://www.villagevoice.com/events/natur-pilgrim-hour-of-13-2406111/,Natur+Pilgrim+Hour of 13,152 Ludlow St.,New York,$8,,Cake Shop,NY,
03/05/2011,http://www.villagevoice.com/events/the-poor-things-reformed-whores-colonial-radio-2411699/,The Poor Things+Reformed Whores+Colonial Radio,709 Lorimer St.,Brooklyn,free,,Pete's Candy Store,NY,
03/05/2011,http://www.villagevoice.com/events/the-nico-blues-those-mockingbirds-hands-on-the-stereo-2406014/,The Nico Blues+Those Mockingbirds+Hands on the Stereo,1039 Washington St.,Hoboken,$8,,Maxwell's,NJ,
03/05/2011,http://www.villagevoice.com/events/danny-walsh-quartet-2412102/,Danny Walsh Quartet,151 W. 51st St.,New York,,,Palio Bar,NY,
03/05/2011,http://www.villagevoice.com/events/flora-and-fauna-apache-kid-baby-brother-2412088/,Flora & Fauna+Apache Kid+Baby Brother,184 Bedford Ave.,Brooklyn,,,Spike Hill,NY,
03/05/2011,http://www.villagevoice.com/events/hate-my-day-jobs-anxieteam-nightmare-and-the-cat-2405919/,Hate My Day Jobs+Anxieteam+Nightmare & the Cat,93 Second Ave.,New York,$6,,Lit Lounge,NY,
03/05/2011,http://www.villagevoice.com/events/heaven-papertwin-nothing-2412116/,Heaven+Papertwin+Nothing,484 Union Ave.,Brooklyn,,,Union Pool,NY,
03/05/2011,http://www.villagevoice.com/events/psychic-paramount-talk-normal-eleven-twenty-nine-2412025/,Psychic Paramount+Talk Normal+Eleven Twenty-Nine,49 S. 2nd St.,Brooklyn,$8,,Death By Audio,NY,
03/05/2011,http://www.villagevoice.com/events/smith-westerns-unknown-mortal-orchestra-2412076/,Smith Westerns+Unknown Mortal Orchestra,361 Metropolitan Ave.,Brooklyn,sold out,,Knitting Factory,NY,
"05/02/2011, 02/28/2011, 03/07/2011, 03/14/2011, 03/21/2011, 03/28/2011, 04/04/2011, 04/11/2011, 04/18/2011, 04/25/2011, 05/09/2011, 05/16/2011, 05/23/2011",http://www.villagevoice.com/events/laid-off-mondays-795481/,'Laid Off Mondays',168 Delancey,New York,,,The Delancey,NY,
"02/28/2011, 04/18/2011, 04/11/2011, 04/04/2011, 03/28/2011, 03/21/2011, 03/07/2011, 03/14/2011, 05/23/2011, 05/16/2011, 05/09/2011, 05/02/2011, 04/25/2011",http://www.villagevoice.com/events/michael-powers-419665/,Michael Powers,149 Bleecker St.,New York,,,Terra Blues,NY,
"05/23/2011, 02/28/2011, 03/07/2011, 03/14/2011, 03/21/2011, 03/28/2011, 04/04/2011, 04/11/2011, 04/18/2011, 04/25/2011, 05/02/2011, 05/09/2011, 05/16/2011",http://www.villagevoice.com/events/monday-night-vinyl-club-908785/,'Monday Night Vinyl Club',149 7th St.,Brooklyn,free,,Bell House,NY,
"05/16/2011, 02/28/2011, 03/07/2011, 03/14/2011, 03/21/2011, 03/28/2011, 04/04/2011, 04/11/2011, 04/18/2011, 04/25/2011, 05/02/2011, 05/09/2011, 05/23/2011",http://www.villagevoice.com/events/cangelosi-cards-387934/,Cangelosi Cards,700 E. 9th St.,New York,,,Banjo Jim's,NY,
"05/09/2011, 05/23/2011, 05/16/2011, 02/28/2011, 03/07/2011, 03/14/2011, 03/21/2011, 03/28/2011, 04/04/2011, 04/11/2011, 04/18/2011, 04/25/2011, 05/02/2011",http://www.villagevoice.com/events/chicha-libre-229393/,Chicha Libre,376 9th St.,Brooklyn,,"Beside being a popular alcoholic beverage, chicha is also the name of the psychedelic cumbia sound fermented in Peru's Amazonian rainforests during the '70s. Barb&egrave;s owner Olivier Conan, who anthologized chicha's origins in one of last year's finer compilations, fronts a terrific chicha dance combo with members of One Ring Zero and Las Rubias del Norte. They open a portal to Peru here nearly every Monday, and their fine new album will bubble your brain, too.</p>",Barbes,NY,http://vvoice.vo.llnwd.net/e12/2405737.47.jpg
"02/28/2011, 04/18/2011, 04/11/2011, 04/04/2011, 03/28/2011, 03/21/2011, 03/14/2011, 03/07/2011, 05/23/2011, 05/16/2011, 05/09/2011, 05/02/2011, 04/25/2011",http://www.villagevoice.com/events/jim-campilongo-electric-trio-2326618/,Jim Campilongo Electric Trio,154 Ludlow St.,New York,$8,With Stephan Crump and Tony Mason.</p>,Living Room,NY,
"03/14/2011, 03/07/2011, 02/28/2011, 05/09/2011, 05/02/2011, 04/25/2011, 04/18/2011, 04/11/2011, 04/04/2011, 03/28/2011, 03/21/2011, 05/23/2011, 05/16/2011",http://www.villagevoice.com/events/monday-night-open-jam-425715/,'Monday Night Open Jam',18 W. 24th St.,New York,,,Cutting Room,NY,
"05/03/2011, 05/24/2011, 05/17/2011, 05/10/2011, 04/26/2011, 04/19/2011, 04/12/2011, 04/05/2011, 03/29/2011, 03/22/2011, 03/15/2011, 03/08/2011, 03/01/2011",http://www.villagevoice.com/events/gotham-rocks-922909/,'Gotham Rocks',199 Bowery,New York,$10,,Crash Mansion,NY,
"03/09/2011, 03/16/2011, 03/23/2011, 03/30/2011, 04/06/2011, 03/02/2011, 04/13/2011, 04/20/2011, 04/27/2011, 05/04/2011, 05/11/2011, 05/18/2011, 05/25/2011",http://www.villagevoice.com/events/amateur-night-453955/,'Amateur Night',253 W. 125th St.,New York,$15-$25,,Apollo Theater,NY,
"03/02/2011, 03/09/2011, 03/16/2011, 03/23/2011, 03/30/2011, 04/06/2011, 04/13/2011, 04/20/2011, 04/27/2011, 05/04/2011, 05/11/2011, 05/25/2011, 05/18/2011",http://www.villagevoice.com/events/roots-155157/,Roots,18 Little West 12th St.,New York,$15,Louie Vega and Kevin Hedge spin deep house.</p>,Cielo,NY,
"05/25/2011, 03/09/2011, 03/02/2011, 03/16/2011, 03/23/2011, 03/30/2011, 04/06/2011, 04/13/2011, 04/20/2011, 04/27/2011, 05/04/2011, 05/11/2011, 05/18/2011",http://www.villagevoice.com/events/soulgasm-155045/,Soulgasm,248 E. Fifth St.,New York,$5,"DJ Bryan Cox and Spin Dynasty's Rob Flow spin house, funk, soul, and old-school hip-hop.</p>",Leopard Lounge,NY,
"03/10/2011, 05/26/2011, 05/19/2011, 05/12/2011, 05/05/2011, 04/28/2011, 04/21/2011, 04/14/2011, 04/07/2011, 03/31/2011, 03/17/2011, 03/03/2011, 03/24/2011",http://www.villagevoice.com/events/small-beast-music-salon-795480/,'Small Beast Music Salon',168 Delancey,New York,free,,The Delancey,NY,
"03/03/2011, 05/05/2011, 05/12/2011, 05/19/2011, 05/26/2011, 04/28/2011, 04/21/2011, 04/14/2011, 04/07/2011, 03/31/2011, 03/24/2011, 03/17/2011, 03/10/2011",http://www.villagevoice.com/events/ashford-and-simpsons-legendary-open-mic-night-477208/,'Ashford & Simpson's Legendary Open Mic Night',254 W. 72nd St.,New York,,,Sugar Bar,NY,
"03/24/2011, 03/31/2011, 04/07/2011, 05/26/2011, 03/03/2011, 04/14/2011, 05/19/2011, 05/12/2011, 05/05/2011, 04/28/2011, 04/21/2011, 03/10/2011, 03/17/2011",http://www.villagevoice.com/events/blue-sky-thursdays-155046/,Blue Sky Thursdays,248 E. Fifth St.,New York,,Miss Blue Sky hosts a night of deep and tech house.</p>,Leopard Lounge,NY,
"05/05/2011, 03/10/2011, 03/03/2011, 05/26/2011, 05/19/2011, 03/17/2011, 05/12/2011, 03/24/2011, 03/31/2011, 04/07/2011, 04/14/2011, 04/21/2011, 04/28/2011",http://www.villagevoice.com/events/hits-983948/,Hits,100 Lafayette St.,New York,$5,,Santos' Party House,NY,
"05/27/2011, 03/04/2011, 03/11/2011, 03/18/2011, 03/25/2011, 04/01/2011, 04/08/2011, 04/15/2011, 04/22/2011, 04/29/2011, 05/06/2011, 05/13/2011, 05/20/2011",http://www.villagevoice.com/events/baby-johnson-532124/,Baby Johnson,151 Bleecker St.,New York,,,The Red Lion,NY,
"05/27/2011, 04/01/2011, 03/25/2011, 03/18/2011, 03/11/2011, 03/04/2011, 04/08/2011, 04/15/2011, 04/22/2011, 04/29/2011, 05/06/2011, 05/13/2011, 05/20/2011",http://www.villagevoice.com/events/razor-boy-music-presents-864154/,'Razor Boy Music Presents',147 Bleecker St.,New York,$5,,The Bitter End,NY,
"05/06/2011, 05/13/2011, 05/20/2011, 05/27/2011, 04/22/2011, 04/29/2011, 04/01/2011, 03/04/2011, 03/11/2011, 03/18/2011, 04/15/2011, 03/25/2011, 04/08/2011",http://www.villagevoice.com/events/between-a-rock-and-a-hard-place-559736/,'Between a Rock & a Hard Place',199 Bowery,New York,,,Crash Mansion,NY,
"04/08/2011, 03/04/2011, 03/11/2011, 03/18/2011, 03/25/2011, 04/01/2011, 04/15/2011, 04/22/2011, 04/29/2011, 05/06/2011, 05/13/2011, 05/20/2011, 05/27/2011",http://www.villagevoice.com/events/michael-powers-frequency-419669/,Michael Powers Frequency,149 Bleecker St.,New York,,,Terra Blues,NY,
"04/29/2011, 05/13/2011, 05/20/2011, 05/27/2011, 03/11/2011, 03/18/2011, 03/25/2011, 04/01/2011, 04/08/2011, 04/15/2011, 04/22/2011, 03/04/2011, 05/06/2011",http://www.villagevoice.com/events/tatler-155144/,Tatler,409 W. 14th St.,New York,$20,"A saucy soiree hosted by the Queen Mum of Motherfucker himself, Michael T.</p>",Lotus,NY,
"04/30/2011, 03/05/2011, 03/12/2011, 03/19/2011, 03/26/2011, 04/02/2011, 04/09/2011, 04/16/2011, 04/23/2011, 05/07/2011, 05/14/2011, 05/21/2011",http://www.villagevoice.com/events/beatles-brunch-800394/,'Beatles Brunch',237 W. 42nd St.,New York,$40-$42.50,,B.B. King Blues Club & Grill,NY,
"05/21/2011, 03/05/2011, 03/12/2011, 03/19/2011, 03/26/2011, 04/02/2011, 04/09/2011, 04/16/2011, 04/23/2011, 04/30/2011, 05/07/2011, 05/14/2011",http://www.villagevoice.com/events/strawberry-fields-a-tribute-to-the-beatles-477793/,'Strawberry Fields: A Tribute to the Beatles',237 W. 42nd St.,New York,$25-$43,,B.B. King Blues Club & Grill,NY,
"03/05/2011, 03/12/2011, 03/19/2011, 03/26/2011, 04/02/2011, 04/09/2011, 04/16/2011, 04/23/2011, 04/30/2011, 05/07/2011, 05/14/2011, 05/21/2011",http://www.villagevoice.com/events/the-rewind-show-454050/,The Rewind Show,431 W. 16th St.,New York,$20,,Highline Ballroom,NY,
"05/01/2011, 05/22/2011, 05/15/2011, 02/27/2011, 03/06/2011, 03/13/2011, 03/20/2011, 03/27/2011, 04/03/2011, 04/10/2011, 04/17/2011, 04/24/2011, 05/08/2011",http://www.villagevoice.com/events/bell-house-rocks-806254/,Bell House Rocks,149 7th St.,Brooklyn,$10,,Bell House,NY,
"05/15/2011, 05/08/2011, 05/01/2011, 04/24/2011, 04/17/2011, 04/10/2011, 04/03/2011, 03/27/2011, 03/20/2011, 03/13/2011, 03/06/2011, 02/27/2011, 05/22/2011",http://www.villagevoice.com/events/live-band-karaoke-563518/,Live Band Karaoke,157 Bleecker St.,New York,,,Kenny's Castaways,NY,
"05/15/2011, 05/22/2011, 04/03/2011, 04/10/2011, 03/20/2011, 03/13/2011, 03/06/2011, 02/27/2011, 03/27/2011, 04/17/2011, 04/24/2011, 05/01/2011, 05/08/2011",http://www.villagevoice.com/events/drinkland-drumnbass-sundays-155140/,Drinkland Drum'n'Bass Sundays,339 E. 10th St.,New York,,"With resident DJs I-Cue, Amadeus, and Paul C.</p>",Plan B,NY,
"3/12/2011, 4/9/2011, 5/14/2011",http://www.villagevoice.com/events/consignment-463525/,'Consignment',16 Main St.,Brooklyn,free,"With Broken Spurs, Dynasty Electric, and Fan-Tan.</p>",Galapagos Art Space,NY,
"03/05/2011, 05/21/2011, 05/14/2011, 05/07/2011, 04/30/2011, 04/23/2011, 04/16/2011, 04/09/2011, 04/02/2011, 03/26/2011, 03/19/2011, 03/12/2011",http://www.villagevoice.com/events/back-to-the-80s-show-1183594/,'Back to the '80s Show',285 W. Broadway,New York,$8,,Canal Room,NY,
"05/01/2011, 05/15/2011, 05/08/2011, 02/27/2011, 04/24/2011, 05/22/2011, 04/17/2011, 04/10/2011, 04/03/2011, 03/27/2011, 03/20/2011, 03/13/2011, 03/06/2011",http://www.villagevoice.com/events/bleecker-st-all-stars-martin-craig-510370/,Bleecker St. All-Stars+Martin Craig,151 Bleecker St.,New York,,,The Red Lion,NY,
"05/23/2011, 05/16/2011, 05/09/2011, 05/02/2011, 04/25/2011, 04/18/2011, 04/11/2011, 04/04/2011, 03/28/2011, 03/21/2011, 03/14/2011, 03/07/2011, 02/28/2011",http://www.villagevoice.com/events/monday-night-open-mic-673371/,'Monday Night Open Mic',157 Bleecker St.,New York,,Hosted by Bobby Kane.</p>,Kenny's Castaways,NY,
"03/28/2011, 03/21/2011, 03/14/2011, 03/07/2011, 02/28/2011, 05/16/2011, 04/11/2011, 04/18/2011, 04/25/2011, 05/02/2011, 05/09/2011, 05/23/2011, 04/04/2011",http://www.villagevoice.com/events/no-cover-monday-1397789/,'No Cover Monday',125 E. 11th St.,New York,free,,Webster Hall,NY,
"03/16/2011, 03/02/2011, 04/13/2011, 04/06/2011, 03/30/2011, 03/23/2011, 03/09/2011, 05/25/2011, 05/18/2011, 05/11/2011, 05/04/2011, 04/27/2011, 04/20/2011",http://www.villagevoice.com/events/in-the-basement-936749/,In the Basement,152 Orchard St.,New York,,,The Annex,NY,
"03/02/2011, 04/13/2011, 04/27/2011, 03/16/2011, 03/23/2011, 03/09/2011, 03/30/2011, 04/06/2011, 04/20/2011, 05/25/2011, 05/18/2011, 05/11/2011, 05/04/2011",http://www.villagevoice.com/events/fio-1589018/,Fio,157 Bleecker St.,New York,,,Kenny's Castaways,NY,
"03/08/2011, 03/01/2011, 05/24/2011, 04/12/2011, 04/19/2011, 04/26/2011, 05/03/2011, 05/10/2011, 05/17/2011, 04/05/2011, 03/29/2011, 03/22/2011, 03/15/2011",http://www.villagevoice.com/events/slavic-soul-party-155084/,'Slavic Soul Party',376 9th St.,Brooklyn,$10,"Slavic Soul Party are Eastern Europe's answer to the funk (and ""Grunt"") of the J.B.'s or, more recently, the Budos Band. On their recordings, and every Tuesday at Barb&egrave;s, the 10-person brass ensemble pins Gypsy melodies against the sort of jazzy r&b horn collages you hear in movies adapted from Elmore Leonard books. The best part, though, is how they interact with their audience at their concerts, sometimes breaking the fourth wall, and really making each word in their name&#151;especially the last&#151;pull its weight.</p>",Barbes,NY,http://vvoice.vo.llnwd.net/e12/4232102.47.jpg
03/05/2011,http://www.villagevoice.com/events/oleta-adams-2405989/,Oleta Adams,237 W. 42nd St.,New York,$30-$35,,B.B. King Blues Club & Grill,NY,
03/05/2011,http://www.villagevoice.com/events/meta-and-the-cornerstones-kevin-batchelor-2406294/,Meta & the Cornerstones+Kevin Batchelor,200 Hudson St.,New York,$12-$15,,92Y Tribeca,NY,
"03/30/2011, 03/16/2011, 03/09/2011, 03/02/2011, 03/23/2011, 05/25/2011, 05/18/2011, 05/11/2011, 05/04/2011, 04/27/2011, 04/20/2011, 04/13/2011, 04/06/2011",http://www.villagevoice.com/events/little-rickys-rib-shack-303647/,Little Ricky's Rib Shack,419 W. 13th St.,New York,$10,"DJ Rich Medina spins soul, hip-hop, Afrobeat, and jazz downstairs.</p>",APT,NY,
"03/14/2011, 03/21/2011, 03/28/2011, 04/04/2011, 04/11/2011, 04/18/2011, 04/25/2011, 05/02/2011, 05/09/2011, 05/16/2011, 05/23/2011, 03/07/2011, 02/28/2011",http://www.villagevoice.com/events/monday-night-soul-sessions-609878/,'Monday Night Soul Sessions',345 Grand St.,Brooklyn,,"Hosted by Chauncey Yearwood with Andy Cotton, Brian J, and more.</p>",Rose Live Music,NY,
03/04/2011,http://www.villagevoice.com/events/professor-louie-and-the-cromatix-2411726/,Professor Louie & the Cromatix,375 Third Ave.,New York,,,Rodeo Bar,NY,
"04/30/2011, 05/07/2011, 05/21/2011, 05/14/2011, 03/12/2011, 03/19/2011, 03/26/2011, 04/02/2011, 04/09/2011, 04/16/2011, 04/23/2011, 03/05/2011",http://www.villagevoice.com/events/open-mic-with-wayne-kral-and-rick-snyder-586090/,'Open Mic with Wayne Kral & Rick Snyder',700 E. 9th St.,New York,,,Banjo Jim's,NY,
"4/9/2011, 5/14/2011, 3/12/2011",http://www.villagevoice.com/events/downhome-live-389420/,'Downhome Live',700 E. 9th St.,New York,,,Banjo Jim's,NY,
"3/19/2011, 4/16/2011, 5/21/2011",http://www.villagevoice.com/events/strictly-bluegrass-615529/,'Strictly Bluegrass',700 E. 9th St.,New York,,,Banjo Jim's,NY,
"4/16/2011, 5/21/2011, 3/19/2011",http://www.villagevoice.com/events/latin-ny-now-445657/,'Latin NY Now',700 E. 9th St.,New York,,,Banjo Jim's,NY,
"03/30/2011, 05/18/2011, 05/25/2011, 04/06/2011, 05/11/2011, 05/04/2011, 04/27/2011, 04/20/2011, 04/13/2011, 03/02/2011, 03/09/2011, 03/16/2011, 03/23/2011",http://www.villagevoice.com/events/terry-waldo-515652/,Terry Waldo,700 E. 9th St.,New York,,,Banjo Jim's,NY,
"05/11/2011, 05/04/2011, 05/25/2011, 03/02/2011, 03/09/2011, 03/16/2011, 03/23/2011, 03/30/2011, 04/06/2011, 04/13/2011, 04/20/2011, 04/27/2011, 05/18/2011",http://www.villagevoice.com/events/roots-n-ruckus-418289/,'Roots N Ruckus',315 Columbia St.,Brooklyn,,,Jalopy Theatre,NY,
"05/15/2011, 05/08/2011, 05/01/2011, 04/24/2011, 04/17/2011, 04/10/2011, 04/03/2011, 03/27/2011, 03/20/2011, 03/13/2011, 03/06/2011, 02/27/2011, 05/22/2011",http://www.villagevoice.com/events/vicious-country-1576694/,'Vicious Country',375 Third Ave.,New York,,With Popa Chubby and Galea.</p>,Rodeo Bar,NY,
"05/18/2011, 05/25/2011, 05/11/2011, 05/04/2011, 04/27/2011, 04/20/2011, 04/13/2011, 04/06/2011, 03/30/2011, 03/23/2011, 03/16/2011, 03/09/2011, 03/02/2011",http://www.villagevoice.com/events/jason-blum-1056446/,Jason Blum,30 W. 26th St.,New York,free,,Hill Country Barbecue,NY,
03/05/2011,http://www.villagevoice.com/events/randy-newman-2411897/,Randy Newman,123 W. 43rd St.,New York,$59.50-$99.50,,Town Hall,NY,
03/20/2011,http://www.villagevoice.com/events/cornell-dupree-joe-cocker-dr-john-2434468/,Cornell Dupree+Joe Cocker+Dr. John,237 W. 42nd St.,New York,$125,,B.B. King Blues Club & Grill,NY,
03/21/2011,http://www.villagevoice.com/events/keyshia-cole-lloyd-2434471/,Keyshia Cole+Lloyd,237 W. 42nd St.,New York,$50,,B.B. King Blues Club & Grill,NY,
03/27/2011,http://www.villagevoice.com/events/naturally-7-2445168/,Naturally 7,431 W. 16th St.,New York,$22-$25,,Highline Ballroom,NY,
"03/20/2011, 03/21/2011, 03/19/2011, 03/18/2011",http://www.villagevoice.com/events/janet-jackson-2444893/,Janet Jackson,1260 Sixth Ave.,New York,$59.50-$250,,Radio City Music Hall,NY,
03/15/2011,http://www.villagevoice.com/events/rick-snell-hilary-hawke-solo-banjo-recital-2417589/,Rick Snell+Hilary Hawke Solo Banjo Recital,315 Columbia St.,Brooklyn,$10,,Jalopy Theatre,NY,
03/15/2011,http://www.villagevoice.com/events/matuto-2427771/,Matuto,375 Third Ave.,New York,,,Rodeo Bar,NY,
03/17/2011,http://www.villagevoice.com/events/hell-or-high-water-2444895/,Hell or High Water,375 Third Ave.,New York,,,Rodeo Bar,NY,
03/17/2011,http://www.villagevoice.com/events/bar-bq-bob-and-the-spareribs-2444894/,Bar BQ Bob & the Spareribs,375 Third Ave.,New York,,,Rodeo Bar,NY,
03/18/2011,http://www.villagevoice.com/events/madison-south-2444896/,Madison South,375 Third Ave.,New York,,,Rodeo Bar,NY,
03/16/2011,http://www.villagevoice.com/events/cuddle-magic-sleepy-very-sleepy-boy-without-god-2444962/,Cuddle Magic+Sleepy Very Sleepy+Boy Without God,702 Union St.,Brooklyn,$8,,Union Hall,NY,
03/19/2011,http://www.villagevoice.com/events/m-shanghai-string-band-allison-williams-and-thomas-bailey-2445251/,M Shanghai String Band+Allison Williams & Thomas Bailey,315 Columbia St.,Brooklyn,$10,,Jalopy Theatre,NY,
03/19/2011,http://www.villagevoice.com/events/barry-ryans-rockabilly-express-2444897/,Barry Ryan's Rockabilly Express,375 Third Ave.,New York,,,Rodeo Bar,NY,
03/20/2011,http://www.villagevoice.com/events/russian-red-and-tulsa-2439135/,Russian Red & Tulsa,425 Lafayette St.,New York,$15,,Joe's Pub,NY,
03/21/2011,http://www.villagevoice.com/events/the-sounds-2444619/,The Sounds,66 N. 6th St.,Brooklyn,sold out,,Music Hall of Williamsburg,NY,
03/20/2011,http://www.villagevoice.com/events/foghorn-string-band-the-dust-busters-2445252/,Foghorn String Band+the Dust Busters,315 Columbia St.,Brooklyn,$10,,Jalopy Theatre,NY,
03/20/2011,http://www.villagevoice.com/events/uncle-leon-and-the-alibis-2444898/,Uncle Leon & the Alibis,375 Third Ave.,New York,,,Rodeo Bar,NY,
03/22/2011,http://www.villagevoice.com/events/those-dancing-days-young-legionnaire-2440006/,Those Dancing Days+Young Legionnaire,217 E. Houston St.,New York,$10,,Mercury Lounge,NY,
03/21/2011,http://www.villagevoice.com/events/hilary-hawke-and-the-flipsides-2444899/,Hilary Hawke & the Flipsides,375 Third Ave.,New York,,,Rodeo Bar,NY,
03/22/2011,http://www.villagevoice.com/events/chris-berardo-and-the-desberardos-2444900/,Chris Berardo & the DesBerardos,375 Third Ave.,New York,,,Rodeo Bar,NY,
"03/16/2011, 03/20/2011, 03/19/2011, 03/18/2011, 03/17/2011",http://www.villagevoice.com/events/elton-john-2439315/,Elton John,Seventh Ave. & 32nd St.,New York,$36.50-$156.50,,Madison Square Garden,NY,
03/22/2011,http://www.villagevoice.com/events/jessy-carolina-and-the-hot-mess-2445259/,Jessy Carolina & the Hot Mess,315 Columbia St.,Brooklyn,$10,,Jalopy Theatre,NY,
"03/22/2011, 03/23/2011, 03/24/2011",http://www.villagevoice.com/events/nellie-mckay-2445049/,Nellie McKay,540 Park Ave.,New York,$71.86-$88.19,,Feinstein's at the Regency,NY,
03/24/2011,http://www.villagevoice.com/events/eden-and-johns-east-river-string-band-the-little-brothers-the-whiskey-spitters-2445260/,Eden & John's East River String Band+the Little Brothers+the Whiskey Spitters,315 Columbia St.,Brooklyn,$10,,Jalopy Theatre,NY,
03/25/2011,http://www.villagevoice.com/events/lichtmans-brain-cloud-howard-fishman-2445261/,Lichtman's Brain Cloud+Howard Fishman,315 Columbia St.,Brooklyn,$10,,Jalopy Theatre,NY,
"3/19/2011, 4/16/2011, 5/21/2011",http://www.villagevoice.com/events/strictly-bluegrass-615529/,'Strictly Bluegrass',700 E. 9th St.,New York,,,Banjo Jim's,NY,
"5/21/2011, 3/19/2011, 4/16/2011",http://www.villagevoice.com/events/latin-ny-now-445657/,'Latin NY Now',700 E. 9th St.,New York,,,Banjo Jim's,NY,
"05/11/2011, 03/16/2011, 03/30/2011, 04/06/2011, 04/13/2011, 04/20/2011, 04/27/2011, 03/23/2011, 06/15/2011, 06/08/2011, 06/01/2011, 05/25/2011, 05/18/2011, 05/04/2011",http://www.villagevoice.com/events/terry-waldo-515652/,Terry Waldo,700 E. 9th St.,New York,,,Banjo Jim's,NY,
"04/20/2011, 06/15/2011, 06/08/2011, 06/01/2011, 05/25/2011, 05/18/2011, 05/11/2011, 05/04/2011, 04/27/2011, 03/16/2011, 04/13/2011, 04/06/2011, 03/30/2011, 03/23/2011",http://www.villagevoice.com/events/roots-n-ruckus-418289/,'Roots N Ruckus',315 Columbia St.,Brooklyn,,,Jalopy Theatre,NY,
"03/26/2011, 04/23/2011, 04/16/2011, 04/09/2011, 04/02/2011, 03/19/2011, 06/11/2011, 06/04/2011, 05/28/2011, 05/21/2011, 05/14/2011, 05/07/2011, 04/30/2011",http://www.villagevoice.com/events/open-mic-with-wayne-kral-and-rick-snyder-586090/,'Open Mic with Wayne Kral & Rick Snyder',700 E. 9th St.,New York,,,Banjo Jim's,NY,
"03/20/2011, 04/03/2011, 05/08/2011, 04/24/2011, 05/01/2011, 05/22/2011, 05/29/2011, 06/05/2011, 06/12/2011, 04/17/2011, 04/10/2011, 05/15/2011, 03/27/2011",http://www.villagevoice.com/events/vicious-country-1576694/,'Vicious Country',375 Third Ave.,New York,,With Popa Chubby and Galea.</p>,Rodeo Bar,NY,
"05/23/2011, 06/06/2011, 06/13/2011, 05/16/2011, 03/21/2011, 05/30/2011, 03/28/2011, 04/04/2011, 04/11/2011, 04/18/2011, 04/25/2011, 05/02/2011, 05/09/2011",http://www.villagevoice.com/events/shayni-raes-truckstop-downtown-honkytonk-643079/,'Shayni Rae's Truckstop Downtown Honkytonk',159 E. Houston St.,New York,,"Featuring Kevn Kinney, Chris Masterson, and more.</p>",National Underground,NY,
"05/17/2011, 05/10/2011, 06/07/2011, 05/31/2011, 05/24/2011, 06/14/2011, 03/15/2011, 03/22/2011, 03/29/2011, 04/05/2011, 04/12/2011, 04/19/2011, 04/26/2011, 05/03/2011",http://www.villagevoice.com/events/rock-n-twang-live-band-karaoke-506804/,'Rock 'N' Twang Live Band Karaoke',30 W. 26th St.,New York,free,,Hill Country Barbecue,NY,
"03/16/2011, 05/04/2011, 04/27/2011, 04/20/2011, 04/13/2011, 04/06/2011, 03/30/2011, 03/23/2011, 06/15/2011, 06/08/2011, 06/01/2011, 05/25/2011, 05/18/2011, 05/11/2011",http://www.villagevoice.com/events/jason-blum-1056446/,Jason Blum,30 W. 26th St.,New York,free,,Hill Country Barbecue,NY,
"6/11/2011, 4/9/2011, 5/14/2011",http://www.villagevoice.com/events/downhome-live-389420/,'Downhome Live',700 E. 9th St.,New York,,,Banjo Jim's,NY,
03/21/2011,http://www.villagevoice.com/events/royksopp-2444990/,Royksopp,125 E. 11th St.,New York,$30-$35,"Playing a round of Canadian and East Coast dates in support of their 2010 release Senior, Norwegian electro duo Royksopp will likely amplify the relatively subdued, squish-tempo tones of that record in a room like Webster. Think of the bright plastic, injection-molded beats of 2009's Junior, say, or maybe those memories of when your European college buddy threw an impromptu glitter and Ajax party in the student union. Wear your Hypercolor.</p>",Webster Hall,NY,http://vvoice.vo.llnwd.net/e12/6089825.47.jpg
03/20/2011,http://www.villagevoice.com/events/royksopp-jon-hopkins-2444610/,Royksopp+Jon Hopkins,66 N. 6th St.,Brooklyn,sold out,,Music Hall of Williamsburg,NY,
03/22/2011,http://www.villagevoice.com/events/bill-nace-and-mv-carbon-2444936/,Bill Nace & MV Carbon,Avenue C at East 2nd Street,New York,$5,,The Stone,NY,
"04/29/2011, 05/06/2011, 03/18/2011, 03/25/2011, 04/01/2011, 04/08/2011, 04/15/2011, 04/22/2011, 05/13/2011, 05/20/2011, 05/27/2011, 06/03/2011, 06/10/2011",http://www.villagevoice.com/events/gospel-queens-of-brooklyn-1311233/,Gospel Queens of Brooklyn,75 Christopher St.,New York,,,Fat Cat,NY,
"05/22/2011, 05/29/2011, 06/05/2011, 06/12/2011, 04/03/2011, 03/27/2011, 03/20/2011, 05/15/2011, 05/08/2011, 05/01/2011, 04/24/2011, 04/17/2011, 04/10/2011",http://www.villagevoice.com/events/sunday-gospel-brunch-477797/,'Sunday Gospel Brunch',237 W. 42nd St.,New York,$40-$42.50,Featuring the Harlem Gospel Choir.</p>,B.B. King Blues Club & Grill,NY,
03/19/2011,http://www.villagevoice.com/events/belezanyc-2439277/,'BelezaNYC',158 Bleecker St.,New York,$5-$10,,(le) Poisson Rouge,NY,
03/17/2011,http://www.villagevoice.com/events/dub-trio-2439990/,Dub Trio,217 E. Houston St.,New York,$10,"Working simultaneously as crack session players, a go-to support act (for Matisyahu and others), and as their own ferociously expressive act, Brooklyn's Dub Trio has figured out their own way of hybridism in the 21st century. After the acclaim of 2008's Another Sound Is Dying, new material has been surfacing lately in the form of EPs. The format's brevity doesn't make the trio's metal-shop echo and clang any less formidable. With Heldin.</p>",Mercury Lounge,NY,http://vvoice.vo.llnwd.net/e12/6081377.47.jpg
03/22/2011,http://www.villagevoice.com/events/pedro-moraes-2439153/,Pedro Moraes,425 Lafayette St.,New York,$15,,Joe's Pub,NY,
"04/18/2011, 04/25/2011, 04/11/2011, 04/04/2011, 03/28/2011, 03/21/2011, 05/02/2011, 05/09/2011, 05/16/2011, 05/23/2011, 05/30/2011, 06/06/2011, 06/13/2011",http://www.villagevoice.com/events/jam-rock-with-squeeze-859057/,'Jam Rock with Squeeze',204 Varick St.,New York,,,S.O.B.'s,NY,
03/15/2011,http://www.villagevoice.com/events/gyorgy-ligeti-2422418/,Gyorgy Ligeti,158 Bleecker St.,New York,$15-$18,,(le) Poisson Rouge,NY,
03/27/2011,http://www.villagevoice.com/events/jack-quartet-2453265/,JACK Quartet,158 Bleecker St.,New York,$15,,(le) Poisson Rouge,NY,
03/29/2011,http://www.villagevoice.com/events/marino-formenti-2453301/,Marino Formenti,158 Bleecker St.,New York,$15,,(le) Poisson Rouge,NY,
03/15/2011,http://www.villagevoice.com/events/hungarian-echoes-i-esa-pekka-salonen-marino-formenti-2428334/,'Hungarian Echoes I: Esa-Pekka Salonen+Marino Formenti',20 W. 63rd St.,New York,$30-$115,,Avery Fisher Hall,NY,
03/17/2011,http://www.villagevoice.com/events/navegante-ski-beatz-and-the-senseis-2439253/,Navegante+Ski Beatz & the Senseis,158 Bleecker St.,New York,$10,,(le) Poisson Rouge,NY,
03/19/2011,http://www.villagevoice.com/events/anders-osborne-leroy-justice-2434593/,Anders Osborne+Leroy Justice,61 Wythe Ave.,Brooklyn,$10,,Brooklyn Bowl,NY,
03/22/2011,http://www.villagevoice.com/events/brooklyn-rundfunk-orkestrata-2445143/,Brooklyn Rundfunk Orkestrata,431 W. 16th St.,New York,$20-$25,,Highline Ballroom,NY,
03/17/2011,http://www.villagevoice.com/events/joan-la-barbara-2446608/,Joan La Barbara,46 Barrow St.,New York,$10-$15,"As though Auto-Tuned at birth, no singer does more unlikely things with her voice--including chordal emissions, ululations, and circular singing--than this venerable, modernist performer/composer. La Barbara will mark St. Patrick's Day with two James Joyce-inspired works by John Cage, ""The Wonderful Widow of Eighteen Springs"" and ""Nowth Upon Nacht."" She'll also perform Morton Feldman's tiniest composition, ""Only,"" as well as ""Gatekeeper"" for ""amplified voice and sonic atmosphere"" from her opera-in-progress inspired by Virginia Woolf and Joseph Cornell.</p>",Greenwich House Music School,NY,http://vvoice.vo.llnwd.net/e12/6081351.47.jpg
03/16/2011,http://www.villagevoice.com/events/this-ambitious-orchestra-and-corn-mo-2439987/,This Ambitious Orchestra & Corn Mo,217 E. Houston St.,New York,$10,,Mercury Lounge,NY,
03/16/2011,http://www.villagevoice.com/events/noveller-2444922/,Noveller,Avenue C at East 2nd Street,New York,$10,,The Stone,NY,
03/16/2011,http://www.villagevoice.com/events/todd-reynolds-2445239/,Todd Reynolds,232 3rd St.,Brooklyn,$8-$20,,Issue Project Room,NY,
03/16/2011,http://www.villagevoice.com/events/doveman-the-burgundy-stain-sessions-2439222/,'Doveman: The Burgundy Stain Sessions',158 Bleecker St.,New York,$15,,(le) Poisson Rouge,NY,
03/16/2011,http://www.villagevoice.com/events/carlos-giffoni-and-spencer-yeh-duo-2444923/,Carlos Giffoni & Spencer Yeh Duo,Avenue C at East 2nd Street,New York,$10,,The Stone,NY,
03/17/2011,http://www.villagevoice.com/events/david-linton-2444928/,David Linton,Avenue C at East 2nd Street,New York,$10,,The Stone,NY,
03/17/2011,http://www.villagevoice.com/events/ben-vida-2445240/,Ben Vida,232 3rd St.,Brooklyn,,,Issue Project Room,NY,
03/17/2011,http://www.villagevoice.com/events/david-watson-and-ignaz-schick-2444929/,David Watson & Ignaz Schick,Avenue C at East 2nd Street,New York,$10,,The Stone,NY,
03/18/2011,http://www.villagevoice.com/events/chris-forsyth-and-the-paranoid-cat-band-suzanne-langille-2445242/,Chris Forsyth & the Paranoid Cat Band+Suzanne Langille,232 3rd St.,Brooklyn,$10,,Issue Project Room,NY,
03/19/2011,http://www.villagevoice.com/events/james-ilgenfritz-2445247/,James Ilgenfritz,232 3rd St.,Brooklyn,free,,Issue Project Room,NY,
03/20/2011,http://www.villagevoice.com/events/metal-mountains-2444934/,Metal Mountains,Avenue C at East 2nd Street,New York,$5,,The Stone,NY,
03/20/2011,http://www.villagevoice.com/events/sanaton-2444935/,Sanaton,Avenue C at East 2nd Street,New York,$10,,The Stone,NY,
03/22/2011,http://www.villagevoice.com/events/andrea-parkins-2444937/,Andrea Parkins,Avenue C at East 2nd Street,New York,$10,,The Stone,NY,
03/25/2011,http://www.villagevoice.com/events/life-in-a-blender-2453112/,Life in a Blender,425 Lafayette St.,New York,$15,,Joe's Pub,NY,
03/29/2011,http://www.villagevoice.com/events/frank-bretschneider-yannick-franck-2445249/,Frank Bretschneider+Yannick Franck,232 3rd St.,Brooklyn,$15,,Issue Project Room,NY,
03/17/2011,http://www.villagevoice.com/events/murphys-law-the-krays-polyabuse-2444942/,Murphy's Law+the Krays+Polyabuse,256 Grand St.,Brooklyn,$12,,The Trash Bar,NY,
"03/29/2011, 04/19/2011, 05/31/2011, 06/07/2011, 06/14/2011, 04/05/2011, 04/12/2011, 03/22/2011, 04/26/2011, 05/03/2011, 05/10/2011, 05/17/2011, 05/24/2011",http://www.villagevoice.com/events/slavic-soul-party-155084/,'Slavic Soul Party',376 9th St.,Brooklyn,$10,"Slavic Soul Party are Eastern Europe's answer to the funk (and ""Grunt"") of the J.B.'s or, more recently, the Budos Band. On their recordings, and every Tuesday at Barb&egrave;s, the 10-person brass ensemble pins Gypsy melodies against the sort of jazzy r&b horn collages you hear in movies adapted from Elmore Leonard books. The best part, though, is how they interact with their audience at their concerts, sometimes breaking the fourth wall, and really making each word in their name&#151;especially the last&#151;pull its weight.</p>",Barbes,NY,http://vvoice.vo.llnwd.net/e12/4232102.47.jpg
03/17/2011,http://www.villagevoice.com/events/chocolate-genius-and-toshi-reagon-2439227/,Chocolate Genius & Toshi Reagon,158 Bleecker St.,New York,$15-$18,,(le) Poisson Rouge,NY,
"03/21/2011, 05/09/2011, 05/02/2011, 04/25/2011, 04/18/2011, 04/11/2011, 06/13/2011, 05/23/2011, 05/30/2011, 06/06/2011, 04/04/2011, 03/28/2011, 05/16/2011",http://www.villagevoice.com/events/monday-night-soul-sessions-609878/,'Monday Night Soul Sessions',345 Grand St.,Brooklyn,,"Hosted by Chauncey Yearwood with Andy Cotton, Brian J, and more.</p>",Rose Live Music,NY,
"05/04/2011, 03/23/2011, 03/30/2011, 04/06/2011, 04/13/2011, 04/20/2011, 05/11/2011, 05/18/2011, 05/25/2011, 06/01/2011, 06/08/2011, 06/15/2011, 04/27/2011",http://www.villagevoice.com/events/little-rickys-rib-shack-303647/,Little Ricky's Rib Shack,419 W. 13th St.,New York,$10,"DJ Rich Medina spins soul, hip-hop, Afrobeat, and jazz downstairs.</p>",APT,NY,
03/18/2011,http://www.villagevoice.com/events/i-miss-real-hip-hop-2444911/,'I Miss Real Hip Hop',125 Fifth Ave.,Brooklyn,$10,,Southpaw,NY,
03/18/2011,http://www.villagevoice.com/events/dujeous-plastiq-passion-the-bright-white-2439992/,Dujeous+Plastiq Passion+the Bright White,217 E. Houston St.,New York,$10,,Mercury Lounge,NY,
03/22/2011,http://www.villagevoice.com/events/hot-97s-official-xxl-2011-freshman-live-concert-2434472/,'Hot 97's Official XXL 2011 Freshman Live Concert',237 W. 42nd St.,New York,$15-$20,,B.B. King Blues Club & Grill,NY,
03/22/2011,http://www.villagevoice.com/events/pharoahe-monch-2444883/,Pharoahe Monch,70 North 6th St.,Brooklyn,,,Public Assembly,NY,
03/25/2011,http://www.villagevoice.com/events/mos-def-ruby-dee-guy-davis-2445164/,Mos Def+Ruby Dee+Guy Davis,431 W. 16th St.,New York,$35,,Highline Ballroom,NY,
03/27/2011,http://www.villagevoice.com/events/lil-wayne-2453708/,Lil Wayne,1255 Hempstead Tpke,Uniondale,$55-$125,,Nassau Veterans Memorial Coliseum,NY,
"4/2/2011, 6/4/2011, 5/7/2011",http://www.villagevoice.com/events/the-rub-859090/,The Rub,125 Fifth Ave.,Brooklyn,,"Hip-hop dance party with DJs Cosmo Baker, Ayres & Eleven.</p>",Southpaw,NY,
"03/17/2011, 06/09/2011, 06/16/2011, 05/26/2011, 06/02/2011, 05/19/2011, 05/12/2011, 05/05/2011, 04/28/2011, 04/21/2011, 04/14/2011, 04/07/2011, 03/31/2011, 03/24/2011",http://www.villagevoice.com/events/brooklyn-freestyle-sessions-219119/,'Brooklyn Freestyle Sessions',345 Grand St.,Brooklyn,,Live jazz/funk/Afro-dub soul jam sessions with Mobius Collective and rotating guests.</p>,Rose Live Music,NY,
03/18/2011,http://www.villagevoice.com/events/crystal-castles-2444938/,Crystal Castles,610 W. 56th St.,New York,sold out,"We'd be glad to write off Crystal Castles as neon-hoodie-scene succubi, but their second eponymous record was just too sharp, too similar to lucid dreaming. Their newly evolved sonic distortion and blissful melancholia has cemented them as the band too good to hate. Tonight's show at Terminal 5 is sold out, don't you know, so take pleasure in the mysterious chemistry of Ethan Kath and Alice Glass as they scream and discombobulate to their hearts' content. With Teengirl Fantasy.</p>",Terminal 5,NY,http://vvoice.vo.llnwd.net/e12/6081411.47.jpg
03/21/2011,http://www.villagevoice.com/events/british-sea-power-2439981/,British Sea Power,1039 Washington St.,Hoboken,$15,"After over a decade in existence, it looks like this sweeping, dynamic indie band is finally coming into its own.  2007's Krankenhaus? first suggested that they were hitting their stride and now their new album, Valhalla Dancehall, seems like an early contender for album of their year. The Brighton band seems hungry for bigger venues with this bigger sound--though given their history of bad luck with stage diving, hopefully they've learned their lesson about crowd interaction. With A Classic Education.</p>",Maxwell's,NJ,http://vvoice.vo.llnwd.net/e12/6089779.47.jpg
03/22/2011,http://www.villagevoice.com/events/mike-gordon-2434599/,Mike Gordon,61 Wythe Ave.,Brooklyn,sold out,"Anyone's who's ever naively compared Phish's sound to that of the Grateful Dead will find ample evidence in Phish bassist Mike Gordon's solo group. Which isn't to say it's anything less than one of the more deliciously exploratory, viscerally lava lamp-like, and often quite eccentric exemplars of the shrinking jamband subgenre. And if you've ever wondered what Manhattan hippie haven Wetlands sounded (and, perhaps, even smelled) like ""back in the day,"" check out Gordon's two-night stand here and testify, child.</p>",Brooklyn Bowl,NY,http://vvoice.vo.llnwd.net/e12/6090235.47.jpg
03/17/2011,http://www.villagevoice.com/events/the-pogues-2428054/,The Pogues,610 W. 56th St.,New York,$65-$70,"The Pogues return to the U.S., playing three nights in honor of St. Patrick's Day.</p>",Terminal 5,NY,http://vvoice.vo.llnwd.net/e12/6052034.47.jpg
"04/24/2011, 03/20/2011, 03/27/2011, 04/03/2011, 04/10/2011, 04/17/2011, 05/01/2011, 05/08/2011, 05/15/2011, 05/22/2011, 05/29/2011, 06/05/2011, 06/12/2011",http://www.villagevoice.com/events/the-scratcher-sessions-643055/,'The Scratcher Sessions',209 E. 5th St.,New York,,The Voice staff's home away from home features solid singer-songwriter acts every Sunday. Solo acts and duos only; seek thy massive klezmer dance parties elsewhere. This week: John Ladeau.</p>,Scratcher,NY,http://vvoice.vo.llnwd.net/e12/5995429.47.jpg
03/17/2011,http://www.villagevoice.com/events/jamesons-revenge-shilelagh-law-2434647/,Jameson's Revenge+Shilelagh Law,121 W. 45th St.,New York,,,Connolly's Pub,NY,
03/17/2011,http://www.villagevoice.com/events/kirk-kellys-east-village-paddys-day-bash-2444973/,'Kirk Kelly's East Village Paddy's Day Bash',125 E. 11th St.,New York,$7-$10,,Webster Hall,NY,
03/17/2011,http://www.villagevoice.com/events/the-addicts-2445078/,The Addicts,11 W. 53rd St.,New York,$23,,Gramercy Theater,NY,
03/17/2011,http://www.villagevoice.com/events/black-47-lia-fail-pipe-band-2434459/,Black 47+Lia Fail Pipe Band,237 W. 42nd St.,New York,$25-$30,,B.B. King Blues Club & Grill,NY,
03/17/2011,http://www.villagevoice.com/events/mad-wow-jeff-beam-preservation-society-my-uncle-wolf-2444915/,Mad Wow+Jeff Beam Preservation Society+My Uncle Wolf,214 Sullivan St.,New York,$10,,Sullivan Hall,NY,
03/17/2011,http://www.villagevoice.com/events/saint-patricks-day-for-sinners-2434498/,'Saint Patrick's Day for Sinners',149 7th St.,Brooklyn,$10,,Bell House,NY,
03/17/2011,http://www.villagevoice.com/events/battle-ave-tea-club-da-comrade-ursa-major--2445040/,"Battle Ave Tea Club+Da Comrade!+Ursa Major,",289 Kent Ave.,Brooklyn,$7,,Glasslands Gallery,NY,
03/17/2011,http://www.villagevoice.com/events/diamond-doves-the-woes-max-silvestri-2445101/,Diamond Doves the Woes+Max Silvestri,249 4th Avenue,Brooklyn,$10,,The Rock Shop,NY,
03/17/2011,http://www.villagevoice.com/events/good-omens-tood-is-each-new-moment-small-devices-2445061/,Good Omens+Tood is Each New Moment+Small Devices,245 Grand Street,Brooklyn,$6,,Bruar Falls,NY,
03/17/2011,http://www.villagevoice.com/events/marching-teeth-fake-hooker-parakeets-2434617/,Marching Teeth+Fake Hooker+Parakeets,152 Ludlow St.,New York,$8,,Cake Shop,NY,
03/17/2011,http://www.villagevoice.com/events/mayor-west-the-body-electric-detournement-2439976/,MayOr West+the Body Electric+Detournement,1039 Washington St.,Hoboken,$8,,Maxwell's,NJ,
03/17/2011,http://www.villagevoice.com/events/the-ravers-frisky-billionaires-grant-damon-2445047/,The Ravers+Frisky Billionaires+Grant Damon,105 Eldridge St.,New York,$7,,Fontana's,NY,
03/17/2011,http://www.villagevoice.com/events/the-thang-the-hollows-swear-and-shake-2445086/,The Thang+the Hollows+Swear & Shake,184-6 Bedford Ave.,Brooklyn,,,Spike Hill,NY,
03/17/2011,http://www.villagevoice.com/events/cal-folger-day-robbie-gil-jason-anderson-2444855/,Cal Folger Day+Robbie Gil+Jason Anderson,709 Lorimer St.,Brooklyn,,,Pete's Candy Store,NY,
03/17/2011,http://www.villagevoice.com/events/dirtbag-charlie-clearview-2439288/,Dirtbag Charlie+Clearview,93 Second Ave.,New York,$6,,Lit Lounge,NY,
03/17/2011,http://www.villagevoice.com/events/esque-face-control-revival-times-2444999/,Esque+Face Control+Revival Times,49 S. 2nd St.,Brooklyn,$7,,Death By Audio,NY,
03/17/2011,http://www.villagevoice.com/events/neil-hamburger-2445074/,Neil Hamburger,361 Metropolitan Ave.,Brooklyn,$12-$14,,Knitting Factory,NY,
03/17/2011,http://www.villagevoice.com/events/vulgaras-the-attic-ends-echo-kings-2439988/,Vulgaras+the Attic Ends+Echo Kings,217 E. Houston St.,New York,$10,,Mercury Lounge,NY,
03/17/2011,http://www.villagevoice.com/events/the-beauties-corrupt-autopilot-2444874/,The Beauties+Corrupt Autopilot,158 Ludlow St.,New York,$8,,Pianos,NY,
03/17/2011,http://www.villagevoice.com/events/the-dead-kenny-gs-sex-mob-2434591/,The Dead Kenny G's+Sex Mob,61 Wythe Ave.,Brooklyn,$5-$8,,Brooklyn Bowl,NY,
03/18/2011,http://www.villagevoice.com/events/dr-acula-the-judas-syndrome-scare-dont-fear-2434681/,Dr. Acula+the Judas Syndrome+Scare Don't Fear,98-104 Meserole Ave.,Brooklyn,$10,,Europa Night Club,NY,
03/18/2011,http://www.villagevoice.com/events/norma-jean-2445080/,Norma Jean,127 E. 23rd St.,New York,$16,,Gramercy Theater,NY,
03/18/2011,http://www.villagevoice.com/events/ellis-ashbrook-jason-yudoff-and-the-new-hotness-la-sera-2444901/,Ellis Ashbrook+Jason Yudoff & the New Hotness+La Sera,100 Lafayette St.,New York,$10,,Santos' Party House,NY,
03/18/2011,http://www.villagevoice.com/events/crush-of-empires-the-swear-and-shake-2434431/,Crush of Empires+the Swear & Shake,95 Stanton St.,New York,,,Arlene's Grocery,NY,
03/18/2011,http://www.villagevoice.com/events/dog-soldier-society-redlight-cinema-hoodless-2444978/,Dog Soldier Society+Redlight Cinema+Hoodless,125 E. 11th St.,New York,$10-$12,,Webster Hall,NY,
03/18/2011,http://www.villagevoice.com/events/the-stairwells-big-phony-blueberry-2439303/,The Stairwells+Big Phony+Blueberry,154 Ludlow St.,New York,,,Living Room,NY,
03/18/2011,http://www.villagevoice.com/events/mr-breakdown-montague-terrace-council-2444916/,Mr. Breakdown+Montague Terrace+Council,214 Sullivan St.,New York,$10,,Sullivan Hall,NY,
03/18/2011,http://www.villagevoice.com/events/pui-sweet-fix-the-august-infinity-2445140/,PUi+Sweet Fix+the August Infinity,431 W. 16th St.,New York,$12-$15,,Highline Ballroom,NY,
03/18/2011,http://www.villagevoice.com/events/the-statesmen-erik-deutsch-band-2434530/,The Statesmen+Erik Deutsch Band,327 Bowery,New York,,,Bowery Electric,NY,
03/18/2011,http://www.villagevoice.com/events/winter-gloves-young-galaxy-2439993/,Winter Gloves+Young Galaxy,217 E. Houston St.,New York,$10,,Mercury Lounge,NY,
03/18/2011,http://www.villagevoice.com/events/black-wine-pregnant-brick-mower-2434618/,Black Wine+Pregnant+Brick Mower,152 Ludlow St.,New York,$7,,Cake Shop,NY,
03/18/2011,http://www.villagevoice.com/events/the-heavy-pets-fever-train-2434592/,The Heavy Pets+Fever Train,61 Wythe Ave.,Brooklyn,$5,,Brooklyn Bowl,NY,
03/18/2011,http://www.villagevoice.com/events/kidding-on-the-square-yankee-bang-bang-field-theory-2445102/,Kidding on the Square+Yankee Bang Bang+Field Theory,249 4th Avenue,Brooklyn,$7,,The Rock Shop,NY,
03/18/2011,http://www.villagevoice.com/events/rebecca-perl-mister-loom-2445050/,Rebecca Perl+Mister Loom,105 Eldridge St.,New York,$8,,Fontana's,NY,
03/18/2011,http://www.villagevoice.com/events/sea-of-dogs-noisekids-big-soda-2445062/,Sea of Dogs+NoiseKids+Big Soda,245 Grand Street,Brooklyn,$6,,Bruar Falls,NY,
03/18/2011,http://www.villagevoice.com/events/starving-the-tsunami-zula-gung-ho-2444943/,Starving the Tsunami+Zula+Gung Ho,256 Grand St.,Brooklyn,$8,,The Trash Bar,NY,
03/18/2011,http://www.villagevoice.com/events/let-me-run-the-wait-jaguar-shark-2439977/,Let Me Run+the Wait+Jaguar Shark,1039 Washington St.,Hoboken,$8,,Maxwell's,NJ,
03/18/2011,http://www.villagevoice.com/events/beacon-the-stalkers-nt-2445041/,Beacon+the Stalkers+NT,289 Kent Ave.,Brooklyn,$7,,Glasslands Gallery,NY,
03/18/2011,http://www.villagevoice.com/events/ink-bleeds-through-sneaky-castro-2439289/,Ink Bleeds Through+Sneaky Castro,93 Second Ave.,New York,$6,,Lit Lounge,NY,
03/18/2011,http://www.villagevoice.com/events/walter-lukens-jason-loughlin-glenn-yoder-2444856/,Walter Lukens+Jason Loughlin+Glenn Yoder,709 Lorimer St.,Brooklyn,free,,Pete's Candy Store,NY,
03/18/2011,http://www.villagevoice.com/events/invisible-allies-2444875/,Invisible Allies,158 Ludlow St.,New York,$15,,Pianos,NY,
03/19/2011,http://www.villagevoice.com/events/no-mercy-metal-2434682/,No Mercy Metal,98-104 Meserole Ave.,Brooklyn,$10,,Europa Night Club,NY,
03/19/2011,http://www.villagevoice.com/events/cky-2445081/,CKY,127 E. 23rd St.,New York,$20,,Gramercy Theater,NY,
03/19/2011,http://www.villagevoice.com/events/stateside-airismine-belladonna-2444984/,Stateside+Airismine+Belladonna,125 E. 11th St.,New York,$10,,Webster Hall,NY,
03/19/2011,http://www.villagevoice.com/events/jay-banerjee-shakedown-at-the-majestic-mighty-fine-2445051/,Jay Banerjee+Shakedown at the Majestic+Mighty Fine,105 Eldridge St.,New York,$8,,Fontana's,NY,
03/19/2011,http://www.villagevoice.com/events/the-f-units-le-mood-wisegirl-2434531/,The F-Units+Le Mood+Wisegirl,327 Bowery,New York,,,Bowery Electric,NY,
03/19/2011,http://www.villagevoice.com/events/fatty-acid-space-ghost-cowboys-the-brooklyn-what-2444944/,Fatty Acid+Space Ghost Cowboys+the Brooklyn What,256 Grand St.,Brooklyn,$8,,The Trash Bar,NY,
03/19/2011,http://www.villagevoice.com/events/folklore-borrowed-eyes-sleeping-bag-2445063/,Folklore+Borrowed Eyes+Sleeping Bag,245 Grand Street,Brooklyn,$8,,Bruar Falls,NY,
03/19/2011,http://www.villagevoice.com/events/monuments-the-national-rifle-my-pet-dragon-2434619/,Monuments+the National Rifle+My Pet Dragon,152 Ludlow St.,New York,$8,,Cake Shop,NY,
03/19/2011,http://www.villagevoice.com/events/matt-pond-rocky-votolato-2434584/,Matt Pond+Rocky Votolato,6 Delancey St.,New York,$15,,Bowery Ballroom,NY,
03/19/2011,http://www.villagevoice.com/events/quiet-loudly-28-degrees-taurus-telenovelas-2444876/,Quiet Loudly+28 Degrees Taurus+Telenovelas,158 Ludlow St.,New York,$10,,Pianos,NY,
03/19/2011,http://www.villagevoice.com/events/scarlet-fever-east-2439978/,'Scarlet Fever East',1039 Washington St.,Hoboken,,,Maxwell's,NJ,
03/19/2011,http://www.villagevoice.com/events/st-patricks-day-celebration-2445103/,'St. Patrick's Day Celebration',249 4th Avenue,Brooklyn,$7,,The Rock Shop,NY,
03/19/2011,http://www.villagevoice.com/events/tallahassee-last-good-tooth-hinkley-2444967/,Tallahassee+Last Good Tooth+Hinkley,702 Union St.,Brooklyn,$7,,Union Hall,NY,
03/19/2011,http://www.villagevoice.com/events/vanilla-fudge-funky-knights-2434467/,Vanilla Fudge+Funky Knights,237 W. 42nd St.,New York,$30-$35,,B.B. King Blues Club & Grill,NY,
03/19/2011,http://www.villagevoice.com/events/roadside-graves-natureboy-gunfight--2445042/,Roadside Graves+Natureboy+GunFight!,289 Kent Ave.,Brooklyn,$8,,Glasslands Gallery,NY,
03/19/2011,http://www.villagevoice.com/events/ghxst-black-hearted-diamond-boy-blissed-out-2444903/,Ghxst+Black Hearted Diamond Boy+Blissed Out,100 Lafayette St.,New York,free-$5,,Santos' Party House,NY,
03/19/2011,http://www.villagevoice.com/events/manner-to-the-wedding-2439290/,Manner+To the Wedding,93 Second Ave.,New York,$6,,Lit Lounge,NY,
03/19/2011,http://www.villagevoice.com/events/the-men-hank-wood-and-the-hammerheads-partial-people-2445000/,The Men+Hank Wood & the Hammerheads+Partial People,49 S. 2nd St.,Brooklyn,$7,,Death By Audio,NY,
03/19/2011,http://www.villagevoice.com/events/the-nouvellas-the-waivers-lead-stones-2445098/,The Nouvellas+the Waivers+Lead Stones,484 Union Ave.,Brooklyn,,,Union Pool,NY,
03/19/2011,http://www.villagevoice.com/events/salem-lil-ugly-mane-2444902/,Salem+Lil' Ugly Mane,100 Lafayette St.,New York,$15,,Santos' Party House,NY,
03/19/2011,http://www.villagevoice.com/events/young-galaxy-winter-gloves-peephole-2445077/,Young Galaxy+Winter Gloves+Peephole,361 Metropolitan Ave.,Brooklyn,$10,,Knitting Factory,NY,
03/19/2011,http://www.villagevoice.com/events/schism-facelift-2439994/,Schism+Facelift,217 E. Houston St.,New York,$15,Tributes to Tool and Alice in Chains.</p>,Mercury Lounge,NY,
03/19/2011,http://www.villagevoice.com/events/the-pimps-of-joytime-dj-concerned-2434595/,The Pimps of Joytime+DJ Concerned,61 Wythe Ave.,Brooklyn,$8,,Brooklyn Bowl,NY,
03/20/2011,http://www.villagevoice.com/events/malignancy-ambient-death-humanity-falls-2434532/,Malignancy+Ambient Death+Humanity Falls,327 Bowery,New York,,,Bowery Electric,NY,
03/20/2011,http://www.villagevoice.com/events/admiral-fallow-numbers-and-letters-barefoot-walking-2439996/,Admiral Fallow+Numbers & Letters+Barefoot Walking,217 E. Houston St.,New York,$10,,Mercury Lounge,NY,
03/20/2011,http://www.villagevoice.com/events/japan-nite-lolita-no-18-mosome-tonebender-2434585/,'Japan Nite: Lolita No. 18+Mo'Some Tonebender',6 Delancey St.,New York,$13-$15,,Bowery Ballroom,NY,
03/20/2011,http://www.villagevoice.com/events/dm3-the-insomniacs-the-chevelles-2439980/,DM3+the Insomniacs+the Chevelles,1039 Washington St.,Hoboken,$10,,Maxwell's,NJ,
03/20/2011,http://www.villagevoice.com/events/las-robertas-german-measles-mainland-fever-2445043/,Las Robertas+German Measles+Mainland Fever,289 Kent Ave.,Brooklyn,$8-$10,,Glasslands Gallery,NY,
03/20/2011,http://www.villagevoice.com/events/april-smith-and-the-great-picture-show-2434596/,April Smith & the Great Picture Show,61 Wythe Ave.,Brooklyn,free,,Brooklyn Bowl,NY,
03/20/2011,http://www.villagevoice.com/events/juan-wauters-b-shropshire-teardrops-2445064/,Juan Wauters+B. Shropshire+Teardrops,245 Grand Street,Brooklyn,$6,,Bruar Falls,NY,
03/20/2011,http://www.villagevoice.com/events/johanna-samuels-john-witherow-the-go-round-2444858/,Johanna Samuels+John Witherow+the Go Round,709 Lorimer St.,Brooklyn,free,,Pete's Candy Store,NY,
03/20/2011,http://www.villagevoice.com/events/skeletons-nautical-almanac-bereangere-maximin-and-chuck-bettis-2445005/,Skeletons+Nautical Almanac+Bereangere Maximin & Chuck Bettis,49 S. 2nd St.,Brooklyn,$7,,Death By Audio,NY,
03/20/2011,http://www.villagevoice.com/events/mikey-jarrett-peter-ranks-rob-symeonn-2444921/,Mikey Jarrett+Peter Ranks+Rob Symeonn,214 Sullivan St.,New York,$10,,Sullivan Hall,NY,
03/21/2011,http://www.villagevoice.com/events/frankie-and-the-heartstrings-2439999/,Frankie & the Heartstrings,217 E. Houston St.,New York,$10,,Mercury Lounge,NY,
03/21/2011,http://www.villagevoice.com/events/majorleans-dust-office-old-monk-2444877/,Majorleans+Dust Office+Old Monk,158 Ludlow St.,New York,$8,,Pianos,NY,
03/21/2011,http://www.villagevoice.com/events/the-river-james-reni-lane-2434533/,The River James+Reni Lane,327 Bowery,New York,,,Bowery Electric,NY,
03/21/2011,http://www.villagevoice.com/events/street-chant-2434620/,Street Chant,152 Ludlow St.,New York,$6,,Cake Shop,NY,
03/21/2011,http://www.villagevoice.com/events/cut-your-teeth-2439291/,Cut Your Teeth,93 Second Ave.,New York,$6,,Lit Lounge,NY,
03/21/2011,http://www.villagevoice.com/events/the-london-souls-jump-into-the-gospel-zongo-junction-2434598/,The London Souls+Jump Into the Gospel+Zongo Junction,61 Wythe Ave.,Brooklyn,$5,,Brooklyn Bowl,NY,
03/21/2011,http://www.villagevoice.com/events/praha-depart-the-taste-2445070/,Praha Depart+the Taste,105 Eldridge St.,New York,$5,,Fontana's,NY,
03/22/2011,http://www.villagevoice.com/events/aunt-martha-jason-crosby-the-lumineers-2439306/,Aunt Martha+Jason Crosby+the Lumineers,154 Ludlow St.,New York,,,Living Room,NY,
03/22/2011,http://www.villagevoice.com/events/cold-2445083/,Cold,127 E. 23rd St.,New York,$18,,Gramercy Theater,NY,
03/22/2011,http://www.villagevoice.com/events/return-to-mono-the-assembly-line-makeshift-lullaby-2434534/,Return to Mono+the Assembly Line+Makeshift Lullaby,327 Bowery,New York,,,Bowery Electric,NY,
03/22/2011,http://www.villagevoice.com/events/atlantic-pacific-marc-pinansky-2445104/,Atlantic+Pacific+Marc Pinansky,249 4th Avenue,Brooklyn,$10,,The Rock Shop,NY,
03/22/2011,http://www.villagevoice.com/events/cheval-sombre-jump-into-the-gospel-polock-2444878/,Cheval Sombre+Jump into the Gospel+Polock,158 Ludlow St.,New York,$8,,Pianos,NY,
03/22/2011,http://www.villagevoice.com/events/johanna-and-the-dusty-floor-visualizations-2444860/,Johanna & the Dusty Floor+Visualizations,709 Lorimer St.,Brooklyn,free,,Pete's Candy Store,NY,
03/22/2011,http://www.villagevoice.com/events/starscream-fiasco-george-and-jonathan-2444991/,Starscream+Fiasco+George & Jonathan,125 E. 11th St.,New York,$7-$10,,Webster Hall,NY,
03/22/2011,http://www.villagevoice.com/events/william-tyler-d-charles-speer-2445065/,William Tyler+D. Charles Speer,245 Grand Street,Brooklyn,$8,,Bruar Falls,NY,
03/22/2011,http://www.villagevoice.com/events/british-sea-power-a-classic-education-eamon-hamilton-2444628/,British Sea Power+A Classic Education+Eamon Hamilton,66 N. 6th St.,Brooklyn,$15,,Music Hall of Williamsburg,NY,
03/22/2011,http://www.villagevoice.com/events/c-spencer-yeh-and-ben-hall-wally-shoup-goblin-war-trio-2445100/,C.Spencer Yeh & Ben Hall+Wally Shoup+Goblin War Trio,484 Union Ave.,Brooklyn,,,Union Pool,NY,
03/22/2011,http://www.villagevoice.com/events/dead-north-baby-erection-ritz-riot-2445006/,Dead North+Baby Erection+Ritz Riot,49 S. 2nd St.,Brooklyn,$7,,Death By Audio,NY,
03/22/2011,http://www.villagevoice.com/events/nick-johnson-project-2439296/,Nick Johnson Project,93 Second Ave.,New York,$6,,Lit Lounge,NY,
03/22/2011,http://www.villagevoice.com/events/soft-city-my-little-pony-2434621/,Soft City+My Little Pony,152 Ludlow St.,New York,$7,,Cake Shop,NY,
03/22/2011,http://www.villagevoice.com/events/the-hours-the-sheepdogs-2440000/,The Hours+the Sheepdogs,217 E. Houston St.,New York,$10,,Mercury Lounge,NY,
03/23/2011,http://www.villagevoice.com/events/travie-mccoy-2445084/,Travie McCoy,127 E. 23rd St.,New York,$19,,Gramercy Theater,NY,
03/23/2011,http://www.villagevoice.com/events/brother-devin-therriault-2453554/,Brother+Devin Therriault,217 E. Houston St.,New York,$10,,Mercury Lounge,NY,
03/23/2011,http://www.villagevoice.com/events/commander-cody-chaz-depaolo-mcmule-2434473/,Commander Cody+Chaz Depaolo+McMule,237 W. 42nd St.,New York,$20-$25,,B.B. King Blues Club & Grill,NY,
03/23/2011,http://www.villagevoice.com/events/zemaria-sweet-jane-vampillia-2453785/,Zemaria+Sweet Jane+Vampillia,158 Ludlow St.,New York,$8,,Pianos,NY,
03/23/2011,http://www.villagevoice.com/events/ian-overa-and-the-sleepwalkers-mcgowan-and-sugarwolf-gladshot-2434535/,Ian Overa & the Sleepwalkers+McGowan & Sugarwolf+Gladshot,327 Bowery,New York,,,Bowery Electric,NY,
03/23/2011,http://www.villagevoice.com/events/richard-ashcroft-2434587/,Richard Ashcroft,6 Delancey St.,New York,$25,,Bowery Ballroom,NY,
03/23/2011,http://www.villagevoice.com/events/elephant-6-holiday-surprise-tour-2453211/,'Elephant 6 Holiday Surprise Tour',158 Bleecker St.,New York,sold out,,(le) Poisson Rouge,NY,
03/23/2011,http://www.villagevoice.com/events/lucy-and-the-popsonics-amber-landing-2445071/,Lucy & the Popsonics+Amber Landing,105 Eldridge St.,New York,$7,,Fontana's,NY,
03/23/2011,http://www.villagevoice.com/events/silje-nes-mira-cook-2434622/,Silje Nes+Mira Cook,152 Ludlow St.,New York,$8,,Cake Shop,NY,
03/23/2011,http://www.villagevoice.com/events/surprise-me-mr-davis-washington-2434501/,Surprise Me Mr. Davis+Washington,149 7th St.,Brooklyn,$15,,Bell House,NY,
03/23/2011,http://www.villagevoice.com/events/the-ludlow-thieves-great-dog-almighty-2453537/,The Ludlow Thieves+Great Dog Almighty,217 E. Houston St.,New York,$10,,Mercury Lounge,NY,
03/23/2011,http://www.villagevoice.com/events/rumblers-kid-nichols-ebonie-smith-2453306/,Rumblers+Kid Nichols+Ebonie Smith,93 Second Ave.,New York,$6,,Lit Lounge,NY,
03/23/2011,http://www.villagevoice.com/events/pterodactyl-plains-good-rester-2453735/,Pterodactyl Plains+Good Rester,709 Lorimer St.,Brooklyn,,,Pete's Candy Store,NY,
03/24/2011,http://www.villagevoice.com/events/the-dirty-heads-2445226/,The Dirty Heads,17 Irving Pl.,New York,$20,,Irving Plaza,NY,
03/24/2011,http://www.villagevoice.com/events/jarboe-vampillia-mans-gin-2434683/,Jarboe+Vampillia+Man's Gin,98-104 Meserole Ave.,Brooklyn,$12,,Europa Night Club,NY,
03/24/2011,http://www.villagevoice.com/events/sick-puppies-2445085/,Sick Puppies,127 E. 23rd St.,New York,$23,,Gramercy Theater,NY,
03/24/2011,http://www.villagevoice.com/events/j-mascis-kurt-vile-and-the-violators-call-of-the-wild-2453563/,J Mascis+Kurt Vile & the Violators+Call of the Wild,217 E. Houston St.,New York,sold out,,Mercury Lounge,NY,
03/24/2011,http://www.villagevoice.com/events/the-beauties-the-winter-sounds-the-sheepdogs-2453790/,The Beauties+the Winter Sounds+the Sheepdogs,158 Ludlow St.,New York,$8,,Pianos,NY,
03/24/2011,http://www.villagevoice.com/events/big-troubles-twerps-guy-blackman-2434623/,Big Troubles+Twerps+Guy Blackman,152 Ludlow St.,New York,$8,,Cake Shop,NY,
03/24/2011,http://www.villagevoice.com/events/the-damnwells-harper-blynn-2434588/,The Damnwells+Harper Blynn,6 Delancey St.,New York,$15,,Bowery Ballroom,NY,
03/24/2011,http://www.villagevoice.com/events/jason-myles-goss-dietrich-strauss-jason-anderson-2453740/,Jason Myles Goss+Dietrich Strauss+Jason Anderson,709 Lorimer St.,Brooklyn,,,Pete's Candy Store,NY,
03/24/2011,http://www.villagevoice.com/events/andy-stack-frankenpine-mark-and-lola-2453714/,Andy Stack+Frankenpine+Mark & Lola,159 E. Houston St.,New York,,,National Underground,NY,
03/24/2011,http://www.villagevoice.com/events/stryper-zo2-2434474/,Stryper+ZO2,237 W. 42nd St.,New York,$30-$35,,B.B. King Blues Club & Grill,NY,
03/24/2011,http://www.villagevoice.com/events/the-one-and-nines-fairmont-the-shake-2453465/,The One & Nines+Fairmont+the Shake,1039 Washington St.,Hoboken,$8,,Maxwell's,NJ,
03/24/2011,http://www.villagevoice.com/events/radar-fiction-los-petardos-ledo-la-vaina-2453319/,Radar Fiction+Los Petardos+Ledo La Vaina,93 Second Ave.,New York,$6,,Lit Lounge,NY,
03/25/2011,http://www.villagevoice.com/events/helmet-saint-vitus-2445236/,Helmet+Saint Vitus,17 Irving Pl.,New York,$32,,Irving Plaza,NY,
03/25/2011,http://www.villagevoice.com/events/tear-it-up-last-in-line-the-cell-mates-2434684/,Tear It Up+Last in Line+the Cell Mates,98-104 Meserole Ave.,Brooklyn,$10,,Europa Night Club,NY,
03/25/2011,http://www.villagevoice.com/events/benny-landa-and-friends-the-audible-dark-sarah-colb-2453715/,Benny Landa & Friends+the Audible Dark+Sarah Colb,159 E. Houston St.,New York,,,National Underground,NY,
03/25/2011,http://www.villagevoice.com/events/mancie-latvian-radio-the-grand-2434437/,Mancie+Latvian Radio+the Grand,95 Stanton St.,New York,,,Arlene's Grocery,NY,
03/25/2011,http://www.villagevoice.com/events/matt-wertz-2445087/,Matt Wertz,127 E. 23rd St.,New York,$15,,Gramercy Theater,NY,
03/25/2011,http://www.villagevoice.com/events/the-gypsy-west-peck-pillow-theory-2434536/,The Gypsy West+Peck+Pillow Theory,327 Bowery,New York,,,Bowery Electric,NY,
03/25/2011,http://www.villagevoice.com/events/if-by-yes-summer-fiction-2453605/,If By Yes+Summer Fiction,217 E. Houston St.,New York,$12-$15,,Mercury Lounge,NY,
03/25/2011,http://www.villagevoice.com/events/denny-love-matt-beilis-2434632/,Denny Love+Matt Beilis,285 W. Broadway,New York,$10-$12,,Canal Room,NY,
03/25/2011,http://www.villagevoice.com/events/electric-bubblebath-brilliant-coroners-2445073/,Electric Bubblebath+Brilliant Coroners,105 Eldridge St.,New York,$7,,Fontana's,NY,
03/25/2011,http://www.villagevoice.com/events/ghost-ghost-wojcik-steel-phantoms-2453791/,Ghost Ghost+Wojcik+Steel Phantoms,158 Ludlow St.,New York,$8,,Pianos,NY,
03/25/2011,http://www.villagevoice.com/events/madame-trashy-aj-phillips-medicine-woman-roots-ensemble-2453741/,Madame Trashy+AJ Phillips+Medicine Woman Roots Ensemble,709 Lorimer St.,Brooklyn,,,Pete's Candy Store,NY,
03/25/2011,http://www.villagevoice.com/events/perpetual-groove-zoogma-2434600/,Perpetual Groove+Zoogma,61 Wythe Ave.,Brooklyn,$10,,Brooklyn Bowl,NY,
03/25/2011,http://www.villagevoice.com/events/tog-religious-to-damn-happy-new-year-2434624/,Tog+Religious To Damn+Happy New Year,152 Ludlow St.,New York,$10,,Cake Shop,NY,
03/25/2011,http://www.villagevoice.com/events/venus-vegas-the-unb-life-without-warning-2434649/,Venus Vegas+the UNB+Life Without Warning,121 W. 45th St.,New York,,,Connolly's Pub,NY,
03/25/2011,http://www.villagevoice.com/events/j-mascis-kurt-vile-and-the-violators-2453679/,J Mascis+Kurt Vile & the Violators,66 N. 6th St.,Brooklyn,$20,,Music Hall of Williamsburg,NY,
03/25/2011,http://www.villagevoice.com/events/trophy-wives-life-size-maps-whoarfrost-2453332/,Trophy Wives+Life Size Maps+Whoarfrost,93 Second Ave.,New York,$6,,Lit Lounge,NY,
03/25/2011,http://www.villagevoice.com/events/brother-2453474/,Brother,1039 Washington St.,Hoboken,$10,,Maxwell's,NJ,
03/25/2011,http://www.villagevoice.com/events/the-wellington-papers-spirit-animal-2453588/,The Wellington Papers+Spirit Animal,217 E. Houston St.,New York,$10,,Mercury Lounge,NY,
03/25/2011,http://www.villagevoice.com/events/travis-barker-mix-master-mike-2445088/,Travis Barker+Mix Master Mike,127 E. 23rd St.,New York,$25,,Gramercy Theater,NY,
03/26/2011,http://www.villagevoice.com/events/urban-waste-ultra-violence-step-2-far-2434689/,Urban Waste+Ultra Violence+Step 2 Far,98-104 Meserole Ave.,Brooklyn,$10,,Europa Night Club,NY,
03/26/2011,http://www.villagevoice.com/events/sister-sparrow-and-the-dirty-birds-liz-and-band-a-locomotive-2453750/,Sister Sparrow & the Dirty Birds+Liz & Band+A Locomotive,709 Lorimer St.,Brooklyn,,,Pete's Candy Store,NY,
03/26/2011,http://www.villagevoice.com/events/tres-mts--2445132/,Tres Mts.,127 E. 23rd St.,New York,$29,,Gramercy Theater,NY,
03/26/2011,http://www.villagevoice.com/events/the-kitchen-party-the-kid-henry-the-night-shift-2434444/,The Kitchen Party+the Kid Henry+the Night Shift,95 Stanton St.,New York,,,Arlene's Grocery,NY,
03/26/2011,http://www.villagevoice.com/events/tyrone-shoelaces-baker-street-freak-owls-2453720/,Tyrone Shoelaces+Baker Street+Freak Owls,159 E. Houston St.,New York,,,National Underground,NY,
03/26/2011,http://www.villagevoice.com/events/apex-manor-maam-2453627/,Apex Manor+Ma'am,217 E. Houston St.,New York,$10,,Mercury Lounge,NY,
03/26/2011,http://www.villagevoice.com/events/here-come-the-mummies-2445237/,Here Come the Mummies,17 Irving Pl.,New York,$22,,Irving Plaza,NY,
03/26/2011,http://www.villagevoice.com/events/moon-duo-jacuzzi-boys-2434625/,Moon Duo+Jacuzzi Boys,152 Ludlow St.,New York,$10,,Cake Shop,NY,
03/26/2011,http://www.villagevoice.com/events/otto-ali-shearer-erosian-evile-2434650/,Otto+Ali Shearer+Erosian Evile,121 W. 45th St.,New York,,,Connolly's Pub,NY,
03/26/2011,http://www.villagevoice.com/events/over-the-rhine-2445165/,Over the Rhine,431 W. 16th St.,New York,$25-$28,,Highline Ballroom,NY,
03/26/2011,http://www.villagevoice.com/events/the-death-set-spank-rock-ninjasonik-2453688/,The Death Set+Spank Rock+Ninjasonik,66 N. 6th St.,Brooklyn,$10,,Music Hall of Williamsburg,NY,
03/26/2011,http://www.villagevoice.com/events/folly-communication-redlight-eyeswan-2453491/,Folly+Communication Redlight+Eyeswan,1039 Washington St.,Hoboken,sold out,,Maxwell's,NJ,
03/26/2011,http://www.villagevoice.com/events/neon-dynamite-durions-praha-depart-2453345/,Neon Dynamite+Durions+Praha Depart,93 Second Ave.,New York,$6,,Lit Lounge,NY,
03/26/2011,http://www.villagevoice.com/events/matt-sucich-2453115/,Matt Sucich,425 Lafayette St.,New York,$10,,Joe's Pub,NY,
03/26/2011,http://www.villagevoice.com/events/database-2434602/,Database,61 Wythe Ave.,Brooklyn,$5,,Brooklyn Bowl,NY,
03/27/2011,http://www.villagevoice.com/events/dance-gavin-dance-2445238/,Dance Gavin Dance,17 Irving Pl.,New York,$17,,Irving Plaza,NY,
03/27/2011,http://www.villagevoice.com/events/rose-noire-2434690/,Rose Noire,98-104 Meserole Ave.,Brooklyn,$12,,Europa Night Club,NY,
03/27/2011,http://www.villagevoice.com/events/selebrities-plastic-flowers-2434630/,Selebrities+Plastic Flowers,152 Ludlow St.,New York,,,Cake Shop,NY,
03/27/2011,http://www.villagevoice.com/events/roy-orbit-the-sub-parade-the-go-round-2453759/,Roy Orbit+the Sub Parade+the Go Round,709 Lorimer St.,Brooklyn,free,,Pete's Candy Store,NY,
03/28/2011,http://www.villagevoice.com/events/tyler-bryant-the-crisis-team-2453634/,Tyler Bryant+the Crisis Team,217 E. Houston St.,New York,$10,,Mercury Lounge,NY,
03/28/2011,http://www.villagevoice.com/events/kids-of-88-k-flay-cassette-kids-2453792/,Kids of 88+K Flay+Cassette Kids,158 Ludlow St.,New York,$8-$10,,Pianos,NY,
03/28/2011,http://www.villagevoice.com/events/stephen-bishop-2434478/,Stephen Bishop,237 W. 42nd St.,New York,$28-$32,,B.B. King Blues Club & Grill,NY,
03/28/2011,http://www.villagevoice.com/events/bryan-fenkart-paul-coelho-2453721/,Bryan Fenkart+Paul Coelho,159 E. Houston St.,New York,,,National Underground,NY,
03/28/2011,http://www.villagevoice.com/events/jeff-becks-rock-and-roll-party-with-imelda-may-and-her-band-2434497/,'Jeff Beck's Rock & Roll Party with Imelda May & Her Band',2124 Broadway,New York,$50-$100,,Beacon Theater,NY,
03/28/2011,http://www.villagevoice.com/events/the-london-souls-lily-and-the-parlour-tricks-the-tales-2434603/,The London Souls+Lily & the Parlour Tricks+the Tales,61 Wythe Ave.,Brooklyn,$5,,Brooklyn Bowl,NY,
03/28/2011,http://www.villagevoice.com/events/dead-by-wednesday-gloominous-doom-mutilation-rites-2453370/,Dead By Wednesday+Gloominous Doom+Mutilation Rites,93 Second Ave.,New York,$6,,Lit Lounge,NY,
03/29/2011,http://www.villagevoice.com/events/sallie-ford-and-the-sound-outside-2453636/,Sallie Ford & the Sound Outside,217 E. Houston St.,New York,$10,,Mercury Lounge,NY,
03/29/2011,http://www.villagevoice.com/events/andy-clayburn-the-driftwood-singers-the-newton-gang-2453722/,Andy Clayburn+the Driftwood Singers+the Newton Gang,159 E. Houston St.,New York,,,National Underground,NY,
03/29/2011,http://www.villagevoice.com/events/hook-moon-elliot-rayman-johanna-and-the-dusty-floor-2453768/,Hook Moon+Elliot Rayman+Johanna & the Dusty Floor,709 Lorimer St.,Brooklyn,,,Pete's Candy Store,NY,
03/29/2011,http://www.villagevoice.com/events/may-we-all-find-home-2445076/,'May We All Find Home',105 Eldridge St.,New York,$8,,Fontana's,NY,
03/29/2011,http://www.villagevoice.com/events/omar-rodriguez-lopez-group-2445173/,Omar Rodriguez+Lopez Group,431 W. 16th St.,New York,$20-$23,,Highline Ballroom,NY,
03/29/2011,http://www.villagevoice.com/events/mostly-coats-dress-to-impress-2453391/,Mostly Coats+Dress To Impress,93 Second Ave.,New York,$6,,Lit Lounge,NY,
03/29/2011,http://www.villagevoice.com/events/boombox-horizon-wireless-2434604/,Boombox+Horizon Wireless,61 Wythe Ave.,Brooklyn,$5,,Brooklyn Bowl,NY,
03/29/2011,http://www.villagevoice.com/events/the-dears-2453695/,The Dears,66 N. 6th St.,Brooklyn,$15-$17,,Music Hall of Williamsburg,NY,
03/29/2011,http://www.villagevoice.com/events/miami-horror-class-actress-2453635/,Miami Horror+Class Actress,217 E. Houston St.,New York,$12,,Mercury Lounge,NY,
"03/18/2011, 03/17/2011, 03/20/2011, 03/19/2011",http://www.villagevoice.com/events/duduka-da-fonseca-60th-birthday-celebration-2445012/,'Duduka Da Fonseca 60th Birthday Celebration',116 E. 27th St.,New York,$25-$30,,Jazz Standard,NY,
03/17/2011,http://www.villagevoice.com/events/boyce-avenue-alex-goot-juliet-weybret-2444584/,Boyce Avenue+Alex Goot+Juliet Weybret,66 N. 6th St.,Brooklyn,$15-$17,,Music Hall of Williamsburg,NY,
"04/28/2011, 03/17/2011, 03/24/2011, 03/31/2011, 04/07/2011, 04/14/2011, 04/21/2011, 05/05/2011, 05/12/2011, 05/19/2011, 05/26/2011, 06/02/2011, 06/09/2011, 06/16/2011",http://www.villagevoice.com/events/ashford-and-simpsons-legendary-open-mic-night-477208/,'Ashford & Simpson's Legendary Open Mic Night',254 W. 72nd St.,New York,,,Sugar Bar,NY,
"03/17/2011, 03/18/2011, 03/19/2011",http://www.villagevoice.com/events/philomeda-begley-2434648/,Philomeda Begley,14 E. 47th St.,New York,,,Connolly's Pub,NY,
"04/02/2011, 03/26/2011, 03/19/2011, 06/11/2011, 06/04/2011, 05/28/2011, 05/21/2011, 05/14/2011, 05/07/2011, 04/30/2011, 04/23/2011, 04/16/2011, 04/09/2011",http://www.villagevoice.com/events/strawberry-fields-a-tribute-to-the-beatles-477793/,'Strawberry Fields: A Tribute to the Beatles',237 W. 42nd St.,New York,$25-$43,,B.B. King Blues Club & Grill,NY,
"03/28/2011, 06/13/2011, 03/21/2011, 05/30/2011, 06/06/2011, 05/16/2011, 05/09/2011, 05/02/2011, 04/25/2011, 04/18/2011, 04/11/2011, 04/04/2011, 05/23/2011",http://www.villagevoice.com/events/michael-powers-419665/,Michael Powers,149 Bleecker St.,New York,,,Terra Blues,NY,
"05/02/2011, 05/30/2011, 06/06/2011, 03/21/2011, 03/28/2011, 04/04/2011, 04/11/2011, 04/18/2011, 04/25/2011, 05/23/2011, 05/16/2011, 05/09/2011, 06/13/2011",http://www.villagevoice.com/events/jim-campilongo-electric-trio-2326618/,Jim Campilongo Electric Trio,154 Ludlow St.,New York,$8,With Stephan Crump and Tony Mason.</p>,Living Room,NY,
"05/16/2011, 03/21/2011, 03/28/2011, 04/04/2011, 04/11/2011, 04/18/2011, 04/25/2011, 05/02/2011, 05/09/2011, 05/23/2011, 05/30/2011, 06/06/2011, 06/13/2011",http://www.villagevoice.com/events/monday-night-open-jam-425715/,'Monday Night Open Jam',18 W. 24th St.,New York,,,Cutting Room,NY,
03/22/2011,http://www.villagevoice.com/events/world-party-2439144/,World Party,425 Lafayette St.,New York,$25,,Joe's Pub,NY,
03/22/2011,http://www.villagevoice.com/events/noah-and-the-whale-2434586/,Noah & the Whale,6 Delancey St.,New York,$18-$20,,Bowery Ballroom,NY,
03/22/2011,http://www.villagevoice.com/events/the-elephant-6-holiday-surprise-tour-2445079/,'The Elephant 6 Holiday Surprise Tour',361 Metropolitan Ave.,Brooklyn,$12-$14,,Knitting Factory,NY,
03/25/2011,http://www.villagevoice.com/events/jennifer-sheehan-2453660/,Jennifer Sheehan,34 W. 22nd St.,New York,$20,,Metropolitan Room,NY,
"04/22/2011, 03/18/2011, 06/17/2011, 06/10/2011, 06/03/2011, 05/27/2011, 05/20/2011, 05/13/2011, 05/06/2011, 04/29/2011, 03/25/2011, 04/01/2011, 04/08/2011, 04/15/2011",http://www.villagevoice.com/events/grand-masters-of-gypsy-music-651501/,Grand Masters of Gypsy Music,113 Ludlow,New York,$10,,Mehanata Bulgarian Bar,NY,
"04/22/2011, 05/13/2011, 05/06/2011, 04/29/2011, 04/15/2011, 06/17/2011, 06/10/2011, 06/03/2011, 03/18/2011, 03/25/2011, 04/01/2011, 04/08/2011, 05/27/2011, 05/20/2011",http://www.villagevoice.com/events/michael-powers-frequency-419669/,Michael Powers Frequency,149 Bleecker St.,New York,,,Terra Blues,NY,
03/26/2011,http://www.villagevoice.com/events/black-joe-lewis-and-the-honeybears-those-darlins-2434589/,Black Joe Lewis & the Honeybears+Those Darlins,6 Delancey St.,New York,$16-$18,,Bowery Ballroom,NY,
03/27/2011,http://www.villagevoice.com/events/the-felice-brothers-diamond-doves-2453500/,The Felice Brothers+Diamond Doves,1039 Washington St.,Hoboken,$20,,Maxwell's,NJ,
"03/20/2011, 03/27/2011, 04/03/2011, 04/10/2011, 04/17/2011, 04/24/2011, 05/01/2011, 05/08/2011, 05/15/2011, 05/22/2011, 05/29/2011, 06/05/2011, 06/12/2011",http://www.villagevoice.com/events/drinkland-drumnbass-sundays-155140/,Drinkland Drum'n'Bass Sundays,339 E. 10th St.,New York,,"With resident DJs I-Cue, Amadeus, and Paul C.</p>",Plan B,NY,
03/30/2011,http://www.villagevoice.com/events/the-mountain-goats-megafaun-2434590/,The Mountain Goats+Megafaun,6 Delancey St.,New York,sold out,,Bowery Ballroom,NY,
"03/17/2011, 06/16/2011, 06/09/2011, 06/02/2011, 05/26/2011, 05/19/2011, 05/12/2011, 05/05/2011, 04/28/2011, 04/21/2011, 04/14/2011, 04/07/2011, 03/31/2011, 03/24/2011",http://www.villagevoice.com/events/small-beast-music-salon-795480/,'Small Beast Music Salon',168 Delancey,New York,free,,The Delancey,NY,
"05/26/2011, 04/14/2011, 04/07/2011, 03/31/2011, 06/02/2011, 06/09/2011, 06/16/2011, 03/24/2011, 03/17/2011, 04/21/2011, 04/28/2011, 05/05/2011, 05/12/2011, 05/19/2011",http://www.villagevoice.com/events/hits-983948/,Hits,100 Lafayette St.,New York,$5,,Santos' Party House,NY,
"03/25/2011, 05/13/2011, 05/06/2011, 04/29/2011, 04/22/2011, 04/15/2011, 04/08/2011, 04/01/2011, 03/18/2011, 06/17/2011, 06/10/2011, 06/03/2011, 05/27/2011, 05/20/2011",http://www.villagevoice.com/events/baby-johnson-532124/,Baby Johnson,151 Bleecker St.,New York,,,The Red Lion,NY,
"05/06/2011, 04/29/2011, 05/13/2011, 04/01/2011, 04/08/2011, 05/27/2011, 06/10/2011, 06/17/2011, 03/18/2011, 06/03/2011, 04/15/2011, 03/25/2011, 05/20/2011, 04/22/2011",http://www.villagevoice.com/events/razor-boy-music-presents-864154/,'Razor Boy Music Presents',147 Bleecker St.,New York,$5,,The Bitter End,NY,
"04/08/2011, 04/22/2011, 04/29/2011, 05/06/2011, 05/13/2011, 04/01/2011, 03/25/2011, 03/18/2011, 05/20/2011, 04/15/2011, 06/17/2011, 06/10/2011, 05/27/2011, 06/03/2011",http://www.villagevoice.com/events/between-a-rock-and-a-hard-place-559736/,'Between a Rock & a Hard Place',199 Bowery,New York,,,Crash Mansion,NY,
"03/18/2011, 06/17/2011, 06/10/2011, 06/03/2011, 05/27/2011, 05/20/2011, 05/13/2011, 05/06/2011, 04/29/2011, 04/22/2011, 04/15/2011, 04/08/2011, 04/01/2011, 03/25/2011",http://www.villagevoice.com/events/tatler-155144/,Tatler,409 W. 14th St.,New York,$20,"A saucy soiree hosted by the Queen Mum of Motherfucker himself, Michael T.</p>",Lotus,NY,
"03/25/2011, 06/03/2011, 05/27/2011, 05/20/2011, 05/13/2011, 05/06/2011, 04/29/2011, 04/22/2011, 04/15/2011, 04/08/2011, 04/01/2011, 03/18/2011, 06/17/2011, 06/10/2011",http://www.villagevoice.com/events/manhattan-haitian-dance-party-310265/,'Manhattan Haitian Dance Party',204 Varick St.,New York,$18-$20,,S.O.B.'s,NY,
"04/09/2011, 04/16/2011, 04/23/2011, 04/30/2011, 05/07/2011, 04/02/2011, 05/21/2011, 06/11/2011, 03/19/2011, 06/04/2011, 05/14/2011, 05/28/2011, 03/26/2011",http://www.villagevoice.com/events/saturdays-at-the-annex-970789/,'Saturdays at the Annex',152 Orchard St.,New York,,,The Annex,NY,
"06/11/2011, 04/02/2011, 03/26/2011, 03/19/2011, 06/04/2011, 05/28/2011, 05/21/2011, 05/14/2011, 05/07/2011, 04/30/2011, 04/23/2011, 04/16/2011, 04/09/2011",http://www.villagevoice.com/events/beatles-brunch-800394/,'Beatles Brunch',237 W. 42nd St.,New York,$40-$42.50,,B.B. King Blues Club & Grill,NY,
"04/23/2011, 06/11/2011, 06/04/2011, 05/28/2011, 05/21/2011, 05/14/2011, 05/07/2011, 04/30/2011, 04/16/2011, 04/09/2011, 04/02/2011, 03/26/2011, 03/19/2011",http://www.villagevoice.com/events/back-to-the-80s-show-1183594/,'Back to the '80s Show',285 W. Broadway,New York,$8,,Canal Room,NY,
"04/16/2011, 03/19/2011, 03/26/2011, 04/02/2011, 04/09/2011, 04/23/2011, 04/30/2011, 05/07/2011, 05/14/2011, 05/21/2011, 05/28/2011, 06/04/2011, 06/11/2011",http://www.villagevoice.com/events/the-rewind-show-454050/,The Rewind Show,431 W. 16th St.,New York,$20,,Highline Ballroom,NY,
"05/08/2011, 05/22/2011, 05/01/2011, 06/12/2011, 06/05/2011, 05/29/2011, 04/24/2011, 04/17/2011, 05/15/2011, 03/20/2011, 03/27/2011, 04/03/2011, 04/10/2011",http://www.villagevoice.com/events/bell-house-rocks-806254/,Bell House Rocks,149 7th St.,Brooklyn,$10,,Bell House,NY,
"06/05/2011, 03/20/2011, 03/27/2011, 04/03/2011, 04/10/2011, 06/12/2011, 04/17/2011, 04/24/2011, 05/01/2011, 05/08/2011, 05/15/2011, 05/22/2011, 05/29/2011",http://www.villagevoice.com/events/live-band-karaoke-563518/,Live Band Karaoke,157 Bleecker St.,New York,,,Kenny's Castaways,NY,
"04/17/2011, 05/22/2011, 05/15/2011, 05/08/2011, 05/01/2011, 04/24/2011, 04/10/2011, 04/03/2011, 03/27/2011, 03/20/2011, 06/12/2011, 06/05/2011, 05/29/2011",http://www.villagevoice.com/events/bleecker-st-all-stars-martin-craig-510370/,Bleecker St. All-Stars+Martin Craig,151 Bleecker St.,New York,,,The Red Lion,NY,
"05/23/2011, 03/21/2011, 03/28/2011, 04/04/2011, 04/11/2011, 05/30/2011, 06/06/2011, 06/13/2011, 04/18/2011, 04/25/2011, 05/02/2011, 05/09/2011, 05/16/2011",http://www.villagevoice.com/events/laid-off-mondays-795481/,'Laid Off Mondays',168 Delancey,New York,,,The Delancey,NY,
"06/13/2011, 03/21/2011, 03/28/2011, 04/04/2011, 04/11/2011, 04/18/2011, 04/25/2011, 05/02/2011, 05/09/2011, 05/16/2011, 05/23/2011, 05/30/2011, 06/06/2011",http://www.villagevoice.com/events/monday-night-open-mic-673371/,'Monday Night Open Mic',157 Bleecker St.,New York,,Hosted by Bobby Kane.</p>,Kenny's Castaways,NY,
"05/23/2011, 05/30/2011, 06/06/2011, 06/13/2011, 03/21/2011, 03/28/2011, 04/04/2011, 04/11/2011, 04/18/2011, 04/25/2011, 05/02/2011, 05/09/2011, 05/16/2011",http://www.villagevoice.com/events/richie-cannatas-monday-night-jam-410654/,'Richie Cannata's Monday Night Jam',147 Bleecker St.,New York,$5-$10,,The Bitter End,NY,
"04/18/2011, 03/21/2011, 03/28/2011, 04/04/2011, 04/11/2011, 04/25/2011, 05/02/2011, 05/09/2011, 05/16/2011, 05/23/2011, 05/30/2011, 06/06/2011, 06/13/2011",http://www.villagevoice.com/events/jam-rock-with-squeeze-859057/,'Jam Rock with Squeeze',204 Varick St.,New York,,,S.O.B.'s,NY,
"04/04/2011, 05/16/2011, 05/09/2011, 05/02/2011, 04/25/2011, 04/18/2011, 04/11/2011, 06/13/2011, 06/06/2011, 05/30/2011, 03/21/2011, 03/28/2011, 05/23/2011",http://www.villagevoice.com/events/monday-night-vinyl-club-908785/,'Monday Night Vinyl Club',149 7th St.,Brooklyn,free,,Bell House,NY,
"04/18/2011, 03/21/2011, 03/28/2011, 04/04/2011, 04/11/2011, 04/25/2011, 05/02/2011, 05/09/2011, 05/16/2011, 05/23/2011, 05/30/2011, 06/06/2011, 06/13/2011",http://www.villagevoice.com/events/no-cover-monday-1397789/,'No Cover Monday',125 E. 11th St.,New York,free,,Webster Hall,NY,
"03/21/2011, 03/28/2011, 04/04/2011, 04/11/2011, 04/18/2011, 04/25/2011, 05/02/2011, 05/09/2011, 05/16/2011, 05/23/2011, 05/30/2011, 06/06/2011, 06/13/2011",http://www.villagevoice.com/events/shayni-raes-truckstop-downtown-honkytonk-643079/,'Shayni Rae's Truckstop Downtown Honkytonk',159 E. Houston St.,New York,,"Featuring Kevn Kinney, Chris Masterson, and more.</p>",National Underground,NY,
"05/02/2011, 05/09/2011, 05/16/2011, 05/23/2011, 05/30/2011, 06/06/2011, 06/13/2011, 03/21/2011, 03/28/2011, 04/04/2011, 04/11/2011, 04/18/2011, 04/25/2011",http://www.villagevoice.com/events/mike-tait-532125/,Mike Tait,151 Bleecker St.,New York,,,The Red Lion,NY,
"03/22/2011, 06/14/2011, 06/07/2011, 05/31/2011, 05/24/2011, 05/17/2011, 05/10/2011, 05/03/2011, 04/26/2011, 04/19/2011, 04/12/2011, 04/05/2011, 03/29/2011",http://www.villagevoice.com/events/gotham-rocks-922909/,'Gotham Rocks',199 Bowery,New York,$10,,Crash Mansion,NY,
"04/06/2011, 03/23/2011, 03/30/2011, 04/13/2011, 04/20/2011, 04/27/2011, 05/04/2011, 05/11/2011, 05/18/2011, 05/25/2011, 06/01/2011, 06/15/2011, 06/08/2011",http://www.villagevoice.com/events/amateur-night-453955/,'Amateur Night',253 W. 125th St.,New York,$15-$25,,Apollo Theater,NY,
"06/01/2011, 05/11/2011, 05/04/2011, 04/27/2011, 04/20/2011, 04/13/2011, 04/06/2011, 03/30/2011, 03/23/2011, 06/15/2011, 05/18/2011, 05/25/2011, 06/08/2011",http://www.villagevoice.com/events/in-the-basement-936749/,In the Basement,152 Orchard St.,New York,,,The Annex,NY,
"06/08/2011, 06/15/2011, 06/01/2011, 05/25/2011, 05/18/2011, 05/11/2011, 05/04/2011, 04/27/2011, 04/20/2011, 04/13/2011, 04/06/2011, 03/30/2011, 03/23/2011",http://www.villagevoice.com/events/rabbit-hole-wednesdays-610344/,'Rabbit Hole Wednesdays',256 Grand St.,Brooklyn,$6,,The Trash Bar,NY,
"03/23/2011, 06/15/2011, 06/08/2011, 06/01/2011, 05/25/2011, 05/18/2011, 05/11/2011, 05/04/2011, 04/27/2011, 04/20/2011, 04/13/2011, 04/06/2011, 03/30/2011",http://www.villagevoice.com/events/fio-1589018/,Fio,157 Bleecker St.,New York,,,Kenny's Castaways,NY,
"03/17/2011, 05/05/2011, 05/12/2011, 04/28/2011, 04/21/2011, 04/14/2011, 04/07/2011, 05/19/2011, 05/26/2011, 06/02/2011, 06/09/2011, 06/16/2011, 03/31/2011, 03/24/2011",http://www.villagevoice.com/events/blue-sky-thursdays-155046/,Blue Sky Thursdays,248 E. Fifth St.,New York,,Miss Blue Sky hosts a night of deep and tech house.</p>,Leopard Lounge,NY,
"4/9/2011, 6/11/2011, 5/14/2011",http://www.villagevoice.com/events/consignment-463525/,'Consignment',16 Main St.,Brooklyn,free,"With Broken Spurs, Dynasty Electric, and Fan-Tan.</p>",Galapagos Art Space,NY,
"04/11/2011, 03/21/2011, 03/28/2011, 04/04/2011, 06/13/2011, 06/06/2011, 05/30/2011, 05/23/2011, 05/16/2011, 05/09/2011, 05/02/2011, 04/25/2011, 04/18/2011",http://www.villagevoice.com/events/chicha-libre-229393/,Chicha Libre,376 9th St.,Brooklyn,,"Beside being a popular alcoholic beverage, chicha is also the name of the psychedelic cumbia sound fermented in Peru's Amazonian rainforests during the '70s. Barb&egrave;s owner Olivier Conan, who anthologized chicha's origins in one of last year's finer compilations, fronts a terrific chicha dance combo with members of One Ring Zero and Las Rubias del Norte. They open a portal to Peru here nearly every Monday, and their fine new album will bubble your brain, too.</p>",Barbes,NY,http://vvoice.vo.llnwd.net/e12/2405737.47.jpg
"03/30/2011, 04/06/2011, 05/11/2011, 05/18/2011, 05/25/2011, 06/01/2011, 06/08/2011, 06/15/2011, 05/04/2011, 03/23/2011, 04/20/2011, 04/13/2011, 04/27/2011",http://www.villagevoice.com/events/roots-155157/,Roots,18 Little West 12th St.,New York,$15,Louie Vega and Kevin Hedge spin deep house.</p>,Cielo,NY,
"05/02/2011, 04/25/2011, 03/21/2011, 06/13/2011, 05/09/2011, 05/16/2011, 05/23/2011, 05/30/2011, 06/06/2011, 04/18/2011, 04/11/2011, 04/04/2011, 03/28/2011",http://www.villagevoice.com/events/cangelosi-cards-387934/,Cangelosi Cards,700 E. 9th St.,New York,,,Banjo Jim's,NY,
"06/15/2011, 05/18/2011, 05/11/2011, 05/04/2011, 04/27/2011, 04/20/2011, 04/13/2011, 04/06/2011, 03/30/2011, 03/23/2011, 06/08/2011, 06/01/2011, 05/25/2011",http://www.villagevoice.com/events/soulgasm-155045/,Soulgasm,248 E. Fifth St.,New York,$5,"DJ Bryan Cox and Spin Dynasty's Rob Flow spin house, funk, soul, and old-school hip-hop.</p>",Leopard Lounge,NY,
03/20/2011,http://www.villagevoice.com/events/futuresnakes-we-are-all-romans-nite-club-vs-the-little-star-dweller-2444913/,Futuresnakes+We Are All Romans+Nite Club Vs. the Little Star Dweller,125 Fifth Ave.,Brooklyn,$10,,Southpaw,NY,
03/25/2011,http://www.villagevoice.com/events/danielson-out-fighting-2453234/,Danielson+Out Fighting,158 Bleecker St.,New York,$10-$12,,(le) Poisson Rouge,NY,
"05/31/2011, 05/17/2011, 05/10/2011, 05/03/2011, 04/26/2011, 04/19/2011, 04/12/2011, 04/05/2011, 03/29/2011, 03/22/2011, 06/14/2011, 06/07/2011, 05/24/2011",http://www.villagevoice.com/events/lachs-antihoot-1923979/,'Lach's Antihoot',125 E. 11th St.,New York,free,,Webster Hall,NY,
03/23/2011,http://www.villagevoice.com/events/the-poison-tree-2453110/,The Poison Tree,425 Lafayette St.,New York,$14,,Joe's Pub,NY,
"04/18/2011, 06/13/2011, 06/06/2011, 05/30/2011, 05/23/2011, 05/16/2011, 05/09/2011, 05/02/2011, 04/25/2011, 04/11/2011, 04/04/2011, 03/28/2011, 03/21/2011",http://www.villagevoice.com/events/reverend-vince-anderson-1201280/,Reverend Vince Anderson,484 Union Ave.,Brooklyn,free,,Union Pool,NY,
"04/25/2011, 03/21/2011, 03/28/2011, 04/04/2011, 04/11/2011, 04/18/2011, 05/02/2011, 05/09/2011, 05/16/2011, 05/23/2011, 05/30/2011, 06/06/2011, 06/13/2011",http://www.villagevoice.com/events/t-blues-band-419682/,T Blues Band,149 Bleecker St.,New York,,,Terra Blues,NY,
"05/17/2011, 05/24/2011, 05/31/2011, 06/07/2011, 06/14/2011, 05/10/2011, 05/03/2011, 04/26/2011, 04/19/2011, 04/12/2011, 04/05/2011, 03/29/2011, 03/22/2011",http://www.villagevoice.com/events/jr-mack-band-835027/,Jr. Mack Band,149 Bleecker St.,New York,,,Terra Blues,NY,
03/19/2011,http://www.villagevoice.com/events/steve-martin-and-the-steep-canyon-rangers-2444601/,Steve Martin & the Steep Canyon Rangers,66 N. 6th St.,Brooklyn,sold out,,Music Hall of Williamsburg,NY,
03/17/2011,http://www.villagevoice.com/events/steve-martin-and-the-steep-canyon-rangers-2439094/,Steve Martin & the Steep Canyon Rangers,425 Lafayette St.,New York,$35,,Joe's Pub,NY,
"4/2/2011, 6/4/2011, 5/7/2011",http://www.villagevoice.com/events/bluegrass-jam-1628277/,'Bluegrass Jam',700 E. 9th St.,New York,,,Banjo Jim's,NY,
03/18/2011,http://www.villagevoice.com/events/mary-halvorson-quintet-2434485/,Mary Halvorson Quintet,376 9th St.,Brooklyn,$10,"There were plenty of exclamation points in the air last year when the sly guitarist figured out how to add horns to her somewhat insular trio. The result was the remarkable Saturn Sings, which found Halvorson's music a bit more appealing without kowtowing to convention. When this group (with Jon Irabagon on sax and Kirk Knuffke on cornet) reaches boiling point, the five-way exchange is a hubbub of cagey design both eccentric and engaging. With Smokey's Roundup.</p>",Barbes,NY,http://vvoice.vo.llnwd.net/e12/6081455.47.jpg
03/17/2011,http://www.villagevoice.com/events/howard-fishman-rana-santacruz-2434484/,Howard Fishman+Rana Santacruz,376 9th St.,Brooklyn,$10,,Barbes,NY,
03/19/2011,http://www.villagevoice.com/events/baby-soda-sasha-dobson-2434486/,Baby Soda+Sasha Dobson,376 9th St.,Brooklyn,$10,,Barbes,NY,
03/21/2011,http://www.villagevoice.com/events/chico-trujillo-2434487/,Chico Trujillo,376 9th St.,Brooklyn,$10,,Barbes,NY,
03/22/2011,http://www.villagevoice.com/events/high-space-2434488/,High Space,376 9th St.,Brooklyn,$10,,Barbes,NY,
03/23/2011,http://www.villagevoice.com/events/angelica-sanchez-2434489/,Angelica Sanchez,376 9th St.,Brooklyn,$10,,Barbes,NY,
03/24/2011,http://www.villagevoice.com/events/scott-kettners-forro-brass-band-phyllis-chen-2434491/,Scott Kettner's Forro Brass Band+Phyllis Chen,376 9th St.,Brooklyn,$10,,Barbes,NY,
03/25/2011,http://www.villagevoice.com/events/bill-carneys-jug-addicts-the-ofarrill-brothers-band-2434492/,Bill Carney's Jug Addicts+the O'Farrill Brothers Band,376 9th St.,Brooklyn,$10,,Barbes,NY,
03/26/2011,http://www.villagevoice.com/events/spanglish-fly-meandros-2434493/,Spanglish Fly+Meandros,376 9th St.,Brooklyn,$10,,Barbes,NY,
03/27/2011,http://www.villagevoice.com/events/bad-reputation-2434494/,Bad Reputation,376 9th St.,Brooklyn,$10,,Barbes,NY,
03/28/2011,http://www.villagevoice.com/events/kamikaze-ground-crew-2434495/,Kamikaze Ground Crew,376 9th St.,Brooklyn,$10,,Barbes,NY,
03/29/2011,http://www.villagevoice.com/events/lethal-objection-2434496/,Lethal Objection,376 9th St.,Brooklyn,$10,,Barbes,NY,
03/23/2011,http://www.villagevoice.com/events/devotchka-mariachi-el-bronx-2445145/,DeVotchKa+Mariachi El Bronx,431 W. 16th St.,New York,$27-$30,,Highline Ballroom,NY,
03/28/2011,http://www.villagevoice.com/events/victoria-shaw-2434509/,Victoria Shaw,315 W. 44th St.,New York,$25,,Birdland,NY,
"03/17/2011, 03/18/2011, 03/19/2011, 03/20/2011",http://www.villagevoice.com/events/the-heath-brothers-2417745/,The Heath Brothers,60th St. & Broadway,New York,$30-$35,,"Dizzy's Club Coca-Cola, Frederick P. Rose Hall, Home of Jazz at Lincoln Center",NY,
"03/19/2011, 03/20/2011, 03/18/2011, 03/17/2011",http://www.villagevoice.com/events/kenny-werner-quintet-2417547/,Kenny Werner Quintet,131 W. 3rd St.,New York,$20-$30,,Blue Note,NY,
"03/20/2011, 03/18/2011, 03/19/2011",http://www.villagevoice.com/events/leo-nocentelli-and-the-meters-experience-2445194/,Leo Nocentelli & the Meters Experience,1650 Broadway,New York,$35,,Iridium,NY,
"03/18/2011, 03/17/2011, 03/19/2011",http://www.villagevoice.com/events/pat-martino-organ-quartet-2434504/,Pat Martino Organ Quartet,315 W. 44th St.,New York,$30-$40,,Birdland,NY,
"03/23/2011, 03/24/2011, 03/22/2011",http://www.villagevoice.com/events/chrisette-michele-2434517/,Chrisette Michele,131 W. 3rd St.,New York,$20-$35,,Blue Note,NY,
"03/22/2011, 03/25/2011, 03/24/2011, 03/23/2011, 03/26/2011",http://www.villagevoice.com/events/charlie-haden-quartet-west-2434507/,Charlie Haden Quartet West,315 W. 44th St.,New York,$40,,Birdland,NY,
"03/27/2011, 03/22/2011, 03/23/2011, 03/26/2011, 03/24/2011, 03/25/2011",http://www.villagevoice.com/events/bill-charlap-trio-2434674/,Bill Charlap Trio,29 Cornelia St.,New York,$30-$35,,Cornelia Street Cafe,NY,
"03/25/2011, 03/26/2011, 03/27/2011",http://www.villagevoice.com/events/oldean-pope-saxophone-choir-2434518/,Oldean Pope Saxophone Choir,131 W. 3rd St.,New York,$15-$25,,Blue Note,NY,
"04/02/2011, 04/03/2011, 04/01/2011, 03/31/2011, 03/30/2011, 03/29/2011",http://www.villagevoice.com/events/rene-marie-carla-cook-and-allan-harris-2434680/,"Rene Marie, Carla Cook & Allan Harris",60th St. & Broadway,New York,$30-$35,,"Dizzy's Club Coca-Cola, Frederick P. Rose Hall, Home of Jazz at Lincoln Center",NY,
"03/29/2011, 04/03/2011, 04/02/2011, 04/01/2011, 03/31/2011, 03/30/2011",http://www.villagevoice.com/events/michel-legrand-trio-2434524/,Michel Legrand Trio,131 W. 3rd St.,New York,$30-$45,,Blue Note,NY,
"05/16/2011, 04/04/2011, 04/11/2011, 04/18/2011, 04/25/2011, 05/02/2011, 05/09/2011, 03/28/2011, 05/23/2011, 05/30/2011, 06/06/2011, 06/13/2011, 03/21/2011",http://www.villagevoice.com/events/mingus-mondays-703797/,'Mingus Mondays',116 E. 27th St.,New York,$25,Featuring Mingus Dynasty.</p>,Jazz Standard,NY,
03/19/2011,http://www.villagevoice.com/events/ladysmith-black-mambazo-2446968/,Ladysmith Black Mambazo,2900 Campus Road,Brooklyn,$30-$40,"South Africa's most important vocal ensemble released an album of Zulu children's songs this year, which made sense: they have a broad appeal already, as their lofty lyrical content takes a back seat to their hypnotic harmonizing. Sexagenarian founder Joseph Shabalala is preparing to turn the reins over to his own children, making his project a family affair on both sides. One way or another, this band deserves to last across generations.</p>",Brooklyn Center for The Performing Arts,NY,http://vvoice.vo.llnwd.net/e12/6081463.47.jpg
"04/12/2011, 05/10/2011, 05/17/2011, 05/24/2011, 03/22/2011, 05/31/2011, 06/07/2011, 06/14/2011, 05/03/2011, 04/26/2011, 04/19/2011, 04/05/2011, 03/29/2011",http://www.villagevoice.com/events/slavic-soul-party-155084/,'Slavic Soul Party',376 9th St.,Brooklyn,$10,"Slavic Soul Party are Eastern Europe's answer to the funk (and ""Grunt"") of the J.B.'s or, more recently, the Budos Band. On their recordings, and every Tuesday at Barb&egrave;s, the 10-person brass ensemble pins Gypsy melodies against the sort of jazzy r&b horn collages you hear in movies adapted from Elmore Leonard books. The best part, though, is how they interact with their audience at their concerts, sometimes breaking the fourth wall, and really making each word in their name&#151;especially the last&#151;pull its weight.</p>",Barbes,NY,http://vvoice.vo.llnwd.net/e12/4232102.47.jpg
03/22/2011,http://www.villagevoice.com/events/chico-trujillo-2444910/,Chico Trujillo,204 Varick St.,New York,$12,,S.O.B.'s,NY,
03/25/2011,http://www.villagevoice.com/events/yutaka-oyama-and-masahiro-nitta-2464583/,Yutaka Oyama & Masahiro Nitta,881 7th Ave.,New York,$34-$46,,Zankel Hall at Carnegie,NY,
03/26/2011,http://www.villagevoice.com/events/afro-cuban-all-stars-2434651/,Afro-Cuban All Stars,2 W. 64th St.,New York,$45-$65,,The Concert Hall,NY,
03/26/2011,http://www.villagevoice.com/events/amir-vahab-2445307/,Amir Vahab,200 Hudson St.,New York,$12,,92Y Tribeca,NY,
03/18/2011,http://www.villagevoice.com/events/marcel-khalife-karine-hovhannisyan-and-david-krakauer-2444997/,"Marcel Khalife, Karine Hovhannisyan & David Krakauer",2537 Broadway,New York,$21-$45,With Philharmonia New York.</p>,Peter Norton Symphony Space,NY,
"05/27/2011, 06/03/2011, 06/10/2011, 06/17/2011, 05/20/2011, 05/13/2011, 05/06/2011, 04/29/2011, 04/15/2011, 04/08/2011, 04/01/2011, 03/25/2011, 03/18/2011, 04/22/2011",http://www.villagevoice.com/events/yuri-yunakov-and-grand-masters-of-gypsy-music-2044564/,Yuri Yunakov & Grand Masters of Gypsy Music,113 Ludlow,New York,$10,,Mehanata Bulgarian Bar,NY,
"03/25/2011, 06/17/2011, 06/10/2011, 06/03/2011, 05/27/2011, 05/20/2011, 05/13/2011, 05/06/2011, 04/29/2011, 04/22/2011, 04/15/2011, 04/08/2011, 03/18/2011, 04/01/2011",http://www.villagevoice.com/events/dj-poodlecannon-648484/,DJ Poodlecannon,113 Ludlow,New York,$5-$10,,Mehanata Bulgarian Bar,NY,
"03/25/2011, 03/18/2011, 06/10/2011, 05/13/2011, 04/01/2011, 04/15/2011, 04/29/2011, 06/03/2011, 05/27/2011, 05/20/2011, 05/06/2011, 04/08/2011, 06/17/2011, 04/22/2011",http://www.villagevoice.com/events/grand-masters-of-gypsy-music-651501/,Grand Masters of Gypsy Music,113 Ludlow,New York,$10,,Mehanata Bulgarian Bar,NY,
"05/19/2011, 03/24/2011, 03/31/2011, 04/07/2011, 04/14/2011, 04/21/2011, 04/28/2011, 05/05/2011, 05/12/2011, 06/16/2011, 06/09/2011, 06/02/2011, 05/26/2011",http://www.villagevoice.com/events/dj-hutz-648466/,DJ Hutz,113 Ludlow,New York,$10,Gogol Bordello's Eugene Hutz spins when not on tour; with Pedro.</p>,Mehanata Bulgarian Bar,NY,
"06/17/2011, 05/06/2011, 06/03/2011, 05/27/2011, 05/20/2011, 04/29/2011, 04/22/2011, 04/15/2011, 04/08/2011, 06/10/2011, 05/13/2011, 03/18/2011, 03/25/2011, 04/01/2011",http://www.villagevoice.com/events/manhattan-haitian-dance-party-310265/,'Manhattan Haitian Dance Party',204 Varick St.,New York,$18-$20,,S.O.B.'s,NY,
"05/14/2011, 06/18/2011, 03/19/2011, 03/26/2011, 04/02/2011, 04/09/2011, 04/16/2011, 04/23/2011, 04/30/2011, 05/07/2011, 06/11/2011, 06/04/2011, 05/28/2011, 05/21/2011",http://www.villagevoice.com/events/sapphire-saturdays-609991/,Sapphire Saturdays,249 Eldridge St.,New York,$5,,Sapphire,NY,
"03/19/2011, 06/18/2011, 06/11/2011, 04/30/2011, 04/23/2011, 04/16/2011, 04/09/2011, 04/02/2011, 03/26/2011, 06/04/2011, 05/28/2011, 05/21/2011, 05/14/2011, 05/07/2011",http://www.villagevoice.com/events/african-night-477203/,'African Night',773 St. Nicholas Ave.,New York,,,St. Nick's Pub,NY,
"05/08/2011, 05/01/2011, 04/17/2011, 03/20/2011, 03/27/2011, 04/03/2011, 04/24/2011, 04/10/2011, 06/12/2011, 06/05/2011, 05/29/2011, 05/22/2011, 05/15/2011",http://www.villagevoice.com/events/bossa-nova-brunch-667506/,'Bossa Nova Brunch',204 Varick St.,New York,$30,With Bossa Nova Trio.</p>,S.O.B.'s,NY,
"04/17/2011, 03/20/2011, 03/27/2011, 04/03/2011, 04/10/2011, 04/24/2011, 05/01/2011, 05/08/2011, 05/15/2011, 05/22/2011, 05/29/2011, 06/05/2011, 06/12/2011",http://www.villagevoice.com/events/stephane-wrembel-478439/,Stephane Wrembel,376 9th St.,Brooklyn,$10,,Barbes,NY,
"04/13/2011, 03/23/2011, 03/30/2011, 04/20/2011, 04/27/2011, 05/04/2011, 05/11/2011, 05/18/2011, 05/25/2011, 06/01/2011, 06/08/2011, 04/06/2011, 06/15/2011",http://www.villagevoice.com/events/little-rickys-rib-shack-303647/,Little Ricky's Rib Shack,419 W. 13th St.,New York,$10,"DJ Rich Medina spins soul, hip-hop, Afrobeat, and jazz downstairs.</p>",APT,NY,
"6/2/2011, 5/5/2011, 4/7/2011",http://www.villagevoice.com/events/basement-bhangra-310268/,Basement Bhangra,204 Varick St.,New York,$5-$16,DJ Rekha fuses East and West with traditional and Bollywood Indian music.</p>,S.O.B.'s,NY,
"3/20/2011, 4/17/2011, 5/15/2011",http://www.villagevoice.com/events/anonymous-679091/,Anonymous,113 Ludlow,New York,$10,Queerpunx dance party.</p>,Mehanata Bulgarian Bar,NY,
"03/31/2011, 04/07/2011, 04/14/2011, 04/21/2011, 04/28/2011, 05/05/2011, 05/12/2011, 05/19/2011, 05/26/2011, 06/02/2011, 06/09/2011, 06/16/2011, 03/24/2011",http://www.villagevoice.com/events/brooklyn-freestyle-sessions-219119/,'Brooklyn Freestyle Sessions',345 Grand St.,Brooklyn,,Live jazz/funk/Afro-dub soul jam sessions with Mobius Collective and rotating guests.</p>,Rose Live Music,NY,
"04/30/2011, 03/19/2011, 05/07/2011, 04/09/2011, 04/16/2011, 04/23/2011, 05/14/2011, 05/21/2011, 05/28/2011, 06/04/2011, 06/11/2011, 06/18/2011, 03/26/2011, 04/02/2011",http://www.villagevoice.com/events/samba-soul-389416/,'Samba Soul',204 Varick St.,New York,$10-$20,,S.O.B.'s,NY,
"04/15/2011, 06/17/2011, 06/10/2011, 06/03/2011, 05/27/2011, 05/20/2011, 05/13/2011, 05/06/2011, 04/29/2011, 04/22/2011, 04/08/2011, 04/01/2011, 03/25/2011, 03/18/2011",http://www.villagevoice.com/events/salsa-groove-389411/,'Salsa Groove',204 Varick St.,New York,$15,With Los Soneros de Oriente.</p>,S.O.B.'s,NY,
"04/24/2011, 06/12/2011, 06/05/2011, 05/29/2011, 05/22/2011, 05/15/2011, 05/08/2011, 05/01/2011, 04/17/2011, 04/10/2011, 04/03/2011, 03/27/2011, 03/20/2011",http://www.villagevoice.com/events/crash-course-karaoke-2062744/,'Crash Course Karaoke',157 Bleecker St.,New York,,,Kenny's Castaways,NY,
"03/22/2011, 06/14/2011, 06/07/2011, 05/31/2011, 05/24/2011, 05/17/2011, 05/10/2011, 05/03/2011, 04/26/2011, 04/19/2011, 04/12/2011, 04/05/2011, 03/29/2011",http://www.villagevoice.com/events/the-kings-of-karaoke-1811992/,The Kings of Karaoke,199 Bowery,New York,free,,Crash Mansion,NY,
"05/19/2011, 04/14/2011, 04/21/2011, 04/28/2011, 05/05/2011, 04/07/2011, 03/31/2011, 03/24/2011, 05/12/2011, 06/16/2011, 06/09/2011, 06/02/2011, 05/26/2011",http://www.villagevoice.com/events/sid-and-buddy-karaoke-477195/,'Sid & Buddy Karaoke',37 Greenpoint Ave.,Brooklyn,,,Red Star Sports Bar,NY,
"6/3/2011, 5/6/2011, 4/1/2011",http://www.villagevoice.com/events/metrojam-522733/,'Metrojam',34 W. 22nd St.,New York,$10,,Metropolitan Room,NY,
"05/24/2011, 06/14/2011, 06/07/2011, 05/31/2011, 05/17/2011, 05/10/2011, 05/03/2011, 04/26/2011, 03/22/2011, 03/29/2011, 04/05/2011, 04/12/2011, 04/19/2011",http://www.villagevoice.com/events/rock-n-twang-live-band-karaoke-506804/,'Rock 'N' Twang Live Band Karaoke',30 W. 26th St.,New York,free,,Hill Country Barbecue,NY,
03/24/2011,http://www.villagevoice.com/events/hydrogen-jukebox-2434664/,'Hydrogen Jukebox',29 Cornelia St.,New York,$7,,Cornelia Street Cafe,NY,
"04/04/2011, 03/28/2011, 05/30/2011, 05/23/2011, 05/16/2011, 05/09/2011, 05/02/2011, 04/25/2011, 04/18/2011, 04/11/2011, 06/06/2011, 06/13/2011, 03/21/2011",http://www.villagevoice.com/events/the-peoples-open-mic-1574354/,'The People's Open Mic',1039 Washington St.,Hoboken,free,,Maxwell's,NJ,
03/22/2011,http://www.villagevoice.com/events/jamie-woon-2445044/,Jamie Woon,289 Kent Ave.,Brooklyn,$10,"Already burned through your enthusiasm for the James Blake album? First, get a grip, then give this fellow future-soul Brit a try. Woon's 2010 single ""Night Air"" (coproduced by dubstep hotshot Burial) suggested an artier Craig David; his full-length debut is due out in the U.K. next month. With FaltyDL, Mux Mool, and Magick Mountain.</p>",Glasslands Gallery,NY,http://vvoice.vo.llnwd.net/e12/6090230.47.jpg
03/19/2011,http://www.villagevoice.com/events/simian-mobile-disco-skream-and-benga-fake-blood-2444939/,Simian Mobile Disco+Skream & Benga+Fake Blood,610 W. 56th St.,New York,$40-$45,,Terminal 5,NY,
03/19/2011,http://www.villagevoice.com/events/totally-enormous-extinct-dinosaurs-beni-palms-out-sound-djs-2444882/,Totally Enormous Extinct Dinosaurs+Beni+Palms Out Sound DJs,70 North 6th St.,Brooklyn,$10,,Public Assembly,NY,
03/24/2011,http://www.villagevoice.com/events/seoulsonic-2464639/,Seoulsonic,361 Metropolitan Ave.,Brooklyn,$15,,Knitting Factory,NY,
03/28/2011,http://www.villagevoice.com/events/art-vs-science-future-relative-2453633/,Art vs Science+Future Relative,217 E. Houston St.,New York,$12,,Mercury Lounge,NY,
"03/31/2011, 03/30/2011, 03/29/2011, 03/28/2011",http://www.villagevoice.com/events/lcd-soundsystem-2464542/,LCD Soundsystem,610 W. 56th St.,New York,sold out,,Terminal 5,NY,
"03/24/2011, 03/26/2011, 03/25/2011",http://www.villagevoice.com/events/allman-brothers-band-2417517/,Allman Brothers Band,2124 Broadway,New York,$65-$750,"Ah, springtime... Daylight savings happens, trips are planned to SXSW, and the Allmans play about 5,000 shows at their Gotham homebase. They reclaim the Beacon after the venue stupidly gave it to Cirque du Soleil last year, thinking the acrobats would bring more bodies than the jam band crowd. Gregg's in relatively good health again, so let the extended versions of ""Whipping Post"" unfurl and gawk at the special guests they roll out for each show.</p>",Beacon Theater,NY,http://vvoice.vo.llnwd.net/e12/6052123.47.jpg
"04/18/2011, 06/13/2011, 06/06/2011, 05/30/2011, 05/23/2011, 05/16/2011, 05/09/2011, 05/02/2011, 04/25/2011, 04/11/2011, 04/04/2011, 03/28/2011, 03/21/2011",http://www.villagevoice.com/events/acoustic-open-mic-and-jam-session-1589020/,'Acoustic Open Mic & Jam Session',157 Bleecker St.,New York,,,Kenny's Castaways,NY,
"03/25/2011, 03/27/2011, 03/26/2011",http://www.villagevoice.com/events/furthur-2464422/,Furthur,1260 Sixth Ave.,New York,$49.50-$69.50,,Radio City Music Hall,NY,
