moreInfoLink,title,venueAddress,endDate,description,venue,startDate,venuePhone
http://gonewport.com/ViewPage.aspx?id=175,23nd Annual Newport Winter Festival,"28 Pelham Street, Newport, RI 02840",02/27/2011,"Over 160 individual events, this Festival has become New England's largest winter extravaganza. Alive with sparkle and excitement, the Winter Festival offers a unique winter experience combining food, music, and entertainment for all ages.",Marketing & Events,02/18/2011,401-847-7666
http://gonewport.com/ViewPage.aspx?id=175,Newport Irish Heritage Month,"Citywide, Newport, RI 02840",03/31/2011,Celebrate all that is Irish during this exciting month-long event.,AOH Newport,03/01/2011,401-847-8671
http://gonewport.com/ViewPage.aspx?id=175,23rd Annual Newport Winter Festival,"28 Pelham Street, Newport, RI 02840",02/27/2011,"Over 160 individual events, this Festival has become New England's largest winter extravaganza. Alive with sparkle and excitement, the Winter Festival offers a unique winter experience combining food, music, and entertainment for all ages.",Marketing & Events,02/18/2011,401-847-7666
http://gonewport.com/ViewPage.aspx?id=175,Discover Colonial Newport History Walking Tour,"127 Thames Street, Newport, RI 02840",02/27/2011,"Hear stories of revolution and ruin, struggles for religious liberty and remarkable entrepreneurship among Newport’s diverse people. This 10am tour costs $12 per person, $10 with Newport Winter Festival button and lasts 75 minutes.",Museum & Shop at Brick Market,02/18/2011,401-841-8770
http://gonewport.com/ViewPage.aspx?id=175,Colonial Sites Tour,"127 Thames Street, Newport, RI 02840",02/23/2011,"During the Colonial Sites Tour, take a guided tour inside two of Newport’s historic landmarks and backdrops to the American Revolution. Visit the 1739 Colony House, built to house R.I. government meetings, and the c.1697 Wanton-Lyman-Hazard House, Newport’s oldest house museum. This 11:30am tour costs $12 per person, $10 with Newport Winter Festival button, and lasts 75 minutes. Weather permitting. Tour space is limited. Reservations recommended.",Museum & Shop at Brick Market,02/23/2011,401-841-8770
http://gonewport.com/ViewPage.aspx?id=175,Colonial Meeting House Sites Tour,"127 Thames Street, Newport, RI 02840",02/24/2011,"During the Meeting House Site Tour visit 2 of Newport’s earliest houses of worship, which illustrate Newport’s commitment to religious freedom. Tour the 1699 Great Friends Meeting House, built for the Society of Friends, and the newly restored 1730 Seventh Day Baptist Meeting House. This 11:30am tour costs $12 per person, $10 with Newport Winter Festival button, and lasts 75 minutes. Weather permitting. Tour space is limited. Reservations recommended.",Museum & Shop at Brick Market,02/24/2011,401-841-8770
http://gonewport.com/ViewPage.aspx?id=175,Tastes of the Working Waterfront,"416 Thames Street, Newport, RI 02840",02/24/2011,"Taste, touch and smell your way through history on the 11am Tastes of the Working Waterfront tour. Learn about the sailors, merchants and immigrants who lived and worked along Lower Thames. Tickets  sold at the tour departure point, Whitehorne House Museum, 416 Thames Street, Newport, RI. Tour costs $12 per person, $10 with Newport Winter Festival button, and lasts 75 minutes. Weather permitting. Tour space is limited. Reservations suggested.",Whitehorne House Museum,02/24/2011,401-841-8770
http://gonewport.com/ViewPage.aspx?id=175,Road to Independence History Walking Tour,"127 Thames Street, Newport, RI 02840",02/25/2011,"Between riots and rebellion, British enemies and Patriot allies, hear stories from the years surrounding the American Revolution in Newport on the tour Road to Independence. This debut, limited engagement tour will be offered once on Friday February 25th at 11am. Tour costs $12 per person, $10 with Newport Winter Festival button, and lasts 75 minutes. Weather permitting. Tour space is limited. Reservations strongly suggested.",Museum & Shop at Brick Market,02/25/2011,401-841-8770
http://gonewport.com/ViewPage.aspx?id=175,Colonial Sites Tour,"127 Thames Street, Newport, RI 02840",02/25/2011,"During the Colonial Sites Tour, take a guided tour inside two of Newport’s historic landmarks and backdrops to the American Revolution. Visit the 1739 Colony House, built to house R.I. government meetings, and the c.1697 Wanton-Lyman-Hazard House, Newport’s oldest house museum. This 11:30am tour costs $12 per person, $10 with Newport Winter Festival button, and lasts 75 minutes. Weather permitting. Tour space is limited. Reservations recommended.",Museum & Shop at Brick Market,02/25/2011,401-841-8770
http://gonewport.com/ViewPage.aspx?id=175,Lantern Tour of Colonial Newport,"127 Thames Street, Newport, RI 02840",02/25/2011,"Feel transported through time to the heyday of this thriving colonial metropolis on a lantern-lit stroll through Newport’s Historic Hill on the Lantern Tour of Colonial Newport. This 4:30pm tour costs $12 per person, $10 with Newport Winter Festival button, and lasts 75 minutes. Weather permitting. Tour space is limited to 20. Reservations recommended.",Museum & Shop at Brick Market,02/25/2011,401-841-8770
http://gonewport.com/ViewPage.aspx?id=175,Colonial Sites Tour,"127 Thames Street, Newport, RI 02840",02/26/2011,"During the Colonial Sites Tour, take a guided tour inside two of Newport’s historic landmarks and backdrops to the American Revolution. Visit the 1739 Colony House, built to house R.I. government meetings, and the c.1697 Wanton-Lyman-Hazard House, Newport’s oldest house museum. This 11:30am tour costs $12 per person, $10 with Newport Winter Festival button, and lasts 75 minutes. Weather permitting. Tour space is limited. Reservations recommended.",Museum & Shop at Brick Market,02/26/2011,401-841-8770
http://gonewport.com/ViewPage.aspx?id=175,Rogues and Scoundrels History Walking Tour,"127 Thames Street, Newport, RI 02840",02/26/2011,"See where scoundrels lived, where pirates profited and where criminals were put on trial and punished. Find out why this colony was known as “Rogue’s Island.” This 11am tour costs $12 per person, $10 with Newport Winter Festival button, and lasts 75 minutes. Weather permitting. Tour space is limited. Reservations recommended.",Museum & Shop at Brick Market,02/26/2011,401-841-8770
http://gonewport.com/ViewPage.aspx?id=175,Gilbert Stuart and His Times,"212 Bellevue Avenue, Newport, RI 02840",02/28/2011,A Vareika Gallery exhibition to benefit the Gilbert Stuart birthplace and museum. Featuring over Fifty artworks by the renowned American portraitist Gilbert Stuart and some of his contemporaries. Free Admission.,William Vareika FineArts Ltd,02/01/2011,401-849-6149
http://gonewport.com/ViewPage.aspx?id=175,Visit the American Revolution,"Washington Square, Newport, RI 02840",02/24/2011,"Join Norman Desmarais, author of ""The Guide to the American Revolutionary War in Canada and New England"" for a  6pm lecture about local sites from the American Revolution. $5 per person, $4 with Winter Festival button",Colony House,02/24/2011,401-841-8770
http://gonewport.com/ViewPage.aspx?id=175,The Bit Players: Comedy Improv,"4 Equality Park Place, Newport, RI 02840",02/26/2011,"8pm. High-energy, fast-paced improvisation with various bits, diverse performers, and the always popular participation from the audience there is no telling what might happen when The Bit Players hit the stage - one thing is for certain; you will laugh! Much like the hit TV show ""Whose Line Is It Anyway?"" Everything is entirely made up on the spot, in front of your eyes from characters to scenes to stories to music! Mention GoNewport and get $5 off. Always BYOB",Firehouse Theater,02/25/2011,401-849-3473
http://gonewport.com/ViewPage.aspx?id=175,Historic Foodways and Hearth Cooking Workshop,"1 Coggeshall Farm Road, Bristol, RI 02809",02/26/2011,"Participants will spend an evening at Coggeshall Farm Museum exploring what it meant to ""eat local"" in 1790's Rhode Island. Working from Amelia Simmons' American Cookery, the first American cookbook, originally published in 1796, guests will prepare several receipts at the hearth using produce raised on the farm before sitting down to enjoy dinner by candlelight.  Limited to eight participants and is intended for ages 16 and up. Reservations are required. 4pm-8pm. $60.00 pp & $50.00 for members.",Coggeshall Farm Museum,02/26/2011,401-253-9062
http://gonewport.com/ViewPage.aspx?id=175,Newport Irish Heritage Month,"Citywide, Newport, RI 02840",03/31/2011,Celebrate all that is Irish during this exciting month-long event.,AOH Newport,03/01/2011,401-847-8671
http://gonewport.com/ViewPage.aspx?id=175,Gilbert Stuart and His Times,"212 Bellevue Avenue, Newport, RI 02840",03/06/2011,A Vareika Gallery exhibition to benefit the Gilbert Stuart birthplace and museum. Featuring over Fifty artworks by the renowned American portraitist Gilbert Stuart and some of his contemporaries. Free Admission.,William Vareika FineArts Ltd,03/01/2011,401-849-6149
http://gonewport.com/ViewPage.aspx?id=175,The Bit Players: Comedy Improv,"4 Equality Park Place, Newport, RI 02840",03/05/2011,"8pm. High-energy, fast-paced improvisation with various bits, diverse performers, and the always popular participation from the audience there is no telling what might happen when The Bit Players hit the stage - one thing is for certain; you will laugh! Much like the hit TV show ""Whose Line Is It Anyway?"" Everything is entirely made up on the spot, in front of your eyes from characters to scenes to stories to music! Mention GoNewport and get $5 off. Always BYOB",Firehouse Theater,03/04/2011,401-849-3473
http://gonewport.com/ViewPage.aspx?id=175,The Bit Players: Comedy Improv,"4 Equality Park Place, Newport, RI 02840",03/12/2011,"8pm. High-energy, fast-paced improvisation with various bits, diverse performers, and the always popular participation from the audience there is no telling what might happen when The Bit Players hit the stage - one thing is for certain; you will laugh! Much like the hit TV show ""Whose Line Is It Anyway?"" Everything is entirely made up on the spot, in front of your eyes from characters to scenes to stories to music! Mention GoNewport and get $5 off. Always BYOB",Firehouse Theater,03/11/2011,401-849-3473
http://gonewport.com/ViewPage.aspx?id=175,Passport Wine Tasting Series,"150 Conanicus Avenue, Jamestown, RI 02835",03/11/2011,"The Bay Voyage Inn presents a Passport Wine Tasting Series, Sponsored by Johnson Brothers. Each will take place from 6pm-8pm in the Bay Voyage Harbor Room. Entry is $30.00 per person at the door or reserve a Passport for the entire 6 night series for $150.00. Enjoy our waterfront view, a selection of wines, and pairings created by our Chef de Cuisine from each region of the evening! The second date on Friday, March 11th will feature an array from Spain, France, and Italy.",Bay Voyage Inn,03/11/2011,401-423-2100
http://gonewport.com/ViewPage.aspx?id=175,Saint Patrick's Day Parade,"Downtown, Newport, RI",03/12/2011,"11am. Find your best green attire, keep your eyes open for leprechauns, and join in the revelry to celebrate St. Patrick's Day in Newport! The parade begins at 11 a.m. at City Hall, runs through Washington Square, down Thames Street, and ends at St. Augustine's Church.",,03/12/2011,401-845-9123
http://gonewport.com/ViewPage.aspx?id=175,Historic Foodways and Hearth Cooking Workshop,"1 Coggeshall Farm Road, Bristol, RI 02809",03/12/2011,"Participants will spend an evening at Coggeshall Farm Museum exploring what it meant to ""eat local"" in 1790's Rhode Island. Working from Amelia Simmons' American Cookery, the first American cookbook, originally published in 1796, guests will prepare several receipts at the hearth using produce raised on the farm before sitting down to enjoy dinner by candlelight.  Limited to eight participants and is intended for ages 16 and up. Reservations are required. 4pm-8pm. $60.00 pp & $50.00 for members.",Coggeshall Farm Museum,03/12/2011,401-253-9062
http://gonewport.com/ViewPage.aspx?id=175,The Bit Players: Comedy Improv,"4 Equality Park Place, Newport, RI 02840",03/19/2011,"8pm. High-energy, fast-paced improvisation with various bits, diverse performers, and the always popular participation from the audience there is no telling what might happen when The Bit Players hit the stage - one thing is for certain; you will laugh! Much like the hit TV show ""Whose Line Is It Anyway?"" Everything is entirely made up on the spot, in front of your eyes from characters to scenes to stories to music! Mention GoNewport and get $5 off. Always BYOB",Firehouse Theater,03/18/2011,401-849-3473
http://gonewport.com/ViewPage.aspx?id=175,The Bit Players: Comedy Improv,"4 Equality Park Place, Newport, RI 02840",03/26/2011,"8pm. High-energy, fast-paced improvisation with various bits, diverse performers, and the always popular participation from the audience there is no telling what might happen when The Bit Players hit the stage - one thing is for certain; you will laugh! Much like the hit TV show ""Whose Line Is It Anyway?"" Everything is entirely made up on the spot, in front of your eyes from characters to scenes to stories to music! Mention GoNewport and get $5 off. Always BYOB",Firehouse Theater,03/25/2011,401-849-3473
http://gonewport.com/ViewPage.aspx?id=175,Newport Restaurant Week Spring,"Newport & Bristol County, , RI",04/03/2011,"A three-course meal from some of the finest area restaurant without breaking the bank! From a steaming cup of chowder overlooking the harbor to fine dining in romantic restaurants, Newport & Bristol County restaurants offer an array of creative menus. $16 for a three-course lunch and $30 for a three-course dinner.",,03/25/2011,401-845-9123
http://gonewport.com/ViewPage.aspx?id=175,Historic Foodways and Hearth Cooking Workshop,"1 Coggeshall Farm Road, Bristol, RI 02809",03/26/2011,"Participants will spend an evening at Coggeshall Farm Museum exploring what it meant to ""eat local"" in 1790's Rhode Island. Working from Amelia Simmons' American Cookery, the first American cookbook, originally published in 1796, guests will prepare several receipts at the hearth using produce raised on the farm before sitting down to enjoy dinner by candlelight.  Limited to eight participants and is intended for ages 16 and up. Reservations are required. 4pm-8pm. $60.00 pp & $50.00 for members.",Coggeshall Farm Museum,03/26/2011,401-253-9062
http://gonewport.com/ViewPage.aspx?id=175,Newport Art Museum Annual Members' Juried Exhibition,"76 Bellevue Avenue, Newport, RI 02840",04/30/2011,"Rhode Island's largest and most comprehensive exhibition of regional contemporary art showcases new work by some of the region's brightest lights, rising stars and undiscovered talents. Admission for non-members: $10 adults, $8 seniors, $6 students/military with valid ID, by donation Sat 10 am-12 pm; Members: free.",Newport Art Museum,04/01/2011,401-848-8200
http://gonewport.com/ViewPage.aspx?id=175,Colony House and Wanton-Lyman-Hazard House Historic Sites Tour,"127 Thames Street, Newport, RI 02840",04/02/2011,"Tour the 1739 Colony House, built to house RI government meetings, and the 1697 Wanton-Lyman-Hazard House, Newport's oldest house museum. Reservations suggested for this 11:30am tour.",Museum & Shop at Brick Market,04/02/2011,401-841-8770
http://gonewport.com/ViewPage.aspx?id=175,Discover Colonial Newport,"127 Thames Street, Newport, RI 02840",04/02/2011,"Hear stories of revolution and ruin, struggles for religious liberty and remarkable entrepreneurship among Newport's diverse people. $12 per person",Museum & Shop at Brick Market,04/02/2011,401-841-8770
http://gonewport.com/ViewPage.aspx?id=175,Discover Colonial Newport,"127 Thames Street, Newport, RI 02840",04/03/2011,"Hear stories of revolution and ruin, struggles for religious liberty and remarkable entrepreneurship among Newport's diverse people. $12 per person",Museum & Shop at Brick Market,04/03/2011,401-841-8770
http://gonewport.com/ViewPage.aspx?id=175,3rd Annual Food & Wine Expo,"65 Ridge Road, Newport, RI 02840",04/07/2011,"6pm-9pm. Ocean Cliff Hotel, Sardella's Restaurant, and the Marina Café & Pub will be hosting the 3rd Annual Food & Wine Expo. There will be numerous purveyors showcasing artisan cheeses, meats, breads, olive oils, and several other food and beverage related goods. Various local and international wine and beer producers will be exhibiting their products, as well. In addition, there will be live entertainment provided by The Dick Lupino Quartet, and the Rogers, Middletown, and Portsmouth Bands. All of the proceeds raised at the event will be split evenly, and donated to the music departments at Rogers High School, Middletown High School, and Portsmouth High School. $25 per person. This is a 21 years and older event.",Ocean Cliff Hotel,04/07/2011,401-855-3475
http://gonewport.com/ViewPage.aspx?id=175,Colony House and Wanton-Lyman-Hazard House Historic Sites Tour,"127 Thames Street, Newport, RI 02840",04/09/2011,"Tour the 1739 Colony House, built to house RI government meetings, and the 1697 Wanton-Lyman-Hazard House, Newport's oldest house museum. Reservations suggested for this 11:30am tour.",Museum & Shop at Brick Market,04/09/2011,401-841-8770
http://gonewport.com/ViewPage.aspx?id=175,Discover Colonial Newport,"127 Thames Street, Newport, RI 02840",04/09/2011,"Hear stories of revolution and ruin, struggles for religious liberty and remarkable entrepreneurship among Newport's diverse people. $12 per person",Museum & Shop at Brick Market,04/09/2011,401-841-8770
http://gonewport.com/ViewPage.aspx?id=175,Discover Colonial Newport,"127 Thames Street, Newport, RI 02840",04/10/2011,"Hear stories of revolution and ruin, struggles for religious liberty and remarkable entrepreneurship among Newport's diverse people. $12 per person",Museum & Shop at Brick Market,04/10/2011,401-841-8770
http://gonewport.com/ViewPage.aspx?id=175,Daffodil Days at Blithewold,"101 Ferry Road, Bristol, RI 02809",04/30/2011,"Celebrate spring at this beautiful thirty-three acre estate on Narragansett Bay with a spectacular display of more than 50,000 daffodils. April 10 - May 1, 2011.","Blithwold Mansion, Garden & Arboretum",04/10/2011,401-253-2707
http://gonewport.com/ViewPage.aspx?id=175,Colony House and Wanton-Lyman-Hazard House Historic Sites Tour,"127 Thames Street, Newport, RI 02840",04/16/2011,"Tour the 1739 Colony House, built to house RI government meetings, and the 1697 Wanton-Lyman-Hazard House, Newport's oldest house museum. Reservations suggested for this 11:30am tour.",Museum & Shop at Brick Market,04/16/2011,401-841-8770
http://gonewport.com/ViewPage.aspx?id=175,Discover Colonial Newport,"127 Thames Street, Newport, RI 02840",04/16/2011,"Hear stories of revolution and ruin, struggles for religious liberty and remarkable entrepreneurship among Newport's diverse people. $12 per person",Museum & Shop at Brick Market,04/16/2011,401-841-8770
http://gonewport.com/ViewPage.aspx?id=175,Discover Colonial Newport,"127 Thames Street, Newport, RI 02840",04/17/2011,"Hear stories of revolution and ruin, struggles for religious liberty and remarkable entrepreneurship among Newport's diverse people. $12 per person",Museum & Shop at Brick Market,04/17/2011,401-841-8770
http://gonewport.com/ViewPage.aspx?id=175,Discover Colonial Newport,"127 Thames Street, Newport, RI 02840",04/23/2011,"Hear stories of revolution and ruin, struggles for religious liberty and remarkable entrepreneurship among Newport's diverse people. $12 per person",Museum & Shop at Brick Market,04/23/2011,401-841-8770
http://gonewport.com/ViewPage.aspx?id=175,Colony House and Wanton-Lyman-Hazard House Historic Sites Tour,"127 Thames Street, Newport, RI 02840",04/23/2011,"Tour the 1739 Colony House, built to house RI government meetings, and the 1697 Wanton-Lyman-Hazard House, Newport's oldest house museum. Reservations suggested for this 11:30am tour.",Museum & Shop at Brick Market,04/23/2011,401-841-8770
http://gonewport.com/ViewPage.aspx?id=175,Easter Egg Hunt,"548 Bellevue Avenue, Newport, RI 02840",04/23/2011,"The Preservation Society of Newport County invites you to bring the children to meet the Easter Bunny. Reservations required.  Visit website for ticket prices and to make reservations, or call.",Rosecliff,04/23/2011,401-847-1000
http://gonewport.com/ViewPage.aspx?id=175,Colony House and Wanton-Lyman-Hazard House Historic Sites Tour,"127 Thames Street, Newport, RI 02840",04/30/2011,"Tour the 1739 Colony House, built to house RI government meetings, and the 1697 Wanton-Lyman-Hazard House, Newport's oldest house museum. Reservations suggested for this 11:30am tour.",Museum & Shop at Brick Market,04/30/2011,401-841-8770
http://gonewport.com/ViewPage.aspx?id=175,Discover Colonial Newport,"127 Thames Street, Newport, RI 02840",04/30/2011,"Hear stories of revolution and ruin, struggles for religious liberty and remarkable entrepreneurship among Newport's diverse people. $12 per person",Museum & Shop at Brick Market,04/30/2011,401-841-8770
http://gonewport.com/ViewPage.aspx?id=175,Marian O'Connell: Artist Books and Etchings,"76 Bellevue Avenue, Newport, RI 02840",03/13/2011,"Marian O'Connell's exquisite intaglio prints are inspired by things she loves: New England flowers, gardens and architecture. O'Connell's hand-painted accordion book Walls, Gates and Fences, 2008 won ""Best in Show"" and the ""Newport Art Museum Award"" in the 2009 Newport Annual Members' Juried Exhibition. Museum members free; non-members $10 suggested donation.",Newport Art Museum,03/01/2011,401-848-8200
http://gonewport.com/ViewPage.aspx?id=175,William Klenk: Collage Paintings,"76 Bellevue Avenue, Newport, RI 02840",03/20/2011,"William Klenk's painterly collages have a transformative power that ""connects us to our world in a different way than painting does. Collage uses actual material from our lives - bits of signs, posters and letters - and combines them in a way that transforms the elements into something else."" Klenk has taught drawing and painting at the University of Rhode Island for five decades.",Newport Art Museum,03/01/2011,401-848-8200
http://gonewport.com/ViewPage.aspx?id=175,Newport Art Museum Annual Members' Juried Exhibition,"76 Bellevue Avenue, Newport, RI 02840",03/31/2011,"Rhode Island's largest and most comprehensive exhibition of regional contemporary art showcases new work by some of the region's brightest lights, rising stars and undiscovered talents. Admission for non-members: $10 adults, $8 seniors, $6 students/military with valid ID, by donation Sat 10 am-12 pm; Members: free.",Newport Art Museum,03/01/2011,401-848-8200
http://gonewport.com/ViewPage.aspx?id=175,Newport Cooks! The Mysteries of Baking Revealed,"35 King Street, Newport, RI 02840",03/03/2011,"Taught by Chef Karen Benjamin, The Creative Cake Company. Come to one class or take all three and you too can unravel the many mysteries of baking. $50 per class. Class I: Cakes with the Expert – February 17th. Class II: Pastry & Crusts – February 24th. Class III: Custards – March 3rd.",Edward King House,03/03/2011,401-293-0740
http://gonewport.com/ViewPage.aspx?id=175,Jamestown: A History of Narragansett Bay’s Island Town,"Washington Square, Newport, RI 02840",03/03/2011,"Rosemary Enright and Sue Maden, authors of the new book ""Jamestown:, will discuss how Jamestown’s history has been shaped by its geography. Jamestown was part of the larger world when merchants and travelers used the common roadway of the bay. As the speed of transportation on land increased, that same bay isolated the town. Enright and Maden will share how the island developed into the community it is today. $5 per person, Reservations requested.",Colony House,03/03/2011,401-841-8770
http://gonewport.com/ViewPage.aspx?id=175,Music Series at Trinity: Matthew Truss and Brent Erstad,"Queen Anne Square, Newport, RI 02840",03/04/2011,"This opening program will feature American countertenor Matthew Truss and pianist Brent Erstad in an evening of French Melodies and American Spirituals. Mr. Truss has garnered international acclaim both on the concert and opera stage. Praised for his “mellifluous voice and ebullient manner,” he is making his mark as a young performer whose “precocious voice boasts both beauty and volume.”",Trinity Church,03/04/2011,401-846-0660
http://gonewport.com/ViewPage.aspx?id=175,"Newport Cooks! Laissez Les Bon Temps Rouler: Cajun, Creole & Louisiana Cookin’ on Mardi Gras","35 King Street, Newport, RI 02840",03/08/2011,"The good times will be rolling in this cooking class as we celebrate Mardi Gras with Private Chefs Sophia Pendergast & Miles Chandler of Saucery. Their love of New Orleans spills over into their extensive culinary knowledge of Cajun, Creole & local cuisine. Open any Louisiana cookbook and you’ll see, “first you make a roux”. In class you’ll make a roux as we learn to prepare Crawfish Etouffee & other flavorful & spicy delights. Wine tasting to compliment the meal. Class fee: $50",Edward King House,03/08/2011,401-293-0740
http://gonewport.com/ViewPage.aspx?id=175,Newport Cooks! Modern Local Fresh on The Ides of March,"35 King Street, Newport, RI 02840",03/15/2011,"Taught by Food & Wine Magazine nominated Best Chef of the Year Jake Rojas. With a main course of pork, you’ll be certain it is local & prepared with an artist’s eye for detail. Chef Jake will share valuable tips for sourcing the best ingredients & kitchen secrets for prepping & preparing a 3-course meal like you might eat at delightful Tallulah on Thames.  Even seasoned cooks will take home nuggets of gold from this bright and talented Chef!  Wine tasting to compliment the meal. Class fee:$50",Edward King House,03/15/2011,401-293-0740
http://gonewport.com/ViewPage.aspx?id=175,"An Affinity with Newport: The 18th Century Architecture of Marblehead, MA","Washington Square, Newport, RI 02840",03/24/2011,"Historian Judy Anderson will discuss the colonial architectural heritage of Marblehead, MA which shares much in common with Newport, RI. Hundreds of pre-Revolutionary War homes line the streets of both communities. She will focus on the colonial architecture of Marblehead, placing it in context with the town’s colonial-era history & discuss conditions for construction, survival & preservation. $5 per person. A joint program between Newport Historical Society & Newport Restoration Foundation.",Colony House,03/24/2011,401-841-8770
http://gonewport.com/ViewPage.aspx?id=175,A Night of Irish Music with Robbie O’Connell,"500 Hope Street, Bristol, RI 02809",03/25/2011,"Robbie O’Connell, a Clancy family Irish folk performer, will grace the mansion parlors with an intimate performance on at 7:30pm. Within recent years, Robbie O’Connell  has performed solo throughout the East Coast as well as in Ireland. Tickets are $20, $15 for Linden Place Members, free for Colt Circle members and includes a wine reception to meet the performer.  Reservations are recommended.",Linden Place Museum,03/25/2011,401-253-0390
http://gonewport.com/ViewPage.aspx?id=175,Estate Gardeners of Newport: Putting a Human Face on Newport’s Horticultural History,"Washington Square, Newport, RI 02840",03/31/2011,"Harry Eudenbach, author of ""Estate Gardeners of Newport: A Horticultural Legacy"", will highlight how Newport’s rich Colonial history set the stage for two centuries of horticultural pursuits by well-to-do Aquidneck Island estate owners. He will focus on the individual gardeners who cared for and nurtured Newport’s renowned gardens and landscapes. Reservations requested. $5 per person",Colony House,03/31/2011,401-841-8770
http://gonewport.com/ViewPage.aspx?id=175,"ACA ""Spring Into Art""","P.O. Box 746, Newport, RI 02840",04/23/2011,"Arts & Cultural Alliance of Newport County ""Spring Into Art"" is a week long celebration of local artists and arts venues events happening in Newport County during spring break.",Arts & Cultural Alliance of Newport County,04/16/2011,401-849-6200
http://gonewport.com/ViewPage.aspx?id=175,Discover Colonial Newport,"127 Thames Street, Newport, RI 02840",05/01/2011,"Hear stories of revolution and ruin, struggles for religious liberty and remarkable entrepreneurship among Newport's diverse people. $12 per person",Museum & Shop at Brick Market,05/01/2011,401-841-8770
http://gonewport.com/ViewPage.aspx?id=175,Newport Art Museum Annual Members' Juried Exhibition,"76 Bellevue Avenue, Newport, RI 02840",05/22/2011,"Rhode Island's largest and most comprehensive exhibition of regional contemporary art showcases new work by some of the region's brightest lights, rising stars and undiscovered talents. Admission for non-members: $10 adults, $8 seniors, $6 students/military with valid ID, by donation Sat 10 am-12 pm; Members: free.",Newport Art Museum,05/01/2011,401-848-8200
http://gonewport.com/ViewPage.aspx?id=175,The Aquidneck Island National Police Parade,,05/01/2011,"11:50am stepping off at The Hampton Inn (West Main Road, Middletown) and ending in front of the Newport Police Department.",,05/01/2011,
http://gonewport.com/ViewPage.aspx?id=175,Daffodil Days at Blithewold,"101 Ferry Road, Bristol, RI 02809",05/01/2011,"Celebrate spring at this beautiful thirty-three acre estate on Narragansett Bay with a spectacular display of more than 50,000 daffodils. April 10 - May 1, 2011.","Blithwold Mansion, Garden & Arboretum",05/01/2011,401-253-2707
http://gonewport.com/ViewPage.aspx?id=175,5th Annual Hidden Kitchen Tour of Portsmouth,,05/06/2011,"Experience the Beauty of Portsmouth's Hearths and Homes - The Hidden Kitchens of Portsmouth Tour is in its fifth year as a fundraiser for the Portsmouth Public Education Foundation.  Seven unique Portsmouth kitchens will be open to the public from 11am-7pm. The kitchens were selected for their unique features and varied locations throughout Portsmouth. The tour features tastings along the way from local restaurants, caterers and merchants.Tickets are $25.",Portsmouth Public Education Foundation,05/06/2011,
http://gonewport.com/ViewPage.aspx?id=175,"Michael Mack:  Hearing Voices, Speaking in Tongues","Purgatory Road, Middletown, RI 02842",05/06/2011,"Harbor House, RI's first independent clubhouse, a place where those with mental illness can rebuild their lives through a work-ordered days presents Michael Mack:  Hearing Voices, Speaking With Tongues. Mack's comedic drama unfolds through narrative-form poems which give an intimate look into family dynamics around mental illness, complete with difficulties, desperation, love, and hope. This brilliant, creative one-man show is a powerful and unique form of art.",Saint George's School,05/06/2011,401-846-9003
http://gonewport.com/ViewPage.aspx?id=175,Colony House and Wanton-Lyman-Hazard House Historic Sites Tour,"127 Thames Street, Newport, RI 02840",05/07/2011,"Tour the 1739 Colony House, built to house RI government meetings, and the 1697 Wanton-Lyman-Hazard House, Newport's oldest house museum. Reservations suggested for this 11:30am tour.",Museum & Shop at Brick Market,05/07/2011,401-841-8770
http://gonewport.com/ViewPage.aspx?id=175,Discover Colonial Newport,"127 Thames Street, Newport, RI 02840",05/07/2011,"Hear stories of revolution and ruin, struggles for religious liberty and remarkable entrepreneurship among Newport's diverse people. $12 per person",Museum & Shop at Brick Market,05/07/2011,401-841-8770
http://gonewport.com/ViewPage.aspx?id=175,Rogues & Scoundrels History Walking Tour,"127 Thames Street, Newport, RI 02840",05/07/2011,"See where scoundrels lived, where pirates profited and where criminals were put on trial and punished. Find out why this colony was known as ""Rogue's Island."" Reservations requested. $12 per person.",Museum & Shop at Brick Market,05/07/2011,401-841-8770
http://gonewport.com/ViewPage.aspx?id=175,Discover Colonial Newport,"127 Thames Street, Newport, RI 02840",05/08/2011,"Hear stories of revolution and ruin, struggles for religious liberty and remarkable entrepreneurship among Newport's diverse people. $12 per person",Museum & Shop at Brick Market,05/08/2011,401-841-8770
http://gonewport.com/ViewPage.aspx?id=175,Passport Wine Tasting Series,"150 Conanicus Avenue, Jamestown, RI 02835",05/13/2011,"The Bay Voyage Inn presents a Passport Wine Tasting Series, Sponsored by Johnson Brothers. Each will take place from 6pm-8pm in the Bay Voyage Harbor Room. Entry is $30.00 per person at the door or reserve a Passport for the entire 6 night series for $150.00. Enjoy our waterfront view, a selection of wines, and pairings created by our Chef de Cuisine from each region of the evening! The third date on Friday, May 13th, 2011 will feature wines from Down Under; focused on Australia & New Zealand.",Bay Voyage Inn,05/13/2011,401-423-2100
http://gonewport.com/ViewPage.aspx?id=175,Discover Colonial Newport,"127 Thames Street, Newport, RI 02840",05/14/2011,"Hear stories of revolution and ruin, struggles for religious liberty and remarkable entrepreneurship among Newport's diverse people. $12 per person",Museum & Shop at Brick Market,05/14/2011,401-841-8770
http://gonewport.com/ViewPage.aspx?id=175,The Working Waterfront History Walking Tour,"415 Thames Street, Newport, RI 02840",05/14/2011,"Walk in the footsteps of the women and men -- sailors, merchants, immigrants -- who once lived and worked in the Lower Thames neighborhood on a tour that engages the senses. $12 per person. Departs at 11am.",NRF Museum Store,05/14/2011,401-324-6111
http://gonewport.com/ViewPage.aspx?id=175,Colony House and Wanton-Lyman-Hazard House Historic Sites Tour,"127 Thames Street, Newport, RI 02840",05/14/2011,"Tour the 1739 Colony House, built to house RI government meetings, and the 1697 Wanton-Lyman-Hazard House, Newport's oldest house museum. Reservations suggested for this 11:30am tour.",Museum & Shop at Brick Market,05/14/2011,401-841-8770
http://gonewport.com/ViewPage.aspx?id=175,Discover Colonial Newport,"127 Thames Street, Newport, RI 02840",05/15/2011,"Hear stories of revolution and ruin, struggles for religious liberty and remarkable entrepreneurship among Newport's diverse people. $12 per person",Museum & Shop at Brick Market,05/15/2011,401-841-8770
http://gonewport.com/ViewPage.aspx?id=175,Discover Colonial Newport,"127 Thames Street, Newport, RI 02840",05/21/2011,"Hear stories of revolution and ruin, struggles for religious liberty and remarkable entrepreneurship among Newport's diverse people. $12 per person",Museum & Shop at Brick Market,05/21/2011,401-841-8770
http://gonewport.com/ViewPage.aspx?id=175,Colony House and Wanton-Lyman-Hazard House Historic Sites Tour,"127 Thames Street, Newport, RI 02840",05/21/2011,"Tour the 1739 Colony House, built to house RI government meetings, and the 1697 Wanton-Lyman-Hazard House, Newport's oldest house museum. Reservations suggested for this 11:30am tour.",Museum & Shop at Brick Market,05/21/2011,401-841-8770
http://gonewport.com/ViewPage.aspx?id=175,Road to Independence,"127 Thames Street, Newport, RI 02840",05/21/2011,"Riots and rebellion, enemies and allies! Learn about Newport in the years surrounding the American Revolution. Reservations suggested. $12 per person",Museum & Shop at Brick Market,05/21/2011,401-841-8770
http://gonewport.com/ViewPage.aspx?id=175,Discover Colonial Newport,"127 Thames Street, Newport, RI 02840",05/22/2011,"Hear stories of revolution and ruin, struggles for religious liberty and remarkable entrepreneurship among Newport's diverse people. $12 per person",Museum & Shop at Brick Market,05/22/2011,401-841-8770
http://gonewport.com/ViewPage.aspx?id=175,Discover Colonial Newport,"127 Thames Street, Newport, RI 02840",05/28/2011,"Hear stories of revolution and ruin, struggles for religious liberty and remarkable entrepreneurship among Newport's diverse people. $12 per person",Museum & Shop at Brick Market,05/28/2011,401-841-8770
http://gonewport.com/ViewPage.aspx?id=175,Colony House and Wanton-Lyman-Hazard House Historic Sites Tour,"127 Thames Street, Newport, RI 02840",05/28/2011,"Tour the 1739 Colony House, built to house RI government meetings, and the 1697 Wanton-Lyman-Hazard House, Newport's oldest house museum. Reservations suggested for this 11:30am tour.",Museum & Shop at Brick Market,05/28/2011,401-841-8770
http://gonewport.com/ViewPage.aspx?id=175,Bricks & Sticks: Newport's Architectural History Walking Tour,"127 Thames Street, Newport, RI 02840",05/28/2011,"11am. Explore the historic architecture of this exquisitely preserved city, from the colonial era to the Victorian splendor of lower Bellevue Avenue.",Museum & Shop at Brick Market,05/28/2011,401-841-8770
http://gonewport.com/ViewPage.aspx?id=175,Discover Colonial Newport,"127 Thames Street, Newport, RI 02840",05/29/2011,"Hear stories of revolution and ruin, struggles for religious liberty and remarkable entrepreneurship among Newport's diverse people. $12 per person",Museum & Shop at Brick Market,05/29/2011,401-841-8770
http://gonewport.com/ViewPage.aspx?id=175,Elizabeth Cook,"933 Anthony Road, Portsmouth, RI 02840",03/19/2011,"Common Fence Music presents the Picnic Series. BYOB and food. Doors open at 7pm for the pre-show ""Folk tail-gate party"". Elizabeth Cook is a singer/songwriter with a twang in a trio setting.",Commen Fence Point Community Hall,03/19/2011,401-683-5085
http://gonewport.com/ViewPage.aspx?id=175,Road to Independence History Walking Tour,"127 Thames Street, Newport, RI 02840",03/19/2011,"Riots and rebellion, enemies and allies! Learn about Newport in the years surrounding the American Revolution at 11am. $12 per person, $10 for Newport Historical Society members.",Museum & Shop at Brick Market,03/19/2011,401-841-8770
http://gonewport.com/ViewPage.aspx?id=175,Journey: Recent Work by Rugmaker Meg Little,"76 Bellevue Avenue, Newport, RI 02840",03/31/2011,"Meg Little uses historical techniques and durable modern materials to create her striking, abstract hand-tufted rugs. Cultural artifacts from around the world and contemporary art by artists such as David Hockney inspire Little's designs. She uses a basic design vocabulary - stripe, spot, circle, cross, spiral. These shapes mirror the simplest hand gestures and have been used for decorative purposes since pre-historic times.",Newport Art Museum,03/19/2011,401-848-8200
http://gonewport.com/ViewPage.aspx?id=175,Choral Evensong for the 1st Sunday of Lent,"42 Dearborn Street, Newport, RI 02840",03/20/2011,"The Ecclesia Consort will present a Lenten Choral Evensong at 4pm with a reception following. Lent is a wonderful time of reflection and the opportunity to hear Ecclesia sing beautiful renaissance polyphony entirely a cappella; works of Victoria, Conseil, Palestrina, Farrant and Gregorian Chant in Emmanuel's beautiful nave. The service is open to all and a freewill offering will be received. Free Parking is available in the church's own parking lot.",Emmanuel Church,03/20/2011,401-874-0675
http://gonewport.com/ViewPage.aspx?id=175,"Gardens of Paris - A personal ""Tour"" with Maureen Bovet","101 Ferry Road, Bristol, RI 02809",03/24/2011,"Can't make it to Paris this spring? Boston garden designer and consultant Maureen Bovet will transport you from Blithewold's Living Room to the most prized gardens in Paris. Drawing on her experience as a tour guide for the Paris Garden Guild (2001-2004), Bovet will take you from well-known historic parks.","Blithewold Mansion, Garden and Arboretum",03/24/2011,401-253-2707
http://gonewport.com/ViewPage.aspx?id=175,Tour the Wanton-Lyman-Hazard House with Polly Wanton Lyman,"127 Thames Street, Newport, RI 02840",03/25/2011,"Guests will step back in time to the spring of 1781 when a historic interpreter portraying colonial resident Polly Wanton Lyman will lead a tour of the house. Polly will take guests through the house’s parlor, keeping room, kitchen & bed chambers while telling stories of the house’s great history & discussing life in Revolutionary War-torn Newport. Guests will have the opportunity to talk to Polly & ask questions about her daily life. Reservations suggested for this 11am tour. $10 per person.",Museum & Shop at Brick Market,03/25/2011,401-841-8770
http://gonewport.com/ViewPage.aspx?id=175,Music for Soprano and Organ,"One Queen Anne Square, Newport, RI 02840",03/26/2011,"Internationally acclaimed soprano Jolle Greenleaf and Christian Lane, Assistant Organist at Harvard University, present a program of music through the ages, featuring works from some of the Baroque period's greatest composers and compositions from the 20th and 21st centuries. Included is a performance of ""Circe,"" a ""Baroque"" solo cantata by Boston composer Carson Cooman. The performance begins at 7:30 p.m.  Tickets will be available at the door: $20 general admission, $18 senior, $8 student.",Trinity Church,03/26/2011,401-846-0660
http://gonewport.com/ViewPage.aspx?id=175,Laugh Like Fools All Month Long,"4 Equality Park Place, Newport, RI 02840",04/02/2011,"The Bit Players, award-winning Comedy Troupe, performs high-energy, fast-paced improvisation at 8pm. With various bits, diverse performers, & the always popular participation from the audience there is no telling what might happen when The Players hit the stage - one thing is for certain; you will laugh! Much like the hit TV show ""Whose Line Is It Anyway?"" Everything is entirely made up on the spot, in front of your eyes from characters to scenes to stories to music!",Firehouse Theater,04/01/2011,401-849-3473
http://gonewport.com/ViewPage.aspx?id=175,Journey: Recent Work by Rugmaker Meg Little,"76 Bellevue Avenue, Newport, RI 02840",04/30/2011,"Meg Little uses historical techniques and durable modern materials to create her striking, abstract hand-tufted rugs. Cultural artifacts from around the world and contemporary art by artists such as David Hockney inspire Little's designs. She uses a basic design vocabulary - stripe, spot, circle, cross, spiral. These shapes mirror the simplest hand gestures and have been used for decorative purposes since pre-historic times.",Newport Art Museum,04/01/2011,401-848-8200
http://gonewport.com/ViewPage.aspx?id=175,Antinori Wine Dinner at The Mooring,"Sayer's Wharf, Newport, RI 02840",04/01/2011,Gather with friends and family to make a toast to Italy at our Antinori Wine Dinner. winemaker Aldo Ranfanelli will lead guests through each selection of wine as they are paired with an elegant four-course dinner prepared by Executive Chef Michael Conetta.,The Mooring Seafood Kitchen & Bar,04/01/2011,401-846-2260
http://gonewport.com/ViewPage.aspx?id=175,Loving Cups: Tradition and Meaning in a Silver Form,"76 Bellevue Avenue, Newport, RI 02840",04/02/2011,"Experts from the world of art and antiques will explore the history of this silver form and its connections to the Gilded Age. Special guests include ten artists commissioned by the conference sponsor, Joseph A. Chazan, M.D., to create contemporary interpretations. The afternoon includes opportunities to view Loving Cups at the Newport Art Museum and the International Tennis Hall of Fame & Museum. Event runs 1pm-5pm. Museum members $20; non-members $25. Register by phone or at the door.",Newport Art Museum,04/02/2011,401-848-8200
http://gonewport.com/ViewPage.aspx?id=175,Doug and Telisha Williams,"933 Anthony Road, Portsmouth, RI 02871",04/02/2011,"Common Fence Music presents the Picnic Series. BYOB and food. Doors open at 7:00pm for the pre-show ""Folk tail-gate party"". Show starts at 8:00 p.m. Doug and Telisha Williams are a husband and wife singer/songwriter couple with a twang.",Common Fence Point Community Hall,04/02/2011,401-683-5085
http://gonewport.com/ViewPage.aspx?id=175,Dala,"135 Pelham Street, Newport, RI 02840",04/07/2011,"Common Fence Music at Channing Church. Doors open at 7:30 pm, show starts at 8pm. Dala is a folk-pop singer/songwriter duo from Canada",Channing Memorial Church,04/07/2011,401-846-0643
http://gonewport.com/ViewPage.aspx?id=175,"Making a Home of Her Own:  Newport’s Architectural Patronesses, 1850-1940","Leroy Avenue and Lawrence Avenue, Newport, RI 02840",04/07/2011,"Between 1850 and 1940, more than 45 women chose to build a home in Newport. In doing so, these women were expressing power and control at a time when women had few political rights. During this 6pm lecture, Dr. Catherine Zipf from Salve Regina University will discuss these remarkable women and the architecture they produced. Admission is free; donations welcome. Cosponsored by the Newport Historical Society.",Antone Academic Center,04/07/2011,401-841-8770
http://gonewport.com/ViewPage.aspx?id=175,Laugh Like Fools All Month Long,"4 Equality Park Place, Newport, RI 02840",04/09/2011,"The Bit Players, award-winning Comedy Troupe, performs high-energy, fast-paced improvisation at 8pm. With various bits, diverse performers, & the always popular participation from the audience there is no telling what might happen when The Players hit the stage - one thing is for certain; you will laugh! Much like the hit TV show ""Whose Line Is It Anyway?"" Everything is entirely made up on the spot, in front of your eyes from characters to scenes to stories to music!",Firehouse Theater,04/08/2011,401-849-3473
http://gonewport.com/ViewPage.aspx?id=175,Patronesses on the Point: A Walking Tour of Women and Newport Architecture,"127 Thames Street, Newport, RI 02840",04/09/2011,"Dr. Catherine Zipf of Salve Regina University will present an 11am history walking tour featuring Newport’s 19th century patronesses and the notable buildings the women built. This tour will explore how women changed the face of Ochre Point through their unique domestic designs. Some built fanciful farms, while other explored cutting-edge architectural styles, such as Shingle Style. $12 per person, $10 for Newport Historical Society members. Advance reservations required as space is limited.",Museum & Shop at Brick Market,04/09/2011,401-841-8770
http://gonewport.com/ViewPage.aspx?id=175,Newport Arts & Crafts Show,"141 Pelham Street, Newport, RI 02840",04/10/2011,"40 Artists & Crafters will display their outstanding work for purchase such as: Handmade knitted sweaters, hats scarves, baby sets, homemade jam, woodwork stained glass, mazes, fragrences candles, kitchen items, jewlery, italian leather purses & scarves, irish knits, handmade adult & childrens clothes and so much more...  Bring your unwatnted gold & silver and receive Cash. Highest prices paid. 10am-4pm.",Newport Elks Lodge,04/10/2011,401-835-7699
http://gonewport.com/ViewPage.aspx?id=175,"""My Father Victor Borge, A Daughter's Reflections""","518 Bellevue Avenue, Newport, RI 02840",04/12/2011,5pm-8pm. Please join us for this special evening to celebrate one of the world's greatest entertainers and a great friend to the Newport Music Festival. Janet's presentation has beeen heralded nationally and will feature a narrative of her father's life along with anecdotes and never-before-seen personal photographs. Tickets are $25.,The Pell Center,04/12/2011,401-846-1133
http://gonewport.com/ViewPage.aspx?id=175,Afternoon Tea in the Mansion,"101 Ferry Road, Bristol, RI 02809",04/15/2011,"Walk the grounds, tour the mansion and then join us in the Dining room for a lovely afternoon treat. Blithewold's informal Tea features our own custom-blended tea served alongside sweet and savory items including one of our favorite bites. For the first time we're taking a limited amount of reservations for each seating. Your reservation can only be made using Blithewold's website. Wednesday-Friday 1:30pm-2:30pm and 3pm-4pm.","Blithewold Mansion, Garden and Arboretum",04/13/2011,401-253-2707
http://gonewport.com/ViewPage.aspx?id=175,Laugh Like Fools All Month Long,"4 Equality Park Place, Newport, RI 02840",04/16/2011,"The Bit Players, award-winning Comedy Troupe, performs high-energy, fast-paced improvisation at 8pm. With various bits, diverse performers, & the always popular participation from the audience there is no telling what might happen when The Players hit the stage - one thing is for certain; you will laugh! Much like the hit TV show ""Whose Line Is It Anyway?"" Everything is entirely made up on the spot, in front of your eyes from characters to scenes to stories to music!",Firehouse Theater,04/15/2011,401-849-3473
http://gonewport.com/ViewPage.aspx?id=175,Mustard's Retreat,"933 Anthony Road, Portsmouth, RI 02871",04/16/2011,"Common Fence Music presents the Picnic Series. BYOB and food. Doors open at 7:00pm for the pre-show ""Folk tail-gate party"". Show starts at 8:00pm. Mustard's Retreat is a folk and old time duo.",Common Fence Music Hall,04/16/2011,401-683-5085
http://gonewport.com/ViewPage.aspx?id=175,Road to Independence History Walking Tour,"127 Thames Street, Newport, RI 02840",04/18/2011,"Riots and rebellion, enemies and allies! Learn about Newport in the years surrounding the American Revolution at 11am. $12 per person, $10 for Newport Historical Society members.",Museum & Shop at Brick Market,04/18/2011,401-841-8770
http://gonewport.com/ViewPage.aspx?id=175,Afternoon Tea in the Mansion,"101 Ferry Road, Bristol, RI 02809",04/22/2011,"Walk the grounds, tour the mansion and then join us in the Dining room for a lovely afternoon treat. Blithewold's informal Tea features our own custom-blended tea served alongside sweet and savory items including one of our favorite bites. For the first time we're taking a limited amount of reservations for each seating. Your reservation can only be made using Blithewold's website. Wednesday-Friday 1:30pm-2:30pm and 3pm-4pm.","Blithewold Mansion, Garden and Arboretum",04/20/2011,401-253-2707
http://gonewport.com/ViewPage.aspx?id=175,Coastal Riches: Creative Cooking with the Fish & Shellfish of New England,"35 King Street, Newport, RI 02840",04/20/2011,"Spend an evening with Chef Rick Allaire of Tucker’s Bistro as he shares his passion for exploring the culinary delights of our rich supply of local fish and shellfish.  Chef Rick’s  inventive & creative cooking styles will arm you with new knowledge, fabulous recipes and savvy preparation techniques to fortify your gastronomic prowess. Wine Tasting to compliment the menu chosen by Newport Wine Cellars. Class fee:  $50",Edward King House,04/20/2011,401-293-0740
http://gonewport.com/ViewPage.aspx?id=175,Laugh Like Fools All Month Long,"4 Equality Park Place, Newport, RI 02840",04/23/2011,"The Bit Players, award-winning Comedy Troupe, performs high-energy, fast-paced improvisation at 8pm. With various bits, diverse performers, & the always popular participation from the audience there is no telling what might happen when The Players hit the stage - one thing is for certain; you will laugh! Much like the hit TV show ""Whose Line Is It Anyway?"" Everything is entirely made up on the spot, in front of your eyes from characters to scenes to stories to music!",Firehouse Theater,04/22/2011,401-849-3473
http://gonewport.com/ViewPage.aspx?id=175,Tour the Wanton-Lyman-Hazard House with Polly Wanton Lyman,"127 Thames Street, Newport, RI 02840",04/22/2011,"Guests will step back in time to the spring of 1781 when a historic interpreter portraying colonial resident Polly Wanton Lyman will lead a tour of the house. Polly will take guests through the house’s parlor, keeping room, kitchen & bed chambers while telling stories of the house’s great history & discussing life in Revolutionary War-torn Newport. Guests will have the opportunity to talk to Polly & ask questions about her daily life. Reservations suggested for this 11am tour. $10 per person.",Museum & Shop at Brick Market,04/22/2011,401-841-8770
http://gonewport.com/ViewPage.aspx?id=175,Afternoon Tea in the Mansion,"101 Ferry Road, Bristol, RI 02809",04/29/2011,"Walk the grounds, tour the mansion and then join us in the Dining room for a lovely afternoon treat. Blithewold's informal Tea features our own custom-blended tea served alongside sweet and savory items including one of our favorite bites. For the first time we're taking a limited amount of reservations for each seating. Your reservation can only be made using Blithewold's website. Wednesday-Friday 1:30pm-2:30pm and 3pm-4pm.","Blithewold Mansion, Garden and Arboretum",04/27/2011,401-253-2707
http://gonewport.com/ViewPage.aspx?id=175,Laugh Like Fools All Month Long,"4 Equality Park Place, Newport, RI 02840",04/30/2011,"The Bit Players, award-winning Comedy Troupe, performs high-energy, fast-paced improvisation at 8pm. With various bits, diverse performers, & the always popular participation from the audience there is no telling what might happen when The Players hit the stage - one thing is for certain; you will laugh! Much like the hit TV show ""Whose Line Is It Anyway?"" Everything is entirely made up on the spot, in front of your eyes from characters to scenes to stories to music!",Firehouse Theater,04/29/2011,401-849-3473
http://gonewport.com/ViewPage.aspx?id=175,Colony House & Wanton-Lyman-Hazard House Colonial Site Tours,"127 Thames Street, Newport, RI 02840",06/01/2011,"Tour the 1739 Colony House, built to house RI government meetings, and the c.1697 Wanton-Lyman-Hazard House, Newport's oldest house museum. This 11:30am tour costs $12 per person. Reservations recommended as space is limited.",Museum & Shop at Brick Market,06/01/2011,401-841-8770
http://gonewport.com/ViewPage.aspx?id=175,Stop. Run. Play. Photographs by Susan Duca,"76 Bellevue Avenue, Newport, RI 02840",04/30/2011,"Susan Duca's photo-essay follows a group of Italian children attending a public school in Florence, Italy through eight years of growing, playing, learning and relating. Admission is $10 adults, $8 seniors, $6 students/military with valid ID, by donation Sat 10 am-12 pm.",Newport Art Museum,04/01/2011,401-848-8200
http://gonewport.com/ViewPage.aspx?id=175,Art from Within: Coleman Center Faculty Exhibition,"76 Bellevue Avenue, Newport, RI 02840",04/30/2011,"The professional working artists who teach in the Newport Art Museum's school, the Coleman Center for Creative Studies, share their passion for art with 2000 people of all ages every year. This spring, the Museum shines the spotlight on these talented, creative artists in an exhibition of their work in the Griswold House. Admission is $10 adult, $8 senior, $6 student/military with valid ID, by donation Sat 10 am-12 pm.",Newport Art Museum,04/01/2011,401-848-8200
http://gonewport.com/ViewPage.aspx?id=175,April Showers & Storms,"55 Bellvue Avenue, Newport, RI 02840",04/30/2011,"Local artist interpretations of spring with its April showers and storms that shake off the winters coat, will be featured in the April exhibition at Spring Bull Gallery. Oils, watercolors  , acrylics and pastels are some of the media by our talented local artists will use as they capture the signs of spring.",Spring Bull Gallery,04/02/2011,401-849-9166
http://gonewport.com/ViewPage.aspx?id=175,3rd Annual Food & Wine Expo,"65 Ridge Road, Newport, RI 02840",04/07/2011,"6pm-9pm. Guests who attend the event will be able to taste unlimited wines and beers, sample various foods, and have the opportunity to interact with the purveyors. In addition, there will be live entertainment. The Expo will take place in the Grand Ballroom at OceanCliff. Tickets for the Expo are $25 per person. This is a 21 years and older event. All of the proceeds from the event are being donated to the Portsmouth, Middletown and Rogers High School Music Departments.",Ocean Cliff Hotel,04/07/2011,401-855-3475
http://gonewport.com/ViewPage.aspx?id=175,Belcourt Castle Ghost Tour with owner Harle Tinney,"657 Bellevue Avenue, Newport, RI 02840",04/08/2011,"Ghost Tour throughout Belcourt's museum with owner, Harle Tinney. Mrs. Tinney takes you on a tour of her home of 50 years and talks about her ghost experiences she has put pen to paper in her new book titled.... Ghosts of Belcourt Castle..... Tour Price: $25 adult $15 student(up to 18)/ senior. Reservations are recommended. Cash at the Door.",Belcourt Castle,04/08/2011,401-846-0669
http://gonewport.com/ViewPage.aspx?id=175,Belcourt Castle Ghost Tour with owner Harle Tinney,"657 Bellevue Avenue, Newport, RI 02840",04/09/2011,"Ghost Tour throughout Belcourt's museum with owner, Harle Tinney. Mrs. Tinney takes you on a tour of her home of 50 years and talks about her ghost experiences she has put pen to paper in her new book titled.... Ghosts of Belcourt Castle..... Tour Price: $25 adult $15 student(up to 18)/ senior. Reservations are recommended. Cash at the Door.",Belcourt Castle,04/09/2011,401-846-0669
http://gonewport.com/ViewPage.aspx?id=175,Daffodil Days at Blithewold,"101 Ferry Road, Bristol, RI 02809",04/30/2011,"Celebrate spring at this beautiful thirty-three acre estate on Narragansett Bay with a spectacular display of more than 50,000 daffodils. April 10 - May 1, 2011.","Blithwold Mansion, Garden & Arboretum",04/09/2011,401-253-2707
http://gonewport.com/ViewPage.aspx?id=175,RISD CE Art Exhibit: Inspired by Gardens,"101 Ferry Road, Bristol, RI 02809",04/30/2011,"During Daffodil Days at Blithewold Mansion, Gardens & Arboretum, enjoy a special showcase of paintings created by RISD Continuing Education students. Blithewold’s spectacular 33-acre estate is perfect for ""plein air"" painting - painting in the open air - because of its striking and varied gardens. Visitors will enjoy an art exhibit that recreates the visual riches of Blithewold’s landscapes on canvas.",Blithewold Mansion,04/09/2011,401-253-2707
http://gonewport.com/ViewPage.aspx?id=175,The American Band Family Concert with the Rogers High School Jazz Ensemble,"15 Wickham Road, Newport, RI 02840",04/10/2011,"The American Band of Providence presents a Family Concert--""At the Movies and Beyond""...also features the Rogers HS Jazz Ensemble.  Music from ""Star Wars"" & ""Harry Potter"" by John Williams; music from ""Avatar"" by James Horner; music by Percy Grainger, Steven Reineke, John Philip Sousa and more",Rogers High School Auditorium,04/10/2011,401-846-2125
http://gonewport.com/ViewPage.aspx?id=175,Exploring our Heritage - Tea with Marjorie,"101 Ferry Road, Bristol, RI 02809",04/12/2011,"Join us for a delightful afternoon tea at Blithewold, featuring special guest Marjorie Shaw Jeffries, granddaughter of Bessie Pardee Van Wickle McKee. This will be a unique opportunity to hear Ms. Jeffries reflect on her heritage as the daughter of Augustine Van Wickle and Quincy Adams Shaw.","Blithewold Mansion, Garden and Arboretum",04/12/2011,401-253-2707
http://gonewport.com/ViewPage.aspx?id=175,Belcourt Castle Ghost Tour with owner Harle Tinney,"657 Bellevue Avenue, Newport, RI 02840",04/15/2011,"Ghost Tour throughout Belcourt's museum with owner, Harle Tinney. Mrs. Tinney takes you on a tour of her home of 50 years and talks about her ghost experiences she has put pen to paper in her new book titled.... Ghosts of Belcourt Castle..... Tour Price: $25 adult $15 student(up to 18)/ senior. Reservations are recommended. Cash at the Door.",Belcourt Castle,04/15/2011,401-846-0669
http://gonewport.com/ViewPage.aspx?id=175,Spring into Art,"Newport County, Newport, RI 02840",04/23/2011,"A Celebration of Art, Music, and Cultural Events in Newport County during Spring Break Week.  Includes lunchtime talks with artists, harbor walk, exhibits, theater, music, art classes, comdey and more. Fun for all ages. Organized and promoted by the Arts and Cultural Alliance of Newport County.",Arts and Cultural Alliance of Newport County,04/15/2011,401-849-6200
http://gonewport.com/ViewPage.aspx?id=175,Belcourt Castle Ghost Tour with owner Harle Tinney,"657 Bellevue Avenue, Newport, RI 02840",04/16/2011,"Ghost Tour throughout Belcourt's museum with owner, Harle Tinney. Mrs. Tinney takes you on a tour of her home of 50 years and talks about her ghost experiences she has put pen to paper in her new book titled.... Ghosts of Belcourt Castle..... Tour Price: $25 adult $15 student(up to 18)/ senior. Reservations are recommended. Cash at the Door.",Belcourt Castle,04/16/2011,401-846-0669
http://gonewport.com/ViewPage.aspx?id=175,Belcourt Castle Ghost Tour with owner Harle Tinney,"657 Bellevue Avenue, Newport, RI 02840",04/17/2011,"Ghost Tour throughout Belcourt's museum with owner, Harle Tinney. Mrs. Tinney takes you on a tour of her home of 50 years and talks about her ghost experiences she has put pen to paper in her new book titled.... Ghosts of Belcourt Castle..... Tour Price: $25 adult $15 student(up to 18)/ senior. Reservations are recommended. Cash at the Door.",Belcourt Castle,04/17/2011,401-846-0669
http://gonewport.com/ViewPage.aspx?id=175,Bouchard On Bellevue Trois: A Newport Secret Garden Event,"30 Bellevue Avenue, Newport, RI 02840",04/17/2011,"Sit in the beautiful & celebrated garden of Ron Fleming’s Bellevue House featuring 9,500 daffodils. Sip on Bellinis. Enjoy Demo & Gourmet Food by Chef Albert Bouchard. Demo & tasting by Susan Samson of Sakonett Vineyards. Silent auction,  Tarot Card & Number readings,  Musical Performance,  Painter in the garden. Limited seats $20 with reservatin; $25 at door. Proceeds benefits arts education in Aquideneck Island public schools. 1pm-3pm.",Bellevue House,04/17/2011,401-847-0514
http://gonewport.com/ViewPage.aspx?id=175,Guided Arboretum Tours: A Walk in the Woods with Dan Christina,"101 Ferry Road, Bristol, RI 02809",04/17/2011,"Join Assistant Grounds Manager and Certified Horticulturist Dan Christina for a “walk in the woods” as he reveals and discusses some of Blithewold’s horticultural treasures. Each month, topics such as growth habits, seasonal interest, bloom times, and effects in the home landscape will be discussed. $5 Member, $7 Non-member. Rain or Shine, please dress for the weather.",Blithewold Mansion,04/17/2011,401-253-2707
http://gonewport.com/ViewPage.aspx?id=175,Belcourt Castle Ghost Tour with owner Harle Tinney,"657 Bellevue Avenue, Newport, RI 02840",04/19/2011,"Ghost Tour throughout Belcourt's museum with owner, Harle Tinney. Mrs. Tinney takes you on a tour of her home of 50 years and talks about her ghost experiences she has put pen to paper in her new book titled.... Ghosts of Belcourt Castle..... Tour Price: $25 adult $15 student(up to 18)/ senior. Reservations are recommended. Cash at the Door.",Belcourt Castle,04/19/2011,401-846-0669
http://gonewport.com/ViewPage.aspx?id=175,Belcourt Castle Ghost Tour with owner Harle Tinney,"657 Bellevue Avenue, Newport, RI 02840",04/20/2011,"Ghost Tour throughout Belcourt's museum with owner, Harle Tinney. Mrs. Tinney takes you on a tour of her home of 50 years and talks about her ghost experiences she has put pen to paper in her new book titled.... Ghosts of Belcourt Castle..... Tour Price: $25 adult $15 student(up to 18)/ senior. Reservations are recommended. Cash at the Door.",Belcourt Castle,04/20/2011,401-846-0669
http://gonewport.com/ViewPage.aspx?id=175,Family Workshop: A Fairy House & Garden in a Basket,"101 Ferry Road, Bristol, RI 02809",04/21/2011,"Are there fairies at the bottom of your garden? Possibly, but even if there aren’t, it’s great fun to pretend! Build a house and little garden that just might entice the fairies to come and play. Using bark, leaves, twigs and other natural materials, we’ll create a charming little home that any fairy would be pleased to move into.",Blithewold Mansion,04/21/2011,401-253-2707
http://gonewport.com/ViewPage.aspx?id=175,Belcourt Castle Ghost Tour with owner Harle Tinney,"657 Bellevue Avenue, Newport, RI 02840",04/21/2011,"Ghost Tour throughout Belcourt's museum with owner, Harle Tinney. Mrs. Tinney takes you on a tour of her home of 50 years and talks about her ghost experiences she has put pen to paper in her new book titled.... Ghosts of Belcourt Castle..... Tour Price: $25 adult $15 student(up to 18)/ senior. Reservations are recommended. Cash at the Door.",Belcourt Castle,04/21/2011,401-846-0669
http://gonewport.com/ViewPage.aspx?id=175,Belcourt Castle Ghost Tour with owner Harle Tinney,"657 Bellevue Avenue, Newport, RI 02840",04/22/2011,"Ghost Tour throughout Belcourt's museum with owner, Harle Tinney. Mrs. Tinney takes you on a tour of her home of 50 years and talks about her ghost experiences she has put pen to paper in her new book titled.... Ghosts of Belcourt Castle..... Tour Price: $25 adult $15 student(up to 18)/ senior. Reservations are recommended. Cash at the Door.",Belcourt Castle,04/22/2011,401-846-0669
http://gonewport.com/ViewPage.aspx?id=175,Earth Day Family Fun Friday,"101 Ferry Road, Bristol, RI 02809",04/22/2011,"Kick-off another exciting season of Family Fun Fridays at Blithewold’s Earth Day Celebration and Birthday Party for our very own giant sequoia. This beautiful tree, most commonly seen on the West Coast of the United States, is a rare gem - help us to celebrate its 100th Birthday. There’s no better day to hug a tree than on Earth Day!","Blithewold Mansion, Garden and Arboretum",04/22/2011,401-253-2707
http://gonewport.com/ViewPage.aspx?id=175,Belcourt Castle Ghost Tour with owner Harle Tinney,"657 Bellevue Avenue, Newport, RI 02840",04/23/2011,"Ghost Tour throughout Belcourt's museum with owner, Harle Tinney. Mrs. Tinney takes you on a tour of her home of 50 years and talks about her ghost experiences she has put pen to paper in her new book titled.... Ghosts of Belcourt Castle..... Tour Price: $25 adult $15 student(up to 18)/ senior. Reservations are recommended. Cash at the Door.",Belcourt Castle,04/23/2011,401-846-0669
http://gonewport.com/ViewPage.aspx?id=175,Easter Brunch,"One Goat Island, Newport, RI 02840",04/24/2011,"Celebrate Easter with family and friends with our Easter Brunch. Held in our Grand Ballroom our traditional brunch buffet features made to order omelets, hand-carved roasted meats, chilled seafood displays, a dessert station, live music from Dick Lupino & Friends and more. 11:00am-3:00pm. $45 adults, $36 seniors (age 62+), $15 children age 5 – 12 and Children under 4 are free.",Hyatt Regency Newport Hotel & Spa,04/24/2011,401-851-3325
http://gonewport.com/ViewPage.aspx?id=175,Salve Regina University's 4th Wine Tasting & Auction,"100 Ochre Point Ave, Newport, RI 02840",04/28/2011,"Silent Auction 5:30pm-7:30pm. Live Auction 7:45pm. Proceeds from the evening go toward important scholarship dollars for Salve Regina students. This year's event will highlight the Vision of Mercy Endowed Scholarship, a new fund that supports students committed to the University's mission.",Ochre Court - Salve Regina University,04/28/2011,877-778-4438
http://gonewport.com/ViewPage.aspx?id=175,Belcourt Castle Ghost Tour with owner Harle Tinney,"657 Bellevue Avenue, Newport, RI 02840",04/29/2011,"Ghost Tour throughout Belcourt's museum with owner, Harle Tinney. Mrs. Tinney takes you on a tour of her home of 50 years and talks about her ghost experiences she has put pen to paper in her new book titled.... Ghosts of Belcourt Castle..... Tour Price: $25 adult $15 student(up to 18)/ senior. Reservations are recommended. Cash at the Door.",Belcourt Castle,04/29/2011,401-846-0669
http://gonewport.com/ViewPage.aspx?id=175,Belcourt Castle Ghost Tour with owner Harle Tinney,"657 Bellevue Avenue, Newport, RI 02840",04/30/2011,"Ghost Tour throughout Belcourt's museum with owner, Harle Tinney. Mrs. Tinney takes you on a tour of her home of 50 years and talks about her ghost experiences she has put pen to paper in her new book titled.... Ghosts of Belcourt Castle..... Tour Price: $25 adult $15 student(up to 18)/ senior. Reservations are recommended. Cash at the Door.",Belcourt Castle,04/30/2011,401-846-0669
http://gonewport.com/ViewPage.aspx?id=175,Bristol Tales of the Slave & Rum Trade Walking Tour,"500 Hope Street, Bristol, RI 02809",04/30/2011,"Linden Place will host a guided walking tour of the Mansion and downtown Bristol, focusing on the DeWolf Family and their involvement in the Slave Trade. The tour will begin at Linden Place, and continue through the center of Bristol and down Thames Street, acknowledging significant sites tied to Bristol’s profitable involvement in the slave trade. The tour is $15 and includes a complimentary drink at the DeWolf Tavern. Reservations are required, the tour is limited to 15 people.",Linden Place Museum,04/30/2011,401-253-0390
http://gonewport.com/ViewPage.aspx?id=175,Competing for Laughs,"4 Eqaulity Park Place, Newport, RI 02840",04/30/2011,"Laughletics, competitive improv comedy, plays like a sports match complete with referee. Teams compete in improvised games to win laughs and applause from the audience. They play both games they choose & games to which they are challenged. The match starts at 10pm following The Bit Players at 8pm.",Firehouse Theater,04/30/2011,401-849-3473
http://gonewport.com/ViewPage.aspx?id=175,Ocean State Orchid Society Auction,"101 Ferry Road, Bristol, RI 02809",04/30/2011,Visit Blithewold for Daffodil Days and you will also have the opportunity to enjoy the Ocean State Orchid Society (OSOS) Auction of Orchids. OSOS will be presenting a wide range of species and hybrids for your buying pleasure. All plants have been purchased from growers just for this annual auction. Experts will be on hand to answer any and all questions regarding the plants on sale. They will also be happy to give you advice about any orchids you already own.,Blithewold Mansion,04/30/2011,401-253-2707
http://gonewport.com/ViewPage.aspx?id=175,Journey: Recent Work by Rugmaker Meg Little,"76 Bellevue Avenue, Newport, RI 02840",05/15/2011,"Meg Little uses historical techniques and durable modern materials to create her striking, abstract hand-tufted rugs. Cultural artifacts from around the world and contemporary art by artists such as David Hockney inspire Little's designs. She uses a basic design vocabulary - stripe, spot, circle, cross, spiral. These shapes mirror the simplest hand gestures and have been used for decorative purposes since pre-historic times.",Newport Art Museum,05/01/2011,401-848-8200
http://gonewport.com/ViewPage.aspx?id=175,Stop. Run. Play. Photographs by Susan Duca,"76 Bellevue Avenue, Newport, RI 02840",05/30/2011,"Susan Duca's photo-essay follows a group of Italian children attending a public school in Florence, Italy through eight years of growing, playing, learning and relating. Admission is $10 adults, $8 seniors, $6 students/military with valid ID, by donation Sat 10 am-12 pm.",Newport Art Museum,05/01/2011,401-848-8200
http://gonewport.com/ViewPage.aspx?id=175,Art from Within: Coleman Center Faculty Exhibition,"76 Bellevue Avenue, Newport, RI 02840",05/15/2011,"The professional working artists who teach in the Newport Art Museum's school, the Coleman Center for Creative Studies, share their passion for art with 2000 people of all ages every year. This spring, the Museum shines the spotlight on these talented, creative artists in an exhibition of their work in the Griswold House. Admission is $10 adult, $8 senior, $6 student/military with valid ID, by donation Sat 10 am-12 pm.",Newport Art Museum,05/01/2011,401-848-8200
http://gonewport.com/ViewPage.aspx?id=175,Belcourt Castle Candlelight Tour,"657 Bellevue Avenue, Newport, RI 02840",05/01/2011,"6pm. Evening Guided Tour throughout Belcourt's museum which takes you on a tour of the home showcasing the antiquities of the Tinney Family collection. Tour Price: $20 adult, $15 student (up to 18) / senior. Reservations are recommended. Cash at the Door. Doors open at 5:45pm.",Belcourt Castle,05/01/2011,401-846-0669
http://gonewport.com/ViewPage.aspx?id=175,RISD CE Art Exhibit: Inspired by Gardens,"101 Ferry Road, Bristol, RI 02809",05/01/2011,"During Daffodil Days at Blithewold Mansion, Gardens & Arboretum, enjoy a special showcase of paintings created by RISD Continuing Education students. Blithewold’s spectacular 33-acre estate is perfect for ""plein air"" painting - painting in the open air - because of its striking and varied gardens. Visitors will enjoy an art exhibit that recreates the visual riches of Blithewold’s landscapes on canvas.",Blithewold Mansion,05/01/2011,401-253-2707
http://gonewport.com/ViewPage.aspx?id=175,May Day Fairy Festival,"101 Ferry Road, Bristol, RI 02809",05/01/2011,"Blithewold’s Fairy Festival is a day to rejoice in the return of fragrance and beauty to the landscape. Join us for this spring play-day for all ages. Absorb the sights, sounds and smells of the garden at Blithewold during Daffodil Days. Fairy costumes encouraged!",Blithewold Mansion,05/01/2011,401-253-2707
http://gonewport.com/ViewPage.aspx?id=175,Belcourt Castle Candlelight Tour,"657 Bellevue Avenue, Newport, RI 02840",05/02/2011,"6pm. Evening Guided Tour throughout Belcourt's museum which takes you on a tour of the home showcasing the antiquities of the Tinney Family collection. Tour Price: $20 adult, $15 student (up to 18) / senior. Reservations are recommended. Cash at the Door. Doors open at 5:45pm.",Belcourt Castle,05/02/2011,401-846-0669
http://gonewport.com/ViewPage.aspx?id=175,Road to Independence History Walking Tour,"127 Thames Street, Newport, RI 02840",05/04/2011,"Riots and rebellion, enemies and allies! Learn about Newport in the years surrounding the American Revolution at 11am.",Museum & Shop at Brick Market,05/04/2011,401-841-8770
http://gonewport.com/ViewPage.aspx?id=175,"Newport Life Magazine 15th Annual ""Best Of Soiree""","548 Bellevue Avenue, Newport, RI 02840",05/05/2011,"Come celebrate with the 2011 Newport Life Magazine Best of Newport winners! Open Bar, Hors d'ouevres, Live Entertainment and Silent Auction, featuring ""The Best Tickets in Town"" - 7 pm to 9 pm. All proceeds benefit the Preservation Society of Newport County. To purchase tickets call 401-380-2310 or visit our website.",Rosecliff,05/05/2011,401-380-2311
http://gonewport.com/ViewPage.aspx?id=175,“It might as well be Spring” Fundraising Concert with Michael DiMucci and Ashley Hewitt,"500 Hope Street, Bristol, RI 02809",05/06/2011,"Linden Place will host a performance by Michael DiMucci and Ashley Hewitt, which will include songs from Broadway, classical cross-over and The American Songbook. Reservations are required. Ticket purchase includes a discount for a 3-course Prix Fixe dinner at the DeWolf Tavern for $19.95. Dining reservations should be no later than 5:45pm. (Specify upon arrival that you will be attending the DiMucci concert) Tickets for the concert are $20 ($16 for LP members, $12 for Colt Circle members).",Linden Place Museum,05/06/2011,401-253-0390
http://gonewport.com/ViewPage.aspx?id=175,Belcourt Castle Ghost Tour with owner Harle Tinney,"657 Bellevue Avenue, Newport, RI 02840",05/06/2011,"Ghost Tour throughout Belcourt's museum with owner, Harle Tinney. Mrs. Tinney takes you on a tour of her home of 50 years and talks about her ghost experiences she has put pen to paper in her new book titled ""Ghosts of Belcourt Castle"".  Tour Price: $25 adult, $15 student(up to 18) / senior.  Reservations are recommended. Cash at the Door.",Belcourt Castle,05/06/2011,401-846-0669
http://gonewport.com/ViewPage.aspx?id=175,Belcourt Castle Ghost Tour with owner Harle Tinney,"657 Bellevue Avenue, Newport, RI 02840",05/07/2011,"Ghost Tour throughout Belcourt's museum with owner, Harle Tinney. Mrs. Tinney takes you on a tour of her home of 50 years and talks about her ghost experiences she has put pen to paper in her new book titled ""Ghosts of Belcourt Castle"".  Tour Price: $25 adult, $15 student(up to 18) / senior.  Reservations are recommended. Cash at the Door.",Belcourt Castle,05/07/2011,401-846-0669
http://gonewport.com/ViewPage.aspx?id=175,Greenvale Vineyards Live Jazz Saturdays,"582 Wapping Road, Portsmouth, RI 02871",05/07/2011,"1pm-4pm. Greenvale will host live jazz musicians in their restored Stable turned Tasting Room. Event includes wine tasting, tours, and wine by the glass. Picnics and friendly dogs are welcomed!",Greenvale Vineyards,05/07/2011,401-847-3777
http://gonewport.com/ViewPage.aspx?id=175,Cheryl Wheeler,"933 Anthony Road, Portsmouth, RI 02871",05/07/2011,"Common Fence Music presents the Picnic Series. BYOB and food. Doors open at 7:00pm for the pre-show ""Folk tail-gate party"". Show starts at 8:00pm. Cheryl Wheeler is a singer/songwriter/comedian.",Common Fence Music Hall,05/07/2011,401-683-5085
http://gonewport.com/ViewPage.aspx?id=175,Belcourt Castle Candlelight Tour,"657 Bellevue Avenue, Newport, RI 02840",05/09/2011,"6pm. Evening Guided Tour throughout Belcourt's museum which takes you on a tour of the home showcasing the antiquities of the Tinney Family collection. Tour Price: $20 adult, $15 student (up to 18) / senior. Reservations are recommended. Cash at the Door. Doors open at 5:45pm.",Belcourt Castle,05/09/2011,401-846-0669
http://gonewport.com/ViewPage.aspx?id=175,Belcourt Castle Ghost Tour with owner Harle Tinney,"657 Bellevue Avenue, Newport, RI 02840",05/13/2011,"Ghost Tour throughout Belcourt's museum with owner, Harle Tinney. Mrs. Tinney takes you on a tour of her home of 50 years and talks about her ghost experiences she has put pen to paper in her new book titled ""Ghosts of Belcourt Castle"".  Tour Price: $25 adult, $15 student(up to 18) / senior.  Reservations are recommended. Cash at the Door.",Belcourt Castle,05/13/2011,401-846-0669
http://gonewport.com/ViewPage.aspx?id=175,Women of Colonial Newport History Walking Tour,"127 Thames Street, Newport, RI 02840",05/13/2011,"Follow a guide in colonial costume as she retraces the lives of the shopkeepers, tavern owners, teachers and more on the Women in Colonial Newport tour. This 11am tour will investigate the many entrepreneurial women who once lived and worked in this diverse seaport. $12 per person, $10 for Newport Historical Society members. Reservations strongly recommended as space is limited.",Museum & Shop at Brick Market,05/13/2011,401-841-8770
http://gonewport.com/ViewPage.aspx?id=175,Belcourt Castle Ghost Tour with owner Harle Tinney,"657 Bellevue Avenue, Newport, RI 02840",05/14/2011,"Ghost Tour throughout Belcourt's museum with owner, Harle Tinney. Mrs. Tinney takes you on a tour of her home of 50 years and talks about her ghost experiences she has put pen to paper in her new book titled ""Ghosts of Belcourt Castle"".  Tour Price: $25 adult, $15 student(up to 18) / senior.  Reservations are recommended. Cash at the Door.",Belcourt Castle,05/14/2011,401-846-0669
http://gonewport.com/ViewPage.aspx?id=175,Greenvale Vineyards Live Jazz Saturdays,"582 Wapping Road, Portsmouth, RI 02871",05/14/2011,"1pm-4pm. Greenvale will host live jazz musicians in their restored Stable turned Tasting Room. Event includes wine tasting, tours, and wine by the glass. Picnics and friendly dogs are welcomed!",Greenvale Vineyards,05/14/2011,401-847-3777
http://gonewport.com/ViewPage.aspx?id=175,Feathered Friends Series at Blithewold: Spring Bird Walk at Mt. Hope Farm,"250 Metacom Avenue, Bristol, RI 02809",05/14/2011,"Join us for an exciting morning bird walk during the peak of spring migration in New England. Longtime local birder Raymond Payson will lead us through the 128-acre estate of Mt. Hope Farm, an area diverse with wildlife habitat. We will meet at the farm’s south entrance and parking lot (not the main entrance to the house). Please call Blithewold for directions. $10 Members, $12 Non-members.",Mount Hope Farm,05/14/2011,401-253-2707
http://gonewport.com/ViewPage.aspx?id=175,Belcourt Castle Candlelight Tour,"657 Bellevue Avenue, Newport, RI 02840",05/15/2011,"6pm. Evening Guided Tour throughout Belcourt's museum which takes you on a tour of the home showcasing the antiquities of the Tinney Family collection. Tour Price: $20 adult, $15 student (up to 18) / senior. Reservations are recommended. Cash at the Door. Doors open at 5:45pm.",Belcourt Castle,05/15/2011,401-846-0669
http://gonewport.com/ViewPage.aspx?id=175,Belcourt Castle Candlelight Tour,"657 Bellevue Avenue, Newport, RI 02840",05/16/2011,"6pm. Evening Guided Tour throughout Belcourt's museum which takes you on a tour of the home showcasing the antiquities of the Tinney Family collection. Tour Price: $20 adult, $15 student (up to 18) / senior. Reservations are recommended. Cash at the Door. Doors open at 5:45pm.",Belcourt Castle,05/16/2011,401-846-0669
http://gonewport.com/ViewPage.aspx?id=175,Hats off To Spring- Tea & Floral Design,"101 Ferry Road, Bristol, RI 02809",05/17/2011,"This will be the garden party of the season you won’t want to miss! 1pm -  Welcome and Introduction. 1:15pm - Lecture/Demo - Stoneblossom Floral Design, Dennis DelSignore. 2pm -  Lunch - catered by Russell Morin Fine Catering. 2:45pm - Lecture/Demo - Sayles Livingston, floral designer. 3:30pm - Raffle, Closing. $35 Garden Club & Blithewold Member. $45 Non-member.","Blithewold Mansion, Gardens & Arboretum",05/17/2011,401-253-2707
http://gonewport.com/ViewPage.aspx?id=175,Belcourt Castle Ghost Tour with owner Harle Tinney,"657 Bellevue Avenue, Newport, RI 02840",05/20/2011,"Ghost Tour throughout Belcourt's museum with owner, Harle Tinney. Mrs. Tinney takes you on a tour of her home of 50 years and talks about her ghost experiences she has put pen to paper in her new book titled ""Ghosts of Belcourt Castle"".  Tour Price: $25 adult, $15 student(up to 18) / senior.  Reservations are recommended. Cash at the Door.",Belcourt Castle,05/20/2011,401-846-0669
http://gonewport.com/ViewPage.aspx?id=175,Belcourt Castle Ghost Tour with owner Harle Tinney,"657 Bellevue Avenue, Newport, RI 02840",05/21/2011,"Ghost Tour throughout Belcourt's museum with owner, Harle Tinney. Mrs. Tinney takes you on a tour of her home of 50 years and talks about her ghost experiences she has put pen to paper in her new book titled ""Ghosts of Belcourt Castle"".  Tour Price: $25 adult, $15 student(up to 18) / senior.  Reservations are recommended. Cash at the Door.",Belcourt Castle,05/21/2011,401-846-0669
http://gonewport.com/ViewPage.aspx?id=175,Greenvale Vineyards Live Jazz Saturdays,"582 Wapping Road, Portsmouth, RI 02871",05/21/2011,"1pm-4pm. Greenvale will host live jazz musicians in their restored Stable turned Tasting Room. Event includes wine tasting, tours, and wine by the glass. Picnics and friendly dogs are welcomed!",Greenvale Vineyards,05/21/2011,401-847-3777
http://gonewport.com/ViewPage.aspx?id=175,Road to Independence History Walking Tour,"127 Thames Street, Newport, RI 02840",05/21/2011,"Riots and rebellion, enemies and allies! Learn about Newport in the years surrounding the American Revolution at 11am. $12 per person, $10 for Newport Historical Society members.",Museum & Shop at Brick Market,05/21/2011,401-841-8770
http://gonewport.com/ViewPage.aspx?id=175,Susan Werner,"933 Anthony Road, Portsmouth, RI 02871",05/21/2011,"Common Fence Music presents the Picnic Series. BYOB and food. Doors open at 7:00pm for the pre-show ""Folk tail-gate party"". Show starts at 8:00pm. Susan Werner is a singer/songwriter/comedian.",Common Fence Music Hall,05/21/2011,401-683-5085
http://gonewport.com/ViewPage.aspx?id=175,Best You Retreat for Women,"55 Purgatory Road, Middletown, RI 02842",05/21/2011,"Make yourself a priority! Experience body-changing exercise through natural movement. Learn about foods that nourish and energize. Integrate self-care for joy and balance. This amazing event includes demonstrations, speakers, meals and gift bag. Let us help you create your Best You! An Ellen Palmer Wellness Production.",Atlantic Beach Club,05/21/2011,860-655-1382
http://gonewport.com/ViewPage.aspx?id=175,Grand Charity ball for Children's Wishes,"65 Ridge Road, Newport, RI 02840",05/21/2011,"Children's Wishes Grand Charity Ball at Ocean Cliff. This is going to be a spectacular black-tie event with fine dining, entertainment, silent auctions and more. A great way to help grant wishes with love to local children that have life threatening illnesses. Ticket Donations: $200pp or VIP $300",OceanCliff,05/21/2011,401-228-7761
http://gonewport.com/ViewPage.aspx?id=175,Belcourt Castle Candlelight Tour,"657 Bellevue Avenue, Newport, RI 02840",05/22/2011,"6pm. Evening Guided Tour throughout Belcourt's museum which takes you on a tour of the home showcasing the antiquities of the Tinney Family collection. Tour Price: $20 adult, $15 student (up to 18) / senior. Reservations are recommended. Cash at the Door. Doors open at 5:45pm.",Belcourt Castle,05/22/2011,401-846-0669
http://gonewport.com/ViewPage.aspx?id=175,Belcourt Castle Candlelight Tour,"657 Bellevue Avenue, Newport, RI 02840",05/23/2011,"6pm. Evening Guided Tour throughout Belcourt's museum which takes you on a tour of the home showcasing the antiquities of the Tinney Family collection. Tour Price: $20 adult, $15 student (up to 18) / senior. Reservations are recommended. Cash at the Door. Doors open at 5:45pm.",Belcourt Castle,05/23/2011,401-846-0669
http://gonewport.com/ViewPage.aspx?id=175,An Evening with Andrea Wulf,"101 Ferry Road, Bristol, RI 02809",05/25/2011,"Join us for an elegant evening in the garden with award winning author Andrea Wulf. Enjoy informal tours of Blithewold’s gardens, a champagne toast in honor of the 100th “Birthday” of our Sequoiadendron giganteum (giant sequoia) and hors d'oeuvres. Ms. Wulf will discuss her newly released book Founding Gardeners: The Revolutionary Generation, Nature, and the Shaping of the American Nation. $50 Reserved tickets are required.","Blithewold Mansion, Gardens & Arboretum",05/25/2011,401-253-2707
http://gonewport.com/ViewPage.aspx?id=175,O'Brien's Pub Patio Opening,"501 Thames Street, Newport, RI 02840",05/26/2011,"Join your friends this for this very fun annual fundraiser for Visiting Nurse Services of Newport and Bristol Counties. Complimentary hors d’oeuvres, wine and beer - and a special visit from the Ancient Order of the Hibernians Pipes and Drums! Tickets available in advance by calling 401-849-2101 or at the door.",O'Brien's Pub,05/26/2011,401-849-2101
http://gonewport.com/ViewPage.aspx?id=175,Belcourt Castle Ghost Tour with owner Harle Tinney,"657 Bellevue Avenue, Newport, RI 02840",05/27/2011,"Ghost Tour throughout Belcourt's museum with owner, Harle Tinney. Mrs. Tinney takes you on a tour of her home of 50 years and talks about her ghost experiences she has put pen to paper in her new book titled ""Ghosts of Belcourt Castle"".  Tour Price: $25 adult, $15 student(up to 18) / senior.  Reservations are recommended. Cash at the Door.",Belcourt Castle,05/27/2011,401-846-0669
http://gonewport.com/ViewPage.aspx?id=175,Belcourt Castle Ghost Tour with owner Harle Tinney,"657 Bellevue Avenue, Newport, RI 02840",05/28/2011,"Ghost Tour throughout Belcourt's museum with owner, Harle Tinney. Mrs. Tinney takes you on a tour of her home of 50 years and talks about her ghost experiences she has put pen to paper in her new book titled ""Ghosts of Belcourt Castle"".  Tour Price: $25 adult, $15 student(up to 18) / senior.  Reservations are recommended. Cash at the Door.",Belcourt Castle,05/28/2011,401-846-0669
http://gonewport.com/ViewPage.aspx?id=175,Greenvale Vineyards Live Jazz Saturdays,"582 Wapping Road, Portsmouth, RI 02871",05/28/2011,"1pm-4pm. Greenvale will host live jazz musicians in their restored Stable turned Tasting Room. Event includes wine tasting, tours, and wine by the glass. Picnics and friendly dogs are welcomed!",Greenvale Vineyards,05/28/2011,401-847-3777
http://gonewport.com/ViewPage.aspx?id=175,Competing for Laughs,"4 Equality Park Place, Newport, RI 02840",05/28/2011,"Laughletics, competitive improv comedy, plays like a sports match complete with referee. Teams compete in improvised games to win laughs and applause from the audience. They play both games they choose & games to which they are challenged. The match starts at 10 pm following The Bit Players at 8 pm.",Firehouse Theater,05/28/2011,401-849-3473
http://gonewport.com/ViewPage.aspx?id=175,Belcourt Castle Candlelight Tour,"657 Bellevue Avenue, Newport, RI 02840",05/29/2011,"6pm. Evening Guided Tour throughout Belcourt's museum which takes you on a tour of the home showcasing the antiquities of the Tinney Family collection. Tour Price: $20 adult, $15 student (up to 18) / senior. Reservations are recommended. Cash at the Door. Doors open at 5:45pm.",Belcourt Castle,05/29/2011,401-846-0669
http://gonewport.com/ViewPage.aspx?id=175,Belcourt Castle Candlelight Tour,"657 Bellevue Avenue, Newport, RI 02840",05/30/2011,"6pm. Evening Guided Tour throughout Belcourt's museum which takes you on a tour of the home showcasing the antiquities of the Tinney Family collection. Tour Price: $20 adult, $15 student (up to 18) / senior. Reservations are recommended. Cash at the Door. Doors open at 5:45pm.",Belcourt Castle,05/30/2011,401-846-0669
http://gonewport.com/ViewPage.aspx?id=175,Guided Arboretum Tours: Shurbs for Any Location,"101 Ferry Road, Bristol, RI 02809",05/30/2011,"Join Assistant Grounds Manager and Certified Horticulturist Dan Christina for a “walk in the woods” as he reveals and discusses some of Blithewold’s horticultural treasures. $5 Member, $7 Non-member. Rain or Shine, please dress for the weather.","Blithewold Mansion, Gardens & Arboretum",05/30/2011,401-253-2707
http://gonewport.com/ViewPage.aspx?id=175,Newport’s Jewish History Walking Tour,"127 Thames Street, Newport, RI 02840",05/30/2011,"Stroll the neighborhood where Newport’s early Jewish settlers worked side by side with their neighbors. Hear stories about the founders of Touro Synagogue and learn about the legacy of religious freedom they left behind. This tour will be offered twice on Memorial Day, at 10:30am and 1:30pm. $12 per person, $10 for Newport Historical Society members. Reservations recommended as space is limited.",Museum & Shop at Brick Market,05/30/2011,401-841-8770
http://gonewport.com/ViewPage.aspx?id=175,Colony House & Wanton-Lyman-Hazard House Colonial Site Tours,"127 Thames Street, Newport, RI 02840",06/03/2011,"Tour the 1739 Colony House, built to house RI government meetings, and the c.1697 Wanton-Lyman-Hazard House, Newport's oldest house museum. This 11:30am tour costs $12 per person. Reservations recommended as space is limited.",Museum & Shop at Brick Market,06/03/2011,401-841-8770
http://gonewport.com/ViewPage.aspx?id=175,Colony House & Wanton-Lyman-Hazard House Colonial Site Tours,"127 Thames Street, Newport, RI 02840",06/04/2011,"Tour the 1739 Colony House, built to house RI government meetings, and the c.1697 Wanton-Lyman-Hazard House, Newport's oldest house museum. This 11:30am tour costs $12 per person. Reservations recommended as space is limited.",Museum & Shop at Brick Market,06/04/2011,401-841-8770
http://gonewport.com/ViewPage.aspx?id=175,Newport's Buried History Walking Tour,"127 Thames Street, Newport, RI 02840",06/04/2011,"11am. Discover the early history of Newport's people of color, enslaved and free. Visit the Wanton-Lyman-Hazard House and the colonial African buring ground. Reservations suggested. $12 per person",Museum & Shop at Brick Market,06/04/2011,401-841-8770
http://gonewport.com/ViewPage.aspx?id=175,30th Annual Knorr Great Chowder Cook-Off,"4 Commercial Wharf, Newport, RI 02840",06/04/2011,"The official kick-off to summer in Newport, the international chowder championships are back! Enjoy all-you-can-eat samples of exotic and traditional chowders from across the country and beyond, and vote for the best in 3 categories - Clam, Seafood, and Creative - plus “The Clam Shack” Clam Cake competition and other awards. The power is in your spoon to crown the new titans of chowder! With kids’ activities and 3 stages of live entertainment, this is one clam-tastic event not to be missed. 11am-6pm.",Newport Yachting Center,06/04/2011,401-846-1600
http://gonewport.com/ViewPage.aspx?id=175,7th Annual Family Day,"Fort Adams State Park, Newport, RI 02840",06/04/2011,"A great day of fun. Admission is free for the entire family. The day will be filled with activities, entertainment, games, food and various vendor booths. The March of Dimes is organizing a Touch-A-Truck Event – lots of cool vehicles to touch, climb on and sit in. Guided tours of Historic Fort Adams including the listening tunnels. Brought to you in partnership with Rhode Island State Parks.",Fort Adams,06/04/2011,401-841-0707
http://gonewport.com/ViewPage.aspx?id=175,Sail Newport Family Sailing Festival,"60 Fort Adams Drive, Newport, RI 02840",06/04/2011,"10am-3pm. Bring the Entire Family - Experience Sailing. All ages are invited for free sailboat rides. Sail Newport experienced skippers will give tours of Newport Harbor and Brenton Cove. <br><br>Lifejackets will be provided. First-come, first-served. Email for group reservations.",Sail Newport,06/04/2011,401-846-1983
http://gonewport.com/ViewPage.aspx?id=175,Greenvale Vineyards Live Jazz Saturdays,"582 Wapping Road, Portsmouth, RI 02871",06/04/2011,"1pm-4pm. Greenvale will host live jazz musicians in their restored Stable turned Tasting Room. Event includes wine tasting, tours, and wine by the glass. Picnics and friendly dogs are welcomed!",Greenvale Vineyards,06/04/2011,401-847-3777
http://gonewport.com/ViewPage.aspx?id=175,Habitat for Humanity of East Bay RI Seaside Soiree,"Goat Island, Newport, RI 02840",06/04/2011,"Join us for an evening of cocktails, hors d'oeuvres, music and dancing while overlooking the iconic Newport skyline, all to benefit Habitat for Humanity of East Bay Rhode Island. The Seaside Soiree returns on June 4th to help our neighbors in need. As the sun sets on the City-by-the-Sea, celebrate for an extraordinary cause and partake in a fantastic silent auction. Tickets are just $75 for an evening to remember.",Regatta Place,06/04/2011,888-270-5274
http://gonewport.com/ViewPage.aspx?id=175,Heart & Sole Walk for the Animals,"Glen Park, Portsmouth, RI 02871",06/05/2011,"10:30am-1pm. 1 or 3 Mile Walkathon to support The Potter League, Newport County’s Animal Care & Education Center. Many fun activities planned including Pet Contests, Doggie Obstacle Course, Entertainment, Prizes and The Walk.",Potter League for Animals,06/05/2011,
http://gonewport.com/ViewPage.aspx?id=175,Colony House & Wanton-Lyman-Hazard House Colonial Site Tours,"127 Thames Street, Newport, RI 02840",06/05/2011,"Tour the 1739 Colony House, built to house RI government meetings, and the c.1697 Wanton-Lyman-Hazard House, Newport's oldest house museum. This 11:30am tour costs $12 per person. Reservations recommended as space is limited.",Museum & Shop at Brick Market,06/05/2011,401-841-8770
http://gonewport.com/ViewPage.aspx?id=175,Colony House & Wanton-Lyman-Hazard House Colonial Site Tours,"127 Thames Street, Newport, RI 02840",06/06/2011,"Tour the 1739 Colony House, built to house RI government meetings, and the c.1697 Wanton-Lyman-Hazard House, Newport's oldest house museum. This 11:30am tour costs $12 per person. Reservations recommended as space is limited.",Museum & Shop at Brick Market,06/06/2011,401-841-8770
http://gonewport.com/ViewPage.aspx?id=175,Colony House & Wanton-Lyman-Hazard House Colonial Site Tours,"127 Thames Street, Newport, RI 02840",06/08/2011,"Tour the 1739 Colony House, built to house RI government meetings, and the c.1697 Wanton-Lyman-Hazard House, Newport's oldest house museum. This 11:30am tour costs $12 per person. Reservations recommended as space is limited.",Museum & Shop at Brick Market,06/08/2011,401-841-8770
http://gonewport.com/ViewPage.aspx?id=175,Colony House & Wanton-Lyman-Hazard House Colonial Site Tours,"127 Thames Street, Newport, RI 02840",06/10/2011,"Tour the 1739 Colony House, built to house RI government meetings, and the c.1697 Wanton-Lyman-Hazard House, Newport's oldest house museum. This 11:30am tour costs $12 per person. Reservations recommended as space is limited.",Museum & Shop at Brick Market,06/10/2011,401-841-8770
http://gonewport.com/ViewPage.aspx?id=175,157th Annual Regatta Presented by Rolex,,06/12/2011,<strong><u>New York Yacht Club</u></strong>,New York Yacht Club,06/10/2011,
http://gonewport.com/ViewPage.aspx?id=175,Greenvale Vineyards Live Jazz Saturdays,"582 Wapping Road, Portsmouth, RI 02871",06/11/2011,"1pm-4pm. Greenvale will host live jazz musicians in their restored Stable turned Tasting Room. Event includes wine tasting, tours, and wine by the glass. Picnics and friendly dogs are welcomed!",Greenvale Vineyards,06/11/2011,401-847-3777
http://gonewport.com/ViewPage.aspx?id=175,Colony House & Wanton-Lyman-Hazard House Colonial Site Tours,"127 Thames Street, Newport, RI 02840",06/11/2011,"Tour the 1739 Colony House, built to house RI government meetings, and the c.1697 Wanton-Lyman-Hazard House, Newport's oldest house museum. This 11:30am tour costs $12 per person. Reservations recommended as space is limited.",Museum & Shop at Brick Market,06/11/2011,401-841-8770
http://gonewport.com/ViewPage.aspx?id=175,Rum & Revolution History Walking Tour,"127 Thames Street, Newport, RI 02840",06/11/2011,"Explore the changing role of alcohol in Newport through stories of taverns, distillers, rum runners and more.",Museum & Shop at Brick Market,06/11/2011,401-841-8770
http://gonewport.com/ViewPage.aspx?id=175,Rum & Revolution History Walking Tour,"127 Thames Street, Newport, RI 02840",06/11/2011,"11am. Explore the changing role of alcohol in Newport through stories of taverns, distillers, rum runners and more.",Museum & Shop at Brick Market,06/11/2011,401-841-8770
http://gonewport.com/ViewPage.aspx?id=175,Colony House & Wanton-Lyman-Hazard House Colonial Site Tours,"127 Thames Street, Newport, RI 02840",06/12/2011,"Tour the 1739 Colony House, built to house RI government meetings, and the c.1697 Wanton-Lyman-Hazard House, Newport's oldest house museum. This 11:30am tour costs $12 per person. Reservations recommended as space is limited.",Museum & Shop at Brick Market,06/12/2011,401-841-8770
http://gonewport.com/ViewPage.aspx?id=175,Colony House & Wanton-Lyman-Hazard House Colonial Site Tours,"127 Thames Street, Newport, RI 02840",06/13/2011,"Tour the 1739 Colony House, built to house RI government meetings, and the c.1697 Wanton-Lyman-Hazard House, Newport's oldest house museum. This 11:30am tour costs $12 per person. Reservations recommended as space is limited.",Museum & Shop at Brick Market,06/13/2011,401-841-8770
http://gonewport.com/ViewPage.aspx?id=175,Colony House & Wanton-Lyman-Hazard House Colonial Site Tours,"127 Thames Street, Newport, RI 02840",06/15/2011,"Tour the 1739 Colony House, built to house RI government meetings, and the c.1697 Wanton-Lyman-Hazard House, Newport's oldest house museum. This 11:30am tour costs $12 per person. Reservations recommended as space is limited.",Museum & Shop at Brick Market,06/15/2011,401-841-8770
http://gonewport.com/ViewPage.aspx?id=175,J-Class Newport Regatta,"Fort Adams, Newport, RI 02840",06/19/2011,"The J-Class yachts Velsheda, Ranger and Shamrock V will be participating in The J-Class Newport Regatta, the first of a series of global J-Class events.",,06/15/2011,
http://gonewport.com/ViewPage.aspx?id=175,Secret Garden Tours,"33 Washington Street, Newport, RI 02840",06/19/2011,A self-guided walking and driving tour of private gardens and homes in Newport. Rain or shine.,,06/17/2011,401-847-0514
http://gonewport.com/ViewPage.aspx?id=175,Colony House & Wanton-Lyman-Hazard House Colonial Site Tours,"127 Thames Street, Newport, RI 02840",06/17/2011,"Tour the 1739 Colony House, built to house RI government meetings, and the c.1697 Wanton-Lyman-Hazard House, Newport's oldest house museum. This 11:30am tour costs $12 per person. Reservations recommended as space is limited.",Museum & Shop at Brick Market,06/17/2011,401-841-8770
http://gonewport.com/ViewPage.aspx?id=175,Fort Adams Trust Fundraiser - A Salute to the Summer Solstice,"Fort Adams State Park, Newport, RI 02840",06/17/2011,7pm-10:30pm. This Third annual ‘friend and fund raiser’ is to benefit the Fort Adams Trust and will be the kick off to the summer season. Summer food tastings by Russell Morin Fine Catering and specialty beverages will be served. There will be live entertainment and a silent auction.,Fort Adams,06/17/2011,401-841-0707
http://gonewport.com/ViewPage.aspx?id=175,Greenvale Vineyards Live Jazz Saturdays,"582 Wapping Road, Portsmouth, RI 02871",06/18/2011,"1pm-4pm. Greenvale will host live jazz musicians in their restored Stable turned Tasting Room. Event includes wine tasting, tours, and wine by the glass. Picnics and friendly dogs are welcomed!",Greenvale Vineyards,06/18/2011,401-847-3777
http://gonewport.com/ViewPage.aspx?id=175,Colony House & Wanton-Lyman-Hazard House Colonial Site Tours,"127 Thames Street, Newport, RI 02840",06/18/2011,"Tour the 1739 Colony House, built to house RI government meetings, and the c.1697 Wanton-Lyman-Hazard House, Newport's oldest house museum. This 11:30am tour costs $12 per person. Reservations recommended as space is limited.",Museum & Shop at Brick Market,06/18/2011,401-841-8770
http://gonewport.com/ViewPage.aspx?id=175,Rogues & Scoundrels History Walking Tour,"127 Thames Street, Newport, RI 02840",06/18/2011,"See where scoundrels lived, where pirates profited and where criminals were put on trial and punished. Find out why this colony was known as ""Rogue's Island."" Reservations requested. $12 per person.",Museum & Shop at Brick Market,06/18/2011,401-841-8770
http://gonewport.com/ViewPage.aspx?id=175,Colony House & Wanton-Lyman-Hazard House Colonial Site Tours,"127 Thames Street, Newport, RI 02840",06/19/2011,"Tour the 1739 Colony House, built to house RI government meetings, and the c.1697 Wanton-Lyman-Hazard House, Newport's oldest house museum. This 11:30am tour costs $12 per person. Reservations recommended as space is limited.",Museum & Shop at Brick Market,06/19/2011,401-841-8770
http://gonewport.com/ViewPage.aspx?id=175,Colony House & Wanton-Lyman-Hazard House Colonial Site Tours,"127 Thames Street, Newport, RI 02840",06/20/2011,"Tour the 1739 Colony House, built to house RI government meetings, and the c.1697 Wanton-Lyman-Hazard House, Newport's oldest house museum. This 11:30am tour costs $12 per person. Reservations recommended as space is limited.",Museum & Shop at Brick Market,06/20/2011,401-841-8770
http://gonewport.com/ViewPage.aspx?id=175,Colony House & Wanton-Lyman-Hazard House Colonial Site Tours,"127 Thames Street, Newport, RI 02840",06/22/2011,"Tour the 1739 Colony House, built to house RI government meetings, and the c.1697 Wanton-Lyman-Hazard House, Newport's oldest house museum. This 11:30am tour costs $12 per person. Reservations recommended as space is limited.",Museum & Shop at Brick Market,06/22/2011,401-841-8770
http://gonewport.com/ViewPage.aspx?id=175,Bacardi Newport Sailing Week presented by EFG Bank,"Fort Adams State Park, Newport, RI 02840",06/26/2011,Newport welcomes the Inaugural Bacardi Newport Sailing Week which brings sailors from all over the country together to sail in magnificent Narragansett Bay. Please visit Fort Adams State park and see the boats race in front of your eyes!,Fort Adams State Park & Sail Newport,06/23/2011,305-373-6671
http://gonewport.com/ViewPage.aspx?id=175,Art Newport- Aboard SeaFair,"1 Washington Street, Newport, RI 02840",06/30/2011,"Join us for the first annual Art Newport, a one-of-a-kind event aboard SeaFair, the mega-yacht venue.  Groundbreaking in scale, ingenuity and style, the 228-foot yacht - which remains dockside during each event - pairs international fine art glass, paintings, photography, sculpture, jewelry and collectables with harbor view dining and special events.  During the 10-day fine art exhibition the ship will bring international dealers from around the world to Newport for the first time.",Newport Shipyard,06/23/2011,239-495-2024
http://gonewport.com/ViewPage.aspx?id=175,The Newport Flower Show,"548 Bellevue Avenue, Newport, RI 02840",06/26/2011,"Celebrating its 16th year as America’s premier summer flower show, the 2011 Newport Flower Show will welcome visitors with the grace and sophistication that has raised entertaining to an art form in the City-by-the-Sea.  ""Entertaining—Newport Style"" will be held on the historic grounds of Rosecliff, which hosted some of the most fabulous parties of the Gilded Age in the early 20th century and remains a setting for elegant receptions and entertainment to this day.  All proceeds from the three-day show benefit The Preservation Society of Newport County.",Rosecliff,06/24/2011,401-847-1000
http://gonewport.com/ViewPage.aspx?id=175,Colony House & Wanton-Lyman-Hazard House Colonial Site Tours,"127 Thames Street, Newport, RI 02840",06/24/2011,"Tour the 1739 Colony House, built to house RI government meetings, and the c.1697 Wanton-Lyman-Hazard House, Newport's oldest house museum. This 11:30am tour costs $12 per person. Reservations recommended as space is limited.",Museum & Shop at Brick Market,06/24/2011,401-841-8770
http://gonewport.com/ViewPage.aspx?id=175,Colony House & Wanton-Lyman-Hazard House Colonial Site Tours,"127 Thames Street, Newport, RI 02840",06/25/2011,"Tour the 1739 Colony House, built to house RI government meetings, and the c.1697 Wanton-Lyman-Hazard House, Newport's oldest house museum. This 11:30am tour costs $12 per person. Reservations recommended as space is limited.",Museum & Shop at Brick Market,06/25/2011,401-841-8770
http://gonewport.com/ViewPage.aspx?id=175,Nantucket Nectars Sunset Music Series - Indigo Girls,"4 Commercial Wharf, Newport, RI 02840",06/25/2011,"It’s been two decades since the Indigo Girls launched their career with their independently released debut album, 1987’s Strange Fire.  Indigo Girls continue to celebrate their long-standing passion for live performance on their upcoming release, Staring Down the Brilliant Dream. $55 preferred and $35 standard seating. Courtyard acts start at 6pm and Main Stage acts start at 7pm.",Newport Yachting Center,06/25/2011,401-846-1600
http://gonewport.com/ViewPage.aspx?id=175,The Working Waterfront History Walking Tour,"415 Thames Street, Newport, RI 02840",06/25/2011,"Walk in the footsteps of the women and men -- sailors, merchants, immigrants -- who once lived and worked in the Lower Thames neighborhood on a tour that engages the senses. $12 per person. Departs at 11am.",NRF Museum Store,06/25/2011,401-324-6111
http://gonewport.com/ViewPage.aspx?id=175,Greenvale Vineyards Live Jazz Saturdays,"582 Wapping Road, Portsmouth, RI 02871",06/25/2011,"1pm-4pm. Greenvale will host live jazz musicians in their restored Stable turned Tasting Room. Event includes wine tasting, tours, and wine by the glass. Picnics and friendly dogs are welcomed!",Greenvale Vineyards,06/25/2011,401-847-3777
http://gonewport.com/ViewPage.aspx?id=175,Colony House & Wanton-Lyman-Hazard House Colonial Site Tours,"127 Thames Street, Newport, RI 02840",06/26/2011,"Tour the 1739 Colony House, built to house RI government meetings, and the c.1697 Wanton-Lyman-Hazard House, Newport's oldest house museum. This 11:30am tour costs $12 per person. Reservations recommended as space is limited.",Museum & Shop at Brick Market,06/26/2011,401-841-8770
http://gonewport.com/ViewPage.aspx?id=175,Colony House & Wanton-Lyman-Hazard House Colonial Site Tours,"127 Thames Street, Newport, RI 02840",06/27/2011,"Tour the 1739 Colony House, built to house RI government meetings, and the c.1697 Wanton-Lyman-Hazard House, Newport's oldest house museum. This 11:30am tour costs $12 per person. Reservations recommended as space is limited.",Museum & Shop at Brick Market,06/27/2011,401-841-8770
http://gonewport.com/ViewPage.aspx?id=175,CVS Caremark Charity Classic,"150 Nayatt Road, Barrington, RI 02806",06/29/2011,"The CVS Caremark Charity Classic is Rhode Island's largest charitable sporting event and hosts some of the best PGA professional golfers in the world. Funds raised by the tournament are distributed to local, nonprofit organizations, providing vital funding for a variety of critical programs serving children, families and people in transition throughout Southeastern New England.",Rhode Island Country Club,06/27/2011,
http://gonewport.com/ViewPage.aspx?id=175,Colony House & Wanton-Lyman-Hazard House Colonial Site Tours,"127 Thames Street, Newport, RI 02840",06/29/2011,"Tour the 1739 Colony House, built to house RI government meetings, and the c.1697 Wanton-Lyman-Hazard House, Newport's oldest house museum. This 11:30am tour costs $12 per person. Reservations recommended as space is limited.",Museum & Shop at Brick Market,06/29/2011,401-841-8770
http://gonewport.com/ViewPage.aspx?id=175,Lynx - America's Privateer,"60 Fort Adams Drive, Newport, RI 02840",05/15/2011,"The Lynx Educational Foundation is a non-profit, non-partisan, educational organization, dedicated to hands-on educational programs that teach the history of America's struggle to preserve its independence. 9am-1pm Public Ship Tours. Adults Suggested $5 donation (12 and under free).",Lynx - America's Privateer,05/13/2011,866-446-5969
http://gonewport.com/ViewPage.aspx?id=175,Bristol Independent Galleries Art Stroll,"423 Hope Street, Bristol, RI 02809",05/15/2011,"Noon-5pm. Trolley stops, refreshments, raffles, and live music. Participating Galleries: Bristol Art Gallery; Gallery Eleven Fine Art; <br><br>The Mosaic Works Gallery; Hope Gallery; <br><br>The Knotty Dog; Uncommon Art; Studio 297; and The Paint Studio. <br><br>Tickets can be purchased in advance.",Bristol Independent Galleries,05/15/2011,401-396-9117
http://gonewport.com/ViewPage.aspx?id=175,Discover Colonial Newport History Walking Tour,"127 Thames Street, Newport, RI 02840",05/18/2011,"Hear stories of revolution and ruin, struggles for religious liberty and remarkable entrepreneurship among Newport's diverse people. This 11am tour costs $12 per person.",Museum & Shop at Brick Market,05/18/2011,401-841-8770
http://gonewport.com/ViewPage.aspx?id=175,Best You Retreat for Women,"96 Pelham Street, Newport, RI 02840",05/22/2011,"This 3-Day women's wellness retreat will offer women the opportunity to come together to learn practical tools and strategies for nourishing their body and soul. Learn how to create lasting, positive change in the idyllic coastal setting of Newport. Join us at the quaint Newport Blues Inn for the full weekend experience, or just for the day on Saturday, the 21st, at The Atlantic Beach Club. Either option will provide you with access to enlightened speakers, gift bags and surprises!",The Newport Blues Inn,05/20/2011,860-655-1382
http://gonewport.com/ViewPage.aspx?id=175,Discover Colonial Newport History Walking Tour,"127 Thames Street, Newport, RI 02840",05/25/2011,"Hear stories of revolution and ruin, struggles for religious liberty and remarkable entrepreneurship among Newport's diverse people. This 11am tour costs $12 per person.",Museum & Shop at Brick Market,05/25/2011,401-841-8770
http://gonewport.com/ViewPage.aspx?id=175,"""Spirits and Stogies Wednesday""","1 Bellevue Avenue, Newport, RI 02840",06/01/2011,"Superior cigars matched with high quality spirits. A spirit expert passionately familiar with the featured cognac, brandy, port wine, single malt scotch, vodka or rum will be on-hand to spread the word about the unique nuances of each tasting selection. Small bites prepared by Rhode Island Chef of the Year, Executive Chef Kevin Thiele will be passed to complement each cigar and spirit. $35 per person. Limited seating. Advance ticket purchase requied. 6pm-8pm.",Top of Newport,06/01/2011,401-848-4824
http://gonewport.com/ViewPage.aspx?id=175,Homes for Wildlife: A family exhibit about habitats at Blithewold,"101 Ferry Road, Bristol, RI 02809",06/30/2011,"The Homes for Wildlife exhibit in the Summer House will highlight some of the many habitats, or homes, on Blithewold’s property. Take a peek inside and then discover each home using a special letterbox habitat trail map.","Blithewold Mansion, Gardens and Arboretum",06/01/2011,401-253-2707
http://gonewport.com/ViewPage.aspx?id=175,30th Annual Knorr Great Chowder Cook-Off,"4 Commercial Wharf, Newport, RI 02840",06/04/2011,"The official kick-off to summer in Newport, the international chowder championships are back! Enjoy all-you-can-eat samples of exotic and traditional chowders from across the country and beyond, and vote for the best in 3 categories - Clam, Seafood, and Creative - plus “The Clam Shack” Clam Cake competition and other awards. The power is in your spoon to crown the new titans of chowder! With kids’ activities and 3 stages of live entertainment, this is one clam-tastic event not to be missed. Noon-6pm.",Newport Yachting Center,06/04/2011,401-846-1600
http://gonewport.com/ViewPage.aspx?id=175,Feathered Friends Series at Blithewold: Bird House Workshop,"101 Ferry Road, Bristol, RI 02809",06/04/2011,"Keep the birds coming back year after year by building your own bird-house. Not only will you have the satisfaction of making the house, you'll also be able to enjoy a view of birdlife at close range for seasons to come. Join Blithewold’s Director of Horticulture Fred Perry at this simple, hands-on bird house workshop, suitable for children 5 and up if accompanied by a parent or chaperone. All materials are provided in class. Please bring hammers if you have them and be prepared to use them!","Blithewold Mansion, Gardens and Arboretum",06/04/2011,401-253-2707
http://gonewport.com/ViewPage.aspx?id=175,"""Spirits and Stogies Wednesday""","1 Bellevue Avenue, Newport, RI 02840",06/08/2011,"Superior cigars matched with high quality spirits. A spirit expert passionately familiar with the featured cognac, brandy, port wine, single malt scotch, vodka or rum will be on-hand to spread the word about the unique nuances of each tasting selection. Small bites prepared by Rhode Island Chef of the Year, Executive Chef Kevin Thiele will be passed to complement each cigar and spirit. $35 per person. Limited seating. Advance ticket purchase requied. 6pm-8pm.",Top of Newport,06/08/2011,401-848-4824
http://gonewport.com/ViewPage.aspx?id=175,History of the Fall River Line,"Washington Square, Newport, RI 02840",06/09/2011,"Andrew Lizak will present “ The Fall River Line and the 1937 America’s Cup Spectator Fleet Off Newport in Color.” This 5:30pm program will offer a brief history of the Fall River Line steamships, highlighting Newport’s involvement with the Fall River Line from its founding in 1847 through its demise in 1937. $5 per person, $1 Newport Historical Society members",Colony House,06/09/2011,401-841-8770
http://gonewport.com/ViewPage.aspx?id=175,SVF Visitors Day,"Fort Adams Drive, Newport, RI 02840",06/11/2011,"Although typically closed to the public, SVF opens its gates once a year for guests to take a free, self guided tour through the historic Swiss Village Farm. <br><br>Our lab and animal care staff and team of veterinarians from Tufts Cummings School of Veterinary Medicine will be on hand to explain our important scientific mission. Rare breeds of cattle, sheep and goats will be on display, along with sheep shearing and cryogenic demonstrations. Parking at Fort Adams. Free trolley service from Fort Adams is provided.",SVF Foundation,06/11/2011,401-848-7229
http://gonewport.com/ViewPage.aspx?id=175,Roses for New England,"101 Ferry Road, Bristol, RI 02809",06/14/2011,"Join us for a special lecture by Mike and Angelina Chute, based on their book, Roses for New England: A Guide to Sustainable Rose Gardening. It addresses the merits and challenges of rose gardening in New England, identifies sustainable varieties that remain healthy and attractive without the use of pesticides, and offers tips and personal anecdotes from the authors’ twenty years of rose gardening experience.","Blithewold Mansion, Gardens and Arboretum",06/14/2011,401-253-2707
http://gonewport.com/ViewPage.aspx?id=175,Blithewold's Music at Sunset Series,"101 Ferry Road, Bristol, RI 02809",06/15/2011,"Dick Lupino Jazz Trio. BYO Picnic. Feel free to enjoy your own wine or other alcoholic beverages and be sure to pack a picnic basket! $10 Member, $15 Non-member.","Blithewold Mansion, Gardens and Arboretum",06/15/2011,401-253-2707
http://gonewport.com/ViewPage.aspx?id=175,"""Spirits and Stogies Wednesday""","1 Bellevue Avenue, Newport, RI 02840",06/15/2011,"Superior cigars matched with high quality spirits. A spirit expert passionately familiar with the featured cognac, brandy, port wine, single malt scotch, vodka or rum will be on-hand to spread the word about the unique nuances of each tasting selection. Small bites prepared by Rhode Island Chef of the Year, Executive Chef Kevin Thiele will be passed to complement each cigar and spirit. $35 per person. Limited seating. Advance ticket purchase requied. 6pm-8pm.",Top of Newport,06/15/2011,401-848-4824
http://gonewport.com/ViewPage.aspx?id=175,Summer Solstice – An evening of Revelry,"Fort Adams State Park, Newport, RI 02840",06/17/2011,"7pm-10:30pm. The perfect kick-off to Newport’s 2011 summer season. This annual ‘friend and fundraiser’ benefits the Fort Adams Trust. Behind-the-Scenes Tours, Scrumptious Food by McGrath Clambakes & Catering, silent & Live Auctions, Music & Dancing.",Fort Adams,06/17/2011,401-841-0707
http://gonewport.com/ViewPage.aspx?id=175,Mount Hope Farm Antiques & Garden Fair Preview Party,"250 Metacom Avenue, Bristol, RI 02809",06/17/2011,"Meet the vendors!  Our Preview Party is held under the South Pasture Tent from 6:00 - 8:00.  Sponsored by Blackstone Catering, Greenvale Vineyards and Narragansett Beer.",Mount Hope Farm,06/17/2011,401-254-1745
http://gonewport.com/ViewPage.aspx?id=175,Fifth Annual Mount Hope Farm Antiques & Garden Fair,"250 Metacom Avenue, Bristol, RI 02809",06/18/2011,"Our Fifth Annual Antiques Fair featuring vendors from across the northeast.  Saturday, June 18, 2011 - 10am-5pm. Admission $8.",Mount Hope Farm,06/18/2011,401-254-1745
http://gonewport.com/ViewPage.aspx?id=175,"""Spirits and Stogies Wednesday""","1 Bellevue Avenue, Newport, RI 02840",06/22/2011,"Superior cigars matched with high quality spirits. A spirit expert passionately familiar with the featured cognac, brandy, port wine, single malt scotch, vodka or rum will be on-hand to spread the word about the unique nuances of each tasting selection. Small bites prepared by Rhode Island Chef of the Year, Executive Chef Kevin Thiele will be passed to complement each cigar and spirit. $35 per person. Limited seating. Advance ticket purchase requied. 6pm-8pm.",Top of Newport,06/22/2011,401-848-4824
http://gonewport.com/ViewPage.aspx?id=175,The Newport Summer Comedy Series,"4 Commercial Wharf, Newport, RI 02840",06/24/2011,"The Newport Summer Comedy Series is thrilled to announce that another major comedy star, one of the most popular in the business, Aziz Ansari, will be making his Rhode Island debut on opening night of the series at the Newport Yachting Center. The star of the hit NBC show, Parks and Recreation at 7:30pm.",Newport Yachting Center,06/24/2011,800-745-3000
http://gonewport.com/ViewPage.aspx?id=175,"""Spirits and Stogies Wednesday""","1 Bellevue Avenue, Newport, RI 02840",06/29/2011,"Superior cigars matched with high quality spirits. A spirit expert passionately familiar with the featured cognac, brandy, port wine, single malt scotch, vodka or rum will be on-hand to spread the word about the unique nuances of each tasting selection. Small bites prepared by Rhode Island Chef of the Year, Executive Chef Kevin Thiele will be passed to complement each cigar and spirit. $35 per person. Limited seating. Advance ticket purchase requied. 6pm-8pm.",Top of Newport,06/29/2011,401-848-4824
http://gonewport.com/ViewPage.aspx?id=175,Road to Independence History Walking Tour,"127 Thames Street, Newport, RI 02840",07/01/2011,"Riots and rebellion, enemies and allies! Learn about Newport in the years surrounding the American Revolution on this 11am walking tour. $12 per person. Reservations suggested.",Museum & Shop at Brick Market,07/01/2011,401-841-8770
http://gonewport.com/ViewPage.aspx?id=175,Art Newport- Aboard SeaFair,"1 Washington Street, Newport, RI 02840",07/04/2011,"Join us for the first annual Art Newport, a one-of-a-kind event aboard SeaFair, the mega-yacht venue.  Groundbreaking in scale, ingenuity and style, the 228-foot yacht - which remains dockside during each event - pairs international fine art glass, paintings, photography, sculpture, jewelry and collectables with harbor view dining and special events.  During the 10-day fine art exhibition the ship will bring international dealers from around the world to Newport for the first time.",Newport Shipyard,07/01/2011,239-495-2024
http://gonewport.com/ViewPage.aspx?id=175,Homes for Wildlife: A family exhibit about habitats at Blithewold,"101 Ferry Road, Bristol, RI 02809",07/31/2011,"The Homes for Wildlife exhibit in the Summer House will highlight some of the many habitats, or homes, on Blithewold’s property. Take a peek inside and then discover each home using a special letterbox habitat trail map.","Blithewold Mansion, Gardens and Arboretum",07/01/2011,401-253-2707
http://gonewport.com/ViewPage.aspx?id=175,Tiedemann Classic Regatta,"60 Fort Adams Drive, Newport, RI 02840",07/03/2011,<strong><u>Sail Newport</u></strong>,Sail Newport,07/02/2011,401-846-1983
http://gonewport.com/ViewPage.aspx?id=175,Family Weekend & Campbell's Hall of Fame Tennis Championships Qualifying Tournament,"194 Bellevue Avenue, Newport, RI 02840",07/03/2011,"Family Weekend offers two days of fun to keep all ages entertained on the holiday weekend! Festivities include tennis clinics for kids, arts and crafts, exciting tennis demos, Museum tours, Scavenger Hunts, face-painting, balloon art, and more! Plus, visitors enjoy courtside views as world-class tennis professionals compete in the Qualifying Rounds for four coveted spots in the Campbell’s Hall of Fame Tennis Championships, the only pro tournament played on grass courts in North America!",International Tennis Hall of Fame & Museum,07/02/2011,401-849-3990
http://gonewport.com/ViewPage.aspx?id=175,Greenvale Vineyards Live Jazz Saturdays,"582 Wapping Road, Portsmouth, RI 02871",07/02/2011,"1pm-4pm. Greenvale will host live jazz musicians in their restored Stable turned Tasting Room. Event includes wine tasting, tours, and wine by the glass. Picnics and friendly dogs are welcomed!",Greenvale Vineyards,07/02/2011,401-847-3777
http://gonewport.com/ViewPage.aspx?id=175,Road to Independence,"127 Thames Street, Newport, RI 02840",07/02/2011,"Riots and rebellion, enemies and allies! Learn about Newport in the years surrounding the American Revolution. Reservations suggested. $12 per person",Museum & Shop at Brick Market,07/02/2011,401-841-8770
http://gonewport.com/ViewPage.aspx?id=175,4th of July Fireworks,"Newport Harbor, Newport, RI 02840",07/04/2011,At dusk (around 9:15 p.m.).,,07/04/2011,
http://gonewport.com/ViewPage.aspx?id=175,Rogues & Scoundrels History Walking Tour,"127 Thames Street, Newport, RI 02840",07/04/2011,"See where scoundrels lived, where pirates profited and where criminals were put on trial and punished. Find out why this colony was known as ""Rogue's Island."" Reservations requested. $12 per person.",Museum & Shop at Brick Market,07/04/2011,401-841-8770
http://gonewport.com/ViewPage.aspx?id=175,Campbell's Hall of Fame Tennis Championships,"194 Bellevue Avenue, Newport, RI 02840",07/10/2011,"Top ATP World Tour tennis pros travel to Newport direct from Wimbledon to compete for the Van Alen Cup in the only pro tennis tournament played on grass courts in North America. Complementing seven days of pro tennis action, the week features special events like tennis clinics, the Angela Moore Fashion Show, family activities, and much more!",International Tennis Hall of Fame,07/04/2011,401-849-3990
http://gonewport.com/ViewPage.aspx?id=175,226th Bristol Fourth of July Celebration,"P.O. Box 561, Bristol, RI 02809",07/04/2011,"The Fourth of July Parade will begin at 10:30 a.m. and will step-off at the corner of Chestnut Street and Hope Street (Rt. 114) and ends on High Street, between State Street and Bradford Street.",Bristol Fourth of July Celebration,07/04/2011,
http://gonewport.com/ViewPage.aspx?id=175,"""Spirits and Stogies Wednesday""","1 Bellevue Avenue, Newport, RI 02840",07/06/2011,"Superior cigars matched with high quality spirits. A spirit expert passionately familiar with the featured cognac, brandy, port wine, single malt scotch, vodka or rum will be on-hand to spread the word about the unique nuances of each tasting selection. Small bites prepared by Rhode Island Chef of the Year, Executive Chef Kevin Thiele will be passed to complement each cigar and spirit. $35 per person. Limited seating. Advance ticket purchase requied. 6pm-8pm.",Top of Newport,07/06/2011,401-848-4824
http://gonewport.com/ViewPage.aspx?id=175,Concert by Sidewinder,"Hazard Road, Newport, RI 02840",07/06/2011,"6:30pm-8:00pm.  Kid friendly.  Winner of the 4th Annual Molly Finn Battle of the Bands, Sidewinder features  guitarist/vocalist Chris Vaillancourt, bassist Elias Wheeler and drummer Zig Coffey.  Seating is on the grass — bring a blanket or lawn chair and arrive 15 minutes prior to the performance to ensure a place to park and time to make your way down to the quarry meadow. Free.",Ballard Park Quarry Meadow,07/06/2011,401-619-3377
http://gonewport.com/ViewPage.aspx?id=175,A Night of Tribute Celebrating Newport Hospital and Honoring Noreen Stonor Drexel,"Bellevue Avenue, Newport, RI 02840",07/07/2011,"This year’s event, A Night of Tribute:  Celebrating Newport Hospital and Honoring Noreen Stonor Drexel, features a cocktail reception, dinner and auction.  Proceeds will benefit the hospital’s award winning Noreen Stonor Drexel Birthing Center.",The Newport Art Museum,07/07/2011,401-845-1619
http://gonewport.com/ViewPage.aspx?id=175,The Working Waterfront History Walking Tour,"415 Thames Street, Newport, RI 02840",07/07/2011,"Walk in the footsteps of the women and men -- sailors, merchants, immigrants -- who once lived and worked in the Lower Thames neighborhood on a tour that engages the senses. $12 per person. Departs at 11am.",NRF Museum Store,07/07/2011,401-324-6111
http://gonewport.com/ViewPage.aspx?id=175,Newport Summer Comedy Series,"4 Commercial Wharf, Newport, RI 02840",07/07/2011,"Bob Saget - Yes, Bob Saget has starred in many popular TV show, including two of the most family-friendly shows network TV has ever produced, ""Full House"" and ""America's Funniest Home Videos"", but he's also been an out of his mind, standup comedian for the past 30 years. From his HBO Special, ""That Ain't Right"" to his scene stealing cameos in ""Entourage"" and ""The Aristocrats,"" it's always effective as Saget embraces his dark side. It promises to be a memorable and laughter filled evening of comedy.",Newport Yachting Center,07/07/2011,800-745-3000
http://gonewport.com/ViewPage.aspx?id=175,Newport Music Festival,"P.O. Box 3300, Newport, RI 02840",07/24/2011,"Newport Music Festival continues the tradition of presenting unique chamber music programs, American debuts, world-class artists and gala special events in the Gilded Age summer cottages of Newport, Rhode Island.",,07/08/2011,401-846-1133
http://gonewport.com/ViewPage.aspx?id=175,Road to Independence History Walking Tour,"127 Thames Street, Newport, RI 02840",07/08/2011,"Riots and rebellion, enemies and allies! Learn about Newport in the years surrounding the American Revolution on this 11am walking tour. $12 per person. Reservations suggested.",Museum & Shop at Brick Market,07/08/2011,401-841-8770
http://gonewport.com/ViewPage.aspx?id=175,Passport Wine Tasting Series,"150 Conanicus Avenue, Jamestown, RI 02835",07/08/2011,"The Bay Voyage Inn presents a Passport Wine Tasting Series, Sponsored by Johnson Brothers. Each will take place from 6pm-8pm in the Bay Voyage Harbor Room. Entry is $30.00 per person at the door or reserve a Passport for the entire 6 night series for $150.00. Enjoy our waterfront view, a selection of wines, and pairings created by our Chef de Cuisine from each region of the evening! Friday, June 8th will be an evening of East Coast fusion with wines from New York and Japan!",Bay Voyage Inn,07/08/2011,401-423-2100
http://gonewport.com/ViewPage.aspx?id=175,Newport Kite Festival,"Ocean Drive, Newport, RI 02840",07/10/2011,The spray of colors across the sky along Ocean Drive in July at the annual kite festival is a sight to behold. The air is filled with the sounds of snapping nylon and kite strings as the kites whip their tails in the sky and the ocean breeze washes your face. There is nothing more or less to this jubilee other than the pure joy of flying a kite. Admission is free.,Brenton Point State Park,07/09/2011,401-244-5264
http://gonewport.com/ViewPage.aspx?id=175,Annual Induction Ceremony at the International Tennis Hall of Fame,"194 Bellevue Avenue, Newport, RI 02840",07/09/2011,"In a festive ceremony marked with great pageantry and tradition, extraordinary individuals receive the highest honor available in the sport of tennis  -  induction to the International Tennis Hall of Fame! Headlining the 2011 ballot of nominees is Andre Agassi, former world No. 1, eight-time Grand Slam champion, and one of the most remarkable athletes in history.",International Tennis Hall of Fame & Museum,07/09/2011,401-849-3990
http://gonewport.com/ViewPage.aspx?id=175,Greenvale Vineyards Live Jazz Saturdays,"582 Wapping Road, Portsmouth, RI 02871",07/09/2011,"1pm-4pm. Greenvale will host live jazz musicians in their restored Stable turned Tasting Room. Event includes wine tasting, tours, and wine by the glass. Picnics and friendly dogs are welcomed!",Greenvale Vineyards,07/09/2011,401-847-3777
http://gonewport.com/ViewPage.aspx?id=175,Bricks & Sticks: Newport's Architectural History Walking Tour,"127 Thames Street, Newport, RI 02840",07/09/2011,"11am. Explore the historic architecture of this exquisitely preserved city, from the colonial era to the Victorian splendor of lower Bellevue Avenue.",Museum & Shop at Brick Market,07/09/2011,401-841-8770
http://gonewport.com/ViewPage.aspx?id=175,Rogues & Scoundrels History Walking Tour,"127 Thames Street, Newport, RI 02840",07/11/2011,"See where scoundrels lived, where pirates profited and where criminals were put on trial and punished. Find out why this colony was known as ""Rogue's Island."" Reservations requested. $12 per person.",Museum & Shop at Brick Market,07/11/2011,401-841-8770
http://gonewport.com/ViewPage.aspx?id=175,Blithewold's Music at Sunset Series,"101 Ferry Road, Bristol, RI 02809",07/13/2011,"The Gnomes - World Folk Fusion Band. BYO Picnic. Feel free to enjoy your own wine or other alcoholic beverages and be sure to pack a picnic basket! $10 Member, $15 Non-member.","Blithewold Mansion, Gardens and Arboretum",07/13/2011,401-253-2707
http://gonewport.com/ViewPage.aspx?id=175,Concert by Mark Quinn & Friends,"Hazard Road, Newport, RI 02840",07/13/2011,"6:30pm-8:00pm.  Kid friendly.  Berklee College of Music grad, poet and Newporter Mark Quinn will play originals plus covers ranging from Beatles to Led Zeplin with other Newport musicians.  Seating is on the grass — bring a blanket or lawn chair and arrive 15 minutes prior to the performance to ensure a place to park and time to make your way down to the quarry meadow. Free.",Ballard Park Quarry Meadow,07/13/2011,401-619-3377
http://gonewport.com/ViewPage.aspx?id=175,"""Spirits and Stogies Wednesday""","1 Bellevue Avenue, Newport, RI 02840",07/13/2011,"Superior cigars matched with high quality spirits. A spirit expert passionately familiar with the featured cognac, brandy, port wine, single malt scotch, vodka or rum will be on-hand to spread the word about the unique nuances of each tasting selection. Small bites prepared by Rhode Island Chef of the Year, Executive Chef Kevin Thiele will be passed to complement each cigar and spirit. $35 per person. Limited seating. Advance ticket purchase requied. 6pm-8pm.",Top of Newport,07/13/2011,401-848-4824
http://gonewport.com/ViewPage.aspx?id=175,Black Ships Festival,"28 Pelham Street, Newport, RI 02840",07/17/2011,A Festival of friendship between Newport and Japan that offers a variety of events emphasizing both Japanese and art and culture.,Marketing & Events,07/14/2011,401-847-7666
http://gonewport.com/ViewPage.aspx?id=175,The Working Waterfront History Walking Tour,"415 Thames Street, Newport, RI 02840",07/14/2011,"Walk in the footsteps of the women and men -- sailors, merchants, immigrants -- who once lived and worked in the Lower Thames neighborhood on a tour that engages the senses. $12 per person. Departs at 11am.",NRF Museum Store,07/14/2011,401-324-6111
http://gonewport.com/ViewPage.aspx?id=175,Green Animals Children's Party,"380 Cory's Lane, Portsmouth, RI 02871",07/14/2011,Come and frolic among the green animals at one of the nation's oldest topiary gardens.,Green Animals Topiary Garden,07/14/2011,401-847-1000
http://gonewport.com/ViewPage.aspx?id=175,Road to Independence History Walking Tour,"127 Thames Street, Newport, RI 02840",07/15/2011,"Riots and rebellion, enemies and allies! Learn about Newport in the years surrounding the American Revolution on this 11am walking tour. $12 per person. Reservations suggested.",Museum & Shop at Brick Market,07/15/2011,401-841-8770
http://gonewport.com/ViewPage.aspx?id=175,Greenvale Vineyards Live Jazz Saturdays,"582 Wapping Road, Portsmouth, RI 02871",07/16/2011,"1pm-4pm. Greenvale will host live jazz musicians in their restored Stable turned Tasting Room. Event includes wine tasting, tours, and wine by the glass. Picnics and friendly dogs are welcomed!",Greenvale Vineyards,07/16/2011,401-847-3777
http://gonewport.com/ViewPage.aspx?id=175,Newport's Buried History Walking Tour,"127 Thames Street, Newport, RI 02840",07/16/2011,"11am. Discover the early history of Newport's people of color, enslaved and free. Visit the Wanton-Lyman-Hazard House and the colonial African buring ground. Reservations suggested. $12 per person",Museum & Shop at Brick Market,07/16/2011,401-841-8770
http://gonewport.com/ViewPage.aspx?id=175,Warren Quahog Festival,"South Water Street, Warren, RI 02885",07/17/2011,"Variety of fresh cooked seafood, chowders, stuffed quahogs, clam cakes. Arts and crafts vendors, live musical entertainment.",,07/16/2011,401-410-0045
http://gonewport.com/ViewPage.aspx?id=175,Rogues & Scoundrels History Walking Tour,"127 Thames Street, Newport, RI 02840",07/18/2011,"See where scoundrels lived, where pirates profited and where criminals were put on trial and punished. Find out why this colony was known as ""Rogue's Island."" Reservations requested. $12 per person.",Museum & Shop at Brick Market,07/18/2011,401-841-8770
http://gonewport.com/ViewPage.aspx?id=175,Newport Film Festival,"P.O. Box 88, Newport, RI 02840",07/23/2011,A five-day film festival.,newportFILM,07/19/2011,401-649-2784
http://gonewport.com/ViewPage.aspx?id=175,"""Spirits and Stogies Wednesday""","1 Bellevue Avenue, Newport, RI 02840",07/20/2011,"Superior cigars matched with high quality spirits. A spirit expert passionately familiar with the featured cognac, brandy, port wine, single malt scotch, vodka or rum will be on-hand to spread the word about the unique nuances of each tasting selection. Small bites prepared by Rhode Island Chef of the Year, Executive Chef Kevin Thiele will be passed to complement each cigar and spirit. $35 per person. Limited seating. Advance ticket purchase requied. 6pm-8pm.",Top of Newport,07/20/2011,401-848-4824
http://gonewport.com/ViewPage.aspx?id=175,Concert by Toe Jam Puppet Band,"Hazard Road, Newport, RI 02840",07/20/2011,"10am-11:00am.  Offering a special brand of hands-on children's entertainment, the Toe Jam Puppet Band encourages kids and parents to sing and dance along with the band as they entertain with an unique combination of original songs, shadow puppetry and story telling. Quarry Meadow. Seating is on the grass — bring a blanket or lawn chair and arrive 15 minutes prior to the performance to ensure a place to park and time to make your way down to the quarry meadow. Free..",Ballard Park Quarry Meadow,07/20/2011,401-619-3377
http://gonewport.com/ViewPage.aspx?id=175,The Working Waterfront History Walking Tour,"415 Thames Street, Newport, RI 02840",07/21/2011,"Walk in the footsteps of the women and men -- sailors, merchants, immigrants -- who once lived and worked in the Lower Thames neighborhood on a tour that engages the senses. $12 per person. Departs at 11am.",NRF Museum Store,07/21/2011,401-324-6111
http://gonewport.com/ViewPage.aspx?id=175,Road to Independence History Walking Tour,"127 Thames Street, Newport, RI 02840",07/22/2011,"Riots and rebellion, enemies and allies! Learn about Newport in the years surrounding the American Revolution on this 11am walking tour. $12 per person. Reservations suggested.",Museum & Shop at Brick Market,07/22/2011,401-841-8770
http://gonewport.com/ViewPage.aspx?id=175,Nantucket Nectars Sunset Music Series - The Robert Cray Band,"4 Commercial Wharf, Newport, RI 02840",07/22/2011,"The Robert Cray Band w/ Special Guest Shemekia Copeland. A signature blend of rhythm and blues, pop, rock, soul and traditional blues helping introduce old and new fans to a more contemporary blues sound. Never content with interpreting his music the same way twice, Cray's daring innovations have placed him at the top of the business. $55 preferred and $35 standard seating. Courtyard acts start at 6pm and Main Stage acts start at 7pm.",Newport Yachting Center,07/22/2011,401-846-1600
http://gonewport.com/ViewPage.aspx?id=175,Greenvale Vineyards Live Jazz Saturdays,"582 Wapping Road, Portsmouth, RI 02871",07/23/2011,"1pm-4pm. Greenvale will host live jazz musicians in their restored Stable turned Tasting Room. Event includes wine tasting, tours, and wine by the glass. Picnics and friendly dogs are welcomed!",Greenvale Vineyards,07/23/2011,401-847-3777
http://gonewport.com/ViewPage.aspx?id=175,Rum & Revolution History Walking Tour,"127 Thames Street, Newport, RI 02840",07/23/2011,"11am. Explore the changing role of alcohol in Newport through stories of taverns, distillers, rum runners and more.",Museum & Shop at Brick Market,07/23/2011,401-841-8770
http://gonewport.com/ViewPage.aspx?id=175,Rum & Revolution History Walking Tour,"127 Thames Street, Newport, RI 02840",07/23/2011,"Explore the changing role of alcohol in Newport through stories of taverns, distillers, rum runners and more.",Museum & Shop at Brick Market,07/23/2011,401-841-8770
http://gonewport.com/ViewPage.aspx?id=175,35th Annual Save The Bay Swim,"War College, Newport, RI 02840",07/23/2011,"Each year, approximately 750 participants (swimmers and kayakers) complete the 1.7 mile route from the Newport Naval Station to Potter’s Cove in Jamestown and then join us for our Completion Party held on the lawn of the Rhode Island Bridge Authority in Jamestown. Register to swim or volunteer at www.savebay.org/swim.",Newport Naval Station,07/23/2011,401-272-3540
http://gonewport.com/ViewPage.aspx?id=175,Newport Summer Comedy Series Double Header,"4 Commercial Wharf, Newport, RI 02840",07/23/2011,"6pm & 9:15pm - Mega-sensation ventriloquist/comedian Jeff Dunham returns to the Newport Yachting Center with an all new show! This incredible show will feature his outrageous friends Achmed the Dead Terrorist, Peanut, Jose Jalapeno, Walter the grumpy retiree and many more hysterical characters at the Newport waterfront. This is a family-friendly show for all ages! $65.",Newport Yachting Center,07/23/2011,
http://gonewport.com/ViewPage.aspx?id=175,Rogues & Scoundrels History Walking Tour,"127 Thames Street, Newport, RI 02840",07/25/2011,"See where scoundrels lived, where pirates profited and where criminals were put on trial and punished. Find out why this colony was known as ""Rogue's Island."" Reservations requested. $12 per person.",Museum & Shop at Brick Market,07/25/2011,401-841-8770
http://gonewport.com/ViewPage.aspx?id=175,"""Spirits and Stogies Wednesday""","1 Bellevue Avenue, Newport, RI 02840",07/27/2011,"Superior cigars matched with high quality spirits. A spirit expert passionately familiar with the featured cognac, brandy, port wine, single malt scotch, vodka or rum will be on-hand to spread the word about the unique nuances of each tasting selection. Small bites prepared by Rhode Island Chef of the Year, Executive Chef Kevin Thiele will be passed to complement each cigar and spirit. $35 per person. Limited seating. Advance ticket purchase requied. 6pm-8pm.",Top of Newport,07/27/2011,401-848-4824
http://gonewport.com/ViewPage.aspx?id=175,The Working Waterfront History Walking Tour,"415 Thames Street, Newport, RI 02840",07/28/2011,"Walk in the footsteps of the women and men -- sailors, merchants, immigrants -- who once lived and worked in the Lower Thames neighborhood on a tour that engages the senses. $12 per person. Departs at 11am.",NRF Museum Store,07/28/2011,401-324-6111
http://gonewport.com/ViewPage.aspx?id=175,Changing Shoes,"9 Freebody Street, Newport, RI 02840",07/28/2011,"Actress/playwright/author Tina Sloan (nurse Lillian Raines on CBS soap opera Guiding Light) performs her off-Broadway hit, Changing Shoes at 7 pm. Changing Shoes is a one-woman show about our beautiful, life-changing and sometimes difficult self-discoveries, as we get older and how to age with style, humor and grace. 25 years of Guiding Light clips and various movies and commercials accentuate the many pairs of shoes Ms. Sloan uses as a metaphor of life’s roles. Tickets on sale  May 2011.",Stanford White Theatre,07/28/2011,401849210
http://gonewport.com/ViewPage.aspx?id=175,Road to Independence History Walking Tour,"127 Thames Street, Newport, RI 02840",07/29/2011,"Riots and rebellion, enemies and allies! Learn about Newport in the years surrounding the American Revolution on this 11am walking tour. $12 per person. Reservations suggested.",Museum & Shop at Brick Market,07/29/2011,401-841-8770
http://gonewport.com/ViewPage.aspx?id=175,George Wein's Newport Folk Festival,"P.O. Box 3865, Newport, RI 02840",07/31/2011,<strong><u></u></strong>,,07/29/2011,401-848-5055
http://gonewport.com/ViewPage.aspx?id=175,Cultural Survival Bazaar,"3852 Main Road, Tiverton Four Courners, RI 02878",07/31/2011,"10am-5pm.Free Admission. Rain or Shine! Multi-Cultural Fair Brings together Public Support For World's 370 Million Indigenous Peoples. Shop a variety of fairly traded products handmade by indigenous artisans in Africa, Asia, and the Americas. Enjoy live ""world"" music, live presentations & ethnic foods.",Tiverton Four Corners Art Center,07/30/2011,617-441-5417
http://gonewport.com/ViewPage.aspx?id=175,Newport Summer Comedy Series,"4 Commercial Wharf, Newport, RI 02840",07/30/2011,The one and only “Queen of Mean” Lisa Lampanelli is returning to the Newport waterfront this summer for one show only at 7:30 pm.  Lampanelli has never been more popular or outrageous.  Her appearances on Howard Stern and Comedy Central Roasts are legendary.  Her 2010 HBO Special was a major hit.  Don’t miss this show!  Must be 16 years of age or older.,Newport Yachting Center,07/30/2011,800-745-3000
http://gonewport.com/ViewPage.aspx?id=175,Greenvale Vineyards Live Jazz Saturdays,"582 Wapping Road, Portsmouth, RI 02871",07/30/2011,"1pm-4pm. Greenvale will host live jazz musicians in their restored Stable turned Tasting Room. Event includes wine tasting, tours, and wine by the glass. Picnics and friendly dogs are welcomed!",Greenvale Vineyards,07/30/2011,401-847-3777
http://gonewport.com/ViewPage.aspx?id=175,Rogues & Scoundrels History Walking Tour,"127 Thames Street, Newport, RI 02840",07/30/2011,"See where scoundrels lived, where pirates profited and where criminals were put on trial and punished. Find out why this colony was known as ""Rogue's Island."" Reservations requested. $12 per person.",Museum & Shop at Brick Market,07/30/2011,401-841-8770
http://gonewport.com/ViewPage.aspx?id=175,"""Spring Fling: Our Salute to Broadway""","99 Narragansett Avenue, Jamestown, RI 02835",05/08/2011,"The Jamestown Community Chorus will present two performances of ""Spring Fling: Our Salute to Broadway"". The concert will feature music from Broadway musicals West Side Story, South Pacific, Fiddler on the Roof, Rent, Wicked, Phantom of the Opera, Sweet Charity, Man of La Mancha, and more, as well as singalongs from The Sound of Music, Peter Pan, and The Fantasticks. Saturday at 7:30pm and on Sunday at 3:00pm",Central Baptist Church,05/07/2011,401-423-1574
http://gonewport.com/ViewPage.aspx?id=175,Count Us In,"55 Bellvue Avenue, Newport, RI 02840",05/31/2011,"Features artists Margot Grosvenor, Holly Grosvenor and Terry Grosvenor will be exhibiting this May at Spring Bull Gallery. These women painters of the Grosvenor family bring another facet to an illustrious artistic family.  The three stand strong as painters in their own right and are not to be intimidated by anyone.",Spring Bull Gallery,05/07/2011,401-849-9166
http://gonewport.com/ViewPage.aspx?id=175,Mother's Day Brunch at Hyatt Regency Newport,"One Goat Island, Newport, RI 02840",05/08/2011,"Join Hyatt Regency Newport for a spectacular Mother's Day Brunch on Sunday, May 8, 2011 in our Grand Ballroom, complete with live music from Dick Lupino and Friends.",Hyatt Regency Newport Hotel & Spa,05/08/2011,401-851-3325
http://gonewport.com/ViewPage.aspx?id=175,30th Annual Knorr Great Chowder Cook-Off,"4 Commercial Wharf, Newport, RI 02840",06/04/2011,"Celebrating its 30th year, the legendary international chowder championship is the official kick off to summer! Enjoy all-you-can-eat samples of exotic and traditional chowders from across the country and beyond, and vote for the best in three categories - Clam, Seafood, and Creative. New this year - The Chowdahead Club! Gain access to a one-hour preview event before the crowds plus custom cocktails, and a Chowder Swag Bag full of goodies, With kids’ activities and three stages of entertainment, this is one clam-tastic event not to be missed. 12-6pm.",Newport Yachting Center,06/04/2011,401-846-1600
http://gonewport.com/ViewPage.aspx?id=175,"Newport International Polo Series, Presented by 41°North: USA vs. Egypt","715 East Main Road, Portsmouth, RI 02871",06/04/2011,"Summertime polo matches are one of Newport’s most popular attractions & greatest traditions, dating back more than 130 years to the Gilded Age.  This legacy continues today with the Newport International Polo Series, Presented by 41° North.  Only minutes from downtown Newport, these exciting public exhibition polo matches feature teams from around the world competing against USA.  Great entertainment for all ages; every Saturday from June through September at the polo grounds of Glen Farm.",Glen Farm Polo Grounds,06/04/2011,401-846-0200
http://gonewport.com/ViewPage.aspx?id=175,"Newport International Polo Series, Presented by 41°North: New England Challenge","715 East Main Road, Portsmouth, RI 02871",06/11/2011,"Summertime polo matches are one of Newport’s most popular attractions & greatest traditions, dating back more than 130 years to the Gilded Age.  This legacy continues today with the Newport International Polo Series, Presented by 41° North.  Only minutes from downtown Newport, these exciting public exhibition polo matches feature teams from around the world competing against USA.  Great entertainment for all ages; every Saturday from June through September at the polo grounds of Glen Farm.",Glen Farm Polo Grounds,06/11/2011,401-846-0200
http://gonewport.com/ViewPage.aspx?id=175,"Newport International Polo Series, Presented by 41°North: USA vs. Scotland","715 East Main Road, Portsmouth, RI 02871",06/18/2011,"Summertime polo matches are one of Newport’s most popular attractions & greatest traditions, dating back more than 130 years to the Gilded Age.  This legacy continues today with the Newport International Polo Series, Presented by 41° North.  Only minutes from downtown Newport, these exciting public exhibition polo matches feature teams from around the world competing against USA.  Great entertainment for all ages; every Saturday from June through September at the polo grounds of Glen Farm.",Glen Farm Polo Grounds,06/18/2011,401-846-0200
http://gonewport.com/ViewPage.aspx?id=175,Guided Arboretum Tours: A Walk in the Woods with Dan Christina,"101 Ferry Road, Bristol, RI 02809",06/19/2011,"Bring Dad for a tour and discussion about some of the oldest and most significant trees at Blithewold. Join Assistant Grounds Manager and Certified Horticulturist Dan Christina for a “walk in the woods” as he reveals and discusses some of Blithewold’s horticultural treasures. $5 Member, $7 Non-member <br><br>Rain or Shine, please dress for the weather.","Blithewold Mansion, Gardens and Arboretum",06/19/2011,401-253-2707
http://gonewport.com/ViewPage.aspx?id=175,The Newport Summer Comedy Series - Aziz Ansari,"4 Commercial Wharf, Newport, RI 02840",06/24/2011,"One of the most popular comedians in the business, Aziz Ansari makes his Newport Comedy Series debut this summer. Ansari is a co star, as Tom Haverford, in the NBC hit show Parks and Recreation. He hosted the 2010 MTV Movie Awards. Aziz created and starred in the critically acclaimed MTV sketch comedy show Human Giant. While his standup show is rated PG-13, it does contain some adult language. He is hysterical! 7:30pm. $43.",Newport Yachting Center,06/24/2011,800-745-3000
http://gonewport.com/ViewPage.aspx?id=175,"Newport International Polo Series, Presented by 41°North: Newport vs. Boston","715 East Main Road, Portsmouth, RI 02871",06/25/2011,"Summertime polo matches are one of Newport’s most popular attractions & greatest traditions, dating back more than 130 years to the Gilded Age.  This legacy continues today with the Newport International Polo Series, Presented by 41° North.  Only minutes from downtown Newport, these exciting public exhibition polo matches feature teams from around the world competing against USA.  Great entertainment for all ages; every Saturday from June through September at the polo grounds of Glen Farm.",Glen Farm Polo Grounds,06/25/2011,401-846-0200
http://gonewport.com/ViewPage.aspx?id=175,Nantucket Nectars Sunset Music Series - Indigo Girls,"4 Commercial Wharf, Newport, RI 02840",06/25/2011,"It’s been two decades since the Indigo Girls launched their career with their independently released debut album, 1987’s Strange Fire.  Indigo Girls continue to celebrate their long-standing passion for live performance on their upcoming release, Staring Down the Brilliant Dream. Opening act: The Shadowboxers. $55 preferred and $35 standard seating. Courtyard acts start at 6pm and Main Stage acts start at 7pm.",Newport Yachting Center,06/25/2011,401-846-1600
http://gonewport.com/ViewPage.aspx?id=175,Newport Summer Comedy Series - John Pinette,"4 Commercial Wharf, Newport, RI RI",07/02/2011,John Pinette is arguably the funniest standup comedian in the country. He returns to the Newport waterfront for the first time in 10 years. It promises to be a most memorable show. 7:30pm. $35.,Newport Yachting Center,07/02/2011,800-745-3000
http://gonewport.com/ViewPage.aspx?id=175,"Newport International Polo Series, Presented by 41°North: USA vs. Kenya","715 East Main Road, Portsmouth, RI 02871",07/02/2011,"Summertime polo matches are one of Newport’s most popular attractions & greatest traditions, dating back more than 130 years to the Gilded Age.  This legacy continues today with the Newport International Polo Series, Presented by 41° North.  Only minutes from downtown Newport, these exciting public exhibition polo matches feature teams from around the world competing against USA.  Great entertainment for all ages; every Saturday from June through September at the polo grounds of Glen Farm. 5pm",Glen Farm Polo Grounds,07/02/2011,401-846-0200
http://gonewport.com/ViewPage.aspx?id=175,Feathered Friends Series at Blithewold: Bird Feeder Workshop,"101 Ferry Road, Bristol, RI 02809",07/02/2011,"Join Blithewold’s Director of Horticulture Fred Perry at this simple, hands-on bird feeder building workshop, suitable for children 5 and up if accompanied by a parent or chaperone. All materials are provided in class. Please bring hammers if you have them and be prepared to use them! Pre-registration is preferred. Space is limited so reserve early.  <br><br>Per feeder: $15 Members, $20 Non-members. More than one person may work on each project.","Blithewold Mansion, Gardens and Arboretum",07/02/2011,401-253-2707
http://gonewport.com/ViewPage.aspx?id=175,Newport Summer Comedy Series - Bob Saget,"4 Commercial Wharf, Newport, RI 02840",07/07/2011,"Yes, Bob Saget has starred in many popular TV show, including two of the most family-friendly shows network TV has ever produced, “Full House” and “America’s Funniest Home Videos”, but he’s also been an out of his mind, standup comedian for the past 30 years. From his HBO Special, “That Ain’t Right” to his scene-stealing cameos in “Entourage” and “The Aristocrats,” it’s always effective as Saget embraces his dark side. 7:30pm. $35.",Newport Yachting Center,07/07/2011,800-745-3000
http://gonewport.com/ViewPage.aspx?id=175,"Newport International Polo Series, Presented by 41°North: Newport vs. Dallas","715 East Main Road, Portsmouth, RI 02871",07/09/2011,"Summertime polo matches are one of Newport’s most popular attractions & greatest traditions, dating back more than 130 years to the Gilded Age.  This legacy continues today with the Newport International Polo Series, Presented by 41° North.  Only minutes from downtown Newport, these exciting public exhibition polo matches feature teams from around the world competing against USA.  Great entertainment for all ages; every Saturday from June through September at the polo grounds of Glen Farm. 5pm",Glen Farm Polo Grounds,07/09/2011,401-846-0200
http://gonewport.com/ViewPage.aspx?id=175,Nantucket Nectars Sunset Music Series - Bela Fleck & The Flecktones,"4 Commercial Wharf, Newport, RI 02840",07/09/2011,"Groundbreaking banjoist/composer/bandleader Béla Fleck has reconvened the original Béla Fleck & The Flecktones', the extraordinary initial line-up of his incredible combo. Rocket Science marks the first recording by the first fab four Flecktones in almost two decades. Special guest: Abigail Wasburn. $48 preferred and $35 standard seating. Courtyard acts start at 6pm and Main Stage acts start at 7pm.",Newport Yachting Center,07/09/2011,401-846-1600
http://gonewport.com/ViewPage.aspx?id=175,Nantucket Nectars Sunset Music Series - An Evning with moe,"4 Commercial Wharf, Newport, RI RI",07/14/2011,"From modest beginnings in a Buffalo basement over two decades ago to today’s multifaceted success, the members of moe. have never lost sight of the earnest, elemental goals that they aspired to from their very first show: to deliver honest, heartfelt music and to ensure the audience has a good time. $45 preferred and $30 standard seating. Courtyard acts start at 6pm and Main Stage acts start at 7pm.",Newport Yachting Center,07/14/2011,401-846-1600
http://gonewport.com/ViewPage.aspx?id=175,"Newport International Polo Series, Presented by 41°North: USA vs. Ireland","715 East Main Road, Portsmouth, RI 02871",07/16/2011,"Summertime polo matches are one of Newport’s most popular attractions & grandest traditions, dating back more than 130 years.  Minutes from downtown, the Newport International Polo Series, Presented by 41° North, features teams from around the world competing against USA.  Great entertainment for all ages; every Saturday at 5pm, June thru Sept.  An Asado lamb roast dinner will follow the Irish match; dinner reservations required in advance, online only. Match tickets sold online or upon entry.",Glen Farm Polo Grounds,07/16/2011,401-846-0200
http://gonewport.com/ViewPage.aspx?id=175,24th Annual Tiverton Four Corners Arts & Artisan Festival,"3948 Main Road, Tiverton, RI 02878",07/16/2011,"Tiverton Four Corners is once again proud to present their Annual Arts & Artisan Festival from 10am-4pm. Now in its 24th year, this festival has seen some of the best local and regional artists display their works and this year will be no exception! A boutique Arts & Artisan festival set in the beautiful Mill Pond Area of the Historic Tiverton Four Corners Village. Tthis festival should not be missed! Rain date: July 17.",Tiverton Four Corners,07/16/2011,401-533-3211
http://gonewport.com/ViewPage.aspx?id=175,Newport Summer Comedy Series - Steven Wright,"4 Commercial Wharf, Newport, RI 02840",07/21/2011,"Steven Wright has been an audience favorite since he impressed Johnny Carson on the Tonight Show nearly 30 years ago. This Oscar-winning actor and comedian is known for his sensational wit and wisdom with a distinctly lethargic voice and slow, deadpan delivery of ironic, full of soft goal and sometimes nonsensical jokes. Steven appears regularly on The Late Late Show with Craig Ferguson. His Newport debut should be a memorable one! 7:30pm.",Newport Yachting Center,07/21/2011,800-745-3000
http://gonewport.com/ViewPage.aspx?id=175,"Newport International Polo Series, Presented by 41°North: Newport Cup","715 East Main Road, Portsmouth, RI 02871",07/23/2011,"Summertime polo matches are one of Newport’s most popular attractions & greatest traditions, dating back more than 130 years to the Gilded Age.  This legacy continues today with the Newport International Polo Series, Presented by 41° North.  Only minutes from downtown Newport, these exciting public exhibition polo matches feature teams from around the world competing against USA.  Great entertainment for all ages; every Saturday from June through September at the polo grounds of Glen Farm. 5pm",Glen Farm Polo Grounds,07/23/2011,401-846-0200
http://gonewport.com/ViewPage.aspx?id=175,Newport Summer Comedy Series - Jeff Dunham,"4 Commercial Wharf, Newport, RI 02840",07/23/2011,"Jeff Dunham‘s television specials and series have been the highest rated programming in Comedy Central history, his DVD sales have reached six million units, his videos have received a half a billion views on YouTube, and his live concerts have become mega-events played in front of sold-out arenas worldwide. No wonder Time Magazine wrote that he is “the most popular comedian in the United States” and Forbes named him to its celebrity 100 list of most powerful entertainers two years running. 6pm & 9:15pm. $65.",Newport Yachting Center,07/23/2011,
http://gonewport.com/ViewPage.aspx?id=175,Wine Tasting at Blithewold Mansion: Rosés in the Rose Garden,"101 Ferry Road, Bristol, RI 02809",07/28/2011,"What better wine for a lovely sun-filled summer evening then a light, crisp, refreshing, dry rosé? These wines have been enjoying increasing popularity, as they tease the palate with the subtle notes of berries and the scent of roses. Join us in Blithewold’s Rose Garden for a rosé wine tasting, and enjoy them paired with appropriate cheeses. Maria, owner of Newport Wine Cellar, will be on hand to talk about these delightful wines.","Blithewold Mansion, Gardens and Arboretum",07/28/2011,401-253-2707
http://gonewport.com/ViewPage.aspx?id=175,Nantucket Nectars Sunset Music Series - Doobie Brothers,"4 Commercial Wharf, Newport, RI RI",07/29/2011,"There’s no separating the unparalleled legacy of the Doobie Brothers from their upcoming HOR Records release World Gone Crazy – not that anyone would want to. Nevertheless, the new album may be most remarkable for the extent to which it stands completely on its own. Yes, World Gone Crazy is another chapter in one of the great American music stories, but it’s neither comeback nor nostalgia.  $75 preferred and $55 standard seating. Courtyard acts start at 6pm and Main Stage acts start at 7pm.",Newport Yachting Center,07/29/2011,401-846-1600
http://gonewport.com/ViewPage.aspx?id=175,"Newport International Polo Series, Presented by 41°North: Newport vs. New York","715 East Main Road, Portsmouth, RI 02871",07/30/2011,"Summertime polo matches are one of Newport’s most popular attractions & greatest traditions, dating back more than 130 years to the Gilded Age.  This legacy continues today with the Newport International Polo Series, Presented by 41° North.  Only minutes from downtown Newport, these exciting public exhibition polo matches feature teams from around the world competing against USA.  Great entertainment for all ages; every Saturday from June through September at the polo grounds of Glen Farm. 5pm",Glen Farm Polo Grounds,07/30/2011,401-846-0200
http://gonewport.com/ViewPage.aspx?id=175,Newport Summer Comedy Series - Lisa Lampanelli,"4 Commercial Wharf, Newport, RI 02840",07/30/2011,"Lisa Lampanelli is Comedy’s Lovable Queen of Mean. Heralded as “more than a standup — a standout,” by comedy legend Jim Carrey, Lampanelli is a cross between Don Rickles, Archie Bunker, and a vial of estrogen. She even won accolades from The King of All Media Howard Stern, who called her “a true original and a brilliant comedy mind who’ll steal the show every time.” 7:30pm. $45.50",Newport Yachting Center,07/30/2011,800-745-3000
