fullAddress,venue,description,email,image,ticketPhone,title,website,dates,moreInfoLink
"200 Madison Ave N, Bainbridge Island, WA, 98110",Bainbridge Performing Arts,"Imagination Station - Exploring Musical Theatre is a six-week class for Pre-K/K held at BPA. Instructors Gabe Carbajal and D&rsquo;Arcy Clements lead this imaginative theatre adventure class for ages 3 1/2 &ndash; 5. Classes meet January 21 &ndash; February 25, Fridays at 10:30 &ndash; 11:30 a.m. and/or 12:30 &ndash; 1:30 p.m. Tuition is $95. Two classes are offered each Friday, and students may register for one or the other or both at 206.842.1163.</p>			</p>    			<br><br>",,http://www.seattleperforms.com/sites/seattleperforms.com/images/event/441063849/centerad_imagstation_winter_468x150_medium.jpg,206-842-1163,Imagination Station - Exploring Musical Theatre,http://www.bainbridgeperformingarts.org/Education/ImaginationStationWinter2011.html,01/21/2011-02/25/2011,http://www.seattleperforms.com/event/detail/441063849/Imagination_Station_Exploring_Musical_Theatre
"200 Madison Ave N, Bainbridge Island, WA, 98110",Bainbridge Performing Arts,"Doctor Dolittle, a class for 1st &ndash; 4th grade students, is held at BPA and includes a final day performance on March 1. Gabe Carbajal and D&rsquo;Arcy Clements lead this enchanting production class, which is sure to please all animal lovers and adventurous dreamers. Classes meet January 11 &ndash; March 1, Tuesdays &amp; Thursdays @ 4:00 &ndash; 5:45 p.m. Tuition is $245, and participants are encouraged to register at 206.842.1163.</p>			</p>    			<br><br>",,http://www.seattleperforms.com/sites/seattleperforms.com/images/event/441063853/centerad_drdolittle_468x150_medium.jpg,206-842-1163,Doctor Dolittle - 1st - 4th Grade,http://www.bainbridgeperformingarts.org/Education/DoctorDoLittle.html,01/11/2011-03/01/2011,http://www.seattleperforms.com/event/detail/441063853/Doctor_Dolittle_1st_4th_Grade
"4th Ave. S.W. and S.W. 146th Street, Burien, WA, 98166",Burien Community Center,BRAND-NEW WORKS.  Expect the unexpected and the very best from Washington State playwrights imaginations.  All world premieres.			</p>    			<br><br>,tickets@burienlittletheatre.org,,206-242-5180,The Bill and Peggy Hunt Playwrights Festival,http://www.burienlittletheatre.org,04/08/2011-05/01/2011,http://www.seattleperforms.com/event/detail/5582/The_Bill_and_Peggy_Hunt_Playwrights_Festival
"950 Main Street, Edmonds, WA, 98020",The Wade James Theatre,Festival of Shorts</p>			</p>    			<br><br>,info@driftwoodplayers.com,http://www.seattleperforms.com/sites/seattleperforms.com/images/org/45/edmondsdriftwoodplayers_medium.jpg,,Festival of Shorts (2011),,07/08/2011-07/09/2011,http://www.seattleperforms.com/event/detail/5708/Festival_of_Shorts_2011
"608 19th Ave E, Seattle, WA, 98112",The Little Theatre,"A World Premiere!<br> Written by Michael Mitnick<br> Directed by Elise Hunt<br> <br> Millions of viewers tune in every day to &ldquo;@ Home with Babs Gillespie&trade;&rdquo; on the ShopMore Network&trade;. Babs is One Rare Bird&trade;. With a heart of 14k gold and dangly jewelry, Babs jingle- jangles like the gem that she is. But Babs is turning 50 tomorrow and finds herself&hellip;facing extinction? A tragic run-in with an online dating site and a Magi-Peel Vegi Peeler&trade; reveals that all may not be as it seems. Will our favorite On-The-Air Personality&trade; survive this mid-life crisis or will she get dumped into the clearance bin? Michael Mitnick&rsquo;s deliriously dark comedy asks us: what do you have to sell to achieve love, happiness, and a little Sparkle&trade;?</p>			</p>    			<br><br>",,http://www.seattleperforms.com/sites/seattleperforms.com/images/event/441085641/wet[babs]poster_v2_72dpi_medium.jpg,,Babs the Dodo,http://www.washingtonensemble.org/current-season/babs-the-dodo,02/03/2011-03/14/2011,http://www.seattleperforms.com/event/detail/441085641/Babs_the_Dodo
"NE 45th St. and 17th Ave. NE, Seattle, WA, 98105",Penthouse Theatre,"Directed by Andrew McGinn and Laurel Pilar Garcia<br> <br> We are thrilled to introduce you to our talented MFA directing students in their first year showcase. Actual titles are to be announced, but under consideration are celebrated playwrights such as John Guare, Tennessee Williams and Wendy Wasserstein. Our students this year, as always, come with impressive credentials. Both arrive with experience working with nationally known theatre directors from across the country. After this showcase, follow these students as they hone their skills culminating with their thesis productions in the third year.<br> <br> No late seating for School of Drama events.</p>			</p>    			<br><br>",prcomm@u.washington.edu,http://www.seattleperforms.com/sites/seattleperforms.com/images/org/182/universityofwashington_medium.jpg,206-543-4880,One Act Showcase,http://www.meany.org/tickets/production.aspx?performanceNumber=4295,05/15/2011-05/29/2011,http://www.seattleperforms.com/event/detail/440916719/One_Act_Showcase
"11100 Northeast 6th Street, Bellevue, WA, 98004",Meydenbauer Theatre,"See your favorite story book character come to life. Based on the book by Jane O'Conner, with illustrations by Robin Preiss Glasser, this original ballet for children is sure to delight. Ms. Glasser will be at the Meydenbauer performances only to autograph books. You'll also see the tale of Peter and The Wolf. This delightful ballet introduces the art of dance and music to children of all ages.			</p>    			<br><br>",info@evergreencityballet.org,http://www.seattleperforms.com/sites/seattleperforms.com/images/org/220153341/ecblogonew_medium.jpg,1-800-899-9260,Special Family Program: Fancy Nancy & Peter and The Wolf,http://www.evergreencityballet.org,02/26/2011-02/27/2011,http://www.seattleperforms.com/event/detail/441085447/Special_Family_Program_Fancy_Nancy_Peter_and_The_Wolf
"2230 Lind Avenue SW, Renton, WA, 98057",Evergreen City Balllet Black Box Theatre,"See your favorite story book character come to life. Based on the book series by Jane O'Conner, with illustrations by Robin Preiss Glasser, this original ballet for children is sure to delight. You'll also see the tale of Peter and The Wolf. This delightful ballet introduces the art of dance and music to children of all ages.</p>			</p>    			<br><br>",info@evergreencityballet.org,http://www.seattleperforms.com/sites/seattleperforms.com/images/org/220153341/ecblogonew_medium.jpg,1-800-899-9260,Special Family Program:  Fancy Nancy & Peter and The Wolf,http://www.evergreencityballet.org,03/12/2011-03/13/2011,http://www.seattleperforms.com/event/detail/441085473/Special_Family_Program_Fancy_Nancy_Peter_and_The_Wolf
"2230 Lind Avenue SW, Renton, WA, 98057",Evergreen City Ballet Black Box Theatre,"Following last year's sold out performances, ,we've added another opportunity for you to see amazing new dance works by leading Northwest choreographers.</p>			</p>    			<br><br>",info@evergreencityballet.org,http://www.seattleperforms.com/sites/seattleperforms.com/images/org/220153341/ecblogonew_medium.jpg,1-800-899-9260,Northwest Works,http://www.evergreencityballet.org,06/11/2011-06/12/2011,http://www.seattleperforms.com/event/detail/441085577/Northwest_Works
"200 Madison Ave N, Bainbridge Island, WA, 98110",Bainbridge Performing Arts,"Acting Out for Adults is an introductory class into the art of theater for ages 50 and above held at BPA. BPA Artistic Director Steven Fogell leads this six week class, which is offered through the Bainbridge Island Metropolitan Park &amp; Recreation District. Classes meet January 18 &ndash; February 24, Tuesdays and Thursdays at 1:00 - 2:30 p.m. All levels of experience welcome, and tuition is $95. Participants may register online at the Parks District (www.biparks.org), or in person at the Senior Center, 370 Brien Drive, or at the Strawberry Hill Parks Office.</p>			</p>    			<br><br>",,http://www.seattleperforms.com/sites/seattleperforms.com/images/event/441063859/stevenfogell108_medium.jpg,206.842.1163,Acting Out for Adults,http://www.bainbridgeperformingarts.org/Education/SecondStage.html,01/18/2011-02/24/2011,http://www.seattleperforms.com/event/detail/441063859/Acting_Out_for_Adults
"16587 NE 74th St, Redmond, WA, 98052",SecondStory Repertory Theatre,"Beatrice and Benedick can&rsquo;t stand each other &ndash; all they do is bicker and gossip. So you know they&rsquo;re going to wind up in love. The question is, how? That&rsquo;s the secret in one of the great romantic comedies of all time!</p>			</p>    			<br><br>",boxoffice@secondstoryrep.org,http://www.seattleperforms.com/sites/seattleperforms.com/images/event/440968445/much_ado_medium.jpg,(425) 881-6777,Much Ado About Nothing,http://www.secondstoryrep.org,02/04/2011-02/26/2011,http://www.seattleperforms.com/event/detail/440968445/Much_Ado_About_Nothing
"200 Madison Ave N, Bainbridge Island, WA, 98110",Bainbridge Performing Arts,"Acting for the Camera is a television and movie acting class for 5th &ndash; 8th grade students, held at BPA. Thomas Hurley III and Eugie Price lead this action-packed class, which includes a take-home DVD for all actors and their scene work approximately two weeks after class is over. Classes meet January 11 &ndash; March 3, Tuesdays and Thursdays at 4:00 &ndash; 6:00 p.m. Tuition is $325, and students may register at 206.842.1163.</p>			</p>    			<br><br>",,http://www.seattleperforms.com/sites/seattleperforms.com/images/event/441063855/centerad_acting4cam_468x150_medium.jpg,206-842-1163,Acting for the Camera: 5th - 8th Grade,http://www.bainbridgeperformingarts.org/Education/WinterActing.html,01/11/2011-03/03/2011,http://www.seattleperforms.com/event/detail/441063855/Acting_for_the_Camera_5th_8th_Grade
"200 Madison Ave N, Bainbridge Island, WA, 98110",Bainbridge Performing Arts,"Improv for Actors, Improvisers, and Storytellers is an improvisation class for adults, 17 and over. Led by Todd Erler, Artistic Director of the Jewel Box Theatre, classes will be held at BPA, and all levels of experience are welcome, from novice to expert. Classes meet for six weeks, January 24 &ndash; March 7, Mondays at 6:30 &ndash; 9:00 p.m. (no class February 21). Tuition is $275, and students may register at 206.842.1163 or 206.842.8569.</p>			</p>    			<br><br>",,http://www.seattleperforms.com/sites/seattleperforms.com/images/event/441063865/todderlerweb_medium.jpg,206.842.1163,"Improv for Actors, Improvisers, and Storytellers",http://www.bainbridgeperformingarts.org/Education/SecondStage.html,01/24/2011-03/07/2011,http://www.seattleperforms.com/event/detail/441063865/Improv_for_Actors_Improvisers_and_Storytellers
"200 Madison Ave N, Bainbridge Island, WA, 98110",Bainbridge Performing Arts,"The Jungle Book, BPA Theatre School&rsquo;s winter offering for 1st &ndash; 4th grades, begins at the Jewel Box Theatre on February 28. Gabe Carbajal and D&rsquo;Arcy Clements lead students on this fun-filled adventure with lions, tigers, and bears. Classes meet for eight weeks February 28 &ndash; April 24, Mondays at 4:00 &ndash; 6:00 p.m. (no class March 28). Tuition is $80, and students are encouraged to register at 206.842.1163.</p>			</p>    			<br><br>",,http://www.seattleperforms.com/sites/seattleperforms.com/images/event/441063873/centerad_junglebook_spring_468x150_medium.jpg,206-842-1163,The Jungle Book: 1st - 4th Grade at the Jewel Box Theatre,http://www.bainbridgeperformingarts.org/Education/JungleBook_JewelBox.html,02/28/2011-04/24/2011,http://www.seattleperforms.com/event/detail/441063873/The_Jungle_Book_1st_4th_Grade_at_the_Jewel_Box_Theatre
"200 Madison Ave N, Bainbridge Island, WA, 98110",Bainbridge Performing Arts,"BPA Theatre School&rsquo;s second winter offering at the Jewel Box Theatre is The Adventures of Robin Hood. Gabe Carbajal and D&rsquo;Arcy Clements lead students in this true adventure of maidens, swordsmen, robbers, royalty, and mayhem. Classes meet for eight weeks March 2&ndash; April 24, Wednesdays at 4:00 &ndash; 6:00 p.m. (no class March 30). Tuition is $120, and students may register at 206.842.1163.</p>			</p>    			<br><br>",,http://www.seattleperforms.com/sites/seattleperforms.com/images/event/441063877/centerad_robinhood_spring_468x150_medium.jpg,206-842-1163,The Adventures of Robin Hood: 5th - 8th Grade at the Jewel Box Theatre,http://www.bainbridgeperformingarts.org/Education/RobinHood_JewelBox.html,03/02/2011-04/24/2011,http://www.seattleperforms.com/event/detail/441063877/The_Adventures_of_Robin_Hood_5th_8th_Grade_at_the_Jewel_Box_Theatre
"400 E. University Ave., Ellensburg, WA, 98926",Central Washington University - McConnell Auditorium,"Feed The Artist In You At CWU<br> <br> <br> Whether you are a student, full-time theatre teacher, a teacher who loves theatre, or a professional working in the various areas of theatre the Summer Institute for Theatre Arts has something to offer you. Established in 1996 by the Theatre Arts Department of Central Washington University as the Drama Teacher's Summer Institute, the program was specifically designed for teachers. Since then, more than 500 teachers, representing more than 20 states and eight nations, have attended the Institute, learning new skills to take back to the classroom, making life-long friends and networking with other theatre artists and educators from across the nation and the world.<br> <br> <br> Classes are presented in comprehensive seminars ranging from three to 18 days, annually from late June through July.			</p>    			<br><br>",,http://www.seattleperforms.com/sites/seattleperforms.com/images/event/440957695/summer_medium.jpg,509-963-1273,S u m m e r    I n s t i t u t e    f o r    T h e a t r e    A r t s,http://www.cwu.edu/~theatre/program/graduate/institute/index.html,06/20/2011-07/28/2011,http://www.seattleperforms.com/event/detail/440957695/S_u_m_m_e_r_I_n_s_t_i_t_u_t_e_f_o_r_T_h_e_a_t_r_e_A_r_t_s
"5510 University Way NE, Seattle, WA, 98105",Wing-It Productions,"Jet City Improv is Seattle's best comedy now in its 19th year. It is fast-paced, audience-interactive, all-ages improvisational comedy. We were voted the &quot;Best Improv in Seattle&quot; by the King 5's Best in the Northwest, as well as the &quot;Best Place to go in you are Underage.&quot; Come see what The Stranger calls &quot;fantastic improv theater.&quot;</p>			</p>    			<br><br>",info@jetcityimprov.com,http://www.seattleperforms.com/sites/seattleperforms.com/images/event/441083861/billy120_medium.jpg,206 352-8291,Jet City Improv,http://www.jetcityimprov.com,01/07/2011-12/30/2011,http://www.seattleperforms.com/event/detail/441083861/Jet_City_Improv
"1428 Post Alley, Seattle, WA, 98101",Market Theater,"HAPPY 25TH ANNIVERSARY THEATRESPORTS!! Even the judges wouldn't boo you!</p> <p>Seattle Theatresports is the most professional improv show the Northwest has to offer. Theatersports is comedy, improv, theater, and sports all rolled into one! Teams of improvisers create scenes based entirely on audience suggestions and are scored by a panel of judges.</p> <p>Seattle Theatresports is also Seattle's longest running show, having turned 25 years old this June!</p>			</p>    			<br><br>",info@unexpectedproductions.org,http://www.seattleperforms.com/sites/seattleperforms.com/images/event/869/ts100_medium.gif,,TheatreSports,http://www.unexpectedproductions.org/Theatresports,08/03/2007-12/31/2011,http://www.seattleperforms.com/event/detail/869/TheatreSports
"216 Union St, Seattle, WA, 98101",The Triple Door,"Direct from New York City! BURLESQUE TO BROADWAY starring Quinn Lemley with Stacey Harris and Natalie Loftin Bell sizzle with an intoxicating 10-piece big band celebrating the icons of Burlesque to Broadway. Directed by Tony Award Winner, Joe Hardy, it&rsquo;s hot! Hot! HOT! with the music, jokes and costumes of Burlesque to Broadway! &nbsp;It&rsquo;s all about the tease! And they aim to please! From Gypsy Rose Lee, Sally Rand, Fanny Brice to Cher, you will enter the world of Minsky&rsquo;s Burlesque Theatre, The Ziegfeld Follies, Broadway to classic television in this fast paced theatrical concert.<br> <br> Complete with sequins, feathers and fans these Broadway Hotties take you on a ride thru the music of Burlesque to Broadway&hellip; and beyond. Don't miss your chance to bump and grind with Quinn and her girls. Experience the incomparable Quinn Lemley The Village Voice calls, &quot;Drop dead gorgeous with crystalline intonation&quot;. Sirius Satellite raves, &quot;Lemley is Hot Hot Hot!&quot; and The Naples Daily News graciously states, &ldquo;Quinn Lemley nails it. Hard!&rdquo; BURLESQUE TO BROADWAY is a tour de force. &nbsp;Grab your guy or gal and join us as, Quinn and her girls dance up a storm, fill the house with vaudeville humor, and sing one show stopping hit after another from Burlesque, Broadway and Beyond!<br> <br> 7pm &amp; 10pm shows &nbsp;- 3 nights only!&nbsp;</p>			</p>    			<br><br>",,,206-838-4333,Burlesque to Broadway,"http://Direct from New York City! BURLESQUE TO BROADWAY starring Quinn Lemley with Stacey Harris and Natalie Loftin Bell sizzle with an intoxicating 10-piece big band celebrating the icons of Burlesque to Broadway. Directed by Tony Award Winner, Joe Hardy",02/23/2011-02/25/2011,http://www.seattleperforms.com/event/detail/441086645/Burlesque_to_Broadway
"216 Union St, Seattle, WA, 98101",The Triple Door,"The new production Burlesque to Broadway is hitting the Triple Door in Seattle! It is a fun, fast paced show directed by Tony Award Winner Joseph Hardy and featuring that drop dead talented Quinn Lemley. Tickets are 30% off between now and Christmas! Don't miss it, it will be a fantastic, sexy, sizzling show. Sponsored by MAC Cosmetics.<br> <br> <br> <br> Check out the reel and show times:<br> <br> http://www.centuryartists.com/shows/burlesque-to-broadway</p>			</p>    			<br><br>",,http://www.seattleperforms.com/sites/seattleperforms.com/images/event/441065389/quinn_medium.jpg,206.838.4333,Burlesque to Broadway,http://www.centuryartists.com/shows/burlesque-to-broadway,02/23/2011-02/25/2011,http://www.seattleperforms.com/event/detail/441065389/Burlesque_to_Broadway
"3515 South Alaska Street, Seattle, WA, 98118",Rainier Valley Cultural Center,"Set amidst the whiskey sipping chauvinism of early 1960, quiet's Mad Men-esque production of The Taming of the Shrew continues the investigation of our season-long theme, &quot;enGender Bender: Exploring our social blueprints&quot;, through the eyes of Shakespeare's classic comedy. <br> <br> <br> Baptista Minola, senior partner of Padua Advertising, has a problem.  His youngest daughter Bianca has been drawing the attention of nearly every man on the Upper East Side. His solution?  No one will be allowed to &quot;court&quot; Bianca until his oldest daughter  the headstrong, fiery, and temperamental Katharina  is married.  After all, who would want a wife like Kate? <br> <br> <br> Seeing the play is only half of the event... <br> <br> <br> quiet seeks to use art as a medium for social change. Join cast members, professors, community members and social service partner organizations for a panel discussion after each performance. The panel will discuss issues of gender addressed in the play. Patrons are encouraged to ask questions and get involved in the dialogue. <br> <br> <br> quiet is an Associated Program of Shunpike. </p>			</p>    			<br><br>",info@quietonline.org,http://www.seattleperforms.com/sites/seattleperforms.com/images/event/441087755/full_cast_pc_(draft)_medium.jpg,,The Taming of the Shrew,http://www.quietonline.org,02/11/2011-02/25/2011,http://www.seattleperforms.com/event/detail/441087755/The_Taming_of_the_Shrew
"8703 160th Avenue NE, Redmond, WA, 98052",Fred W Meitzer Theater,"This hilarious international musical hit begins when the Little Sisters of Hoboken discover that their cook, Sister Julia, Child of God, has accidentally poisoned 52 of the sisters, and they are in dire need of funds for the burials.</p>			</p>    			<br><br>",ticketing@redwoodtheatre.org,http://www.seattleperforms.com/sites/seattleperforms.com/images/event/441020959/nunsense_thumb_medium.jpg,(425) 522-3730,Nunsense,http://redwoodtheatre.org/2011/nunsense.html,02/11/2011-02/26/2011,http://www.seattleperforms.com/event/detail/441020959/Nunsense
"409 7th Ave. S., Seattle, WA, 98104",Theatre Off Jackson,"Three Screams is a dark, dynamic, and hilarious play centered on a contemporary theft of Edvard Munch's ""The Scream"". An accountant and unlikely thief who's helped pull-off the heist, Edvard, manically confronts his love-hate relationship with Munch's famous painting face-to-face. His wife, Tulla, shares a completely different side of the story—baking pastries to calm her nerves, while containing a strange, stifled lust beneath her apron. 20 years later their son, Gunnar, revisits the actual location where Munch painted the Scream and must now deal with the omnipresent power this singular work has had over his family.</p>			</p>    			<br><br>",davidturnipseed@hotmail.com,http://www.seattleperforms.com/sites/seattleperforms.com/images/event/441065489/3screams_web_size_medium.jpg,253-548-7432,3 Screams,http://www.manaloneproductions.com/,02/04/2011-02/26/2011,http://www.seattleperforms.com/event/detail/441065489/3_Screams
"303 Front Street North, Issaquah, WA, 98027",Village Theatre,"Sleuth <br>By Anthony Shaffer <br> <br>Wealthy mystery novelist Andrew Wyke invites young Milo Tindle to his elegant, isolated country house to settle a bit of unpleasant business; Milo is having an affair with Andrew's wife. What begins as a bizarre cat and mouse game of robbery spirals into a complex duel of wits and deception. Packed with thrills, and twists and turns that continue to tip the scale, this Tony Award-winning puzzle will keep you guessing up to the very deadly end!  <br> <br> <br>			</p>    			<br><br>",boxoffice@villagetheatre.org,,425-392-2202,Sleuth,,01/20/2011-02/27/2011,http://www.seattleperforms.com/event/detail/5383/Sleuth
"950 Main Street, Edmonds, WA, 98020",The Wade James Theatre,Spotlight on New Local Playwrights			</p>    			<br><br>,info@driftwoodplayers.com,http://www.seattleperforms.com/sites/seattleperforms.com/images/org/45/edmondsdriftwoodplayers_medium.jpg,425-774-9600,Spotlight on New Local Playwrights,,02/25/2011-02/27/2011,http://www.seattleperforms.com/event/detail/5703/Spotlight_on_New_Local_Playwrights
"155 Mercer Street, Seattle, WA, 98109",Bagley Wright Theatre at Seattle Repertory Theatre,"by Tarell McCraney, directed by Juliette Carrillo<br><br><br> <br><br><br> The Louisiana bayou, West African mythology, and family interplay swirl together in this absorbing drama from one of the country's most exciting new playwrights. A wandering soul recently released from prison clashes with his straight-and-narrow brother. Yet even as they grapple with their own notions of freedom and tradition, they remain fiercely intertwined.<br><br><br> <br><br><br> Recommended for ages 14 and above for profanity, sexually suggestive language.<br>			</p>    			<br><br>",,http://www.seattleperforms.com/sites/seattleperforms.com/images/event/440952886/bs_small_medium.jpg,(206) 443-2222,The Brothers Size,http://www.seattlerep.org/Plays/1011/BZ/,02/04/2011-02/27/2011,http://www.seattleperforms.com/event/detail/440952886/The_Brothers_Size
"4029 Stone Way North, Seattle, WA, 98103",DownStage,"The 1998 Pulitzer prize-winning play (also winner of Obie, Drama Desk, Outer Critics Circle and New York Drama Critics awards) by Paula Vogel, How I Learned to Drive is both funny and disturbing. The story follows the strained relationship between Lil&rsquo;Bit and her uncle from adolescence through adulthood. Using the metaphor of driving, taboo issues of exploitation are brought to light, often with humor, suspending the piece between the categories of drama and comedy.<br> Unquestionably modern and innovative, How I Learned to Drive succeeds in great part due to classic elements. Vogel uses the classic Greek device of a chorus composed of a male, female, and teenager, to fulfill a variety of roles in the play. As well as observing and commenting on the action, they assume roles in various scenes such as individual family members and high school girls and boys.  The two main characters, Li&rsquo;l Bit and Peck, are observed and analyzed by the Greek chorus to provide a catharsis for the audience, as in the Greek choral tradition. When the adult Li&rsquo;l Bit drives off at the end of the play, once more able to believe in forgiveness and family, the catharsis for both Li&rsquo;l Bit and the audience is complete.<br> Moreover, Vogel, like the ancient Greek playwrights, warns the audience of its own fallibility. She does not ignore omens that presage moral disaster but meets them head on. In dramatizing the different perspectives of Li&rsquo;l Bit and Peck, by extension she dramatizes those of every member of the audience and its larger society.  <br> In Stone Soup&rsquo;s production, music will set the stage of the physical and psychological world of How I Learned to Drive; sweet and melodic, celebrations of love and youth and the special synergy that the two create when they are blended together. In particular, rock n&rsquo;roll love songs with an edge will underscore the action, the music of sexuality which has always been known as the music of youth, especially when it was new and revolutionary in the 1950s and 1960s where the story is set. The best rock &lsquo;n&rsquo; roll always gave a sense of freedom and expanding awareness. It is music that makes old people feel young and free and young people feel that they possess the wisdom of a hard-lived past.<br> The production runs Feb 3-27, Thursdays &ndash; Saturdays at 8pm with Sunday matinees 2/13 and 27. All tickets 2/3-5 are $10; Thursdays after the preview are pay-what-you will. General admission prices are $16-20; $13 for those under 30. <br> Tickets are available for purchase at www.brownpapertickets.com, 800-838-3006 or Stone Soup Box Office (206) 633-1883; www.stonesouptheatre.org</p>			</p>    			<br><br>",carolynne@stonesouptheatre.org,http://www.seattleperforms.com/sites/seattleperforms.com/images/event/441062681/drive_pc_electronictiny_medium.jpg,206.633.1883,How I Learned to Drive by Paula Vogel at Stone Soup,http://www.stonesouptheatre.org,02/04/2011-02/27/2011,http://www.seattleperforms.com/event/detail/441062681/How_I_Learned_to_Drive_by_Paula_Vogel_at_Stone_Soup
"204 N. 85th St, Seattle, WA, 98103",Taproot Theatre,"Voyage across land and sea. through the underworld to the top of Mt Olympus. Muses and monsters introduce this epic myth of the brave and courageous Odysseus as he valiantly seeks his homeland and the arms of his wife and child.</p><br><br> <br><br> <br> Featuring: Mark Chamberlin, Nolan Palmer, Ryan Childers, Nic Beach, Randy Scholz, <br> Stephen Grenley, Alex Robertson, Nikki Visel, April Wolfe, Jesse Notehelfer, Pam Nolte, Sarah Roquemore, Solomon Davis and Josh Smyth<br> 			</p>    			<br><br>",box@taproottheatre.org,http://www.seattleperforms.com/sites/seattleperforms.com/images/event/5655/web_banner_490x176px_medium.jpg,206-781-9707,The Odyssey,http://www.taproottheatre.org/buy-tickets,02/02/2011-03/05/2011,http://www.seattleperforms.com/event/detail/5655/The_Odyssey
"7400 Sand Point Way NE, Seattle, WA, 98115",Magnuson Park Community Theatre,"The Drowsy Chaperone pays tribute to the jazz-age shows of the 1920's and the power those shows held to transport us into a dazzling fantasy.  If you've ever sat in a dark theatre and thought, &quot;Dear Lord in heaven, please let it be good,&quot; this is the show for you!			</p>    			<br><br>",ann@seattlemusicaltheatre.org,http://www.seattleperforms.com/sites/seattleperforms.com/images/org/32/seattlemusicaltheatre_medium.gif,206-363-2809,The Drowsy Chaperone,http://seattlemusicaltheatre.org,02/11/2011-03/05/2011,http://www.seattleperforms.com/event/detail/440963821/The_Drowsy_Chaperone
"305 Harrison Street, Seattle, WA, 98109",Seattle Center House,"A terrifying graveyard encounter with an escaped convict; a summons to meet the bitter, decaying Miss Havisham and her beautiful, cold-hearted ward Estella; the sudden generosity of an unknown benefactor - this series of events changes the orphaned Pip's life forever, and he eagerly feels his humble origins in favor of a new life as a gentleman in London. Dickens' haunting late novel depicts Pip's education and development through adversity as he discovers that having ""expectations"" is a double-edged sword. 			</p>    			<br><br>",,http://www.seattleperforms.com/sites/seattleperforms.com/images/org/21/bookitrepertorytheatre_medium.jpg,206.216.0833,Great Expectations,,02/08/2011-03/06/2011,http://www.seattleperforms.com/event/detail/5597/Great_Expectations
"7116 6th Ave, Tacoma, WA, 98406",Tacoma Musical Playhouse,"Celebrate Read Across America and the birthday of Dr. Seuss with TMP! From the Tony Award-winning team of Lynn Ahrens and Stephen Flaherty (Ragtime, Once On This Island, A Christmas Carol), Seussical is a fantastical, magical, musical extravaganza which brings to life all of our favorite Dr. Seuss characters, including Horton the Elephant, Gertrude McFuzz, Lazy Mayzie and a little boy with a big imagination--Jojo. ""Oh, the Thinks You Will Think"" as the spirit of imagination transports the colorful characters from the Jungle of Nool to the Circus McGurkus to the invisible world of the Who's. Read Across America is an initiative on reading created by the National Education Association, and includes National Read Across America Day, observed each year on March 2, the birthday of Dr. Seuss. 			</p>    			<br><br>",,,253-565-6867,SEUSSICAL,http://www.tmp.org,02/26/2011-03/06/2011,http://www.seattleperforms.com/event/detail/5648/SEUSSICAL_
"507 S 3rd St., Renton, WA, 98055",Renton Civic Theater,"Sister Elizabeth Donderstock is Squeamish, and has been her whole life. She makes cheese balls (traditional and smoky) that sustain the existence of her entire religious community, Clusterhaven. However, she feels unappreciated among her Squeamish brethren, and she decides to try her luck in the outside world. Meanwhile, back at Clusterhaven, Liz's compatriots just can't seem to duplicate her cheese ball recipe, and they are panic-stricken and desperate. Will the cheese balls ever taste good again? The answers to this and so many other questions can be found in this new comedy</p>			</p>    			<br><br>",boxoffice@rentoncivictheater.org,http://www.seattleperforms.com/sites/seattleperforms.com/images/event/440989867/rentoncivictheaterlogo30_medium.jpg,425-226-5529,The Book of Liz,http://www.rentoncivictheater.org,02/27/2011-03/07/2011,http://www.seattleperforms.com/event/detail/440989867/The_Book_of_Liz_
"400 E. University Ave., Ellensburg, WA, 98926",Central Washington University - Milo Smith Tower Theater,"This award winning family drama tells the fantastical story of a little girl in search of her home. Iris is kidnapped by the Greater Goods and banished to an island with all her memories wiped away. But Iris begins to find clues to who she really is, and sets out on a brave and wondrous adventure to rediscover herself. Like Alice in Wonderland the story has magical characters, a wild journey and an appealing heroine, but it also carries a strong message about how our present and our future is informed and defined by the past. <br> <br>STILL LIFE WITH IRIS was originally commissioned and produced by Seattle Children's Theatre. It was inspired by the Image Influenced Illusions of Steffan Soule and Cooper Edens from their book, Dreams, Magic, and Miracles. Its development was supported by a major grant from the John F. Kennedy Center's Fund for New American Plays, the first play for young audiences to receive such an award. <br> <br>Family Friendly			</p>    			<br><br>",boxoffice@cwu.edu,http://www.seattleperforms.com/sites/seattleperforms.com/images/org/441/centraltheatreensemble_medium.jpg,509-963-1774,Still Life with Iris,http://www.cwu.edu/~theatre/tix,03/04/2011-03/12/2011,http://www.seattleperforms.com/event/detail/5555/Still_Life_with_Iris
"400 E. University Ave., Ellensburg, WA, 98926",Central Washington University - Milo Smith Tower Theater,"By Steven Dietz<br> <br> <br> <br> This award winning family drama tells the fantastical story of a little girl in search of her home. Iris is kidnapped by the Greater Goods and banished to an island with all her memories wiped away. But Iris begins to find clues to who she really is, and sets out on a brave and wondrous adventure to rediscover herself. Like Alice in Wonderland the story has magical characters, a wild journey and an appealing heroine, but it also carries a strong message about how our present and our future is informed and defined by the past.<br> <br> <br> <br> STILL LIFE WITH IRIS was originally commissioned and produced by Seattle Children&rsquo;s Theatre. It was inspired by the Image Influenced Illusions of Steffan Soule and Cooper Edens from their book, Dreams, Magic, and Miracles. Its development was supported by a major grant from the John F. Kennedy Center&rsquo;s Fund for New American Plays, the first play for young audiences to receive such an award.<br> <br> <br> <br> Family Friendly			</p>    			<br><br>",boxoffice@cwu.edu,http://www.seattleperforms.com/sites/seattleperforms.com/images/event/440957667/still_life_with_iris_medium.jpg,509-963-1774,Still Life with Iris,http://www.cwu.edu/~theatre/tix/,03/04/2011-03/12/2011,http://www.seattleperforms.com/event/detail/440957667/Still_Life_with_Iris
"3000 Landerholm Circle SE, Bellevue, WA, 98007",Stop Gap Theatre Bellevue College,by Ken Ludwig from the novel by Alexandre Dumas.<br><br><br><br> The exploits of the famous swordsmen and their newest recruit D’Artangan burst onto the stage in this dramatization of the Dumas classic.  Complete with plenty of sword fighting!			</p>    			<br><br>,,,1-800-838-3006,The Three Musketeers,http://bellevuecollege.edu/artshum/Drama/index.html,03/09/2011-03/12/2011,http://www.seattleperforms.com/event/detail/440958499/The_Three_Musketeers
"507 S 3rd St., Renton, WA, 98055",Renton Civic Theater,"A group of strangers stranded in a boarding house during a snow storm, one of whom is a murderer. The suspects include the newly married couple who run the house. Others are a spinster with a curious background, an architect who seems better equipped to be a chef, a retired Army major, a strange little man who claims his car has overturned in a drift, and a jurist who makes life miserable for everyone. PG</p>			</p>    			<br><br>",boxoffice@rentoncivictheater.org,http://www.seattleperforms.com/sites/seattleperforms.com/images/event/440989861/rentoncivictheaterlogo30_medium.jpg,425-226-5529,The Mousetrap by Agatha Christie,http://www.rentoncivictheater.org,02/25/2011-03/12/2011,http://www.seattleperforms.com/event/detail/440989861/The_Mousetrap_by_Agatha_Christie
"1308 5th Avenue, Seattle, WA, 98101",5th Avenue Theatre,"Experience the most talked about new show on Broadway: Next to Normal. This acclaimed, groundbreaking musical &quot;pushes Broadway in new directions&quot; (Rolling Stone). With a thrilling contemporary score, Next to Normal  is an emotional powerhouse&mdash;a story about the stop/start life of a bipolar mother and the hell her unreality wreaks on her family as she rides the sharp edge between coping and insanity.</p>			</p>    			<br><br>",ticketing@5thavenue.org,http://www.seattleperforms.com/sites/seattleperforms.com/images/event/5631/nexttonormal-img01_medium.jpg,,Next to Normal,http://www.5thavenue.org,02/22/2011-03/13/2011,http://www.seattleperforms.com/event/detail/5631/Next_to_Normal
"4045 University Way, Seattle, WA, 98105",Jones Playhouse,"By Bertolt Brecht, directed by Alyson Roux<br> <br> <br> <br> In an attempt to settle property disputes after an apocalyptic war, a village performs an ancient parable for its neighbors. In it, amidst civil strife and unrest, a young servant girl risks her life to save an abandoned child of noble birth. Years later, when the biological mother demands the child back, an unconventional judge, who is not always guided by the letter of the law, devises the test of the chalk circle to decide their fates.<br> <br> <br> <br> No late seating for School of Drama events.</p>			</p>    			<br><br>",prcomm@u.washington.edu,http://www.seattleperforms.com/sites/seattleperforms.com/images/org/182/universityofwashington_medium.jpg,206-543-4880,Caucasian Chalk Circle,http://www.meany.org/tickets/production.aspx?performanceNumber=4263,02/27/2011-03/13/2011,http://www.seattleperforms.com/event/detail/440916709/Caucasian_Chalk_Circle
"201 Thomas St, Seattle, WA, 98109",Eve Alvord Theatre at Seattle Children's Theatre,"The return of one of SCT's biggest hits, created by Allison Gregory and Steven Dietz. P.D. Eastman&rsquo;s classic children&rsquo;s book comes alive on the SCT stage, captivating even the youngest audience members. These dogs dive into life with gusto. They snorkel, they howl at the moon, they sing, they dance, and they even climb trees. All sorts of dogs having all sorts of fun. You and your kids won&rsquo;t want to miss a second of the bright, hilarious canine adventure &ndash; the perfect treat for all ages.</p>			</p>    			<br><br>",tickets@sct.org,http://www.seattleperforms.com/sites/seattleperforms.com/images/event/441065553/gdg_sp_medium.jpg,206-441-3322,"Go, Dog. Go!",http://www.sct.org,01/13/2011-03/13/2011,http://www.seattleperforms.com/event/detail/441065553/Go_Dog_Go
,,"Late Nite Catechism is an uproariously funny play that takes the audience back to their youth. The irrepressible Sister teaches class to a roomful of &quot;students.&quot; Throughout the course of the class the benevolent instructor rewards the &quot;students&quot; for correct answers with glow-in-the-dark rosaries and other nifty prizes. Naughty students may well find themselves on stage sitting in a corner reflecting their actions. However, even the most reluctant &quot;students&quot; will be clamoring to get into this Sister's class. Now in its 14th year, Late Nite Catechism has brought its nostalgic kick to every state in the U.S. as well as to Canada, the U.K., and Australia.<br> <br> <br>			</p>    			<br><br>",info@npacf.org,http://www.seattleperforms.com/sites/seattleperforms.com/images/event/440958479/lnc1color_medium.jpg,425 408-7988,Late Nite Catechism,http://www.npacf.org,03/19/2011,http://www.seattleperforms.com/event/detail/440958479/Late_Nite_Catechism
"16587 NE 74th St, Redmond, WA, 98052",SecondStory Repertory Theatre,"adapted by Geraldine Ann Snyder<br> <br> One of Aesop&rsquo;s most famous fables! A young boy learns his morals the hard way, as he discovers that honesty is the best policy.</p>			</p>    			<br><br>",boxoffice@secondstoryrep.org,http://www.seattleperforms.com/sites/seattleperforms.com/images/event/440968453/bw_medium.jpg,(425) 881-6777,The Boy Who Cried Wolf,http://www.secondstoryrep.org,03/04/2011-03/20/2011,http://www.seattleperforms.com/event/detail/440968453/The_Boy_Who_Cried_Wolf
"2710 Wetmore Avenue, Everett, WA, 98201",Everett Performing Arts Center,"Sleuth <br>By Anthony Shaffer <br> <br>Wealthy mystery novelist Andrew Wyke invites young Milo Tindle to his elegant, isolated country house to settle a bit of unpleasant business; Milo is having an affair with Andrew's wife. What begins as a bizarre cat and mouse game of robbery spirals into a complex duel of wits and deception. Packed with thrills, and twists and turns that continue to tip the scale, this Tony Award-winning puzzle will keep you guessing up to the very deadly end!  <br> <br> <br>			</p>    			<br><br>",boxofficeeverett@villagetheatre.org,,425-257-8600,Sleuth - Everett,,03/04/2011-03/27/2011,http://www.seattleperforms.com/event/detail/5384/Sleuth_Everett
"402 Sixth St. S, Kirkland, WA, 98033",Studio East Mainstage Theater,Singin' in the Rain			</p>    			<br><br>,info@studio-east.org,http://www.seattleperforms.com/sites/seattleperforms.com/images/org/360/storybooktheaterstudioeast_medium.jpg,425-820-1800,Studio East presents Singin' in the Rain,http://www.studio-east.org/,03/11/2011-03/27/2011,http://www.seattleperforms.com/event/detail/5694/Studio_East_presents_Singin_in_the_Rain
"210 North I Street, Tacoma, WA, 98403",Tacoma Little Theatre,"by Georges Feydeau, Translated by David Ives<br> March 4th through March 27th 2011<br> Friday and Saturday 7:30pm, Sunday 2:00pm<br> Pay What You Can: March 10, 2011 at 7:30pm <br> Actor Benefit: March 26, 2011 at 2:00pm<br> <br> A Flea in Her Ear is the greatest of French farces, perhaps the greatest farce ever written. Raymonde Chandebise suspects that her husband, Victor, a placid and successful insurance executive, is secretly having an affair. To find out, she and her friend Lucienne write him an anonymous love letter suggesting a rendezvous at the shady Frisky Puss Hotel. Thinking the letter was intended for his coworker, the gigolo Tournel, Victor sends Tournel off to make the rendezvous in his place. Lucienne&rsquo;s jealous Spanish husband, meanwhile, finds the letter, recognizes his wife&rsquo;s handwriting and takes his pistols to the Frisky Puss, hoping to catch her in the act. Meanwhile,Victor&rsquo;s nephew Camille tries to warn everyone about the mix-up, but his ridiculous speech impediment prevents anyone from understanding him. In Act Two, all decamp to the Frisky Puss where, it turns out, the drunken bellboy Poche is the exact double of the proper Victor Chandebise. Meeting Poche and thinking she&rsquo;s been caught by her husband, Raymonde keeps trying to escape from the hotel with Tournel, but a revolving bed keeps flinging them from room to room, as more and more of the involved parties pile into the hotel in a climax culminating in the entrance of the jealous Spaniard and his pistols. In Act Three the vortex spins even faster as all the parties return to the Chandebise home utterly confused about what actually happened and who was who at the Frisky Puss. The drunken bellboy arrives, is mistaken once again for Victor, and all the threads of the multiple mix-ups are sorted out as Victor and Raymonde recognize their mutual confusions and are reunited.</p>			</p>    			<br><br>",tlt@tacomalittletheatre.com,http://www.seattleperforms.com/sites/seattleperforms.com/images/event/440989775/flea_icon_medium.jpg,253-272-2281,A Flea in Her Ear,http://www.tacomalittletheatre.com,03/04/2011-03/27/2011,http://www.seattleperforms.com/event/detail/440989775/A_Flea_in_Her_Ear
"4711 California Ave SW, Seattle, WA, 98116",ArtsWest Playhouse,"Jesse is nine. Jesse can't focus. Mama helps. Dad ignores. The teacher scolds, the neighbors gossip, the psychiatrists prescribe, the audience laughs, but""¦NO ONE LISTENS. Welcome to Lisa Loomer's (The Waiting Room) darkly comic Distracted, a story about a multi-tasking mom taking on the culture of Attention Deficit Hyperactivity Disorder. Her quixotic husband is in denial, leaving her to take on accepted science and mythic homeopathy all by herself. Fast paced, disarmingly funny, and direct from a wildly successful run on Broadway, this is a riveting gaze at parenting, childhood, and looking for fast answers in the age of Ritalin. Adult language and themes. Recommended for ages 14 and older. <br>""****A chronically entertaining comedy!"" ""“ New York Daily News <br>""Focus, people! Distracted is superb!"" ""“ Associated Press			</p>    			<br><br>",boxoffice@artswest.org,,206-938-0339,Distracted,https://www.choicesecure01.net/mainapp/eventschedule.aspx?clientID=artswest,03/09/2011-04/02/2011,http://www.seattleperforms.com/event/detail/5516/Distracted
"700 Union St, Seattle, WA, 98101",ACT Theatre,"Three women. Three decades. One friendship.</p> <p>A special Northwest premiere produced by The 5th Avenue Theatre and ACT &ndash; A Contemporary Theatre, to be performed at the intimate Falls Theatre at ACT.</p> <p>In Vanities: A New Musical, you&rsquo;ll set off on a life-affirming journey through the turbulent &rsquo;60s to the late &rsquo;80s and discover how three friends face life&rsquo;s defining moments: growing up, getting older and getting over it. Vanities is a funny and poignant look at three women who discover that, even in 30 years of rapidly changing times, the one thing they can rely on is each other.</p>			</p>    			<br><br>",rvice@acttheatre.org,http://www.seattleperforms.com/sites/seattleperforms.com/images/event/5630/vanities_medium.jpg,,Vanities: A New Musical,http://www.5thavenue.org,02/04/2011-04/03/2011,http://www.seattleperforms.com/event/detail/5630/Vanities_A_New_Musical
"612 East 4th Ave, Olympia, WA, 98501",Capital Playhouse,"This enchanting classic of children’s literature is now a brilliant musical by Pulitzer Prize winning playwright Marsha Norman. Orphaned in India, sickly, sour-faced 11-year-old Mary returns to Yorkshire to live with her embittered, reclusive uncle – still mourning the loss of his wife – and his disagreeable, bedridden son on their estate. Mary uncovers the key to a magic locked garden housed on the estate and secretly resolves to tend and revive the overgrown sanctuary with the help of a new-found friend, Dickon. Flashbacks, dream sequences, a strolling chorus of ghosts, and some of the most beautiful music ever written for Broadway dramatize The Secret Garden’s compelling tale of regeneration. This Tony Award® winner for Best Book of a Musical is a treasure for both children and adults.<br>			</p>    			<br><br>",info@capitalplayhouse.com,http://www.seattleperforms.com/sites/seattleperforms.com/images/event/440952881/secretgarden_medium.gif,360-943-2744,The Secret Garden,http://www.capitalplayhouse.com/performances1011.html#secret,03/17/2011-04/09/2011,http://www.seattleperforms.com/event/detail/440952881/The_Secret_Garden
"1214 10th Ave, Seattle, WA, 98122",Odd Duck Studio,Eclectic Theater Company presents a World Premiere by Seattle Playwright Kirsten Fatland.</p>			</p>    			<br><br>,Support@BrownPaperTickets.com,http://www.seattleperforms.com/sites/seattleperforms.com/images/org/58/eclectictheatercompany_medium.jpg,206-679-3271,Black Men Smile At Me,,03/10/2011-04/10/2011,http://www.seattleperforms.com/event/detail/5434/Black_Men_Smile_At_Me
"305 Harrison Street, Seattle, WA, 98109",Seattle Center House,"Set in 1924 Montana, Prairie Nocturne tells the story of two former lovers reunited to share in an extraordinary goal: launching the singing career of Month Rathbun, a black chauffeur and former rodeo clown who possesses a surprisingly phenomenal voice. Ivan Doig's rich, poetic narrative runs headlong toward the challenges of racism in the West, circles back into his characters' pasts, and reels ahead into their shared futures in New York during the Harlem Renaissance. 			</p>    			<br><br>",,http://www.seattleperforms.com/sites/seattleperforms.com/images/org/21/bookitrepertorytheatre_medium.jpg,206.216.0833,Prairie Nocturne,http://www.book-it.org,03/15/2011-04/10/2011,http://www.seattleperforms.com/event/detail/5600/Prairie_Nocturne
"155 Mercer Street, Seattle, WA, 98109",Bagley Wright Theatre at Seattle Repertory Theatre,"by John Steinbeck, directed by Jerry Manning<br><br> <br><br> <br><br> John Steinbeck's heartbreaking American classic comes to life in his own stage adaptation. Lenny and George—farm workers in Depression-era California—are trying to scrape together enough money to buy a house of their own. But when Lenny stirs up trouble on the job, George must choose between protecting his friend or staying the course towards his version of the American dream.<br><br> <br><br> Recommended for ages 12 and above.<br>			</p>    			<br><br>",,http://www.seattleperforms.com/sites/seattleperforms.com/images/event/440952887/mm_small_medium.jpg,(206) 443-2222,Of Mice and Men,http://www.seattlerep.org/Plays/1011/MM/,03/18/2011-04/10/2011,http://www.seattleperforms.com/event/detail/440952887/Of_Mice_and_Men
"3000 Landerholm Circle SE, Bellevue, WA, 98007",Stop Gap Theatre Bellevue College,"Stage Fright Student Drama presents<br> London Suite<br> by Neil Simon<br> One hotel suite.  Four stories.  Neil Simon&rsquo;s comedy explores relationships: art and commerce, mother and daughter, lover and friend and a man on the floor with his lost Wimbledon tickets.  <br>			</p>    			<br><br>",,http://www.seattleperforms.com/sites/seattleperforms.com/images/event/440958529/ta-london_suite_medium.jpg,1-800-838-3600,London Suite,http://bellevuecollege.edu/artshum/Drama/index.html,04/14/2011-04/16/2011,http://www.seattleperforms.com/event/detail/440958529/London_Suite
"1500 Summit Ave, Seattle, WA, 98122",Theater Schmeater,"From the television series created by Rod Serling<br><br> Directed by Tim Moore<br><br> <br><br> Featuring three episodes straight from the classic TV series:  <br><br> Time Enough at Last<br><br> The Obsolete Man <br><br> The Monsters are Due on Maple Street <br><br> <br><br> Directed by long time Schmee Alum, Tim Moore (who also will play “Rod”), <br><br> The Twilight Zone: Live! brings back to life all the Cold War era’s anxieties and angst, paranoia and paradoxes.  A long time audience favorite at The Schmee, The Twilight Zone: Live! breathes new life into these trusted tales of a simpler time, when the aliens wore silly hats, and the enemy always came from without.<br><br> 			</p>    			<br><br>",Support@BrownPaperTickets.com,http://www.seattleperforms.com/sites/seattleperforms.com/images/org/169/theaterschmeater_medium.jpg,1-800-838-3006,The Twilight Zone: LIVE! 2011,http://www.schmeater.org/plays/2011/thetwilightzone2011/,03/18/2011-04/16/2011,http://www.seattleperforms.com/event/detail/441070087/The_Twilight_Zone_LIVE_2011
"7116 6th Ave, Tacoma, WA, 98406",Tacoma Musical Playhouse,"Based on Fellini&rsquo;s classic film, 8 1/2 , this spectacular musical delighted Broadway theatergoers in a hit revival in 2003 starring Antonio Banderas. Nine is the story of a celebrated film director, Guido Contini (played by Rafe Wadleigh), who has has turned 40 and faces a double crises: he has to shoot a film for which he can't write the script, and his wife of twenty years, the film star Luisa del Forno (Maria Valenzuela), may be about to leave him if he can't pay more attention to the marriage. As it turns out, it is the same crisis that is blocking his creative impulses and entangling him in a web of romantic difficulties in early-1960s Venice.<br> <br> <br> The original Broadway production opened in 1982 and ran for 729 performances, starring Raul Julia. The musical won five Tony Awards, including best musical, and is now also a major motion picture (2009).  <br> <br> Not recommended for children 13 and younger.</p>			</p>    			<br><br>",,,253-565-6867,NINE. THE MUSICAL,http://www.tmp.org,03/25/2011-04/17/2011,http://www.seattleperforms.com/event/detail/5649/NINE_THE_MUSICAL
"507 S 3rd St., Renton, WA, 98055",Renton Civic Theater,"Conservative Ben Gerard doesn't understand his 15-year-old daughter, Christi, who bitterly tries to exert her independence. Mimi, the wife and mother, tries to straddle the widening gulf between father and daughter during a family &quot;vacation.&quot; A wistful stranger, Violet Aldrich, appears, but is it too late to salvage the family? &quot;Hitchcockian&quot; suspense that leads to a shocking ending.</p>			</p>    			<br><br>",boxoffice@rentoncivictheater.org,http://www.seattleperforms.com/sites/seattleperforms.com/images/event/440989869/rentoncivictheaterlogo30_medium.jpg,425-226-5529,Rest Stop,http://www.rentoncivictheater.org,04/10/2011-04/18/2011,http://www.seattleperforms.com/event/detail/440989869/Rest_Stop
"204 N. 85th St, Seattle, WA, 98103",Taproot Theatre,"Germany. 1933: The Nazi party has taken power. In the face of the greatest evil of the 20th century. Dietrich Bonhoeffer battles questions of morality, political allegiance and religious conviction. This true story will keep you on the edge of your seat a</p>			</p>    			<br><br>",,http://www.seattleperforms.com/sites/seattleperforms.com/images/org/159/taproottheatrecompany_medium.jpg,,The Beams are Creaking,http://www.taproottheatre.org/buy-tickets,03/23/2011-04/23/2011,http://www.seattleperforms.com/event/detail/5656/The_Beams_are_Creaking
"507 S 3rd St., Renton, WA, 98055",Renton Civic Theater,"John Cummings is a lonely and divorced back-porch philoso-pher. Over three and a half years, three very different women occupy the apartment next door. As John reflects on his rela-tionships with neighbors Fay, Angel &amp; Gwen, he shares his unique views on everything from poets to sex. PG</p>			</p>    			<br><br>",boxoffice@rentoncivictheater.org,http://www.seattleperforms.com/sites/seattleperforms.com/images/event/440989863/rentoncivictheaterlogo30_medium.jpg,425-226-5529,Here on the Flight Path by Norman Foster,http://www.rentoncivictheater.org,04/08/2011-04/23/2011,http://www.seattleperforms.com/event/detail/440989863/Here_on_the_Flight_Path_by_Norman_Foster
"1308 5th Avenue, Seattle, WA, 98101",5th Avenue Theatre,"Put on your power suit and enjoy a hilarious tale of laughter, friendship, and premeditated workplace revenge. Outrageously fun and thought-provoking, this direct-from-Broadway musical comedy sends you on the job with three unlikely friends who conspire to take control of their company and learn there's nothing they can't do -- even in a man's world! Based on the hit movie and featuring an exuberant Tony Award&reg; -and Grammy-nominated score by the legendary songwriter, Dolly Parton, this is a crazy conspiracy you won&rsquo;t want to miss.</p>			</p>    			<br><br>",ticketing@5thavenue.org,http://www.seattleperforms.com/sites/seattleperforms.com/images/event/5634/9to5-img01_medium.jpg,,9 to 5 the Musical,http://www.5thavenue.org,04/05/2011-04/24/2011,http://www.seattleperforms.com/event/detail/5634/9_to_5_the_Musical
"303 Front Street North, Issaquah, WA, 98027",Village Theatre,"Iron Curtain <br>Book by Susan DiLallo <br>Music by Stephen Weiner <br>Lyrics by Peter Mills <br> <br>There's no Communism like Show-Communism! When the Soviets set out to create a Broadway musical, they decide they'll need to bring in some real New York writers - by force, if necessary. Enter Howard and Murray, two down and out musical theatre writers, who are on the brink of throwing in the towel. Kidnapped, taken to Moscow, and forced to fix the worst musical ever written, these two characters suddenly find themselves working under the gun""¦literally! With an uproarious and upbeat score, Iron Curtain is a knock 'em down hit with laughs at every corner.  <br>			</p>    			<br><br>",boxoffice@villagetheatre.org,,425-392-2202,Iron Curtain,,03/17/2011-04/24/2011,http://www.seattleperforms.com/event/detail/5385/Iron_Curtain
"400 E. University Ave., Ellensburg, WA, 98926",Central Washington University - Milo Smith Tower Theater,"Based on the enchanting fairytale by Hans Christian Anderson, The Snow Queen tells the story of Kai and Gerda, the best of friends, until Kai falls under the spell of an evil wizard and becomes the slave of the imperious Snow Queen. It is up to Gerda to take a long journey into the frozen heart of winter, to find and save her friend. The Snow Queen is both a thrilling adventure and a fable about the healing power of love. <br> <br>Family Friendly			</p>    			<br><br>",boxoffice@cwu.edu,http://www.seattleperforms.com/sites/seattleperforms.com/images/org/441/centraltheatreensemble_medium.jpg,509-963-1774,The Snow Queen,http://www.cwu.edu/~theatre/tix,04/22/2011-04/24/2011,http://www.seattleperforms.com/event/detail/5556/The_Snow_Queen
"950 Main Street, Edmonds, WA, 98020",The Wade James Theatre,Nunsense by Dan Goggin			</p>    			<br><br>,info@driftwoodplayers.com,http://www.seattleperforms.com/sites/seattleperforms.com/images/org/45/edmondsdriftwoodplayers_medium.jpg,425-774-9600,Nunsense,,04/01/2011-04/24/2011,http://www.seattleperforms.com/event/detail/5704/Nunsense
"400 E. University Ave., Ellensburg, WA, 98926",Central Washington University - Milo Smith Tower Theater,"By Mike Kenny<br> based on the Story by Hans Christian Andersen<br> <br> Based on the enchanting fairytale by Hans Christian Anderson, The Snow Queen tells the story of Kai and Gerda, the best of friends, until Kai falls under the spell of an evil wizard and becomes the slave of the imperious Snow Queen. It is up to Gerda to take a long journey into the frozen heart of winter, to find and save her friend. The Snow Queen is both a thrilling adventure and a fable about the healing power of love.<br> <br> <br> <br> Family Friendly			</p>    			<br><br>",boxoffice@cwu.edu,http://www.seattleperforms.com/sites/seattleperforms.com/images/event/440957669/snow_medium.jpg,509-963-1774,The Snow Queen,http://www.cwu.edu/~theatre/tix/,04/22/2011-04/24/2011,http://www.seattleperforms.com/event/detail/440957669/The_Snow_Queen
"16587 NE 74th St, Redmond, WA, 98052",SecondStory Repertory Theatre,"Music and Lyrics by William Finn. Book by Rachel Sheinkin. <br> This deliriously silly musical began life as an improv comedy show, but eventually became a Tony Award-winning Broadway smash. You&rsquo;ve never rooted for a crazier bunch of &ldquo;kids&rdquo;. You may even get a chance to out spell them&hellip;!</p>			</p>    			<br><br>",boxoffice@secondstoryrep.org,http://www.seattleperforms.com/sites/seattleperforms.com/images/event/440968447/putnam_spelling_medium.jpg,(425) 881-6777,The 25th Annual Putnam County Spelling Bee,http://secondstoryrep.org,04/01/2011-04/30/2011,http://www.seattleperforms.com/event/detail/440968447/The_25th_Annual_Putnam_County_Spelling_Bee
"4001 University Way Northeast, Seattle, WA, 98105",Meany Studio Theatre,"By Roberto Aguirre-Sacasa, directed by Shanga Parker<br> <br> This funny takeoff on is a neat little juggler's trick, a shout out to the Bard, the theater business, and comic books all at once; a silly, pop culture confection for literature lovers. When a vengeful fictional character named Caliban steps out of the pages of Shakespeare and into modern day Manhattan threatening death and destruction, who in the world can save the day? A dramaturge with magical powers of course!<br> <br> No late seating for School of Drama events.</p>			</p>    			<br><br>",prcomm@u.washington.edu,http://www.seattleperforms.com/sites/seattleperforms.com/images/org/182/universityofwashington_medium.jpg,206-543-4880,Rough Magic,http://www.meany.org/tickets/production.aspx?performanceNumber=4279,04/17/2011-05/01/2011,http://www.seattleperforms.com/event/detail/440916711/Rough_Magic
"8703 160th Avenue NE, Redmond, WA, 98052",Fred W Meitzer Theater,"Based on the true story of a mysterious Hollywood death, The Cat's Meow offers a fascinating cross section of Jazz Era characters who intersect for one notorious weekend on board William Randolph Hearst's yacht.</p>			</p>    			<br><br>",ticketing@redwoodtheatre.org,http://www.seattleperforms.com/sites/seattleperforms.com/images/event/441020961/cat_thumb_medium.jpg,(425) 522-3730,The Cat's Meow,http://redwoodtheatre.org/2011/cats_meow.html,04/29/2011-05/14/2011,http://www.seattleperforms.com/event/detail/441020961/The_Cats_Meow
,,"StoryBook Theater Presents <br>Sleeping Beauty <br>Adaptation by Lani Brockman <br>Music & Lyrics by Susan Bardsley  <br>April - May, 2011 <br> <br>Princess Beauty is a cutey, but being pretty doesn't cut it when you really want to slay dragons and find adventure. Will Beauty get to be her very own hero-or will she be interrupted by a 100-year nap? And will the Prince save her ""“ or will she save him?  (This version isn't just for little girls-boys will love it, too!) <br>Recommended for ages 3 and up. Produced by Studio East. <br>			</p>    			<br><br>",,http://www.seattleperforms.com/sites/seattleperforms.com/images/org/360/storybooktheaterstudioeast_medium.jpg,425-820-1800,Sleeping Beauty,http://www.StoryBookTheater.org,04/23/2011-05/15/2011,http://www.seattleperforms.com/event/detail/5667/Sleeping_Beauty
"155 Mercer St, Seattle, WA, 98109",Leo K. Theatre at Seattle Repertory Theatre,"by Melissa James Gibson, directed by Braden Abraham<br><br> <br><br> Four friends fast approaching the end of their 30s test the boundaries of their relationships in this piercing, beautifully crafted new play. The decidedly un-romantic comedy centers on a New York poet and single mother and her fling with a married friend that sets the group into a tailspin. A huge hit Off Broadway, don't miss this West Coast premiere.<br><br> <br><br> Recommended for ages 16 and above for profanity, adult situations.<br>			</p>    			<br><br>",,http://www.seattleperforms.com/sites/seattleperforms.com/images/event/440952888/th_small_medium.jpg,(206) 443-2222,This,http://www.seattlerep.org/Plays/1011/TS/,04/08/2011-05/15/2011,http://www.seattleperforms.com/event/detail/440952888/This
"400 E. University Ave., Ellensburg, WA, 98926",Central Washington University - McConnell Auditorium,"By William Wycherley<br> <br> <br> Linguistic energy, sharp social satire and a sexy romp, just about summarize William Wycherley&rsquo;s classic, Restoration comedy, The Country Wife. Written in 1675, this fast paced and rollicking comedy has lost none of its punch for contemporary audiences who will love the wonderful characters and ribald situations. The plot turns on two indelicate plot devices: a rake's trick of pretending impotence in order to have clandestine affairs with married women, and the arrival in London of an inexperienced young &quot;country wife&quot; and her discoveries of the joys of the big city and London men. Done in high style with beautiful costumes and high energy, this is a must see for those who love English period comedy.<br> <br> <br> Due to adult themes not appropriate for babes in arms or children under 13.			</p>    			<br><br>",boxoffice@cwu.edu,http://www.seattleperforms.com/sites/seattleperforms.com/images/event/440957681/the_country_wife_medium.jpg,509-963-1774,The Country Wife,http://www.cwu.edu/~theatre/tix/,05/05/2011-05/15/2011,http://www.seattleperforms.com/event/detail/440957681/The_Country_Wife
"7400 Sand Point Way NE, Seattle, WA, 98115",Magnuson Park Community Theatre,An ambivalent Cinderella? A blood-thirsty Little Red Riding Hood? A Prince Charming with a roving eye?  They're all among the cockeyed characters in this fractured fairy tale by Stephen Sondheim. What begins as an irreverent fantasy becomes a moving lesson about community responsibility and the stories we tell our children.			</p>    			<br><br>,ann@seattlemusicaltheatre.org,http://www.seattleperforms.com/sites/seattleperforms.com/images/org/32/seattlemusicaltheatre_medium.gif,206-363-2809,Into the Woods,http://seattlemusicaltheatre.org,04/29/2011-05/21/2011,http://www.seattleperforms.com/event/detail/440963825/Into_the_Woods
"400 E. University Ave., Ellensburg, WA, 98926",Central Washington University - McConnell Auditorium,"CTE will end the theatrical season with the annual Red Curtain Review, featuring the students in the Musical Theatre Performance program. Performing numbers from musicals from such diverse shows as Camelot to Beauty and the Beast, and Avenue Q, these talented performers will entertain you with their skills in singing, dancing, and acting. You will hear and see some of your favorite songs along with some new contemporary Tony award winning numbers. Be sure to come and see these young performers here, before many of them leave for the summer to perform in venues throughout the United States and Europe. <br> <br>Recommended for family audiences with children 8 and above.			</p>    			<br><br>",boxoffice@cwu.edu,http://www.seattleperforms.com/sites/seattleperforms.com/images/org/441/centraltheatreensemble_medium.jpg,509-963-1774,Red Curtain Review,http://www.cwu.edu/~theatre/tix,05/20/2011-05/22/2011,http://www.seattleperforms.com/event/detail/5558/Red_Curtain_Review
"155 Mercer Street, Seattle, WA, 98109",Bagley Wright Theatre at Seattle Repertory Theatre,"created and performed by Mike Daisey, directed by Jean-Michele Gregory<br><br> APR. 22—MAY 22, 2011<br><br> <br><br> Dubbed ""the master storyteller"" by The New York Times, the hilarious and razor-sharp Mike Daisey weaves together gonzo journalism, unscripted performance, and autobiographical tales that cut to the bone of some of the most captivating topics in American culture. Following a trail of technology all the way to China and back, Daisey turns his lens to Apple and Steve Jobs, asking the question, ""How did one obsessive man change the world to his liking—and at what cost?""<br><br> <br><br> Recommended for ages 14 and above for profanity.<br>			</p>    			<br><br>",,http://www.seattleperforms.com/sites/seattleperforms.com/images/event/440952889/sj_medium.jpg,(206) 443-2222,The Agony and the Ecstasy of Steve Jobs,http://www.seattlerep.org/Plays/1011/AE/,04/22/2011-05/22/2011,http://www.seattleperforms.com/event/detail/440952889/The_Agony_and_the_Ecstasy_of_Steve_Jobs
"400 E. University Ave., Ellensburg, WA, 98926",Central Washington University - McConnell Auditorium,"CTE will end the theatrical season with the annual Red Curtain Review, featuring the students in the Musical Theatre Performance program. Performing numbers from musicals from such diverse shows as Camelot to Beauty and the Beast, and Avenue Q, these talented performers will entertain you with their skills in singing, dancing, and acting. You will hear and see some of your favorite songs along with some new contemporary Tony award winning numbers. <br> Be sure to come and see these young performers here, before many of them leave for the summer to perform in venues throughout the United States and Europe.<br> Recommended for family audiences with children 8 and above.			</p>    			<br><br>",boxoffice@cwu.edu,http://www.seattleperforms.com/sites/seattleperforms.com/images/event/440957685/cte_medium.jpg,509-963-1774,Red Curtain Review,http://www.cwu.edu/~theatre/tix/,05/20/2011-05/22/2011,http://www.seattleperforms.com/event/detail/440957685/Red_Curtain_Review
"16587 NE 74th St, Redmond, WA, 98052",SecondStory Repertory Theatre,"By Robert and Willie Reale<br> Based on the stories written and illustrated by Arnold Lobel.<br> <br> Cheerful Frog and grumpy Toad awaken from their hibernation in the spring and spend a year planting gardens, swimming, raking leaves and sledding. Along the way, they learn the true value of friendship. Based on the beloved series of tales by Arnold Lobel.</p>			</p>    			<br><br>",boxoffice@secondstoryrep.org,http://www.seattleperforms.com/sites/seattleperforms.com/images/event/440968457/f&t_medium.jpg,(425) 881-6777,A Year with Frog and Toad,http://www.secondstoryrep.org,05/06/2011-05/22/2011,http://www.seattleperforms.com/event/detail/440968457/A_Year_with_Frog_and_Toad
"612 East 4th Ave, Olympia, WA, 98501",Capital Playhouse,"From the songwriting team who brought you Chicago and Cabaret we present a piece filled with heat, passion and Latin flare. Cell mates in a Latin American prison where torture and deprivation are the norm, Valentin and Molina form a close camaraderie in which they test the boundaries of love, friendship and fantasy. Richards Hinds (choreographer for last season’s Joseph…Dreamcoat) returns to direct and choreograph this multiple Tony Award® winning musical based on the novel by Manuel Puig. Kiss of the Spider Woman revamps a vexing tale of persecution into a stunning spectacle that contrasts gritty realities with liberating fantasies and explores the barrier between reality and the cinematic world that is created by the Spider Woman who kills with a kiss.<br>			</p>    			<br><br>",info@capitalplayhouse.com,http://www.seattleperforms.com/sites/seattleperforms.com/images/event/440952882/spiderwoman_medium.gif,360-943-2744,Kiss of the Spider Woman,http://www.capitalplayhouse.com/performances1011.html#kiss,05/05/2011-05/28/2011,http://www.seattleperforms.com/event/detail/440952882/Kiss_of_the_Spider_Woman
"3000 Landerholm Circle SE, Bellevue, WA, 98007",Stop Gap Theatre Bellevue College,"Celebration!<br> <br> <br> Book and lyrics by Tom Jones, Music by Harvey Schmidt<br> <br> <br> In a post apocalyptic world a young man fights with a corporate giant for his lost garden.  The girl between them is trying to keep her head above water and below bullets in this uplifting show by the authors/composers of The Fantastiks<br> <br> <br>			</p>    			<br><br>",,http://www.seattleperforms.com/sites/seattleperforms.com/images/org/486/bellevuecollege_medium.jpg,1-800-838-3006,Celebration: A Musical by Schmidt and Jones,http://bellevuecollege.edu/artshum/Drama/index.html,05/20/2011-05/28/2011,http://www.seattleperforms.com/event/detail/440958531/Celebration_A_Musical_by_Schmidt_and_Jones
"200 Madison Ave N, Bainbridge Island, WA, 98110",Bainbridge Performing Arts,"Chicago has everything that makes Broadway great: a universal tale of fame, fortune and all that jazz. </p> <p>Book by FRED EBB and BOB FOSSE. Music by JOHN KANDER. Lyrics by FRED EBB<br> </p>			</p>    			<br><br>",,http://www.seattleperforms.com/sites/seattleperforms.com/images/org/15/bainbridgeperformingarts_medium.jpg,,Chicago,http://www.bainbridgeperformingarts.org/Tickets_webtix.html,05/12/2011-05/29/2011,http://www.seattleperforms.com/event/detail/5432/Chicago
"7116 6th Ave, Tacoma, WA, 98406",Tacoma Musical Playhouse,"The story of a meddlesome widow who strives to bring romance to several couples and herself, Hello, Dolly! is a whirlwind race following the adventures of America's most beloved matchmaker at the turn of the twentieth century. This show has become one of the most enduring musical theater hits of all time, enjoying three Broadway revivals, international success and an Academy Award nominated film. This fabulous musical theater classic is a great way to celebrate Mother's Day, too!<br> <br><br> <br>			</p>    			<br><br>",,,253-565-6867,HELLO DOLLY!,http://www.tmp.org,05/06/2011-05/29/2011,http://www.seattleperforms.com/event/detail/5651/HELLO_DOLLY
"210 North I Street, Tacoma, WA, 98403",Tacoma Little Theatre,"music and lyrics by Pete Townshend, book by Pete Townshend and Des McAnuff<br> additional music and lyrics by John Entwistle and Keith Moon<br> April 29th through May 29th 2011<br> Friday and Saturday 7:30pm, Sunday 2:00pm<br> Pay What You Can: May 5, 2011 at 7:30pm<br> Actor Benefit: May 28, 2011 at 2:00pm<br> <br> The tony winning Rock Opera comes to Tacoma.  Based on The Who&rsquo;s 1969 concept album &ldquo;Tommy&rdquo; the musical follows a catatonic child &ndash; Tommy &ndash; from his tragic early life in the wake of the Second World War to his ascension to stardom as a pinball wizard, and the awakening of his humanity.</p>			</p>    			<br><br>",tlt@tacomalittletheatre.com,http://www.seattleperforms.com/sites/seattleperforms.com/images/event/440989777/tommyicon_medium.jpg,253-272-2281,The Who's TOMMY,http://www.tacomalittletheatre.com,04/29/2011-05/29/2011,http://www.seattleperforms.com/event/detail/440989777/The_Whos_TOMMY
,,"Based on the enchanting fairytale by Hans Christian Anderson, The Snow Queen tells the story of Kai and Gerda, the best of friends, until Kai falls under the spell of an evil wizard and becomes the slave of the imperious Snow Queen. It is up to Gerda to take a long journey into the frozen heart of winter, to find and save her friend. The Snow Queen is both a thrilling adventure and a fable about the healing power of love. <br> <br>Family Friendly			</p>    			<br><br>",boxoffice@cwu.edu,http://www.seattleperforms.com/sites/seattleperforms.com/images/org/441/centraltheatreensemble_medium.jpg,509-963-1774,The Snow Queen NW Tour,http://www.cwu.edu/~theatre/tix,04/26/2011-06/03/2011,http://www.seattleperforms.com/event/detail/5559/The_Snow_Queen_NW_Tour
"1308 5th Avenue, Seattle, WA, 98101",5th Avenue Theatre,"The slickest high rollers are in town, and they&rsquo;re depending on Nathan Detroit to score a secret spot for their floating crap game. Trouble is, he&rsquo;s $1,000 shy. Throw in Sarah Brown, who's short on sinners at the mission; Sky Masterson, who accepts Nathan's $1000 bet that he can't lure Sarah Brown to Havana; Miss Adelaide, who&rsquo;s desperate to marry Nathan; the meddling Police Lieutenant Brannigan; and the lively lyrics and music of Frank Loesser, and you've got an evening to remember&mdash;you can bet on it!</p>			</p>    			<br><br>",ticketing@5thavenue.org,http://www.seattleperforms.com/sites/seattleperforms.com/images/event/5635/guysanddolls-img01_medium.jpg,,Guys and Dolls,http://www.5thavenue.org,05/12/2011-06/05/2011,http://www.seattleperforms.com/event/detail/5635/Guys_and_Dolls
"7116 6th Ave, Tacoma, WA, 98406",Tacoma Musical Playhouse,"Miss Nelson's class is the worst behaved in the whole school. Spitballs flying across the room, paper airplanes sailing every which way, and uncontrollable children send the gentle, long-suffering teacher, Miss Nelson, over the edge. But the students of Room 207 are in for a surprise when Miss Nelson turns up missing and is replaced by Viola Swamp, the scariest substitute teacher ever. In desperation, the students set out to find their beloved Miss Nelson... but will they ever get her? Enduring lessons of appreciation and respect from the creator of Junie B. Jones and a Little Monkey Business!			</p>    			<br><br>",,,253-565-6867,MISS NELSON IS MISSING!,http://www.tmp.org,06/04/2011-06/12/2011,http://www.seattleperforms.com/event/detail/5652/MISS_NELSON_IS_MISSING
"402 Sixth St. S, Kirkland, WA, 98033",Studio East Mainstage Theater,Annie			</p>    			<br><br>,info@studio-east.org,http://www.seattleperforms.com/sites/seattleperforms.com/images/org/360/storybooktheaterstudioeast_medium.jpg,425-820-1800,Studio East presents Annie,http://www.studio-east.org/,05/20/2011-06/12/2011,http://www.seattleperforms.com/event/detail/5695/Studio_East_presents_Annie
"204 N. 85th St, Seattle, WA, 98103",Taproot Theatre,A West Coast Premiere. The girls' club pledge never promised camping would be easy...for the moms.  In the late night mayhem of a backwoods campout a storm rages outside. while a squall builds inside the cabin.</p> <br>			</p>    			<br><br>,,http://www.seattleperforms.com/sites/seattleperforms.com/images/org/159/taproottheatrecompany_medium.jpg,,Brownie Points,http://www.taproottheatre.org/buy-tickets,05/18/2011-06/18/2011,http://www.seattleperforms.com/event/detail/5657/Brownie_Points
"507 S 3rd St., Renton, WA, 98055",Renton Civic Theater,This superb example of the British farce had them rolling in the aisles in London and New York. A taxi driver gets away with having two wives in different areas of London because of his irregular working schedule. Complication is piled upon complication as the cabby tries to keep his double life from exploding. PG</p>			</p>    			<br><br>,boxoffice@rentoncivictheater.org,http://www.seattleperforms.com/sites/seattleperforms.com/images/event/440989865/rentoncivictheaterlogo30_medium.jpg,425-226-5529,Run For Your Wife by Ray Cooney directed by Kent Phillips,http://www.rentoncivictheater.org,06/03/2011-06/18/2011,http://www.seattleperforms.com/event/detail/440989865/Run_For_Your_Wife_by_Ray_Cooney_directed_by_Kent_Phillips
"1500 Summit Ave, Seattle, WA, 98122",Theater Schmeater,"Adapted for the stage by Erika Anne Soerensen		<br><br> Seattle Premier!<br><br> Directed by J.D. Lloyd<br><br> <br><br> “Why can’t I be Ms. Pink?” becomes the question of the moment in this gender reversal of Quentin Tarantino’s cult classic, Reservoir Dogs.  The groundbreaking cinematic tale of a caper gone terribly wrong transferred to the stage, Reservoir Dolls is packed with gun-toting gals with killer smiles and serious intentions.  <br><br> 			</p>    			<br><br>",Support@BrownPaperTickets.com,http://www.seattleperforms.com/sites/seattleperforms.com/images/org/169/theaterschmeater_medium.jpg,1-800-838-3006,Reservoir Dolls,http://www.schmeater.org/plays/2011/reservoirdolls/,05/20/2011-06/18/2011,http://www.seattleperforms.com/event/detail/441070089/Reservoir_Dolls
"507 S 3rd St., Renton, WA, 98055",Renton Civic Theater,"A teaching nun, who is much concerned with sin in all of its forms, delivers a cautionary lecture to her charges. When several of her former students turn up the picture darkens, along with Sister Mary's indigna-tion. Their stories are disturbingly funny&mdash;and it is quickly apparent that one thing they all have in common is their loathing for Sister Mary.</p>			</p>    			<br><br>",boxoffice@rentoncivictheater.org,http://www.seattleperforms.com/sites/seattleperforms.com/images/event/440989889/rentoncivictheaterlogo30_medium.jpg,425-226-5529,Sister Mary Ignatius explains it all for you:,http://www.rentoncivictheater.org,06/12/2011-06/20/2011,http://www.seattleperforms.com/event/detail/440989889/Sister_Mary_Ignatius_explains_it_all_for_you
"16587 NE 74th St, Redmond, WA, 98052",SecondStory Repertory Theatre,"By Ernest Thompson <br> Norman and Ethel spend every summer at their lake house in Maine. When their daughter visits one year, she brings a boyfriend and his son along &ndash; hoping her parents will look after the boy while she and her fianc&eacute; go off traveling. A heartwarming play about relationships that sometimes take a lifetime to unfold.</p>			</p>    			<br><br>",boxoffice@secondstoryrep.org,http://www.seattleperforms.com/sites/seattleperforms.com/images/event/440968449/on_golden_medium.jpg,(425) 881-6777,On Golden Pond,http://www.secondstoryrep.org,06/03/2011-06/25/2011,http://www.seattleperforms.com/event/detail/440968449/On_Golden_Pond
"303 Front Street North, Issaquah, WA, 98027",Village Theatre,"Jesus Christ Superstar <br>Music by Andrew Lloyd Webber <br>Lyrics by Tim Rice <br> <br>Exploding onto the Mainstage is the groundbreaking theatrical masterpiece Jesus Christ Superstar by legendary writing team Andrew Lloyd Webber and Tim Rice. This extraordinary rock opera highlights the struggles of Jesus of Nazareth and Judas Iscariot during the last week of Jesus's life. With a vibrant score of chart-topping hits like ""Superstar"" and ""I Don't Know How to Love Him,"" Superstar is timeless and tremendously powerful.  <br>			</p>    			<br><br>",boxoffice@villagetheatre.org,,425-392-2202,Jesus Christ Superstar,,05/12/2011-07/03/2011,http://www.seattleperforms.com/event/detail/5387/Jesus_Christ_Superstar
"305 Harrison Street, Seattle, WA, 98109",Seattle Center House,"Jim Lynch's (The Highest Tide) second novel explores division - between the natural world and everyday human experience, between communities, and individuals. It's also a hopeful vision of the commonalities we can discover if we look at things just a little differently, the way Brandon Vanderkool - a 6'8"" dyslexic, bird watcher who joins the Border Patrol - does. Lynch's masterful use of metaphor unlocks these divisions and commonalities and offer an extraordinary potential for a dramatic re-telling in the Book-It Style (tm). 			</p>    			<br><br>",,http://www.seattleperforms.com/sites/seattleperforms.com/images/org/21/bookitrepertorytheatre_medium.jpg,206.216.0833,Border Songs,,06/08/2011-07/03/2011,http://www.seattleperforms.com/event/detail/5601/Border_Songs
"2710 Wetmore Avenue, Everett, WA, 98201",Everett Performing Arts Center,"Jesus Christ Superstar <br>Music by Andrew Lloyd Webber <br>Lyrics by Tim Rice <br> <br>Exploding onto the Mainstage is the groundbreaking theatrical masterpiece Jesus Christ Superstar by legendary writing team Andrew Lloyd Webber and Tim Rice. This extraordinary rock opera highlights the struggles of Jesus of Nazareth and Judas Iscariot during the last week of Jesus's life. With a vibrant score of chart-topping hits like ""Superstar"" and ""I Don't Know How to Love Him,"" Superstar is timeless and tremendously powerful.			</p>    			<br><br>",boxofficeeverett@villagetheatre.org,,425-257-8600,Jesus Christ Superstar - Everett,,07/08/2011-07/31/2011,http://www.seattleperforms.com/event/detail/5388/Jesus_Christ_Superstar_Everett
"7116 6th Ave, Tacoma, WA, 98406",Tacoma Musical Playhouse,"The long-awaited TMP production of the dance spectacular, CATS!<br><br> Based on the universally popular poetry of T.S. Eliot, CATS tells the story, in song and dance, of the annual gathering of Jellicle cats at which time one special cat is selected to ascend to the Heaviside layer. A true musical theater phenomenon, CATS opened at London's New London Theatre on May 11, 1981 and ran for a record-setting 21 years. It remains the second-longest running show in Broadway history.<br> <br><br> <br><br> <br>			</p>    			<br><br>",,,253-565-6867,CATS!,http://www.tmp.org,07/08/2011-07/31/2011,http://www.seattleperforms.com/event/detail/5653/CATS
"1308 5th Avenue, Seattle, WA, 98101",5th Avenue Theatre,"Hold onto your seat and prepare to be swept away to the rugged plains of Oklahoma. This much-loved, time-honored classic tells the tale of a young Laurie and her quest to find true love and the American Dream. Can farmers and cowmen be friends? Will Ado Annie learn to say no? Will Curly ever be able to give Laurie the life she wants&mdash;and that surrey with the fringe on the top? There&rsquo;s only one way to find out. Join us for an unforgettable evening in Oklahoma!</p>			</p>    			<br><br>",ticketing@5thavenue.org,http://www.seattleperforms.com/sites/seattleperforms.com/images/event/5636/oklahoma-img01_medium.jpg,,Oklahoma!,http://www.5thavenue.org,07/08/2011-08/06/2011,http://www.seattleperforms.com/event/detail/5636/Oklahoma
"204 N. 85th St, Seattle, WA, 98103",Taproot Theatre,&quot;The butler didn't do it!&quot; So starts this murder mystery musical that has been delighting audiences for decades.  When wealthy Lord Rancour is found dead at his lakeside estate. the race to find out whodunit begins.  Filled with booby-traps and belted so</p>			</p>    			<br><br>,,http://www.seattleperforms.com/sites/seattleperforms.com/images/org/159/taproottheatrecompany_medium.jpg,,Something's Afoot,http://www.taproottheatre.org/buy-tickets,07/13/2011-08/13/2011,http://www.seattleperforms.com/event/detail/5658/Somethings_Afoot
"1500 Summit Ave, Seattle, WA, 98122",Theater Schmeater,"By Joseph Scrimshaw<br> Directed by Peggy Gannon<br> <br> Joseph Scrimshaw&rsquo;s hilarious audience participation couples comedy is back at The Schmee by popular demand!   A first date to remember.  Will the couple leave together or will they end up ancient, alone and embittered?  And are these two choices mutually exclusive?  Choose the white wine or the red, the soup or the salad, it&rsquo;s all up to the audience in this summer pleaser.</p>			</p>    			<br><br>",Support@BrownPaperTickets.com,http://www.seattleperforms.com/sites/seattleperforms.com/images/org/169/theaterschmeater_medium.jpg,1-800-838-3006,Adventures in Mating,http://www.schmeater.org/plays/2011/adventuresinmating2011/,07/22/2011-08/20/2011,http://www.seattleperforms.com/event/detail/441070091/Adventures_in_Mating
"8703 160th Avenue NE, Redmond, WA, 98052",Fred W Meitzer Theater,This wildly warm-hearted theatrical experience kicks off when the Music Hall Royale (a hilariously loony Victorian musical troupe) &quot;puts on&quot; its flamboyant rendition of the unfinished Dickens classic 'The Mystery of Edwin Drood.'</p>			</p>    			<br><br>,ticketing@redwoodtheatre.org,http://www.seattleperforms.com/sites/seattleperforms.com/images/event/441020963/drood_thumb_medium.jpg,(425) 522-3730,The Mystery of Edwin Drood,http://redwoodtheatre.org/2011/drood.html,09/30/2011-10/15/2011,http://www.seattleperforms.com/event/detail/441020963/The_Mystery_of_Edwin_Drood
"1500 Summit Ave, Seattle, WA, 98122",Theater Schmeater,"Written and directed by Wayne Rawley.<br><br> <br><br> Doug Sample is going to kill himself at the end of his shift.  But he is going to do it on his terms; with all his friends and relatives, and the Doug Sample Dancers!  Local playwright Wayne Rawley’s return to The Schmee.			</p>    			<br><br>",Support@BrownPaperTickets.com,http://www.seattleperforms.com/sites/seattleperforms.com/images/org/169/theaterschmeater_medium.jpg,1-800-838-3006,Live!  From the Last Night of My Life,http://www.schmeater.org/plays/2011/livefromthelastnight/,09/16/2011-10/15/2011,http://www.seattleperforms.com/event/detail/441070097/Live_From_the_Last_Night_of_My_Life
"204 N. 85th St, Seattle, WA, 98103",Taproot Theatre,Dandies and diamonds swirl in and out of this comedic classic.  Sir Chiltern appears to be the ideal husband. until a choice from early in his career comes back to haunt him.  Can he be restored to his adoring wife or will the truth be everyone's undoing?</p>			</p>    			<br><br>,,http://www.seattleperforms.com/sites/seattleperforms.com/images/org/159/taproottheatrecompany_medium.jpg,,An Ideal Husband,http://www.taproottheatre.org/buy-tickets,09/21/2011-10/22/2011,http://www.seattleperforms.com/event/detail/5659/An_Ideal_Husband
"1500 Summit Ave, Seattle, WA, 98122",Theater Schmeater,"By Craig Lucas<br> Directed by TBA <br> <br> The holidays are the hardest time of year for many, but for Rachel, finding out about her husband&rsquo;s contract on her life made it an exceptionally memorable Christmas.  Victim of circumstance or just plan unlucky, Rachel goes on the lam and discovers love, lies and the latitudes of freedom in Lucas&rsquo; enduring comedy.</p>			</p>    			<br><br>",Support@BrownPaperTickets.com,http://www.seattleperforms.com/sites/seattleperforms.com/images/org/169/theaterschmeater_medium.jpg,1-800-838-3006,Reckless,http://www.schmeater.org/plays/2011/reckless/,11/18/2011-12/17/2011,http://www.seattleperforms.com/event/detail/441070095/Reckless
,,"By Mike Kenny<br> <br> based on the Story by Hans Christian Andersen<br> <br> <br> Available for Libraries, Community Theatres and Schools throughout the Northwest<br> <br> <br> April 28 through June 3, 2011.<br> <br> Based on the enchanting fairytale by Hans Christian Anderson, The Snow Queen tells the story of Kai and Gerda, the best of friends, until Kai falls under the spell of an evil wizard and becomes the slave of the imperious Snow Queen. It is up to Gerda to take a long journey into the frozen heart of winter, to find and save her friend. The Snow Queen is both a thrilling adventure and a fable about the healing power of love.<br> <br> <br> Family Friendly			</p>    			<br><br>",boxoffice@cwu.edu,http://www.seattleperforms.com/sites/seattleperforms.com/images/event/440957675/snow_medium.jpg,509-963-1774,The Snow Queen - NW Tour,http://www.cwu.edu/~theatre/tix/,04/28/2011-06/03/2011,http://www.seattleperforms.com/event/detail/440957675/The_Snow_Queen_NW_Tour
"200 Madison Ave N, Bainbridge Island, WA, 98110",Bainbridge Performing Arts,"The Bainbridge Symphony Orchestra&rsquo;s February concerts weave together works inspired by the cycles of day and night, light and dark, and the sun and moon. Enjoy Debussy&rsquo;s Clair de lune and other masterworks. Featuring Guest Conductor Julia Tai and Guest Violinist Sophia Stoyanovich.</p>			</p>    			<br><br>",,http://www.seattleperforms.com/sites/seattleperforms.com/images/org/220147497/bainbridgesymphony_medium.jpg,,Dusk to Dawn,http://www.bainbridgeperformingarts.org/Performances/Music/BSONov10.html,02/26/2011-02/27/2011,http://www.seattleperforms.com/event/detail/440932453/Dusk_to_Dawn
"710 East Roy Street, Seattle, WA, 98102","PONCHO Concert Hall, Kerry Hall","Catch dynamic drummer and composer John Hollenbeck and his 19-piece ensemble featuring vocalist Theo Bleckmann and pianist Gary Versace in this very special, one-night-only performance.			</p>    			<br><br>",,http://www.seattleperforms.com/sites/seattleperforms.com/images/event/440952739/johnhollenbeck1_20x13_300dpi_pakzad_medium.jpg,,John Hollenbeck Large Ensemble,http://www.cornish.edu/music/series,03/03/2011,http://www.seattleperforms.com/event/detail/440952739/John_Hollenbeck_Large_Ensemble
"710 East Roy Street, Seattle, WA, 98102","PONCHO Concert Hall, Kerry Hall","Join us for this special masterclass with the acclaimed Debussy Quartet consisting of Christophe Collette (violin), Dorian Lamotte (violin), Vincent Deprecq (viola), and Yannick Callier (cello).			</p>    			<br><br>",,http://www.seattleperforms.com/sites/seattleperforms.com/images/event/440952745/cornish_logo_rgb_medium.jpg,,Master Class with the Debussy Quartet,http://www.cornish.edu/music/series,03/04/2011,http://www.seattleperforms.com/event/detail/440952745/Master_Class_with_the_Debussy_Quartet
"710 East Roy Street, Seattle, WA, 98102","PONCHO Concert Hall, Kerry Hall","Innovative bassoonist and composer Seth Krimsky presents an imaginative program exploring improvisation and virtuosity and encompassing works from the 16th and 17th century by Diego Ortiz and Antonio Vivaldi to the present. Fellow Cornish faculty members Stephen Stubbs (lute) and Joe Kaufman (bass) join Krimsky for this recital that concludes with Krimsky&rsquo;s genre-bending new works for electric bassoon, electric bass, pedal steel guitar, and drums.			</p>    			<br><br>",,http://www.seattleperforms.com/sites/seattleperforms.com/images/event/440952757/seth_krimsky_medium.jpg,,Seth Krimsky,http://www.cornish.edu/music/series,03/04/2011,http://www.seattleperforms.com/event/detail/440952757/Seth_Krimsky
"710 East Roy Street, Seattle, WA, 98102","PONCHO Concert Hall, Kerry Hall","Pianist, composer, and Cornish faculty member Jovino Santos Neto leads his Quinteto consisting of Harvey Wainapel on clarinet and saxophones, Ben Thomas on vibraphone and bandon&eacute;on, Chuck Deardorf on bass, Jeff Busch on percussion, and Mark Ivester on drums.			</p>    			<br><br>",,http://www.seattleperforms.com/sites/seattleperforms.com/images/event/440952765/jovino_2007_hi-res_medium.jpg,,Jovino Santos Neto Quinteto,http://www.cornish.edu/music/series,03/05/2011,http://www.seattleperforms.com/event/detail/440952765/Jovino_Santos_Neto_Quinteto
"710 East Roy Street, Seattle, WA, 98102","PONCHO Concert Hall, Kerry Hall","Master lutenist and theorbo player Thomas Boysen conducts this masterclass, sure to be of interest to all aficionados of baroque music.			</p>    			<br><br>",,http://www.seattleperforms.com/sites/seattleperforms.com/images/event/440952775/cornish_logo_rgb_medium.jpg,,Master Class with Thomas Boysen,http://www.cornish.edu/music/series,03/07/2011,http://www.seattleperforms.com/event/detail/440952775/Master_Class_with_Thomas_Boysen
"710 East Roy Street, Seattle, WA, 98102","PONCHO Concert Hall, Kerry Hall","Described as &ldquo;the Yo Yo Ma of the viol,&rdquo; internationally renowned viola da gamba virtuoso Paolo Pandolfo presents a masterclass you won&rsquo;t soon forget.			</p>    			<br><br>",,http://www.seattleperforms.com/sites/seattleperforms.com/images/event/440952781/paolo_pandolfo_420x420_by_evy_ottermans_medium.jpg,,Master Class with Paolo Pandolfo,http://www.cornish.edu/music/series,03/07/2011,http://www.seattleperforms.com/event/detail/440952781/Master_Class_with_Paolo_Pandolfo
"710 East Roy Street, Seattle, WA, 98102","PONCHO Concert Hall, Kerry Hall",Join us to hear the dynamic Guitar Duo Melis of Susana Prieto (Spain) and Alexis Muzurakis (Greece) in the third of four special guitar masterclasses co-presented with the Seattle Classic Guitar Society.			</p>    			<br><br>,,http://www.seattleperforms.com/sites/seattleperforms.com/images/event/440952785/cornish_logo_rgb_medium.jpg,,Master Class with Duo Melis,http://www.cornish.edu/music/series,03/13/2011,http://www.seattleperforms.com/event/detail/440952785/Master_Class_with_Duo_Melis
"710 East Roy Street, Seattle, WA, 98102","PONCHO Concert Hall, Kerry Hall","Join us as five of the finest baroque wind players anywhere&mdash;Janet See, flute; Gonzalo Ruiz, oboe; R.J. Kelley, horn; Danny Bond, bassoon; and Kris Kwapis, trumpet&mdash;demonstrate some of the finer points of baroque performance practices and coach aspiring early music students in this special master class.			</p>    			<br><br>",,http://www.seattleperforms.com/sites/seattleperforms.com/images/event/440952793/gonzaloruiz-march2009_medium.jpg,,Master Class with Baroque Winds,,03/26/2011,http://www.seattleperforms.com/event/detail/440952793/Master_Class_with_Baroque_Winds
"710 East Roy Street, Seattle, WA, 98102","PONCHO Concert Hall, Kerry Hall","Ilia Radoslavov, last year&rsquo;s grand-prize winner of the Seattle International Piano Competition, presents a solo recital including Beethoven&rsquo;s Sonata Op. 109, Bulgarian composer Pancho Vladigerov&rsquo;s Improvisation &amp; Toccata, and Mussorgsky&rsquo;s Pictures at an Exhibition.			</p>    			<br><br>",,http://www.seattleperforms.com/sites/seattleperforms.com/images/event/440952799/ilia_radoslavov_-_photo_medium.jpg,,Ilia Radoslavov,http://www.cornish.edu/music/series,04/04/2011,http://www.seattleperforms.com/event/detail/440952799/Ilia_Radoslavov
"710 East Roy Street, Seattle, WA, 98102","PONCHO Concert Hall, Kerry Hall","Gamelan Gadhon, soft-style music from the classical repertoire of Central Java, featuring Gamelan Pacifica and special guest Sutrisno Hartana.			</p>    			<br><br>",,http://www.seattleperforms.com/sites/seattleperforms.com/images/event/440952801/cornish_logo_rgb_medium.jpg,,Gamelan Gadhon,http://www.cornish.edu/music/series,04/09/2011,http://www.seattleperforms.com/event/detail/440952801/Gamelan_Gadhon
"200 Madison Ave N, Bainbridge Island, WA, 98110",Bainbridge Performing Arts,"The closing concert of BSO&rsquo;s 2010-2011 Season celebrates the youthful genius of Mozart, Mendelssohn, and Saint-S&auml;ens - just a few of the composers who revealed their talent at an early age. The program highlights works by these masters from early and late in their careers and features Thomas Monk, Barbara Deppe, Susan Scott, and Judith Lawrence as soloists in Haydn&rsquo;s Sinfonia Concertante for violin, &lsquo;cello, oboe, and bassoon.</p>			</p>    			<br><br>",,http://www.seattleperforms.com/sites/seattleperforms.com/images/org/220147497/bainbridgesymphony_medium.jpg,,The Light of Genius,http://www.bainbridgeperformingarts.org/Performances/Music/BSONov10.html,04/09/2011-04/10/2011,http://www.seattleperforms.com/event/detail/440932457/The_Light_of_Genius
"710 East Roy Street, Seattle, WA, 98102","PONCHO Concert Hall, Kerry Hall","Pianists Amy Williams and Helena Bugallo perform Cage&rsquo;s Three Dances for Two Pianos (1945) for two prepared pianos along with newly commissioned works by Carola Bauckholt (Germany), Pamela Madsen (US), and others.			</p>    			<br><br>",,http://www.seattleperforms.com/sites/seattleperforms.com/images/event/440952809/cornish_logo_rgb_medium.jpg,,Bugallo Williams Piano Duo,http://www.cornish.edu/music/series,04/15/2011,http://www.seattleperforms.com/event/detail/440952809/Bugallo_Williams_Piano_Duo
"710 East Roy Street, Seattle, WA, 98102","PONCHO Concert Hall, Kerry Hall","Join us for Jazz into Blues: An Evening with Kelly Harland. Backed by her stellar quartet, Kelly Harland sings familiar jazz standards from her acclaimed Origin recordings then rolls into a set of full-on, hard driving blues.			</p>    			<br><br>",,http://www.seattleperforms.com/sites/seattleperforms.com/images/event/440952811/cornish_logo_rgb_medium.jpg,,Kelly Harland,http://www.cornish.edu/music/series,04/16/2011,http://www.seattleperforms.com/event/detail/440952811/Kelly_Harland
"710 East Roy Street, Seattle, WA, 98102","PONCHO Concert Hall, Kerry Hall",The always inventive odeonquartet and special guests present a retrospective of the music of the contemporary Argentinean-American composer Osvaldo Golijov.			</p>    			<br><br>,,http://www.seattleperforms.com/sites/seattleperforms.com/images/event/440952817/cornish_logo_rgb_medium.jpg,,The Odeonquartet plays Osvaldo Golijov,http://www.cornish.edu/music/series,04/22/2011,http://www.seattleperforms.com/event/detail/440952817/The_Odeonquartet_plays_Osvaldo_Golijov
"710 East Roy Street, Seattle, WA, 98102","PONCHO Concert Hall, Kerry Hall","The two major traditions of Indian classical music, Hindustani and Carnatic, unite for a single night in the mingled voices of two of the art forms&rsquo; rising musicians. Join us for this concert featuring North Indian vocalist Arijit Mahalanabis and the much heralded South Indian vocalist Abhishek Raghuram.			</p>    			<br><br>",,http://www.seattleperforms.com/sites/seattleperforms.com/images/event/440952821/cornish_logo_rgb_medium.jpg,,India: North and South,http://www.cornish.edu/music,04/23/2011,http://www.seattleperforms.com/event/detail/440952821/India_North_and_South
"9673 Firdale Ave., Edmonds, WA, 98020",Phoenix Theatre,"In this romantic comedy set in the midst of a dysfunctional family reunion, Joe Todd hires Renee Duchene to pose as his fiancÃ© for an evening so that he can impress his father, Ivan. Ivan is coming for a rare visit, and Joe and his sister Carrie are suspicious of his motives. What can possibly go wrong? Norm Foster does it again in this hilarious comedy of family values and dysfunctional relationships. <br> <br>			</p>    			<br><br>",phoenixtheatreinfo.@gmail.com,http://www.seattleperforms.com/sites/seattleperforms.com/images/org/554/phoenixtheatre_medium.jpg,206-533-2000,Drinking Alone by Norm Foster,http://www.brownpapertickets.com/event/108926,02/04/2011-02/27/2011,http://www.seattleperforms.com/event/detail/5496/Drinking_Alone_by_Norm_Foster
"710 East Roy Street, Seattle, WA, 98102","PONCHO Concert Hall, Kerry Hall",Join us to hear Marcin Dylla in this season&rsquo;s final guitar masterclass co-presented with the Seattle Classic Guitar Society.			</p>    			<br><br>,,http://www.seattleperforms.com/sites/seattleperforms.com/images/event/440952823/cornish_logo_rgb_medium.jpg,,Master Class with Marcin Dylla,http://www.cornish.edu/music/series,05/08/2011,http://www.seattleperforms.com/event/detail/440952823/Master_Class_with_Marcin_Dylla
"4th Ave. S.W. and S.W. 146th Street, Burien, WA, 98166",Burien Community Center,"In this clever offbeat comedy, a doctor hires a maid who hates to clean, but who is in search of the perfect joke.  To cover for the maid, the doctors sister secretly takes over the housecleaning.  In the laundry the sister finds foreign underwear.  As the doctors marriage unravels, true love emerges and the perfect joke is found.			</p>    			<br><br>",tickets@burienlittletheatre.org,,206-242-5180,The Clean House,http://www.burienlittletheatre.org,02/11/2011-03/06/2011,http://www.seattleperforms.com/event/detail/5581/The_Clean_House
"9673 Firdale Ave., Edmonds, WA, 98020",Phoenix Theatre,"Charlie returns to his childhood home after his Da's funeral only to find that his father's ghost is stubbornly unwilling to leave the house. As the events of Charlie's youth are replayed we discover the comic, bittersweet relationship that existed between father and son. <br> <br>			</p>    			<br><br>",phoenixtheatreinfo@gmail.com,http://www.seattleperforms.com/sites/seattleperforms.com/images/org/554/phoenixtheatre_medium.jpg,206-533-2000,Da by Hugh Leonard,http://www.brownpapertickets.com/event/108926,04/01/2011-04/24/2011,http://www.seattleperforms.com/event/detail/5497/Da_by_Hugh_Leonard
"950 Main Street, Edmonds, WA, 98020",The Wade James Theatre,Rosencrantz & Guildenstern Are Dead			</p>    			<br><br>,info@driftwoodplayers.com,http://www.seattleperforms.com/sites/seattleperforms.com/images/org/45/edmondsdriftwoodplayers_medium.jpg,485-774-9600,Rosencrantz & Guildenstern Are Dead,,05/05/2011-05/08/2011,http://www.seattleperforms.com/event/detail/5705/Rosencrantz_Guildenstern_Are_Dead
"400 E. University Ave., Ellensburg, WA, 98926",Central Washington University - McConnell Auditorium,"Linguistic energy, sharp social satire and a sexy romp, just about summarize William Wycherley's classic, Restoration comedy, The Country Wife. Written in 1675, this fast paced and rollicking comedy has lost none of its punch for contemporary audiences who will love the wonderful characters and ribald situations. The plot turns on two indelicate plot devices: a rake's trick of pretending impotence in order to have clandestine affairs with married women, and the arrival in London of an inexperienced young ""country wife"" and her discoveries of the joys of the big city and London men. Done in high style with beautiful costumes and high energy, this is a must see for those who love English period comedy. <br> <br>Due to adult themes not appropriate for babes in arms or children under 13. 			</p>    			<br><br>",boxoffice@cwu.edu,http://www.seattleperforms.com/sites/seattleperforms.com/images/org/441/centraltheatreensemble_medium.jpg,509-963-1774,The Country Wife,http://www.cwu.edu/~theatre/tix,05/05/2011-05/15/2011,http://www.seattleperforms.com/event/detail/5557/The_Country_Wife
"4711 California Ave SW, Seattle, WA, 98116",ArtsWest Playhouse,"In Shipwrecked! An Entertainment, three performers enact a dazzling adventure tale using the simple magic of the theater. In tones somewhere between storybook narrator and sideshow barker, a middle-aged charmer named Louis de Rougemont unfolds a tale of sailing to a South Seas paradise to dive for pearls, evade monsters of the deep, and survive for decades among the natives. Two other actors not only play all the remaining roles, from a crusty sea captain to a trusty dog, they also create a world of live sound effects that bring the globe-spanning story to life. Written by the Pulitzer Prize winning author of Collected Stories and Dinner with Friends, this raucous fantasy challenges audiences to think about the delicate dance between truth and fiction - are the lives we lead enough to make a mark on the world, and in the grand scheme of things, does that matter? Recommended for ages 9 and older. <br>""Shipwrecked! is a literate romp!"" ""“ Los Angeles Times <br>			</p>    			<br><br>",boxoffice@artswest.org,,206-938-0339,Shipwrecked! An Entertainment,https://www.choicesecure01.net/mainapp/eventschedule.aspx?clientID=artswest,04/27/2011-05/21/2011,http://www.seattleperforms.com/event/detail/5517/Shipwrecked_An_Entertainment
"2710 Wetmore Avenue, Everett, WA, 98201",Everett Performing Arts Center,"Iron Curtain  <br>Book by Susan DiLallo  <br>Music by Stephen Weiner  <br>Lyrics by Peter Mills  <br> <br>There's no Communism like Show-Communism! When the Soviets set out to create a Broadway musical, they decide they'll need to bring in some real New York writers - by force, if necessary. Enter Howard and Murray, two down and out musical theatre writers, who are on the brink of throwing in the towel. Kidnapped, taken to Moscow, and forced to fix the worst musical ever written, these two characters suddenly find themselves working under the gun""¦literally! With an uproarious and upbeat score, Iron Curtain is a knock 'em down hit with laughs at every corner.  <br>			</p>    			<br><br>",boxofficeeverett@villagetheatre.org,,425-257-8600,Iron Curtain - Everett,,04/29/2011-05/22/2011,http://www.seattleperforms.com/event/detail/5386/Iron_Curtain_Everett
"9673 Firdale Ave., Edmonds, WA, 98020",Phoenix Theatre,"Combine three unhappy women, three oblivious husbands, a dozen golf balls, and a faulty walk-in freezer and voila! You have the perfect recipe for a wickedly dark comedy. A dull dinner party takes a sinister turn when Nicky, Debra, and Molly debate the pros and cons of widowhood. Given the chance to make their husbands vanish without fear of consequence, will they? <br>			</p>    			<br><br>",phoenixtheatreinfo@gmail.com,http://www.seattleperforms.com/sites/seattleperforms.com/images/org/554/phoenixtheatre_medium.jpg,206-533-2000,The Smell of the Kill by Michelle Lowe,http://www.brownpapertickets.com/event/108926,06/03/2011-06/26/2011,http://www.seattleperforms.com/event/detail/5498/The_Smell_of_the_Kill_by_Michelle_Lowe
"950 Main Street, Edmonds, WA, 98020",The Wade James Theatre,Born Yesterday by Garson Kanin			</p>    			<br><br>,info@driftwoodplayers.com,http://www.seattleperforms.com/sites/seattleperforms.com/images/org/45/edmondsdriftwoodplayers_medium.jpg,425-774-9600,Born Yesterday,,06/10/2011-06/26/2011,http://www.seattleperforms.com/event/detail/5706/Born_Yesterday
"11100 Northeast 6th Street, Bellevue, WA, 98004",Meydenbauer Theatre,"This superb example of British farce had them rolling in the aisles in London and New York.  A taxi driver gets away with having two wives in different areas of London because of his irregular work schedule.  The cabby tries to keep his double life from exploding in the wake of complication after complication.  ""Non-stop action and laughs!"" <br>			</p>    			<br><br>",,http://www.seattleperforms.com/sites/seattleperforms.com/images/org/19/bellevuecivictheater_medium.gif,425-235-5087,Run for Your Wife,http://www.brownpapertickets.com,07/15/2011-07/23/2011,http://www.seattleperforms.com/event/detail/5483/Run_for_Your_Wife
"7312 W. Green Lake Dr. N., Seattle, WA, 98103",Bathhouse Theater,"What does it mean to be truly happy? Explore the meaning March 18th-April 10th, 2011 in the tragically funny drama The Happy Ones by Julie Marie Myatt.  When tragedy strikes Walter, the only person who can help him reclaim his life is the person who inadvertently destroyed it. The Happy Ones is an uplifting ­ and, surprisingly funny, ­new play by a rising star in American theater.<br><br> <br><br> Featuring David Hsieh, Macall Gordon, Shawn Law, and K. Brian Neel<br><br> <br><br> Directed By David Gassner<br><br> <br><br> The show runs approximately 2 hours with one 15-minute intermission. <br><br> <br><br> Some Language: Recommended for ages 10 and up at parents' discretion			</p>    			<br><br>",boxoffice@seattlepublictheater.org,http://www.seattleperforms.com/sites/seattleperforms.com/images/event/441089121/eventpic-happyones_medium.jpg,206-524-1300,The Happy Ones,http://www.seattlepublictheater.org,03/17/2011-04/10/2011,http://www.seattleperforms.com/event/detail/441089121/The_Happy_Ones
"4248 S. 288th St., Auburn, WA, 98001",Thomas Jefferson High School's Little Theatre,Everyone&rsquo;s favorite knothead gets an extreme makeover in this hip and hilarious musical adaptation of the classic tale of a talking puppet who gets into all kinds of trouble before learning what it truly means to be human.</p>			</p>    			<br><br>,,http://www.seattleperforms.com/sites/seattleperforms.com/images/event/441091387/nostringsa_medium.jpg,,No Strings Attached,http://www.rosebudctc.org,07/29/2011-07/31/2011,http://www.seattleperforms.com/event/detail/441091387/No_Strings_Attached
"419 Washington Street, Port Townsend, WA, 98368",Key City Playhouse,"Friday, December 2 &mdash; Friday, December 23<br> (Preview Thu Dec 1)<br> <br> Key City Public Theatre presents &ldquo;The Best Christmas Pageant Ever&rdquo; by Barbara Robinson, directed by Denise Winter. <br> <br> The Herdmans are the worst kids in the history of the world. They lie, cheat and steal, and they've never even heard the Christmas story before.<br> <br> So when they take over the annual church Christmas pageant, it becomes seriously unusual.  And -- just possibly -- the best one ever.<br> <br> Performances Dec 1 - 23 at Key City Playhouse, 419 Washington St., Port Townsend. Evenings shows Weds &amp; Thurs at 7:00 p.m.; Fri &amp; Sat at 8:00 p.m.; Sun matinees at 2:30 p.m. <br> <br> For more info, call 360-385-7396 or visit keycitypublictheatre.org.</p>			</p>    			<br><br>",,http://www.seattleperforms.com/sites/seattleperforms.com/images/org/400/keycitypublictheatre_medium.jpg,360-379-0195,"""The Best Christmas Pageant Ever"" by Barbara Robinson",http://www.keycitypublictheatre.org,12/01/2011-12/23/2011,http://www.seattleperforms.com/event/detail/441089047/The_Best_Christmas_Pageant_Ever_by_Barbara_Robinson
"200 Madison Ave N, Bainbridge Island, WA, 98110",Bainbridge Performing Arts,"Featuring Guest Conductor Julia Tai and Guest Violinist Sophia Stoyanovich<br> Journey through the night with the spooky Night on Bald Mountain by Mussorgsky, the evening romance of the Violin Concerto in D by Tchaikovsky, the beautiful moonlight of Debussy&rsquo;s Claire de Lune, and finally the morning awakening in Grieg&rsquo;s Peer Gynt Suite No. 1.<br> Music acquisition for the BSO&rsquo;s 2010-2011 Season was funded by the Fletcher Bay Foundation.<br> Performances: Saturday @ 7:30 p.m. &amp; Sunday @ 3:00 p.m. (pre-concert chat 45 minutes ahead of each performance - Saturday @ 6:45 p.m. &amp; Sunday @ 2:15 p.m.)<br> Tickets: $19 for adults, and $16 for seniors, students, youth, military, and teachers @ 206.842.8569 / www.bainbridgeperformingarts.org</p>			</p>    			<br><br>",,http://www.seattleperforms.com/sites/seattleperforms.com/images/event/441090447/eblast_bso_feb_medium.jpg,206-842-8569,Bainbridge Symphony Orchestra presents “Dusk to Dawn”,http://www.bainbridgeperformingarts.org/Performances/Music/BSOfeb11.html,02/26/2011-02/27/2011,http://www.seattleperforms.com/event/detail/441090447/Bainbridge_Symphony_Orchestra_presents_Dusk_to_Dawn
"4711 California Ave SW, Seattle, WA, 98116",ArtsWest Playhouse,"In Shipwrecked! An Entertainment, three performers enact a dazzling adventure tale using the simple magic of the theater. In tones somewhere between storybook narrator and sideshow barker, a middle-aged charmer named Louis de Rougemont unfolds a tale of sailing to a South Seas paradise to dive for pearls, evade monsters of the deep, and survive for decades among the natives. Two other actors not only play all the remaining roles, from a crusty sea captain to a trusty dog, they also create a world of live sound effects that bring the globe-spanning story to life. Written by the Pulitzer Prize winning author of Collected Stories and Dinner with Friends, this raucous fantasy challenges audiences to think about the delicate dance between truth and fiction - are the lives we lead enough to make a mark on the world, and in the grand scheme of things, does that matter? Recommended for ages 9 and older. <br>""Shipwrecked! is a literate romp!"" ""“ Los Angeles Times <br>			</p>    			<br><br>",boxoffice@artswest.org,,206-938-0339,Shipwrecked! An Entertainment,https://www.choicesecure01.net/mainapp/eventschedule.aspx?clientID=artswest,04/27/2011-05/21/2011,http://www.seattleperforms.com/event/detail/5517/Shipwrecked_An_Entertainment
"419 Washington Street, Port Townsend, WA, 98368",Key City Playhouse,"Friday Feb 11 &ndash; Sunday Feb 27<br> <br> The 15th Annual Playwrights&rsquo; Festival &mdash; Weeklong events featuring workshop productions and readings of new works by local and regional playwrights with special guest playwright Lee Blessing. <br> <br> <br> <br> More info at keycitypublictheatre.org.<br> <br> <br> <br> Specific Festival Events:<br> <br> <br> <br> Friday and Saturday evenings; Sunday matinees:  Productions of award-winning one-act plays &ldquo;The Glass Kingdom&rdquo; by Judith Glass Collins, &ldquo;Ransom&rdquo; by Richard Weston, and &ldquo;How My Big 5-0 Turned Toxic&rdquo; by Deborah Daline.<br> <br> <br> <br> Playwriting workshops with Lee Blessing -- Saturday, Feb 12 -- 10:00 a.m. to 1:00 p.m. Pope Marine Building, Water and Madison Streets, Port Townsend. More info and registration at keycitypublictheatre.org, or call 360.379.0195.<br> <br> <br> <br> Advanced intensive playwriting workshop with playwright Lee Blessing. 2:00 p.m. to 5:00 p.m.  Fee changed.  Advanced registration required by calling 360.379.0195. <br> <br> <br> <br> Week of Feb 13 &ndash; 19 only:  Workshop production of &ldquo;Antarktikos&rdquo; by Andrea Stolowitz. Three performances: Sun Feb 13 at 7:00 p.m.; Wed Feb 16 at 7:00 p.m.; and Sat Feb 19 at 2:30 p.m. <br> <br> <br> <br> Tuesday evenings:  Staged readings of the award-winning one-act plays &ldquo;Stalling Tactics&rdquo; by Jerry Chawes, &ldquo;Quiet&rdquo; by David H Schroeder, and &ldquo;Dreamtime&rdquo; by Art Reitsch.<br> <br> <br> <br> Thursday evenings:  Workshop production of the musical &ldquo;The Future of LOVE&rdquo; by Linda Dowdell and Sara Wordsworth. Two performances: Thursdays Feb 17 &amp; 24 at 7:00 p.m. <br> <br> <br> <br> Week of Feb 20 &ndash; 26 only:  Workshop production of &ldquo;The Martyrdom of Washington Booth&rdquo; by Jeni Mahoney. Three performances: Sun Feb 20 at 7:00 p.m.; Wed Feb 23 at 7:00 p.m.; and Sat Feb 26 at 2:30 p.m.</p>			</p>    			<br><br>",,http://www.seattleperforms.com/sites/seattleperforms.com/images/event/441088867/festival_title_--_color_medium.jpg,360-379-0195,The 15th Annual Playwrights’ Festival,http://www.keycitypublictheatre.org,02/11/2011-02/27/2011,http://www.seattleperforms.com/event/detail/441088867/The_15th_Annual_Playwrights_Festival
,,"&quot;Sneak Peak&quot; tour of the Oregon Shakespeare Festival in Ashland, OR, May 31-June 2, 2011.  Includes round trip air fare from Seattle, WA, transport to hotel with two nights accommodations at the Plaza Inn and Suites at Ashland Springs, tickets to 3 shows, a backstage tour, play prologue, and discussion with cast member.  Also includes two lunches and two dinners.  Reasonably priced at $865 per person.  Discounted rates available for students and seniors.<br> <br> Please contact David Bestock for more details or to register.<br> (206) 273-7548<br> david@earsinc.com</p>			</p>    			<br><br>",david@earsinc.com,http://www.seattleperforms.com/sites/seattleperforms.com/images/org/220154225/logo-high-res_medium.jpg,(206) 273-7548,Ashland Oregon Shakespeare Festival Tour!,,05/31/2011-06/02/2011,http://www.seattleperforms.com/event/detail/441091413/Ashland_Oregon_Shakespeare_Festival_Tour
,,"Mel Edison is a well paid executive of a high-end Manhattan firm which has suddenly hit the skids and he gets the ax. Compounded by the air-pollution and with the walls of the apartment paper-thin, allowing him a constant earfull of his neighbors private lives things can't seem to get any worse...Mel does the only thing left for him to do: he has a nervous breakdown and it's the best thing that ever happened to him...</p>			</p>    			<br><br>",,,206-203-4168,The Prisoner of Second Avenue by Neil Simon,http://www.woodinvillerep.org/,02/11/2011-02/26/2011,http://www.seattleperforms.com/event/detail/441091099/The_Prisoner_of_Second_Avenue_by_Neil_Simon
"419 Washington Street, Port Townsend, WA, 98368",Key City Playhouse,"Fri April 22 &ndash; Sun May 15<br> (Preview Thu April 21 @ 7:00 p.m.)<br> <br> Key City Public Theatre presents &ldquo;The Soup is Served&rdquo; (&ldquo;La Zuffa &egrave; Servita&rdquo;) by Germano Rubbi based on the &ldquo;Commedia dell'arte&rdquo; classic by Carlo Goldoni. <br> <br> Count Anselmo is none too bright, so his obsession with valuable antiquities makes him easy pickings for enterprising con artists.  Is everybody but the Count in on the scam?  In the slapstick world of Commedia dell&rsquo;Arte  -- of course they are!  <br> <br> Based on Carlo Goldoni&rsquo;s eighteenth century masterpiece &ldquo;The Antique Dealer's Family,&rdquo; this comic tour de force was developed for the stage by Italian director &amp; actor Germano Rubbi.<br> <br> Performances April 22 - May 15 at Key City Playhouse, 419 Washington St., Port Townsend. <br> <br> For more info, call 360-385-7396 or visit www.keycitypublictheatre.org.</p>			</p>    			<br><br>",,http://www.seattleperforms.com/sites/seattleperforms.com/images/event/441088979/soup_served_title_--_color_medium.jpg,360-379-0195,“The Soup is Served” (“La Zuffa è Servita”) by Germano Rubbi based on Carlo Goldoni,http://www.keycitypublictheatre.org.,04/21/2011-05/15/2011,http://www.seattleperforms.com/event/detail/441088979/The_Soup_is_Served_La_Zuffa_Servita_by_Germano_Rubbi_based_on_Carlo_Goldoni
"NE 45th St. and 17th Ave. NE, Seattle, WA, 98105",Penthouse Theatre,"By Steve Martin<br>Directed by Andrew McGinn<br><br>Einstein, Picasso... Steve Martin? Great minds think alike, or do they? Twenty-somethings Albert Einstein and Pablo Picasso meet at a bar in Paris, 1904. Playwright Steve Martin, draws on his famous sense of funny for comic revelations high and low. Picasso and Einstein along with a colorful bunch of Parisians struggle to define sex, art, and human perception in anticipation of the breakthrough that marks the beginning of a new era. Conversation flows with hilarious results until an unlikely latecomer (with killer hip action) appears with a message from the future...<br><br>No late seating for School of Drama events.			</p>    			<br><br>",ticket@u.washington.edu,http://www.seattleperforms.com/sites/seattleperforms.com/images/org/182/universityofwashington_medium.jpg,206-543-4880,Picasso at the Lapin Agile,http://www.meany.org/tickets/default.aspx?prod=4294,05/15/2011-05/29/2011,http://www.seattleperforms.com/event/detail/440916719/Picasso_at_the_Lapin_Agile
"4248 S. 288th St., Auburn, WA, 98001",Thomas Jefferson High School's Little Theatre,"High stakes gamblers roll into town, and they&rsquo;re all depending on Nathan Detroit to snag a secret spot for their floating crap game. Trouble is, he ain't got the dough. Add in a sassy Salvation Army missionary, a handsome High Roller, the quirky Miss Adelaide, who&rsquo;s desperate to marry Nathan, the nosy Police Chief, and the lively lyrics and music of Frank Loesser, and you've got a sure thing that will entertain and delight!</p>			</p>    			<br><br>",,http://www.seattleperforms.com/sites/seattleperforms.com/images/event/441091405/guysanddollsicon21_medium.jpg,,Guys and Dolls,http://www.rosebudctc.org,08/05/2011-08/14/2011,http://www.seattleperforms.com/event/detail/441091405/Guys_and_Dolls
"1932 Second Avenue, Seattle, WA, 98101",Moore Theater,"&ldquo;The Devil has rarely been given his due more perceptively and eruditely!&rdquo;<br> -THE NEW YORK TIMES<br> <br> &ldquo;Wickedly Witty&hellip;One Hell of a Good Show!&rdquo;<br> -THE WALL STREET JOURNAL<br> <br> Chicago, IL - THE SCREWTAPE LETTERS, the provocative and wickedly witty theatrical adaptation of the C.S. Lewis novel about spiritual warfare from a demon&rsquo;s point of view, will be presented at the Moore Theatre, 1932 Second Avenue, Seattle, Washington, in a limited engagement on Saturday, February 26 at 4 p.m. and 8 p.m.  <br> <br> This engagement at the Moore Theatre follows its hit nine month run at the Westside Theatre in New York where THE SCREWTAPE LETTERS played over 300 performances!  Prior to that, THE SCREWTAPE LETTERS was a sold out hit in Chicago and Washington D. C.<br> <br> Associated Press calls the production &ldquo;Devilishly funny!&rdquo; The Chicago Sun-Times hails THE SCREWTAPE LETTERS as &ldquo;Smart, sizzling entertainment!&rdquo; and National Review describes it is &ldquo;Pure genius&hellip;an outstanding piece of work!&rdquo; <br> <br> THE SCREWTAPE LETTERS runs 90 minutes without intermission. In this topsy turvy morally inverted universe set in an eerily stylish office in hell, God is called the &ldquo;Enemy&rdquo; and the devil is referred to as &ldquo;Our Father below.&rdquo;  <br> <br> The play follows His Abysmal Sublimity Screwtape, Satan&rsquo;s top psychiatrist, played by award winning actor Max McLean, and his creature-demon secretary Toadpipe, as they train an apprentice demon, Wormwood, on the fine art of seducing an unsuspecting human &ldquo;patient&rdquo; down the &ldquo;soft, gentle path to hell.&rdquo;<br> <br> Along with The Chronicles of Narnia (including The Lion, The Witch and The Wardrobe), The Great Divorce and Mere Christianity, THE SCREWTAPE LETTERS is still one of Lewis&rsquo; most popular and influential works.  The book's piercing insight into human nature and the lucid and humorous way Lewis makes his readers squirm in self recognition made it an immediate success.  When first published in 1942 it brought worldwide fame to this little-known Oxford don including the cover of Time Magazine. <br> <br> Lewis dedicated it to his close friend J. R. R. Tolkien who had expressed to Lewis that delving too deeply into the craft of evil would have consequences.  Lewis admitted as much when he wrote &ldquo;Though I had never written anything more easily, I never wrote with less enjoyment . . . though it was easy to twist one&rsquo;s mind into the diabolical attitude, it was not fun, or not for long. The work into which I had to project myself while I spoke through Screwtape was all dust, grit, thirst, and itch. Every trace of beauty, freshness, and geniality had to be excluded.&rdquo;<br> <br> Produced by New York City based Fellowship for the Performing Arts. Max McLean serves as Artistic Director.  Executive Producer and General Manager is Ken Denison of Aruba Productions. Scenic Design is by Cameron Anderson, Costumes by Michael Bevins, Lighting Design by Jesse Klug, and Original Music and Sound Design by John Gromada.<br> The performance schedule for THE SCREWTAPE LETTERS is Saturday, February 26 at 4 p.m. and 8 p.m.  Tickets range from $29 - $89.  Student tickets are available for $25 each; limit two per customer, at the Box Office.  Valid ID must be presented.  All ticket prices are subject to facility fees.  To purchase tickets or for more information, visit The Moore Theatre box office on the corner of Second Avenue and Virginia Street, on the west side of the theatre (day of show only); for advance tickets visit the Paramount Theatre box office (located on the corner of 9th &amp; Pine downtown) open Mondays through Fridays from 10 a.m. to 6 p.m.; call 877-STG-4TIX (877-784-4849) or visit www.tickets.com, www.stgpresents.org or www.ScrewtapeonStage.com.  For groups of 10 or more call 866.476.8707.</p>			</p>    			<br><br>",,,877-784-4849,The Screwtape Letters,http://www.screwtapeonstage.com/seattle,02/26/2011,http://www.seattleperforms.com/event/detail/441091371/The_Screwtape_Letters
"4711 California Ave SW, Seattle, WA, 98116",ArtsWest Playhouse,"Jesse is nine. Jesse can't focus. Mama helps. Dad ignores. The teacher scolds, the neighbors gossip, the psychiatrists prescribe, the audience laughs, but""¦NO ONE LISTENS. Welcome to Lisa Loomer's (The Waiting Room) darkly comic Distracted, a story about a multi-tasking mom taking on the culture of Attention Deficit Hyperactivity Disorder. Her quixotic husband is in denial, leaving her to take on accepted science and mythic homeopathy all by herself. Fast paced, disarmingly funny, and direct from a wildly successful run on Broadway, this is a riveting gaze at parenting, childhood, and looking for fast answers in the age of Ritalin. Adult language and themes. Recommended for ages 14 and older. <br>""****A chronically entertaining comedy!"" ""“ New York Daily News <br>""Focus, people! Distracted is superb!"" ""“ Associated Press			</p>    			<br><br>",boxoffice@artswest.org,,206-938-0339,Distracted,https://www.choicesecure01.net/mainapp/eventschedule.aspx?clientID=artswest,03/09/2011-04/02/2011,http://www.seattleperforms.com/event/detail/5516/Distracted
"4001 University Way Northeast, Seattle, WA, 98105",Meany Studio Theatre,"By Mary Zimmerman<br> Directed by Julie Beckman<br> <br> Remember the dark side of fairy tales? Combined in fragments, lesser-known European fairy tales take us on a journey fraught with primeval fears and desires. A frightened little girl pleads with her callous parents not to leave her at home with the neighbor next door. &quot;He's got a tail!&quot; she exclaims. This &ldquo;Ogre&rdquo; and storyteller becomes her guide and ours, distracting us with tales marvelous and cruel, pausing only to pose the question &ldquo;Will you marry me?&rdquo; With striking imagery and a contemporary, comic edge, stories flow together to create a vivid fantasy world inspiring fear, wonder, and at last a strange catharsis.<br> <br> No late seating for School of Drama events.</p>			</p>    			<br><br>",ticket@u.washington.edu,http://www.seattleperforms.com/sites/seattleperforms.com/images/org/182/universityofwashington_medium.jpg,206-543-4880,The Secret in the Wings,http://www.meany.org/tickets/production.aspx?performanceNumber=4279,04/17/2011-05/01/2011,http://www.seattleperforms.com/event/detail/440916711/The_Secret_in_the_Wings
"7312 W. Green Lake Dr. N., Seattle, WA, 98103",Bathhouse Theater,"SPT&rsquo;s season wraps up May 20th-June 12th with the a fresh look at George Bernard Shaw&rsquo;s charming and delightful classic, Arms and the Man. Here is the master of wit and social comedy at his most entertaining and romantic. As heroism and militarism are laid bare against the foibles of middle-class pretensions, love and romance run amok.<br> <br> Featuring Gordon Carpenter, Ryan Childers, Mark Fullerton, Julie Jamieson, Brenda Joyner, Anne Kennedy, and Frank Lawler<br> <br> Directed by Shana Bestock<br> <br> The show runs approximately 1hour 45 minutes with no intermission. <br> <br> Appropriate for all ages</p>			</p>    			<br><br>",boxoffice@seattlepublictheater.org,http://www.seattleperforms.com/sites/seattleperforms.com/images/event/441089539/eventpic-arms_medium.jpg,206-524-1300,Arms and the Man,http://www.seattlepublictheater.org,05/19/2011-06/12/2011,http://www.seattleperforms.com/event/detail/441089539/Arms_and_the_Man
"419 Washington Street, Port Townsend, WA, 98368",Key City Playhouse,"Friday, June 24 &mdash; Sunday, July 17<br> <br> (Previews on Tue Jun 21 and Thu Jun 23)<br> <br> Key City Public Theatre presents &ldquo;The Garden of Monsters&rdquo; by Mara Lathrop, a World Premiere directed by Denise Winter.<br> <br> In the waning days of WWII, a Jewish GI encounters a Holocaust survivor and the last shred of hope in all the world.  In the year 2045, a theatre director rehearses a play about the liberation of Dachau and forgets how to hope when she learns she has a fatal disease.<br> In present-day London, a writer's stories about the Holocaust are hijacked by a couple of clowns on a secret mission to heal the world.  As the stories and lives intertwine, hope itself travels a perilous journey.<br> Performances June 24 - July 17 at Key City Playhouse, 419 Washington St., Port Townsend. <br> For more info, call 360-385-7396 or visit keycitypublictheatre.org.</p>			</p>    			<br><br>",,http://www.seattleperforms.com/sites/seattleperforms.com/images/event/441088987/garden_title_--_color_medium.jpg,360-379-0195,"World Premiere: ""The Garden of Monsters"" by Mara Lathrop",http://www.keycitypublictheatre.org,06/21/2011-07/17/2011,http://www.seattleperforms.com/event/detail/441088987/World_Premiere_The_Garden_of_Monsters_by_Mara_Lathrop
,,"Friday, August 5 &mdash; Sunday, August 21<br> <br> Key City Public Theatre presents &ldquo;Macbeth&rdquo; its annual Shakespeare in the Park production, directed by Charlie Bethel.<br> <br> Outdoor performances Fri, Sat &amp; Sun at 6:00 p.m. from Aug 5 to 21 at Chetzemoka Park, Jackson &amp; Blaine streets, Port Townsend.<br> <br> Political intrigue!  Lust for power!!  Murder and mayhem!!!  Macbeth is the King&rsquo;s most trusted general until the prophecies of three witches and the ruthless ambitions of his own wife turn him to the dark side.  In their quest for glory, Macbeth and his Lady risk everything &ndash; including their own sanity.<br> Join us in August as we transform Chetzemoka Park into the battleground between good and evil in Shakespeare&rsquo;s timeless and enduring story about a truly monstrous man.<br> Seating begins at 5:30 p.m. Bring your own blankets or lawn chairs and dress warmly. Concessions are available.<br> <br> For more info, call 360-385-7396 or visit keycitypublictheatre.org.</p>			</p>    			<br><br>",,http://www.seattleperforms.com/sites/seattleperforms.com/images/event/441089001/macbeth_title_--_color_medium.jpg,360-379-0195,Shakespeare in the Park: Macbeth,http://www.keycitypublictheatre.org,08/05/2011-08/21/2011,http://www.seattleperforms.com/event/detail/441089001/Shakespeare_in_the_Park_Macbeth
"419 Washington Street, Port Townsend, WA, 98368",Key City Playhouse,"Friday, October 7 &mdash; Sunday, October 30<br> Key City Public Theatre presents &ldquo;Dracula&rdquo; adapted from Bram Stoker by Sy Kahn, directed by Amanda Steurer.<br> Performances October 7 - 30 at Key City Playhouse, 419 Washington St., Port Townsend.<br> Bram Stoker&rsquo;s Dracula is one of the great thrillers of all time. <br> In this adaptation by the late Sy Kahn, you&rsquo;ll be transported back to Victorian England on a non-stop ride of desire, obsession and unspeakable horror.<br> Maidens will swoon and grown men will grow weak in the knees when they cannot escape from the Count&rsquo;s glistening fangs.<br> <br> Curtains Thu 7:00 p.m.; Fri &amp; Sat 8:00 p.m; Sun 2:30 p.m.<br> For more info, call 360-385-7396 or visit keycitypublictheatre.org.</p>			</p>    			<br><br>",,http://www.seattleperforms.com/sites/seattleperforms.com/images/org/400/keycitypublictheatre_medium.jpg,360-379-0195,"""Dracula"" by Sy Kahn based on the Bram Stoker",http://www.keycitypublictheatre.org,10/06/2011-10/30/2011,http://www.seattleperforms.com/event/detail/441089035/Dracula_by_Sy_Kahn_based_on_the_Bram_Stoker
"200 Madison Ave N, Bainbridge Island, WA, 98110",Bainbridge Performing Arts,"Imagination Station - Exploring Musical Theatre is a six-week class for Pre-K/K held at BPA. Instructors Gabe Carbajal and D&rsquo;Arcy Clements lead this imaginative theatre adventure class for ages 3 1/2 &ndash; 5. Classes meet January 21 &ndash; February 25, Fridays at 10:30 &ndash; 11:30 a.m. and/or 12:30 &ndash; 1:30 p.m. Tuition is $95. Two classes are offered each Friday, and students may register for one or the other or both at 206.842.1163.</p>			</p>    			<br><br>",,http://www.seattleperforms.com/sites/seattleperforms.com/images/event/441063849/centerad_imagstation_winter_468x150_medium.jpg,206-842-1163,Imagination Station - Exploring Musical Theatre,http://www.bainbridgeperformingarts.org/Education/ImaginationStationWinter2011.html,01/21/2011-02/25/2011,http://www.seattleperforms.com/event/detail/441063849/Imagination_Station_Exploring_Musical_Theatre
"200 Madison Ave N, Bainbridge Island, WA, 98110",Bainbridge Performing Arts,"Doctor Dolittle, a class for 1st &ndash; 4th grade students, is held at BPA and includes a final day performance on March 1. Gabe Carbajal and D&rsquo;Arcy Clements lead this enchanting production class, which is sure to please all animal lovers and adventurous dreamers. Classes meet January 11 &ndash; March 1, Tuesdays &amp; Thursdays @ 4:00 &ndash; 5:45 p.m. Tuition is $245, and participants are encouraged to register at 206.842.1163.</p>			</p>    			<br><br>",,http://www.seattleperforms.com/sites/seattleperforms.com/images/event/441063853/centerad_drdolittle_468x150_medium.jpg,206-842-1163,Doctor Dolittle - 1st - 4th Grade,http://www.bainbridgeperformingarts.org/Education/DoctorDoLittle.html,01/11/2011-03/01/2011,http://www.seattleperforms.com/event/detail/441063853/Doctor_Dolittle_1st_4th_Grade
"12099 124th Ave NE, Kirkland, WA, 98034",Laughs Comedy Spot,"March 4th and 5th, Laughs Comedy Spot in Kirkland, WA welcomes the hilarious Myq Kaplan.  Myq made his network television debut on &ldquo;The Tonight Show with Conan O&rsquo;Brien&rdquo; and has since gone on to appear on &ldquo;The Late, Late Show with Craig Ferguson&rdquo; and in his own half-hour special &ldquo;Comedy Central Presents: Myq Kaplan&rdquo;.  Most recently, he was a Top 5 finalist on the 2010 season of Last Comic Standing.  He has also appeared on Comedy Central&rsquo;s &ldquo;Live at Gotham,&rdquo; at the New Faces show of the 2009 Just For Laughs Festival in Montreal, and was voted 2008&rsquo;s Best Local Comedian in the Boston Phoenix.  In 2009 Myq won the NY&rsquo;s Funniest Standup Competition.<br> <br> A Jewy-ish atheistic vegan who spells the name &ldquo;Mike&rdquo; weird (sorry or you&rsquo;re welcome), Myq enjoys words, social justice, Netflix, and comic books.  Also non-comic books, ping-pong, and being great with women. And grammar and run-on sentence fragments. And of course, entertaining his demographic, which is anyone who might know the word &ldquo;demographic.&rdquo;<br> <br> The Comedians magazine calls him &ldquo;a comedy machine, in the best possible way. The way that some machines vend soda or prevent other machines from killing future revolutionaries &ndash; that&rsquo;s how Myq Kaplan does comedy: relentlessly, methodically, unblinkingly.&rdquo;</p>			</p>    			<br><br>",,,425-823-6306,Last Comic Standing finalist Myq Kaplan,http://www.laughscomedy.com,03/04/2011-03/05/2011,http://www.seattleperforms.com/event/detail/441103303/Last_Comic_Standing_finalist_Myq_Kaplan
"608 19th Ave E, Seattle, WA, 98112",The Little Theatre,"A World Premiere!<br> Written by Michael Mitnick<br> Directed by Elise Hunt<br> <br> Millions of viewers tune in every day to &ldquo;@ Home with Babs Gillespie&trade;&rdquo; on the ShopMore Network&trade;. Babs is One Rare Bird&trade;. With a heart of 14k gold and dangly jewelry, Babs jingle- jangles like the gem that she is. But Babs is turning 50 tomorrow and finds herself&hellip;facing extinction? A tragic run-in with an online dating site and a Magi-Peel Vegi Peeler&trade; reveals that all may not be as it seems. Will our favorite On-The-Air Personality&trade; survive this mid-life crisis or will she get dumped into the clearance bin? Michael Mitnick&rsquo;s deliriously dark comedy asks us: what do you have to sell to achieve love, happiness, and a little Sparkle&trade;?</p>			</p>    			<br><br>",,http://www.seattleperforms.com/sites/seattleperforms.com/images/event/441085641/wet[babs]poster_v2_72dpi_medium.jpg,,Babs the Dodo,http://www.washingtonensemble.org/current-season/babs-the-dodo,02/03/2011-03/14/2011,http://www.seattleperforms.com/event/detail/441085641/Babs_the_Dodo
"5510 University Way NE, Seattle, WA, 98105",Wing-It Productions,"Jet City Improv is Seattle's best comedy now in its 19th year. It is fast-paced, audience-interactive, all-ages improvisational comedy. We were voted the &quot;Best Improv in Seattle&quot; by the King 5's Best in the Northwest, as well as the &quot;Best Place to go in you are Underage.&quot; Come see what The Stranger calls &quot;fantastic improv theater.&quot;</p>			</p>    			<br><br>",info@jetcityimprov.com,http://www.seattleperforms.com/sites/seattleperforms.com/images/event/441083861/billy120_medium.jpg,206 352-8291,Jet City Improv,http://www.jetcityimprov.com,01/07/2011-12/30/2011,http://www.seattleperforms.com/event/detail/441083861/Jet_City_Improv
"1428 Post Alley, Seattle, WA, 98101",Market Theater,"HAPPY 25TH ANNIVERSARY THEATRESPORTS!! Even the judges wouldn't boo you!</p> <p>Seattle Theatresports is the most professional improv show the Northwest has to offer. Theatersports is comedy, improv, theater, and sports all rolled into one! Teams of improvisers create scenes based entirely on audience suggestions and are scored by a panel of judges.</p> <p>Seattle Theatresports is also Seattle's longest running show, having turned 25 years old this June!</p>			</p>    			<br><br>",info@unexpectedproductions.org,http://www.seattleperforms.com/sites/seattleperforms.com/images/event/869/ts100_medium.gif,,TheatreSports,http://www.unexpectedproductions.org/Theatresports,08/03/2007-12/31/2011,http://www.seattleperforms.com/event/detail/869/TheatreSports
"216 Union St, Seattle, WA, 98101",The Triple Door,"Direct from New York City! BURLESQUE TO BROADWAY starring Quinn Lemley with Stacey Harris and Natalie Loftin Bell sizzle with an intoxicating 10-piece big band celebrating the icons of Burlesque to Broadway. Directed by Tony Award Winner, Joe Hardy, it&rsquo;s hot! Hot! HOT! with the music, jokes and costumes of Burlesque to Broadway! &nbsp;It&rsquo;s all about the tease! And they aim to please! From Gypsy Rose Lee, Sally Rand, Fanny Brice to Cher, you will enter the world of Minsky&rsquo;s Burlesque Theatre, The Ziegfeld Follies, Broadway to classic television in this fast paced theatrical concert.<br> <br> Complete with sequins, feathers and fans these Broadway Hotties take you on a ride thru the music of Burlesque to Broadway&hellip; and beyond. Don't miss your chance to bump and grind with Quinn and her girls. Experience the incomparable Quinn Lemley The Village Voice calls, &quot;Drop dead gorgeous with crystalline intonation&quot;. Sirius Satellite raves, &quot;Lemley is Hot Hot Hot!&quot; and The Naples Daily News graciously states, &ldquo;Quinn Lemley nails it. Hard!&rdquo; BURLESQUE TO BROADWAY is a tour de force. &nbsp;Grab your guy or gal and join us as, Quinn and her girls dance up a storm, fill the house with vaudeville humor, and sing one show stopping hit after another from Burlesque, Broadway and Beyond!<br> <br> 7pm &amp; 10pm shows &nbsp;- 3 nights only!&nbsp;</p>			</p>    			<br><br>",,,206-838-4333,Burlesque to Broadway,"http://Direct from New York City! BURLESQUE TO BROADWAY starring Quinn Lemley with Stacey Harris and Natalie Loftin Bell sizzle with an intoxicating 10-piece big band celebrating the icons of Burlesque to Broadway. Directed by Tony Award Winner, Joe Hardy",02/23/2011-02/25/2011,http://www.seattleperforms.com/event/detail/441086645/Burlesque_to_Broadway
"11100 Northeast 6th Street, Bellevue, WA, 98004",Meydenbauer Theatre,"See your favorite story book character come to life. Based on the book by Jane O'Conner, with illustrations by Robin Preiss Glasser, this original ballet for children is sure to delight. Ms. Glasser will be at the Meydenbauer performances only to autograph books. You'll also see the tale of Peter and The Wolf. This delightful ballet introduces the art of dance and music to children of all ages.			</p>    			<br><br>",info@evergreencityballet.org,http://www.seattleperforms.com/sites/seattleperforms.com/images/org/220153341/ecblogonew_medium.jpg,1-800-899-9260,Special Family Program: Fancy Nancy & Peter and The Wolf,http://www.evergreencityballet.org,02/26/2011-02/27/2011,http://www.seattleperforms.com/event/detail/441085447/Special_Family_Program_Fancy_Nancy_Peter_and_The_Wolf
"2230 Lind Avenue SW, Renton, WA, 98057",Evergreen City Balllet Black Box Theatre,"See your favorite story book character come to life. Based on the book series by Jane O'Conner, with illustrations by Robin Preiss Glasser, this original ballet for children is sure to delight. You'll also see the tale of Peter and The Wolf. This delightful ballet introduces the art of dance and music to children of all ages.</p>			</p>    			<br><br>",info@evergreencityballet.org,http://www.seattleperforms.com/sites/seattleperforms.com/images/org/220153341/ecblogonew_medium.jpg,1-800-899-9260,Special Family Program:  Fancy Nancy & Peter and The Wolf,http://www.evergreencityballet.org,03/12/2011-03/13/2011,http://www.seattleperforms.com/event/detail/441085473/Special_Family_Program_Fancy_Nancy_Peter_and_The_Wolf
"2230 Lind Avenue SW, Renton, WA, 98057",Evergreen City Ballet Black Box Theatre,"Following last year's sold out performances, ,we've added another opportunity for you to see amazing new dance works by leading Northwest choreographers.</p>			</p>    			<br><br>",info@evergreencityballet.org,http://www.seattleperforms.com/sites/seattleperforms.com/images/org/220153341/ecblogonew_medium.jpg,1-800-899-9260,Northwest Works,http://www.evergreencityballet.org,06/11/2011-06/12/2011,http://www.seattleperforms.com/event/detail/441085577/Northwest_Works
,,"By Mike Kenny<br> <br> based on the Story by Hans Christian Andersen<br> <br> <br> Available for Libraries, Community Theatres and Schools throughout the Northwest<br> <br> <br> April 28 through June 3, 2011.<br> <br> Based on the enchanting fairytale by Hans Christian Anderson, The Snow Queen tells the story of Kai and Gerda, the best of friends, until Kai falls under the spell of an evil wizard and becomes the slave of the imperious Snow Queen. It is up to Gerda to take a long journey into the frozen heart of winter, to find and save her friend. The Snow Queen is both a thrilling adventure and a fable about the healing power of love.<br> <br> <br> Family Friendly			</p>    			<br><br>",boxoffice@cwu.edu,http://www.seattleperforms.com/sites/seattleperforms.com/images/event/440957675/snow_medium.jpg,509-963-1774,The Snow Queen - NW Tour,http://www.cwu.edu/~theatre/tix/,04/28/2011-06/03/2011,http://www.seattleperforms.com/event/detail/440957675/The_Snow_Queen_NW_Tour
"7116 6th Ave, Tacoma, WA, 98406",Tacoma Musical Playhouse,"Celebrate Read Across America and the birthday of Dr. Seuss with TMP! From the Tony Award-winning team of Lynn Ahrens and Stephen Flaherty (Ragtime, Once On This Island, A Christmas Carol), Seussical is a fantastical, magical, musical extravaganza which brings to life all of our favorite Dr. Seuss characters, including Horton the Elephant, Gertrude McFuzz, Lazy Mayzie and a little boy with a big imagination--Jojo. ""Oh, the Thinks You Will Think"" as the spirit of imagination transports the colorful characters from the Jungle of Nool to the Circus McGurkus to the invisible world of the Who's. Read Across America is an initiative on reading created by the National Education Association, and includes National Read Across America Day, observed each year on March 2, the birthday of Dr. Seuss. 			</p>    			<br><br>",,,253-565-6867,SEUSSICAL,http://www.tmp.org,02/26/2011-03/06/2011,http://www.seattleperforms.com/event/detail/5648/SEUSSICAL_
"201 Thomas St, Seattle, WA, 98109",Eve Alvord Theatre at Seattle Children's Theatre,"The return of one of SCT's biggest hits, created by Allison Gregory and Steven Dietz. P.D. Eastman&rsquo;s classic children&rsquo;s book comes alive on the SCT stage, captivating even the youngest audience members. These dogs dive into life with gusto. They snorkel, they howl at the moon, they sing, they dance, and they even climb trees. All sorts of dogs having all sorts of fun. You and your kids won&rsquo;t want to miss a second of the bright, hilarious canine adventure &ndash; the perfect treat for all ages.</p>			</p>    			<br><br>",tickets@sct.org,http://www.seattleperforms.com/sites/seattleperforms.com/images/event/441065553/gdg_sp_medium.jpg,206-441-3322,"Go, Dog. Go!",http://www.sct.org,01/13/2011-03/13/2011,http://www.seattleperforms.com/event/detail/441065553/Go_Dog_Go
"11500 Redmond-Woodinville Road, Redmond, WA, 98052",Evergreen Family Theatre,"Hilarious, family-friendly Neil Simon comedy takes place in a remote Ukrainian village in 1890.</p>			</p>    			<br><br>",evergreenfamilytheatre@gmail.com,http://www.seattleperforms.com/sites/seattleperforms.com/images/event/441104081/fools_poster_large_medium.jpg,425-885-2244,FOOLS  by Neil Simon,http://www.evergreenfamilytheatre.org,03/04/2011-03/19/2011,http://www.seattleperforms.com/event/detail/441104081/FOOLS_by_Neil_Simon_
"155 Mercer Street, Seattle, WA, 98109",Bagley Wright Theatre at Seattle Repertory Theatre,"by John Steinbeck, directed by Jerry Manning<br><br> <br><br> <br><br> John Steinbeck's heartbreaking American classic comes to life in his own stage adaptation. Lenny and George—farm workers in Depression-era California—are trying to scrape together enough money to buy a house of their own. But when Lenny stirs up trouble on the job, George must choose between protecting his friend or staying the course towards his version of the American dream.<br><br> <br><br> Recommended for ages 12 and above.<br>			</p>    			<br><br>",,http://www.seattleperforms.com/sites/seattleperforms.com/images/event/440952887/mm_small_medium.jpg,(206) 443-2222,Of Mice and Men,http://www.seattlerep.org/Plays/1011/MM/,03/18/2011-04/10/2011,http://www.seattleperforms.com/event/detail/440952887/Of_Mice_and_Men
"400 E. University Ave., Ellensburg, WA, 98926",Central Washington University - McConnell Auditorium,"CTE will end the theatrical season with the annual Red Curtain Review, featuring the students in the Musical Theatre Performance program. Performing numbers from musicals from such diverse shows as Camelot to Beauty and the Beast, and Avenue Q, these talented performers will entertain you with their skills in singing, dancing, and acting. You will hear and see some of your favorite songs along with some new contemporary Tony award winning numbers. <br> Be sure to come and see these young performers here, before many of them leave for the summer to perform in venues throughout the United States and Europe.<br> Recommended for family audiences with children 8 and above.			</p>    			<br><br>",boxoffice@cwu.edu,http://www.seattleperforms.com/sites/seattleperforms.com/images/event/440957685/cte_medium.jpg,509-963-1774,Red Curtain Review,http://www.cwu.edu/~theatre/tix/,05/20/2011-05/22/2011,http://www.seattleperforms.com/event/detail/440957685/Red_Curtain_Review
"7116 6th Ave, Tacoma, WA, 98406",Tacoma Musical Playhouse,"Miss Nelson's class is the worst behaved in the whole school. Spitballs flying across the room, paper airplanes sailing every which way, and uncontrollable children send the gentle, long-suffering teacher, Miss Nelson, over the edge. But the students of Room 207 are in for a surprise when Miss Nelson turns up missing and is replaced by Viola Swamp, the scariest substitute teacher ever. In desperation, the students set out to find their beloved Miss Nelson... but will they ever get her? Enduring lessons of appreciation and respect from the creator of Junie B. Jones and a Little Monkey Business!			</p>    			<br><br>",,,253-565-6867,MISS NELSON IS MISSING!,http://www.tmp.org,06/04/2011-06/12/2011,http://www.seattleperforms.com/event/detail/5652/MISS_NELSON_IS_MISSING
"7116 6th Ave, Tacoma, WA, 98406",Tacoma Musical Playhouse,"The long-awaited TMP production of the dance spectacular, CATS!<br><br> Based on the universally popular poetry of T.S. Eliot, CATS tells the story, in song and dance, of the annual gathering of Jellicle cats at which time one special cat is selected to ascend to the Heaviside layer. A true musical theater phenomenon, CATS opened at London's New London Theatre on May 11, 1981 and ran for a record-setting 21 years. It remains the second-longest running show in Broadway history.<br> <br><br> <br><br> <br>			</p>    			<br><br>",,,253-565-6867,CATS!,http://www.tmp.org,07/08/2011-07/31/2011,http://www.seattleperforms.com/event/detail/5653/CATS
"4248 S. 288th St., Auburn, WA, 98001",Thomas Jefferson High School's Little Theatre,Everyone&rsquo;s favorite knothead gets an extreme makeover in this hip and hilarious musical adaptation of the classic tale of a talking puppet who gets into all kinds of trouble before learning what it truly means to be human.</p>			</p>    			<br><br>,,http://www.seattleperforms.com/sites/seattleperforms.com/images/event/441091387/nostringsa_medium.jpg,,No Strings Attached,http://www.rosebudctc.org,07/29/2011-07/31/2011,http://www.seattleperforms.com/event/detail/441091387/No_Strings_Attached
"419 Washington Street, Port Townsend, WA, 98368",Key City Playhouse,"Friday, December 2 — Friday, December 23<br>(Preview Thu Dec 1)<br><br>Key City Public Theatre presents “The Best Christmas Pageant Ever” by Barbara Robinson, directed by Denise Winter. <br><br>The Herdmans are the worst kids in the history of the world. They lie, cheat and steal, and they've never even heard the Christmas story before.<br><br>So when they take over the annual church Christmas pageant, it becomes seriously unusual.  And -- just possibly -- the best one ever.<br><br>Performances Dec 1 - 23 at Key City Playhouse, 419 Washington St., Port Townsend. Evenings shows Weds & Thurs at 7:00 p.m.; Fri & Sat at 8:00 p.m.; Sun matinees at 2:30 p.m. <br><br>For more info, call 360-385-7396 or visit keycitypublictheatre.org.			</p>    			<br><br>",,http://www.seattleperforms.com/sites/seattleperforms.com/images/event/441089047/pageant_title_--_color_medium.jpg,360-379-0195,"Port Townsend -- ""The Best Christmas Pageant Ever"" at Key City Public Theatre",http://www.keycitypublictheatre.org,12/01/2011-12/23/2011,http://www.seattleperforms.com/event/detail/441089047/Port_Townsend_The_Best_Christmas_Pageant_Ever_at_Key_City_Public_Theatre
"1000 Lenora Street, Seattle, WA, 98121",Cornish College of the Arts,"An interdisciplinary conversation looking at the legacies of Merce Cunningham, John Cage and Yves Klein with Seattle artists Catherine Cabeen, Tonya Lockyer and Jarrad Powell. Presented by the Cornish College of the Arts Dance Department and Interface Series. (Interface is an event series designed to encourage and celebrate collaborative and cross-disciplinary artistic projects and foster departmental interactions).</p>			</p>    			<br><br>",,,,"Interface Panel: Klein, Cage & Cunningham",http://www.cornish.edu/events,03/04/2011,http://www.seattleperforms.com/event/detail/441101671/Interface_Panel_Klein_Cage_Cunningham
"200 Madison Ave N, Bainbridge Island, WA, 98110",Bainbridge Performing Arts,"Featuring Guest Conductor Julia Tai and Guest Violinist Sophia Stoyanovich<br> Journey through the night with the spooky Night on Bald Mountain by Mussorgsky, the evening romance of the Violin Concerto in D by Tchaikovsky, the beautiful moonlight of Debussy&rsquo;s Claire de Lune, and finally the morning awakening in Grieg&rsquo;s Peer Gynt Suite No. 1.<br> Music acquisition for the BSO&rsquo;s 2010-2011 Season was funded by the Fletcher Bay Foundation.<br> Performances: Saturday @ 7:30 p.m. &amp; Sunday @ 3:00 p.m. (pre-concert chat 45 minutes ahead of each performance - Saturday @ 6:45 p.m. &amp; Sunday @ 2:15 p.m.)<br> Tickets: $19 for adults, and $16 for seniors, students, youth, military, and teachers @ 206.842.8569 / www.bainbridgeperformingarts.org</p>			</p>    			<br><br>",,http://www.seattleperforms.com/sites/seattleperforms.com/images/event/441090447/eblast_bso_feb_medium.jpg,206-842-8569,Bainbridge Symphony Orchestra presents “Dusk to Dawn”,http://www.bainbridgeperformingarts.org/Performances/Music/BSOfeb11.html,02/26/2011-02/27/2011,http://www.seattleperforms.com/event/detail/441090447/Bainbridge_Symphony_Orchestra_presents_Dusk_to_Dawn
"710 East Roy Street, Seattle, WA, 98102","PONCHO Concert Hall, Kerry Hall","Catch dynamic drummer and composer John Hollenbeck and his 19-piece ensemble featuring vocalist Theo Bleckmann and pianist Gary Versace in this very special, one-night-only<br> performance.</p>			</p>    			<br><br>",,,206.726.5011,John Hollenbeck Large Ensemble,,03/03/2011,http://www.seattleperforms.com/event/detail/441101635/John_Hollenbeck_Large_Ensemble
"710 East Roy Street, Seattle, WA, 98102","PONCHO Concert Hall, Kerry Hall","Join us for this special masterclass with the acclaimed Debussy Quartet consisting of Christophe Collette (violin), Dorian Lamotte (violin), Vincent Deprecq (viola), and Fabrice Bihan (cello).</p>			</p>    			<br><br>",,,,The Debussy Quartet,,03/04/2011,http://www.seattleperforms.com/event/detail/441101685/The_Debussy_Quartet
"710 East Roy Street, Seattle, WA, 98102","PONCHO Concert Hall, Kerry Hall","Innovative bassoonist and composer Seth Krimsky presents an imaginative program exploring improvisation and virtuosity and encompassing works from the 16th and 17th century by Diego<br> Ortiz and Antonio Vivaldi to the present. Fellow Cornish faculty members Stephen Stubbs (lute) and Joe Kaufman (bass) join Krimsky for this recital that concludes with Krimsky&rsquo;s genre-bending new works for electric bassoon, electric bass, pedal steel guitar, and drums.</p>			</p>    			<br><br>",,,206.726.5011,Seth Krimsky,,03/04/2011,http://www.seattleperforms.com/event/detail/441101695/Seth_Krimsky
"710 East Roy Street, Seattle, WA, 98102","PONCHO Concert Hall, Kerry Hall","Pianist, composer, and Cornish faculty member Jovino Santos Neto leads his Quinteto consisting of Harvey Wainapel on clarinet and saxophones, Ben Thomas on vibraphone and bandon&eacute;on,<br> Chuck Deardorf on bass, Jeff Busch on percussion, and Mark Ivester on drums.</p>			</p>    			<br><br>",,,206.726.5011,Jovino Santos Neto Quinteto,,03/05/2011,http://www.seattleperforms.com/event/detail/441101701/Jovino_Santos_Neto_Quinteto
"200 Madison Ave N, Bainbridge Island, WA, 98110",Bainbridge Performing Arts,"The closing concert of BSO&rsquo;s 2010-2011 Season celebrates the youthful genius of Mozart, Mendelssohn, and Saint-S&auml;ens - just a few of the composers who revealed their talent at an early age. The program highlights works by these masters from early and late in their careers and features Thomas Monk, Barbara Deppe, Susan Scott, and Judith Lawrence as soloists in Haydn&rsquo;s Sinfonia Concertante for violin, &lsquo;cello, oboe, and bassoon.</p>			</p>    			<br><br>",,http://www.seattleperforms.com/sites/seattleperforms.com/images/org/220147497/bainbridgesymphony_medium.jpg,,The Light of Genius,http://www.bainbridgeperformingarts.org/Performances/Music/BSONov10.html,04/09/2011-04/10/2011,http://www.seattleperforms.com/event/detail/440932457/The_Light_of_Genius
"216 Union St, Seattle, WA, 98101",The Triple Door,"The new production Burlesque to Broadway is hitting the Triple Door in Seattle! It is a fun, fast paced show directed by Tony Award Winner Joseph Hardy and featuring that drop dead talented Quinn Lemley. Tickets are 30% off between now and Christmas! Don't miss it, it will be a fantastic, sexy, sizzling show. Sponsored by MAC Cosmetics.<br> <br> <br> <br> Check out the reel and show times:<br> <br> http://www.centuryartists.com/shows/burlesque-to-broadway</p>			</p>    			<br><br>",,http://www.seattleperforms.com/sites/seattleperforms.com/images/event/441065389/quinn_medium.jpg,206.838.4333,Burlesque to Broadway,http://www.centuryartists.com/shows/burlesque-to-broadway,02/23/2011-02/25/2011,http://www.seattleperforms.com/event/detail/441065389/Burlesque_to_Broadway
"1625 Broadway, Seattle, WA, 98122",Broadway Performance Hall,"In this culminating event, Dance Department seniors present their choreography and performances, including dances commissioned from professional guest choreographers.</p>			</p>    			<br><br>",,,206.726.5011,Dance BFA concerts 2011,http://www.cornish.edu/events,02/19/2011-02/26/2011,http://www.seattleperforms.com/event/detail/441101609/Dance_BFA_concerts_2011
"7400 Sand Point Way NE, Seattle, WA, 98115",Magnuson Park Community Theatre,"The King&rsquo;s Proposal is a Mel Brooks-meets-Shakespeare musical that tells the story of an evil king who tries to marry his daughter to an unwanted suitor. A case of mistaken identities turns into a tale of forced marriage--not to mention forced cross-dressing, forced song singing, occasional sword fighting and the obligatory puppet scene.</p>			</p>    			<br><br>",,http://www.seattleperforms.com/sites/seattleperforms.com/images/event/441102469/kings_proposal_low_res_medium.jpg,(206) 363-2809,The King's Proposal (or the Marriage of Princess Guido),http://www.thekingsproposal.com,03/20/2011-04/10/2011,http://www.seattleperforms.com/event/detail/441102469/The_Kings_Proposal_or_the_Marriage_of_Princess_Guido
"1000 Lenora Street, Seattle, WA, 98121",Cornish College of the Arts,"Show and Tell: Objectivity is an exhibition, discussion, and performance, inviting Cornish faculty and staff to select and discuss and artwork based on the given theme. Show and Tell: Objectivity will focus on art's &quot;thing-ness&quot;, while also referring to an unbiased presentation of information. Participating faculty and staff will each have 3-5 minutes to discuss their selection before an audience during the opening reception. This ongoing project aims to promote lively discussion while building connections and community through exhibition, explanation, and example.</p>			</p>    			<br><br>",,,,Show and Tell: Objectivity,,03/02/2011-03/30/2011,http://www.seattleperforms.com/event/detail/441101627/Show_and_Tell_Objectivity
"4th Ave. S.W. and S.W. 146th Street, Burien, WA, 98166",Burien Community Center,BRAND-NEW WORKS.  Expect the unexpected and the very best from Washington State playwrights imaginations.  All world premieres.			</p>    			<br><br>,tickets@burienlittletheatre.org,,206-242-5180,The Bill and Peggy Hunt Playwrights Festival,http://www.burienlittletheatre.org,04/08/2011-05/01/2011,http://www.seattleperforms.com/event/detail/5582/The_Bill_and_Peggy_Hunt_Playwrights_Festival
,,"&quot;Sneak Peak&quot; tour of the Oregon Shakespeare Festival in Ashland, OR, May 31-June 2, 2011.  Includes round trip air fare from Seattle, WA, transport to hotel with two nights accommodations at the Plaza Inn and Suites at Ashland Springs, tickets to 3 shows, a backstage tour, play prologue, and discussion with cast member.  Also includes two lunches and two dinners.  Reasonably priced at $865 per person.  Discounted rates available for students and seniors.<br> <br> Please contact David Bestock for more details or to register.<br> (206) 273-7548<br> david@earsinc.com</p>			</p>    			<br><br>",david@earsinc.com,http://www.seattleperforms.com/sites/seattleperforms.com/images/org/220154225/logo-high-res_medium.jpg,(206) 273-7548,Ashland Oregon Shakespeare Festival Tour!,,05/31/2011-06/02/2011,http://www.seattleperforms.com/event/detail/441091413/Ashland_Oregon_Shakespeare_Festival_Tour
"950 Main Street, Edmonds, WA, 98020",The Wade James Theatre,Festival of Shorts</p>			</p>    			<br><br>,info@driftwoodplayers.com,http://www.seattleperforms.com/sites/seattleperforms.com/images/org/45/edmondsdriftwoodplayers_medium.jpg,,Festival of Shorts (2011),,07/08/2011-07/09/2011,http://www.seattleperforms.com/event/detail/5708/Festival_of_Shorts_2011
"1001 Lenora Street, Seattle, WA, 98101","Notions Building, Room 1",Readings of new plays by Cornish seniors.</p>			</p>    			<br><br>,,,,Winter New Works Festival,http://www.cornish.edu/events,02/11/2011-02/26/2011,http://www.seattleperforms.com/event/detail/441094889/Winter_New_Works_Festival
"419 Washington Street, Port Townsend, WA, 98368",Key City Playhouse,"Friday Feb 11 &ndash; Sunday Feb 27<br> <br> The 15th Annual Playwrights&rsquo; Festival &mdash; Weeklong events featuring workshop productions and readings of new works by local and regional playwrights with special guest playwright Lee Blessing. <br> <br> <br> <br> More info at keycitypublictheatre.org.<br> <br> <br> <br> Specific Festival Events:<br> <br> <br> <br> Friday and Saturday evenings; Sunday matinees:  Productions of award-winning one-act plays &ldquo;The Glass Kingdom&rdquo; by Judith Glass Collins, &ldquo;Ransom&rdquo; by Richard Weston, and &ldquo;How My Big 5-0 Turned Toxic&rdquo; by Deborah Daline.<br> <br> <br> <br> Playwriting workshops with Lee Blessing -- Saturday, Feb 12 -- 10:00 a.m. to 1:00 p.m. Pope Marine Building, Water and Madison Streets, Port Townsend. More info and registration at keycitypublictheatre.org, or call 360.379.0195.<br> <br> <br> <br> Advanced intensive playwriting workshop with playwright Lee Blessing. 2:00 p.m. to 5:00 p.m.  Fee changed.  Advanced registration required by calling 360.379.0195. <br> <br> <br> <br> Week of Feb 13 &ndash; 19 only:  Workshop production of &ldquo;Antarktikos&rdquo; by Andrea Stolowitz. Three performances: Sun Feb 13 at 7:00 p.m.; Wed Feb 16 at 7:00 p.m.; and Sat Feb 19 at 2:30 p.m. <br> <br> <br> <br> Tuesday evenings:  Staged readings of the award-winning one-act plays &ldquo;Stalling Tactics&rdquo; by Jerry Chawes, &ldquo;Quiet&rdquo; by David H Schroeder, and &ldquo;Dreamtime&rdquo; by Art Reitsch.<br> <br> <br> <br> Thursday evenings:  Workshop production of the musical &ldquo;The Future of LOVE&rdquo; by Linda Dowdell and Sara Wordsworth. Two performances: Thursdays Feb 17 &amp; 24 at 7:00 p.m. <br> <br> <br> <br> Week of Feb 20 &ndash; 26 only:  Workshop production of &ldquo;The Martyrdom of Washington Booth&rdquo; by Jeni Mahoney. Three performances: Sun Feb 20 at 7:00 p.m.; Wed Feb 23 at 7:00 p.m.; and Sat Feb 26 at 2:30 p.m.</p>			</p>    			<br><br>",,http://www.seattleperforms.com/sites/seattleperforms.com/images/event/441088867/festival_title_--_color_medium.jpg,360-379-0195,The 15th Annual Playwrights’ Festival,http://www.keycitypublictheatre.org,02/11/2011-02/27/2011,http://www.seattleperforms.com/event/detail/441088867/The_15th_Annual_Playwrights_Festival
"200 Madison Ave N, Bainbridge Island, WA, 98110",Bainbridge Performing Arts,"Acting Out for Adults is an introductory class into the art of theater for ages 50 and above held at BPA. BPA Artistic Director Steven Fogell leads this six week class, which is offered through the Bainbridge Island Metropolitan Park &amp; Recreation District. Classes meet January 18 &ndash; February 24, Tuesdays and Thursdays at 1:00 - 2:30 p.m. All levels of experience welcome, and tuition is $95. Participants may register online at the Parks District (www.biparks.org), or in person at the Senior Center, 370 Brien Drive, or at the Strawberry Hill Parks Office.</p>			</p>    			<br><br>",,http://www.seattleperforms.com/sites/seattleperforms.com/images/event/441063859/stevenfogell108_medium.jpg,206.842.1163,Acting Out for Adults,http://www.bainbridgeperformingarts.org/Education/SecondStage.html,01/18/2011-02/24/2011,http://www.seattleperforms.com/event/detail/441063859/Acting_Out_for_Adults
"200 Madison Ave N, Bainbridge Island, WA, 98110",Bainbridge Performing Arts,"Acting for the Camera is a television and movie acting class for 5th &ndash; 8th grade students, held at BPA. Thomas Hurley III and Eugie Price lead this action-packed class, which includes a take-home DVD for all actors and their scene work approximately two weeks after class is over. Classes meet January 11 &ndash; March 3, Tuesdays and Thursdays at 4:00 &ndash; 6:00 p.m. Tuition is $325, and students may register at 206.842.1163.</p>			</p>    			<br><br>",,http://www.seattleperforms.com/sites/seattleperforms.com/images/event/441063855/centerad_acting4cam_468x150_medium.jpg,206-842-1163,Acting for the Camera: 5th - 8th Grade,http://www.bainbridgeperformingarts.org/Education/WinterActing.html,01/11/2011-03/03/2011,http://www.seattleperforms.com/event/detail/441063855/Acting_for_the_Camera_5th_8th_Grade
"200 Madison Ave N, Bainbridge Island, WA, 98110",Bainbridge Performing Arts,"Improv for Actors, Improvisers, and Storytellers is an improvisation class for adults, 17 and over. Led by Todd Erler, Artistic Director of the Jewel Box Theatre, classes will be held at BPA, and all levels of experience are welcome, from novice to expert. Classes meet for six weeks, January 24 &ndash; March 7, Mondays at 6:30 &ndash; 9:00 p.m. (no class February 21). Tuition is $275, and students may register at 206.842.1163 or 206.842.8569.</p>			</p>    			<br><br>",,http://www.seattleperforms.com/sites/seattleperforms.com/images/event/441063865/todderlerweb_medium.jpg,206.842.1163,"Improv for Actors, Improvisers, and Storytellers",http://www.bainbridgeperformingarts.org/Education/SecondStage.html,01/24/2011-03/07/2011,http://www.seattleperforms.com/event/detail/441063865/Improv_for_Actors_Improvisers_and_Storytellers
"200 Madison Ave N, Bainbridge Island, WA, 98110",Bainbridge Performing Arts,"The Jungle Book, BPA Theatre School&rsquo;s winter offering for 1st &ndash; 4th grades, begins at the Jewel Box Theatre on February 28. Gabe Carbajal and D&rsquo;Arcy Clements lead students on this fun-filled adventure with lions, tigers, and bears. Classes meet for eight weeks February 28 &ndash; April 24, Mondays at 4:00 &ndash; 6:00 p.m. (no class March 28). Tuition is $80, and students are encouraged to register at 206.842.1163.</p>			</p>    			<br><br>",,http://www.seattleperforms.com/sites/seattleperforms.com/images/event/441063873/centerad_junglebook_spring_468x150_medium.jpg,206-842-1163,The Jungle Book: 1st - 4th Grade at the Jewel Box Theatre,http://www.bainbridgeperformingarts.org/Education/JungleBook_JewelBox.html,02/28/2011-04/24/2011,http://www.seattleperforms.com/event/detail/441063873/The_Jungle_Book_1st_4th_Grade_at_the_Jewel_Box_Theatre
"200 Madison Ave N, Bainbridge Island, WA, 98110",Bainbridge Performing Arts,"BPA Theatre School&rsquo;s second winter offering at the Jewel Box Theatre is The Adventures of Robin Hood. Gabe Carbajal and D&rsquo;Arcy Clements lead students in this true adventure of maidens, swordsmen, robbers, royalty, and mayhem. Classes meet for eight weeks March 2&ndash; April 24, Wednesdays at 4:00 &ndash; 6:00 p.m. (no class March 30). Tuition is $120, and students may register at 206.842.1163.</p>			</p>    			<br><br>",,http://www.seattleperforms.com/sites/seattleperforms.com/images/event/441063877/centerad_robinhood_spring_468x150_medium.jpg,206-842-1163,The Adventures of Robin Hood: 5th - 8th Grade at the Jewel Box Theatre,http://www.bainbridgeperformingarts.org/Education/RobinHood_JewelBox.html,03/02/2011-04/24/2011,http://www.seattleperforms.com/event/detail/441063877/The_Adventures_of_Robin_Hood_5th_8th_Grade_at_the_Jewel_Box_Theatre
"400 E. University Ave., Ellensburg, WA, 98926",Central Washington University - McConnell Auditorium,"Feed The Artist In You At CWU<br> <br> <br> Whether you are a student, full-time theatre teacher, a teacher who loves theatre, or a professional working in the various areas of theatre the Summer Institute for Theatre Arts has something to offer you. Established in 1996 by the Theatre Arts Department of Central Washington University as the Drama Teacher's Summer Institute, the program was specifically designed for teachers. Since then, more than 500 teachers, representing more than 20 states and eight nations, have attended the Institute, learning new skills to take back to the classroom, making life-long friends and networking with other theatre artists and educators from across the nation and the world.<br> <br> <br> Classes are presented in comprehensive seminars ranging from three to 18 days, annually from late June through July.			</p>    			<br><br>",,http://www.seattleperforms.com/sites/seattleperforms.com/images/event/440957695/summer_medium.jpg,509-963-1273,S u m m e r    I n s t i t u t e    f o r    T h e a t r e    A r t s,http://www.cwu.edu/~theatre/program/graduate/institute/index.html,06/20/2011-07/28/2011,http://www.seattleperforms.com/event/detail/440957695/S_u_m_m_e_r_I_n_s_t_i_t_u_t_e_f_o_r_T_h_e_a_t_r_e_A_r_t_s
"16587 NE 74th St, Redmond, WA, 98052",SecondStory Repertory Theatre,"Beatrice and Benedick can&rsquo;t stand each other &ndash; all they do is bicker and gossip. So you know they&rsquo;re going to wind up in love. The question is, how? That&rsquo;s the secret in one of the great romantic comedies of all time!</p>			</p>    			<br><br>",boxoffice@secondstoryrep.org,http://www.seattleperforms.com/sites/seattleperforms.com/images/event/440968445/much_ado_medium.jpg,(425) 881-6777,Much Ado About Nothing,http://www.secondstoryrep.org,02/04/2011-02/26/2011,http://www.seattleperforms.com/event/detail/440968445/Much_Ado_About_Nothing
"9673 Firdale Ave., Edmonds, WA, 98020",Phoenix Theatre,"In this romantic comedy set in the midst of a dysfunctional family reunion, Joe Todd hires Renee Duchene to pose as his fiancÃ© for an evening so that he can impress his father, Ivan. Ivan is coming for a rare visit, and Joe and his sister Carrie are suspicious of his motives. What can possibly go wrong? Norm Foster does it again in this hilarious comedy of family values and dysfunctional relationships. <br> <br>			</p>    			<br><br>",phoenixtheatreinfo.@gmail.com,http://www.seattleperforms.com/sites/seattleperforms.com/images/org/554/phoenixtheatre_medium.jpg,206-533-2000,Drinking Alone by Norm Foster,http://www.brownpapertickets.com/event/108926,02/04/2011-02/27/2011,http://www.seattleperforms.com/event/detail/5496/Drinking_Alone_by_Norm_Foster
"4th Ave. S.W. and S.W. 146th Street, Burien, WA, 98166",Burien Community Center,"In this clever offbeat comedy, a doctor hires a maid who hates to clean, but who is in search of the perfect joke.  To cover for the maid, the doctors sister secretly takes over the housecleaning.  In the laundry the sister finds foreign underwear.  As the doctors marriage unravels, true love emerges and the perfect joke is found.			</p>    			<br><br>",tickets@burienlittletheatre.org,,206-242-5180,The Clean House,http://www.burienlittletheatre.org,02/11/2011-03/06/2011,http://www.seattleperforms.com/event/detail/5581/The_Clean_House
"9673 Firdale Ave., Edmonds, WA, 98020",Phoenix Theatre,"Charlie returns to his childhood home after his Da's funeral only to find that his father's ghost is stubbornly unwilling to leave the house. As the events of Charlie's youth are replayed we discover the comic, bittersweet relationship that existed between father and son. <br> <br>			</p>    			<br><br>",phoenixtheatreinfo@gmail.com,http://www.seattleperforms.com/sites/seattleperforms.com/images/org/554/phoenixtheatre_medium.jpg,206-533-2000,Da by Hugh Leonard,http://www.brownpapertickets.com/event/108926,04/01/2011-04/24/2011,http://www.seattleperforms.com/event/detail/5497/Da_by_Hugh_Leonard
"950 Main Street, Edmonds, WA, 98020",The Wade James Theatre,Rosencrantz & Guildenstern Are Dead			</p>    			<br><br>,info@driftwoodplayers.com,http://www.seattleperforms.com/sites/seattleperforms.com/images/org/45/edmondsdriftwoodplayers_medium.jpg,485-774-9600,Rosencrantz & Guildenstern Are Dead,,05/05/2011-05/08/2011,http://www.seattleperforms.com/event/detail/5705/Rosencrantz_Guildenstern_Are_Dead
"400 E. University Ave., Ellensburg, WA, 98926",Central Washington University - McConnell Auditorium,"Linguistic energy, sharp social satire and a sexy romp, just about summarize William Wycherley's classic, Restoration comedy, The Country Wife. Written in 1675, this fast paced and rollicking comedy has lost none of its punch for contemporary audiences who will love the wonderful characters and ribald situations. The plot turns on two indelicate plot devices: a rake's trick of pretending impotence in order to have clandestine affairs with married women, and the arrival in London of an inexperienced young ""country wife"" and her discoveries of the joys of the big city and London men. Done in high style with beautiful costumes and high energy, this is a must see for those who love English period comedy. <br> <br>Due to adult themes not appropriate for babes in arms or children under 13. 			</p>    			<br><br>",boxoffice@cwu.edu,http://www.seattleperforms.com/sites/seattleperforms.com/images/org/441/centraltheatreensemble_medium.jpg,509-963-1774,The Country Wife,http://www.cwu.edu/~theatre/tix,05/05/2011-05/15/2011,http://www.seattleperforms.com/event/detail/5557/The_Country_Wife
"4711 California Ave SW, Seattle, WA, 98116",ArtsWest Playhouse,"In Shipwrecked! An Entertainment, three performers enact a dazzling adventure tale using the simple magic of the theater. In tones somewhere between storybook narrator and sideshow barker, a middle-aged charmer named Louis de Rougemont unfolds a tale of sailing to a South Seas paradise to dive for pearls, evade monsters of the deep, and survive for decades among the natives. Two other actors not only play all the remaining roles, from a crusty sea captain to a trusty dog, they also create a world of live sound effects that bring the globe-spanning story to life. Written by the Pulitzer Prize winning author of Collected Stories and Dinner with Friends, this raucous fantasy challenges audiences to think about the delicate dance between truth and fiction - are the lives we lead enough to make a mark on the world, and in the grand scheme of things, does that matter? Recommended for ages 9 and older. <br>""Shipwrecked! is a literate romp!"" ""“ Los Angeles Times <br>			</p>    			<br><br>",boxoffice@artswest.org,,206-938-0339,Shipwrecked! An Entertainment,https://www.choicesecure01.net/mainapp/eventschedule.aspx?clientID=artswest,04/27/2011-05/21/2011,http://www.seattleperforms.com/event/detail/5517/Shipwrecked_An_Entertainment
"2710 Wetmore Avenue, Everett, WA, 98201",Everett Performing Arts Center,"Iron Curtain  <br>Book by Susan DiLallo  <br>Music by Stephen Weiner  <br>Lyrics by Peter Mills  <br> <br>There's no Communism like Show-Communism! When the Soviets set out to create a Broadway musical, they decide they'll need to bring in some real New York writers - by force, if necessary. Enter Howard and Murray, two down and out musical theatre writers, who are on the brink of throwing in the towel. Kidnapped, taken to Moscow, and forced to fix the worst musical ever written, these two characters suddenly find themselves working under the gun""¦literally! With an uproarious and upbeat score, Iron Curtain is a knock 'em down hit with laughs at every corner.  <br>			</p>    			<br><br>",boxofficeeverett@villagetheatre.org,,425-257-8600,Iron Curtain - Everett,,04/29/2011-05/22/2011,http://www.seattleperforms.com/event/detail/5386/Iron_Curtain_Everett
"9673 Firdale Ave., Edmonds, WA, 98020",Phoenix Theatre,"Combine three unhappy women, three oblivious husbands, a dozen golf balls, and a faulty walk-in freezer and voila! You have the perfect recipe for a wickedly dark comedy. A dull dinner party takes a sinister turn when Nicky, Debra, and Molly debate the pros and cons of widowhood. Given the chance to make their husbands vanish without fear of consequence, will they? <br>			</p>    			<br><br>",phoenixtheatreinfo@gmail.com,http://www.seattleperforms.com/sites/seattleperforms.com/images/org/554/phoenixtheatre_medium.jpg,206-533-2000,The Smell of the Kill by Michelle Lowe,http://www.brownpapertickets.com/event/108926,06/03/2011-06/26/2011,http://www.seattleperforms.com/event/detail/5498/The_Smell_of_the_Kill_by_Michelle_Lowe
"950 Main Street, Edmonds, WA, 98020",The Wade James Theatre,Born Yesterday by Garson Kanin			</p>    			<br><br>,info@driftwoodplayers.com,http://www.seattleperforms.com/sites/seattleperforms.com/images/org/45/edmondsdriftwoodplayers_medium.jpg,425-774-9600,Born Yesterday,,06/10/2011-06/26/2011,http://www.seattleperforms.com/event/detail/5706/Born_Yesterday
"11100 Northeast 6th Street, Bellevue, WA, 98004",Meydenbauer Theatre,"This superb example of British farce had them rolling in the aisles in London and New York.  A taxi driver gets away with having two wives in different areas of London because of his irregular work schedule.  The cabby tries to keep his double life from exploding in the wake of complication after complication.  ""Non-stop action and laughs!"" <br>			</p>    			<br><br>",,http://www.seattleperforms.com/sites/seattleperforms.com/images/org/19/bellevuecivictheater_medium.gif,425-235-5087,Run for Your Wife,http://www.brownpapertickets.com,07/15/2011-07/23/2011,http://www.seattleperforms.com/event/detail/5483/Run_for_Your_Wife
"700 Union Street, Seattle, WA, 98101",The Bullitt Cabaret at ACT,"Sponsored in part by KPLU 88.5FM and Tuxedo and Tennis Shoes Catering and Events, Toast-n-Jam 2011 will take place at the elegant Bullitt Cabaret at ACT on Sunday, March 27, 2011 from 3pm to 5pm.<br> <br> &ldquo;Toast&rdquo; the return of Mirror Stage programming and &ldquo;Jam&rdquo; to the gypsy jazz stylings of Pearl Django. Enjoy hors d&rsquo;oeuvres, a teaser of Mirror Stage things to come, a silent auction and raffle. We hope you&rsquo;ll join us!<br> <br> A limited number of attendees can be accommodated, so purchase your ticket early! Advance purchase tickets for $35 go on sale February 14, 2011. Tickets at the door will be $45. Admission includes three complimentary raffle tickets.<br> <br> Even if you are not able to attend, you can still purchase raffle tickets: $5 each, 3 for $10, or 8 for $25. You need not to be present to win a raffle prize, although bidding on the silent auction items is restricted to those attending.<br> <br> All Toast-n-Jam proceeds directly support Mirror Stage programming, theatre to get jazzed about.</p>			</p>    			<br><br>",boxoffice@mirrorstage.org,http://www.seattleperforms.com/sites/seattleperforms.com/images/event/441102619/tnjtps1_medium_medium.jpg,,Toast-n-Jam 2011,http://www.mirrorstage.org/?q=toastnjam2011,03/27/2011,http://www.seattleperforms.com/event/detail/441102619/ToastnJam_2011
"409 7th Ave. S., Seattle, WA, 98104",Theatre Off Jackson,"Three Screams is a dark, dynamic, and hilarious play centered on a contemporary theft of Edvard Munch's ""The Scream"". An accountant and unlikely thief who's helped pull-off the heist, Edvard, manically confronts his love-hate relationship with Munch's famous painting face-to-face. His wife, Tulla, shares a completely different side of the story—baking pastries to calm her nerves, while containing a strange, stifled lust beneath her apron. 20 years later their son, Gunnar, revisits the actual location where Munch painted the Scream and must now deal with the omnipresent power this singular work has had over his family.</p>			</p>    			<br><br>",davidturnipseed@hotmail.com,http://www.seattleperforms.com/sites/seattleperforms.com/images/event/441065489/3screams_web_size_medium.jpg,253-548-7432,3 Screams,http://www.manaloneproductions.com/,02/04/2011-02/26/2011,http://www.seattleperforms.com/event/detail/441065489/3_Screams
,,"Mel Edison is a well paid executive of a high-end Manhattan firm which has suddenly hit the skids and he gets the ax. Compounded by the air-pollution and with the walls of the apartment paper-thin, allowing him a constant earfull of his neighbors private lives things can't seem to get any worse...Mel does the only thing left for him to do: he has a nervous breakdown and it's the best thing that ever happened to him...</p>			</p>    			<br><br>",,,206-203-4168,The Prisoner of Second Avenue by Neil Simon,http://www.woodinvillerep.org/,02/11/2011-02/26/2011,http://www.seattleperforms.com/event/detail/441091099/The_Prisoner_of_Second_Avenue_by_Neil_Simon
"507 S 3rd St., Renton, WA, 98055",Renton Civic Theater,"Sister Elizabeth Donderstock is Squeamish, and has been her whole life. She makes cheese balls (traditional and smoky) that sustain the existence of her entire religious community, Clusterhaven. However, she feels unappreciated among her Squeamish brethren, and she decides to try her luck in the outside world. Meanwhile, back at Clusterhaven, Liz's compatriots just can't seem to duplicate her cheese ball recipe, and they are panic-stricken and desperate. Will the cheese balls ever taste good again? The answers to this and so many other questions can be found in this new comedy</p>			</p>    			<br><br>",boxoffice@rentoncivictheater.org,http://www.seattleperforms.com/sites/seattleperforms.com/images/event/440989867/rentoncivictheaterlogo30_medium.jpg,425-226-5529,The Book of Liz,http://www.rentoncivictheater.org,02/27/2011-03/07/2011,http://www.seattleperforms.com/event/detail/440989867/The_Book_of_Liz_
"3000 Landerholm Circle SE, Bellevue, WA, 98007",Stop Gap Theatre Bellevue College,"Stage Fright Student Drama presents<br> London Suite<br> by Neil Simon<br> One hotel suite.  Four stories.  Neil Simon&rsquo;s comedy explores relationships: art and commerce, mother and daughter, lover and friend and a man on the floor with his lost Wimbledon tickets.  <br>			</p>    			<br><br>",,http://www.seattleperforms.com/sites/seattleperforms.com/images/event/440958529/ta-london_suite_medium.jpg,1-800-838-3600,London Suite,http://bellevuecollege.edu/artshum/Drama/index.html,04/14/2011-04/16/2011,http://www.seattleperforms.com/event/detail/440958529/London_Suite
"507 S 3rd St., Renton, WA, 98055",Renton Civic Theater,"John Cummings is a lonely and divorced back-porch philoso-pher. Over three and a half years, three very different women occupy the apartment next door. As John reflects on his rela-tionships with neighbors Fay, Angel &amp; Gwen, he shares his unique views on everything from poets to sex. PG</p>			</p>    			<br><br>",boxoffice@rentoncivictheater.org,http://www.seattleperforms.com/sites/seattleperforms.com/images/event/440989863/rentoncivictheaterlogo30_medium.jpg,425-226-5529,Here on the Flight Path by Norman Foster,http://www.rentoncivictheater.org,04/08/2011-04/23/2011,http://www.seattleperforms.com/event/detail/440989863/Here_on_the_Flight_Path_by_Norman_Foster
"155 Mercer St, Seattle, WA, 98109",Leo K. Theatre at Seattle Repertory Theatre,"by Melissa James Gibson, directed by Braden Abraham<br><br> <br><br> Four friends fast approaching the end of their 30s test the boundaries of their relationships in this piercing, beautifully crafted new play. The decidedly un-romantic comedy centers on a New York poet and single mother and her fling with a married friend that sets the group into a tailspin. A huge hit Off Broadway, don't miss this West Coast premiere.<br><br> <br><br> Recommended for ages 16 and above for profanity, adult situations.<br>			</p>    			<br><br>",,http://www.seattleperforms.com/sites/seattleperforms.com/images/event/440952888/th_small_medium.jpg,(206) 443-2222,This,http://www.seattlerep.org/Plays/1011/TS/,04/08/2011-05/15/2011,http://www.seattleperforms.com/event/detail/440952888/This
"419 Washington Street, Port Townsend, WA, 98368",Key City Playhouse,"Fri April 22 &ndash; Sun May 15<br> (Preview Thu April 21 @ 7:00 p.m.)<br> <br> Key City Public Theatre presents &ldquo;The Soup is Served&rdquo; (&ldquo;La Zuffa &egrave; Servita&rdquo;) by Germano Rubbi based on the &ldquo;Commedia dell'arte&rdquo; classic by Carlo Goldoni. <br> <br> Count Anselmo is none too bright, so his obsession with valuable antiquities makes him easy pickings for enterprising con artists.  Is everybody but the Count in on the scam?  In the slapstick world of Commedia dell&rsquo;Arte  -- of course they are!  <br> <br> Based on Carlo Goldoni&rsquo;s eighteenth century masterpiece &ldquo;The Antique Dealer's Family,&rdquo; this comic tour de force was developed for the stage by Italian director &amp; actor Germano Rubbi.<br> <br> Performances April 22 - May 15 at Key City Playhouse, 419 Washington St., Port Townsend. <br> <br> For more info, call 360-385-7396 or visit www.keycitypublictheatre.org.</p>			</p>    			<br><br>",,http://www.seattleperforms.com/sites/seattleperforms.com/images/event/441088979/soup_served_title_--_color_medium.jpg,360-379-0195,“The Soup is Served” (“La Zuffa è Servita”) by Germano Rubbi based on Carlo Goldoni,http://www.keycitypublictheatre.org.,04/21/2011-05/15/2011,http://www.seattleperforms.com/event/detail/441088979/The_Soup_is_Served_La_Zuffa_Servita_by_Germano_Rubbi_based_on_Carlo_Goldoni
"155 Mercer Street, Seattle, WA, 98109",Bagley Wright Theatre at Seattle Repertory Theatre,"created and performed by Mike Daisey, directed by Jean-Michele Gregory<br><br> APR. 22—MAY 22, 2011<br><br> <br><br> Dubbed ""the master storyteller"" by The New York Times, the hilarious and razor-sharp Mike Daisey weaves together gonzo journalism, unscripted performance, and autobiographical tales that cut to the bone of some of the most captivating topics in American culture. Following a trail of technology all the way to China and back, Daisey turns his lens to Apple and Steve Jobs, asking the question, ""How did one obsessive man change the world to his liking—and at what cost?""<br><br> <br><br> Recommended for ages 14 and above for profanity.<br>			</p>    			<br><br>",,http://www.seattleperforms.com/sites/seattleperforms.com/images/event/440952889/sj_medium.jpg,(206) 443-2222,The Agony and the Ecstasy of Steve Jobs,http://www.seattlerep.org/Plays/1011/AE/,04/22/2011-05/22/2011,http://www.seattleperforms.com/event/detail/440952889/The_Agony_and_the_Ecstasy_of_Steve_Jobs
"507 S 3rd St., Renton, WA, 98055",Renton Civic Theater,This superb example of the British farce had them rolling in the aisles in London and New York. A taxi driver gets away with having two wives in different areas of London because of his irregular working schedule. Complication is piled upon complication as the cabby tries to keep his double life from exploding. PG</p>			</p>    			<br><br>,boxoffice@rentoncivictheater.org,http://www.seattleperforms.com/sites/seattleperforms.com/images/event/440989865/rentoncivictheaterlogo30_medium.jpg,425-226-5529,Run For Your Wife by Ray Cooney directed by Kent Phillips,http://www.rentoncivictheater.org,06/03/2011-06/18/2011,http://www.seattleperforms.com/event/detail/440989865/Run_For_Your_Wife_by_Ray_Cooney_directed_by_Kent_Phillips
"507 S 3rd St., Renton, WA, 98055",Renton Civic Theater,"A teaching nun, who is much concerned with sin in all of its forms, delivers a cautionary lecture to her charges. When several of her former students turn up the picture darkens, along with Sister Mary's indigna-tion. Their stories are disturbingly funny&mdash;and it is quickly apparent that one thing they all have in common is their loathing for Sister Mary.</p>			</p>    			<br><br>",boxoffice@rentoncivictheater.org,http://www.seattleperforms.com/sites/seattleperforms.com/images/event/440989889/rentoncivictheaterlogo30_medium.jpg,425-226-5529,Sister Mary Ignatius explains it all for you:,http://www.rentoncivictheater.org,06/12/2011-06/20/2011,http://www.seattleperforms.com/event/detail/440989889/Sister_Mary_Ignatius_explains_it_all_for_you
"4248 S. 288th St., Auburn, WA, 98001",Thomas Jefferson High School's Little Theatre,"High stakes gamblers roll into town, and they&rsquo;re all depending on Nathan Detroit to snag a secret spot for their floating crap game. Trouble is, he ain't got the dough. Add in a sassy Salvation Army missionary, a handsome High Roller, the quirky Miss Adelaide, who&rsquo;s desperate to marry Nathan, the nosy Police Chief, and the lively lyrics and music of Frank Loesser, and you've got a sure thing that will entertain and delight!</p>			</p>    			<br><br>",,http://www.seattleperforms.com/sites/seattleperforms.com/images/event/441091405/guysanddollsicon21_medium.jpg,,Guys and Dolls,http://www.rosebudctc.org,08/05/2011-08/14/2011,http://www.seattleperforms.com/event/detail/441091405/Guys_and_Dolls
"1500 Summit Ave, Seattle, WA, 98122",Theater Schmeater,"By Joseph Scrimshaw<br> Directed by Peggy Gannon<br> <br> Joseph Scrimshaw&rsquo;s hilarious audience participation couples comedy is back at The Schmee by popular demand!   A first date to remember.  Will the couple leave together or will they end up ancient, alone and embittered?  And are these two choices mutually exclusive?  Choose the white wine or the red, the soup or the salad, it&rsquo;s all up to the audience in this summer pleaser.</p>			</p>    			<br><br>",Support@BrownPaperTickets.com,http://www.seattleperforms.com/sites/seattleperforms.com/images/org/169/theaterschmeater_medium.jpg,1-800-838-3006,Adventures in Mating,http://www.schmeater.org/plays/2011/adventuresinmating2011/,07/22/2011-08/20/2011,http://www.seattleperforms.com/event/detail/441070091/Adventures_in_Mating
"1500 Summit Ave, Seattle, WA, 98122",Theater Schmeater,"Written and directed by Wayne Rawley.<br><br> <br><br> Doug Sample is going to kill himself at the end of his shift.  But he is going to do it on his terms; with all his friends and relatives, and the Doug Sample Dancers!  Local playwright Wayne Rawley’s return to The Schmee.			</p>    			<br><br>",Support@BrownPaperTickets.com,http://www.seattleperforms.com/sites/seattleperforms.com/images/org/169/theaterschmeater_medium.jpg,1-800-838-3006,Live!  From the Last Night of My Life,http://www.schmeater.org/plays/2011/livefromthelastnight/,09/16/2011-10/15/2011,http://www.seattleperforms.com/event/detail/441070097/Live_From_the_Last_Night_of_My_Life
"204 N. 85th St, Seattle, WA, 98103",Taproot Theatre,Dandies and diamonds swirl in and out of this comedic classic.  Sir Chiltern appears to be the ideal husband. until a choice from early in his career comes back to haunt him.  Can he be restored to his adoring wife or will the truth be everyone's undoing?</p>			</p>    			<br><br>,,http://www.seattleperforms.com/sites/seattleperforms.com/images/org/159/taproottheatrecompany_medium.jpg,,An Ideal Husband,http://www.taproottheatre.org/buy-tickets,09/21/2011-10/22/2011,http://www.seattleperforms.com/event/detail/5659/An_Ideal_Husband
"3515 South Alaska Street, Seattle, WA, 98118",Rainier Valley Cultural Center,"Set amidst the whiskey sipping chauvinism of early 1960, quiet's Mad Men-esque production of The Taming of the Shrew continues the investigation of our season-long theme, &quot;enGender Bender: Exploring our social blueprints&quot;, through the eyes of Shakespeare's classic comedy. <br> <br> <br> Baptista Minola, senior partner of Padua Advertising, has a problem.  His youngest daughter Bianca has been drawing the attention of nearly every man on the Upper East Side. His solution?  No one will be allowed to &quot;court&quot; Bianca until his oldest daughter  the headstrong, fiery, and temperamental Katharina  is married.  After all, who would want a wife like Kate? <br> <br> <br> Seeing the play is only half of the event... <br> <br> <br> quiet seeks to use art as a medium for social change. Join cast members, professors, community members and social service partner organizations for a panel discussion after each performance. The panel will discuss issues of gender addressed in the play. Patrons are encouraged to ask questions and get involved in the dialogue. <br> <br> <br> quiet is an Associated Program of Shunpike. </p>			</p>    			<br><br>",info@quietonline.org,http://www.seattleperforms.com/sites/seattleperforms.com/images/event/441087755/full_cast_pc_(draft)_medium.jpg,,The Taming of the Shrew,http://www.quietonline.org,02/11/2011-02/25/2011,http://www.seattleperforms.com/event/detail/441087755/The_Taming_of_the_Shrew
"8703 160th Avenue NE, Redmond, WA, 98052",Fred W Meitzer Theater,"This hilarious international musical hit begins when the Little Sisters of Hoboken discover that their cook, Sister Julia, Child of God, has accidentally poisoned 52 of the sisters, and they are in dire need of funds for the burials.</p>			</p>    			<br><br>",ticketing@redwoodtheatre.org,http://www.seattleperforms.com/sites/seattleperforms.com/images/event/441020959/nunsense_thumb_medium.jpg,(425) 522-3730,Nunsense,http://redwoodtheatre.org/2011/nunsense.html,02/11/2011-02/26/2011,http://www.seattleperforms.com/event/detail/441020959/Nunsense
"303 Front Street North, Issaquah, WA, 98027",Village Theatre,"Sleuth <br>By Anthony Shaffer <br> <br>Wealthy mystery novelist Andrew Wyke invites young Milo Tindle to his elegant, isolated country house to settle a bit of unpleasant business; Milo is having an affair with Andrew's wife. What begins as a bizarre cat and mouse game of robbery spirals into a complex duel of wits and deception. Packed with thrills, and twists and turns that continue to tip the scale, this Tony Award-winning puzzle will keep you guessing up to the very deadly end!  <br> <br> <br>			</p>    			<br><br>",boxoffice@villagetheatre.org,,425-392-2202,Sleuth,,01/20/2011-02/27/2011,http://www.seattleperforms.com/event/detail/5383/Sleuth
"950 Main Street, Edmonds, WA, 98020",The Wade James Theatre,Spotlight on New Local Playwrights			</p>    			<br><br>,info@driftwoodplayers.com,http://www.seattleperforms.com/sites/seattleperforms.com/images/org/45/edmondsdriftwoodplayers_medium.jpg,425-774-9600,Spotlight on New Local Playwrights,,02/25/2011-02/27/2011,http://www.seattleperforms.com/event/detail/5703/Spotlight_on_New_Local_Playwrights
"155 Mercer Street, Seattle, WA, 98109",Bagley Wright Theatre at Seattle Repertory Theatre,"by Tarell McCraney, directed by Juliette Carrillo<br><br><br> <br><br><br> The Louisiana bayou, West African mythology, and family interplay swirl together in this absorbing drama from one of the country's most exciting new playwrights. A wandering soul recently released from prison clashes with his straight-and-narrow brother. Yet even as they grapple with their own notions of freedom and tradition, they remain fiercely intertwined.<br><br><br> <br><br><br> Recommended for ages 14 and above for profanity, sexually suggestive language.<br>			</p>    			<br><br>",,http://www.seattleperforms.com/sites/seattleperforms.com/images/event/440952886/bs_small_medium.jpg,(206) 443-2222,The Brothers Size,http://www.seattlerep.org/Plays/1011/BZ/,02/04/2011-02/27/2011,http://www.seattleperforms.com/event/detail/440952886/The_Brothers_Size
"4029 Stone Way North, Seattle, WA, 98103",DownStage,"The 1998 Pulitzer prize-winning play (also winner of Obie, Drama Desk, Outer Critics Circle and New York Drama Critics awards) by Paula Vogel, How I Learned to Drive is both funny and disturbing. The story follows the strained relationship between Lil&rsquo;Bit and her uncle from adolescence through adulthood. Using the metaphor of driving, taboo issues of exploitation are brought to light, often with humor, suspending the piece between the categories of drama and comedy.<br> Unquestionably modern and innovative, How I Learned to Drive succeeds in great part due to classic elements. Vogel uses the classic Greek device of a chorus composed of a male, female, and teenager, to fulfill a variety of roles in the play. As well as observing and commenting on the action, they assume roles in various scenes such as individual family members and high school girls and boys.  The two main characters, Li&rsquo;l Bit and Peck, are observed and analyzed by the Greek chorus to provide a catharsis for the audience, as in the Greek choral tradition. When the adult Li&rsquo;l Bit drives off at the end of the play, once more able to believe in forgiveness and family, the catharsis for both Li&rsquo;l Bit and the audience is complete.<br> Moreover, Vogel, like the ancient Greek playwrights, warns the audience of its own fallibility. She does not ignore omens that presage moral disaster but meets them head on. In dramatizing the different perspectives of Li&rsquo;l Bit and Peck, by extension she dramatizes those of every member of the audience and its larger society.  <br> In Stone Soup&rsquo;s production, music will set the stage of the physical and psychological world of How I Learned to Drive; sweet and melodic, celebrations of love and youth and the special synergy that the two create when they are blended together. In particular, rock n&rsquo;roll love songs with an edge will underscore the action, the music of sexuality which has always been known as the music of youth, especially when it was new and revolutionary in the 1950s and 1960s where the story is set. The best rock &lsquo;n&rsquo; roll always gave a sense of freedom and expanding awareness. It is music that makes old people feel young and free and young people feel that they possess the wisdom of a hard-lived past.<br> The production runs Feb 3-27, Thursdays &ndash; Saturdays at 8pm with Sunday matinees 2/13 and 27. All tickets 2/3-5 are $10; Thursdays after the preview are pay-what-you will. General admission prices are $16-20; $13 for those under 30. <br> Tickets are available for purchase at www.brownpapertickets.com, 800-838-3006 or Stone Soup Box Office (206) 633-1883; www.stonesouptheatre.org</p>			</p>    			<br><br>",carolynne@stonesouptheatre.org,http://www.seattleperforms.com/sites/seattleperforms.com/images/event/441062681/drive_pc_electronictiny_medium.jpg,206.633.1883,How I Learned to Drive by Paula Vogel at Stone Soup,http://www.stonesouptheatre.org,02/04/2011-02/27/2011,http://www.seattleperforms.com/event/detail/441062681/How_I_Learned_to_Drive_by_Paula_Vogel_at_Stone_Soup
"1020 Virginia Street, Seattle, WA, 98121",Annex Building,"This experimental promenade version of Virginia Woolf's poetic novel The Waves, explores community and identity. The audience moves through different rooms as the lives of the characters change and develop.</p>			</p>    			<br><br>",,,,Winter New Works Festival presents The Waves,http://www.cornish.edu/events,02/24/2011-02/27/2011,http://www.seattleperforms.com/event/detail/441101617/Winter_New_Works_Festival_presents_The_Waves
"204 N. 85th St, Seattle, WA, 98103",Taproot Theatre,"Voyage across land and sea. through the underworld to the top of Mt Olympus. Muses and monsters introduce this epic myth of the brave and courageous Odysseus as he valiantly seeks his homeland and the arms of his wife and child.</p><br><br> <br><br> <br> Featuring: Mark Chamberlin, Nolan Palmer, Ryan Childers, Nic Beach, Randy Scholz, <br> Stephen Grenley, Alex Robertson, Nikki Visel, April Wolfe, Jesse Notehelfer, Pam Nolte, Sarah Roquemore, Solomon Davis and Josh Smyth<br> 			</p>    			<br><br>",box@taproottheatre.org,http://www.seattleperforms.com/sites/seattleperforms.com/images/event/5655/web_banner_490x176px_medium.jpg,206-781-9707,The Odyssey,http://www.taproottheatre.org/buy-tickets,02/02/2011-03/05/2011,http://www.seattleperforms.com/event/detail/5655/The_Odyssey
"7400 Sand Point Way NE, Seattle, WA, 98115",Magnuson Park Community Theatre,"The Drowsy Chaperone pays tribute to the jazz-age shows of the 1920's and the power those shows held to transport us into a dazzling fantasy.  If you've ever sat in a dark theatre and thought, &quot;Dear Lord in heaven, please let it be good,&quot; this is the show for you!			</p>    			<br><br>",ann@seattlemusicaltheatre.org,http://www.seattleperforms.com/sites/seattleperforms.com/images/org/32/seattlemusicaltheatre_medium.gif,206-363-2809,The Drowsy Chaperone,http://seattlemusicaltheatre.org,02/11/2011-03/05/2011,http://www.seattleperforms.com/event/detail/440963821/The_Drowsy_Chaperone
"2015 Boren Avenue, Seattle, WA, 98121",Raisbeck Performance Hall,&quot;Odzooks! My wide-extended Realm knows not a name so glorious as Tom Thumb.&quot; From the author of the saucy romp Tom Jones comes this parody of heroic tragedy. The greatest hero of his age is only inches tall -- can he win the love of the bounteous Princess Huncamunca? Can he defeat the plots of the villainous Lord Grizzle? Is there a hungry cow looming ominously in his future?</p>			</p>    			<br><br>,,,206.726.5011,Tom Thumb,http://www.cornish.edu/events,03/03/2011-03/05/2011,http://www.seattleperforms.com/event/detail/441101645/Tom_Thumb
"305 Harrison Street, Seattle, WA, 98109",Seattle Center House,"A terrifying graveyard encounter with an escaped convict; a summons to meet the bitter, decaying Miss Havisham and her beautiful, cold-hearted ward Estella; the sudden generosity of an unknown benefactor - this series of events changes the orphaned Pip's life forever, and he eagerly feels his humble origins in favor of a new life as a gentleman in London. Dickens' haunting late novel depicts Pip's education and development through adversity as he discovers that having ""expectations"" is a double-edged sword. 			</p>    			<br><br>",,http://www.seattleperforms.com/sites/seattleperforms.com/images/org/21/bookitrepertorytheatre_medium.jpg,206.216.0833,Great Expectations,,02/08/2011-03/06/2011,http://www.seattleperforms.com/event/detail/5597/Great_Expectations
"700 Union St, Seattle, WA, 98101",ACT Theatre,"A World Premiere!<br> When Tarak, a Bengali expatriate, and Karen, an American, decide to get married, they know they're in for some cultural difficulties. But when Tarak buys them a brownstone and asks permission to move his mother into the basement apartment, Karen knows she's getting more than she bargained for.<br> <br> Co-presented by ReAct, Pratidhwani and The Central Heating Lab at ACT, this comedy explores the challenges and joys of coming together in love - for us as individuals, and with our families.<br> <br> Directed by<br> David Hsieh and Agastya Kohli<br> <br> Starring:<br> Angela DiMarco, Robert Pilliteri, Meenakshi Rishi, Bikas Saha, Walayn Sharples and Nitya Venkateswaran</p>			</p>    			<br><br>",service@acttheatre.org,http://www.seattleperforms.com/sites/seattleperforms.com/images/event/441102555/act_postcard_front_medium.jpg,(206) 292-7676,Mother In Another Language by Taniya Hossain,http://www.acttheatre.org/Shows/OnStage/MotherInAnotherLanguage,02/18/2011-03/06/2011,http://www.seattleperforms.com/event/detail/441102555/Mother_In_Another_Language_by_Taniya_Hossain
"400 E. University Ave., Ellensburg, WA, 98926",Central Washington University - Milo Smith Tower Theater,"This award winning family drama tells the fantastical story of a little girl in search of her home. Iris is kidnapped by the Greater Goods and banished to an island with all her memories wiped away. But Iris begins to find clues to who she really is, and sets out on a brave and wondrous adventure to rediscover herself. Like Alice in Wonderland the story has magical characters, a wild journey and an appealing heroine, but it also carries a strong message about how our present and our future is informed and defined by the past. <br> <br>STILL LIFE WITH IRIS was originally commissioned and produced by Seattle Children's Theatre. It was inspired by the Image Influenced Illusions of Steffan Soule and Cooper Edens from their book, Dreams, Magic, and Miracles. Its development was supported by a major grant from the John F. Kennedy Center's Fund for New American Plays, the first play for young audiences to receive such an award. <br> <br>Family Friendly			</p>    			<br><br>",boxoffice@cwu.edu,http://www.seattleperforms.com/sites/seattleperforms.com/images/org/441/centraltheatreensemble_medium.jpg,509-963-1774,Still Life with Iris,http://www.cwu.edu/~theatre/tix,03/04/2011-03/12/2011,http://www.seattleperforms.com/event/detail/5555/Still_Life_with_Iris
"400 E. University Ave., Ellensburg, WA, 98926",Central Washington University - Milo Smith Tower Theater,"By Steven Dietz<br> <br> <br> <br> This award winning family drama tells the fantastical story of a little girl in search of her home. Iris is kidnapped by the Greater Goods and banished to an island with all her memories wiped away. But Iris begins to find clues to who she really is, and sets out on a brave and wondrous adventure to rediscover herself. Like Alice in Wonderland the story has magical characters, a wild journey and an appealing heroine, but it also carries a strong message about how our present and our future is informed and defined by the past.<br> <br> <br> <br> STILL LIFE WITH IRIS was originally commissioned and produced by Seattle Children&rsquo;s Theatre. It was inspired by the Image Influenced Illusions of Steffan Soule and Cooper Edens from their book, Dreams, Magic, and Miracles. Its development was supported by a major grant from the John F. Kennedy Center&rsquo;s Fund for New American Plays, the first play for young audiences to receive such an award.<br> <br> <br> <br> Family Friendly			</p>    			<br><br>",boxoffice@cwu.edu,http://www.seattleperforms.com/sites/seattleperforms.com/images/event/440957667/still_life_with_iris_medium.jpg,509-963-1774,Still Life with Iris,http://www.cwu.edu/~theatre/tix/,03/04/2011-03/12/2011,http://www.seattleperforms.com/event/detail/440957667/Still_Life_with_Iris
"3000 Landerholm Circle SE, Bellevue, WA, 98007",Stop Gap Theatre Bellevue College,by Ken Ludwig from the novel by Alexandre Dumas.<br><br><br><br> The exploits of the famous swordsmen and their newest recruit D’Artangan burst onto the stage in this dramatization of the Dumas classic.  Complete with plenty of sword fighting!			</p>    			<br><br>,,,1-800-838-3006,The Three Musketeers,http://bellevuecollege.edu/artshum/Drama/index.html,03/09/2011-03/12/2011,http://www.seattleperforms.com/event/detail/440958499/The_Three_Musketeers
"507 S 3rd St., Renton, WA, 98055",Renton Civic Theater,"A group of strangers stranded in a boarding house during a snow storm, one of whom is a murderer. The suspects include the newly married couple who run the house. Others are a spinster with a curious background, an architect who seems better equipped to be a chef, a retired Army major, a strange little man who claims his car has overturned in a drift, and a jurist who makes life miserable for everyone. PG</p>			</p>    			<br><br>",boxoffice@rentoncivictheater.org,http://www.seattleperforms.com/sites/seattleperforms.com/images/event/440989861/rentoncivictheaterlogo30_medium.jpg,425-226-5529,The Mousetrap by Agatha Christie,http://www.rentoncivictheater.org,02/25/2011-03/12/2011,http://www.seattleperforms.com/event/detail/440989861/The_Mousetrap_by_Agatha_Christie
"1308 5th Avenue, Seattle, WA, 98101",5th Avenue Theatre,"Experience the most talked about new show on Broadway: Next to Normal. This acclaimed, groundbreaking musical &quot;pushes Broadway in new directions&quot; (Rolling Stone). With a thrilling contemporary score, Next to Normal  is an emotional powerhouse&mdash;a story about the stop/start life of a bipolar mother and the hell her unreality wreaks on her family as she rides the sharp edge between coping and insanity.</p>			</p>    			<br><br>",ticketing@5thavenue.org,http://www.seattleperforms.com/sites/seattleperforms.com/images/event/5631/nexttonormal-img01_medium.jpg,,Next to Normal,http://www.5thavenue.org,02/22/2011-03/13/2011,http://www.seattleperforms.com/event/detail/5631/Next_to_Normal
"4045 University Way, Seattle, WA, 98105",Jones Playhouse,"By Bertolt Brecht, directed by Alyson Roux<br> <br> In an attempt to settle property disputes after an apocalyptic war, a village performs an ancient parable for its neighbors. In it, amidst civil strife and unrest, a young servant girl risks her life to save an abandoned child of noble birth. Years later, when the biological mother demands the child back, an unconventional judge, who is not always guided by the letter of the law, devises the test of the chalk circle to decide their fates.<br> <br> No late seating for School of Drama events.</p>			</p>    			<br><br>",prcomm@u.washington.edu,http://www.seattleperforms.com/sites/seattleperforms.com/images/event/440916709/chalk_circle_medium.jpg,206-543-4880,The Caucasian Chalk Circle,http://www.meany.org/tickets/default.aspx?prod=4262,02/27/2011-03/13/2011,http://www.seattleperforms.com/event/detail/440916709/The_Caucasian_Chalk_Circle
"16587 NE 74th St, Redmond, WA, 98052",SecondStory Repertory Theatre,"adapted by Geraldine Ann Snyder<br> <br> One of Aesop&rsquo;s most famous fables! A young boy learns his morals the hard way, as he discovers that honesty is the best policy.</p>			</p>    			<br><br>",boxoffice@secondstoryrep.org,http://www.seattleperforms.com/sites/seattleperforms.com/images/event/440968453/bw_medium.jpg,(425) 881-6777,The Boy Who Cried Wolf,http://www.secondstoryrep.org,03/04/2011-03/20/2011,http://www.seattleperforms.com/event/detail/440968453/The_Boy_Who_Cried_Wolf
"2710 Wetmore Avenue, Everett, WA, 98201",Everett Performing Arts Center,"Sleuth <br>By Anthony Shaffer <br> <br>Wealthy mystery novelist Andrew Wyke invites young Milo Tindle to his elegant, isolated country house to settle a bit of unpleasant business; Milo is having an affair with Andrew's wife. What begins as a bizarre cat and mouse game of robbery spirals into a complex duel of wits and deception. Packed with thrills, and twists and turns that continue to tip the scale, this Tony Award-winning puzzle will keep you guessing up to the very deadly end!  <br> <br> <br>			</p>    			<br><br>",boxofficeeverett@villagetheatre.org,,425-257-8600,Sleuth - Everett,,03/04/2011-03/27/2011,http://www.seattleperforms.com/event/detail/5384/Sleuth_Everett
"402 Sixth St. S, Kirkland, WA, 98033",Studio East Mainstage Theater,Singin' in the Rain			</p>    			<br><br>,info@studio-east.org,http://www.seattleperforms.com/sites/seattleperforms.com/images/org/360/storybooktheaterstudioeast_medium.jpg,425-820-1800,Studio East presents Singin' in the Rain,http://www.studio-east.org/,03/11/2011-03/27/2011,http://www.seattleperforms.com/event/detail/5694/Studio_East_presents_Singin_in_the_Rain
"210 North I Street, Tacoma, WA, 98403",Tacoma Little Theatre,"by Georges Feydeau, Translated by David Ives<br> March 4th through March 27th 2011<br> Friday and Saturday 7:30pm, Sunday 2:00pm<br> Pay What You Can: March 10, 2011 at 7:30pm <br> Actor Benefit: March 26, 2011 at 2:00pm<br> <br> A Flea in Her Ear is the greatest of French farces, perhaps the greatest farce ever written. Raymonde Chandebise suspects that her husband, Victor, a placid and successful insurance executive, is secretly having an affair. To find out, she and her friend Lucienne write him an anonymous love letter suggesting a rendezvous at the shady Frisky Puss Hotel. Thinking the letter was intended for his coworker, the gigolo Tournel, Victor sends Tournel off to make the rendezvous in his place. Lucienne&rsquo;s jealous Spanish husband, meanwhile, finds the letter, recognizes his wife&rsquo;s handwriting and takes his pistols to the Frisky Puss, hoping to catch her in the act. Meanwhile,Victor&rsquo;s nephew Camille tries to warn everyone about the mix-up, but his ridiculous speech impediment prevents anyone from understanding him. In Act Two, all decamp to the Frisky Puss where, it turns out, the drunken bellboy Poche is the exact double of the proper Victor Chandebise. Meeting Poche and thinking she&rsquo;s been caught by her husband, Raymonde keeps trying to escape from the hotel with Tournel, but a revolving bed keeps flinging them from room to room, as more and more of the involved parties pile into the hotel in a climax culminating in the entrance of the jealous Spaniard and his pistols. In Act Three the vortex spins even faster as all the parties return to the Chandebise home utterly confused about what actually happened and who was who at the Frisky Puss. The drunken bellboy arrives, is mistaken once again for Victor, and all the threads of the multiple mix-ups are sorted out as Victor and Raymonde recognize their mutual confusions and are reunited.</p>			</p>    			<br><br>",tlt@tacomalittletheatre.com,http://www.seattleperforms.com/sites/seattleperforms.com/images/event/440989775/flea_icon_medium.jpg,253-272-2281,A Flea in Her Ear,http://www.tacomalittletheatre.com,03/04/2011-03/27/2011,http://www.seattleperforms.com/event/detail/440989775/A_Flea_in_Her_Ear
"4711 California Ave SW, Seattle, WA, 98116",ArtsWest Playhouse,"Jesse is nine. Jesse can't focus. Mama helps. Dad ignores. The teacher scolds, the neighbors gossip, the psychiatrists prescribe, the audience laughs, but""¦NO ONE LISTENS. Welcome to Lisa Loomer's (The Waiting Room) darkly comic Distracted, a story about a multi-tasking mom taking on the culture of Attention Deficit Hyperactivity Disorder. Her quixotic husband is in denial, leaving her to take on accepted science and mythic homeopathy all by herself. Fast paced, disarmingly funny, and direct from a wildly successful run on Broadway, this is a riveting gaze at parenting, childhood, and looking for fast answers in the age of Ritalin. Adult language and themes. Recommended for ages 14 and older. <br>""****A chronically entertaining comedy!"" ""“ New York Daily News <br>""Focus, people! Distracted is superb!"" ""“ Associated Press			</p>    			<br><br>",boxoffice@artswest.org,,206-938-0339,Distracted,https://www.choicesecure01.net/mainapp/eventschedule.aspx?clientID=artswest,03/09/2011-04/02/2011,http://www.seattleperforms.com/event/detail/5516/Distracted
"700 Union St, Seattle, WA, 98101",ACT Theatre,"Three women. Three decades. One friendship.</p> <p>A special Northwest premiere produced by The 5th Avenue Theatre and ACT &ndash; A Contemporary Theatre, to be performed at the intimate Falls Theatre at ACT.</p> <p>In Vanities: A New Musical, you&rsquo;ll set off on a life-affirming journey through the turbulent &rsquo;60s to the late &rsquo;80s and discover how three friends face life&rsquo;s defining moments: growing up, getting older and getting over it. Vanities is a funny and poignant look at three women who discover that, even in 30 years of rapidly changing times, the one thing they can rely on is each other.</p>			</p>    			<br><br>",rvice@acttheatre.org,http://www.seattleperforms.com/sites/seattleperforms.com/images/event/5630/vanities_medium.jpg,,Vanities: A New Musical,http://www.5thavenue.org,02/04/2011-04/03/2011,http://www.seattleperforms.com/event/detail/5630/Vanities_A_New_Musical
"612 East 4th Ave, Olympia, WA, 98501",Capital Playhouse,"This enchanting classic of children’s literature is now a brilliant musical by Pulitzer Prize winning playwright Marsha Norman. Orphaned in India, sickly, sour-faced 11-year-old Mary returns to Yorkshire to live with her embittered, reclusive uncle – still mourning the loss of his wife – and his disagreeable, bedridden son on their estate. Mary uncovers the key to a magic locked garden housed on the estate and secretly resolves to tend and revive the overgrown sanctuary with the help of a new-found friend, Dickon. Flashbacks, dream sequences, a strolling chorus of ghosts, and some of the most beautiful music ever written for Broadway dramatize The Secret Garden’s compelling tale of regeneration. This Tony Award® winner for Best Book of a Musical is a treasure for both children and adults.<br>			</p>    			<br><br>",info@capitalplayhouse.com,http://www.seattleperforms.com/sites/seattleperforms.com/images/event/440952881/secretgarden_medium.gif,360-943-2744,The Secret Garden,http://www.capitalplayhouse.com/performances1011.html#secret,03/17/2011-04/09/2011,http://www.seattleperforms.com/event/detail/440952881/The_Secret_Garden
"305 Harrison Street, Seattle, WA, 98109",Seattle Center House,"Set in 1924 Montana, Prairie Nocturne tells the story of two former lovers reunited to share in an extraordinary goal: launching the singing career of Month Rathbun, a black chauffeur and former rodeo clown who possesses a surprisingly phenomenal voice. Ivan Doig's rich, poetic narrative runs headlong toward the challenges of racism in the West, circles back into his characters' pasts, and reels ahead into their shared futures in New York during the Harlem Renaissance. 			</p>    			<br><br>",,http://www.seattleperforms.com/sites/seattleperforms.com/images/org/21/bookitrepertorytheatre_medium.jpg,206.216.0833,Prairie Nocturne,http://www.book-it.org,03/15/2011-04/10/2011,http://www.seattleperforms.com/event/detail/5600/Prairie_Nocturne
"7312 W. Green Lake Dr. N., Seattle, WA, 98103",Bathhouse Theater,"What does it mean to be truly happy? Explore the meaning March 18th-April 10th, 2011 in the tragically funny drama The Happy Ones by Julie Marie Myatt.  When tragedy strikes Walter, the only person who can help him reclaim his life is the person who inadvertently destroyed it. The Happy Ones is an uplifting ­ and, surprisingly funny, ­new play by a rising star in American theater.<br><br> <br><br> Featuring David Hsieh, Macall Gordon, Shawn Law, and K. Brian Neel<br><br> <br><br> Directed By David Gassner<br><br> <br><br> The show runs approximately 2 hours with one 15-minute intermission. <br><br> <br><br> Some Language: Recommended for ages 10 and up at parents' discretion			</p>    			<br><br>",boxoffice@seattlepublictheater.org,http://www.seattleperforms.com/sites/seattleperforms.com/images/event/441089121/eventpic-happyones_medium.jpg,206-524-1300,The Happy Ones,http://www.seattlepublictheater.org,03/17/2011-04/10/2011,http://www.seattleperforms.com/event/detail/441089121/The_Happy_Ones
"1500 Summit Ave, Seattle, WA, 98122",Theater Schmeater,"From the television series created by Rod Serling<br><br> Directed by Tim Moore<br><br> <br><br> Featuring three episodes straight from the classic TV series:  <br><br> Time Enough at Last<br><br> The Obsolete Man <br><br> The Monsters are Due on Maple Street <br><br> <br><br> Directed by long time Schmee Alum, Tim Moore (who also will play “Rod”), <br><br> The Twilight Zone: Live! brings back to life all the Cold War era’s anxieties and angst, paranoia and paradoxes.  A long time audience favorite at The Schmee, The Twilight Zone: Live! breathes new life into these trusted tales of a simpler time, when the aliens wore silly hats, and the enemy always came from without.<br><br> 			</p>    			<br><br>",Support@BrownPaperTickets.com,http://www.seattleperforms.com/sites/seattleperforms.com/images/org/169/theaterschmeater_medium.jpg,1-800-838-3006,The Twilight Zone: LIVE! 2011,http://www.schmeater.org/plays/2011/thetwilightzone2011/,03/18/2011-04/16/2011,http://www.seattleperforms.com/event/detail/441070087/The_Twilight_Zone_LIVE_2011
"7116 6th Ave, Tacoma, WA, 98406",Tacoma Musical Playhouse,"Based on Fellini&rsquo;s classic film, 8 1/2 , this spectacular musical delighted Broadway theatergoers in a hit revival in 2003 starring Antonio Banderas. Nine is the story of a celebrated film director, Guido Contini (played by Rafe Wadleigh), who has has turned 40 and faces a double crises: he has to shoot a film for which he can't write the script, and his wife of twenty years, the film star Luisa del Forno (Maria Valenzuela), may be about to leave him if he can't pay more attention to the marriage. As it turns out, it is the same crisis that is blocking his creative impulses and entangling him in a web of romantic difficulties in early-1960s Venice.<br> <br> <br> The original Broadway production opened in 1982 and ran for 729 performances, starring Raul Julia. The musical won five Tony Awards, including best musical, and is now also a major motion picture (2009).  <br> <br> Not recommended for children 13 and younger.</p>			</p>    			<br><br>",,,253-565-6867,NINE. THE MUSICAL,http://www.tmp.org,03/25/2011-04/17/2011,http://www.seattleperforms.com/event/detail/5649/NINE_THE_MUSICAL
"507 S 3rd St., Renton, WA, 98055",Renton Civic Theater,"Conservative Ben Gerard doesn't understand his 15-year-old daughter, Christi, who bitterly tries to exert her independence. Mimi, the wife and mother, tries to straddle the widening gulf between father and daughter during a family &quot;vacation.&quot; A wistful stranger, Violet Aldrich, appears, but is it too late to salvage the family? &quot;Hitchcockian&quot; suspense that leads to a shocking ending.</p>			</p>    			<br><br>",boxoffice@rentoncivictheater.org,http://www.seattleperforms.com/sites/seattleperforms.com/images/event/440989869/rentoncivictheaterlogo30_medium.jpg,425-226-5529,Rest Stop,http://www.rentoncivictheater.org,04/10/2011-04/18/2011,http://www.seattleperforms.com/event/detail/440989869/Rest_Stop
"204 N. 85th St, Seattle, WA, 98103",Taproot Theatre,"Germany. 1933: The Nazi party has taken power. In the face of the greatest evil of the 20th century. Dietrich Bonhoeffer battles questions of morality, political allegiance and religious conviction. This true story will keep you on the edge of your seat a</p>			</p>    			<br><br>",,http://www.seattleperforms.com/sites/seattleperforms.com/images/org/159/taproottheatrecompany_medium.jpg,,The Beams are Creaking,http://www.taproottheatre.org/buy-tickets,03/23/2011-04/23/2011,http://www.seattleperforms.com/event/detail/5656/The_Beams_are_Creaking
"1308 5th Avenue, Seattle, WA, 98101",5th Avenue Theatre,"Put on your power suit and enjoy a hilarious tale of laughter, friendship, and premeditated workplace revenge. Outrageously fun and thought-provoking, this direct-from-Broadway musical comedy sends you on the job with three unlikely friends who conspire to take control of their company and learn there's nothing they can't do -- even in a man's world! Based on the hit movie and featuring an exuberant Tony Award&reg; -and Grammy-nominated score by the legendary songwriter, Dolly Parton, this is a crazy conspiracy you won&rsquo;t want to miss.</p>			</p>    			<br><br>",ticketing@5thavenue.org,http://www.seattleperforms.com/sites/seattleperforms.com/images/event/5634/9to5-img01_medium.jpg,,9 to 5 the Musical,http://www.5thavenue.org,04/05/2011-04/24/2011,http://www.seattleperforms.com/event/detail/5634/9_to_5_the_Musical
"303 Front Street North, Issaquah, WA, 98027",Village Theatre,"Iron Curtain <br>Book by Susan DiLallo <br>Music by Stephen Weiner <br>Lyrics by Peter Mills <br> <br>There's no Communism like Show-Communism! When the Soviets set out to create a Broadway musical, they decide they'll need to bring in some real New York writers - by force, if necessary. Enter Howard and Murray, two down and out musical theatre writers, who are on the brink of throwing in the towel. Kidnapped, taken to Moscow, and forced to fix the worst musical ever written, these two characters suddenly find themselves working under the gun""¦literally! With an uproarious and upbeat score, Iron Curtain is a knock 'em down hit with laughs at every corner.  <br>			</p>    			<br><br>",boxoffice@villagetheatre.org,,425-392-2202,Iron Curtain,,03/17/2011-04/24/2011,http://www.seattleperforms.com/event/detail/5385/Iron_Curtain
"400 E. University Ave., Ellensburg, WA, 98926",Central Washington University - Milo Smith Tower Theater,"Based on the enchanting fairytale by Hans Christian Anderson, The Snow Queen tells the story of Kai and Gerda, the best of friends, until Kai falls under the spell of an evil wizard and becomes the slave of the imperious Snow Queen. It is up to Gerda to take a long journey into the frozen heart of winter, to find and save her friend. The Snow Queen is both a thrilling adventure and a fable about the healing power of love. <br> <br>Family Friendly			</p>    			<br><br>",boxoffice@cwu.edu,http://www.seattleperforms.com/sites/seattleperforms.com/images/org/441/centraltheatreensemble_medium.jpg,509-963-1774,The Snow Queen,http://www.cwu.edu/~theatre/tix,04/22/2011-04/24/2011,http://www.seattleperforms.com/event/detail/5556/The_Snow_Queen
"950 Main Street, Edmonds, WA, 98020",The Wade James Theatre,Nunsense by Dan Goggin			</p>    			<br><br>,info@driftwoodplayers.com,http://www.seattleperforms.com/sites/seattleperforms.com/images/org/45/edmondsdriftwoodplayers_medium.jpg,425-774-9600,Nunsense,,04/01/2011-04/24/2011,http://www.seattleperforms.com/event/detail/5704/Nunsense
"400 E. University Ave., Ellensburg, WA, 98926",Central Washington University - Milo Smith Tower Theater,"By Mike Kenny<br> based on the Story by Hans Christian Andersen<br> <br> Based on the enchanting fairytale by Hans Christian Anderson, The Snow Queen tells the story of Kai and Gerda, the best of friends, until Kai falls under the spell of an evil wizard and becomes the slave of the imperious Snow Queen. It is up to Gerda to take a long journey into the frozen heart of winter, to find and save her friend. The Snow Queen is both a thrilling adventure and a fable about the healing power of love.<br> <br> <br> <br> Family Friendly			</p>    			<br><br>",boxoffice@cwu.edu,http://www.seattleperforms.com/sites/seattleperforms.com/images/event/440957669/snow_medium.jpg,509-963-1774,The Snow Queen,http://www.cwu.edu/~theatre/tix/,04/22/2011-04/24/2011,http://www.seattleperforms.com/event/detail/440957669/The_Snow_Queen
"16587 NE 74th St, Redmond, WA, 98052",SecondStory Repertory Theatre,"Music and Lyrics by William Finn. Book by Rachel Sheinkin. <br> This deliriously silly musical began life as an improv comedy show, but eventually became a Tony Award-winning Broadway smash. You&rsquo;ve never rooted for a crazier bunch of &ldquo;kids&rdquo;. You may even get a chance to out spell them&hellip;!</p>			</p>    			<br><br>",boxoffice@secondstoryrep.org,http://www.seattleperforms.com/sites/seattleperforms.com/images/event/440968447/putnam_spelling_medium.jpg,(425) 881-6777,The 25th Annual Putnam County Spelling Bee,http://secondstoryrep.org,04/01/2011-04/30/2011,http://www.seattleperforms.com/event/detail/440968447/The_25th_Annual_Putnam_County_Spelling_Bee
"4001 University Way Northeast, Seattle, WA, 98105",Meany Studio Theatre,"By Mary Zimmerman, <br> Directed by Julie Beckman<br> <br> Remember the dark side of fairy tales? Combined in fragments, lesser-known European fairy tales take us on a journey fraught with primeval fears and desires. A frightened little girl pleads with her callous parents not to leave her at home with the neighbor next door. &quot;He's got a tail!&quot; she exclaims. This &ldquo;Ogre&rdquo; and storyteller becomes her guide and ours, distracting us with tales marvelous and cruel, pausing only to pose the question &ldquo;Will you marry me?&rdquo; With striking imagery and a contemporary, comic edge, stories flow together to create a vivid fantasy world inspiring fear, wonder, and at last a strange catharsis.<br> <br> No late seating for School of Drama events.</p>			</p>    			<br><br>",ticket@u.washington.edu,http://www.seattleperforms.com/sites/seattleperforms.com/images/event/440916711/secret_wings_small_medium.jpg,206-543-4880,The Secret in the Wings,http://www.meany.org/tickets/production.aspx?performanceNumber=4279,04/17/2011-05/01/2011,http://www.seattleperforms.com/event/detail/440916711/The_Secret_in_the_Wings
"8703 160th Avenue NE, Redmond, WA, 98052",Fred W Meitzer Theater,"Based on the true story of a mysterious Hollywood death, The Cat's Meow offers a fascinating cross section of Jazz Era characters who intersect for one notorious weekend on board William Randolph Hearst's yacht.</p>			</p>    			<br><br>",ticketing@redwoodtheatre.org,http://www.seattleperforms.com/sites/seattleperforms.com/images/event/441020961/cat_thumb_medium.jpg,(425) 522-3730,The Cat's Meow,http://redwoodtheatre.org/2011/cats_meow.html,04/29/2011-05/14/2011,http://www.seattleperforms.com/event/detail/441020961/The_Cats_Meow
,,"StoryBook Theater Presents <br>Sleeping Beauty <br>Adaptation by Lani Brockman <br>Music & Lyrics by Susan Bardsley  <br>April - May, 2011 <br> <br>Princess Beauty is a cutey, but being pretty doesn't cut it when you really want to slay dragons and find adventure. Will Beauty get to be her very own hero-or will she be interrupted by a 100-year nap? And will the Prince save her ""“ or will she save him?  (This version isn't just for little girls-boys will love it, too!) <br>Recommended for ages 3 and up. Produced by Studio East. <br>			</p>    			<br><br>",,http://www.seattleperforms.com/sites/seattleperforms.com/images/org/360/storybooktheaterstudioeast_medium.jpg,425-820-1800,Sleeping Beauty,http://www.StoryBookTheater.org,04/23/2011-05/15/2011,http://www.seattleperforms.com/event/detail/5667/Sleeping_Beauty
"400 E. University Ave., Ellensburg, WA, 98926",Central Washington University - McConnell Auditorium,"By William Wycherley<br> <br> <br> Linguistic energy, sharp social satire and a sexy romp, just about summarize William Wycherley&rsquo;s classic, Restoration comedy, The Country Wife. Written in 1675, this fast paced and rollicking comedy has lost none of its punch for contemporary audiences who will love the wonderful characters and ribald situations. The plot turns on two indelicate plot devices: a rake's trick of pretending impotence in order to have clandestine affairs with married women, and the arrival in London of an inexperienced young &quot;country wife&quot; and her discoveries of the joys of the big city and London men. Done in high style with beautiful costumes and high energy, this is a must see for those who love English period comedy.<br> <br> <br> Due to adult themes not appropriate for babes in arms or children under 13.			</p>    			<br><br>",boxoffice@cwu.edu,http://www.seattleperforms.com/sites/seattleperforms.com/images/event/440957681/the_country_wife_medium.jpg,509-963-1774,The Country Wife,http://www.cwu.edu/~theatre/tix/,05/05/2011-05/15/2011,http://www.seattleperforms.com/event/detail/440957681/The_Country_Wife
"7400 Sand Point Way NE, Seattle, WA, 98115",Magnuson Park Community Theatre,An ambivalent Cinderella? A blood-thirsty Little Red Riding Hood? A Prince Charming with a roving eye?  They're all among the cockeyed characters in this fractured fairy tale by Stephen Sondheim. What begins as an irreverent fantasy becomes a moving lesson about community responsibility and the stories we tell our children.			</p>    			<br><br>,ann@seattlemusicaltheatre.org,http://www.seattleperforms.com/sites/seattleperforms.com/images/org/32/seattlemusicaltheatre_medium.gif,206-363-2809,Into the Woods,http://seattlemusicaltheatre.org,04/29/2011-05/21/2011,http://www.seattleperforms.com/event/detail/440963825/Into_the_Woods
"400 E. University Ave., Ellensburg, WA, 98926",Central Washington University - McConnell Auditorium,"CTE will end the theatrical season with the annual Red Curtain Review, featuring the students in the Musical Theatre Performance program. Performing numbers from musicals from such diverse shows as Camelot to Beauty and the Beast, and Avenue Q, these talented performers will entertain you with their skills in singing, dancing, and acting. You will hear and see some of your favorite songs along with some new contemporary Tony award winning numbers. Be sure to come and see these young performers here, before many of them leave for the summer to perform in venues throughout the United States and Europe. <br> <br>Recommended for family audiences with children 8 and above.			</p>    			<br><br>",boxoffice@cwu.edu,http://www.seattleperforms.com/sites/seattleperforms.com/images/org/441/centraltheatreensemble_medium.jpg,509-963-1774,Red Curtain Review,http://www.cwu.edu/~theatre/tix,05/20/2011-05/22/2011,http://www.seattleperforms.com/event/detail/5558/Red_Curtain_Review
"16587 NE 74th St, Redmond, WA, 98052",SecondStory Repertory Theatre,"By Robert and Willie Reale<br> Based on the stories written and illustrated by Arnold Lobel.<br> <br> Cheerful Frog and grumpy Toad awaken from their hibernation in the spring and spend a year planting gardens, swimming, raking leaves and sledding. Along the way, they learn the true value of friendship. Based on the beloved series of tales by Arnold Lobel.</p>			</p>    			<br><br>",boxoffice@secondstoryrep.org,http://www.seattleperforms.com/sites/seattleperforms.com/images/event/440968457/f&t_medium.jpg,(425) 881-6777,A Year with Frog and Toad,http://www.secondstoryrep.org,05/06/2011-05/22/2011,http://www.seattleperforms.com/event/detail/440968457/A_Year_with_Frog_and_Toad
"612 East 4th Ave, Olympia, WA, 98501",Capital Playhouse,"From the songwriting team who brought you Chicago and Cabaret we present a piece filled with heat, passion and Latin flare. Cell mates in a Latin American prison where torture and deprivation are the norm, Valentin and Molina form a close camaraderie in which they test the boundaries of love, friendship and fantasy. Richards Hinds (choreographer for last season’s Joseph…Dreamcoat) returns to direct and choreograph this multiple Tony Award® winning musical based on the novel by Manuel Puig. Kiss of the Spider Woman revamps a vexing tale of persecution into a stunning spectacle that contrasts gritty realities with liberating fantasies and explores the barrier between reality and the cinematic world that is created by the Spider Woman who kills with a kiss.<br>			</p>    			<br><br>",info@capitalplayhouse.com,http://www.seattleperforms.com/sites/seattleperforms.com/images/event/440952882/spiderwoman_medium.gif,360-943-2744,Kiss of the Spider Woman,http://www.capitalplayhouse.com/performances1011.html#kiss,05/05/2011-05/28/2011,http://www.seattleperforms.com/event/detail/440952882/Kiss_of_the_Spider_Woman
"3000 Landerholm Circle SE, Bellevue, WA, 98007",Stop Gap Theatre Bellevue College,"Celebration!<br> <br> <br> Book and lyrics by Tom Jones, Music by Harvey Schmidt<br> <br> <br> In a post apocalyptic world a young man fights with a corporate giant for his lost garden.  The girl between them is trying to keep her head above water and below bullets in this uplifting show by the authors/composers of The Fantastiks<br> <br> <br>			</p>    			<br><br>",,http://www.seattleperforms.com/sites/seattleperforms.com/images/org/486/bellevuecollege_medium.jpg,1-800-838-3006,Celebration: A Musical by Schmidt and Jones,http://bellevuecollege.edu/artshum/Drama/index.html,05/20/2011-05/28/2011,http://www.seattleperforms.com/event/detail/440958531/Celebration_A_Musical_by_Schmidt_and_Jones
"200 Madison Ave N, Bainbridge Island, WA, 98110",Bainbridge Performing Arts,"Chicago has everything that makes Broadway great: a universal tale of fame, fortune and all that jazz. </p> <p>Book by FRED EBB and BOB FOSSE. Music by JOHN KANDER. Lyrics by FRED EBB<br> </p>			</p>    			<br><br>",,http://www.seattleperforms.com/sites/seattleperforms.com/images/org/15/bainbridgeperformingarts_medium.jpg,,Chicago,http://www.bainbridgeperformingarts.org/Tickets_webtix.html,05/12/2011-05/29/2011,http://www.seattleperforms.com/event/detail/5432/Chicago
"NE 45th St. and 17th Ave. NE, Seattle, WA, 98105",Penthouse Theatre,"By Steve Martin, <br> Directed by Andrew McGinn<br> <br> Einstein, Picasso... Steve Martin? Great minds think alike, or do they? Twenty-somethings Albert Einstein and Pablo Picasso meet at a bar in Paris, 1904. Playwright Steve Martin draws on his famous sense of funny for comic revelations high and low. Picasso and Einstein along with a colorful bunch of Parisians struggle to define sex, art, and human perception in anticipation of the breakthrough that marks the beginning of a new era. Conversation flows with hilarious results until an unlikely latecomer (with killer hip action) appears with a message from the future...<br> <br> No late seating for School of Drama events.</p>			</p>    			<br><br>",ticket@u.washington.edu,http://www.seattleperforms.com/sites/seattleperforms.com/images/event/440916719/picasso_small_medium.jpg,206-543-4880,Picasso at the Lapin Agile,http://www.meany.org/tickets/default.aspx?prod=4294,05/15/2011-05/29/2011,http://www.seattleperforms.com/event/detail/440916719/Picasso_at_the_Lapin_Agile
"7116 6th Ave, Tacoma, WA, 98406",Tacoma Musical Playhouse,"The story of a meddlesome widow who strives to bring romance to several couples and herself, Hello, Dolly! is a whirlwind race following the adventures of America's most beloved matchmaker at the turn of the twentieth century. This show has become one of the most enduring musical theater hits of all time, enjoying three Broadway revivals, international success and an Academy Award nominated film. This fabulous musical theater classic is a great way to celebrate Mother's Day, too!<br> <br><br> <br>			</p>    			<br><br>",,,253-565-6867,HELLO DOLLY!,http://www.tmp.org,05/06/2011-05/29/2011,http://www.seattleperforms.com/event/detail/5651/HELLO_DOLLY
"210 North I Street, Tacoma, WA, 98403",Tacoma Little Theatre,"music and lyrics by Pete Townshend, book by Pete Townshend and Des McAnuff<br> additional music and lyrics by John Entwistle and Keith Moon<br> April 29th through May 29th 2011<br> Friday and Saturday 7:30pm, Sunday 2:00pm<br> Pay What You Can: May 5, 2011 at 7:30pm<br> Actor Benefit: May 28, 2011 at 2:00pm<br> <br> The tony winning Rock Opera comes to Tacoma.  Based on The Who&rsquo;s 1969 concept album &ldquo;Tommy&rdquo; the musical follows a catatonic child &ndash; Tommy &ndash; from his tragic early life in the wake of the Second World War to his ascension to stardom as a pinball wizard, and the awakening of his humanity.</p>			</p>    			<br><br>",tlt@tacomalittletheatre.com,http://www.seattleperforms.com/sites/seattleperforms.com/images/event/440989777/tommyicon_medium.jpg,253-272-2281,The Who's TOMMY,http://www.tacomalittletheatre.com,04/29/2011-05/29/2011,http://www.seattleperforms.com/event/detail/440989777/The_Whos_TOMMY
,,"Based on the enchanting fairytale by Hans Christian Anderson, The Snow Queen tells the story of Kai and Gerda, the best of friends, until Kai falls under the spell of an evil wizard and becomes the slave of the imperious Snow Queen. It is up to Gerda to take a long journey into the frozen heart of winter, to find and save her friend. The Snow Queen is both a thrilling adventure and a fable about the healing power of love. <br> <br>Family Friendly			</p>    			<br><br>",boxoffice@cwu.edu,http://www.seattleperforms.com/sites/seattleperforms.com/images/org/441/centraltheatreensemble_medium.jpg,509-963-1774,The Snow Queen NW Tour,http://www.cwu.edu/~theatre/tix,04/26/2011-06/03/2011,http://www.seattleperforms.com/event/detail/5559/The_Snow_Queen_NW_Tour
"1308 5th Avenue, Seattle, WA, 98101",5th Avenue Theatre,"The slickest high rollers are in town, and they&rsquo;re depending on Nathan Detroit to score a secret spot for their floating crap game. Trouble is, he&rsquo;s $1,000 shy. Throw in Sarah Brown, who's short on sinners at the mission; Sky Masterson, who accepts Nathan's $1000 bet that he can't lure Sarah Brown to Havana; Miss Adelaide, who&rsquo;s desperate to marry Nathan; the meddling Police Lieutenant Brannigan; and the lively lyrics and music of Frank Loesser, and you've got an evening to remember&mdash;you can bet on it!</p>			</p>    			<br><br>",ticketing@5thavenue.org,http://www.seattleperforms.com/sites/seattleperforms.com/images/event/5635/guysanddolls-img01_medium.jpg,,Guys and Dolls,http://www.5thavenue.org,05/12/2011-06/05/2011,http://www.seattleperforms.com/event/detail/5635/Guys_and_Dolls
"402 Sixth St. S, Kirkland, WA, 98033",Studio East Mainstage Theater,Annie			</p>    			<br><br>,info@studio-east.org,http://www.seattleperforms.com/sites/seattleperforms.com/images/org/360/storybooktheaterstudioeast_medium.jpg,425-820-1800,Studio East presents Annie,http://www.studio-east.org/,05/20/2011-06/12/2011,http://www.seattleperforms.com/event/detail/5695/Studio_East_presents_Annie
"7312 W. Green Lake Dr. N., Seattle, WA, 98103",Bathhouse Theater,"SPT&rsquo;s season wraps up May 20th-June 12th with the a fresh look at George Bernard Shaw&rsquo;s charming and delightful classic, Arms and the Man. Here is the master of wit and social comedy at his most entertaining and romantic. As heroism and militarism are laid bare against the foibles of middle-class pretensions, love and romance run amok.<br> <br> Featuring Gordon Carpenter, Ryan Childers, Mark Fullerton, Julie Jamieson, Brenda Joyner, Anne Kennedy, and Frank Lawler<br> <br> Directed by Shana Bestock<br> <br> The show runs approximately 1hour 45 minutes with no intermission. <br> <br> Appropriate for all ages</p>			</p>    			<br><br>",boxoffice@seattlepublictheater.org,http://www.seattleperforms.com/sites/seattleperforms.com/images/event/441089539/eventpic-arms_medium.jpg,206-524-1300,Arms and the Man,http://www.seattlepublictheater.org,05/19/2011-06/12/2011,http://www.seattleperforms.com/event/detail/441089539/Arms_and_the_Man
"204 N. 85th St, Seattle, WA, 98103",Taproot Theatre,A West Coast Premiere. The girls' club pledge never promised camping would be easy...for the moms.  In the late night mayhem of a backwoods campout a storm rages outside. while a squall builds inside the cabin.</p> <br>			</p>    			<br><br>,,http://www.seattleperforms.com/sites/seattleperforms.com/images/org/159/taproottheatrecompany_medium.jpg,,Brownie Points,http://www.taproottheatre.org/buy-tickets,05/18/2011-06/18/2011,http://www.seattleperforms.com/event/detail/5657/Brownie_Points
"1500 Summit Ave, Seattle, WA, 98122",Theater Schmeater,"Adapted for the stage by Erika Anne Soerensen		<br><br> Seattle Premier!<br><br> Directed by J.D. Lloyd<br><br> <br><br> “Why can’t I be Ms. Pink?” becomes the question of the moment in this gender reversal of Quentin Tarantino’s cult classic, Reservoir Dogs.  The groundbreaking cinematic tale of a caper gone terribly wrong transferred to the stage, Reservoir Dolls is packed with gun-toting gals with killer smiles and serious intentions.  <br><br> 			</p>    			<br><br>",Support@BrownPaperTickets.com,http://www.seattleperforms.com/sites/seattleperforms.com/images/org/169/theaterschmeater_medium.jpg,1-800-838-3006,Reservoir Dolls,http://www.schmeater.org/plays/2011/reservoirdolls/,05/20/2011-06/18/2011,http://www.seattleperforms.com/event/detail/441070089/Reservoir_Dolls
"16587 NE 74th St, Redmond, WA, 98052",SecondStory Repertory Theatre,"By Ernest Thompson <br> Norman and Ethel spend every summer at their lake house in Maine. When their daughter visits one year, she brings a boyfriend and his son along &ndash; hoping her parents will look after the boy while she and her fianc&eacute; go off traveling. A heartwarming play about relationships that sometimes take a lifetime to unfold.</p>			</p>    			<br><br>",boxoffice@secondstoryrep.org,http://www.seattleperforms.com/sites/seattleperforms.com/images/event/440968449/on_golden_medium.jpg,(425) 881-6777,On Golden Pond,http://www.secondstoryrep.org,06/03/2011-06/25/2011,http://www.seattleperforms.com/event/detail/440968449/On_Golden_Pond
"303 Front Street North, Issaquah, WA, 98027",Village Theatre,"Jesus Christ Superstar <br>Music by Andrew Lloyd Webber <br>Lyrics by Tim Rice <br> <br>Exploding onto the Mainstage is the groundbreaking theatrical masterpiece Jesus Christ Superstar by legendary writing team Andrew Lloyd Webber and Tim Rice. This extraordinary rock opera highlights the struggles of Jesus of Nazareth and Judas Iscariot during the last week of Jesus's life. With a vibrant score of chart-topping hits like ""Superstar"" and ""I Don't Know How to Love Him,"" Superstar is timeless and tremendously powerful.  <br>			</p>    			<br><br>",boxoffice@villagetheatre.org,,425-392-2202,Jesus Christ Superstar,,05/12/2011-07/03/2011,http://www.seattleperforms.com/event/detail/5387/Jesus_Christ_Superstar
"305 Harrison Street, Seattle, WA, 98109",Seattle Center House,"Jim Lynch's (The Highest Tide) second novel explores division - between the natural world and everyday human experience, between communities, and individuals. It's also a hopeful vision of the commonalities we can discover if we look at things just a little differently, the way Brandon Vanderkool - a 6'8"" dyslexic, bird watcher who joins the Border Patrol - does. Lynch's masterful use of metaphor unlocks these divisions and commonalities and offer an extraordinary potential for a dramatic re-telling in the Book-It Style (tm). 			</p>    			<br><br>",,http://www.seattleperforms.com/sites/seattleperforms.com/images/org/21/bookitrepertorytheatre_medium.jpg,206.216.0833,Border Songs,,06/08/2011-07/03/2011,http://www.seattleperforms.com/event/detail/5601/Border_Songs
"419 Washington Street, Port Townsend, WA, 98368",Key City Playhouse,"Friday, June 24 &mdash; Sunday, July 17<br> <br> (Previews on Tue Jun 21 and Thu Jun 23)<br> <br> Key City Public Theatre presents &ldquo;The Garden of Monsters&rdquo; by Mara Lathrop, a World Premiere directed by Denise Winter.<br> <br> In the waning days of WWII, a Jewish GI encounters a Holocaust survivor and the last shred of hope in all the world.  In the year 2045, a theatre director rehearses a play about the liberation of Dachau and forgets how to hope when she learns she has a fatal disease.<br> In present-day London, a writer's stories about the Holocaust are hijacked by a couple of clowns on a secret mission to heal the world.  As the stories and lives intertwine, hope itself travels a perilous journey.<br> Performances June 24 - July 17 at Key City Playhouse, 419 Washington St., Port Townsend. <br> For more info, call 360-385-7396 or visit keycitypublictheatre.org.</p>			</p>    			<br><br>",,http://www.seattleperforms.com/sites/seattleperforms.com/images/event/441088987/garden_title_--_color_medium.jpg,360-379-0195,"World Premiere: ""The Garden of Monsters"" by Mara Lathrop",http://www.keycitypublictheatre.org,06/21/2011-07/17/2011,http://www.seattleperforms.com/event/detail/441088987/World_Premiere_The_Garden_of_Monsters_by_Mara_Lathrop
"2710 Wetmore Avenue, Everett, WA, 98201",Everett Performing Arts Center,"Jesus Christ Superstar <br>Music by Andrew Lloyd Webber <br>Lyrics by Tim Rice <br> <br>Exploding onto the Mainstage is the groundbreaking theatrical masterpiece Jesus Christ Superstar by legendary writing team Andrew Lloyd Webber and Tim Rice. This extraordinary rock opera highlights the struggles of Jesus of Nazareth and Judas Iscariot during the last week of Jesus's life. With a vibrant score of chart-topping hits like ""Superstar"" and ""I Don't Know How to Love Him,"" Superstar is timeless and tremendously powerful.			</p>    			<br><br>",boxofficeeverett@villagetheatre.org,,425-257-8600,Jesus Christ Superstar - Everett,,07/08/2011-07/31/2011,http://www.seattleperforms.com/event/detail/5388/Jesus_Christ_Superstar_Everett
"1308 5th Avenue, Seattle, WA, 98101",5th Avenue Theatre,"Hold onto your seat and prepare to be swept away to the rugged plains of Oklahoma. This much-loved, time-honored classic tells the tale of a young Laurie and her quest to find true love and the American Dream. Can farmers and cowmen be friends? Will Ado Annie learn to say no? Will Curly ever be able to give Laurie the life she wants&mdash;and that surrey with the fringe on the top? There&rsquo;s only one way to find out. Join us for an unforgettable evening in Oklahoma!</p>			</p>    			<br><br>",ticketing@5thavenue.org,http://www.seattleperforms.com/sites/seattleperforms.com/images/event/5636/oklahoma-img01_medium.jpg,,Oklahoma!,http://www.5thavenue.org,07/08/2011-08/06/2011,http://www.seattleperforms.com/event/detail/5636/Oklahoma
"204 N. 85th St, Seattle, WA, 98103",Taproot Theatre,&quot;The butler didn't do it!&quot; So starts this murder mystery musical that has been delighting audiences for decades.  When wealthy Lord Rancour is found dead at his lakeside estate. the race to find out whodunit begins.  Filled with booby-traps and belted so</p>			</p>    			<br><br>,,http://www.seattleperforms.com/sites/seattleperforms.com/images/org/159/taproottheatrecompany_medium.jpg,,Something's Afoot,http://www.taproottheatre.org/buy-tickets,07/13/2011-08/13/2011,http://www.seattleperforms.com/event/detail/5658/Somethings_Afoot
,,"Friday, August 5 &mdash; Sunday, August 21<br> <br> Key City Public Theatre presents &ldquo;Macbeth&rdquo; its annual Shakespeare in the Park production, directed by Charlie Bethel.<br> <br> Outdoor performances Fri, Sat &amp; Sun at 6:00 p.m. from Aug 5 to 21 at Chetzemoka Park, Jackson &amp; Blaine streets, Port Townsend.<br> <br> Political intrigue!  Lust for power!!  Murder and mayhem!!!  Macbeth is the King&rsquo;s most trusted general until the prophecies of three witches and the ruthless ambitions of his own wife turn him to the dark side.  In their quest for glory, Macbeth and his Lady risk everything &ndash; including their own sanity.<br> Join us in August as we transform Chetzemoka Park into the battleground between good and evil in Shakespeare&rsquo;s timeless and enduring story about a truly monstrous man.<br> Seating begins at 5:30 p.m. Bring your own blankets or lawn chairs and dress warmly. Concessions are available.<br> <br> For more info, call 360-385-7396 or visit keycitypublictheatre.org.</p>			</p>    			<br><br>",,http://www.seattleperforms.com/sites/seattleperforms.com/images/event/441089001/macbeth_title_--_color_medium.jpg,360-379-0195,Shakespeare in the Park: Macbeth,http://www.keycitypublictheatre.org,08/05/2011-08/21/2011,http://www.seattleperforms.com/event/detail/441089001/Shakespeare_in_the_Park_Macbeth
"8703 160th Avenue NE, Redmond, WA, 98052",Fred W Meitzer Theater,This wildly warm-hearted theatrical experience kicks off when the Music Hall Royale (a hilariously loony Victorian musical troupe) &quot;puts on&quot; its flamboyant rendition of the unfinished Dickens classic 'The Mystery of Edwin Drood.'</p>			</p>    			<br><br>,ticketing@redwoodtheatre.org,http://www.seattleperforms.com/sites/seattleperforms.com/images/event/441020963/drood_thumb_medium.jpg,(425) 522-3730,The Mystery of Edwin Drood,http://redwoodtheatre.org/2011/drood.html,09/30/2011-10/15/2011,http://www.seattleperforms.com/event/detail/441020963/The_Mystery_of_Edwin_Drood
"419 Washington Street, Port Townsend, WA, 98368",Key City Playhouse,"Friday, October 7 — Sunday, October 30Key City Public Theatre presents “Dracula” adapted from Bram Stoker by Sy Kahn, directed by Amanda Steurer.Performances October 7 - 30 at Key City Playhouse, 419 Washington St., Port Townsend.Bram Stoker’s Dracula is one of the great thrillers of all time. In this adaptation by the late Sy Kahn, you’ll be transported back to Victorian England on a non-stop ride of desire, obsession and unspeakable horror.Maidens will swoon and grown men will grow weak in the knees when they cannot escape from the Count’s glistening fangs.Curtains Thu 7:00 p.m.; Fri & Sat 8:00 p.m; Sun 2:30 p.m.For more info, call 360-385-7396 or visit keycitypublictheatre.org.			</p>    			<br><br>",,http://www.seattleperforms.com/sites/seattleperforms.com/images/event/441089035/dracula_title_--_color_medium.jpg,360-379-0195,"Port Townsend -- ""Dracula"" at Key City Public Theatre",http://www.keycitypublictheatre.org,10/06/2011-10/30/2011,http://www.seattleperforms.com/event/detail/441089035/Port_Townsend_Dracula_at_Key_City_Public_Theatre
"1500 Summit Ave, Seattle, WA, 98122",Theater Schmeater,"By Craig Lucas<br> Directed by TBA <br> <br> The holidays are the hardest time of year for many, but for Rachel, finding out about her husband&rsquo;s contract on her life made it an exceptionally memorable Christmas.  Victim of circumstance or just plan unlucky, Rachel goes on the lam and discovers love, lies and the latitudes of freedom in Lucas&rsquo; enduring comedy.</p>			</p>    			<br><br>",Support@BrownPaperTickets.com,http://www.seattleperforms.com/sites/seattleperforms.com/images/org/169/theaterschmeater_medium.jpg,1-800-838-3006,Reckless,http://www.schmeater.org/plays/2011/reckless/,11/18/2011-12/17/2011,http://www.seattleperforms.com/event/detail/441070095/Reckless
"2222 Second Avenue, Suite 222, Seattle, WA, 98121",Open Circle Theater,"OCTable Readings: informal readings for the informed reader.<br> <br> Please join us at the OCTable every fourth Wednesday for staged readings of new plays by local playwrights,<br> <br> followed by a fruitful conversation.<br> <br> <br> <br> The OCTable is in the Open Circle Theater<br> <br> 2222 2nd Ave Suite #222<br> <br> Readings begin at 7pm.<br> <br> Pay what you wish.<br> <br> Beer and wine for a nominal fee.<br> <br> Visit OCTable.blogspot.com for more details.<br> <br> <br> <br> Take responsibility for local theatre. See you at the table</p>			</p>    			<br><br>",,http://www.seattleperforms.com/sites/seattleperforms.com/images/org/105/opencircletheater_medium.jpg,2064067920,OCTable Readings,,01/26/2011-01/25/2012,http://www.seattleperforms.com/event/detail/441101055/OCTable_Readings
"1001 Lenora Street, Seattle, WA, 98101","Notions Building, Room 1",Readings of new plays by Cornish seniors.</p>			</p>    			<br><br>,,,,Winter New Works Festival,http://www.cornish.edu/events,02/11/2011-02/26/2011,http://www.seattleperforms.com/event/detail/441094889/Winter_New_Works_Festival
"419 Washington Street, Port Townsend, WA, 98368",Key City Playhouse,"Friday Feb 11 &ndash; Sunday Feb 27<br> <br> The 15th Annual Playwrights&rsquo; Festival &mdash; Weeklong events featuring workshop productions and readings of new works by local and regional playwrights with special guest playwright Lee Blessing. <br> <br> <br> <br> More info at keycitypublictheatre.org.<br> <br> <br> <br> Specific Festival Events:<br> <br> <br> <br> Friday and Saturday evenings; Sunday matinees:  Productions of award-winning one-act plays &ldquo;The Glass Kingdom&rdquo; by Judith Glass Collins, &ldquo;Ransom&rdquo; by Richard Weston, and &ldquo;How My Big 5-0 Turned Toxic&rdquo; by Deborah Daline.<br> <br> <br> <br> Playwriting workshops with Lee Blessing -- Saturday, Feb 12 -- 10:00 a.m. to 1:00 p.m. Pope Marine Building, Water and Madison Streets, Port Townsend. More info and registration at keycitypublictheatre.org, or call 360.379.0195.<br> <br> <br> <br> Advanced intensive playwriting workshop with playwright Lee Blessing. 2:00 p.m. to 5:00 p.m.  Fee changed.  Advanced registration required by calling 360.379.0195. <br> <br> <br> <br> Week of Feb 13 &ndash; 19 only:  Workshop production of &ldquo;Antarktikos&rdquo; by Andrea Stolowitz. Three performances: Sun Feb 13 at 7:00 p.m.; Wed Feb 16 at 7:00 p.m.; and Sat Feb 19 at 2:30 p.m. <br> <br> <br> <br> Tuesday evenings:  Staged readings of the award-winning one-act plays &ldquo;Stalling Tactics&rdquo; by Jerry Chawes, &ldquo;Quiet&rdquo; by David H Schroeder, and &ldquo;Dreamtime&rdquo; by Art Reitsch.<br> <br> <br> <br> Thursday evenings:  Workshop production of the musical &ldquo;The Future of LOVE&rdquo; by Linda Dowdell and Sara Wordsworth. Two performances: Thursdays Feb 17 &amp; 24 at 7:00 p.m. <br> <br> <br> <br> Week of Feb 20 &ndash; 26 only:  Workshop production of &ldquo;The Martyrdom of Washington Booth&rdquo; by Jeni Mahoney. Three performances: Sun Feb 20 at 7:00 p.m.; Wed Feb 23 at 7:00 p.m.; and Sat Feb 26 at 2:30 p.m.</p>			</p>    			<br><br>",,http://www.seattleperforms.com/sites/seattleperforms.com/images/event/441088867/festival_title_--_color_medium.jpg,360-379-0195,The 15th Annual Playwrights’ Festival,http://www.keycitypublictheatre.org,02/11/2011-02/27/2011,http://www.seattleperforms.com/event/detail/441088867/The_15th_Annual_Playwrights_Festival
"200 Madison Ave N, Bainbridge Island, WA, 98110",Bainbridge Performing Arts,"Imagination Station - Exploring Musical Theatre is a six-week class for Pre-K/K held at BPA. Instructors Gabe Carbajal and D&rsquo;Arcy Clements lead this imaginative theatre adventure class for ages 3 1/2 &ndash; 5. Classes meet January 21 &ndash; February 25, Fridays at 10:30 &ndash; 11:30 a.m. and/or 12:30 &ndash; 1:30 p.m. Tuition is $95. Two classes are offered each Friday, and students may register for one or the other or both at 206.842.1163.</p>			</p>    			<br><br>",,http://www.seattleperforms.com/sites/seattleperforms.com/images/event/441063849/centerad_imagstation_winter_468x150_medium.jpg,206-842-1163,Imagination Station - Exploring Musical Theatre,http://www.bainbridgeperformingarts.org/Education/ImaginationStationWinter2011.html,01/21/2011-02/25/2011,http://www.seattleperforms.com/event/detail/441063849/Imagination_Station_Exploring_Musical_Theatre
"200 Madison Ave N, Bainbridge Island, WA, 98110",Bainbridge Performing Arts,"Doctor Dolittle, a class for 1st &ndash; 4th grade students, is held at BPA and includes a final day performance on March 1. Gabe Carbajal and D&rsquo;Arcy Clements lead this enchanting production class, which is sure to please all animal lovers and adventurous dreamers. Classes meet January 11 &ndash; March 1, Tuesdays &amp; Thursdays @ 4:00 &ndash; 5:45 p.m. Tuition is $245, and participants are encouraged to register at 206.842.1163.</p>			</p>    			<br><br>",,http://www.seattleperforms.com/sites/seattleperforms.com/images/event/441063853/centerad_drdolittle_468x150_medium.jpg,206-842-1163,Doctor Dolittle - 1st - 4th Grade,http://www.bainbridgeperformingarts.org/Education/DoctorDoLittle.html,01/11/2011-03/01/2011,http://www.seattleperforms.com/event/detail/441063853/Doctor_Dolittle_1st_4th_Grade
"608 19th Ave E, Seattle, WA, 98112",The Little Theatre,"A World Premiere!<br> Written by Michael Mitnick<br> Directed by Elise Hunt<br> <br> Millions of viewers tune in every day to &ldquo;@ Home with Babs Gillespie&trade;&rdquo; on the ShopMore Network&trade;. Babs is One Rare Bird&trade;. With a heart of 14k gold and dangly jewelry, Babs jingle- jangles like the gem that she is. But Babs is turning 50 tomorrow and finds herself&hellip;facing extinction? A tragic run-in with an online dating site and a Magi-Peel Vegi Peeler&trade; reveals that all may not be as it seems. Will our favorite On-The-Air Personality&trade; survive this mid-life crisis or will she get dumped into the clearance bin? Michael Mitnick&rsquo;s deliriously dark comedy asks us: what do you have to sell to achieve love, happiness, and a little Sparkle&trade;?</p>			</p>    			<br><br>",,http://www.seattleperforms.com/sites/seattleperforms.com/images/event/441085641/wet[babs]poster_v2_72dpi_medium.jpg,,Babs the Dodo,http://www.washingtonensemble.org/current-season/babs-the-dodo,02/03/2011-03/14/2011,http://www.seattleperforms.com/event/detail/441085641/Babs_the_Dodo
"5510 University Way NE, Seattle, WA, 98105",Wing-It Productions,"Jet City Improv is Seattle's best comedy now in its 19th year. It is fast-paced, audience-interactive, all-ages improvisational comedy. We were voted the &quot;Best Improv in Seattle&quot; by the King 5's Best in the Northwest, as well as the &quot;Best Place to go in you are Underage.&quot; Come see what The Stranger calls &quot;fantastic improv theater.&quot;</p>			</p>    			<br><br>",info@jetcityimprov.com,http://www.seattleperforms.com/sites/seattleperforms.com/images/event/441083861/billy120_medium.jpg,206 352-8291,Jet City Improv,http://www.jetcityimprov.com,01/07/2011-12/30/2011,http://www.seattleperforms.com/event/detail/441083861/Jet_City_Improv
"1428 Post Alley, Seattle, WA, 98101",Market Theater,"HAPPY 25TH ANNIVERSARY THEATRESPORTS!! Even the judges wouldn't boo you!</p> <p>Seattle Theatresports is the most professional improv show the Northwest has to offer. Theatersports is comedy, improv, theater, and sports all rolled into one! Teams of improvisers create scenes based entirely on audience suggestions and are scored by a panel of judges.</p> <p>Seattle Theatresports is also Seattle's longest running show, having turned 25 years old this June!</p>			</p>    			<br><br>",info@unexpectedproductions.org,http://www.seattleperforms.com/sites/seattleperforms.com/images/event/869/ts100_medium.gif,,TheatreSports,http://www.unexpectedproductions.org/Theatresports,08/03/2007-12/31/2011,http://www.seattleperforms.com/event/detail/869/TheatreSports
"216 Union St, Seattle, WA, 98101",The Triple Door,"Direct from New York City! BURLESQUE TO BROADWAY starring Quinn Lemley with Stacey Harris and Natalie Loftin Bell sizzle with an intoxicating 10-piece big band celebrating the icons of Burlesque to Broadway. Directed by Tony Award Winner, Joe Hardy, it&rsquo;s hot! Hot! HOT! with the music, jokes and costumes of Burlesque to Broadway! &nbsp;It&rsquo;s all about the tease! And they aim to please! From Gypsy Rose Lee, Sally Rand, Fanny Brice to Cher, you will enter the world of Minsky&rsquo;s Burlesque Theatre, The Ziegfeld Follies, Broadway to classic television in this fast paced theatrical concert.<br> <br> Complete with sequins, feathers and fans these Broadway Hotties take you on a ride thru the music of Burlesque to Broadway&hellip; and beyond. Don't miss your chance to bump and grind with Quinn and her girls. Experience the incomparable Quinn Lemley The Village Voice calls, &quot;Drop dead gorgeous with crystalline intonation&quot;. Sirius Satellite raves, &quot;Lemley is Hot Hot Hot!&quot; and The Naples Daily News graciously states, &ldquo;Quinn Lemley nails it. Hard!&rdquo; BURLESQUE TO BROADWAY is a tour de force. &nbsp;Grab your guy or gal and join us as, Quinn and her girls dance up a storm, fill the house with vaudeville humor, and sing one show stopping hit after another from Burlesque, Broadway and Beyond!<br> <br> 7pm &amp; 10pm shows &nbsp;- 3 nights only!&nbsp;</p>			</p>    			<br><br>",,,206-838-4333,Burlesque to Broadway,"http://Direct from New York City! BURLESQUE TO BROADWAY starring Quinn Lemley with Stacey Harris and Natalie Loftin Bell sizzle with an intoxicating 10-piece big band celebrating the icons of Burlesque to Broadway. Directed by Tony Award Winner, Joe Hardy",02/23/2011-02/25/2011,http://www.seattleperforms.com/event/detail/441086645/Burlesque_to_Broadway
"216 Union St, Seattle, WA, 98101",The Triple Door,"The new production Burlesque to Broadway is hitting the Triple Door in Seattle! It is a fun, fast paced show directed by Tony Award Winner Joseph Hardy and featuring that drop dead talented Quinn Lemley. Tickets are 30% off between now and Christmas! Don't miss it, it will be a fantastic, sexy, sizzling show. Sponsored by MAC Cosmetics.<br> <br> <br> <br> Check out the reel and show times:<br> <br> http://www.centuryartists.com/shows/burlesque-to-broadway</p>			</p>    			<br><br>",,http://www.seattleperforms.com/sites/seattleperforms.com/images/event/441065389/quinn_medium.jpg,206.838.4333,Burlesque to Broadway,http://www.centuryartists.com/shows/burlesque-to-broadway,02/23/2011-02/25/2011,http://www.seattleperforms.com/event/detail/441065389/Burlesque_to_Broadway
"3515 South Alaska Street, Seattle, WA, 98118",Rainier Valley Cultural Center,"Set amidst the whiskey sipping chauvinism of early 1960, quiet's Mad Men-esque production of The Taming of the Shrew continues the investigation of our season-long theme, &quot;enGender Bender: Exploring our social blueprints&quot;, through the eyes of Shakespeare's classic comedy. <br> <br> <br> Baptista Minola, senior partner of Padua Advertising, has a problem.  His youngest daughter Bianca has been drawing the attention of nearly every man on the Upper East Side. His solution?  No one will be allowed to &quot;court&quot; Bianca until his oldest daughter  the headstrong, fiery, and temperamental Katharina  is married.  After all, who would want a wife like Kate? <br> <br> <br> Seeing the play is only half of the event... <br> <br> <br> quiet seeks to use art as a medium for social change. Join cast members, professors, community members and social service partner organizations for a panel discussion after each performance. The panel will discuss issues of gender addressed in the play. Patrons are encouraged to ask questions and get involved in the dialogue. <br> <br> <br> quiet is an Associated Program of Shunpike. </p>			</p>    			<br><br>",info@quietonline.org,http://www.seattleperforms.com/sites/seattleperforms.com/images/event/441087755/full_cast_pc_(draft)_medium.jpg,,The Taming of the Shrew,http://www.quietonline.org,02/11/2011-02/25/2011,http://www.seattleperforms.com/event/detail/441087755/The_Taming_of_the_Shrew
"16587 NE 74th St, Redmond, WA, 98052",SecondStory Repertory Theatre,"Beatrice and Benedick can&rsquo;t stand each other &ndash; all they do is bicker and gossip. So you know they&rsquo;re going to wind up in love. The question is, how? That&rsquo;s the secret in one of the great romantic comedies of all time!</p>			</p>    			<br><br>",boxoffice@secondstoryrep.org,http://www.seattleperforms.com/sites/seattleperforms.com/images/event/440968445/much_ado_medium.jpg,(425) 881-6777,Much Ado About Nothing,http://www.secondstoryrep.org,02/04/2011-02/26/2011,http://www.seattleperforms.com/event/detail/440968445/Much_Ado_About_Nothing
"8703 160th Avenue NE, Redmond, WA, 98052",Fred W Meitzer Theater,"This hilarious international musical hit begins when the Little Sisters of Hoboken discover that their cook, Sister Julia, Child of God, has accidentally poisoned 52 of the sisters, and they are in dire need of funds for the burials.</p>			</p>    			<br><br>",ticketing@redwoodtheatre.org,http://www.seattleperforms.com/sites/seattleperforms.com/images/event/441020959/nunsense_thumb_medium.jpg,(425) 522-3730,Nunsense,http://redwoodtheatre.org/2011/nunsense.html,02/11/2011-02/26/2011,http://www.seattleperforms.com/event/detail/441020959/Nunsense
"409 7th Ave. S., Seattle, WA, 98104",Theatre Off Jackson,"Three Screams is a dark, dynamic, and hilarious play centered on a contemporary theft of Edvard Munch's ""The Scream"". An accountant and unlikely thief who's helped pull-off the heist, Edvard, manically confronts his love-hate relationship with Munch's famous painting face-to-face. His wife, Tulla, shares a completely different side of the story—baking pastries to calm her nerves, while containing a strange, stifled lust beneath her apron. 20 years later their son, Gunnar, revisits the actual location where Munch painted the Scream and must now deal with the omnipresent power this singular work has had over his family.</p>			</p>    			<br><br>",davidturnipseed@hotmail.com,http://www.seattleperforms.com/sites/seattleperforms.com/images/event/441065489/3screams_web_size_medium.jpg,253-548-7432,3 Screams,http://www.manaloneproductions.com/,02/04/2011-02/26/2011,http://www.seattleperforms.com/event/detail/441065489/3_Screams
,,"Mel Edison is a well paid executive of a high-end Manhattan firm which has suddenly hit the skids and he gets the ax. Compounded by the air-pollution and with the walls of the apartment paper-thin, allowing him a constant earfull of his neighbors private lives things can't seem to get any worse...Mel does the only thing left for him to do: he has a nervous breakdown and it's the best thing that ever happened to him...</p>			</p>    			<br><br>",,,206-203-4168,The Prisoner of Second Avenue by Neil Simon,http://www.woodinvillerep.org/,02/11/2011-02/26/2011,http://www.seattleperforms.com/event/detail/441091099/The_Prisoner_of_Second_Avenue_by_Neil_Simon
"1932 Second Avenue, Seattle, WA, 98101",Moore Theater,"&ldquo;The Devil has rarely been given his due more perceptively and eruditely!&rdquo;<br> -THE NEW YORK TIMES<br> <br> &ldquo;Wickedly Witty&hellip;One Hell of a Good Show!&rdquo;<br> -THE WALL STREET JOURNAL<br> <br> Chicago, IL - THE SCREWTAPE LETTERS, the provocative and wickedly witty theatrical adaptation of the C.S. Lewis novel about spiritual warfare from a demon&rsquo;s point of view, will be presented at the Moore Theatre, 1932 Second Avenue, Seattle, Washington, in a limited engagement on Saturday, February 26 at 4 p.m. and 8 p.m.  <br> <br> This engagement at the Moore Theatre follows its hit nine month run at the Westside Theatre in New York where THE SCREWTAPE LETTERS played over 300 performances!  Prior to that, THE SCREWTAPE LETTERS was a sold out hit in Chicago and Washington D. C.<br> <br> Associated Press calls the production &ldquo;Devilishly funny!&rdquo; The Chicago Sun-Times hails THE SCREWTAPE LETTERS as &ldquo;Smart, sizzling entertainment!&rdquo; and National Review describes it is &ldquo;Pure genius&hellip;an outstanding piece of work!&rdquo; <br> <br> THE SCREWTAPE LETTERS runs 90 minutes without intermission. In this topsy turvy morally inverted universe set in an eerily stylish office in hell, God is called the &ldquo;Enemy&rdquo; and the devil is referred to as &ldquo;Our Father below.&rdquo;  <br> <br> The play follows His Abysmal Sublimity Screwtape, Satan&rsquo;s top psychiatrist, played by award winning actor Max McLean, and his creature-demon secretary Toadpipe, as they train an apprentice demon, Wormwood, on the fine art of seducing an unsuspecting human &ldquo;patient&rdquo; down the &ldquo;soft, gentle path to hell.&rdquo;<br> <br> Along with The Chronicles of Narnia (including The Lion, The Witch and The Wardrobe), The Great Divorce and Mere Christianity, THE SCREWTAPE LETTERS is still one of Lewis&rsquo; most popular and influential works.  The book's piercing insight into human nature and the lucid and humorous way Lewis makes his readers squirm in self recognition made it an immediate success.  When first published in 1942 it brought worldwide fame to this little-known Oxford don including the cover of Time Magazine. <br> <br> Lewis dedicated it to his close friend J. R. R. Tolkien who had expressed to Lewis that delving too deeply into the craft of evil would have consequences.  Lewis admitted as much when he wrote &ldquo;Though I had never written anything more easily, I never wrote with less enjoyment . . . though it was easy to twist one&rsquo;s mind into the diabolical attitude, it was not fun, or not for long. The work into which I had to project myself while I spoke through Screwtape was all dust, grit, thirst, and itch. Every trace of beauty, freshness, and geniality had to be excluded.&rdquo;<br> <br> Produced by New York City based Fellowship for the Performing Arts. Max McLean serves as Artistic Director.  Executive Producer and General Manager is Ken Denison of Aruba Productions. Scenic Design is by Cameron Anderson, Costumes by Michael Bevins, Lighting Design by Jesse Klug, and Original Music and Sound Design by John Gromada.<br> The performance schedule for THE SCREWTAPE LETTERS is Saturday, February 26 at 4 p.m. and 8 p.m.  Tickets range from $29 - $89.  Student tickets are available for $25 each; limit two per customer, at the Box Office.  Valid ID must be presented.  All ticket prices are subject to facility fees.  To purchase tickets or for more information, visit The Moore Theatre box office on the corner of Second Avenue and Virginia Street, on the west side of the theatre (day of show only); for advance tickets visit the Paramount Theatre box office (located on the corner of 9th &amp; Pine downtown) open Mondays through Fridays from 10 a.m. to 6 p.m.; call 877-STG-4TIX (877-784-4849) or visit www.tickets.com, www.stgpresents.org or www.ScrewtapeonStage.com.  For groups of 10 or more call 866.476.8707.</p>			</p>    			<br><br>",,,877-784-4849,The Screwtape Letters,http://www.screwtapeonstage.com/seattle,02/26/2011,http://www.seattleperforms.com/event/detail/441091371/The_Screwtape_Letters
"303 Front Street North, Issaquah, WA, 98027",Village Theatre,"Sleuth <br>By Anthony Shaffer <br> <br>Wealthy mystery novelist Andrew Wyke invites young Milo Tindle to his elegant, isolated country house to settle a bit of unpleasant business; Milo is having an affair with Andrew's wife. What begins as a bizarre cat and mouse game of robbery spirals into a complex duel of wits and deception. Packed with thrills, and twists and turns that continue to tip the scale, this Tony Award-winning puzzle will keep you guessing up to the very deadly end!  <br> <br> <br>			</p>    			<br><br>",boxoffice@villagetheatre.org,,425-392-2202,Sleuth,,01/20/2011-02/27/2011,http://www.seattleperforms.com/event/detail/5383/Sleuth
"950 Main Street, Edmonds, WA, 98020",The Wade James Theatre,Spotlight on New Local Playwrights			</p>    			<br><br>,info@driftwoodplayers.com,http://www.seattleperforms.com/sites/seattleperforms.com/images/org/45/edmondsdriftwoodplayers_medium.jpg,425-774-9600,Spotlight on New Local Playwrights,,02/25/2011-02/27/2011,http://www.seattleperforms.com/event/detail/5703/Spotlight_on_New_Local_Playwrights
"155 Mercer Street, Seattle, WA, 98109",Bagley Wright Theatre at Seattle Repertory Theatre,"by Tarell McCraney, directed by Juliette Carrillo<br><br><br> <br><br><br> The Louisiana bayou, West African mythology, and family interplay swirl together in this absorbing drama from one of the country's most exciting new playwrights. A wandering soul recently released from prison clashes with his straight-and-narrow brother. Yet even as they grapple with their own notions of freedom and tradition, they remain fiercely intertwined.<br><br><br> <br><br><br> Recommended for ages 14 and above for profanity, sexually suggestive language.<br>			</p>    			<br><br>",,http://www.seattleperforms.com/sites/seattleperforms.com/images/event/440952886/bs_small_medium.jpg,(206) 443-2222,The Brothers Size,http://www.seattlerep.org/Plays/1011/BZ/,02/04/2011-02/27/2011,http://www.seattleperforms.com/event/detail/440952886/The_Brothers_Size
"4029 Stone Way North, Seattle, WA, 98103",DownStage,"The 1998 Pulitzer prize-winning play (also winner of Obie, Drama Desk, Outer Critics Circle and New York Drama Critics awards) by Paula Vogel, How I Learned to Drive is both funny and disturbing. The story follows the strained relationship between Lil&rsquo;Bit and her uncle from adolescence through adulthood. Using the metaphor of driving, taboo issues of exploitation are brought to light, often with humor, suspending the piece between the categories of drama and comedy.<br> Unquestionably modern and innovative, How I Learned to Drive succeeds in great part due to classic elements. Vogel uses the classic Greek device of a chorus composed of a male, female, and teenager, to fulfill a variety of roles in the play. As well as observing and commenting on the action, they assume roles in various scenes such as individual family members and high school girls and boys.  The two main characters, Li&rsquo;l Bit and Peck, are observed and analyzed by the Greek chorus to provide a catharsis for the audience, as in the Greek choral tradition. When the adult Li&rsquo;l Bit drives off at the end of the play, once more able to believe in forgiveness and family, the catharsis for both Li&rsquo;l Bit and the audience is complete.<br> Moreover, Vogel, like the ancient Greek playwrights, warns the audience of its own fallibility. She does not ignore omens that presage moral disaster but meets them head on. In dramatizing the different perspectives of Li&rsquo;l Bit and Peck, by extension she dramatizes those of every member of the audience and its larger society.  <br> In Stone Soup&rsquo;s production, music will set the stage of the physical and psychological world of How I Learned to Drive; sweet and melodic, celebrations of love and youth and the special synergy that the two create when they are blended together. In particular, rock n&rsquo;roll love songs with an edge will underscore the action, the music of sexuality which has always been known as the music of youth, especially when it was new and revolutionary in the 1950s and 1960s where the story is set. The best rock &lsquo;n&rsquo; roll always gave a sense of freedom and expanding awareness. It is music that makes old people feel young and free and young people feel that they possess the wisdom of a hard-lived past.<br> The production runs Feb 3-27, Thursdays &ndash; Saturdays at 8pm with Sunday matinees 2/13 and 27. All tickets 2/3-5 are $10; Thursdays after the preview are pay-what-you will. General admission prices are $16-20; $13 for those under 30. <br> Tickets are available for purchase at www.brownpapertickets.com, 800-838-3006 or Stone Soup Box Office (206) 633-1883; www.stonesouptheatre.org</p>			</p>    			<br><br>",carolynne@stonesouptheatre.org,http://www.seattleperforms.com/sites/seattleperforms.com/images/event/441062681/drive_pc_electronictiny_medium.jpg,206.633.1883,How I Learned to Drive by Paula Vogel at Stone Soup,http://www.stonesouptheatre.org,02/04/2011-02/27/2011,http://www.seattleperforms.com/event/detail/441062681/How_I_Learned_to_Drive_by_Paula_Vogel_at_Stone_Soup
"1020 Virginia Street, Seattle, WA, 98121",Annex Building,"This experimental promenade version of Virginia Woolf's poetic novel The Waves, explores community and identity. The audience moves through different rooms as the lives of the characters change and develop.</p>			</p>    			<br><br>",,,,Winter New Works Festival presents The Waves,http://www.cornish.edu/events,02/24/2011-02/27/2011,http://www.seattleperforms.com/event/detail/441101617/Winter_New_Works_Festival_presents_The_Waves
"204 N. 85th St, Seattle, WA, 98103",Taproot Theatre,"Voyage across land and sea. through the underworld to the top of Mt Olympus. Muses and monsters introduce this epic myth of the brave and courageous Odysseus as he valiantly seeks his homeland and the arms of his wife and child.</p><br><br> <br><br> <br> Featuring: Mark Chamberlin, Nolan Palmer, Ryan Childers, Nic Beach, Randy Scholz, <br> Stephen Grenley, Alex Robertson, Nikki Visel, April Wolfe, Jesse Notehelfer, Pam Nolte, Sarah Roquemore, Solomon Davis and Josh Smyth<br> 			</p>    			<br><br>",box@taproottheatre.org,http://www.seattleperforms.com/sites/seattleperforms.com/images/event/5655/web_banner_490x176px_medium.jpg,206-781-9707,The Odyssey,http://www.taproottheatre.org/buy-tickets,02/02/2011-03/05/2011,http://www.seattleperforms.com/event/detail/5655/The_Odyssey
"7400 Sand Point Way NE, Seattle, WA, 98115",Magnuson Park Community Theatre,"The Drowsy Chaperone pays tribute to the jazz-age shows of the 1920's and the power those shows held to transport us into a dazzling fantasy.  If you've ever sat in a dark theatre and thought, &quot;Dear Lord in heaven, please let it be good,&quot; this is the show for you!			</p>    			<br><br>",ann@seattlemusicaltheatre.org,http://www.seattleperforms.com/sites/seattleperforms.com/images/org/32/seattlemusicaltheatre_medium.gif,206-363-2809,The Drowsy Chaperone,http://seattlemusicaltheatre.org,02/11/2011-03/05/2011,http://www.seattleperforms.com/event/detail/440963821/The_Drowsy_Chaperone
"305 Harrison Street, Seattle, WA, 98109",Seattle Center House,"A terrifying graveyard encounter with an escaped convict; a summons to meet the bitter, decaying Miss Havisham and her beautiful, cold-hearted ward Estella; the sudden generosity of an unknown benefactor - this series of events changes the orphaned Pip's life forever, and he eagerly feels his humble origins in favor of a new life as a gentleman in London. Dickens' haunting late novel depicts Pip's education and development through adversity as he discovers that having ""expectations"" is a double-edged sword. 			</p>    			<br><br>",,http://www.seattleperforms.com/sites/seattleperforms.com/images/org/21/bookitrepertorytheatre_medium.jpg,206.216.0833,Great Expectations,,02/08/2011-03/06/2011,http://www.seattleperforms.com/event/detail/5597/Great_Expectations
"7116 6th Ave, Tacoma, WA, 98406",Tacoma Musical Playhouse,"Celebrate Read Across America and the birthday of Dr. Seuss with TMP! From the Tony Award-winning team of Lynn Ahrens and Stephen Flaherty (Ragtime, Once On This Island, A Christmas Carol), Seussical is a fantastical, magical, musical extravaganza which brings to life all of our favorite Dr. Seuss characters, including Horton the Elephant, Gertrude McFuzz, Lazy Mayzie and a little boy with a big imagination--Jojo. ""Oh, the Thinks You Will Think"" as the spirit of imagination transports the colorful characters from the Jungle of Nool to the Circus McGurkus to the invisible world of the Who's. Read Across America is an initiative on reading created by the National Education Association, and includes National Read Across America Day, observed each year on March 2, the birthday of Dr. Seuss. 			</p>    			<br><br>",,,253-565-6867,SEUSSICAL,http://www.tmp.org,02/26/2011-03/06/2011,http://www.seattleperforms.com/event/detail/5648/SEUSSICAL_
"700 Union St, Seattle, WA, 98101",ACT Theatre,"A World Premiere!<br>When Tarak, a Bengali expatriate, and Karen, an American, decide to get married, they know they're in for some cultural difficulties. But when Tarak buys them a brownstone and asks permission to move his mother into the basement apartment, Karen knows she's getting more than she bargained for.<br><br>Co-presented by ReAct, Pratidhwani and The Central Heating Lab at ACT, this comedy explores the challenges and joys of coming together in love - for us as individuals, and with our families.<br><br>Directed by<br>David Hsieh and Agastya Kohli<br><br>Starring:<br>Angela DiMarco, Robert Pillitteri, Meenakshi Rishi, Bikas Saha, Walayn Sharples and Nitya Venkateswaran			</p>    			<br><br>",service@acttheatre.org,http://www.seattleperforms.com/sites/seattleperforms.com/images/event/441102555/act_postcard_front_medium.jpg,(206) 292-7676,Mother In Another Language by Taniya Hossain,http://www.acttheatre.org/Shows/OnStage/MotherInAnotherLanguage,02/18/2011-03/06/2011,http://www.seattleperforms.com/event/detail/441102555/Mother_In_Another_Language_by_Taniya_Hossain
"507 S 3rd St., Renton, WA, 98055",Renton Civic Theater,"Sister Elizabeth Donderstock is Squeamish, and has been her whole life. She makes cheese balls (traditional and smoky) that sustain the existence of her entire religious community, Clusterhaven. However, she feels unappreciated among her Squeamish brethren, and she decides to try her luck in the outside world. Meanwhile, back at Clusterhaven, Liz's compatriots just can't seem to duplicate her cheese ball recipe, and they are panic-stricken and desperate. Will the cheese balls ever taste good again? The answers to this and so many other questions can be found in this new comedy</p>			</p>    			<br><br>",boxoffice@rentoncivictheater.org,http://www.seattleperforms.com/sites/seattleperforms.com/images/event/440989867/rentoncivictheaterlogo30_medium.jpg,425-226-5529,The Book of Liz,http://www.rentoncivictheater.org,02/27/2011-03/07/2011,http://www.seattleperforms.com/event/detail/440989867/The_Book_of_Liz_
"507 S 3rd St., Renton, WA, 98055",Renton Civic Theater,"A group of strangers stranded in a boarding house during a snow storm, one of whom is a murderer. The suspects include the newly married couple who run the house. Others are a spinster with a curious background, an architect who seems better equipped to be a chef, a retired Army major, a strange little man who claims his car has overturned in a drift, and a jurist who makes life miserable for everyone. PG</p>			</p>    			<br><br>",boxoffice@rentoncivictheater.org,http://www.seattleperforms.com/sites/seattleperforms.com/images/event/440989861/rentoncivictheaterlogo30_medium.jpg,425-226-5529,The Mousetrap by Agatha Christie,http://www.rentoncivictheater.org,02/25/2011-03/12/2011,http://www.seattleperforms.com/event/detail/440989861/The_Mousetrap_by_Agatha_Christie
"1308 5th Avenue, Seattle, WA, 98101",5th Avenue Theatre,"Experience the most talked about new show on Broadway: Next to Normal. This acclaimed, groundbreaking musical &quot;pushes Broadway in new directions&quot; (Rolling Stone). With a thrilling contemporary score, Next to Normal  is an emotional powerhouse&mdash;a story about the stop/start life of a bipolar mother and the hell her unreality wreaks on her family as she rides the sharp edge between coping and insanity.</p>			</p>    			<br><br>",ticketing@5thavenue.org,http://www.seattleperforms.com/sites/seattleperforms.com/images/event/5631/nexttonormal-img01_medium.jpg,,Next to Normal,http://www.5thavenue.org,02/22/2011-03/13/2011,http://www.seattleperforms.com/event/detail/5631/Next_to_Normal
"4045 University Way, Seattle, WA, 98105",Jones Playhouse,"By Bertolt Brecht, directed by Alyson Roux<br> <br> In an attempt to settle property disputes after an apocalyptic war, a village performs an ancient parable for its neighbors. In it, amidst civil strife and unrest, a young servant girl risks her life to save an abandoned child of noble birth. Years later, when the biological mother demands the child back, an unconventional judge, who is not always guided by the letter of the law, devises the test of the chalk circle to decide their fates.<br> <br> No late seating for School of Drama events.</p>			</p>    			<br><br>",prcomm@u.washington.edu,http://www.seattleperforms.com/sites/seattleperforms.com/images/event/440916709/chalk_circle_medium.jpg,206-543-4880,The Caucasian Chalk Circle,http://www.meany.org/tickets/default.aspx?prod=4262,02/27/2011-03/13/2011,http://www.seattleperforms.com/event/detail/440916709/The_Caucasian_Chalk_Circle
"201 Thomas St, Seattle, WA, 98109",Eve Alvord Theatre at Seattle Children's Theatre,"The return of one of SCT's biggest hits, created by Allison Gregory and Steven Dietz. P.D. Eastman&rsquo;s classic children&rsquo;s book comes alive on the SCT stage, captivating even the youngest audience members. These dogs dive into life with gusto. They snorkel, they howl at the moon, they sing, they dance, and they even climb trees. All sorts of dogs having all sorts of fun. You and your kids won&rsquo;t want to miss a second of the bright, hilarious canine adventure &ndash; the perfect treat for all ages.</p>			</p>    			<br><br>",tickets@sct.org,http://www.seattleperforms.com/sites/seattleperforms.com/images/event/441065553/gdg_sp_medium.jpg,206-441-3322,"Go, Dog. Go!",http://www.sct.org,01/13/2011-03/13/2011,http://www.seattleperforms.com/event/detail/441065553/Go_Dog_Go
"700 Union St, Seattle, WA, 98101",ACT Theatre,"Three women. Three decades. One friendship.</p> <p>A special Northwest premiere produced by The 5th Avenue Theatre and ACT &ndash; A Contemporary Theatre, to be performed at the intimate Falls Theatre at ACT.</p> <p>In Vanities: A New Musical, you&rsquo;ll set off on a life-affirming journey through the turbulent &rsquo;60s to the late &rsquo;80s and discover how three friends face life&rsquo;s defining moments: growing up, getting older and getting over it. Vanities is a funny and poignant look at three women who discover that, even in 30 years of rapidly changing times, the one thing they can rely on is each other.</p>			</p>    			<br><br>",rvice@acttheatre.org,http://www.seattleperforms.com/sites/seattleperforms.com/images/event/5630/vanities_medium.jpg,,Vanities: A New Musical,http://www.5thavenue.org,02/04/2011-04/03/2011,http://www.seattleperforms.com/event/detail/5630/Vanities_A_New_Musical
"2222 Second Avenue, Suite 222, Seattle, WA, 98121",Open Circle Theater,"OCTable Readings: informal readings for the informed reader.<br> <br> Please join us at the OCTable every fourth Wednesday for staged readings of new plays by local playwrights,<br> <br> followed by a fruitful conversation.<br> <br> <br> <br> The OCTable is in the Open Circle Theater<br> <br> 2222 2nd Ave Suite #222<br> <br> Readings begin at 7pm.<br> <br> Pay what you wish.<br> <br> Beer and wine for a nominal fee.<br> <br> Visit OCTable.blogspot.com for more details.<br> <br> <br> <br> Take responsibility for local theatre. See you at the table</p>			</p>    			<br><br>",,http://www.seattleperforms.com/sites/seattleperforms.com/images/org/105/opencircletheater_medium.jpg,2064067920,OCTable Readings,,01/26/2011-01/25/2012,http://www.seattleperforms.com/event/detail/441101055/OCTable_Readings
"11100 Northeast 6th Street, Bellevue, WA, 98004",Meydenbauer Theatre,"See your favorite story book character come to life. Based on the book by Jane O'Conner, with illustrations by Robin Preiss Glasser, this original ballet for children is sure to delight. Ms. Glasser will be at the Meydenbauer performances only to autograph books. You'll also see the tale of Peter and The Wolf. This delightful ballet introduces the art of dance and music to children of all ages.			</p>    			<br><br>",info@evergreencityballet.org,http://www.seattleperforms.com/sites/seattleperforms.com/images/org/220153341/ecblogonew_medium.jpg,1-800-899-9260,Special Family Program: Fancy Nancy & Peter and The Wolf,http://www.evergreencityballet.org,02/26/2011-02/27/2011,http://www.seattleperforms.com/event/detail/441085447/Special_Family_Program_Fancy_Nancy_Peter_and_The_Wolf
"200 Madison Ave N, Bainbridge Island, WA, 98110",Bainbridge Performing Arts,"Acting Out for Adults is an introductory class into the art of theater for ages 50 and above held at BPA. BPA Artistic Director Steven Fogell leads this six week class, which is offered through the Bainbridge Island Metropolitan Park &amp; Recreation District. Classes meet January 18 &ndash; February 24, Tuesdays and Thursdays at 1:00 - 2:30 p.m. All levels of experience welcome, and tuition is $95. Participants may register online at the Parks District (www.biparks.org), or in person at the Senior Center, 370 Brien Drive, or at the Strawberry Hill Parks Office.</p>			</p>    			<br><br>",,http://www.seattleperforms.com/sites/seattleperforms.com/images/event/441063859/stevenfogell108_medium.jpg,206.842.1163,Acting Out for Adults,http://www.bainbridgeperformingarts.org/Education/SecondStage.html,01/18/2011-02/24/2011,http://www.seattleperforms.com/event/detail/441063859/Acting_Out_for_Adults
"200 Madison Ave N, Bainbridge Island, WA, 98110",Bainbridge Performing Arts,"Acting for the Camera is a television and movie acting class for 5th &ndash; 8th grade students, held at BPA. Thomas Hurley III and Eugie Price lead this action-packed class, which includes a take-home DVD for all actors and their scene work approximately two weeks after class is over. Classes meet January 11 &ndash; March 3, Tuesdays and Thursdays at 4:00 &ndash; 6:00 p.m. Tuition is $325, and students may register at 206.842.1163.</p>			</p>    			<br><br>",,http://www.seattleperforms.com/sites/seattleperforms.com/images/event/441063855/centerad_acting4cam_468x150_medium.jpg,206-842-1163,Acting for the Camera: 5th - 8th Grade,http://www.bainbridgeperformingarts.org/Education/WinterActing.html,01/11/2011-03/03/2011,http://www.seattleperforms.com/event/detail/441063855/Acting_for_the_Camera_5th_8th_Grade
"200 Madison Ave N, Bainbridge Island, WA, 98110",Bainbridge Performing Arts,"Improv for Actors, Improvisers, and Storytellers is an improvisation class for adults, 17 and over. Led by Todd Erler, Artistic Director of the Jewel Box Theatre, classes will be held at BPA, and all levels of experience are welcome, from novice to expert. Classes meet for six weeks, January 24 &ndash; March 7, Mondays at 6:30 &ndash; 9:00 p.m. (no class February 21). Tuition is $275, and students may register at 206.842.1163 or 206.842.8569.</p>			</p>    			<br><br>",,http://www.seattleperforms.com/sites/seattleperforms.com/images/event/441063865/todderlerweb_medium.jpg,206.842.1163,"Improv for Actors, Improvisers, and Storytellers",http://www.bainbridgeperformingarts.org/Education/SecondStage.html,01/24/2011-03/07/2011,http://www.seattleperforms.com/event/detail/441063865/Improv_for_Actors_Improvisers_and_Storytellers
"200 Madison Ave N, Bainbridge Island, WA, 98110",Bainbridge Performing Arts,"The Jungle Book, BPA Theatre School&rsquo;s winter offering for 1st &ndash; 4th grades, begins at the Jewel Box Theatre on February 28. Gabe Carbajal and D&rsquo;Arcy Clements lead students on this fun-filled adventure with lions, tigers, and bears. Classes meet for eight weeks February 28 &ndash; April 24, Mondays at 4:00 &ndash; 6:00 p.m. (no class March 28). Tuition is $80, and students are encouraged to register at 206.842.1163.</p>			</p>    			<br><br>",,http://www.seattleperforms.com/sites/seattleperforms.com/images/event/441063873/centerad_junglebook_spring_468x150_medium.jpg,206-842-1163,The Jungle Book: 1st - 4th Grade at the Jewel Box Theatre,http://www.bainbridgeperformingarts.org/Education/JungleBook_JewelBox.html,02/28/2011-04/24/2011,http://www.seattleperforms.com/event/detail/441063873/The_Jungle_Book_1st_4th_Grade_at_the_Jewel_Box_Theatre
"9673 Firdale Ave., Edmonds, WA, 98020",Phoenix Theatre,"In this romantic comedy set in the midst of a dysfunctional family reunion, Joe Todd hires Renee Duchene to pose as his fiancÃ© for an evening so that he can impress his father, Ivan. Ivan is coming for a rare visit, and Joe and his sister Carrie are suspicious of his motives. What can possibly go wrong? Norm Foster does it again in this hilarious comedy of family values and dysfunctional relationships. <br> <br>			</p>    			<br><br>",phoenixtheatreinfo.@gmail.com,http://www.seattleperforms.com/sites/seattleperforms.com/images/org/554/phoenixtheatre_medium.jpg,206-533-2000,Drinking Alone by Norm Foster,http://www.brownpapertickets.com/event/108926,02/04/2011-02/27/2011,http://www.seattleperforms.com/event/detail/5496/Drinking_Alone_by_Norm_Foster
"4th Ave. S.W. and S.W. 146th Street, Burien, WA, 98166",Burien Community Center,"In this clever offbeat comedy, a doctor hires a maid who hates to clean, but who is in search of the perfect joke.  To cover for the maid, the doctors sister secretly takes over the housecleaning.  In the laundry the sister finds foreign underwear.  As the doctors marriage unravels, true love emerges and the perfect joke is found.			</p>    			<br><br>",tickets@burienlittletheatre.org,,206-242-5180,The Clean House,http://www.burienlittletheatre.org,02/11/2011-03/06/2011,http://www.seattleperforms.com/event/detail/5581/The_Clean_House
"1625 Broadway, Seattle, WA, 98122",Broadway Performance Hall,"In this culminating event, Dance Department seniors present their choreography and performances, including dances commissioned from professional guest choreographers.</p>			</p>    			<br><br>",,,206.726.5011,Dance BFA concerts 2011,http://www.cornish.edu/events,02/19/2011-02/26/2011,http://www.seattleperforms.com/event/detail/441101609/Dance_BFA_concerts_2011
"200 Madison Ave N, Bainbridge Island, WA, 98110",Bainbridge Performing Arts,"Featuring Guest Conductor Julia Tai and Guest Violinist Sophia Stoyanovich<br> Journey through the night with the spooky Night on Bald Mountain by Mussorgsky, the evening romance of the Violin Concerto in D by Tchaikovsky, the beautiful moonlight of Debussy&rsquo;s Claire de Lune, and finally the morning awakening in Grieg&rsquo;s Peer Gynt Suite No. 1.<br> Music acquisition for the BSO&rsquo;s 2010-2011 Season was funded by the Fletcher Bay Foundation.<br> Performances: Saturday @ 7:30 p.m. &amp; Sunday @ 3:00 p.m. (pre-concert chat 45 minutes ahead of each performance - Saturday @ 6:45 p.m. &amp; Sunday @ 2:15 p.m.)<br> Tickets: $19 for adults, and $16 for seniors, students, youth, military, and teachers @ 206.842.8569 / www.bainbridgeperformingarts.org</p>			</p>    			<br><br>",,http://www.seattleperforms.com/sites/seattleperforms.com/images/event/441090447/eblast_bso_feb_medium.jpg,206-842-8569,Bainbridge Symphony Orchestra presents “Dusk to Dawn”,http://www.bainbridgeperformingarts.org/Performances/Music/BSOfeb11.html,02/26/2011-02/27/2011,http://www.seattleperforms.com/event/detail/441090447/Bainbridge_Symphony_Orchestra_presents_Dusk_to_Dawn
"1000 Lenora Street, Seattle, WA, 98121",Cornish College of the Arts,"An interdisciplinary conversation looking at the legacies of Merce Cunningham, John Cage and Yves Klein with Seattle artists Catherine Cabeen, Tonya Lockyer and Jarrad Powell. Presented by the Cornish College of the Arts Dance Department and Interface Series. (Interface is an event series designed to encourage and celebrate collaborative and cross-disciplinary artistic projects and foster departmental interactions).</p>			</p>    			<br><br>",,,,"Interface Panel: Klein, Cage & Cunningham",http://www.cornish.edu/events,03/04/2011,http://www.seattleperforms.com/event/detail/441101671/Interface_Panel_Klein_Cage_Cunningham
"2230 Lind Avenue SW, Renton, WA, 98057",Evergreen City Balllet Black Box Theatre,"See your favorite story book character come to life. Based on the book series by Jane O'Conner, with illustrations by Robin Preiss Glasser, this original ballet for children is sure to delight. You'll also see the tale of Peter and The Wolf. This delightful ballet introduces the art of dance and music to children of all ages.</p>			</p>    			<br><br>",info@evergreencityballet.org,http://www.seattleperforms.com/sites/seattleperforms.com/images/org/220153341/ecblogonew_medium.jpg,1-800-899-9260,Special Family Program:  Fancy Nancy & Peter and The Wolf,http://www.evergreencityballet.org,03/12/2011-03/13/2011,http://www.seattleperforms.com/event/detail/441085473/Special_Family_Program_Fancy_Nancy_Peter_and_The_Wolf
"7400 Sand Point Way NE, Seattle, WA, 98115",Magnuson Park Community Theatre,"The King&rsquo;s Proposal is a Mel Brooks-meets-Shakespeare musical that tells the story of an evil king who tries to marry his daughter to an unwanted suitor. A case of mistaken identities turns into a tale of forced marriage--not to mention forced cross-dressing, forced song singing, occasional sword fighting and the obligatory puppet scene.</p>			</p>    			<br><br>",,http://www.seattleperforms.com/sites/seattleperforms.com/images/event/441102469/kings_proposal_low_res_medium.jpg,(206) 363-2809,The King's Proposal (or the Marriage of Princess Guido),http://www.thekingsproposal.com,03/20/2011-04/10/2011,http://www.seattleperforms.com/event/detail/441102469/The_Kings_Proposal_or_the_Marriage_of_Princess_Guido
"200 Madison Ave N, Bainbridge Island, WA, 98110",Bainbridge Performing Arts,"BPA Theatre School&rsquo;s second winter offering at the Jewel Box Theatre is The Adventures of Robin Hood. Gabe Carbajal and D&rsquo;Arcy Clements lead students in this true adventure of maidens, swordsmen, robbers, royalty, and mayhem. Classes meet for eight weeks March 2&ndash; April 24, Wednesdays at 4:00 &ndash; 6:00 p.m. (no class March 30). Tuition is $120, and students may register at 206.842.1163.</p>			</p>    			<br><br>",,http://www.seattleperforms.com/sites/seattleperforms.com/images/event/441063877/centerad_robinhood_spring_468x150_medium.jpg,206-842-1163,The Adventures of Robin Hood: 5th - 8th Grade at the Jewel Box Theatre,http://www.bainbridgeperformingarts.org/Education/RobinHood_JewelBox.html,03/02/2011-04/24/2011,http://www.seattleperforms.com/event/detail/441063877/The_Adventures_of_Robin_Hood_5th_8th_Grade_at_the_Jewel_Box_Theatre
"710 East Roy Street, Seattle, WA, 98102","PONCHO Concert Hall, Kerry Hall","Catch dynamic drummer and composer John Hollenbeck and his 19-piece ensemble featuring vocalist Theo Bleckmann and pianist Gary Versace in this very special, one-night-only performance.			</p>    			<br><br>",,http://www.seattleperforms.com/sites/seattleperforms.com/images/event/440952739/johnhollenbeck1_20x13_300dpi_pakzad_medium.jpg,,John Hollenbeck Large Ensemble,http://www.cornish.edu/music/series,03/03/2011,http://www.seattleperforms.com/event/detail/440952739/John_Hollenbeck_Large_Ensemble
"710 East Roy Street, Seattle, WA, 98102","PONCHO Concert Hall, Kerry Hall","Catch dynamic drummer and composer John Hollenbeck and his 19-piece ensemble featuring vocalist Theo Bleckmann and pianist Gary Versace in this very special, one-night-only<br> performance.</p>			</p>    			<br><br>",,,206.726.5011,John Hollenbeck Large Ensemble,,03/03/2011,http://www.seattleperforms.com/event/detail/441101635/John_Hollenbeck_Large_Ensemble
"710 East Roy Street, Seattle, WA, 98102","PONCHO Concert Hall, Kerry Hall","Join us for this special masterclass with the acclaimed Debussy Quartet consisting of Christophe Collette (violin), Dorian Lamotte (violin), Vincent Deprecq (viola), and Yannick Callier (cello).			</p>    			<br><br>",,http://www.seattleperforms.com/sites/seattleperforms.com/images/event/440952745/cornish_logo_rgb_medium.jpg,,Master Class with the Debussy Quartet,http://www.cornish.edu/music/series,03/04/2011,http://www.seattleperforms.com/event/detail/440952745/Master_Class_with_the_Debussy_Quartet
"710 East Roy Street, Seattle, WA, 98102","PONCHO Concert Hall, Kerry Hall","Innovative bassoonist and composer Seth Krimsky presents an imaginative program exploring improvisation and virtuosity and encompassing works from the 16th and 17th century by Diego Ortiz and Antonio Vivaldi to the present. Fellow Cornish faculty members Stephen Stubbs (lute) and Joe Kaufman (bass) join Krimsky for this recital that concludes with Krimsky&rsquo;s genre-bending new works for electric bassoon, electric bass, pedal steel guitar, and drums.			</p>    			<br><br>",,http://www.seattleperforms.com/sites/seattleperforms.com/images/event/440952757/seth_krimsky_medium.jpg,,Seth Krimsky,http://www.cornish.edu/music/series,03/04/2011,http://www.seattleperforms.com/event/detail/440952757/Seth_Krimsky
"710 East Roy Street, Seattle, WA, 98102","PONCHO Concert Hall, Kerry Hall","Join us for this special masterclass with the acclaimed Debussy Quartet consisting of Christophe Collette (violin), Dorian Lamotte (violin), Vincent Deprecq (viola), and Fabrice Bihan (cello).</p>			</p>    			<br><br>",,,,The Debussy Quartet,,03/04/2011,http://www.seattleperforms.com/event/detail/441101685/The_Debussy_Quartet
"710 East Roy Street, Seattle, WA, 98102","PONCHO Concert Hall, Kerry Hall","Innovative bassoonist and composer Seth Krimsky presents an imaginative program exploring improvisation and virtuosity and encompassing works from the 16th and 17th century by Diego<br> Ortiz and Antonio Vivaldi to the present. Fellow Cornish faculty members Stephen Stubbs (lute) and Joe Kaufman (bass) join Krimsky for this recital that concludes with Krimsky&rsquo;s genre-bending new works for electric bassoon, electric bass, pedal steel guitar, and drums.</p>			</p>    			<br><br>",,,206.726.5011,Seth Krimsky,,03/04/2011,http://www.seattleperforms.com/event/detail/441101695/Seth_Krimsky
"710 East Roy Street, Seattle, WA, 98102","PONCHO Concert Hall, Kerry Hall","Pianist, composer, and Cornish faculty member Jovino Santos Neto leads his Quinteto consisting of Harvey Wainapel on clarinet and saxophones, Ben Thomas on vibraphone and bandon&eacute;on, Chuck Deardorf on bass, Jeff Busch on percussion, and Mark Ivester on drums.			</p>    			<br><br>",,http://www.seattleperforms.com/sites/seattleperforms.com/images/event/440952765/jovino_2007_hi-res_medium.jpg,,Jovino Santos Neto Quinteto,http://www.cornish.edu/music/series,03/05/2011,http://www.seattleperforms.com/event/detail/440952765/Jovino_Santos_Neto_Quinteto
"710 East Roy Street, Seattle, WA, 98102","PONCHO Concert Hall, Kerry Hall","Pianist, composer, and Cornish faculty member Jovino Santos Neto leads his Quinteto consisting of Harvey Wainapel on clarinet and saxophones, Ben Thomas on vibraphone and bandon&eacute;on,<br> Chuck Deardorf on bass, Jeff Busch on percussion, and Mark Ivester on drums.</p>			</p>    			<br><br>",,,206.726.5011,Jovino Santos Neto Quinteto,,03/05/2011,http://www.seattleperforms.com/event/detail/441101701/Jovino_Santos_Neto_Quinteto
"710 East Roy Street, Seattle, WA, 98102","PONCHO Concert Hall, Kerry Hall","Master lutenist and theorbo player Thomas Boysen conducts this masterclass, sure to be of interest to all aficionados of baroque music.			</p>    			<br><br>",,http://www.seattleperforms.com/sites/seattleperforms.com/images/event/440952775/cornish_logo_rgb_medium.jpg,,Master Class with Thomas Boysen,http://www.cornish.edu/music/series,03/07/2011,http://www.seattleperforms.com/event/detail/440952775/Master_Class_with_Thomas_Boysen
"710 East Roy Street, Seattle, WA, 98102","PONCHO Concert Hall, Kerry Hall","Described as &ldquo;the Yo Yo Ma of the viol,&rdquo; internationally renowned viola da gamba virtuoso Paolo Pandolfo presents a masterclass you won&rsquo;t soon forget.			</p>    			<br><br>",,http://www.seattleperforms.com/sites/seattleperforms.com/images/event/440952781/paolo_pandolfo_420x420_by_evy_ottermans_medium.jpg,,Master Class with Paolo Pandolfo,http://www.cornish.edu/music/series,03/07/2011,http://www.seattleperforms.com/event/detail/440952781/Master_Class_with_Paolo_Pandolfo
"2200 Second Ave, Seattle, WA, 98121",The Crocodile,"Team Up for Nonprofits presents Gigs4Good featuring Hot Bodies in Motion, Luc &amp; the Lovingtons and Austin Jenckes &amp; The First Call benefiting The Service Board.  <br> <br> <br> <br> Come and experience a fun night of music for a cause with two of Seattle's funkiest bands.  The very hot right now Hot Bodies in Motion will be supported by Luc and The Lovingtons who are fresh off their tour with Jason Mraz, and Austin Jenkes and The First Call all to benefit The Service Board, at one of Seattle's legendary live music venues, The Crocodile.  Grab you tickets now as the last Gigs4Good benefit was a sellout! <br> <br> <br> <br> The Service Board&rsquo;s programs offer the positive space and education opportunities that will empower our youth to build strong community. TSB takes kids raised in the shadow of Mt. Rainier for their first trip to the mountains, exposes them to new ideas, foods and cultures and opens the door to new opportunities and ways of broadening their life path.  Through a unique blend of adult mentors, service-learning projects, civic engagement, and snowboarding adventures, TSB builds a caring community that broadens visions and nurtures strengths.  This Gigs4Good benefit will raise funds to cover the cost of transporting youth and mentors to the mountain this winter where they will build resilience and conquer fears. The goal is to raise $5,000 to subsidize the rental of seven buses that will safely transport participants to Summit at Snoqualmie, Stevens Pass and Crystal Mountain for Sunday riding.<br> <br> <br> <br> Hot Bodies in Motion is a four piece groove machine, delivering their own brand of danceable indie blues rock and flooding dance floors with infectious grooves. Imagine a hybrid of Stevie Wonder &amp; Stevie Ray, give or take a beard and some flannel. One local put it perfectly; &quot;every musician in the band is a master of their instrument... I've never seen as many people in a crowd dancing and smiling as I have at an HBIM show.&quot;  <br> <br> <br> <br> Luc &amp; The Lovingtons are a World-Soul-Pop band based out of Seattle, Washington who have recently garnered international acclaim through their &ldquo;Freedom Song&rdquo; and their recent tour supporting Jason Mraz.  A sought after group with contagious energy and warmth, The Lovingtons bring back the spirit of the days of Motown, with a stack of songs full of empowerment, uplift and joy.  From Chile to West Africa, New York to New Orleans, the Lovingtons have continued to spread good vibrations, delivering music with a passion and sincerity that connects to the heart.<br> <br> <br> <br> Austin Jenckes &amp; The First Call is a band that captures you and compels you to stop and listen. Austin Jenckes is a regional artist that has played over 1,000 shows in the last five years and formed the complete band in the summer of 2010. They were recently featured at the 2011 NAMM show in Anaheim, California and are currently working on their first collaborative effort, self-titled &quot;Austin Jenckes &amp; The First Call&quot;, which will be released nationally, May 2011.  <br> <br> <br> <br> Team Up for Nonprofits mission is to build capacity for nonprofit organizations by cultivating a new generation of engaged supporters through the power of music and social media. Our Gigs4Good benefits raise funds and awareness for the nonprofits we partner with and provide an entertaining and accessible opportunity for people to support organizations making a difference.  With Team Up you buy the tickets, we bring the music, nonprofits get the money!<br> <br> <br> <br> A huge thank you to The Crocodile for sponsoring this event.  Without our sponsors Team up could not produce our Gigs4Good events so we hope you will support them in return. <br> <br> <br> <br> http://www.theserviceboard.org<br> <br> http://www.hotbodiesinmotion.com <br> <br> http://www.lucandthelovingtons.com<br> <br> http://www.myspace.com/austinjenckes <br> <br> http://teamupfornonprofits.org/ <br> <br> <br> <br> Team Up for Nonprofits presents Gigs4Good featuring Hot Bodies in Motion and Luc &amp; The Lovingtons, benefiting The Service Board<br> <br> Thursday, March 10th, All Ages<br> <br> The Crocodile <br> <br> 2200 2nd Avenue<br> <br> Seattle, WA 98121<br> <br> Doors 7:00 p.m., Show 8:00 p.m.<br> <br> Tickets: $20 pre-sale, $25 at door. Student $15. Buy tickets here: http://bit.ly/HBiMG4G  or at the Crocodile Box Office.</p>			</p>    			<br><br>",team.up.amanda@gmail.com,,(206) 448-2114,Team Up Gigs4Good featuring Hot Bodies in Motion,http://bit.ly/HBiMG4G,03/10/2011,http://www.seattleperforms.com/event/detail/441144767/Team_Up_Gigs4Good_featuring_Hot_Bodies_in_Motion
"710 East Roy Street, Seattle, WA, 98102","PONCHO Concert Hall, Kerry Hall",Join us to hear the dynamic Guitar Duo Melis of Susana Prieto (Spain) and Alexis Muzurakis (Greece) in the third of four special guitar masterclasses co-presented with the Seattle Classic Guitar Society.			</p>    			<br><br>,,http://www.seattleperforms.com/sites/seattleperforms.com/images/event/440952785/cornish_logo_rgb_medium.jpg,,Master Class with Duo Melis,http://www.cornish.edu/music/series,03/13/2011,http://www.seattleperforms.com/event/detail/440952785/Master_Class_with_Duo_Melis
"710 East Roy Street, Seattle, WA, 98102","PONCHO Concert Hall, Kerry Hall","Join us as five of the finest baroque wind players anywhere&mdash;Janet See, flute; Gonzalo Ruiz, oboe; R.J. Kelley, horn; Danny Bond, bassoon; and Kris Kwapis, trumpet&mdash;demonstrate some of the finer points of baroque performance practices and coach aspiring early music students in this special master class.			</p>    			<br><br>",,http://www.seattleperforms.com/sites/seattleperforms.com/images/event/440952793/gonzaloruiz-march2009_medium.jpg,,Master Class with Baroque Winds,,03/26/2011,http://www.seattleperforms.com/event/detail/440952793/Master_Class_with_Baroque_Winds
"5729 Lakewood Towne Center Blvd., Lakewood, WA, 98499",Lakewood Playhouse,"Broadway Center for the Performing Arts <br> <br> and <br> <br> Lakewood Playhouse <br> <br> Join creative efforts in presenting the Northwest Premiere of My Name is Asher Lev.  The Broadway Center is committed to supporting live theater with South Sound community partners.<br> <br> <br> <br> &quot;My Name Is Asher Lev&quot;<br> <br> by Aaron Posner adapted from the novel by Chaim Potok<br> <br> Directed by: Marcus Walker<br> <br> <br> <br> <br> <br> On the Lakewood Playhouse stage: February 25 - March 20, 2011<br> <br> <br> <br> The story of a young gifted artist torn between his Orthodox Jewish faith and his passion to paint the truth. Produced in collaboration with the Broadway Center of Tacoma.<br> <br> <br> <br> ~<br> <br> <br> <br> CAST<br> <br> Jeffrey Smith<br> <br> Elliot Weiner<br> <br> Paige Hansen</p>			</p>    			<br><br>",,http://www.seattleperforms.com/sites/seattleperforms.com/images/event/441144793/asher1_medium.jpg,253-588-0042,My Name Is Asher Lev,,02/19/2011-03/20/2011,http://www.seattleperforms.com/event/detail/441144793/My_Name_Is_Asher_Lev
"12099 124th Ave NE, Kirkland, WA, 98034",Laughs Comedy Spot,"March 4th and 5th, Laughs Comedy Spot in Kirkland, WA welcomes the hilarious Myq Kaplan.  Myq made his network television debut on &ldquo;The Tonight Show with Conan O&rsquo;Brien&rdquo; and has since gone on to appear on &ldquo;The Late, Late Show with Craig Ferguson&rdquo; and in his own half-hour special &ldquo;Comedy Central Presents: Myq Kaplan&rdquo;.  Most recently, he was a Top 5 finalist on the 2010 season of Last Comic Standing.  He has also appeared on Comedy Central&rsquo;s &ldquo;Live at Gotham,&rdquo; at the New Faces show of the 2009 Just For Laughs Festival in Montreal, and was voted 2008&rsquo;s Best Local Comedian in the Boston Phoenix.  In 2009 Myq won the NY&rsquo;s Funniest Standup Competition.<br> <br> A Jewy-ish atheistic vegan who spells the name &ldquo;Mike&rdquo; weird (sorry or you&rsquo;re welcome), Myq enjoys words, social justice, Netflix, and comic books.  Also non-comic books, ping-pong, and being great with women. And grammar and run-on sentence fragments. And of course, entertaining his demographic, which is anyone who might know the word &ldquo;demographic.&rdquo;<br> <br> The Comedians magazine calls him &ldquo;a comedy machine, in the best possible way. The way that some machines vend soda or prevent other machines from killing future revolutionaries &ndash; that&rsquo;s how Myq Kaplan does comedy: relentlessly, methodically, unblinkingly.&rdquo;</p>			</p>    			<br><br>",,,425-823-6306,Last Comic Standing finalist Myq Kaplan,http://www.laughscomedy.com,03/04/2011-03/05/2011,http://www.seattleperforms.com/event/detail/441103303/Last_Comic_Standing_finalist_Myq_Kaplan
"12099 124th Ave. NE, Kirkland, WA, 98034",Laughs Comedy Club,"Laughs Comedy Spot is proud to present<br> <br> The Roast Master General Jeffrey Ross<br> <br> March 11th &amp; 12th!<br> <br> <br> <br> March 11th &amp; 12th, Laughs Comedy Spot in Kirkland, WA welcomes the Roast Master General Himself, Jeffrey Ross.  Ross's blistering performances at celebrity roasts honoring mega stars like Joan Rivers, Hugh Hefner, Pamela Anderson, Donald Trump, Jerry Stiller, Drew Carey, Shaquille O'Neal, and most recently David Hasselhoff inspired New York Magazine to crown him &quot;The Meanest Man in Comedy&quot; - and MTV to introduce him as...&quot;A One-Man Verbal Assault Unit&quot;.<br> <br> <br> <br> As a stand-up comic, Jeff has appeared on dozens of TV shows including David Letterman, Jay Leno, Jimmy Kimmel, Conan O'Brien, Carson Daly, ABC's &ldquo;The View&rdquo; and HBO's &ldquo;Real Time with Bill Maher&rdquo;. Jeff also continues to perform regularly for American men and women in uniform stationed all over the world. As a filmmaker, Jeff's directorial debut, &quot;Patriot Act: A Jeffrey Ross Home Movie&quot; nabbed the best feature film award at the Montreal Comedy Festival.  The film is a funny and poignant documentary that captures Jeff's life changing experience entertaining U.S. troops stationed around Iraq. In addition to Jeff's recent dramatic turn on the hit CBS show, &quot;C.S.I.&quot;, he has appeared on HBO's &quot;Six Feet Under&quot; and Showtime's &quot;Weeds&quot;. <br> <br> <br> <br> In film, he has appeared in the Farrelly Brothers' &quot;Stuck on You&quot;, Paul Weitz's &quot;American Dreamz&quot; and critically acclaimed comedy, &quot;The Aristocrats&quot;.  Jeff has also written and produced celebrity roasts for Comedy Central and executive-produced and hosted his own highly rated re- imagination of the roasts, &quot;MTV's Bash of Carson Daly&quot;, which featured Madonna, Eminem, Fifty Cent, Britney Spears, P. Diddy, Justin Timberlake, Jimmy Kimmel, Sarah Silverman, Jon Stewart, Kid Rock, and Nelly all &quot;bashing&quot; the guest of honor for charity.  Jeff has also written for some cool shows including the MTV Video Music Awards for hosts Jamie Foxx and Chris Rock and the 2000 Academy Awards for host Billy Crystal.  He's also helped write the first season of &quot;The Man Show&quot; on Comedy Central and consulted on &quot;Who's Line is it Anyway&quot; for ABC.  Occasionally Jeff even punches up movies for big shots like The Farrelly Brothers and Dreamworks Animation.  Check out his CD/DVD &rsquo;NO OFFENSE: LIVE FROM NEW JERSEY&rsquo; now available at amazon.com.<br> <br> <br> <br> Ross&rsquo;s first book, &ldquo;I Only Roast the Ones I Love: Busting Balls without Burning Bridges&rdquo; by Simon Spotlight Entertainment, a division of Simon &amp; Schuster is now available in Paperback.   <br> <br> <br> <br> Visit:  http://roastmastergeneral.com or http://www.myspace.com/jeffreyrosslive <br> <br> Video:  http://www.youtube.com/watch?v=k5L0YKiQ51s <br> <br> <br> <br> Showtimes: Fri. and Sat. 8:00PM &amp; 10:30PM Tickets:  $25 &amp; $30<br> <br> Call: 425-823-6306 Visit: www.laughscomedy.com  <br> <br> Laughs Comedy Spot is located at 12099 124th Avenue NE Kirkland, WA 98034</p>			</p>    			<br><br>",,http://www.seattleperforms.com/sites/seattleperforms.com/images/event/441126231/jeff_ross_photo_aug_2010_gray_suit_medium.jpg,425-823-6306,The Roast Master General Jeffrey Ross,http://www.laughscomedy.com,03/11/2011-03/12/2011,http://www.seattleperforms.com/event/detail/441126231/The_Roast_Master_General_Jeffrey_Ross
"12099 124th Avenue NE, Kirkland, WA, 98034",Laughs Comedy Spot,"March 11th &amp; 12th, Laughs Comedy Spot in Kirkland, WA welcomes author, television host, musician and standup comedian Greg Behrendt.   Greg Behrendt is busier than ever. In 2009, &ldquo;He&rsquo;s Just Not That Into&rdquo;, the movie based on his bestselling book, opened in theaters nationwide and was America&rsquo;s number one movie. Behrendt&rsquo;s second comedy special, &ldquo;That Guy from That Thing,&rdquo; was released by Image Entertainment after premiering on Comedy Central. Greg hit the road with the &ldquo;Greg Behrendt&rsquo;s Totally Into You Comedy Tour&rdquo; and made his Edinburgh Festival debut at The Assembly Rooms. In 2010, Greg wrote a half hour sitcom pilot for CBS, produced and starred in &ldquo;There Might Be Cake&rdquo;, an unscripted pilot for IFC, and performed stand-up at both the Melbourne and Montreal International Comedy Festivals, worked as a Consulting Producer on NBC&rsquo;s Love Bites, and launched the podcast &ldquo;Walking the Room&rdquo; which he hosts along with Dave Anthony.  Already in 2011, Greg headlined an episode of John Oliver&rsquo;s New York Standup Show, and is writing a pilot for AMC with Hank Azaria and Jerry Stahl.<br> <br> <br> <br> Behrendt was a consultant for three consecutive seasons on HBO&rsquo;s &ldquo;Sex and the City&rdquo; in which he brought his original male point-of-view to the writing staff.  His acclaimed stand-up comedy has been seen on HBO, &ldquo;The Tonight Show,&rdquo; &ldquo;Late Show w/David Letterman,&rdquo; &ldquo;Late Night with Conan O&rsquo;Brien&rdquo; and Comedy Central.  He was named by Variety in 2001 as one of the &ldquo;10 Comics to Watch.&rdquo;  In April 2006, he was honored by COSMOPOLITAN magazine as one of the twelve &ldquo;Fun, Fearless Males&rdquo;. <br> <br> <br> <br> Behrendt currently lives in LA with his wife/writing and producing partner Amiira and their two daughters.<br> <br> <br> <br> <br> <br> Checkout Greg:  http://www.gregbehrendt.com  <br> <br> For Video: http://www.youtube.com/watch?v=Hs9P5sbtUuk&amp;feature=related <br> <br> <br> <br> Showtimes: Friday and Saturday 8:00PM &amp; 10:30PM Tickets:  $20 Call: 425-823-6306 <br> <br> Visit: www.laughscomedy.com  <br> <br> Laughs Comedy Spot is located at 12099 124th Avenue NE Kirkland, WA 98034</p>			</p>    			<br><br>",,,425-823-6306,Comedian Greg Behrendt,http://www.laughscomedy.com,03/11/2011-03/12/2011,http://www.seattleperforms.com/event/detail/441132247/Comedian_Greg_Behrendt
"700 Union Street, Seattle, WA, 98101",The Bullitt Cabaret at ACT,"Sponsored in part by KPLU 88.5FM and Tuxedo and Tennis Shoes Catering and Events, Toast-n-Jam 2011 will take place at the elegant Bullitt Cabaret at ACT on Sunday, March 27, 2011 from 3pm to 5pm.<br> <br> &ldquo;Toast&rdquo; the return of Mirror Stage programming and &ldquo;Jam&rdquo; to the gypsy jazz stylings of Pearl Django. Enjoy hors d&rsquo;oeuvres, a teaser of Mirror Stage things to come, a silent auction and raffle. We hope you&rsquo;ll join us!<br> <br> A limited number of attendees can be accommodated, so purchase your ticket early! Advance purchase tickets for $35 go on sale February 14, 2011. Tickets at the door will be $45. Admission includes three complimentary raffle tickets.<br> <br> Even if you are not able to attend, you can still purchase raffle tickets: $5 each, 3 for $10, or 8 for $25. You need not to be present to win a raffle prize, although bidding on the silent auction items is restricted to those attending.<br> <br> All Toast-n-Jam proceeds directly support Mirror Stage programming, theatre to get jazzed about.</p>			</p>    			<br><br>",boxoffice@mirrorstage.org,http://www.seattleperforms.com/sites/seattleperforms.com/images/event/441102619/tnjtps1_medium_medium.jpg,,Toast-n-Jam 2011,http://www.mirrorstage.org/?q=toastnjam2011,03/27/2011,http://www.seattleperforms.com/event/detail/441102619/ToastnJam_2011
"2015 Boren Avenue, Seattle, WA, 98121",Raisbeck Performance Hall,&quot;Odzooks! My wide-extended Realm knows not a name so glorious as Tom Thumb.&quot; From the author of the saucy romp Tom Jones comes this parody of heroic tragedy. The greatest hero of his age is only inches tall -- can he win the love of the bounteous Princess Huncamunca? Can he defeat the plots of the villainous Lord Grizzle? Is there a hungry cow looming ominously in his future?</p>			</p>    			<br><br>,,,206.726.5011,Tom Thumb,http://www.cornish.edu/events,03/03/2011-03/05/2011,http://www.seattleperforms.com/event/detail/441101645/Tom_Thumb
"305 Harrison Street, Seattle, WA, 98109",Seattle Center House,"A terrifying graveyard encounter with an escaped convict; a summons to meet the bitter, decaying Miss Havisham and her beautiful, cold-hearted ward Estella; the sudden generosity of an unknown benefactor - this series of events changes the orphaned Pip's life forever, and he eagerly feels his humble origins in favor of a new life as a gentleman in London. Dickens' haunting late novel depicts Pip's education and development through adversity as he discovers that having ""expectations"" is a double-edged sword. 			</p>    			<br><br>",,http://www.seattleperforms.com/sites/seattleperforms.com/images/event/5597/ge_production1_thumb_medium.jpg,206.216.0833,Great Expectations,,02/08/2011-03/06/2011,http://www.seattleperforms.com/event/detail/5597/Great_Expectations
"400 E. University Ave., Ellensburg, WA, 98926",Central Washington University - Milo Smith Tower Theater,"This award winning family drama tells the fantastical story of a little girl in search of her home. Iris is kidnapped by the Greater Goods and banished to an island with all her memories wiped away. But Iris begins to find clues to who she really is, and sets out on a brave and wondrous adventure to rediscover herself. Like Alice in Wonderland the story has magical characters, a wild journey and an appealing heroine, but it also carries a strong message about how our present and our future is informed and defined by the past. <br> <br>STILL LIFE WITH IRIS was originally commissioned and produced by Seattle Children's Theatre. It was inspired by the Image Influenced Illusions of Steffan Soule and Cooper Edens from their book, Dreams, Magic, and Miracles. Its development was supported by a major grant from the John F. Kennedy Center's Fund for New American Plays, the first play for young audiences to receive such an award. <br> <br>Family Friendly			</p>    			<br><br>",boxoffice@cwu.edu,http://www.seattleperforms.com/sites/seattleperforms.com/images/org/441/centraltheatreensemble_medium.jpg,509-963-1774,Still Life with Iris,http://www.cwu.edu/~theatre/tix,03/04/2011-03/12/2011,http://www.seattleperforms.com/event/detail/5555/Still_Life_with_Iris
"400 E. University Ave., Ellensburg, WA, 98926",Central Washington University - Milo Smith Tower Theater,"By Steven Dietz<br> <br> <br> <br> This award winning family drama tells the fantastical story of a little girl in search of her home. Iris is kidnapped by the Greater Goods and banished to an island with all her memories wiped away. But Iris begins to find clues to who she really is, and sets out on a brave and wondrous adventure to rediscover herself. Like Alice in Wonderland the story has magical characters, a wild journey and an appealing heroine, but it also carries a strong message about how our present and our future is informed and defined by the past.<br> <br> <br> <br> STILL LIFE WITH IRIS was originally commissioned and produced by Seattle Children&rsquo;s Theatre. It was inspired by the Image Influenced Illusions of Steffan Soule and Cooper Edens from their book, Dreams, Magic, and Miracles. Its development was supported by a major grant from the John F. Kennedy Center&rsquo;s Fund for New American Plays, the first play for young audiences to receive such an award.<br> <br> <br> <br> Family Friendly			</p>    			<br><br>",boxoffice@cwu.edu,http://www.seattleperforms.com/sites/seattleperforms.com/images/event/440957667/still_life_with_iris_medium.jpg,509-963-1774,Still Life with Iris,http://www.cwu.edu/~theatre/tix/,03/04/2011-03/12/2011,http://www.seattleperforms.com/event/detail/440957667/Still_Life_with_Iris
"3000 Landerholm Circle SE, Bellevue, WA, 98007",Stop Gap Theatre Bellevue College,by Ken Ludwig from the novel by Alexandre Dumas.<br><br><br><br> The exploits of the famous swordsmen and their newest recruit D’Artangan burst onto the stage in this dramatization of the Dumas classic.  Complete with plenty of sword fighting!			</p>    			<br><br>,,,1-800-838-3006,The Three Musketeers,http://bellevuecollege.edu/artshum/Drama/index.html,03/09/2011-03/12/2011,http://www.seattleperforms.com/event/detail/440958499/The_Three_Musketeers
,,"Late Nite Catechism is an uproariously funny play that takes the audience back to their youth. The irrepressible Sister teaches class to a roomful of &quot;students.&quot; Throughout the course of the class the benevolent instructor rewards the &quot;students&quot; for correct answers with glow-in-the-dark rosaries and other nifty prizes. Naughty students may well find themselves on stage sitting in a corner reflecting their actions. However, even the most reluctant &quot;students&quot; will be clamoring to get into this Sister's class. Now in its 14th year, Late Nite Catechism has brought its nostalgic kick to every state in the U.S. as well as to Canada, the U.K., and Australia.<br> <br> <br>			</p>    			<br><br>",info@npacf.org,http://www.seattleperforms.com/sites/seattleperforms.com/images/event/440958479/lnc1color_medium.jpg,425 408-7988,Late Nite Catechism,http://www.npacf.org,03/19/2011,http://www.seattleperforms.com/event/detail/440958479/Late_Nite_Catechism
"11500 Redmond-Woodinville Road, Redmond, WA, 98052",Evergreen Family Theatre,"Hilarious, family-friendly Neil Simon comedy takes place in a remote Ukrainian village in 1890.</p>			</p>    			<br><br>",evergreenfamilytheatre@gmail.com,http://www.seattleperforms.com/sites/seattleperforms.com/images/event/441104081/fools_poster_large_medium.jpg,425-885-2244,FOOLS  by Neil Simon,http://www.evergreenfamilytheatre.org,03/04/2011-03/19/2011,http://www.seattleperforms.com/event/detail/441104081/FOOLS_by_Neil_Simon_
"16587 NE 74th St, Redmond, WA, 98052",SecondStory Repertory Theatre,"adapted by Geraldine Ann Snyder<br> <br> One of Aesop&rsquo;s most famous fables! A young boy learns his morals the hard way, as he discovers that honesty is the best policy.</p>			</p>    			<br><br>",boxoffice@secondstoryrep.org,http://www.seattleperforms.com/sites/seattleperforms.com/images/event/440968453/bw_medium.jpg,(425) 881-6777,The Boy Who Cried Wolf,http://www.secondstoryrep.org,03/04/2011-03/20/2011,http://www.seattleperforms.com/event/detail/440968453/The_Boy_Who_Cried_Wolf
"9911 Burnham Dr NW, Gig Harbor, WA, 98332",Paradise Theatre,"ix young people in the throes of puberty, overseen by grown-ups who barely managed to escape childhood themselves, learn that winning isn't everything and that losing doesn't necessarily make you a loser.<br> <br> THE 25TH ANNUAL PUTNAM COUNTY SPELLING BEE is a hilarious tale of overachievers' angst chronicling the experience of six adolescent outsiders vying for the spelling championship of a lifetime. The show's Tony Award winning creative team has created the unlikeliest of hit musicals about the unlikeliest of heroes: a quirky yet charming cast of outsiders for whom a spelling bee is the one place where they can stand out and fit in at the same time.</p>			</p>    			<br><br>",tickets@paradisetheatre.org,http://www.seattleperforms.com/sites/seattleperforms.com/images/event/441130685/spellingbee_logo_medium.jpg,253-851-7529,25th Annual Putnam County Spelling Bee,http://www.paradisetheatre.org,03/04/2011-03/20/2011,http://www.seattleperforms.com/event/detail/441130685/25th_Annual_Putnam_County_Spelling_Bee
"409 7th Ave. S., Seattle, WA, 98104",Theatre Off Jackson,"Macha Monkey Productions in partnership with Theatre Off Jackson remounts the sold-out world premiere production of HEARTS ARE MONSTERS by Kelleen Conway Blanchard!<br> <br> What would you do if your murdered father's ghost came and asked you to seek revenge?  What would you do if you were a brilliant but awkward 16-year-old girl with a colony of naked mole rats in your bedroom?  If the boy you adored wrote songs about pilgrims and can't remember your name?  If your twin sister was a debauched former child star?  If your boozing mother clung to her memories of tropical trysts?  The answers can be found in Kelleen Conway Blanchard's HEARTS ARE MONSTERS.<br> <br> The original cast of HEARTS ARE MONSTERS returns:  Joey Gilmore as Jack, Karen Heaven as Mother, Erin Pike as Wendy, Erin Stewart as Marcy, and James Weidman as Coach Snell.<br> <br> Original songs by Rick Miller.  Set design by 2010 Gregory Nominee, David Gignac.  Directed by Bret Fetzer, former Artistic Director of the Annex Theatre.</p>			</p>    			<br><br>",,http://www.seattleperforms.com/sites/seattleperforms.com/images/event/441125869/ham_medium.jpg,,Hearts Are Monsters,http://www.machamonkey.org,03/04/2011-03/26/2011,http://www.seattleperforms.com/event/detail/441125869/Hearts_Are_Monsters
"2710 Wetmore Avenue, Everett, WA, 98201",Everett Performing Arts Center,"Sleuth <br>By Anthony Shaffer <br> <br>Wealthy mystery novelist Andrew Wyke invites young Milo Tindle to his elegant, isolated country house to settle a bit of unpleasant business; Milo is having an affair with Andrew's wife. What begins as a bizarre cat and mouse game of robbery spirals into a complex duel of wits and deception. Packed with thrills, and twists and turns that continue to tip the scale, this Tony Award-winning puzzle will keep you guessing up to the very deadly end!  <br> <br> <br>			</p>    			<br><br>",boxofficeeverett@villagetheatre.org,,425-257-8600,Sleuth - Everett,,03/04/2011-03/27/2011,http://www.seattleperforms.com/event/detail/5384/Sleuth_Everett
"402 Sixth St. S, Kirkland, WA, 98033",Studio East Mainstage Theater,Singin' in the Rain			</p>    			<br><br>,info@studio-east.org,http://www.seattleperforms.com/sites/seattleperforms.com/images/org/360/storybooktheaterstudioeast_medium.jpg,425-820-1800,Studio East presents Singin' in the Rain,http://www.studio-east.org/,03/11/2011-03/27/2011,http://www.seattleperforms.com/event/detail/5694/Studio_East_presents_Singin_in_the_Rain
"210 North I Street, Tacoma, WA, 98403",Tacoma Little Theatre,"by Georges Feydeau, Translated by David Ives<br> March 4th through March 27th 2011<br> Friday and Saturday 7:30pm, Sunday 2:00pm<br> Pay What You Can: March 10, 2011 at 7:30pm <br> Actor Benefit: March 26, 2011 at 2:00pm<br> <br> A Flea in Her Ear is the greatest of French farces, perhaps the greatest farce ever written. Raymonde Chandebise suspects that her husband, Victor, a placid and successful insurance executive, is secretly having an affair. To find out, she and her friend Lucienne write him an anonymous love letter suggesting a rendezvous at the shady Frisky Puss Hotel. Thinking the letter was intended for his coworker, the gigolo Tournel, Victor sends Tournel off to make the rendezvous in his place. Lucienne&rsquo;s jealous Spanish husband, meanwhile, finds the letter, recognizes his wife&rsquo;s handwriting and takes his pistols to the Frisky Puss, hoping to catch her in the act. Meanwhile,Victor&rsquo;s nephew Camille tries to warn everyone about the mix-up, but his ridiculous speech impediment prevents anyone from understanding him. In Act Two, all decamp to the Frisky Puss where, it turns out, the drunken bellboy Poche is the exact double of the proper Victor Chandebise. Meeting Poche and thinking she&rsquo;s been caught by her husband, Raymonde keeps trying to escape from the hotel with Tournel, but a revolving bed keeps flinging them from room to room, as more and more of the involved parties pile into the hotel in a climax culminating in the entrance of the jealous Spaniard and his pistols. In Act Three the vortex spins even faster as all the parties return to the Chandebise home utterly confused about what actually happened and who was who at the Frisky Puss. The drunken bellboy arrives, is mistaken once again for Victor, and all the threads of the multiple mix-ups are sorted out as Victor and Raymonde recognize their mutual confusions and are reunited.</p>			</p>    			<br><br>",tlt@tacomalittletheatre.com,http://www.seattleperforms.com/sites/seattleperforms.com/images/event/440989775/flea_icon_medium.jpg,253-272-2281,A Flea in Her Ear,http://www.tacomalittletheatre.com,03/04/2011-03/27/2011,http://www.seattleperforms.com/event/detail/440989775/A_Flea_in_Her_Ear
"2220 NW Market, Seattle, WA, 98107",The Ballard Underground,"The Skriker, a dark, shape-shifting fairy, is drawn to desperation. After attaching herself to two teenage girls, the Skriker wreaks havoc with their lives, haphazardly granting minor wishes, using dark magic to make flowers rain from the sky and turn words into frogs, and ultimately dragging both girls into a rotting underworld filled with a macabre ensemble of broken fairies. Helpless against her power, the girls become increasingly desperate to save themselves and each other. In one of her most astonishing works, Caryl Churchill seamlessly weaves themes of environmentalism and feminism into a world bursting with creatures from British folklore that are known for drowning and eating children.<br> <br> THE SKRIKER features the work of: Dayo Anderson, Rob Bergquist, Kasey Brockwell, Valerie Brunetto, Rosie Currier, Jen Dotsey, Linnea Emigh, Danny Fisher-Bruns, Brenan Grant, Eric Grenfell-Phillips, Chelsie Hanner, Zack Hewell, Bethany Hightower, Molly Mahar Lyman, Courtney Meaker, Daniela Melgar, Wilder Nutting-Heath, Beth Raas-Bergquist, Phoebe Richards, Travis Roderick, Jen Ross, Patrick Savedra, Jessica Stepka, Julia Welch.<br> <br> Ghost Light Theatricals’ “Ch-Ch-Changes” season rolls into March with Caryl Churchill’s THE SKRIKER and finishes up in April with a new adaptation of THE CLOUDS by Aristophanes. <br> <br> Ghost Light Theatricals mission is to create bold, imaginative stories inspired by classic texts that resonate with a modern world. Visit our website at www.GhostLightTheatricals.org for more information and publicity photos.			</p>    			<br><br>",info@ghostlighttheatricals.org,,2063955458,The Skriker,http://ghostlighttheatricals.org/the-skriker/,03/11/2011-03/27/2011,http://www.seattleperforms.com/event/detail/441144539/The_Skriker
"4711 California Ave SW, Seattle, WA, 98116",ArtsWest Playhouse,"Jesse is nine. Jesse can't focus. Mama helps. Dad ignores. The teacher scolds, the neighbors gossip, the psychiatrists prescribe, the audience laughs, but""¦NO ONE LISTENS. Welcome to Lisa Loomer's (The Waiting Room) darkly comic Distracted, a story about a multi-tasking mom taking on the culture of Attention Deficit Hyperactivity Disorder. Her quixotic husband is in denial, leaving her to take on accepted science and mythic homeopathy all by herself. Fast paced, disarmingly funny, and direct from a wildly successful run on Broadway, this is a riveting gaze at parenting, childhood, and looking for fast answers in the age of Ritalin. Adult language and themes. Recommended for ages 14 and older. <br>""****A chronically entertaining comedy!"" ""“ New York Daily News <br>""Focus, people! Distracted is superb!"" ""“ Associated Press			</p>    			<br><br>",boxoffice@artswest.org,,206-938-0339,Distracted,https://www.choicesecure01.net/mainapp/eventschedule.aspx?clientID=artswest,03/09/2011-04/02/2011,http://www.seattleperforms.com/event/detail/5516/Distracted
"15343 25th Avenue NE, Seattle, WA, 98155",Shorecrest Performing Arts Center,"Edmonds King&rsquo;sPlayers Theater is proud to present Hello Dolly!, a comedic look at a turn-of-the-century matchmaker who teaches us to embrace each moment in life as she sings and dances her way into the hearts of many.  Showstoppers such as &ldquo;Sunday Clothes,&rdquo; &ldquo;Before the Parade Passes By&rdquo; and the ever famous &ldquo;Hello Dolly&rdquo; will have you tapping your toes and laughing in your seats. Don&rsquo;t let this parade pass YOU by!</p>			</p>    			<br><br>",kings.players@yahoo.com,,425-774-858,"Hello, Dolly!",http://www.kingsplayerstheater.org,03/26/2011-04/03/2011,http://www.seattleperforms.com/event/detail/441131039/Hello_Dolly
"612 East 4th Ave, Olympia, WA, 98501",Capital Playhouse,"This enchanting classic of children’s literature is now a brilliant musical by Pulitzer Prize winning playwright Marsha Norman. Orphaned in India, sickly, sour-faced 11-year-old Mary returns to Yorkshire to live with her embittered, reclusive uncle – still mourning the loss of his wife – and his disagreeable, bedridden son on their estate. Mary uncovers the key to a magic locked garden housed on the estate and secretly resolves to tend and revive the overgrown sanctuary with the help of a new-found friend, Dickon. Flashbacks, dream sequences, a strolling chorus of ghosts, and some of the most beautiful music ever written for Broadway dramatize The Secret Garden’s compelling tale of regeneration. This Tony Award® winner for Best Book of a Musical is a treasure for both children and adults.<br>			</p>    			<br><br>",info@capitalplayhouse.com,http://www.seattleperforms.com/sites/seattleperforms.com/images/event/440952881/secretgarden_medium.gif,360-943-2744,The Secret Garden,http://www.capitalplayhouse.com/performances1011.html#secret,03/17/2011-04/09/2011,http://www.seattleperforms.com/event/detail/440952881/The_Secret_Garden
"155 Mercer Street, Seattle, WA, 98109",Bagley Wright Theatre at Seattle Repertory Theatre,"by John Steinbeck, directed by Jerry Manning<br><br> <br><br> <br><br> John Steinbeck's heartbreaking American classic comes to life in his own stage adaptation. Lenny and George—farm workers in Depression-era California—are trying to scrape together enough money to buy a house of their own. But when Lenny stirs up trouble on the job, George must choose between protecting his friend or staying the course towards his version of the American dream.<br><br> <br><br> Recommended for ages 12 and above.<br>			</p>    			<br><br>",,http://www.seattleperforms.com/sites/seattleperforms.com/images/event/440952887/mm_small_medium.jpg,(206) 443-2222,Of Mice and Men,http://www.seattlerep.org/Plays/1011/MM/,03/18/2011-04/10/2011,http://www.seattleperforms.com/event/detail/440952887/Of_Mice_and_Men
"7312 W. Green Lake Dr. N., Seattle, WA, 98103",Bathhouse Theater,"What does it mean to be truly happy? Explore the meaning March 18th-April 10th, 2011 in the tragically funny drama The Happy Ones by Julie Marie Myatt.  When tragedy strikes Walter, the only person who can help him reclaim his life is the person who inadvertently destroyed it. The Happy Ones is an uplifting ­ and, surprisingly funny, ­new play by a rising star in American theater.<br><br> <br><br> Featuring David Hsieh, Macall Gordon, Shawn Law, and K. Brian Neel<br><br> <br><br> Directed By David Gassner<br><br> <br><br> The show runs approximately 2 hours with one 15-minute intermission. <br><br> <br><br> Some Language: Recommended for ages 10 and up at parents' discretion			</p>    			<br><br>",boxoffice@seattlepublictheater.org,http://www.seattleperforms.com/sites/seattleperforms.com/images/event/441089121/eventpic-happyones_medium.jpg,206-524-1300,The Happy Ones,http://www.seattlepublictheater.org,03/17/2011-04/10/2011,http://www.seattleperforms.com/event/detail/441089121/The_Happy_Ones
"1500 Summit Ave, Seattle, WA, 98122",Theater Schmeater,"From the television series created by Rod Serling<br><br> Directed by Tim Moore<br><br> <br><br> Featuring three episodes straight from the classic TV series:  <br><br> Time Enough at Last<br><br> The Obsolete Man <br><br> The Monsters are Due on Maple Street <br><br> <br><br> Directed by long time Schmee Alum, Tim Moore (who also will play “Rod”), <br><br> The Twilight Zone: Live! brings back to life all the Cold War era’s anxieties and angst, paranoia and paradoxes.  A long time audience favorite at The Schmee, The Twilight Zone: Live! breathes new life into these trusted tales of a simpler time, when the aliens wore silly hats, and the enemy always came from without.<br><br> 			</p>    			<br><br>",Support@BrownPaperTickets.com,http://www.seattleperforms.com/sites/seattleperforms.com/images/org/169/theaterschmeater_medium.jpg,1-800-838-3006,The Twilight Zone: LIVE! 2011,http://www.schmeater.org/plays/2011/thetwilightzone2011/,03/18/2011-04/16/2011,http://www.seattleperforms.com/event/detail/441070087/The_Twilight_Zone_LIVE_2011
"7116 6th Ave, Tacoma, WA, 98406",Tacoma Musical Playhouse,"Based on Fellini&rsquo;s classic film, 8 1/2 , this spectacular musical delighted Broadway theatergoers in a hit revival in 2003 starring Antonio Banderas. Nine is the story of a celebrated film director, Guido Contini (played by Rafe Wadleigh), who has has turned 40 and faces a double crises: he has to shoot a film for which he can't write the script, and his wife of twenty years, the film star Luisa del Forno (Maria Valenzuela), may be about to leave him if he can't pay more attention to the marriage. As it turns out, it is the same crisis that is blocking his creative impulses and entangling him in a web of romantic difficulties in early-1960s Venice.<br> <br> <br> The original Broadway production opened in 1982 and ran for 729 performances, starring Raul Julia. The musical won five Tony Awards, including best musical, and is now also a major motion picture (2009).  <br> <br> Not recommended for children 13 and younger.</p>			</p>    			<br><br>",,,253-565-6867,NINE. THE MUSICAL,http://www.tmp.org,03/25/2011-04/17/2011,http://www.seattleperforms.com/event/detail/5649/NINE_THE_MUSICAL
"204 N. 85th St, Seattle, WA, 98103",Taproot Theatre,"Germany. 1933: The Nazi party has taken power. In the face of the greatest evil of the 20th century. Dietrich Bonhoeffer battles questions of morality, political allegiance and religious conviction. This true story will keep you on the edge of your seat a</p>			</p>    			<br><br>",box@taproottheatre.org,http://www.seattleperforms.com/sites/seattleperforms.com/images/org/159/taproottheatrecompany_medium.jpg,206-781-9707,The Beams are Creaking,http://www.taproottheatre.org/buy-tickets,03/23/2011-04/23/2011,http://www.seattleperforms.com/event/detail/5656/The_Beams_are_Creaking
"303 Front Street North, Issaquah, WA, 98027",Village Theatre,"Iron Curtain <br>Book by Susan DiLallo <br>Music by Stephen Weiner <br>Lyrics by Peter Mills <br> <br>There's no Communism like Show-Communism! When the Soviets set out to create a Broadway musical, they decide they'll need to bring in some real New York writers - by force, if necessary. Enter Howard and Murray, two down and out musical theatre writers, who are on the brink of throwing in the towel. Kidnapped, taken to Moscow, and forced to fix the worst musical ever written, these two characters suddenly find themselves working under the gun""¦literally! With an uproarious and upbeat score, Iron Curtain is a knock 'em down hit with laughs at every corner.  <br>			</p>    			<br><br>",boxoffice@villagetheatre.org,,425-392-2202,Iron Curtain,,03/17/2011-04/24/2011,http://www.seattleperforms.com/event/detail/5385/Iron_Curtain
"1000 Lenora Street, Seattle, WA, 98121",Cornish College of the Arts,"Show and Tell: Objectivity is an exhibition, discussion, and performance, inviting Cornish faculty and staff to select and discuss and artwork based on the given theme. Show and Tell: Objectivity will focus on art's &quot;thing-ness&quot;, while also referring to an unbiased presentation of information. Participating faculty and staff will each have 3-5 minutes to discuss their selection before an audience during the opening reception. This ongoing project aims to promote lively discussion while building connections and community through exhibition, explanation, and example.</p>			</p>    			<br><br>",,,,Show and Tell: Objectivity,,03/02/2011-03/30/2011,http://www.seattleperforms.com/event/detail/441101627/Show_and_Tell_Objectivity
"3000 Landerholm Circle SE, Bellevue, WA, 98007",Stop Gap Theatre Bellevue College,"Stage Fright Student Drama presents<br> London Suite<br> by Neil Simon<br> One hotel suite.  Four stories.  Neil Simon&rsquo;s comedy explores relationships: art and commerce, mother and daughter, lover and friend and a man on the floor with his lost Wimbledon tickets.  <br>			</p>    			<br><br>",,http://www.seattleperforms.com/sites/seattleperforms.com/images/event/440958529/ta-london_suite_medium.jpg,1-800-838-3600,London Suite,http://bellevuecollege.edu/artshum/Drama/index.html,04/14/2011-04/16/2011,http://www.seattleperforms.com/event/detail/440958529/London_Suite
"507 S 3rd St., Renton, WA, 98055",Renton Civic Theater,"Conservative Ben Gerard doesn't understand his 15-year-old daughter, Christi, who bitterly tries to exert her independence. Mimi, the wife and mother, tries to straddle the widening gulf between father and daughter during a family &quot;vacation.&quot; A wistful stranger, Violet Aldrich, appears, but is it too late to salvage the family? &quot;Hitchcockian&quot; suspense that leads to a shocking ending.</p>			</p>    			<br><br>",boxoffice@rentoncivictheater.org,http://www.seattleperforms.com/sites/seattleperforms.com/images/event/440989869/rentoncivictheaterlogo30_medium.jpg,425-226-5529,Rest Stop,http://www.rentoncivictheater.org,04/10/2011-04/18/2011,http://www.seattleperforms.com/event/detail/440989869/Rest_Stop
"507 S 3rd St., Renton, WA, 98055",Renton Civic Theater,"John Cummings is a lonely and divorced back-porch philoso-pher. Over three and a half years, three very different women occupy the apartment next door. As John reflects on his rela-tionships with neighbors Fay, Angel &amp; Gwen, he shares his unique views on everything from poets to sex. PG</p>			</p>    			<br><br>",boxoffice@rentoncivictheater.org,http://www.seattleperforms.com/sites/seattleperforms.com/images/event/440989863/rentoncivictheaterlogo30_medium.jpg,425-226-5529,Here on the Flight Path by Norman Foster,http://www.rentoncivictheater.org,04/08/2011-04/23/2011,http://www.seattleperforms.com/event/detail/440989863/Here_on_the_Flight_Path_by_Norman_Foster
"1308 5th Avenue, Seattle, WA, 98101",5th Avenue Theatre,"Put on your power suit and enjoy a hilarious tale of laughter, friendship, and premeditated workplace revenge. Outrageously fun and thought-provoking, this direct-from-Broadway musical comedy sends you on the job with three unlikely friends who conspire to take control of their company and learn there's nothing they can't do -- even in a man's world! Based on the hit movie and featuring an exuberant Tony Award&reg; -and Grammy-nominated score by the legendary songwriter, Dolly Parton, this is a crazy conspiracy you won&rsquo;t want to miss.</p>			</p>    			<br><br>",ticketing@5thavenue.org,http://www.seattleperforms.com/sites/seattleperforms.com/images/event/5634/9to5-img01_medium.jpg,,9 to 5 the Musical,http://www.5thavenue.org,04/05/2011-04/24/2011,http://www.seattleperforms.com/event/detail/5634/9_to_5_the_Musical
"400 E. University Ave., Ellensburg, WA, 98926",Central Washington University - Milo Smith Tower Theater,"Based on the enchanting fairytale by Hans Christian Anderson, The Snow Queen tells the story of Kai and Gerda, the best of friends, until Kai falls under the spell of an evil wizard and becomes the slave of the imperious Snow Queen. It is up to Gerda to take a long journey into the frozen heart of winter, to find and save her friend. The Snow Queen is both a thrilling adventure and a fable about the healing power of love. <br> <br>Family Friendly			</p>    			<br><br>",boxoffice@cwu.edu,http://www.seattleperforms.com/sites/seattleperforms.com/images/org/441/centraltheatreensemble_medium.jpg,509-963-1774,The Snow Queen,http://www.cwu.edu/~theatre/tix,04/22/2011-04/24/2011,http://www.seattleperforms.com/event/detail/5556/The_Snow_Queen
"950 Main Street, Edmonds, WA, 98020",The Wade James Theatre,Nunsense by Dan Goggin			</p>    			<br><br>,info@driftwoodplayers.com,http://www.seattleperforms.com/sites/seattleperforms.com/images/org/45/edmondsdriftwoodplayers_medium.jpg,425-774-9600,Nunsense,,04/01/2011-04/24/2011,http://www.seattleperforms.com/event/detail/5704/Nunsense
"400 E. University Ave., Ellensburg, WA, 98926",Central Washington University - Milo Smith Tower Theater,"By Mike Kenny<br> based on the Story by Hans Christian Andersen<br> <br> Based on the enchanting fairytale by Hans Christian Anderson, The Snow Queen tells the story of Kai and Gerda, the best of friends, until Kai falls under the spell of an evil wizard and becomes the slave of the imperious Snow Queen. It is up to Gerda to take a long journey into the frozen heart of winter, to find and save her friend. The Snow Queen is both a thrilling adventure and a fable about the healing power of love.<br> <br> <br> <br> Family Friendly			</p>    			<br><br>",boxoffice@cwu.edu,http://www.seattleperforms.com/sites/seattleperforms.com/images/event/440957669/snow_medium.jpg,509-963-1774,The Snow Queen,http://www.cwu.edu/~theatre/tix/,04/22/2011-04/24/2011,http://www.seattleperforms.com/event/detail/440957669/The_Snow_Queen
"16587 NE 74th St, Redmond, WA, 98052",SecondStory Repertory Theatre,"Music and Lyrics by William Finn. Book by Rachel Sheinkin. <br> This deliriously silly musical began life as an improv comedy show, but eventually became a Tony Award-winning Broadway smash. You&rsquo;ve never rooted for a crazier bunch of &ldquo;kids&rdquo;. You may even get a chance to out spell them&hellip;!</p>			</p>    			<br><br>",boxoffice@secondstoryrep.org,http://www.seattleperforms.com/sites/seattleperforms.com/images/event/440968447/putnam_spelling_medium.jpg,(425) 881-6777,The 25th Annual Putnam County Spelling Bee,http://secondstoryrep.org,04/01/2011-04/30/2011,http://www.seattleperforms.com/event/detail/440968447/The_25th_Annual_Putnam_County_Spelling_Bee
"1634 11th Avenue, Seattle, WA, 98122",Richard Hugo House,"SIS Productions continues its 10th Anniversary Season with the penultimate episode of SEX IN SEATTLE! Tess, Chloe, Elizabeth and Jenna have finally found true love. Or have they? Thoughts of the one that got away can interfere with even the happiest of relationships. And how can reality ever compete with the person of one's dreams? Newcomers and long-time fans will want to catch SEX IN SEATTLE 19: THE ONE THAT GOT AWAY, before it goes away! Don't miss the country's longest-running quirky romantic comedy about contemporary Asian American women, their lives and their loves. <br> <br> Rated &quot;PG-16&quot; for sexual innuendo and saucy situations.<br> <br> Written by Kathy Hsieh<br> Directed by Miko Premo<br> Produced by Lorna Chin, Kathy Hsieh, Lisa Marie Nakamura, Miko Premo &amp; Roger Tang.<br> Featuring: Alex Alonzo, Leilani Berinobis, Tom Falcone, Kathy Hsieh, May Nguyen, Caleb Slavens, Moses Yim and more!</p>			</p>    			<br><br>",tickets@sis-productions.org,http://www.seattleperforms.com/sites/seattleperforms.com/images/org/146/sisproductions_medium.jpg,"206-323-9443,",SIS Productions Presents SEX IN SEATTLE 19: THE ONE THAT GOT AWAY,http://www.sexinseattle.org,04/01/2011-04/30/2011,http://www.seattleperforms.com/event/detail/441130733/SIS_Productions_Presents_SEX_IN_SEATTLE_19_THE_ONE_THAT_GOT_AWAY
"4001 University Way Northeast, Seattle, WA, 98105",Meany Studio Theatre,"By Mary Zimmerman, <br> Directed by Julie Beckman<br> <br> Remember the dark side of fairy tales? Combined in fragments, lesser-known European fairy tales take us on a journey fraught with primeval fears and desires. A frightened little girl pleads with her callous parents not to leave her at home with the neighbor next door. &quot;He's got a tail!&quot; she exclaims. This &ldquo;Ogre&rdquo; and storyteller becomes her guide and ours, distracting us with tales marvelous and cruel, pausing only to pose the question &ldquo;Will you marry me?&rdquo; With striking imagery and a contemporary, comic edge, stories flow together to create a vivid fantasy world inspiring fear, wonder, and at last a strange catharsis.<br> <br> No late seating for School of Drama events.</p>			</p>    			<br><br>",ticket@u.washington.edu,http://www.seattleperforms.com/sites/seattleperforms.com/images/event/440916711/secret_wings_small_medium.jpg,206-543-4880,The Secret in the Wings,http://www.meany.org/tickets/production.aspx?performanceNumber=4279,04/17/2011-05/01/2011,http://www.seattleperforms.com/event/detail/440916711/The_Secret_in_the_Wings
"9911 Burnham Dr NW, Gig Harbor, WA, 98332",Paradise Theatre,"In this gripping new adaptation by Wendy Kesselman, from the original stage play by Goodrich and Hackett, newly discovered writings from the diary of Anne Frank, as well as survivor accounts, are interwoven to create a contemporary impassioned story of the lives of people persecuted under Nazi rule. This is an adaptation for a new generation able to confront the true horrors of the Holocaust. &quot;Undeniably moving. It shatters the heart. The evening never lets us forget the inhuman darkness waiting to claim its incandescently human heroine.&quot; &mdash;NY Times. &quot;An extraordinary theatrical adventure! Go and remember.&quot; &mdash;NY Post. &quot;&hellip;new DIARY is chillingly honest about the Holocaust. Wendy Kesselman's work has restored the terror.&quot; &mdash;NY Daily News. &quot;Wendy Kesselman's finely textured new DIARY tells a deeper story. A sensitive, stirring and thoroughly engaging new adaptation.&quot; &mdash;NY Newsday. &quot;A powerful new version that moves the audience to gasp, then tears.&quot; &mdash;Associated Press. &quot;One of the year's ten best.&quot; &mdash;Time Magazine.</p>			</p>    			<br><br>",tickets@paradisetheatre.org,http://www.seattleperforms.com/sites/seattleperforms.com/images/event/441130687/anne_frank_logo_medium.jpg,253-851-7529,THE DIARY OF ANNE FRANK,http://www.paradisetheatre.org,04/15/2011-05/01/2011,http://www.seattleperforms.com/event/detail/441130687/THE_DIARY_OF_ANNE_FRANK
"8703 160th Avenue NE, Redmond, WA, 98052",Fred W Meitzer Theater,"Based on the true story of a mysterious Hollywood death, The Cat's Meow offers a fascinating cross section of Jazz Era characters who intersect for one notorious weekend on board William Randolph Hearst's yacht.</p>			</p>    			<br><br>",ticketing@redwoodtheatre.org,http://www.seattleperforms.com/sites/seattleperforms.com/images/event/441020961/cat_thumb_medium.jpg,(425) 522-3730,The Cat's Meow,http://redwoodtheatre.org/2011/cats_meow.html,04/29/2011-05/14/2011,http://www.seattleperforms.com/event/detail/441020961/The_Cats_Meow
,,"StoryBook Theater Presents <br>Sleeping Beauty <br>Adaptation by Lani Brockman <br>Music & Lyrics by Susan Bardsley  <br>April - May, 2011 <br> <br>Princess Beauty is a cutey, but being pretty doesn't cut it when you really want to slay dragons and find adventure. Will Beauty get to be her very own hero-or will she be interrupted by a 100-year nap? And will the Prince save her ""“ or will she save him?  (This version isn't just for little girls-boys will love it, too!) <br>Recommended for ages 3 and up. Produced by Studio East. <br>			</p>    			<br><br>",,http://www.seattleperforms.com/sites/seattleperforms.com/images/org/360/storybooktheaterstudioeast_medium.jpg,425-820-1800,Sleeping Beauty,http://www.StoryBookTheater.org,04/23/2011-05/15/2011,http://www.seattleperforms.com/event/detail/5667/Sleeping_Beauty
"155 Mercer St, Seattle, WA, 98109",Leo K. Theatre at Seattle Repertory Theatre,"by Melissa James Gibson, directed by Braden Abraham<br><br> <br><br> Four friends fast approaching the end of their 30s test the boundaries of their relationships in this piercing, beautifully crafted new play. The decidedly un-romantic comedy centers on a New York poet and single mother and her fling with a married friend that sets the group into a tailspin. A huge hit Off Broadway, don't miss this West Coast premiere.<br><br> <br><br> Recommended for ages 16 and above for profanity, adult situations.<br>			</p>    			<br><br>",,http://www.seattleperforms.com/sites/seattleperforms.com/images/event/440952888/th_small_medium.jpg,(206) 443-2222,This,http://www.seattlerep.org/Plays/1011/TS/,04/08/2011-05/15/2011,http://www.seattleperforms.com/event/detail/440952888/This
"419 Washington Street, Port Townsend, WA, 98368",Key City Playhouse,"Fri April 22 &ndash; Sun May 15<br> (Preview Thu April 21 @ 7:00 p.m.)<br> <br> Key City Public Theatre presents &ldquo;The Soup is Served&rdquo; (&ldquo;La Zuffa &egrave; Servita&rdquo;) by Germano Rubbi based on the &ldquo;Commedia dell'arte&rdquo; classic by Carlo Goldoni. <br> <br> Count Anselmo is none too bright, so his obsession with valuable antiquities makes him easy pickings for enterprising con artists.  Is everybody but the Count in on the scam?  In the slapstick world of Commedia dell&rsquo;Arte  -- of course they are!  <br> <br> Based on Carlo Goldoni&rsquo;s eighteenth century masterpiece &ldquo;The Antique Dealer's Family,&rdquo; this comic tour de force was developed for the stage by Italian director &amp; actor Germano Rubbi.<br> <br> Performances April 22 - May 15 at Key City Playhouse, 419 Washington St., Port Townsend. <br> <br> For more info, call 360-385-7396 or visit www.keycitypublictheatre.org.</p>			</p>    			<br><br>",,http://www.seattleperforms.com/sites/seattleperforms.com/images/event/441088979/soup_served_title_--_color_medium.jpg,360-379-0195,“The Soup is Served” (“La Zuffa è Servita”) by Germano Rubbi based on Carlo Goldoni,http://www.keycitypublictheatre.org.,04/21/2011-05/15/2011,http://www.seattleperforms.com/event/detail/441088979/The_Soup_is_Served_La_Zuffa_Servita_by_Germano_Rubbi_based_on_Carlo_Goldoni
"7400 Sand Point Way NE, Seattle, WA, 98115",Magnuson Park Community Theatre,An ambivalent Cinderella? A blood-thirsty Little Red Riding Hood? A Prince Charming with a roving eye?  They're all among the cockeyed characters in this fractured fairy tale by Stephen Sondheim. What begins as an irreverent fantasy becomes a moving lesson about community responsibility and the stories we tell our children.			</p>    			<br><br>,ann@seattlemusicaltheatre.org,http://www.seattleperforms.com/sites/seattleperforms.com/images/org/32/seattlemusicaltheatre_medium.gif,206-363-2809,Into the Woods,http://seattlemusicaltheatre.org,04/29/2011-05/21/2011,http://www.seattleperforms.com/event/detail/440963825/Into_the_Woods
"155 Mercer Street, Seattle, WA, 98109",Bagley Wright Theatre at Seattle Repertory Theatre,"created and performed by Mike Daisey, directed by Jean-Michele Gregory<br><br> APR. 22—MAY 22, 2011<br><br> <br><br> Dubbed ""the master storyteller"" by The New York Times, the hilarious and razor-sharp Mike Daisey weaves together gonzo journalism, unscripted performance, and autobiographical tales that cut to the bone of some of the most captivating topics in American culture. Following a trail of technology all the way to China and back, Daisey turns his lens to Apple and Steve Jobs, asking the question, ""How did one obsessive man change the world to his liking—and at what cost?""<br><br> <br><br> Recommended for ages 14 and above for profanity.<br>			</p>    			<br><br>",,http://www.seattleperforms.com/sites/seattleperforms.com/images/event/440952889/sj_medium.jpg,(206) 443-2222,The Agony and the Ecstasy of Steve Jobs,http://www.seattlerep.org/Plays/1011/AE/,04/22/2011-05/22/2011,http://www.seattleperforms.com/event/detail/440952889/The_Agony_and_the_Ecstasy_of_Steve_Jobs
"210 North I Street, Tacoma, WA, 98403",Tacoma Little Theatre,"music and lyrics by Pete Townshend, book by Pete Townshend and Des McAnuff<br> additional music and lyrics by John Entwistle and Keith Moon<br> April 29th through May 29th 2011<br> Friday and Saturday 7:30pm, Sunday 2:00pm<br> Pay What You Can: May 5, 2011 at 7:30pm<br> Actor Benefit: May 28, 2011 at 2:00pm<br> <br> The tony winning Rock Opera comes to Tacoma.  Based on The Who&rsquo;s 1969 concept album &ldquo;Tommy&rdquo; the musical follows a catatonic child &ndash; Tommy &ndash; from his tragic early life in the wake of the Second World War to his ascension to stardom as a pinball wizard, and the awakening of his humanity.</p>			</p>    			<br><br>",tlt@tacomalittletheatre.com,http://www.seattleperforms.com/sites/seattleperforms.com/images/event/440989777/tommyicon_medium.jpg,253-272-2281,The Who's TOMMY,http://www.tacomalittletheatre.com,04/29/2011-05/29/2011,http://www.seattleperforms.com/event/detail/440989777/The_Whos_TOMMY
,,"Based on the enchanting fairytale by Hans Christian Anderson, The Snow Queen tells the story of Kai and Gerda, the best of friends, until Kai falls under the spell of an evil wizard and becomes the slave of the imperious Snow Queen. It is up to Gerda to take a long journey into the frozen heart of winter, to find and save her friend. The Snow Queen is both a thrilling adventure and a fable about the healing power of love. <br> <br>Family Friendly			</p>    			<br><br>",boxoffice@cwu.edu,http://www.seattleperforms.com/sites/seattleperforms.com/images/org/441/centraltheatreensemble_medium.jpg,509-963-1774,The Snow Queen NW Tour,http://www.cwu.edu/~theatre/tix,04/26/2011-06/03/2011,http://www.seattleperforms.com/event/detail/5559/The_Snow_Queen_NW_Tour
"710 East Roy Street, Seattle, WA, 98102","PONCHO Concert Hall, Kerry Hall",Join us to hear Marcin Dylla in this season&rsquo;s final guitar masterclass co-presented with the Seattle Classic Guitar Society.			</p>    			<br><br>,,http://www.seattleperforms.com/sites/seattleperforms.com/images/event/440952823/cornish_logo_rgb_medium.jpg,,Master Class with Marcin Dylla,http://www.cornish.edu/music/series,05/08/2011,http://www.seattleperforms.com/event/detail/440952823/Master_Class_with_Marcin_Dylla
"400 E. University Ave., Ellensburg, WA, 98926",Central Washington University - McConnell Auditorium,"CTE will end the theatrical season with the annual Red Curtain Review, featuring the students in the Musical Theatre Performance program. Performing numbers from musicals from such diverse shows as Camelot to Beauty and the Beast, and Avenue Q, these talented performers will entertain you with their skills in singing, dancing, and acting. You will hear and see some of your favorite songs along with some new contemporary Tony award winning numbers. <br> Be sure to come and see these young performers here, before many of them leave for the summer to perform in venues throughout the United States and Europe.<br> Recommended for family audiences with children 8 and above.			</p>    			<br><br>",boxoffice@cwu.edu,http://www.seattleperforms.com/sites/seattleperforms.com/images/event/440957685/cte_medium.jpg,509-963-1774,Red Curtain Review,http://www.cwu.edu/~theatre/tix/,05/20/2011-05/22/2011,http://www.seattleperforms.com/event/detail/440957685/Red_Curtain_Review
"950 Main Street, Edmonds, WA, 98020",The Wade James Theatre,Rosencrantz & Guildenstern Are Dead			</p>    			<br><br>,info@driftwoodplayers.com,http://www.seattleperforms.com/sites/seattleperforms.com/images/org/45/edmondsdriftwoodplayers_medium.jpg,485-774-9600,Rosencrantz & Guildenstern Are Dead,,05/05/2011-05/08/2011,http://www.seattleperforms.com/event/detail/5705/Rosencrantz_Guildenstern_Are_Dead
"400 E. University Ave., Ellensburg, WA, 98926",Central Washington University - McConnell Auditorium,"Linguistic energy, sharp social satire and a sexy romp, just about summarize William Wycherley's classic, Restoration comedy, The Country Wife. Written in 1675, this fast paced and rollicking comedy has lost none of its punch for contemporary audiences who will love the wonderful characters and ribald situations. The plot turns on two indelicate plot devices: a rake's trick of pretending impotence in order to have clandestine affairs with married women, and the arrival in London of an inexperienced young ""country wife"" and her discoveries of the joys of the big city and London men. Done in high style with beautiful costumes and high energy, this is a must see for those who love English period comedy. <br> <br>Due to adult themes not appropriate for babes in arms or children under 13. 			</p>    			<br><br>",boxoffice@cwu.edu,http://www.seattleperforms.com/sites/seattleperforms.com/images/org/441/centraltheatreensemble_medium.jpg,509-963-1774,The Country Wife,http://www.cwu.edu/~theatre/tix,05/05/2011-05/15/2011,http://www.seattleperforms.com/event/detail/5557/The_Country_Wife
"4711 California Ave SW, Seattle, WA, 98116",ArtsWest Playhouse,"In Shipwrecked! An Entertainment, three performers enact a dazzling adventure tale using the simple magic of the theater. In tones somewhere between storybook narrator and sideshow barker, a middle-aged charmer named Louis de Rougemont unfolds a tale of sailing to a South Seas paradise to dive for pearls, evade monsters of the deep, and survive for decades among the natives. Two other actors not only play all the remaining roles, from a crusty sea captain to a trusty dog, they also create a world of live sound effects that bring the globe-spanning story to life. Written by the Pulitzer Prize winning author of Collected Stories and Dinner with Friends, this raucous fantasy challenges audiences to think about the delicate dance between truth and fiction - are the lives we lead enough to make a mark on the world, and in the grand scheme of things, does that matter? Recommended for ages 9 and older. <br>""Shipwrecked! is a literate romp!"" ""“ Los Angeles Times <br>			</p>    			<br><br>",boxoffice@artswest.org,,206-938-0339,Shipwrecked! An Entertainment,https://www.choicesecure01.net/mainapp/eventschedule.aspx?clientID=artswest,04/27/2011-05/21/2011,http://www.seattleperforms.com/event/detail/5517/Shipwrecked_An_Entertainment
"2710 Wetmore Avenue, Everett, WA, 98201",Everett Performing Arts Center,"Iron Curtain  <br>Book by Susan DiLallo  <br>Music by Stephen Weiner  <br>Lyrics by Peter Mills  <br> <br>There's no Communism like Show-Communism! When the Soviets set out to create a Broadway musical, they decide they'll need to bring in some real New York writers - by force, if necessary. Enter Howard and Murray, two down and out musical theatre writers, who are on the brink of throwing in the towel. Kidnapped, taken to Moscow, and forced to fix the worst musical ever written, these two characters suddenly find themselves working under the gun""¦literally! With an uproarious and upbeat score, Iron Curtain is a knock 'em down hit with laughs at every corner.  <br>			</p>    			<br><br>",boxofficeeverett@villagetheatre.org,,425-257-8600,Iron Curtain - Everett,,04/29/2011-05/22/2011,http://www.seattleperforms.com/event/detail/5386/Iron_Curtain_Everett
,,"By Mike Kenny<br> <br> based on the Story by Hans Christian Andersen<br> <br> <br> Available for Libraries, Community Theatres and Schools throughout the Northwest<br> <br> <br> April 28 through June 3, 2011.<br> <br> Based on the enchanting fairytale by Hans Christian Anderson, The Snow Queen tells the story of Kai and Gerda, the best of friends, until Kai falls under the spell of an evil wizard and becomes the slave of the imperious Snow Queen. It is up to Gerda to take a long journey into the frozen heart of winter, to find and save her friend. The Snow Queen is both a thrilling adventure and a fable about the healing power of love.<br> <br> <br> Family Friendly			</p>    			<br><br>",boxoffice@cwu.edu,http://www.seattleperforms.com/sites/seattleperforms.com/images/event/440957675/snow_medium.jpg,509-963-1774,The Snow Queen - NW Tour,http://www.cwu.edu/~theatre/tix/,04/28/2011-06/03/2011,http://www.seattleperforms.com/event/detail/440957675/The_Snow_Queen_NW_Tour
"710 East Roy Street, Seattle, WA, 98102","PONCHO Concert Hall, Kerry Hall","Ilia Radoslavov, last year&rsquo;s grand-prize winner of the Seattle International Piano Competition, presents a solo recital including Beethoven&rsquo;s Sonata Op. 109, Bulgarian composer Pancho Vladigerov&rsquo;s Improvisation &amp; Toccata, and Mussorgsky&rsquo;s Pictures at an Exhibition.			</p>    			<br><br>",,http://www.seattleperforms.com/sites/seattleperforms.com/images/event/440952799/ilia_radoslavov_-_photo_medium.jpg,,Ilia Radoslavov,http://www.cornish.edu/music/series,04/04/2011,http://www.seattleperforms.com/event/detail/440952799/Ilia_Radoslavov
"710 East Roy Street, Seattle, WA, 98102","PONCHO Concert Hall, Kerry Hall","Gamelan Gadhon, soft-style music from the classical repertoire of Central Java, featuring Gamelan Pacifica and special guest Sutrisno Hartana.			</p>    			<br><br>",,http://www.seattleperforms.com/sites/seattleperforms.com/images/event/440952801/cornish_logo_rgb_medium.jpg,,Gamelan Gadhon,http://www.cornish.edu/music/series,04/09/2011,http://www.seattleperforms.com/event/detail/440952801/Gamelan_Gadhon
"200 Madison Ave N, Bainbridge Island, WA, 98110",Bainbridge Performing Arts,"The closing concert of BSO&rsquo;s 2010-2011 Season celebrates the youthful genius of Mozart, Mendelssohn, and Saint-S&auml;ens - just a few of the composers who revealed their talent at an early age. The program highlights works by these masters from early and late in their careers and features Thomas Monk, Barbara Deppe, Susan Scott, and Judith Lawrence as soloists in Haydn&rsquo;s Sinfonia Concertante for violin, &lsquo;cello, oboe, and bassoon.</p>			</p>    			<br><br>",,http://www.seattleperforms.com/sites/seattleperforms.com/images/org/220147497/bainbridgesymphony_medium.jpg,,The Light of Genius,http://www.bainbridgeperformingarts.org/Performances/Music/BSONov10.html,04/09/2011-04/10/2011,http://www.seattleperforms.com/event/detail/440932457/The_Light_of_Genius
"710 East Roy Street, Seattle, WA, 98102","PONCHO Concert Hall, Kerry Hall","Pianists Amy Williams and Helena Bugallo perform Cage&rsquo;s Three Dances for Two Pianos (1945) for two prepared pianos along with newly commissioned works by Carola Bauckholt (Germany), Pamela Madsen (US), and others.			</p>    			<br><br>",,http://www.seattleperforms.com/sites/seattleperforms.com/images/event/440952809/cornish_logo_rgb_medium.jpg,,Bugallo Williams Piano Duo,http://www.cornish.edu/music/series,04/15/2011,http://www.seattleperforms.com/event/detail/440952809/Bugallo_Williams_Piano_Duo
"710 East Roy Street, Seattle, WA, 98102","PONCHO Concert Hall, Kerry Hall","Join us for Jazz into Blues: An Evening with Kelly Harland. Backed by her stellar quartet, Kelly Harland sings familiar jazz standards from her acclaimed Origin recordings then rolls into a set of full-on, hard driving blues.			</p>    			<br><br>",,http://www.seattleperforms.com/sites/seattleperforms.com/images/event/440952811/cornish_logo_rgb_medium.jpg,,Kelly Harland,http://www.cornish.edu/music/series,04/16/2011,http://www.seattleperforms.com/event/detail/440952811/Kelly_Harland
"710 East Roy Street, Seattle, WA, 98102","PONCHO Concert Hall, Kerry Hall",The always inventive odeonquartet and special guests present a retrospective of the music of the contemporary Argentinean-American composer Osvaldo Golijov.			</p>    			<br><br>,,http://www.seattleperforms.com/sites/seattleperforms.com/images/event/440952817/cornish_logo_rgb_medium.jpg,,The Odeonquartet plays Osvaldo Golijov,http://www.cornish.edu/music/series,04/22/2011,http://www.seattleperforms.com/event/detail/440952817/The_Odeonquartet_plays_Osvaldo_Golijov
"400 E. University Ave., Ellensburg, WA, 98926",Central Washington University - McConnell Auditorium,"By William Wycherley<br> <br> <br> Linguistic energy, sharp social satire and a sexy romp, just about summarize William Wycherley&rsquo;s classic, Restoration comedy, The Country Wife. Written in 1675, this fast paced and rollicking comedy has lost none of its punch for contemporary audiences who will love the wonderful characters and ribald situations. The plot turns on two indelicate plot devices: a rake's trick of pretending impotence in order to have clandestine affairs with married women, and the arrival in London of an inexperienced young &quot;country wife&quot; and her discoveries of the joys of the big city and London men. Done in high style with beautiful costumes and high energy, this is a must see for those who love English period comedy.<br> <br> <br> Due to adult themes not appropriate for babes in arms or children under 13.			</p>    			<br><br>",boxoffice@cwu.edu,http://www.seattleperforms.com/sites/seattleperforms.com/images/event/440957681/the_country_wife_medium.jpg,509-963-1774,The Country Wife,http://www.cwu.edu/~theatre/tix/,05/05/2011-05/15/2011,http://www.seattleperforms.com/event/detail/440957681/The_Country_Wife
"400 E. University Ave., Ellensburg, WA, 98926",Central Washington University - McConnell Auditorium,"CTE will end the theatrical season with the annual Red Curtain Review, featuring the students in the Musical Theatre Performance program. Performing numbers from musicals from such diverse shows as Camelot to Beauty and the Beast, and Avenue Q, these talented performers will entertain you with their skills in singing, dancing, and acting. You will hear and see some of your favorite songs along with some new contemporary Tony award winning numbers. Be sure to come and see these young performers here, before many of them leave for the summer to perform in venues throughout the United States and Europe. <br> <br>Recommended for family audiences with children 8 and above.			</p>    			<br><br>",boxoffice@cwu.edu,http://www.seattleperforms.com/sites/seattleperforms.com/images/org/441/centraltheatreensemble_medium.jpg,509-963-1774,Red Curtain Review,http://www.cwu.edu/~theatre/tix,05/20/2011-05/22/2011,http://www.seattleperforms.com/event/detail/5558/Red_Curtain_Review
"16587 NE 74th St, Redmond, WA, 98052",SecondStory Repertory Theatre,"By Robert and Willie Reale<br> Based on the stories written and illustrated by Arnold Lobel.<br> <br> Cheerful Frog and grumpy Toad awaken from their hibernation in the spring and spend a year planting gardens, swimming, raking leaves and sledding. Along the way, they learn the true value of friendship. Based on the beloved series of tales by Arnold Lobel.</p>			</p>    			<br><br>",boxoffice@secondstoryrep.org,http://www.seattleperforms.com/sites/seattleperforms.com/images/event/440968457/f&t_medium.jpg,(425) 881-6777,A Year with Frog and Toad,http://www.secondstoryrep.org,05/06/2011-05/22/2011,http://www.seattleperforms.com/event/detail/440968457/A_Year_with_Frog_and_Toad
"612 East 4th Ave, Olympia, WA, 98501",Capital Playhouse,"From the songwriting team who brought you Chicago and Cabaret we present a piece filled with heat, passion and Latin flare. Cell mates in a Latin American prison where torture and deprivation are the norm, Valentin and Molina form a close camaraderie in which they test the boundaries of love, friendship and fantasy. Richards Hinds (choreographer for last season’s Joseph…Dreamcoat) returns to direct and choreograph this multiple Tony Award® winning musical based on the novel by Manuel Puig. Kiss of the Spider Woman revamps a vexing tale of persecution into a stunning spectacle that contrasts gritty realities with liberating fantasies and explores the barrier between reality and the cinematic world that is created by the Spider Woman who kills with a kiss.<br>			</p>    			<br><br>",info@capitalplayhouse.com,http://www.seattleperforms.com/sites/seattleperforms.com/images/event/440952882/spiderwoman_medium.gif,360-943-2744,Kiss of the Spider Woman,http://www.capitalplayhouse.com/performances1011.html#kiss,05/05/2011-05/28/2011,http://www.seattleperforms.com/event/detail/440952882/Kiss_of_the_Spider_Woman
"3000 Landerholm Circle SE, Bellevue, WA, 98007",Stop Gap Theatre Bellevue College,"Celebration!<br> <br> <br> Book and lyrics by Tom Jones, Music by Harvey Schmidt<br> <br> <br> In a post apocalyptic world a young man fights with a corporate giant for his lost garden.  The girl between them is trying to keep her head above water and below bullets in this uplifting show by the authors/composers of The Fantastiks<br> <br> <br>			</p>    			<br><br>",,http://www.seattleperforms.com/sites/seattleperforms.com/images/org/486/bellevuecollege_medium.jpg,1-800-838-3006,Celebration: A Musical by Schmidt and Jones,http://bellevuecollege.edu/artshum/Drama/index.html,05/20/2011-05/28/2011,http://www.seattleperforms.com/event/detail/440958531/Celebration_A_Musical_by_Schmidt_and_Jones
"200 Madison Ave N, Bainbridge Island, WA, 98110",Bainbridge Performing Arts,"Chicago has everything that makes Broadway great: a universal tale of fame, fortune and all that jazz. </p> <p>Book by FRED EBB and BOB FOSSE. Music by JOHN KANDER. Lyrics by FRED EBB<br> </p>			</p>    			<br><br>",,http://www.seattleperforms.com/sites/seattleperforms.com/images/org/15/bainbridgeperformingarts_medium.jpg,,Chicago,http://www.bainbridgeperformingarts.org/Tickets_webtix.html,05/12/2011-05/29/2011,http://www.seattleperforms.com/event/detail/5432/Chicago
"NE 45th St. and 17th Ave. NE, Seattle, WA, 98105",Penthouse Theatre,"By Steve Martin, <br> Directed by Andrew McGinn<br> <br> Einstein, Picasso... Steve Martin? Great minds think alike, or do they? Twenty-somethings Albert Einstein and Pablo Picasso meet at a bar in Paris, 1904. Playwright Steve Martin draws on his famous sense of funny for comic revelations high and low. Picasso and Einstein along with a colorful bunch of Parisians struggle to define sex, art, and human perception in anticipation of the breakthrough that marks the beginning of a new era. Conversation flows with hilarious results until an unlikely latecomer (with killer hip action) appears with a message from the future...<br> <br> No late seating for School of Drama events.</p>			</p>    			<br><br>",ticket@u.washington.edu,http://www.seattleperforms.com/sites/seattleperforms.com/images/event/440916719/picasso_small_medium.jpg,206-543-4880,Picasso at the Lapin Agile,http://www.meany.org/tickets/default.aspx?prod=4294,05/15/2011-05/29/2011,http://www.seattleperforms.com/event/detail/440916719/Picasso_at_the_Lapin_Agile
"7116 6th Ave, Tacoma, WA, 98406",Tacoma Musical Playhouse,"The story of a meddlesome widow who strives to bring romance to several couples and herself, Hello, Dolly! is a whirlwind race following the adventures of America's most beloved matchmaker at the turn of the twentieth century. This show has become one of the most enduring musical theater hits of all time, enjoying three Broadway revivals, international success and an Academy Award nominated film. This fabulous musical theater classic is a great way to celebrate Mother's Day, too!<br> <br><br> <br>			</p>    			<br><br>",,,253-565-6867,HELLO DOLLY!,http://www.tmp.org,05/06/2011-05/29/2011,http://www.seattleperforms.com/event/detail/5651/HELLO_DOLLY
"1308 5th Avenue, Seattle, WA, 98101",5th Avenue Theatre,"The slickest high rollers are in town, and they&rsquo;re depending on Nathan Detroit to score a secret spot for their floating crap game. Trouble is, he&rsquo;s $1,000 shy. Throw in Sarah Brown, who's short on sinners at the mission; Sky Masterson, who accepts Nathan's $1000 bet that he can't lure Sarah Brown to Havana; Miss Adelaide, who&rsquo;s desperate to marry Nathan; the meddling Police Lieutenant Brannigan; and the lively lyrics and music of Frank Loesser, and you've got an evening to remember&mdash;you can bet on it!</p>			</p>    			<br><br>",ticketing@5thavenue.org,http://www.seattleperforms.com/sites/seattleperforms.com/images/event/5635/guysanddolls-img01_medium.jpg,,Guys and Dolls,http://www.5thavenue.org,05/12/2011-06/05/2011,http://www.seattleperforms.com/event/detail/5635/Guys_and_Dolls
"402 Sixth St. S, Kirkland, WA, 98033",Studio East Mainstage Theater,Annie			</p>    			<br><br>,info@studio-east.org,http://www.seattleperforms.com/sites/seattleperforms.com/images/org/360/storybooktheaterstudioeast_medium.jpg,425-820-1800,Studio East presents Annie,http://www.studio-east.org/,05/20/2011-06/12/2011,http://www.seattleperforms.com/event/detail/5695/Studio_East_presents_Annie
"7312 W. Green Lake Dr. N., Seattle, WA, 98103",Bathhouse Theater,"SPT&rsquo;s season wraps up May 20th-June 12th with the a fresh look at George Bernard Shaw&rsquo;s charming and delightful classic, Arms and the Man. Here is the master of wit and social comedy at his most entertaining and romantic. As heroism and militarism are laid bare against the foibles of middle-class pretensions, love and romance run amok.<br> <br> Featuring Gordon Carpenter, Ryan Childers, Mark Fullerton, Julie Jamieson, Brenda Joyner, Anne Kennedy, and Frank Lawler<br> <br> Directed by Shana Bestock<br> <br> The show runs approximately 1hour 45 minutes with no intermission. <br> <br> Appropriate for all ages</p>			</p>    			<br><br>",boxoffice@seattlepublictheater.org,http://www.seattleperforms.com/sites/seattleperforms.com/images/event/441089539/eventpic-arms_medium.jpg,206-524-1300,Arms and the Man,http://www.seattlepublictheater.org,05/19/2011-06/12/2011,http://www.seattleperforms.com/event/detail/441089539/Arms_and_the_Man
"204 N. 85th St, Seattle, WA, 98103",Taproot Theatre,A West Coast Premiere. The girls' club pledge never promised camping would be easy...for the moms.  In the late night mayhem of a backwoods campout a storm rages outside. while a squall builds inside the cabin.</p> <br>			</p>    			<br><br>,,http://www.seattleperforms.com/sites/seattleperforms.com/images/org/159/taproottheatrecompany_medium.jpg,,Brownie Points,http://www.taproottheatre.org/buy-tickets,05/18/2011-06/18/2011,http://www.seattleperforms.com/event/detail/5657/Brownie_Points
"1500 Summit Ave, Seattle, WA, 98122",Theater Schmeater,"Adapted for the stage by Erika Anne Soerensen		<br><br> Seattle Premier!<br><br> Directed by J.D. Lloyd<br><br> <br><br> “Why can’t I be Ms. Pink?” becomes the question of the moment in this gender reversal of Quentin Tarantino’s cult classic, Reservoir Dogs.  The groundbreaking cinematic tale of a caper gone terribly wrong transferred to the stage, Reservoir Dolls is packed with gun-toting gals with killer smiles and serious intentions.  <br><br> 			</p>    			<br><br>",Support@BrownPaperTickets.com,http://www.seattleperforms.com/sites/seattleperforms.com/images/org/169/theaterschmeater_medium.jpg,1-800-838-3006,Reservoir Dolls,http://www.schmeater.org/plays/2011/reservoirdolls/,05/20/2011-06/18/2011,http://www.seattleperforms.com/event/detail/441070089/Reservoir_Dolls
"305 Harrison Street, Seattle, WA, 98109",Seattle Center House,"Pride and Prejudice, Persuasion, Emma, and now Sense and Sensibility. Book-It’s fourth Jane Austen adaptation brings audiences back to the sweeping work that began her career. In Austen’s first published novel, the Dashwood sisters find that love is an unpredictable struggle against the most important social values: family, honor, and wealth.  As teens, Elinor and Marianne's family fortunes take a turn when they lose their father, and their welcome in his home, now owned by their half-brother and his overbearing wife. With a move and a few chance meetings, Elinor falls for the intelligent and reserved Edward Ferrars, while Marianne dotes upon the handsome John Willoughby. Through Elinor’s sense and Marianne’s sensibility, this sprightly tale winds along the twisting path of love among the English gentry.<br> <br> 			</p>    			<br><br>",,http://www.seattleperforms.com/sites/seattleperforms.com/images/org/21/bookitrepertorytheatre_medium.jpg,206.216.0833,Sense and Sensibility,http://www.book-it.org,05/25/2011-06/26/2011,http://www.seattleperforms.com/event/detail/5600/Sense_and_Sensibility
"303 Front Street North, Issaquah, WA, 98027",Village Theatre,"Jesus Christ Superstar <br>Music by Andrew Lloyd Webber <br>Lyrics by Tim Rice <br> <br>Exploding onto the Mainstage is the groundbreaking theatrical masterpiece Jesus Christ Superstar by legendary writing team Andrew Lloyd Webber and Tim Rice. This extraordinary rock opera highlights the struggles of Jesus of Nazareth and Judas Iscariot during the last week of Jesus's life. With a vibrant score of chart-topping hits like ""Superstar"" and ""I Don't Know How to Love Him,"" Superstar is timeless and tremendously powerful.  <br>			</p>    			<br><br>",boxoffice@villagetheatre.org,,425-392-2202,Jesus Christ Superstar,,05/12/2011-07/03/2011,http://www.seattleperforms.com/event/detail/5387/Jesus_Christ_Superstar
"9673 Firdale Ave., Edmonds, WA, 98020",Phoenix Theatre,"Charlie returns to his childhood home after his Da's funeral only to find that his father's ghost is stubbornly unwilling to leave the house. As the events of Charlie's youth are replayed we discover the comic, bittersweet relationship that existed between father and son. <br> <br>			</p>    			<br><br>",phoenixtheatreinfo@gmail.com,http://www.seattleperforms.com/sites/seattleperforms.com/images/org/554/phoenixtheatre_medium.jpg,206-533-2000,Da by Hugh Leonard,http://www.brownpapertickets.com/event/108926,04/01/2011-04/24/2011,http://www.seattleperforms.com/event/detail/5497/Da_by_Hugh_Leonard
"4th Ave. S.W. and S.W. 146th Street, Burien, WA, 98166",Burien Community Center,BRAND-NEW WORKS.  Expect the unexpected and the very best from Washington State playwrights imaginations.  All world premieres.			</p>    			<br><br>,tickets@burienlittletheatre.org,,206-242-5180,The Bill and Peggy Hunt Playwrights Festival,http://www.burienlittletheatre.org,04/08/2011-05/01/2011,http://www.seattleperforms.com/event/detail/5582/The_Bill_and_Peggy_Hunt_Playwrights_Festival
,,"&quot;Sneak Peak&quot; tour of the Oregon Shakespeare Festival in Ashland, OR, May 31-June 2, 2011.  Includes round trip air fare from Seattle, WA, transport to hotel with two nights accommodations at the Plaza Inn and Suites at Ashland Springs, tickets to 3 shows, a backstage tour, play prologue, and discussion with cast member.  Also includes two lunches and two dinners.  Reasonably priced at $865 per person.  Discounted rates available for students and seniors.<br> <br> Please contact David Bestock for more details or to register.<br> (206) 273-7548<br> david@earsinc.com</p>			</p>    			<br><br>",david@earsinc.com,http://www.seattleperforms.com/sites/seattleperforms.com/images/org/220154225/logo-high-res_medium.jpg,(206) 273-7548,Ashland Oregon Shakespeare Festival Tour!,,05/31/2011-06/02/2011,http://www.seattleperforms.com/event/detail/441091413/Ashland_Oregon_Shakespeare_Festival_Tour
"Seattle Center House, 305 Harrison St., 4th Floor, Seattle, WA, 98109",Theatre4,"The third show of Emerald City Scene&rsquo;s season is The Woodsman by Steven Fechter. Directed by Danielle Franich (Sister Cities, Desdemona), this is the troubled story of a convicted child molester, Walter (Martyn Krouse) and his struggle after his release from prison.  Walter is a quiet man hoping to escape his past. The story focuses on Walter's interactions and explores the complexities of starting over.  His parole requires he meet with a therapist, Dr. Ira Rosen (Jim Rogers), who hopes to help Walter adjust.  His only link to his family, and his past, is his brother-in-law, Carlos (Nathan Fisher), though he finds he can open up when he meets co-worker, Nikki (Jenna Schmidt) and begins a relationship with her. But, interactions with a no-nonsense officer, Sergeant Lucas (Tom Fraser), continue to provoke and impact Walter&rsquo;s progress. Temptation and a return to the familiar are accessible in the form of Robin (Stephanie McAlexander), a young birdwatcher in the park. Ultimately, it is Walter&rsquo;s choice to move forward or back and to decide what he will make of his life.</p>			</p>    			<br><br>",emeraldcityscene@gmail.com,http://www.seattleperforms.com/sites/seattleperforms.com/images/event/441145511/the_woodsman_final_no_border_medium.jpg,1-800-838-3006,The Woodsman,http://www.emeraldcityscene.org,03/04/2011-03/19/2011,http://www.seattleperforms.com/event/detail/441145511/The_Woodsman
"200 Madison Ave N, Bainbridge Island, WA, 98110",Bainbridge Performing Arts,"Join us for the beloved adventures of Peter Rabbit and all his friends &mdash; Benjamin Bunny, Jeremy Fisher the frog, Hunca Munca and Tom Thumb, the Two Bad Mice, Jemima Puddle-Duck, Miss Moppet the cat, and many others. Join KiDiMu in the BPA Lobby for puppet making from 11:45 a.m. to 1:00 p.m. on Friday, March 19. (School Matinee Performances are Friday, March 18 @ 9:30 a.m. &amp; 12:30 p.m. and corresponding tickets are $8 per person - call 206.842.1163 for bookings.)</p>			</p>    			<br><br>",boxoffice@bainbridgeperformingarts.org,http://www.seattleperforms.com/sites/seattleperforms.com/images/event/441146525/web_sidebar_ad_peter_rabbit_medium.jpg,206-842-8569,The Adventures of Peter Rabbit ~ A Theatrical Puppet Production,http://www.bainbridgeperformingarts.org/Performances/Theatre/PeterRabbit.html,03/19/2011,http://www.seattleperforms.com/event/detail/441146525/The_Adventures_of_Peter_Rabbit_A_Theatrical_Puppet_Production
"1412 18th Ave, Seattle, WA, 98122",Gallery 1412,"\\\ Underkulture Theatre Project + Irrational Robot Bureau \\\<br> <br> ---present---<br> <br> ---REMIX.NITE---<br> &gt;&gt;&gt;W..H..A..T..&gt;&gt;&gt;<br> REMIX.NITE is a series of performance events that will, on each occasion, offer a text selection and several actors arranged into a //scene// [=original mix] and present several //versions// [=REMIXes] during the course of an evening.  the versions will be REMIXed by a variety of local theatre/performance artists in a creative manner of their own designing.<br> <br> <br> &gt;&gt;&gt;W..H..Y..&gt;&gt;&gt;<br> why do we present plays that we have already encountered?  why do //hamlet// or //antigone// or //the iceman cometh// again and again and over again?  we do it because while a text may never change, our interpretations do.  //drama// only becomes //theatre// when aspirated by the breath of the living being in the now.  our times + interpretations + sensibilities are constantly in the flux of revision and past performances mark significant nodes along our chaotic trajectories.  any production of a play that has been performed at least once before is already a kind of REMIX.  but it presumes one interpretive dimension only.  we aim to acquaint an audience with a performed scene not unlike the way the //cubists// revealed a human face to their patrons: all sides at once.<br> <br> <br> &gt;&gt;&gt;W..H..O..&gt;&gt;&gt;<br> for each edition we will seek out actors + artists who will fuse their own creative approaches to the source material that has been selected.  the audience will have the opportunity to view these artists&rsquo; distinct approaches all in a sitting.<br> <br> &gt;&gt;&gt;VOLUME..01..&gt;&gt;&gt;<br> the first edition of the REMIX project will be presented:<br> <br> on<br> <br> friday, march 18 /// 8:00 PM PST<br> friday, march 25 /// 8:00 PM PST<br> <br> at<br> <br> GALLERY 1412<br> 1412 18TH AVENUE<br> SEATTLE,  WA 98122<br> <br> gallery1412.org<br> <br> suggested donation:  $5.00 - $15.00<br> <br> the text will consist of celebrity interview excerpts.<br> <br> for more information, please contact:<br> <br> mitch kafka // underkulture theatre project<br> underkulturetheatre@gmail.com<br> <br> adrian d. cameron // irrational robot bureau<br> irrationalrobotbureau@gmail.com</p>			</p>    			<br><br>",underkulturetheatre@gmail.com,http://www.seattleperforms.com/sites/seattleperforms.com/images/event/441172191/remix.nite_logo_1_medium.jpg,917-406-1255,REMIX.NITE>>>VOL.01,,03/18/2011-03/25/2011,http://www.seattleperforms.com/event/detail/441172191/REMIXNITEVOL01
"127B SW 153rd St., Seattle, WA, 98166",E.B. Foote Winery,New comedy/drama with music about immigrants in North Dakota/Montana from WWI to the Great Depression.  Sequel to Prairie Heart.</p>			</p>    			<br><br>,breederstheater.@aol.com,http://www.seattleperforms.com/sites/seattleperforms.com/images/org/22/breederstheater_medium.gif,206-242-3852,West,http://www.breederstheater.com,03/11/2011-03/26/2011,http://www.seattleperforms.com/event/detail/441145743/West
"12401 SE 320th Street, Auburn, WA, 98092",Heavier Than Air Family Theatre,"The Adventures of Tom Sawyer, the musical is based on the novel by Mark Twain.</p>			</p>    			<br><br>",,http://www.seattleperforms.com/sites/seattleperforms.com/images/event/441152053/tom_sawyer_color_logo_medium.jpg,253 933 9111 x 2400,The Adventures of Tom Sawyer,http://www.heavierthanair.com,03/18/2011-03/26/2011,http://www.seattleperforms.com/event/detail/441152053/The_Adventures_of_Tom_Sawyer
"1214 10th Ave., Seattle, WA, 98102",Odd Duck Studio,"Brechtian in nature, The Firebugs is about Gottlieb Biedermann, a cautious businessman who refuses to believe that the two men who have entered his home uninvited are the arsonists who have already burned down much of the town. He and his anxiety-ridden wife (concerned only with saving themselves and their home) lodge the arsonists, feed them a sumptuous dinner, and provide them with all the matches they can possibly use - all of which serves only to postpone the inevitable destruction of their home and their lives.</p>			</p>    			<br><br>",info@seattlestageright.org,http://www.seattleperforms.com/sites/seattleperforms.com/images/event/441153191/the_firebugs_medium.jpg,205-335-8669,THE FIREBUGS by Max Frisch,http://seattlestageright.org/plays/firebugs.html,03/10/2011-03/26/2011,http://www.seattleperforms.com/event/detail/441153191/THE_FIREBUGS_by_Max_Frisch
"402 Sixth St. S, Kirkland, WA, 98033",Studio East Mainstage Theater,Singin' in the Rain</p>			</p>    			<br><br>,info@studio-east.org,http://www.seattleperforms.com/sites/seattleperforms.com/images/org/360/storybooktheaterstudioeast_medium.jpg,425-820-1800,Singin' in the Rain,http://www.studio-east.org/,03/11/2011-03/27/2011,http://www.seattleperforms.com/event/detail/5694/Singin_in_the_Rain
"2220 NW Market, Seattle, WA, 98107",The Ballard Underground,"The Skriker, a dark, shape-shifting fairy, is drawn to desperation. After attaching herself to two teenage girls, the Skriker wreaks havoc with their lives, haphazardly granting minor wishes, using dark magic to make flowers rain from the sky and turn words into frogs, and ultimately dragging both girls into a rotting underworld filled with a macabre ensemble of broken fairies. Helpless against her power, the girls become increasingly desperate to save themselves and each other. In one of her most astonishing works, Caryl Churchill seamlessly weaves themes of environmentalism and feminism into a world bursting with creatures from British folklore that are known for drowning and eating children.<br> <br> THE SKRIKER features the work of: Dayo Anderson, Rob Bergquist, Kasey Brockwell, Valerie Brunetto, Rosie Currier, Jen Dotsey, Linnea Emigh, Danny Fisher-Bruns, Brenan Grant, Eric Grenfell-Phillips, Chelsie Hanner, Zack Hewell, Bethany Hightower, Molly Mahar Lyman, Courtney Meaker, Daniela Melgar, Wilder Nutting-Heath, Beth Raas-Bergquist, Phoebe Richards, Travis Roderick, Jen Ross, Patrick Savedra, Jessica Stepka, Julia Welch.<br> <br> Ghost Light Theatricals&rsquo; &ldquo;Ch-Ch-Changes&rdquo; season rolls into March with Caryl Churchill&rsquo;s THE SKRIKER and finishes up in April with a new adaptation of THE CLOUDS by Aristophanes. <br> <br> Ghost Light Theatricals mission is to create bold, imaginative stories inspired by classic texts that resonate with a modern world. Visit our website at www.GhostLightTheatricals.org for more information and publicity photos.</p>			</p>    			<br><br>",info@ghostlighttheatricals.org,http://www.seattleperforms.com/sites/seattleperforms.com/images/org/56/ghostlighttheatricals_medium.jpg,2063955458,The Skriker,http://ghostlighttheatricals.org/the-skriker/,03/11/2011-03/27/2011,http://www.seattleperforms.com/event/detail/441144539/The_Skriker
"8th Avenue and Seneca Street, Seattle, WA",Town Hall Seattle,"Think of it as NPR&rsquo;s Selected Shorts, Seattle style: ACT Artistic Director Kurt Beattie selects compelling short stories based on a common theme; then local actors bring the stories to life during readings at Town Hall. Next up at Short Stories Live:<br> <br> <br> <br> <br> <br> <br> <br> Across The Continent<br> <br> <br> <br> Sunday, March 27 at 4 pm<br> <br> <br> <br> <br> <br> <br> <br> It was a time (between the Franco-Prussian War and World War I) and a place (Europe) of enormous change-in history, in literature, and maybe in the European soul itself. In this program, professional actors read from some of the era's signature short stories, including the great Guy de Maupassant's &quot;Toine&quot; and &quot;Rosalie Prudent&quot;; Anton Chekhov's &quot;Romance with Double Bass&quot; and &quot;Vanka&quot;; and Isak Dinesin's &quot;The Heroine.&quot;</p>			</p>    			<br><br>",,http://www.seattleperforms.com/sites/seattleperforms.com/images/event/441166009/short_stories_show_thumbnails_medium.png,2062927676,Short Stories Live at Town Hall: Across the Continent,http://j.mp/9LVHT3,03/27/2011,http://www.seattleperforms.com/event/detail/441166009/Short_Stories_Live_at_Town_Hall_Across_the_Continent
"1932 2nd Ave. (2nd Ave. & Virginia St.), Seattle, WA, 98107",Moore Theatre,"&ldquo;LA BOH&Eacute;ME&rdquo; AT THE MOORE!<br> <br> March 1, Seattle, WA &ndash; Seattle Theatre Group presents a Lyric Opera Northwest production of Puccini&rsquo;s immortal opera La Boh&eacute;me at Seattle&rsquo;s historic Moore Theatre, 2nd and Virginia in downtown Seattle on Sunday, March 27, 2011 at 4:00 p.m.<br> <br> This poignant, thrilling opera has music so powerful it makes the whole family cry for joy and tragedy.  Fully costumed, accompanied by a full orchestra conducted by Brian Davenport of the Federal Way Symphony, featuring over 30 of the greater Seattle area&rsquo;s most talented children, including a full chorus and professional, choice soloists.<br> <br> Seattle favorite tenor Gino Lucchetti leads the cast as Rodolfo, and his beloved Mimi is Lyric Opera Northwest favorite Dohee Kim. Metropolitan Opera chorus veteran Carissa Castaldo brings incredible life to the role of Musetta, while Jason Fowler (Sykes in LONW&rsquo;s production of Oliver! last October) sings Marcello. Superb tenor and character actor Andrew Mayzak plays both Benoit and Alcindoro, while baritone Ryan Bede enlivens the action as Schaunard. NYCO and Broadway veteran Craig H. Nim sings Colline, and Parpignol&rsquo;s clownish antics are brought to life via the extraordinary talent of the Pacific Northwest&rsquo;s own Kim Cooney.<br> <br> La Boh&eacute;me was written by the beloved Italian composer Giacomo Puccini, with libretto by Giuseppe Giacosa and Luigi Illica, and has been the choice vehicle for scores of young singers desiring to strike their vocal impressions upon discerning audiences. The audience can look forward to  a very high standard of singing in this full-throated production.<br> <br> Tickets are available through STG at www.stgpresents.org. Or, charge by phone at 1-877-784-4849. Tickets can also be purchased on the day of the show at the Moore Theatre.<br> <br> To learn more about the mission of Lyric Opera Northwest, visit online: www.lonw.org.</p>			</p>    			<br><br>",,http://www.seattleperforms.com/sites/seattleperforms.com/images/event/441165241/labohemeimage250x250_medium.jpg,1-877-784-4849,La Bohème,http://stgpresents.org/artists/?artist=1531,03/27/2011,http://www.seattleperforms.com/event/detail/441165241/La_Bohme
"700 Union St, Seattle, WA, 98101",ACT Theatre,"Here&rsquo;s your chance to get in on the ground floor of the filmmaking process and shape a new work. TheFilmSchool presents another year of their popular series, featuring staged screenplay readings from outstanding alumni-written scripts, directed and read by Seattle&rsquo;s top professional directors and actors. Each evening's reading is followed by a Q&amp;A session with the screenwriter, director, actors, and cast. Readings are an important step that not only showcase the extraordinary work of alumni, but also help in developing, refining, and improving their screenplays, all with your input.</p>			</p>    			<br><br>",jenni@thefilmschool.com,http://www.seattleperforms.com/sites/seattleperforms.com/images/event/441166033/p1010069_medium.jpg,206 292 7676,Caught in the ACT,http://j.mp/b8yUGG,03/28/2011,http://www.seattleperforms.com/event/detail/441166033/Caught_in_the_ACT
"4649 Sunnyside Ave. N, Seattle, WA 98103, Seattle, WA, 98103",Chapel Space at Good Shepherd Center,"Wallingford&rsquo;s Chapel Space at the Good Shepard Center transforms into a Salon, where intellectuals and artists of all ages meet to explore acoustical science and opera.<br> <br> Experience &ldquo;surround sound&rdquo; as world-class opera singers surround the audience to demonstrate how opera sound waves feel. Try out the Harmonic Scalpel, which runs on sound waves, during the interactive, hands-on demonstration.<br> <br> Critically acclaimed Dramatic Soprano, Jane Schvick, and tenor, Juan Carlos Flores, from New York City are flying in just for this event. Soprano, Jordan Corbin Wentworth takes her voice, and the audience, into the stratosphere. Adrian Oh, Korean baritone, and San Francisco mezzo, Jordan McClellan join select local singers in this all-star cast.<br> <br> Watershed Opera&rsquo;s unique form or exposition comes in the form of humor, ad-libs, skits and narration so that one feels gently placed into heart of each opera scene presented.<br> <br> On the bill for Opera and Science: powerful scenes from Tosca, La Boheme, Rigoletto and Rosenkavalier. Plus a new opera skit: Three Mozart Divas meet in a Parallel Universe for tea.<br> <br> Watershed Opera welcomes serious opera fans, as well as those completely new to opera. Opera scenes are presented with humor and elegance in a way that all are sure to enjoy. Take the &ldquo;I hate opera&rdquo; challenge, and see if our world-class opera singers can&rsquo;t change your mind with honest, passionate performances. <br> <br> People are encouraged to arrive right at 6:30 for the interactive demonstration of the Harmonic Scalpel. There will be one intermission, and cupcakes, coffee, beverages and snacks will be available.</p>			</p>    			<br><br>",info@watershedopera.com,http://www.seattleperforms.com/sites/seattleperforms.com/images/event/441151609/opera-science-front_medium.jpg,718-755-1770,Watershed Opera presents: Opera & Science,http://watershedopera.com,03/31/2011,http://www.seattleperforms.com/event/detail/441151609/Watershed_Opera_presents_Opera_Science
"4408 Delridge Way SW, Seattle, WA, 98106",Youngstown Cultural Arts Center,"America's premier comic playwright Neil Simon delights with a laugh out loud comedy of class and cover-ups in Twelfth Night Productions latest offering, Rumors. Four couples are invited to the townhouse of a deputy New York City mayor and his wife to attend a party celebrating their tenth wedding anniversary. The party never gets started as the guests soon discover that the staff and hostess are missing and the host has shot himself in the earlobe. Comic complications arise when his lawyer's cover-up of what may or may not have been a suicide attempt gets progressively more difficult to sustain as the other guests arrive and no one can remember who has been told what about whom.  In true farcical fashion, doors slam and hilarity abounds as the couples get increasingly crazed in an effort to conceal the evening's events from the local media and police.</p>			</p>    			<br><br>",Support@BrownPaperTickets.com,http://www.seattleperforms.com/sites/seattleperforms.com/images/event/441150427/rumorsposter_small_medium.jpg,1-800-838-3006,Rumors,http://www.twelfthnightproductions,03/25/2011-04/03/2011,http://www.seattleperforms.com/event/detail/441150427/Rumors
"4035 Stone Way N, Seattle, WA, 98103",Stone Soup Theater,"Stone Soup Theatre Youth Conservatory Presents<br> Homer&rsquo;s epic The Odyssey directed by Eve Hammond<br> <br> And you think YOU had a bad vacation last year? Odysseus doesn't even know what hit him when he travels home to his faithful wife Penelope. For years he battles giant cyclops, deadly winds in fearful oceans and even travels to the Land of the Dead, all in faithful devotion to his lovely bride. And not only that, but finally he returns home triumphant and finds a whole lot of ugly suitors vying for Penelope's hand. Not only has his vacation gone bad, they also think he's dead! <br> <br> Adapted by Kurt Beattie and Gregory Falls for Seattle Children's Theatre in the 90's, this play gives student actors the opportunity to become part of the adventure in the most exciting participatory way as they become the elements, monsters and heroes. In the most action-packed of all Greek myths, join Stone Soup for an interactive and musically engaging presentation of the classic tale of heroes, monsters and true love, The Odyssey &ndash; suitable for the whole family.<br> <br> Performance dates are Fri and Sat evenings at 7:30pm and Sundays at 2pm Mar 25 &ndash; Apr 3, with a $9 preview showing at 7:30pm Thurs Mar 24. <br> <br> General admission is $16, and groups of 4 or more people are $14 each.Tickets are available for purchase by phone at the Stone Soup Box Office at (206) 633-1883 or at www.brownpapertickets.com, 800-838-3006.</p>			</p>    			<br><br>",carolynne@stonesouptheatre.org,,206.633.1883,The Odyssey at Stone Soup Theatre's Youth Conservatory,http://www.stonesouptheatre.org,03/25/2011-04/03/2011,http://www.seattleperforms.com/event/detail/441164859/The_Odyssey_at_Stone_Soup_Theatres_Youth_Conservatory
"700 Union St, Seattle, WA, 98101",ACT Theatre,"Experience the Moisture Festival's Grande Variet&egrave; extravaganza from all angles and for all ages, &quot;in the round&quot; of the Allen Theatre, with captivating feats of skill and daring - be it aerial, acrobatic, clowning, rope tricks, sketch comedy, juggling, dancing, singing, magic, puppetry, or astonishing bubbles. A live show band provides the underlying pulse that propels the show to create a fantastic family entertainment experience.                  <br> <br> <br> <br> ALSO: For an intimate adult evening (18 years and over) the Moisture Festival presents its glorious Libertease Burlesque shows. Featuring a tantalizing mix of burlesque stars and ribald comedy/variet&egrave; acts, these shows seduce and delight. This unique brand of burlesque show is presented in a daring and beautiful new way.</p>			</p>    			<br><br>",,http://www.seattleperforms.com/sites/seattleperforms.com/images/event/441166007/mofest_variete_th_medium.jpg,2062927676,The Moisture Festival: Grande Varietè,http://j.mp/dK36t5,03/27/2011-04/03/2011,http://www.seattleperforms.com/event/detail/441166007/The_Moisture_Festival_Grande_Variet
"1500 Summit Ave, Seattle, WA, 98122",Theater Schmeater,"Late Night! 3 Shows Only! Cash Bar!<br> <br> <br> <br> Looking for something to do on a Friday night? Come see us do long form improv at Theater Schmeater!  We'll be performing fully improvised one-act plays based off of audience suggestions.        <br> <br> <br> <br> About us:<br> <br> Improvolution is an ensemble minded group of improvisers based in Seattle devoted to spontaneous, committed play. Our name stands for an &quot;improv revolution&quot; and that's what we are, A REVOLUTION! We have developed a new kind of improv that incorporates the fundamentals of improv theater as well as our BFA actor training. We utilize elements of the viewpoints, clown, physical theater, epic theater, and psychological drama. With the collaboration of acting, music, lighting, dance, and humor we create a fully realized piece of theater completely spontaneously. We've developed theatrically stimulating improv that is innovative and rebellious, dedicated and curious. Using audience suggestions we create spectacular and fantastical comedies of epic proportions completely on the spot. It has been said that art must re-invent itself with every new generation and we have worked to re-invent improv to capture the spirit of the next generation of theater goers. Our shows are fast paced, fun, and always created on the spot where the audience becomes an integral part of the production.</p>			</p>    			<br><br>",Improvolution@gmail.com,http://www.seattleperforms.com/sites/seattleperforms.com/images/event/441171737/improvolution_medium.jpg,(415) 320-7318,Improvolution - Late Night Improv!,http://www.ImprovolutionSeattle.com,03/25/2011-04/08/2011,http://www.seattleperforms.com/event/detail/441171737/Improvolution_Late_Night_Improv
"609 8th Ave, Seattle, WA, 98104",Trinity Parish Church,"This comprehensive class is for ages 8-13 and for anyone who has ever wanted to be in a musical. Become a triple threat; learn how to tell a story through the basic elements of acting, music and dance. Having fun and enjoying yourself is definitely a requirement for this class. Ends with a showcase! <br> For more information or to register call Michael at 206-790-8583 or email michael@theatre912.com.  You will get confirmation via phone and email.<br> Location is Downtown Seattle</p>			</p>    			<br><br>",yes@theatre912.com,http://www.seattleperforms.com/sites/seattleperforms.com/images/event/441145489/2newfront_medium.jpg,206-790-8583,Musical Theatre Class with Megan Becker,http://www.theatre912.com,03/07/2011-04/11/2011,http://www.seattleperforms.com/event/detail/441145489/Musical_Theatre_Class_with_Megan_Becker
"202 4th Ave. E., Olympia, WA, 98501",State Theater,"An awkward biology grad student&rsquo;s personal ad attracts an angry young journalism student to his subterranean research lab for an evening of &ldquo;world-changing sex&rdquo;. But when a global cataclysm strikes, their date takes on evolutionary significance and the fate of humanity hangs in the balance. A charming and hilarious comedy spanning billions of years, boom explores the influence of free will, fate and chaos on our passionate journey through cosmic history.<br> <br> Contains profanity and adult situations, including one's personal responsibility, when confronted with the end of the world, to repopulate the planet with someone who is about as far from your personal soul mate as one could possibly imagine.</p>			</p>    			<br><br>",boxoffice@harlequinproductions.org,http://www.seattleperforms.com/sites/seattleperforms.com/images/event/441146741/hp_boom_medium.jpg,360.786.0151,boom,http://harlequinproductions.org/seasonpages/11/boom.html,03/24/2011-04/16/2011,http://www.seattleperforms.com/event/detail/441146741/boom
"2222 Second Avenue, Suite 222, Seattle, WA, 98121",Open Circle Theater,"In this fresh take on Richard O'Brien's stage production of The Rocky Horror Show, forget everything you know of the movie and prepare yourself to enter into someone's dirty little secret.<br> <br> While on the way to visit a friend, Brad and Janet run into car troubles and find themselves captive to someone else's idea of &quot;hospitality&quot;. Dr. Frank 'N' Furter and his servants invite the young couple into their home for a night of science experiments including experimentation of the flesh. In this down and dirty rock version of the cult classic, madness really does take control as minds and bodies are bent and no one will ever be the same.<br> <br> COSTUMES ARE ENCOURAGED! HOWEVER - WATER GUNS/RICE/ANYTHING ELSE THAT COULD BE THROWN AT CAST IS PROHIBITED FOR THE ACTORS' SAFETY. Thank you!<br> <br> * Please note: Due to some nudity and adult situations, no one under 18 will be admitted.<br> <br> Tickets available at https://www.brownpapertickets.com/event/162535<br> $18 in advance, $20 at the door<br> VIP tickets available for $25, which includes prime seating, being seated by Magenta and served snacks.<br> <br> WHEN- March 25th-April 16th, Fridays and Saturdays at 7:30pm, Sundays at 4pm. A special pay what you will Monday April 4th at 7:30.<br> <br> WHERE- Open Circle Theater, 2222 2nd Ave</p>			</p>    			<br><br>",monicaw@octheater.com,http://www.seattleperforms.com/sites/seattleperforms.com/images/event/441165651/rockyimage-medium_medium.jpg,2064067920,The Rocky Horror Show,,03/25/2011-04/16/2011,http://www.seattleperforms.com/event/detail/441165651/The_Rocky_Horror_Show
"5510 University Way NE, Seattle, WA, 98105",Wing-It Productions,"Goin' Steady: The Musical is an unscripted 1950s Rock n' Roll musical comedy. The show follows the students at Buster Willowcrest High School, as two kids from the opposite sides of the tracks fall in love. All the characters, plot and music for the show will be improvised, based on audience suggestions. Goin' Steady will feature a 4 piece band lead by musical director Rob Scherzer, which will completely improvise the music live every show.<br> <br> Goin' Steady: The Musical features a cast of both veteran musical theater and improv performers: Jon Axell, Jillian Boshart, Christopher Bryhan, Kai Curtis, Mike Murphy, Sara Powers, Mandy Price, Natasha Ransom, Elicia Wickstead and Doug Willott.<br> <br> Goin' Steady: The Musical is created and directed by Justin Sund (D.R., Dirty Laundry) and Rob Scherzer (Nietzsche! The Musical, The 25th Annual Putnam Spelling Bee).<br> <br> performances are at 8pm on Thursdays and Fridays March 3rd to March 18th and March 31st to April 22nd at Wing-It Productions at 5510 University Way NE. Tickets are $10-$14.</p>			</p>    			<br><br>",,http://www.seattleperforms.com/sites/seattleperforms.com/images/event/441151801/goin-poster-for-seaperf_medium.jpg,,Goin' Steady: The Musical,http://www.wingitpresents.com/goinsteady,03/03/2011-04/22/2011,http://www.seattleperforms.com/event/detail/441151801/Goin_Steady_The_Musical
"700 Union St, Seattle, WA, 98101",ACT Theatre,"A special Northwest premiere produced by The 5th Avenue Theatre and ACT &ndash; A Contemporary Theatre, to be performed at the intimate Falls Theatre at ACT.<br> <br> In Vanities: A New Musical, you&rsquo;ll set off on a life-affirming journey through the turbulent &rsquo;60s to the late &rsquo;80s and discover how three friends face life&rsquo;s defining moments: growing up, getting older and getting over it. Vanities is a funny and poignant look at three women who discover that, even in 30 years of rapidly changing times, the one thing they can rely on is each other.<br> <br> Based on the original play Vanities by Jack Heifner.<br> <br> May not be suitable for young children. Contains adult language and sexual references.</p>			</p>    			<br><br>",service@acttheatre.org,http://www.seattleperforms.com/sites/seattleperforms.com/images/event/441166873/vanities-thumb-sm_medium.jpg,206-292-7676,Vanities: A New Musical,http://j.mp/eVVAIP,02/04/2011-05/01/2011,http://www.seattleperforms.com/event/detail/441166873/Vanities_A_New_Musical
"2322 2nd Ave, Seattle, WA, 98121",Rendezvous Jewelbox Theater,"We're a group of Seattle actors who present live and televised readings of mostly unpublished plays and screenplays.<br> <br> Minimal costuming, blocking, and rehearsal; this is theatre-in-the-raw!<br> <br> Scripts may contain adult themes and language.<br> Seattle Theatre Readers performances are video recorded for broadcast on various cable television systems, broadcast television, the Internet, and other media.  By attending, you ARE AGREEING TO AUTHORIZE THE USAGE OF YOUR IMAGE FOR COMMERCIAL PURPOSES.  If you do not wish to participate, please do not purchase a ticket.</p>			</p>    			<br><br>",don@str-tv.com,http://www.seattleperforms.com/sites/seattleperforms.com/images/org/220148669/str_logo_medium.jpg,,Seattle Theatre Readers,http://www.theatrereaders.com/,02/21/2011-05/16/2011,http://www.seattleperforms.com/event/detail/441145815/Seattle_Theatre_Readers
"200 Madison Ave N, Bainbridge Island, WA, 98110",Bainbridge Performing Arts,"Chamber music by J.S. Bach, Wolfgang Amadeus Mozart and Johannes Brahms for strings, woodwinds and piano. Performers include Thomas Monk (violin); Lara Moore (viola); Barbara Deppe (cello); Amy Duerr-Day (oboe); Patti Beasley (clarinet); Ron Gilbert (horn); Judith Lawrence (bassoon); and pianists Mary Foster Grant and James Quitslund. This is the final event in the multi-year series organized and moderated by pianist James Quitslund.</p>			</p>    			<br><br>",boxoffice@bainbridgeperformingarts.org,http://www.seattleperforms.com/sites/seattleperforms.com/images/event/441146529/web_sidebar_ad_chambermusic_march_medium.jpg,206-842-8569,Chamber Music Concert,http://www.bainbridgeperformingarts.org/Performances/Music/ChamberMusic1011.html,03/27/2011,http://www.seattleperforms.com/event/detail/441146529/Chamber_Music_Concert
"609 8th Avenue, Seattle, WA, 98104",Trinity Parish Church,"The Man in the Mirror - An original one-act opera for tenor, harpsichord and cello by Ben Bernstein. Local tenor Ross Hauck performs this funny and poignant, incredibly well-sung performance that offers the public a rare glimpse into what really happens before performers go on stage.</p>			</p>    			<br><br>",mronish@flash.net,http://www.seattleperforms.com/sites/seattleperforms.com/images/event/441164059/maninthemirrorweb_medium.jpg,206 999-7045,The Man in the Mirror,http://www.americanhandelfestival.org,03/16/2011-03/18/2011,http://www.seattleperforms.com/event/detail/441164059/The_Man_in_the_Mirror
"200 Roy St, Seattle, WA, 98109",Solo Bar,Top o' th' mornin' to ya. C'mon by Solo Bar for NCTC's 3rd Annual St. Paddy's Day Party at 7:30 this Thursday night! We're in rehearsal for O Lovely Glowworm and the setting takes place appropriately in rural Ireland! Let's drink some green beer and share some fun stories...</p>			</p>    			<br><br>,,http://www.seattleperforms.com/sites/seattleperforms.com/images/org/532/newcenturytheatrecompany_medium.jpg,,New Century Theatre Company's Third Annual St. Paddy's Day Party,,03/17/2011,http://www.seattleperforms.com/event/detail/441172809/New_Century_Theatre_Companys_Third_Annual_St_Paddys_Day_Party
"1420 Northwest 80th Street, Seattle, WA, 98117",United Evangelical Free Church,"The road to mastering your acting skills is paved with practice, practice, practice, so make every opportunity count. Polish your existing skills while learning new ones in this challenging class for adult actors who wish to deepen their understanding of the craft of acting. Using scene work and a variety of genres, we will explore moment-to-moment truth, subtext, relationship, and environment as we intensify our exploration of the actor&rsquo;s process.</p>			</p>    			<br><br>",studio@taproottheatre.org,http://www.seattleperforms.com/sites/seattleperforms.com/images/event/441173217/ttclogo_acting_medium.jpg,(260) 529-3668,Adult Scene Study,,04/04/2011-05/16/2011,http://www.seattleperforms.com/event/detail/441173217/Adult_Scene_Study
"1420 Northwest 80th Street, Seattle, WA, 98117",United Evangelical Free Church,"Young actors who wish to deepen their understanding of the craft of acting will bring their performance to new heights in this scene study class taught by an accomplished teaching artist.  This class will guide students through the scene study process as they explore character, subtext, relationship and environment. Students will explore a variety of genres and stretch their range of emotions and characterization.<br> <br> This class is for students 4th-12th grade.</p>			</p>    			<br><br>",studio@taproottheatre.org,http://www.seattleperforms.com/sites/seattleperforms.com/images/event/441173221/ttclogo_acting_medium.jpg,(206) 529-3558,Youth Scene Study,,04/05/2011-05/17/2011,http://www.seattleperforms.com/event/detail/441173221/Youth_Scene_Study
"University of Washington Campus, intersection of 15th ave and 40th st, Seattle, WA",Meany Hall for the Performing Arts,"On Saturday May 14, 2011 Don of &lsquo;The Ron and Don Show&rsquo; on 97.3 will host the 7th annual &ldquo;Dance for a Cure&rdquo; performance and silent auction to benefit Fred Hutchinson Cancer Research and Pete Gross House.  Local pre professional youth performers along with professional artists from L.A. will embrace the stage with passionate and powerful performances that will leave you inspired and full of hope.  Join us at Meany Theater at the University of Washington for an incredible evening of dance, music, cocktails, and community.  Be a part of the revolution and help us find a cure for cancer.  Purchase your tickets at  http://brownpapertickets.com/event/159896 or  call our 24/7 call center at 1-800-838-3006 ext. 1 to order tickets over the phone.<br> If you cannot attend, please consider making a donation- visit www.danceforacure.org  or email danceforacure@live.com.</p>			</p>    			<br><br>",,http://www.seattleperforms.com/sites/seattleperforms.com/images/event/441171851/dance4curerevolutionart_000_medium.jpg,1-800-838-3006 ext. 1,"Dance for a Cure 2011 ""Revolution""",http://www.danceforacure.org,05/14/2011,http://www.seattleperforms.com/event/detail/441171851/Dance_for_a_Cure_2011_Revolution
"1524 Harvard Ave, Seattle, WA, 98122",Erickson Theatre,"“I cannot see or hear the world beyond my eyes and ears, no, but I've constructed, with great effort, an inner world, and it's lovely.”<br><br> - A dead goat<br><br> A Play About a Goat. Really? New Century Theatre Company Keeps Pushing the Envelope.  With Mermaids, Soldiers, Unicorns, Giant Swans, and the Self-Flushing Toilet Inventor. <br><br> <br><br> O Lovely Glowworm, Or Scenes of Great Beauty by Glen Berger<br><br> Directed by Roger Bennington<br><br> Erickson Theatre, Capitol Hill, Seattle <br><br> Performance Runs: April 13 – May 14, 2011<br><br> <br><br> SEATTLE, WA— The critically acclaimed New Century Theatre Company (NCTC) enters their third season by taking on the outrageously funny and profoundly moving story of a stuffed dead goat on a fantastical quest for the meaning of existence.  O Lovely Glowworm was written by former Seattleite Glen Berger (co-book writer Broadway’s already infamous Spider Man – Turn Off The Dark). In this award-winning play, Berger weaves a whimsical, poetic narrative of love-struck soldiers, mermaids, unicorns, a contemplative goat, and a hapless inventor attempting to devise a self-flushing toilet. In a small corner of Ireland circa 1918, a stuffed goat living atop a garbage heap concocts a magical inner world to escape the reality of its bleak existence. Suffused with music from World War I, O Lovely Glowworm is a joyously inventive celebration of humanity. NCTC will present this absurd yet timely play that questions our bleak existence, allows our minds to wander, and encourages uncontrollable laughter.<br><br> Cast:<br><br> Mark Chamberlin<br><br> Gretchen Krich<br><br> Peter Dylan O’Connor<br><br> MJ Sieber <br><br> Brian Claudio Smith<br><br> Jennifer Lee Taylor<br><br> <br><br> Lighting Designer: Andrew D Smith<br><br> Sound Designer: Rob Witmer<br><br> Costume Designer: Harmony Arnold<br><br> Charge Painter: Katie Hansen<br><br> Properties Manager: Maridee Slater<br><br> Stage Manager: Sarah Mixon<br><br> Production Manager: Michael Patten<br><br> Technical Director: Ray Gonzalez</p>			</p>    			<br><br>",,http://www.seattleperforms.com/sites/seattleperforms.com/images/event/5416/33314-250_medium.gif,800-838-3006,O Lovely Glowworm by Glen Berger,http://www.newcenturytheatrecompany.org,04/13/2011-05/14/2011,http://www.seattleperforms.com/event/detail/5416/O_Lovely_Glowworm_by_Glen_Berger
"202 4th Ave. E., Olympia, WA, 98501",State Theater,"It&rsquo;s the 1950s, and Roddy Stern is growing up in a family dominated by his pathologically jealous father, who lurks outside his own house in hopes of catching his wife with other men or playing the piano. The father&rsquo;s absurd suspicions and bursts of violence are variously ignored, provoked, and tearfully forgiven by the mother, sister, and bickering grandparents, while Roddy takes the brunt of the bruising. On the surface, Unexpected Tenderness is a charming family comedy. But it&rsquo;s punctuated by a tragic complexity that is alternately shocking, endearing and uplifting.</p> <p>a comic drama by Israel Horovitz<br> directed by Scot Whitney<br> &nbsp;</p>			</p>    			<br><br>",boxoffice@harlequinproductions.org,http://www.seattleperforms.com/sites/seattleperforms.com/images/event/441146747/hp_tenderness_medium.jpg,360.786.0151,Unexpected Tenderness,http://www.harlequinproductions.org/seasonpages/11/unextenderness.html,05/05/2011-05/28/2011,http://www.seattleperforms.com/event/detail/441146747/Unexpected_Tenderness
"700 Union St, Seattle, WA, 98101",ACT Theatre,"A comic portrait of urban angst spiked with Simon&rsquo;s trademark zingers. <br> <br> Heat waves. Garbage strikes. Noisy neighbors. Burglars. No place dishes it out quite like New York City, and with his job hanging by a thread, Mel Edison is in no mood to grin and bear it. Sparkling with Simon&rsquo;s usual wit and fueled by a still-resonant anger at the dehumanizing effects of modern city life, this comedy classic pits Mel and his steadfast wife Edna against an assault by 1970s Manhattan&mdash;and it&rsquo;s anybody&rsquo;s guess who&rsquo;ll win.</p>			</p>    			<br><br>",service@acttheatre.org,http://www.seattleperforms.com/sites/seattleperforms.com/images/event/441166857/prisoner-thumb-sm_medium.jpg,206-292-7676,The Prisoner of Second Avenue by Neil Simon,http://j.mp/i6gMdk,04/29/2011-05/29/2011,http://www.seattleperforms.com/event/detail/441166857/The_Prisoner_of_Second_Avenue_by_Neil_Simon
"402 Sixth St. S, Kirkland, WA, 98033",Studio East Mainstage Theater,Annie</p>			</p>    			<br><br>,info@studio-east.org,http://www.seattleperforms.com/sites/seattleperforms.com/images/org/360/storybooktheaterstudioeast_medium.jpg,425-820-1800,Annie,http://www.studio-east.org/,05/20/2011-06/12/2011,http://www.seattleperforms.com/event/detail/5695/Annie
"3000 Seabeck Hwy., Bremerton, WA, 98312",Kitsap Forest Theater,"Set in a Western territory just after the turn of the century, the high-spirited rivalry between the local framers and cowboys provides the colorful background against which Curly, a handsome cowboy, and Laurey, a winsome farm girl, play out their love story. That they will succeed in making a new life together we have no doubt, and that this new life will begin in a brand-new state provides the ultimate climax to the triumphant Oklahoma!<br> <br> Escape to another time and era and enjoy an afternoon of merriment that the whole family will enjoy. We guarantee you&rsquo;ll leave smiling.<br> <br> Enjoy a great day trip with friends and family. All ages will delight in this unique Northwest experience. Come early and picnic under the firs before the trail to the theater opens at 1:00 pm for the 2:00 pm show.<br> <br> Wear comfortable non-slip shoes for the 10 minute walk down the winding forest trail, and don&rsquo;t forget your camera. Enjoy the beautiful wild rhododendrons in bloom during the spring show.<br> <br> Seating is festival-style &mdash; to make the terraced earth seats more comfortable you may want to rent a cushion at the theater or bring your own cushion or stadium-style folding seat.<br> <br> Dress comfortably for the weather to enjoy the show rain or shine.<br> <br> Invite your friends (but please leave your pets at home) for a magical, relaxing day in the forest!<br> </p>			</p>    			<br><br>",tickets@foresttheater.com,http://www.seattleperforms.com/sites/seattleperforms.com/images/event/441166119/oklahoma!_logo_medium.jpg,206-542-7815,Oklahoma!,http://www.ForestTheater.com,05/29/2011-06/19/2011,http://www.seattleperforms.com/event/detail/441166119/Oklahoma
