Service Name,Supplier Name,Date,netamount,purpose of expenditure,Service Category
Adult Social Care,24 Hour Home Care,10/13/2015,"1,453.67",Care Payments,Social Care Services
Childrens & Educational Services,A AND G DUNCAN - TAXIS,10/15/2015,"3,532.00",Leasing /Transport Hire,Transport and Travel
Adult Social Care,A BUCKLEY LTD - INDEPENDENT CARE,10/7/2015,252,Care Payments,Social Care Services
Adult Social Care,A BUCKLEY LTD - INDEPENDENT CARE,10/7/2015,617.4,Care Payments,Social Care Services
Adult Social Care,A BUCKLEY LTD - INDEPENDENT CARE,10/14/2015,"2,132.55",Care Payments,Social Care Services
Adult Social Care,A BUCKLEY LTD - INDEPENDENT CARE,10/14/2015,66.15,Care Payments,Social Care Services
Adult Social Care,A BUCKLEY LTD - INDEPENDENT CARE,10/14/2015,967.05,Care Payments,Social Care Services
Adult Social Care,A BUCKLEY LTD - INDEPENDENT CARE,10/14/2015,"2,236.50",Care Payments,Social Care Services
Adult Social Care,A BUCKLEY LTD - INDEPENDENT CARE,10/14/2015,78.75,Care Payments,Social Care Services
Adult Social Care,A BUCKLEY LTD - INDEPENDENT CARE,10/14/2015,970.2,Care Payments,Social Care Services
Adult Social Care,A BUCKLEY LTD - INDEPENDENT CARE,10/28/2015,"2,201.85",Care Payments,Social Care Services
Adult Social Care,A BUCKLEY LTD - INDEPENDENT CARE,10/28/2015,75.6,Care Payments,Social Care Services
Adult Social Care,A BUCKLEY LTD - INDEPENDENT CARE,10/28/2015,"1,020.60",Care Payments,Social Care Services
Adult Social Care,A BUCKLEY LTD - INDEPENDENT CARE,10/28/2015,"2,356.20",Care Payments,Social Care Services
Adult Social Care,A BUCKLEY LTD - INDEPENDENT CARE,10/28/2015,50.4,Care Payments,Social Care Services
Adult Social Care,A BUCKLEY LTD - INDEPENDENT CARE,10/28/2015,932.4,Care Payments,Social Care Services
Adult Social Care,A SMITH - PAINTER AND DECORATOR,10/1/2015,950,Repairs and Maintenance,Property Repairs and Maintenance
Adult Social Care,A SMITH - PAINTER AND DECORATOR,10/1/2015,600,Repairs and Maintenance,Property Repairs and Maintenance
Adult Social Care,A SMITH - PAINTER AND DECORATOR,10/20/2015,950,Repairs and Maintenance,Property Repairs and Maintenance
Capital Expenditure,AB ELECTRICAL ENGINEERING LTD,10/26/2015,"2,100.00",Capital Expenditure - Works,Electrical Services
Childrens & Educational Services,ABACUS CHILDRENS SERVICES LTD,10/7/2015,546,Cleaning,Childcare Provision
Childrens & Educational Services,ABACUS CHILDRENS SERVICES LTD,10/22/2015,39,Office Expenses,Childcare Provision
Adult Social Care,ABACUS HOMECARE,10/9/2015,231.6,Care Payments,Social Care Services
Adult Social Care,ABACUS HOMECARE,10/14/2015,"10,161.90",Care Payments,Social Care Services
Adult Social Care,ABACUS HOMECARE,10/14/2015,"10,228.05",Care Payments,Social Care Services
Adult Social Care,ABACUS HOMECARE,10/28/2015,"10,161.90",Care Payments,Social Care Services
Adult Social Care,ABACUS HOMECARE,10/28/2015,"10,111.50",Care Payments,Social Care Services
Adult Social Care,ABBEYFIELD UK - BRAMHALL,10/5/2015,"3,112.57",Care Payments,Social Care Services
Adult Social Care,ABBEYFIELD UK - BRAMHALL,10/5/2015,"-1,379.84",Care Payments,Social Care Services
Adult Social Care,ABBOTSFORD CARE HOME,10/5/2015,"1,552.72",Care Payments,Social Care Services
Adult Social Care,ABBOTSFORD CARE HOME,10/5/2015,-505.2,Care Payments,Social Care Services
Adult Social Care,ABC DIGITAL SOLUTIONS LTD,10/27/2015,38.65,Furniture and Equipment,Office Equipment
Central Support Costs,ABC DIGITAL SOLUTIONS LTD,10/27/2015,4.5,Furniture and Equipment,Office Equipment
Central Services to the public,ABC DIGITAL SOLUTIONS LTD,10/16/2015,198,Information and Communications Technology,Office Equipment
Central Services to the public,ABC DIGITAL SOLUTIONS LTD,10/16/2015,198,Information and Communications Technology,Office Equipment
Central Support Costs,ABC DIGITAL SOLUTIONS LTD,10/16/2015,99,Information and Communications Technology,Office Equipment
Adult Social Care,ABC DIGITAL SOLUTIONS LTD,10/16/2015,952.32,Office Expenses,Office Equipment
Adult Social Care,ABC DIGITAL SOLUTIONS LTD,10/23/2015,"1,477.87",Office Expenses,Office Equipment
Adult Social Care,ABC DIGITAL SOLUTIONS LTD,10/28/2015,"1,235.82",Office Expenses,Office Equipment
Childrens & Educational Services,ABC DIGITAL SOLUTIONS LTD,10/13/2015,"4,726.79",Office Expenses,Office Equipment
Childrens & Educational Services,ABC DIGITAL SOLUTIONS LTD,10/28/2015,5.6,Office Expenses,Office Equipment
Environmental & Regulatory Services,ABC DIGITAL SOLUTIONS LTD,10/23/2015,648.28,Office Expenses,Office Equipment
Central Services to the public,ABC DIGITAL SOLUTIONS LTD,10/15/2015,376.48,Printing and Photocopying,Office Equipment
Central Services to the public,ABC DIGITAL SOLUTIONS LTD,10/15/2015,376.48,Printing and Photocopying,Office Equipment
Central Support Costs,ABC DIGITAL SOLUTIONS LTD,10/15/2015,188.27,Printing and Photocopying,Office Equipment
Childrens & Educational Services,ABC DIGITAL SOLUTIONS LTD,10/23/2015,357.17,Printing and Photocopying,Office Equipment
Childrens & Educational Services,ABC DIGITAL SOLUTIONS LTD,10/28/2015,80.92,Printing and Photocopying,Office Equipment
Central Support Costs,ABC DIGITAL SOLUTIONS LTD,10/28/2015,772.69,Printing and Photocopying,Office Equipment
Adult Social Care,A-BEST NURSING AND CARE LTD,10/14/2015,598.5,Care Payments,Social Care Services
Adult Social Care,A-BEST NURSING AND CARE LTD,10/14/2015,639.45,Care Payments,Social Care Services
Adult Social Care,A-BEST NURSING AND CARE LTD,10/28/2015,652.05,Care Payments,Social Care Services
Adult Social Care,A-BEST NURSING AND CARE LTD,10/28/2015,655.2,Care Payments,Social Care Services
Environmental & Regulatory Services,ABIC Ltd,10/21/2015,"1,162.50",Professional Fees,Professional / Consultancy Services
Adult Social Care,ABILITY AWARE LIMITED,10/1/2015,339.08,Furniture and Equipment,Mobility Equipment / Supplies
Adult Social Care,ABILITY AWARE LIMITED,10/6/2015,371.08,Furniture and Equipment,Mobility Equipment / Supplies
Adult Social Care,ABILITY AWARE LIMITED,10/14/2015,371.61,Furniture and Equipment,Mobility Equipment / Supplies
Adult Social Care,ABILITY AWARE LIMITED,10/20/2015,346.16,Furniture and Equipment,Mobility Equipment / Supplies
Adult Social Care,ABILITY AWARE LIMITED,10/20/2015,104.5,Furniture and Equipment,Mobility Equipment / Supplies
Adult Social Care,ABILITY AWARE LIMITED,10/27/2015,590.47,Furniture and Equipment,Mobility Equipment / Supplies
Adult Social Care,ABLE COMMUNITY CARE,10/7/2015,"3,639.16",Care Payments,Social Care Services
Adult Social Care,Ablewell Care,10/28/2015,538.01,Care Payments,Social Care Services
Adult Social Care,ABOUT ME CARE AND SUPPORT LTD,10/7/2015,"1,149.76",Care Payments,Social Care Services
Adult Social Care,Absolute Care and Support (UK) Ltd,10/7/2015,56.7,Care Payments,Social Care Services
Adult Social Care,Absolute Care and Support (UK) Ltd,10/7/2015,18.9,Care Payments,Social Care Services
Adult Social Care,Absolute Care and Support (UK) Ltd,10/7/2015,75.6,Care Payments,Social Care Services
Adult Social Care,Absolute Care and Support (UK) Ltd,10/14/2015,50.4,Care Payments,Social Care Services
Adult Social Care,Absolute Care and Support (UK) Ltd,10/14/2015,226.8,Care Payments,Social Care Services
Adult Social Care,Absolute Care and Support (UK) Ltd,10/14/2015,365.4,Care Payments,Social Care Services
Adult Social Care,Absolute Care and Support (UK) Ltd,10/14/2015,516.6,Care Payments,Social Care Services
Adult Social Care,Absolute Care and Support (UK) Ltd,10/14/2015,"1,801.80",Care Payments,Social Care Services
Adult Social Care,Absolute Care and Support (UK) Ltd,10/14/2015,406.35,Care Payments,Social Care Services
Adult Social Care,Absolute Care and Support (UK) Ltd,10/14/2015,324.45,Care Payments,Social Care Services
Adult Social Care,Absolute Care and Support (UK) Ltd,10/14/2015,522.9,Care Payments,Social Care Services
Adult Social Care,Absolute Care and Support (UK) Ltd,10/14/2015,"1,908.90",Care Payments,Social Care Services
Adult Social Care,Absolute Care and Support (UK) Ltd,10/28/2015,415.8,Care Payments,Social Care Services
Adult Social Care,Absolute Care and Support (UK) Ltd,10/28/2015,318.15,Care Payments,Social Care Services
Adult Social Care,Absolute Care and Support (UK) Ltd,10/28/2015,592.2,Care Payments,Social Care Services
Adult Social Care,Absolute Care and Support (UK) Ltd,10/28/2015,"2,101.05",Care Payments,Social Care Services
Adult Social Care,Absolute Care and Support (UK) Ltd,10/28/2015,406.35,Care Payments,Social Care Services
Adult Social Care,Absolute Care and Support (UK) Ltd,10/28/2015,318.15,Care Payments,Social Care Services
Adult Social Care,Absolute Care and Support (UK) Ltd,10/28/2015,648.9,Care Payments,Social Care Services
Adult Social Care,Absolute Care and Support (UK) Ltd,10/28/2015,"2,447.55",Care Payments,Social Care Services
Adult Social Care,Absolute Care At Home Ltd,10/14/2015,88.2,Care Payments,Social Care Services
Adult Social Care,Absolute Care At Home Ltd,10/14/2015,"3,285.45",Care Payments,Social Care Services
Adult Social Care,Absolute Care At Home Ltd,10/14/2015,"2,349.90",Care Payments,Social Care Services
Adult Social Care,Absolute Care At Home Ltd,10/14/2015,179.55,Care Payments,Social Care Services
Adult Social Care,Absolute Care At Home Ltd,10/14/2015,88.2,Care Payments,Social Care Services
Adult Social Care,Absolute Care At Home Ltd,10/14/2015,"3,291.75",Care Payments,Social Care Services
Adult Social Care,Absolute Care At Home Ltd,10/14/2015,"2,324.70",Care Payments,Social Care Services
Adult Social Care,Absolute Care At Home Ltd,10/14/2015,179.55,Care Payments,Social Care Services
Adult Social Care,Absolute Care At Home Ltd,10/20/2015,252,Care Payments,Social Care Services
Adult Social Care,Absolute Care At Home Ltd,10/20/2015,100.8,Care Payments,Social Care Services
Adult Social Care,Absolute Care At Home Ltd,10/28/2015,88.2,Care Payments,Social Care Services
Adult Social Care,Absolute Care At Home Ltd,10/28/2015,"3,430.35",Care Payments,Social Care Services
Adult Social Care,Absolute Care At Home Ltd,10/28/2015,"2,422.35",Care Payments,Social Care Services
Adult Social Care,Absolute Care At Home Ltd,10/28/2015,179.55,Care Payments,Social Care Services
Adult Social Care,Absolute Care At Home Ltd,10/28/2015,88.2,Care Payments,Social Care Services
Adult Social Care,Absolute Care At Home Ltd,10/28/2015,"3,537.45",Care Payments,Social Care Services
Adult Social Care,Absolute Care At Home Ltd,10/28/2015,"2,444.40",Care Payments,Social Care Services
Adult Social Care,Absolute Care At Home Ltd,10/28/2015,179.55,Care Payments,Social Care Services
Adult Social Care,Acacia Care Home,10/5/2015,"1,610.00",Care Payments,Social Care Services
Adult Social Care,Acacia Care Home,10/5/2015,-695.24,Care Payments,Social Care Services
Capital Expenditure,ACC SECURITY SOLUTIONS,10/29/2015,"5,905.03",Capital Expenditure - Works,Security / Safety
Central Support Costs,ACC SECURITY SOLUTIONS,10/9/2015,55,Repairs and Maintenance,Security / Safety
Central Support Costs,ACC SECURITY SOLUTIONS,10/20/2015,55,Repairs and Maintenance,Security / Safety
Central Support Costs,ACC SECURITY SOLUTIONS,10/9/2015,55,Repairs and Maintenance,Security / Safety
Central Support Costs,ACC SECURITY SOLUTIONS,10/19/2015,55,Repairs and Maintenance,Security / Safety
Central Support Costs,ACC SECURITY SOLUTIONS,10/19/2015,170.16,Repairs and Maintenance,Security / Safety
Central Support Costs,ACC SECURITY SOLUTIONS,10/19/2015,235,Repairs and Maintenance,Security / Safety
Central Support Costs,ACC SECURITY SOLUTIONS,10/19/2015,55,Repairs and Maintenance,Security / Safety
Central Support Costs,ACC SECURITY SOLUTIONS,10/19/2015,55,Repairs and Maintenance,Security / Safety
Central Support Costs,ACC SECURITY SOLUTIONS,10/19/2015,55,Repairs and Maintenance,Security / Safety
Central Support Costs,ACC SECURITY SOLUTIONS,10/19/2015,55,Repairs and Maintenance,Security / Safety
Central Support Costs,ACC SECURITY SOLUTIONS,10/21/2015,376.32,Repairs and Maintenance,Security / Safety
Central Support Costs,ACC SECURITY SOLUTIONS,10/21/2015,55,Repairs and Maintenance,Security / Safety
Central Support Costs,ACC SECURITY SOLUTIONS,10/27/2015,735.5,Repairs and Maintenance,Security / Safety
Childrens & Educational Services,ACC SECURITY SOLUTIONS,10/7/2015,"1,497.52",Repairs and Maintenance,Security / Safety
Childrens & Educational Services,ACC SECURITY SOLUTIONS,10/16/2015,195.56,Repairs and Maintenance,Security / Safety
Childrens & Educational Services,ACC SECURITY SOLUTIONS,10/27/2015,276.65,Repairs and Maintenance,Security / Safety
Childrens & Educational Services,ACC SECURITY SOLUTIONS,10/16/2015,55,Security,Security / Safety
Adult Social Care,Access Independent,10/7/2015,"2,240.00",Agency Staff,Finance / Accountancy Services
Adult Social Care,Access Independent,10/21/2015,"1,680.00",Agency Staff,Finance / Accountancy Services
Central Support Costs,ACORN ENVIRONMENTAL SERVICES,10/28/2015,180,Cleaning,Environmental Services
Central Support Costs,ACORN ENVIRONMENTAL SERVICES,10/28/2015,135,Cleaning,Environmental Services
Central Support Costs,ACORN ENVIRONMENTAL SERVICES,10/28/2015,70,Cleaning,Environmental Services
Central Support Costs,ACORN ENVIRONMENTAL SERVICES,10/29/2015,180,Cleaning,Environmental Services
Central Support Costs,ACORN ENVIRONMENTAL SERVICES,10/28/2015,245,Grounds Maintenance,Environmental Services
Central Support Costs,ACORN ENVIRONMENTAL SERVICES,10/28/2015,260,Grounds Maintenance,Environmental Services
Central Support Costs,ACORN ENVIRONMENTAL SERVICES,10/19/2015,60,Pest Control,Environmental Services
Central Support Costs,ACORN ENVIRONMENTAL SERVICES,10/19/2015,180,Pest Control,Environmental Services
Central Support Costs,ACORN ENVIRONMENTAL SERVICES,10/1/2015,260,Repairs and Maintenance,Environmental Services
Adult Social Care,Action First iPeople Ltd,10/20/2015,"1,400.00",Fees and Charges,Recruitment / Staffing
Adult Social Care,Action First iPeople Ltd,10/30/2015,"1,050.00",Fees and Charges,Recruitment / Staffing
Adult Social Care,ACTION ON HEARING LOSS,10/7/2015,518.24,Third party payments - Private/Voluntary Sector,Health Advice / Awareness
Adult Social Care,ACTION ON HEARING LOSS,10/21/2015,259.12,Third party payments - Private/Voluntary Sector,Health Advice / Awareness
Adult Social Care,ACTIVECARE LTD,10/5/2015,448,Care Payments,Social Care Services
Adult Social Care,ACTIVECARE LTD,10/5/2015,"2,716.00",Care Payments,Social Care Services
Adult Social Care,ACTIVECARE LTD,10/5/2015,-972,Care Payments,Social Care Services
Childrens & Educational Services,ADAMS TRAVEL,10/15/2015,"4,904.00",Leasing /Transport Hire,Transport and Travel
Capital Expenditure,ADAPTACARE LTD,10/28/2015,"3,788.00",Capital Expenditure - Works,Construction / Building Services
Childrens & Educational Services,ADI SERVICES LTD,10/14/2015,150,Legal Fees,Engineering Services
Central Support Costs,ADI SERVICES LTD,10/21/2015,65,Professional Fees,Engineering Services
Central Support Costs,ADI SERVICES LTD,10/1/2015,65,Professional Fees,Engineering Services
Central Support Costs,ADI SERVICES LTD,10/12/2015,230,Professional Fees,Engineering Services
Central Support Costs,ADI SERVICES LTD,10/28/2015,65,Professional Fees,Engineering Services
Central Support Costs,ADI SERVICES LTD,10/21/2015,65,Professional Fees,Engineering Services
Central Support Costs,ADI SERVICES LTD,10/23/2015,65,Professional Fees,Engineering Services
Central Support Costs,ADI SERVICES LTD,10/12/2015,65,Professional Fees,Engineering Services
Central Support Costs,ADI SERVICES LTD,10/26/2015,65,Professional Fees,Engineering Services
Central Support Costs,ADI SERVICES LTD,10/21/2015,65,Professional Fees,Engineering Services
Central Support Costs,ADI SERVICES LTD,10/26/2015,65,Professional Fees,Engineering Services
Central Support Costs,ADI SERVICES LTD,10/27/2015,65,Professional Fees,Engineering Services
Central Support Costs,ADI SERVICES LTD,10/28/2015,65,Professional Fees,Engineering Services
Central Support Costs,ADI SERVICES LTD,10/15/2015,65,Professional Fees,Engineering Services
Central Support Costs,ADI SERVICES LTD,10/28/2015,65,Professional Fees,Engineering Services
Central Support Costs,ADI SERVICES LTD,10/28/2015,100,Professional Fees,Engineering Services
Central Support Costs,ADI SERVICES LTD,10/28/2015,-65,Professional Fees,Engineering Services
Central Support Costs,ADI SERVICES LTD,10/28/2015,65,Professional Fees,Engineering Services
Adult Social Care,ADLINGTON MANOR LTD,10/5/2015,"-1,104.00",Care Payments,Social Care Services
Adult Social Care,ADLINGTON MANOR LTD,10/5/2015,"1,840.00",Care Payments,Social Care Services
Adult Social Care,ADLINGTON MANOR LTD,10/5/2015,"1,739.20",Care Payments,Social Care Services
Adult Social Care,ADLINGTON MANOR LTD,10/5/2015,-580.24,Care Payments,Social Care Services
Adult Social Care,ADLINGTON MANOR LTD,10/5/2015,"1,804.00",Care Payments,Social Care Services
Adult Social Care,ADLINGTON MANOR LTD,10/5/2015,"3,316.00",Care Payments,Social Care Services
Adult Social Care,ADLINGTON MANOR LTD,10/5/2015,"3,408.00",Care Payments,Social Care Services
Adult Social Care,ADLINGTON MANOR LTD,10/5/2015,-505.2,Care Payments,Social Care Services
Adult Social Care,ADLINGTON MANOR LTD,10/5/2015,-610.8,Care Payments,Social Care Services
Adult Social Care,ADLINGTON MANOR LTD,10/26/2015,"1,793.57",Care Payments,Social Care Services
Public Health,ADSHALL ROAD MEDICAL PRACTICE,10/6/2015,127.5,Care Payments,Health Services
Public Health,ADSHALL ROAD MEDICAL PRACTICE,10/6/2015,127.5,Care Payments,Health Services
Public Health,ADSHALL ROAD MEDICAL PRACTICE,10/28/2015,348,Care Payments,Health Services
Public Health,ADSWOOD ROAD SURGERY,10/22/2015,"1,500.00",Care Payments,Health Services
Public Health,ADSWOOD ROAD SURGERY,10/13/2015,"1,000.00",Care Payments,Health Services
Public Health,ADSWOOD ROAD SURGERY,10/22/2015,"1,500.00",Care Payments,Health Services
Adult Social Care,ADVANCED BUSINESS SOLUTIONS,10/27/2015,972,Fees and Charges,Software Supplier
Childrens & Educational Services,ADVANCED CHILDCARE LTD,10/7/2015,"14,350.05",Care Payments,Childcare Provision
Childrens & Educational Services,ADVANCED CHILDCARE LTD,10/7/2015,"3,400.00",Care Payments,Childcare Provision
Adult Social Care,AGE CONCERN MANCHESTER,10/6/2015,754.8,Care Payments,Welfare Services
Adult Social Care,AGE CONCERN MANCHESTER,10/20/2015,830.28,Care Payments,Welfare Services
Public Health,AGE UK STOCKPORT,10/28/2015,"3,000.00",Care Payments,Welfare Services
Childrens & Educational Services,AIDSERVICE LTD,10/9/2015,"1,893.00",Furniture and Equipment,Mobility Equipment / Supplies
Adult Social Care,AK WATSON (CABS),10/13/2015,117.25,Leasing /Transport Hire,Transport and Travel
Adult Social Care,AK WATSON (CABS),10/13/2015,488.58,Leasing /Transport Hire,Transport and Travel
Adult Social Care,AK WATSON (CABS),10/13/2015,"1,348.47",Leasing /Transport Hire,Transport and Travel
Adult Social Care,AK WATSON (CABS),10/13/2015,762,Leasing /Transport Hire,Transport and Travel
Adult Social Care,AK WATSON (CABS),10/20/2015,220.8,Leasing /Transport Hire,Transport and Travel
Adult Social Care,AK WATSON (CABS),10/20/2015,39.64,Leasing /Transport Hire,Transport and Travel
Adult Social Care,AK WATSON (CABS),10/20/2015,165.2,Leasing /Transport Hire,Transport and Travel
Adult Social Care,AK WATSON (CABS),10/20/2015,455.96,Leasing /Transport Hire,Transport and Travel
Adult Social Care,AKW MEDI-CARE LTD,10/21/2015,"-1,390.00",Furniture and Equipment,Mobility Equipment / Supplies
Adult Social Care,AKW MEDI-CARE LTD,10/21/2015,323.11,Furniture and Equipment,Mobility Equipment / Supplies
Adult Social Care,AKW MEDI-CARE LTD,10/21/2015,"2,237.90",Furniture and Equipment,Mobility Equipment / Supplies
Childrens & Educational Services,ALERE TOXICOLOGY PLC,10/26/2015,87.5,Furniture and Equipment,Forensics / Laboratories
Childrens & Educational Services,ALERE TOXICOLOGY PLC,10/8/2015,35,Legal Fees,Forensics / Laboratories
Childrens & Educational Services,ALERE TOXICOLOGY PLC,10/16/2015,144.3,Legal Fees,Forensics / Laboratories
Childrens & Educational Services,ALERE TOXICOLOGY PLC,10/26/2015,23.75,Legal Fees,Forensics / Laboratories
Childrens & Educational Services,ALERE TOXICOLOGY PLC,10/26/2015,268.25,Legal Fees,Forensics / Laboratories
Childrens & Educational Services,ALERE TOXICOLOGY PLC,10/26/2015,23.75,Legal Fees,Forensics / Laboratories
Childrens & Educational Services,ALERE TOXICOLOGY PLC,10/26/2015,90.75,Legal Fees,Forensics / Laboratories
Childrens & Educational Services,ALERE TOXICOLOGY PLC,10/26/2015,70.75,Legal Fees,Forensics / Laboratories
Childrens & Educational Services,ALERE TOXICOLOGY PLC,10/8/2015,759,Professional Fees,Forensics / Laboratories
Cultural & Related Services,ALFA TRAVEL,10/6/2015,40,Publicity and Promotion,Transport and Travel
Cultural & Related Services,ALFA TRAVEL,10/13/2015,525.45,Publicity and Promotion,Transport and Travel
Cultural & Related Services,ALFA TRAVEL,10/23/2015,10,Publicity and Promotion,Transport and Travel
Adult Social Care,ALL MOBILITY (ROMILEY) LTD,10/2/2015,743.77,Furniture and Equipment,Mobility Equipment / Supplies
Adult Social Care,ALL MOBILITY (ROMILEY) LTD,10/27/2015,"1,219.54",Furniture and Equipment,Mobility Equipment / Supplies
Childrens & Educational Services,ALLIANCE CARE AND EDUCATION LTD,10/7/2015,"14,175.00",Care Payments,Childcare Provision
Central Support Costs,ALLIANCE DISPOSABLES LTD,10/1/2015,48.97,Cleaning,"Catering, Food and Beverages"
Central Support Costs,ALLIANCE DISPOSABLES LTD,10/15/2015,165.54,Cleaning,"Catering, Food and Beverages"
Central Support Costs,ALLIANCE DISPOSABLES LTD,10/15/2015,26.85,Cleaning,"Catering, Food and Beverages"
Central Support Costs,ALLIANCE DISPOSABLES LTD,10/1/2015,829.89,Cleaning,"Catering, Food and Beverages"
Central Support Costs,ALLIANCE DISPOSABLES LTD,10/1/2015,810.65,Cleaning,"Catering, Food and Beverages"
Central Support Costs,ALLIANCE DISPOSABLES LTD,10/7/2015,23.14,Cleaning,"Catering, Food and Beverages"
Central Support Costs,ALLIANCE DISPOSABLES LTD,10/1/2015,14.55,Cleaning,"Catering, Food and Beverages"
Central Support Costs,ALLIANCE DISPOSABLES LTD,10/1/2015,810.65,Cleaning,"Catering, Food and Beverages"
Central Support Costs,ALLIANCE DISPOSABLES LTD,10/15/2015,24.26,Cleaning,"Catering, Food and Beverages"
Central Support Costs,ALLIANCE DISPOSABLES LTD,10/16/2015,-3.98,Cleaning,"Catering, Food and Beverages"
Cultural & Related Services,ALLIANCE DISPOSABLES LTD,10/30/2015,146.9,Cleaning,"Catering, Food and Beverages"
Planning Services,ALLIANCE DISPOSABLES LTD,10/19/2015,12.13,Cleaning,"Catering, Food and Beverages"
Adult Social Care,ALLIANCE DISPOSABLES LTD,10/1/2015,17.9,Cleaning,"Catering, Food and Beverages"
Adult Social Care,ALLIANCE DISPOSABLES LTD,10/1/2015,9.23,Cleaning,"Catering, Food and Beverages"
Adult Social Care,ALLIANCE DISPOSABLES LTD,10/1/2015,61,Cleaning,"Catering, Food and Beverages"
Adult Social Care,ALLIANCE DISPOSABLES LTD,10/1/2015,14.55,Cleaning,"Catering, Food and Beverages"
Adult Social Care,ALLIANCE DISPOSABLES LTD,10/1/2015,175.5,Cleaning,"Catering, Food and Beverages"
Adult Social Care,ALLIANCE DISPOSABLES LTD,10/1/2015,29.1,Cleaning,"Catering, Food and Beverages"
Adult Social Care,ALLIANCE DISPOSABLES LTD,10/19/2015,358.04,Cleaning,"Catering, Food and Beverages"
Adult Social Care,ALLIANCE DISPOSABLES LTD,10/21/2015,14.55,Cleaning,"Catering, Food and Beverages"
Adult Social Care,ALLIANCE DISPOSABLES LTD,10/27/2015,93.94,Cleaning,"Catering, Food and Beverages"
Adult Social Care,ALLIANCE DISPOSABLES LTD,10/22/2015,31.44,Cleaning,"Catering, Food and Beverages"
Adult Social Care,ALLIANCE DISPOSABLES LTD,10/27/2015,14.55,Cleaning,"Catering, Food and Beverages"
Adult Social Care,ALLIANCE DISPOSABLES LTD,10/23/2015,38.96,Cleaning,"Catering, Food and Beverages"
Adult Social Care,ALLIANCE DISPOSABLES LTD,10/28/2015,38.96,Cleaning,"Catering, Food and Beverages"
Adult Social Care,ALLIANCE DISPOSABLES LTD,10/16/2015,153.96,Cleaning,"Catering, Food and Beverages"
Childrens & Educational Services,ALLIANCE DISPOSABLES LTD,10/19/2015,49.13,Cleaning,"Catering, Food and Beverages"
Childrens & Educational Services,ALLIANCE DISPOSABLES LTD,10/7/2015,194.31,Cleaning,"Catering, Food and Beverages"
Childrens & Educational Services,ALLIANCE DISPOSABLES LTD,10/1/2015,23.5,Cleaning,"Catering, Food and Beverages"
Childrens & Educational Services,ALLIANCE DISPOSABLES LTD,10/1/2015,12.29,Cleaning,"Catering, Food and Beverages"
Childrens & Educational Services,ALLIANCE DISPOSABLES LTD,10/1/2015,18.4,Cleaning,"Catering, Food and Beverages"
Childrens & Educational Services,ALLIANCE DISPOSABLES LTD,10/1/2015,79.85,Cleaning,"Catering, Food and Beverages"
Childrens & Educational Services,ALLIANCE DISPOSABLES LTD,10/1/2015,22.58,Cleaning,"Catering, Food and Beverages"
Childrens & Educational Services,ALLIANCE DISPOSABLES LTD,10/1/2015,38.96,Cleaning,"Catering, Food and Beverages"
Childrens & Educational Services,ALLIANCE DISPOSABLES LTD,10/1/2015,108.72,Cleaning,"Catering, Food and Beverages"
Childrens & Educational Services,ALLIANCE DISPOSABLES LTD,10/15/2015,4.28,Cleaning,"Catering, Food and Beverages"
Childrens & Educational Services,ALLIANCE DISPOSABLES LTD,10/19/2015,12.13,Cleaning,"Catering, Food and Beverages"
Childrens & Educational Services,ALLIANCE DISPOSABLES LTD,10/2/2015,9.62,Cleaning,"Catering, Food and Beverages"
Childrens & Educational Services,ALLIANCE DISPOSABLES LTD,10/22/2015,14.7,Cleaning,"Catering, Food and Beverages"
Childrens & Educational Services,ALLIANCE DISPOSABLES LTD,10/26/2015,48.52,Cleaning,"Catering, Food and Beverages"
Childrens & Educational Services,ALLIANCE DISPOSABLES LTD,10/26/2015,87.2,Cleaning,"Catering, Food and Beverages"
Childrens & Educational Services,ALLIANCE DISPOSABLES LTD,10/26/2015,11.8,Cleaning,"Catering, Food and Beverages"
Childrens & Educational Services,ALLIANCE DISPOSABLES LTD,10/27/2015,23.5,Cleaning,"Catering, Food and Beverages"
Childrens & Educational Services,ALLIANCE DISPOSABLES LTD,10/16/2015,-49.13,Cleaning,"Catering, Food and Beverages"
Cultural & Related Services,ALLIANCE DISPOSABLES LTD,10/15/2015,102.44,Cleaning,"Catering, Food and Beverages"
Cultural & Related Services,ALLIANCE DISPOSABLES LTD,10/15/2015,19.32,Cleaning,"Catering, Food and Beverages"
Cultural & Related Services,ALLIANCE DISPOSABLES LTD,10/2/2015,21.97,Cleaning,"Catering, Food and Beverages"
Cultural & Related Services,ALLIANCE DISPOSABLES LTD,10/1/2015,12.13,Cleaning,"Catering, Food and Beverages"
Cultural & Related Services,ALLIANCE DISPOSABLES LTD,10/1/2015,11.48,Cleaning,"Catering, Food and Beverages"
Cultural & Related Services,ALLIANCE DISPOSABLES LTD,10/5/2015,45.13,Cleaning,"Catering, Food and Beverages"
Cultural & Related Services,ALLIANCE DISPOSABLES LTD,10/1/2015,15.73,Cleaning,"Catering, Food and Beverages"
Cultural & Related Services,ALLIANCE DISPOSABLES LTD,10/12/2015,14.55,Cleaning,"Catering, Food and Beverages"
Cultural & Related Services,ALLIANCE DISPOSABLES LTD,10/1/2015,70.5,Cleaning,"Catering, Food and Beverages"
Cultural & Related Services,ALLIANCE DISPOSABLES LTD,10/1/2015,29.4,Cleaning,"Catering, Food and Beverages"
Cultural & Related Services,ALLIANCE DISPOSABLES LTD,10/19/2015,14.55,Cleaning,"Catering, Food and Beverages"
Cultural & Related Services,ALLIANCE DISPOSABLES LTD,10/26/2015,9.26,Cleaning,"Catering, Food and Beverages"
Cultural & Related Services,ALLIANCE DISPOSABLES LTD,10/23/2015,30.35,Cleaning,"Catering, Food and Beverages"
Cultural & Related Services,ALLIANCE DISPOSABLES LTD,10/26/2015,9.26,Cleaning,"Catering, Food and Beverages"
Cultural & Related Services,ALLIANCE DISPOSABLES LTD,10/23/2015,14.9,Cleaning,"Catering, Food and Beverages"
Cultural & Related Services,ALLIANCE DISPOSABLES LTD,10/27/2015,12.13,Cleaning,"Catering, Food and Beverages"
Cultural & Related Services,ALLIANCE DISPOSABLES LTD,10/28/2015,19.44,Cleaning,"Catering, Food and Beverages"
Cultural & Related Services,ALLIANCE DISPOSABLES LTD,10/16/2015,-3.98,Cleaning,"Catering, Food and Beverages"
Environmental & Regulatory Services,ALLIANCE DISPOSABLES LTD,10/1/2015,21.98,Cleaning,"Catering, Food and Beverages"
Planning Services,ALLIANCE DISPOSABLES LTD,10/1/2015,117.5,Cleaning,"Catering, Food and Beverages"
Adult Social Care,ALLIANCE DISPOSABLES LTD,10/21/2015,111.2,Clothing Uniforms and Laundry,"Catering, Food and Beverages"
Adult Social Care,ALLIANCE DISPOSABLES LTD,10/21/2015,55.6,Clothing Uniforms and Laundry,"Catering, Food and Beverages"
Adult Social Care,ALLIANCE DISPOSABLES LTD,10/27/2015,166.8,Clothing Uniforms and Laundry,"Catering, Food and Beverages"
Adult Social Care,ALLIANCE DISPOSABLES LTD,10/15/2015,111.2,Clothing Uniforms and Laundry,"Catering, Food and Beverages"
Adult Social Care,ALLIANCE DISPOSABLES LTD,10/28/2015,55.6,Clothing Uniforms and Laundry,"Catering, Food and Beverages"
Adult Social Care,ALLIANCE DISPOSABLES LTD,10/15/2015,19.99,Furniture and Equipment,"Catering, Food and Beverages"
Childrens & Educational Services,ALLIANCE DISPOSABLES LTD,10/26/2015,86.08,Furniture and Equipment,"Catering, Food and Beverages"
Adult Social Care,ALLIANCE DISPOSABLES LTD,10/1/2015,96.53,Office Expenses,"Catering, Food and Beverages"
Central Services to the public,ALLIANCE DISPOSABLES LTD,10/1/2015,71.8,Office Expenses,"Catering, Food and Beverages"
Central Services to the public,ALLIANCE DISPOSABLES LTD,10/7/2015,29.1,Office Expenses,"Catering, Food and Beverages"
Central Support Costs,ALLIANCE DISPOSABLES LTD,10/1/2015,14.55,Office Expenses,"Catering, Food and Beverages"
Central Support Costs,ALLIANCE DISPOSABLES LTD,10/8/2015,34.36,Office Expenses,"Catering, Food and Beverages"
Adult Social Care,ALLIANCE DISPOSABLES LTD,10/14/2015,3.25,Office Expenses,"Catering, Food and Beverages"
Adult Social Care,ALLIANCE DISPOSABLES LTD,10/15/2015,24.56,Office Expenses,"Catering, Food and Beverages"
Adult Social Care,ALLIANCE DISPOSABLES LTD,10/14/2015,-3.25,Office Expenses,"Catering, Food and Beverages"
Childrens & Educational Services,ALLIANCE DISPOSABLES LTD,10/30/2015,232.81,Office Expenses,"Catering, Food and Beverages"
Childrens & Educational Services,ALLIANCE DISPOSABLES LTD,10/16/2015,-11.5,Office Expenses,"Catering, Food and Beverages"
Childrens & Educational Services,ALLIANCE DISPOSABLES LTD,10/19/2015,22.96,Printing and Photocopying,"Catering, Food and Beverages"
Childrens & Educational Services,ALMA LODGE HOTEL,10/22/2015,"1,086.64",Expenses and Allowances,Facilities / Room Hire
Childrens & Educational Services,ALMA LODGE HOTEL,10/23/2015,450,Expenses and Allowances,Facilities / Room Hire
Childrens & Educational Services,ALMA LODGE HOTEL,10/27/2015,634.99,Expenses and Allowances,Facilities / Room Hire
Childrens & Educational Services,ALMA LODGE HOTEL,10/27/2015,295.84,Office Expenses,Facilities / Room Hire
Childrens & Educational Services,ALMA LODGE HOTEL,10/27/2015,673.33,Office Expenses,Facilities / Room Hire
Childrens & Educational Services,ALMA LODGE HOTEL,10/27/2015,201.67,Office Expenses,Facilities / Room Hire
Childrens & Educational Services,ALMA LODGE HOTEL,10/27/2015,410,Office Expenses,Facilities / Room Hire
Childrens & Educational Services,ALMA LODGE HOTEL,10/22/2015,340,Office Expenses,Facilities / Room Hire
Childrens & Educational Services,ALMA LODGE HOTEL,10/23/2015,170,Office Expenses,Facilities / Room Hire
Childrens & Educational Services,ALMA LODGE HOTEL,10/27/2015,340,Office Expenses,Facilities / Room Hire
Childrens & Educational Services,ALMA LODGE HOTEL,10/8/2015,232.5,Office Expenses,Facilities / Room Hire
Childrens & Educational Services,ALMA LODGE HOTEL,10/8/2015,150.01,Office Expenses,Facilities / Room Hire
Childrens & Educational Services,ALMA LODGE HOTEL,10/26/2015,142.71,Office Expenses,Facilities / Room Hire
Childrens & Educational Services,ALMA LODGE HOTEL,10/26/2015,179.17,Office Expenses,Facilities / Room Hire
Childrens & Educational Services,ALMA LODGE HOTEL,10/26/2015,208.33,Office Expenses,Facilities / Room Hire
Childrens & Educational Services,ALMA LODGE HOTEL,10/26/2015,370.81,Office Expenses,Facilities / Room Hire
Childrens & Educational Services,ALMA LODGE HOTEL,10/26/2015,283.33,Office Expenses,Facilities / Room Hire
Childrens & Educational Services,ALMA LODGE HOTEL,10/30/2015,275.01,Office Expenses,Facilities / Room Hire
Childrens & Educational Services,ALMA LODGE HOTEL,10/30/2015,179.17,Office Expenses,Facilities / Room Hire
Childrens & Educational Services,ALMA LODGE HOTEL,10/29/2015,179.17,Office Expenses,Facilities / Room Hire
Childrens & Educational Services,ALMA LODGE HOTEL,10/29/2015,179.17,Office Expenses,Facilities / Room Hire
Childrens & Educational Services,ALMA LODGE HOTEL,10/29/2015,193.75,Office Expenses,Facilities / Room Hire
Childrens & Educational Services,ALMA LODGE HOTEL,10/29/2015,252.99,Publicity and Promotion,Facilities / Room Hire
Adult Social Care,ALMA LODGE HOTEL,10/23/2015,170.83,Rents,Facilities / Room Hire
Childrens & Educational Services,ALPHA PLUS FOSTERING SERVICE,10/7/2015,"6,300.00",Care Payments,Foster Care
Environmental & Regulatory Services,ALTIA SOLUTIONS LTD,10/12/2015,560,Information and Communications Technology,Software Supplier
Childrens & Educational Services,Alvanley Family Practice,10/13/2015,"1,000.00",Third party payments - Private/Voluntary Sector,Health Services
Central Support Costs,ALZHEIMER'S SOCIETY,10/30/2015,"4,250.00",Third party payments - Private/Voluntary Sector,Health Advice / Awareness
Central Support Costs,ALZHEIMER'S SOCIETY,10/30/2015,"4,250.00",Third party payments - Private/Voluntary Sector,Health Advice / Awareness
Central Support Costs,ALZHEIMER'S SOCIETY,10/30/2015,"4,250.00",Third party payments - Private/Voluntary Sector,Health Advice / Awareness
Adult Social Care,ANDREW BABICZ - ADMINISTRATOR,10/28/2015,"7,704.52",Fees and Charges,Professional / Consultancy Services
Adult Social Care,Angel Care Services,10/7/2015,302.4,Care Payments,Social Care Services
Adult Social Care,Angel Care Services,10/7/2015,201.6,Care Payments,Social Care Services
Adult Social Care,Angel Care Services,10/14/2015,176.4,Care Payments,Social Care Services
Adult Social Care,Angel Care Services,10/14/2015,441,Care Payments,Social Care Services
Adult Social Care,Angel Care Services,10/14/2015,"1,757.70",Care Payments,Social Care Services
Adult Social Care,Angel Care Services,10/14/2015,"1,631.70",Care Payments,Social Care Services
Adult Social Care,Angel Care Services,10/14/2015,176.4,Care Payments,Social Care Services
Adult Social Care,Angel Care Services,10/14/2015,441,Care Payments,Social Care Services
Adult Social Care,Angel Care Services,10/14/2015,"1,738.80",Care Payments,Social Care Services
Adult Social Care,Angel Care Services,10/14/2015,"1,675.80",Care Payments,Social Care Services
Adult Social Care,Angel Care Services,10/28/2015,176.4,Care Payments,Social Care Services
Adult Social Care,Angel Care Services,10/28/2015,441,Care Payments,Social Care Services
Adult Social Care,Angel Care Services,10/28/2015,"1,795.50",Care Payments,Social Care Services
Adult Social Care,Angel Care Services,10/28/2015,"1,675.80",Care Payments,Social Care Services
Adult Social Care,Angel Care Services,10/28/2015,176.4,Care Payments,Social Care Services
Adult Social Care,Angel Care Services,10/28/2015,441,Care Payments,Social Care Services
Adult Social Care,Angel Care Services,10/28/2015,"1,512.00",Care Payments,Social Care Services
Adult Social Care,Angel Care Services,10/28/2015,"1,650.60",Care Payments,Social Care Services
Childrens & Educational Services,ANGLIA DNA SERVICES LTD,10/2/2015,540,Professional Fees,Forensics / Laboratories
Planning Services,ANIXTER LTD,10/5/2015,174,Furniture and Equipment,Equipment Supplies
Capital Expenditure,ANIXTER LTD,10/19/2015,"2,370.00",Information and Communications Technology,Equipment Supplies
Capital Expenditure,ANIXTER LTD,10/27/2015,680,Information and Communications Technology,Equipment Supplies
Planning Services,ANS GROUP PLC,10/2/2015,"8,725.75",Information and Communications Technology,Communications and Technology
Planning Services,ANS GROUP PLC,10/26/2015,"3,450.00",Information and Communications Technology,Communications and Technology
Planning Services,ANS GROUP PLC,10/1/2015,"8,026.28",Information and Communications Technology,Communications and Technology
Planning Services,ANS GROUP PLC,10/26/2015,"3,450.00",Information and Communications Technology,Communications and Technology
Central Support Costs,APS Financial Ltd,10/7/2015,622.98,Fees and Charges,Financial Services
Central Support Costs,APS Financial Ltd,10/15/2015,596.55,Fees and Charges,Financial Services
Childrens & Educational Services,AQUINAS COLLEGE,10/14/2015,"5,000.00",Publicity and Promotion,Further and Higher Education
Childrens & Educational Services,AQUINAS COLLEGE,10/14/2015,"3,000.00",Publicity and Promotion,Further and Higher Education
Childrens & Educational Services,AQUINAS COLLEGE,10/14/2015,"1,000.00",Publicity and Promotion,Further and Higher Education
Cultural & Related Services,ARBORICULTURAL SERVICES TREEWORK LT,10/5/2015,"2,150.00",Repairs and Maintenance,Construction / Building Services
Cultural & Related Services,ARBORICULTURAL SERVICES TREEWORK LT,10/5/2015,350,Supplies and services,Construction / Building Services
Cultural & Related Services,ARBORICULTURAL SERVICES TREEWORK LT,10/16/2015,450,Supplies and services,Construction / Building Services
Cultural & Related Services,ARBORICULTURAL SERVICES TREEWORK LT,10/19/2015,605,Supplies and services,Construction / Building Services
Adult Social Care,ARCO MANCHESTER LTD,10/27/2015,14.3,Clothing Uniforms and Laundry,"Clothing, Workwear and Safety Equipment"
Adult Social Care,ARCO MANCHESTER LTD,10/29/2015,55.34,Clothing Uniforms and Laundry,"Clothing, Workwear and Safety Equipment"
Adult Social Care,ARCO MANCHESTER LTD,10/30/2015,12.4,Clothing Uniforms and Laundry,"Clothing, Workwear and Safety Equipment"
Environmental & Regulatory Services,ARCO MANCHESTER LTD,10/26/2015,129.71,Clothing Uniforms and Laundry,"Clothing, Workwear and Safety Equipment"
Environmental & Regulatory Services,ARCO MANCHESTER LTD,10/27/2015,15.46,Clothing Uniforms and Laundry,"Clothing, Workwear and Safety Equipment"
Environmental & Regulatory Services,ARCO MANCHESTER LTD,10/29/2015,37.92,Clothing Uniforms and Laundry,"Clothing, Workwear and Safety Equipment"
Highways & Transport Services,ARCO MANCHESTER LTD,10/30/2015,21.48,Clothing Uniforms and Laundry,"Clothing, Workwear and Safety Equipment"
Highways & Transport Services,ARCO MANCHESTER LTD,10/30/2015,135.92,Clothing Uniforms and Laundry,"Clothing, Workwear and Safety Equipment"
Highways & Transport Services,ARCO MANCHESTER LTD,10/20/2015,57.22,Clothing Uniforms and Laundry,"Clothing, Workwear and Safety Equipment"
Highways & Transport Services,ARCO MANCHESTER LTD,10/20/2015,-21.48,Clothing Uniforms and Laundry,"Clothing, Workwear and Safety Equipment"
Planning Services,ARCO MANCHESTER LTD,10/20/2015,-86.66,Clothing Uniforms and Laundry,"Clothing, Workwear and Safety Equipment"
Planning Services,ARCO MANCHESTER LTD,10/8/2015,29.14,Furniture and Equipment,"Clothing, Workwear and Safety Equipment"
Environmental & Regulatory Services,ARCO MANCHESTER LTD,10/13/2015,3.79,Furniture and Equipment,"Clothing, Workwear and Safety Equipment"
Highways & Transport Services,ARCO MANCHESTER LTD,10/20/2015,59.99,Grounds Maintenance,"Clothing, Workwear and Safety Equipment"
Highways & Transport Services,ARCO MANCHESTER LTD,10/20/2015,82.2,Grounds Maintenance,"Clothing, Workwear and Safety Equipment"
Adult Social Care,Ark Home Healthcare Ltd,10/22/2015,"1,432.13",Care Payments,Social Care Services
Adult Social Care,Ark Home Healthcare Ltd,10/28/2015,"1,438.89",Care Payments,Social Care Services
Capital Expenditure,ASBESTOS BUSINESS CONTRACTORS LTD,10/5/2015,"1,200.00",Capital Expenditure - Works,Construction / Building Services
Capital Expenditure,ASBESTOS BUSINESS CONTRACTORS LTD,10/12/2015,"4,400.00",Capital Expenditure - Works,Construction / Building Services
Capital Expenditure,ASBESTOS BUSINESS CONTRACTORS LTD,10/13/2015,650,Capital Expenditure - Works,Construction / Building Services
Capital Expenditure,ASBESTOS BUSINESS CONTRACTORS LTD,10/21/2015,800,Capital Expenditure - Works,Construction / Building Services
Adult Social Care,ASHBOURNE HOUSE,10/5/2015,"1,752.00",Care Payments,Social Care Services
Adult Social Care,ASHBOURNE HOUSE,10/5/2015,"8,809.53",Care Payments,Social Care Services
Adult Social Care,ASHBOURNE HOUSE,10/5/2015,"-2,212.52",Care Payments,Social Care Services
Adult Social Care,ASHBOURNE HOUSE,10/26/2015,"4,399.28",Care Payments,Social Care Services
Adult Social Care,ASHBOURNE HOUSE,10/26/2015,-456.85,Care Payments,Social Care Services
Childrens & Educational Services,Ashgate Specialist Support Primary,10/29/2015,"2,745.36",Third party payments - Public Sector,School (Other Local Authority)
Childrens & Educational Services,Ashgate Specialist Support Primary,10/19/2015,"2,745.36",Third party payments - Public Sector,School (Other Local Authority)
Childrens & Educational Services,Ashgate Specialist Support Primary,10/19/2015,"2,745.33",Third party payments - Public Sector,School (Other Local Authority)
Childrens & Educational Services,Ashgate Specialist Support Primary,10/19/2015,"2,745.33",Third party payments - Public Sector,School (Other Local Authority)
Cultural & Related Services,ASKEWS LIBRARY SERVICES LTD,10/14/2015,738.74,Library Equipment,Books / Magazines / Media
Cultural & Related Services,ASKEWS LIBRARY SERVICES LTD,10/2/2015,450.24,Library Equipment,Books / Magazines / Media
Cultural & Related Services,ASKEWS LIBRARY SERVICES LTD,10/2/2015,219.47,Library Equipment,Books / Magazines / Media
Cultural & Related Services,ASKEWS LIBRARY SERVICES LTD,10/2/2015,329.71,Library Equipment,Books / Magazines / Media
Cultural & Related Services,ASKEWS LIBRARY SERVICES LTD,10/2/2015,56.88,Library Equipment,Books / Magazines / Media
Cultural & Related Services,ASKEWS LIBRARY SERVICES LTD,10/2/2015,60.8,Library Equipment,Books / Magazines / Media
Cultural & Related Services,ASKEWS LIBRARY SERVICES LTD,10/2/2015,19.44,Library Equipment,Books / Magazines / Media
Cultural & Related Services,ASKEWS LIBRARY SERVICES LTD,10/2/2015,29.02,Library Equipment,Books / Magazines / Media
Cultural & Related Services,ASKEWS LIBRARY SERVICES LTD,10/2/2015,27.28,Library Equipment,Books / Magazines / Media
Cultural & Related Services,ASKEWS LIBRARY SERVICES LTD,10/2/2015,18.14,Library Equipment,Books / Magazines / Media
Cultural & Related Services,ASKEWS LIBRARY SERVICES LTD,10/2/2015,467.57,Library Equipment,Books / Magazines / Media
Cultural & Related Services,ASKEWS LIBRARY SERVICES LTD,10/2/2015,346.4,Library Equipment,Books / Magazines / Media
Cultural & Related Services,ASKEWS LIBRARY SERVICES LTD,10/2/2015,499.8,Library Equipment,Books / Magazines / Media
Cultural & Related Services,ASKEWS LIBRARY SERVICES LTD,10/2/2015,606.95,Library Equipment,Books / Magazines / Media
Cultural & Related Services,ASKEWS LIBRARY SERVICES LTD,10/2/2015,6.82,Library Equipment,Books / Magazines / Media
Cultural & Related Services,ASKEWS LIBRARY SERVICES LTD,10/6/2015,472.09,Library Equipment,Books / Magazines / Media
Cultural & Related Services,ASKEWS LIBRARY SERVICES LTD,10/6/2015,291.78,Library Equipment,Books / Magazines / Media
Cultural & Related Services,ASKEWS LIBRARY SERVICES LTD,10/5/2015,301.97,Library Equipment,Books / Magazines / Media
Cultural & Related Services,ASKEWS LIBRARY SERVICES LTD,10/6/2015,331.39,Library Equipment,Books / Magazines / Media
Cultural & Related Services,ASKEWS LIBRARY SERVICES LTD,10/8/2015,225.4,Library Equipment,Books / Magazines / Media
Cultural & Related Services,ASKEWS LIBRARY SERVICES LTD,10/9/2015,31.48,Library Equipment,Books / Magazines / Media
Cultural & Related Services,ASKEWS LIBRARY SERVICES LTD,10/9/2015,96.36,Library Equipment,Books / Magazines / Media
Cultural & Related Services,ASKEWS LIBRARY SERVICES LTD,10/9/2015,60.25,Library Equipment,Books / Magazines / Media
Cultural & Related Services,ASKEWS LIBRARY SERVICES LTD,10/9/2015,510.12,Library Equipment,Books / Magazines / Media
Cultural & Related Services,ASKEWS LIBRARY SERVICES LTD,10/9/2015,603.18,Library Equipment,Books / Magazines / Media
Cultural & Related Services,ASKEWS LIBRARY SERVICES LTD,10/9/2015,478.09,Library Equipment,Books / Magazines / Media
Cultural & Related Services,ASKEWS LIBRARY SERVICES LTD,10/9/2015,385.14,Library Equipment,Books / Magazines / Media
Cultural & Related Services,ASKEWS LIBRARY SERVICES LTD,10/9/2015,446.07,Library Equipment,Books / Magazines / Media
Cultural & Related Services,ASKEWS LIBRARY SERVICES LTD,10/9/2015,629.93,Library Equipment,Books / Magazines / Media
Cultural & Related Services,ASKEWS LIBRARY SERVICES LTD,10/9/2015,12.04,Library Equipment,Books / Magazines / Media
Cultural & Related Services,ASKEWS LIBRARY SERVICES LTD,10/9/2015,229.38,Library Equipment,Books / Magazines / Media
Cultural & Related Services,ASKEWS LIBRARY SERVICES LTD,10/9/2015,512.85,Library Equipment,Books / Magazines / Media
Cultural & Related Services,ASKEWS LIBRARY SERVICES LTD,10/9/2015,140.48,Library Equipment,Books / Magazines / Media
Cultural & Related Services,ASKEWS LIBRARY SERVICES LTD,10/9/2015,542.58,Library Equipment,Books / Magazines / Media
Cultural & Related Services,ASKEWS LIBRARY SERVICES LTD,10/13/2015,133,Library Equipment,Books / Magazines / Media
Cultural & Related Services,ASKEWS LIBRARY SERVICES LTD,10/13/2015,72.3,Library Equipment,Books / Magazines / Media
Cultural & Related Services,ASKEWS LIBRARY SERVICES LTD,10/13/2015,358.63,Library Equipment,Books / Magazines / Media
Cultural & Related Services,ASKEWS LIBRARY SERVICES LTD,10/13/2015,453.44,Library Equipment,Books / Magazines / Media
Cultural & Related Services,ASKEWS LIBRARY SERVICES LTD,10/15/2015,69,Library Equipment,Books / Magazines / Media
Cultural & Related Services,ASKEWS LIBRARY SERVICES LTD,10/15/2015,49.35,Library Equipment,Books / Magazines / Media
Cultural & Related Services,ASKEWS LIBRARY SERVICES LTD,10/13/2015,356.19,Library Equipment,Books / Magazines / Media
Cultural & Related Services,ASKEWS LIBRARY SERVICES LTD,10/13/2015,29.9,Library Equipment,Books / Magazines / Media
Cultural & Related Services,ASKEWS LIBRARY SERVICES LTD,10/13/2015,558.59,Library Equipment,Books / Magazines / Media
Cultural & Related Services,ASKEWS LIBRARY SERVICES LTD,10/16/2015,102.2,Library Equipment,Books / Magazines / Media
Cultural & Related Services,ASKEWS LIBRARY SERVICES LTD,10/16/2015,69.8,Library Equipment,Books / Magazines / Media
Cultural & Related Services,ASKEWS LIBRARY SERVICES LTD,10/16/2015,28,Library Equipment,Books / Magazines / Media
Cultural & Related Services,ASKEWS LIBRARY SERVICES LTD,10/16/2015,429.73,Library Equipment,Books / Magazines / Media
Cultural & Related Services,ASKEWS LIBRARY SERVICES LTD,10/16/2015,415.57,Library Equipment,Books / Magazines / Media
Cultural & Related Services,ASKEWS LIBRARY SERVICES LTD,10/16/2015,523.91,Library Equipment,Books / Magazines / Media
Cultural & Related Services,ASKEWS LIBRARY SERVICES LTD,10/16/2015,244.09,Library Equipment,Books / Magazines / Media
Cultural & Related Services,ASKEWS LIBRARY SERVICES LTD,10/20/2015,11.59,Library Equipment,Books / Magazines / Media
Cultural & Related Services,ASKEWS LIBRARY SERVICES LTD,10/20/2015,11.46,Library Equipment,Books / Magazines / Media
Cultural & Related Services,ASKEWS LIBRARY SERVICES LTD,10/20/2015,114.6,Library Equipment,Books / Magazines / Media
Cultural & Related Services,ASKEWS LIBRARY SERVICES LTD,10/20/2015,172.35,Library Equipment,Books / Magazines / Media
Cultural & Related Services,ASKEWS LIBRARY SERVICES LTD,10/20/2015,53.55,Library Equipment,Books / Magazines / Media
Cultural & Related Services,ASKEWS LIBRARY SERVICES LTD,10/20/2015,466.75,Library Equipment,Books / Magazines / Media
Cultural & Related Services,ASKEWS LIBRARY SERVICES LTD,10/20/2015,545.99,Library Equipment,Books / Magazines / Media
Cultural & Related Services,ASKEWS LIBRARY SERVICES LTD,10/23/2015,546.5,Library Equipment,Books / Magazines / Media
Cultural & Related Services,ASKEWS LIBRARY SERVICES LTD,10/23/2015,45.72,Library Equipment,Books / Magazines / Media
Cultural & Related Services,ASKEWS LIBRARY SERVICES LTD,10/23/2015,431.81,Library Equipment,Books / Magazines / Media
Cultural & Related Services,ASKEWS LIBRARY SERVICES LTD,10/23/2015,186.1,Library Equipment,Books / Magazines / Media
Cultural & Related Services,ASKEWS LIBRARY SERVICES LTD,10/23/2015,6.44,Library Equipment,Books / Magazines / Media
Cultural & Related Services,ASKEWS LIBRARY SERVICES LTD,10/23/2015,337.49,Library Equipment,Books / Magazines / Media
Cultural & Related Services,ASKEWS LIBRARY SERVICES LTD,10/23/2015,517.3,Library Equipment,Books / Magazines / Media
Cultural & Related Services,ASKEWS LIBRARY SERVICES LTD,10/23/2015,428.66,Library Equipment,Books / Magazines / Media
Cultural & Related Services,ASKEWS LIBRARY SERVICES LTD,10/23/2015,300.91,Library Equipment,Books / Magazines / Media
Cultural & Related Services,ASKEWS LIBRARY SERVICES LTD,10/23/2015,231.6,Library Equipment,Books / Magazines / Media
Cultural & Related Services,ASKEWS LIBRARY SERVICES LTD,10/23/2015,118,Library Equipment,Books / Magazines / Media
Cultural & Related Services,ASKEWS LIBRARY SERVICES LTD,10/23/2015,364.68,Library Equipment,Books / Magazines / Media
Cultural & Related Services,ASKEWS LIBRARY SERVICES LTD,10/23/2015,351.2,Library Equipment,Books / Magazines / Media
Cultural & Related Services,ASKEWS LIBRARY SERVICES LTD,10/23/2015,89.71,Library Equipment,Books / Magazines / Media
Cultural & Related Services,ASKEWS LIBRARY SERVICES LTD,10/30/2015,132.96,Library Equipment,Books / Magazines / Media
Cultural & Related Services,ASKEWS LIBRARY SERVICES LTD,10/30/2015,493.14,Library Equipment,Books / Magazines / Media
Cultural & Related Services,ASKEWS LIBRARY SERVICES LTD,10/30/2015,190.39,Library Equipment,Books / Magazines / Media
Cultural & Related Services,ASKEWS LIBRARY SERVICES LTD,10/30/2015,29.9,Library Equipment,Books / Magazines / Media
Cultural & Related Services,ASKEWS LIBRARY SERVICES LTD,10/30/2015,406.5,Library Equipment,Books / Magazines / Media
Cultural & Related Services,ASKEWS LIBRARY SERVICES LTD,10/30/2015,604.9,Library Equipment,Books / Magazines / Media
Cultural & Related Services,ASKEWS LIBRARY SERVICES LTD,10/30/2015,145.45,Library Equipment,Books / Magazines / Media
Cultural & Related Services,ASKEWS LIBRARY SERVICES LTD,10/30/2015,215.55,Library Equipment,Books / Magazines / Media
Cultural & Related Services,ASKEWS LIBRARY SERVICES LTD,10/30/2015,388.54,Library Equipment,Books / Magazines / Media
Cultural & Related Services,ASKEWS LIBRARY SERVICES LTD,10/30/2015,490.45,Library Equipment,Books / Magazines / Media
Cultural & Related Services,ASKEWS LIBRARY SERVICES LTD,10/27/2015,137.8,Library Equipment,Books / Magazines / Media
Cultural & Related Services,ASKEWS LIBRARY SERVICES LTD,10/27/2015,106.07,Library Equipment,Books / Magazines / Media
Cultural & Related Services,ASKEWS LIBRARY SERVICES LTD,10/27/2015,35.2,Library Equipment,Books / Magazines / Media
Cultural & Related Services,ASKEWS LIBRARY SERVICES LTD,10/14/2015,0.6,Library Equipment,Books / Magazines / Media
Cultural & Related Services,ASKEWS LIBRARY SERVICES LTD,10/30/2015,49.72,Library Equipment,Books / Magazines / Media
Cultural & Related Services,ASKEWS LIBRARY SERVICES LTD,10/27/2015,209.3,Library Equipment,Books / Magazines / Media
Cultural & Related Services,ASKEWS LIBRARY SERVICES LTD,10/27/2015,392.2,Library Equipment,Books / Magazines / Media
Cultural & Related Services,ASKEWS LIBRARY SERVICES LTD,10/27/2015,507.55,Library Equipment,Books / Magazines / Media
Cultural & Related Services,ASKEWS LIBRARY SERVICES LTD,10/28/2015,103,Library Equipment,Books / Magazines / Media
Cultural & Related Services,ASKEWS LIBRARY SERVICES LTD,10/28/2015,83.76,Library Equipment,Books / Magazines / Media
Adult Social Care,Assistive Partner Ltd,10/5/2015,285,Furniture and Equipment,Software Supplier
Adult Social Care,Assistive Partner Ltd,10/5/2015,285,Furniture and Equipment,Software Supplier
Adult Social Care,Assistive Partner Ltd,10/28/2015,285,Furniture and Equipment,Software Supplier
Adult Social Care,Assistive Partner Ltd,10/28/2015,"1,500.00",Furniture and Equipment,Software Supplier
Adult Social Care,ASSURED CARE (STOCKPORT) LTD,10/9/2015,252,Care Payments,Social Care Services
Adult Social Care,ASSURED CARE (STOCKPORT) LTD,10/9/2015,428.4,Care Payments,Social Care Services
Adult Social Care,ASSURED CARE (STOCKPORT) LTD,10/9/2015,88.2,Care Payments,Social Care Services
Adult Social Care,ASSURED CARE (STOCKPORT) LTD,10/9/2015,537.84,Care Payments,Social Care Services
Adult Social Care,ASSURED CARE (STOCKPORT) LTD,10/14/2015,40.95,Care Payments,Social Care Services
Adult Social Care,ASSURED CARE (STOCKPORT) LTD,10/14/2015,658.35,Care Payments,Social Care Services
Adult Social Care,ASSURED CARE (STOCKPORT) LTD,10/14/2015,"2,973.60",Care Payments,Social Care Services
Adult Social Care,ASSURED CARE (STOCKPORT) LTD,10/14/2015,"10,930.50",Care Payments,Social Care Services
Adult Social Care,ASSURED CARE (STOCKPORT) LTD,10/14/2015,"2,545.20",Care Payments,Social Care Services
Adult Social Care,ASSURED CARE (STOCKPORT) LTD,10/14/2015,12.6,Care Payments,Social Care Services
Adult Social Care,ASSURED CARE (STOCKPORT) LTD,10/14/2015,636.3,Care Payments,Social Care Services
Adult Social Care,ASSURED CARE (STOCKPORT) LTD,10/14/2015,"2,699.55",Care Payments,Social Care Services
Adult Social Care,ASSURED CARE (STOCKPORT) LTD,10/14/2015,"10,861.20",Care Payments,Social Care Services
Adult Social Care,ASSURED CARE (STOCKPORT) LTD,10/14/2015,"2,510.55",Care Payments,Social Care Services
Adult Social Care,ASSURED CARE (STOCKPORT) LTD,10/28/2015,44.1,Care Payments,Social Care Services
Adult Social Care,ASSURED CARE (STOCKPORT) LTD,10/28/2015,661.5,Care Payments,Social Care Services
Adult Social Care,ASSURED CARE (STOCKPORT) LTD,10/28/2015,"2,822.40",Care Payments,Social Care Services
Adult Social Care,ASSURED CARE (STOCKPORT) LTD,10/28/2015,"10,798.20",Care Payments,Social Care Services
Adult Social Care,ASSURED CARE (STOCKPORT) LTD,10/28/2015,"2,611.35",Care Payments,Social Care Services
Adult Social Care,ASSURED CARE (STOCKPORT) LTD,10/28/2015,44.1,Care Payments,Social Care Services
Adult Social Care,ASSURED CARE (STOCKPORT) LTD,10/28/2015,636.3,Care Payments,Social Care Services
Adult Social Care,ASSURED CARE (STOCKPORT) LTD,10/28/2015,"2,957.85",Care Payments,Social Care Services
Adult Social Care,ASSURED CARE (STOCKPORT) LTD,10/28/2015,"10,990.35",Care Payments,Social Care Services
Adult Social Care,ASSURED CARE (STOCKPORT) LTD,10/28/2015,"2,658.60",Care Payments,Social Care Services
Highways & Transport Services,ATKINS LIMITED,10/15/2015,"4,588.00",Professional Fees,Engineering Services
Highways & Transport Services,ATKINS LIMITED,10/15/2015,"4,998.75",Professional Fees,Engineering Services
Highways & Transport Services,ATKINS LIMITED,10/15/2015,"-4,998.75",Professional Fees,Engineering Services
Highways & Transport Services,ATKINS LIMITED,10/15/2015,"-4,588.00",Professional Fees,Engineering Services
Highways & Transport Services,ATKINS LIMITED,10/15/2015,"4,588.00",Professional Fees,Engineering Services
Capital Expenditure,ATKINS LTD,10/6/2015,"1,120.00",Professional Fees,Engineering Services
Capital Expenditure,ATKINS LTD,10/9/2015,"8,876.25",Professional Fees,Engineering Services
Capital Expenditure,ATKINS LTD,10/13/2015,"1,845.00",Professional Fees,Engineering Services
Capital Expenditure,ATKINS LTD,10/19/2015,"2,545.00",Professional Fees,Engineering Services
Capital Expenditure,ATKINS LTD,10/21/2015,"5,011.80",Professional Fees,Engineering Services
Capital Expenditure,ATKINS LTD,10/13/2015,"4,963.50",Professional Fees,Engineering Services
Capital Expenditure,ATKINS LTD,10/23/2015,969.89,Professional Fees,Engineering Services
Capital Expenditure,ATKINS LTD,10/6/2015,"8,440.62",Professional Fees,Engineering Services
Corporate & Democratic Core,AUSTIN NEVES MCGI,10/20/2015,"4,480.00",Furniture and Equipment,Furniture and Furnishings
Childrens & Educational Services,AUTISTIC SOCIETY GREATER MANCHESTER,10/23/2015,"4,320.00",Publicity and Promotion,Disability Support
Capital Expenditure,AUTUMN (UK) LTD,10/8/2015,"7,238.00",Capital Expenditure - Works,Construction / Building Services
Capital Expenditure,AUTUMN (UK) LTD,10/23/2015,"3,121.00",Capital Expenditure - Works,Construction / Building Services
Capital Expenditure,AUTUMN (UK) LTD,10/22/2015,"3,853.00",Capital Expenditure - Works,Construction / Building Services
Capital Expenditure,AUTUMN (UK) LTD,10/22/2015,"3,344.00",Capital Expenditure - Works,Construction / Building Services
Capital Expenditure,AUTUMN (UK) LTD,10/22/2015,"5,878.00",Capital Expenditure - Works,Construction / Building Services
Planning Services,AV PARTS MASTER,10/19/2015,391.48,Furniture and Equipment,ICT Supplies
Planning Services,AV PARTS MASTER,10/19/2015,76.14,Furniture and Equipment,ICT Supplies
Planning Services,AV PARTS MASTER,10/14/2015,187.3,Furniture and Equipment,ICT Supplies
Planning Services,AV PARTS MASTER,10/20/2015,10,Furniture and Equipment,ICT Supplies
Planning Services,AV PARTS MASTER,10/23/2015,231.96,Furniture and Equipment,ICT Supplies
Capital Expenditure,B4BOX LTD,10/8/2015,605,Capital Expenditure - Works,Construction / Building Services
Capital Expenditure,B4BOX LTD,10/13/2015,"1,791.05",Capital Expenditure - Works,Construction / Building Services
Capital Expenditure,B4BOX LTD,10/13/2015,"1,791.05",Capital Expenditure - Works,Construction / Building Services
Capital Expenditure,B4BOX LTD,10/13/2015,"1,791.05",Capital Expenditure - Works,Construction / Building Services
Capital Expenditure,B4BOX LTD,10/13/2015,"1,791.05",Capital Expenditure - Works,Construction / Building Services
Capital Expenditure,B4BOX LTD,10/13/2015,935,Capital Expenditure - Works,Construction / Building Services
Capital Expenditure,B4BOX LTD,10/13/2015,"1,999.30",Capital Expenditure - Works,Construction / Building Services
Capital Expenditure,B4BOX LTD,10/13/2015,"1,988.16",Capital Expenditure - Works,Construction / Building Services
Capital Expenditure,B4BOX LTD,10/13/2015,"2,022.90",Capital Expenditure - Works,Construction / Building Services
Capital Expenditure,B4BOX LTD,10/14/2015,"1,988.16",Capital Expenditure - Works,Construction / Building Services
Capital Expenditure,B4BOX LTD,10/13/2015,"2,340.39",Capital Expenditure - Works,Construction / Building Services
Capital Expenditure,B4BOX LTD,10/13/2015,"1,983.94",Capital Expenditure - Works,Construction / Building Services
Capital Expenditure,B4BOX LTD,10/13/2015,"1,791.05",Capital Expenditure - Works,Construction / Building Services
Capital Expenditure,B4BOX LTD,10/13/2015,"1,791.05",Capital Expenditure - Works,Construction / Building Services
Capital Expenditure,B4BOX LTD,10/13/2015,"1,791.05",Capital Expenditure - Works,Construction / Building Services
Capital Expenditure,B4BOX LTD,10/13/2015,"1,791.05",Capital Expenditure - Works,Construction / Building Services
Capital Expenditure,B4BOX LTD,10/13/2015,"1,791.05",Capital Expenditure - Works,Construction / Building Services
Capital Expenditure,B4BOX LTD,10/13/2015,175,Capital Expenditure - Works,Construction / Building Services
Capital Expenditure,B4BOX LTD,10/13/2015,"2,038.19",Capital Expenditure - Works,Construction / Building Services
Capital Expenditure,B4BOX LTD,10/13/2015,"3,375.12",Capital Expenditure - Works,Construction / Building Services
Capital Expenditure,B4BOX LTD,10/13/2015,"2,048.46",Capital Expenditure - Works,Construction / Building Services
Capital Expenditure,B4BOX LTD,10/13/2015,"2,271.27",Capital Expenditure - Works,Construction / Building Services
Capital Expenditure,B4BOX LTD,10/13/2015,"2,068.61",Capital Expenditure - Works,Construction / Building Services
Capital Expenditure,B4BOX LTD,10/13/2015,"2,340.39",Capital Expenditure - Works,Construction / Building Services
Capital Expenditure,B4BOX LTD,10/22/2015,212.5,Capital Expenditure - Works,Construction / Building Services
Capital Expenditure,B4BOX LTD,10/22/2015,212.5,Capital Expenditure - Works,Construction / Building Services
Capital Expenditure,B4BOX LTD,10/22/2015,212.5,Capital Expenditure - Works,Construction / Building Services
Capital Expenditure,B4BOX LTD,10/22/2015,401.46,Capital Expenditure - Works,Construction / Building Services
Capital Expenditure,B4BOX LTD,10/22/2015,253.18,Capital Expenditure - Works,Construction / Building Services
Capital Expenditure,B4BOX LTD,10/22/2015,54,Capital Expenditure - Works,Construction / Building Services
Capital Expenditure,B4BOX LTD,10/22/2015,266.5,Capital Expenditure - Works,Construction / Building Services
Capital Expenditure,B4BOX LTD,10/22/2015,341.7,Capital Expenditure - Works,Construction / Building Services
Capital Expenditure,B4BOX LTD,10/22/2015,47.76,Capital Expenditure - Works,Construction / Building Services
Capital Expenditure,B4BOX LTD,10/22/2015,212.5,Capital Expenditure - Works,Construction / Building Services
Capital Expenditure,B4BOX LTD,10/22/2015,47.76,Capital Expenditure - Works,Construction / Building Services
Capital Expenditure,B4BOX LTD,10/22/2015,150.48,Capital Expenditure - Works,Construction / Building Services
Capital Expenditure,B4BOX LTD,10/27/2015,58,Capital Expenditure - Works,Construction / Building Services
Capital Expenditure,B4BOX LTD,10/27/2015,"2,568.23",Capital Expenditure - Works,Construction / Building Services
Capital Expenditure,B4BOX LTD,10/27/2015,175,Capital Expenditure - Works,Construction / Building Services
Capital Expenditure,B4BOX LTD,10/27/2015,"2,213.19",Capital Expenditure - Works,Construction / Building Services
Capital Expenditure,B4BOX LTD,10/27/2015,"2,042.38",Capital Expenditure - Works,Construction / Building Services
Capital Expenditure,B4BOX LTD,10/27/2015,"2,094.67",Capital Expenditure - Works,Construction / Building Services
Capital Expenditure,B4BOX LTD,10/27/2015,175,Capital Expenditure - Works,Construction / Building Services
Capital Expenditure,B4BOX LTD,10/27/2015,"2,504.74",Capital Expenditure - Works,Construction / Building Services
Capital Expenditure,B4BOX LTD,10/27/2015,"2,310.17",Capital Expenditure - Works,Construction / Building Services
Capital Expenditure,B4BOX LTD,10/27/2015,"2,046.86",Capital Expenditure - Works,Construction / Building Services
Capital Expenditure,B4BOX LTD,10/27/2015,"2,306.16",Capital Expenditure - Works,Construction / Building Services
Capital Expenditure,B4BOX LTD,10/28/2015,"1,858.16",Capital Expenditure - Works,Construction / Building Services
Capital Expenditure,B4BOX LTD,10/28/2015,"1,791.05",Capital Expenditure - Works,Construction / Building Services
Capital Expenditure,B4BOX LTD,10/28/2015,455.85,Capital Expenditure - Works,Construction / Building Services
Capital Expenditure,B4BOX LTD,10/28/2015,"1,858.16",Capital Expenditure - Works,Construction / Building Services
Capital Expenditure,B4BOX LTD,10/28/2015,"1,858.16",Capital Expenditure - Works,Construction / Building Services
Capital Expenditure,B4BOX LTD,10/28/2015,58,Capital Expenditure - Works,Construction / Building Services
Capital Expenditure,B4BOX LTD,10/28/2015,"2,046.86",Capital Expenditure - Works,Construction / Building Services
Capital Expenditure,B4BOX LTD,10/28/2015,"2,465.14",Capital Expenditure - Works,Construction / Building Services
Capital Expenditure,B4BOX LTD,10/28/2015,"2,242.33",Capital Expenditure - Works,Construction / Building Services
Capital Expenditure,B4BOX LTD,10/28/2015,"2,048.46",Capital Expenditure - Works,Construction / Building Services
Capital Expenditure,B4BOX LTD,10/28/2015,"2,046.86",Capital Expenditure - Works,Construction / Building Services
Capital Expenditure,B4BOX LTD,10/28/2015,"2,046.86",Capital Expenditure - Works,Construction / Building Services
Capital Expenditure,B4BOX LTD,10/28/2015,"2,046.86",Capital Expenditure - Works,Construction / Building Services
Capital Expenditure,B4BOX LTD,10/28/2015,"1,991.86",Capital Expenditure - Works,Construction / Building Services
Capital Expenditure,B4BOX LTD,10/28/2015,"2,269.67",Capital Expenditure - Works,Construction / Building Services
Childrens & Educational Services,Babysteps Teaching and Training,10/30/2015,700,Fees and Charges,Training Provision
Adult Social Care,BAMFORD GRANGE,10/5/2015,"1,644.00",Care Payments,Social Care Services
Adult Social Care,BAMFORD GRANGE,10/5/2015,996,Care Payments,Social Care Services
Adult Social Care,BAMFORD GRANGE,10/5/2015,"3,976.00",Care Payments,Social Care Services
Adult Social Care,BAMFORD GRANGE,10/5/2015,-348.2,Care Payments,Social Care Services
Adult Social Care,BAMFORD GRANGE,10/5/2015,"1,644.00",Care Payments,Social Care Services
Adult Social Care,BAMFORD GRANGE,10/5/2015,"1,344.00",Care Payments,Social Care Services
Adult Social Care,BAMFORD GRANGE,10/5/2015,"6,024.60",Care Payments,Social Care Services
Adult Social Care,BAMFORD GRANGE,10/5/2015,-505.2,Care Payments,Social Care Services
Adult Social Care,BAMFORD GRANGE,10/5/2015,448,Care Payments,Social Care Services
Adult Social Care,BAMFORD GRANGE,10/5/2015,"1,988.00",Care Payments,Social Care Services
Adult Social Care,BAMFORD GRANGE,10/5/2015,-505.2,Care Payments,Social Care Services
Adult Social Care,BAMFORD GRANGE,10/5/2015,"4,032.00",Care Payments,Social Care Services
Adult Social Care,BAMFORD GRANGE,10/5/2015,"1,344.00",Care Payments,Social Care Services
Adult Social Care,BAMFORD GRANGE,10/5/2015,"5,964.00",Care Payments,Social Care Services
Adult Social Care,BAMFORD GRANGE,10/5/2015,"-1,068.72",Care Payments,Social Care Services
Adult Social Care,BAMFORD GRANGE,10/5/2015,"4,480.00",Care Payments,Social Care Services
Adult Social Care,BAMFORD GRANGE,10/5/2015,"17,892.00",Care Payments,Social Care Services
Adult Social Care,BAMFORD GRANGE,10/5/2015,"-5,700.00",Care Payments,Social Care Services
Adult Social Care,BAMFORD GRANGE,10/5/2015,"2,788.00",Care Payments,Social Care Services
Adult Social Care,BAMFORD GRANGE,10/5/2015,"11,928.00",Care Payments,Social Care Services
Adult Social Care,BAMFORD GRANGE,10/5/2015,"-1,949.12",Care Payments,Social Care Services
Adult Social Care,BAMFORD GRANGE,10/5/2015,"1,424.00",Care Payments,Social Care Services
Adult Social Care,BAMFORD GRANGE,10/5/2015,"3,976.00",Care Payments,Social Care Services
Adult Social Care,BAMFORD GRANGE,10/5/2015,"-1,091.28",Care Payments,Social Care Services
Adult Social Care,BAMFORD GRANGE,10/26/2015,"2,556.00",Care Payments,Social Care Services
Adult Social Care,BAMFORD GRANGE,10/26/2015,994,Care Payments,Social Care Services
Adult Social Care,Bankhouse Nursing Home,10/5/2015,"1,668.80",Care Payments,Social Care Services
Adult Social Care,Bankhouse Nursing Home,10/5/2015,-508.08,Care Payments,Social Care Services
Adult Social Care,BARCHESTER HEALTHCARE LTD,10/5/2015,448,Care Payments,Social Care Services
Adult Social Care,BARCHESTER HEALTHCARE LTD,10/5/2015,"2,773.20",Care Payments,Social Care Services
Adult Social Care,BARCHESTER HEALTHCARE LTD,10/5/2015,"7,168.00",Care Payments,Social Care Services
Adult Social Care,BARCHESTER HEALTHCARE LTD,10/5/2015,"1,456.00",Care Payments,Social Care Services
Adult Social Care,BARCHESTER HEALTHCARE LTD,10/5/2015,"7,281.85",Care Payments,Social Care Services
Adult Social Care,BARCHESTER HEALTHCARE LTD,10/5/2015,"-3,414.40",Care Payments,Social Care Services
Adult Social Care,BARCHESTER HEALTHCARE LTD,10/5/2015,448,Care Payments,Social Care Services
Adult Social Care,BARCHESTER HEALTHCARE LTD,10/5/2015,"4,432.84",Care Payments,Social Care Services
Adult Social Care,BARCHESTER HEALTHCARE LTD,10/5/2015,-400.6,Care Payments,Social Care Services
Adult Social Care,BARCHESTER HEALTHCARE LTD,10/5/2015,"3,484.71",Care Payments,Social Care Services
Adult Social Care,BARCHESTER HEALTHCARE LTD,10/5/2015,"3,584.00",Care Payments,Social Care Services
Adult Social Care,BARCHESTER HEALTHCARE LTD,10/5/2015,"14,272.00",Care Payments,Social Care Services
Adult Social Care,BARCHESTER HEALTHCARE LTD,10/5/2015,-986.16,Care Payments,Social Care Services
Adult Social Care,BARCHESTER HEALTHCARE LTD,10/5/2015,"-4,328.96",Care Payments,Social Care Services
Adult Social Care,BARCHESTER HEALTHCARE LTD,10/5/2015,"19,736.96",Care Payments,Social Care Services
Adult Social Care,BARCHESTER HEALTHCARE LTD,10/5/2015,"8,030.74",Care Payments,Social Care Services
Adult Social Care,BARCHESTER HEALTHCARE LTD,10/5/2015,"28,256.93",Care Payments,Social Care Services
Adult Social Care,BARCHESTER HEALTHCARE LTD,10/5/2015,"-5,713.56",Care Payments,Social Care Services
Adult Social Care,BARCHESTER HEALTHCARE LTD,10/5/2015,"-6,860.60",Care Payments,Social Care Services
Adult Social Care,BARCHESTER HEALTHCARE LTD,10/5/2015,448,Care Payments,Social Care Services
Adult Social Care,BARCHESTER HEALTHCARE LTD,10/5/2015,"1,988.00",Care Payments,Social Care Services
Adult Social Care,BARCHESTER HEALTHCARE LTD,10/5/2015,-584.08,Care Payments,Social Care Services
Adult Social Care,BARCHESTER HEALTHCARE LTD,10/5/2015,"7,616.00",Care Payments,Social Care Services
Adult Social Care,BARCHESTER HEALTHCARE LTD,10/5/2015,"1,344.00",Care Payments,Social Care Services
Adult Social Care,BARCHESTER HEALTHCARE LTD,10/5/2015,"5,964.00",Care Payments,Social Care Services
Adult Social Care,BARCHESTER HEALTHCARE LTD,10/5/2015,"-1,534.36",Care Payments,Social Care Services
Adult Social Care,BARCHESTER HEALTHCARE LTD,10/5/2015,"1,344.00",Care Payments,Social Care Services
Adult Social Care,BARCHESTER HEALTHCARE LTD,10/5/2015,"3,976.00",Care Payments,Social Care Services
Adult Social Care,BARCHESTER HEALTHCARE LTD,10/5/2015,"-1,954.76",Care Payments,Social Care Services
Adult Social Care,BARCHESTER HEALTHCARE LTD,10/5/2015,"3,648.00",Care Payments,Social Care Services
Adult Social Care,BARCHESTER HEALTHCARE LTD,10/5/2015,"16,259.00",Care Payments,Social Care Services
Adult Social Care,BARCHESTER HEALTHCARE LTD,10/5/2015,"-3,883.34",Care Payments,Social Care Services
Adult Social Care,BARCHESTER HEALTHCARE LTD,10/5/2015,"3,584.00",Care Payments,Social Care Services
Adult Social Care,BARCHESTER HEALTHCARE LTD,10/5/2015,"13,604.00",Care Payments,Social Care Services
Adult Social Care,BARCHESTER HEALTHCARE LTD,10/5/2015,"-5,139.72",Care Payments,Social Care Services
Adult Social Care,BARCHESTER HEALTHCARE LTD,10/26/2015,"2,911.00",Care Payments,Social Care Services
Adult Social Care,BARCHESTER HEALTHCARE LTD,10/26/2015,355,Care Payments,Social Care Services
Adult Social Care,BARCHESTER HEALTHCARE LTD,10/26/2015,852,Care Payments,Social Care Services
Adult Social Care,Barchester Healthcare Ltd,10/5/2015,"2,140.00",Care Payments,Social Care Services
Adult Social Care,Barchester Healthcare Ltd,10/5/2015,-200,Care Payments,Social Care Services
Adult Social Care,Barchester Prestbury Beaumont,10/5/2015,"1,860.00",Care Payments,Social Care Services
Childrens & Educational Services,BARNARDOS NORTH WEST,10/7/2015,"7,600.00",Care Payments,Foster Care
Adult Social Care,BARTON BROOK NURSING HOME,10/5/2015,"1,615.32",Care Payments,Social Care Services
Capital Expenditure,BCL MANCHESTER,10/19/2015,586.66,Office Expenses,Legal Services
Capital Expenditure,BCL MANCHESTER,10/19/2015,586.66,Office Expenses,Legal Services
Capital Expenditure,BCL MANCHESTER,10/23/2015,617.2,Office Expenses,Legal Services
Corporate & Democratic Core,BCL MANCHESTER,10/23/2015,254.88,Office Expenses,Legal Services
Capital Expenditure,BCL MANCHESTER,10/9/2015,463.5,Office Expenses,Legal Services
Capital Expenditure,BCL MANCHESTER,10/28/2015,686.66,Office Expenses,Legal Services
Capital Expenditure,BCL MANCHESTER,10/28/2015,217.18,Office Expenses,Legal Services
Childrens & Educational Services,BCL MANCHESTER,10/23/2015,217.18,Office Expenses,Legal Services
Capital Expenditure,BDM NORTHWEST LTD,10/23/2015,83.27,Capital Expenditure - Works,Construction / Building Services
Capital Expenditure,BDM NORTHWEST LTD,10/8/2015,171.75,Capital Expenditure - Works,Construction / Building Services
Capital Expenditure,BDM NORTHWEST LTD,10/23/2015,"30,827.46",Capital Expenditure - Works,Construction / Building Services
Capital Expenditure,BDM NORTHWEST LTD,10/30/2015,842.74,Capital Expenditure - Works,Construction / Building Services
Capital Expenditure,BDM NORTHWEST LTD,10/30/2015,"15,029.33",Capital Expenditure - Works,Construction / Building Services
Childrens & Educational Services,BEACON COUNSELLING,10/30/2015,360,Fees and Charges,Counselling Services
Public Health,BEACON COUNSELLING,10/26/2015,"5,330.00",Supplies and services,Counselling Services
Planning Services,BECHTLE DIRECT LTD,10/27/2015,"1,404.69",Information and Communications Technology,Software Supplier
Adult Social Care,Beechwood Lodge,10/5/2015,"1,974.72",Care Payments,Social Care Services
Adult Social Care,Beechwood Lodge,10/5/2015,-240,Care Payments,Social Care Services
Adult Social Care,BERRYCROFT MANOR LTD,10/5/2015,"2,708.00",Care Payments,Social Care Services
Adult Social Care,BERRYCROFT MANOR LTD,10/5/2015,-868,Care Payments,Social Care Services
Adult Social Care,BERRYCROFT MANOR LTD,10/5/2015,"4,380.00",Care Payments,Social Care Services
Adult Social Care,BERRYCROFT MANOR LTD,10/5/2015,"-2,609.00",Care Payments,Social Care Services
Adult Social Care,BERRYCROFT MANOR LTD,10/5/2015,"22,277.14",Care Payments,Social Care Services
Adult Social Care,BERRYCROFT MANOR LTD,10/5/2015,"-12,293.36",Care Payments,Social Care Services
Adult Social Care,BERRYCROFT MANOR LTD,10/26/2015,854.29,Care Payments,Social Care Services
Adult Social Care,BERRYCROFT MANOR LTD,10/26/2015,"9,400.00",Care Payments,Social Care Services
Adult Social Care,BERRYCROFT MANOR LTD,10/26/2015,"-2,434.28",Care Payments,Social Care Services
Adult Social Care,BERRYCROFT MANOR LTD,10/26/2015,"22,475.00",Care Payments,Social Care Services
Adult Social Care,BERRYCROFT MANOR LTD,10/26/2015,"-8,215.00",Care Payments,Social Care Services
Adult Social Care,BERRYCROFT MANOR LTD,10/26/2015,"31,920.00",Care Payments,Social Care Services
Capital Expenditure,BERRYMANS LACE MAWER LLP,10/12/2015,40.1,Capital Expenditure - Works,Legal Services
Capital Expenditure,BERRYMANS LACE MAWER LLP,10/12/2015,385.4,Capital Expenditure - Works,Legal Services
Capital Expenditure,BERRYMANS LACE MAWER LLP,10/12/2015,202.4,Capital Expenditure - Works,Legal Services
Capital Expenditure,BERRYMANS LACE MAWER LLP,10/12/2015,459.6,Capital Expenditure - Works,Legal Services
Capital Expenditure,BERRYMANS LACE MAWER LLP,10/12/2015,"1,072.15",Capital Expenditure - Works,Legal Services
Capital Expenditure,BERRYMANS LACE MAWER LLP,10/12/2015,449.8,Capital Expenditure - Works,Legal Services
Capital Expenditure,BERRYMANS LACE MAWER LLP,10/12/2015,115.6,Capital Expenditure - Works,Legal Services
Capital Expenditure,BERRYMANS LACE MAWER LLP,10/12/2015,132.1,Capital Expenditure - Works,Legal Services
Capital Expenditure,BERRYMANS LACE MAWER LLP,10/12/2015,36.9,Capital Expenditure - Works,Legal Services
Capital Expenditure,BERRYMANS LACE MAWER LLP,10/12/2015,492.8,Capital Expenditure - Works,Legal Services
Capital Expenditure,BERRYMANS LACE MAWER LLP,10/12/2015,666.24,Capital Expenditure - Works,Legal Services
Capital Expenditure,BERRYMANS LACE MAWER LLP,10/19/2015,115.6,Capital Expenditure - Works,Legal Services
Capital Expenditure,BERRYMANS LACE MAWER LLP,10/19/2015,642.6,Capital Expenditure - Works,Legal Services
Capital Expenditure,BERRYMANS LACE MAWER LLP,10/19/2015,376.2,Capital Expenditure - Works,Legal Services
Capital Expenditure,BERRYMANS LACE MAWER LLP,10/19/2015,106.4,Capital Expenditure - Works,Legal Services
Capital Expenditure,BERRYMANS LACE MAWER LLP,10/15/2015,"1,121.00",Capital Expenditure - Works,Legal Services
Central Support Costs,BERRYMANS LACE MAWER LLP,10/23/2015,685,Legal Fees,Legal Services
Cultural & Related Services,BERTRAM LIBRARY SERVICES,10/13/2015,25.07,Library Equipment,Books / Magazines / Media
Cultural & Related Services,BERTRAM LIBRARY SERVICES,10/13/2015,17.08,Library Equipment,Books / Magazines / Media
Cultural & Related Services,BERTRAM LIBRARY SERVICES,10/13/2015,259.39,Library Equipment,Books / Magazines / Media
Cultural & Related Services,BERTRAM LIBRARY SERVICES,10/15/2015,561.84,Library Equipment,Books / Magazines / Media
Cultural & Related Services,BERTRAM LIBRARY SERVICES,10/13/2015,19.36,Library Equipment,Books / Magazines / Media
Cultural & Related Services,BERTRAM LIBRARY SERVICES,10/13/2015,118.48,Library Equipment,Books / Magazines / Media
Cultural & Related Services,BERTRAM LIBRARY SERVICES,10/29/2015,24.03,Library Equipment,Books / Magazines / Media
Cultural & Related Services,BERTRAM LIBRARY SERVICES,10/29/2015,47.82,Library Equipment,Books / Magazines / Media
Cultural & Related Services,BERTRAM LIBRARY SERVICES,10/30/2015,8.54,Library Equipment,Books / Magazines / Media
Childrens & Educational Services,Bespoke Language and Learning Servi,10/14/2015,"2,200.00",Professional Fees,Professional / Consultancy Services
Childrens & Educational Services,Bespoke Language and Learning Servi,10/19/2015,"2,310.00",Professional Fees,Professional / Consultancy Services
Childrens & Educational Services,Best Friends Pets,10/13/2015,"1,000.00",Third party payments - Private/Voluntary Sector,Animal Welfare
Capital Expenditure,BETHELL CONSTRUCTION LTD,10/21/2015,"127,160.87",Supplies and services,Construction / Building Services
Capital Expenditure,BETHELL CONSTRUCTION LTD,10/21/2015,"3,265.36",Supplies and services,Construction / Building Services
Adult Social Care,BIBBY FACTORS MANCHESTER LTD,10/7/2015,100.8,Care Payments,Financial Services
Adult Social Care,BIBBY FACTORS MANCHESTER LTD,10/14/2015,69.3,Care Payments,Financial Services
Adult Social Care,BIBBY FACTORS MANCHESTER LTD,10/14/2015,"1,918.35",Care Payments,Financial Services
Adult Social Care,BIBBY FACTORS MANCHESTER LTD,10/14/2015,396.9,Care Payments,Financial Services
Adult Social Care,BIBBY FACTORS MANCHESTER LTD,10/14/2015,135.45,Care Payments,Financial Services
Adult Social Care,BIBBY FACTORS MANCHESTER LTD,10/14/2015,88.2,Care Payments,Financial Services
Adult Social Care,BIBBY FACTORS MANCHESTER LTD,10/14/2015,"1,918.35",Care Payments,Financial Services
Adult Social Care,BIBBY FACTORS MANCHESTER LTD,10/14/2015,497.7,Care Payments,Financial Services
Adult Social Care,BIBBY FACTORS MANCHESTER LTD,10/14/2015,185.85,Care Payments,Financial Services
Adult Social Care,BIBBY FACTORS MANCHESTER LTD,10/28/2015,44.1,Care Payments,Financial Services
Adult Social Care,BIBBY FACTORS MANCHESTER LTD,10/28/2015,"2,126.25",Care Payments,Financial Services
Adult Social Care,BIBBY FACTORS MANCHESTER LTD,10/28/2015,466.2,Care Payments,Financial Services
Adult Social Care,BIBBY FACTORS MANCHESTER LTD,10/28/2015,201.6,Care Payments,Financial Services
Adult Social Care,BIBBY FACTORS MANCHESTER LTD,10/28/2015,53.55,Care Payments,Financial Services
Adult Social Care,BIBBY FACTORS MANCHESTER LTD,10/28/2015,"1,830.15",Care Payments,Financial Services
Adult Social Care,BIBBY FACTORS MANCHESTER LTD,10/28/2015,434.7,Care Payments,Financial Services
Adult Social Care,BIBBY FACTORS MANCHESTER LTD,10/28/2015,157.5,Care Payments,Financial Services
Adult Social Care,BIBBY FACTORS MANCHESTER LTD,10/14/2015,22.05,Care Payments,Financial Services
Adult Social Care,BIBBY FACTORS MANCHESTER LTD,10/14/2015,144.9,Care Payments,Financial Services
Adult Social Care,BIBBY FACTORS MANCHESTER LTD,10/14/2015,"2,264.85",Care Payments,Financial Services
Adult Social Care,BIBBY FACTORS MANCHESTER LTD,10/16/2015,28.35,Care Payments,Financial Services
Adult Social Care,BIBBY FACTORS MANCHESTER LTD,10/16/2015,132.3,Care Payments,Financial Services
Adult Social Care,BIBBY FACTORS MANCHESTER LTD,10/16/2015,12.6,Care Payments,Financial Services
Adult Social Care,BIBBY FACTORS MANCHESTER LTD,10/16/2015,"2,331.00",Care Payments,Financial Services
Adult Social Care,BIBBY FACTORS MANCHESTER LTD,10/28/2015,31.5,Care Payments,Financial Services
Adult Social Care,BIBBY FACTORS MANCHESTER LTD,10/28/2015,122.85,Care Payments,Financial Services
Adult Social Care,BIBBY FACTORS MANCHESTER LTD,10/28/2015,15.75,Care Payments,Financial Services
Adult Social Care,BIBBY FACTORS MANCHESTER LTD,10/28/2015,"2,252.25",Care Payments,Financial Services
Adult Social Care,BIBBY FACTORS MANCHESTER LTD,10/28/2015,28.35,Care Payments,Financial Services
Adult Social Care,BIBBY FACTORS MANCHESTER LTD,10/28/2015,144.9,Care Payments,Financial Services
Adult Social Care,BIBBY FACTORS MANCHESTER LTD,10/28/2015,12.6,Care Payments,Financial Services
Adult Social Care,BIBBY FACTORS MANCHESTER LTD,10/28/2015,"2,236.50",Care Payments,Financial Services
Childrens & Educational Services,BigDug Limited,10/1/2015,"1,148.00",Repairs and Maintenance,Equipment Supplies
Environmental & Regulatory Services,BIOBAG LTD,10/2/2015,"51,010.56",Waste Management Equipment,Waste Recycling / Disposal
Adult Social Care,Birch Court Care home,10/26/2015,"2,040.00",Care Payments,Social Care Services
Environmental & Regulatory Services,BIRTWELL & CO LTD,10/28/2015,618,Furniture and Equipment,Printing Services
Adult Social Care,BLACKPOOL FYLDE SOCIETY FOR THE DEA,10/5/2015,"1,858.92",Care Payments,Social Care Services
Adult Social Care,BLACKPOOL FYLDE SOCIETY FOR THE DEA,10/5/2015,-506.16,Care Payments,Social Care Services
Adult Social Care,BLUEBIRD CARE,10/14/2015,315,Care Payments,Social Care Services
Adult Social Care,BLUEBIRD CARE,10/14/2015,"1,678.95",Care Payments,Social Care Services
Adult Social Care,BLUEBIRD CARE,10/14/2015,"3,222.45",Care Payments,Social Care Services
Adult Social Care,BLUEBIRD CARE,10/14/2015,"2,693.25",Care Payments,Social Care Services
Adult Social Care,BLUEBIRD CARE,10/14/2015,"3,666.60",Care Payments,Social Care Services
Adult Social Care,BLUEBIRD CARE,10/14/2015,349.65,Care Payments,Social Care Services
Adult Social Care,BLUEBIRD CARE,10/14/2015,"1,675.80",Care Payments,Social Care Services
Adult Social Care,BLUEBIRD CARE,10/14/2015,"3,014.55",Care Payments,Social Care Services
Adult Social Care,BLUEBIRD CARE,10/14/2015,"2,822.40",Care Payments,Social Care Services
Adult Social Care,BLUEBIRD CARE,10/14/2015,"3,638.25",Care Payments,Social Care Services
Adult Social Care,BLUEBIRD CARE,10/20/2015,384.3,Care Payments,Social Care Services
Adult Social Care,BLUEBIRD CARE,10/20/2015,289.8,Care Payments,Social Care Services
Adult Social Care,BLUEBIRD CARE,10/20/2015,453.6,Care Payments,Social Care Services
Adult Social Care,BLUEBIRD CARE,10/20/2015,327.6,Care Payments,Social Care Services
Adult Social Care,BLUEBIRD CARE,10/20/2015,151.2,Care Payments,Social Care Services
Adult Social Care,BLUEBIRD CARE,10/28/2015,352.8,Care Payments,Social Care Services
Adult Social Care,BLUEBIRD CARE,10/28/2015,"1,817.55",Care Payments,Social Care Services
Adult Social Care,BLUEBIRD CARE,10/28/2015,"3,326.40",Care Payments,Social Care Services
Adult Social Care,BLUEBIRD CARE,10/28/2015,"2,790.90",Care Payments,Social Care Services
Adult Social Care,BLUEBIRD CARE,10/28/2015,"3,981.60",Care Payments,Social Care Services
Adult Social Care,BLUEBIRD CARE,10/28/2015,346.5,Care Payments,Social Care Services
Adult Social Care,BLUEBIRD CARE,10/28/2015,"1,691.55",Care Payments,Social Care Services
Adult Social Care,BLUEBIRD CARE,10/28/2015,"3,184.65",Care Payments,Social Care Services
Adult Social Care,BLUEBIRD CARE,10/28/2015,"2,775.15",Care Payments,Social Care Services
Adult Social Care,BLUEBIRD CARE,10/28/2015,"3,846.15",Care Payments,Social Care Services
Adult Social Care,BLUEBIRD CARE,10/16/2015,353.54,Care Payments,Social Care Services
Adult Social Care,BLUEBIRD CARE,10/26/2015,320.09,Care Payments,Social Care Services
Adult Social Care,BLUEBIRD CARE,10/20/2015,13.53,Care Payments,Social Care Services
Adult Social Care,BLUEBIRD CARE,10/20/2015,311.44,Care Payments,Social Care Services
Adult Social Care,BLUEBIRD CARE,10/20/2015,107.8,Care Payments,Social Care Services
Adult Social Care,BLUEBIRD CARE,10/20/2015,16.9,Care Payments,Social Care Services
Adult Social Care,BLUEBIRD CARE,10/20/2015,331.24,Care Payments,Social Care Services
Adult Social Care,BLUEBIRD CARE,10/20/2015,331.24,Care Payments,Social Care Services
Adult Social Care,BLUEBIRD CARE,10/20/2015,331.24,Care Payments,Social Care Services
Adult Social Care,BLUEBIRD CARE,10/20/2015,138.1,Care Payments,Social Care Services
Adult Social Care,BLUEBIRD CARE,10/20/2015,123.2,Care Payments,Social Care Services
Adult Social Care,BLUEBIRD CARE,10/27/2015,123.2,Care Payments,Social Care Services
Cultural & Related Services,Bolinda UK Limited,10/26/2015,"1,278.40",Library Equipment,Books / Magazines / Media
Childrens & Educational Services,BOND SOLON TRAINING LTD,10/21/2015,"4,320.03",Staff Training,Training Provision
Public Health,BOOTS,10/8/2015,"1,625.40",Care Payments,Pharmacy
Public Health,BOOTS,10/8/2015,221.18,Care Payments,Pharmacy
Adult Social Care,BOROUGH CARE LTD,10/5/2015,"1,784.00",Care Payments,Social Care Services
Adult Social Care,BOROUGH CARE LTD,10/5/2015,-505.2,Care Payments,Social Care Services
Adult Social Care,BOROUGH CARE LTD,10/5/2015,"5,352.00",Care Payments,Social Care Services
Adult Social Care,BOROUGH CARE LTD,10/5/2015,"-1,463.28",Care Payments,Social Care Services
Adult Social Care,BOROUGH CARE LTD,10/5/2015,"3,568.00",Care Payments,Social Care Services
Adult Social Care,BOROUGH CARE LTD,10/5/2015,"-1,005.80",Care Payments,Social Care Services
Adult Social Care,BOROUGH CARE LTD,10/5/2015,"17,084.00",Care Payments,Social Care Services
Adult Social Care,BOROUGH CARE LTD,10/5/2015,"-7,302.00",Care Payments,Social Care Services
Adult Social Care,BOROUGH CARE LTD,10/5/2015,"1,784.00",Care Payments,Social Care Services
Adult Social Care,BOROUGH CARE LTD,10/5/2015,-666.08,Care Payments,Social Care Services
Adult Social Care,BOROUGH CARE LTD,10/5/2015,"25,116.00",Care Payments,Social Care Services
Adult Social Care,BOROUGH CARE LTD,10/5/2015,"-7,634.16",Care Payments,Social Care Services
Adult Social Care,BOROUGH CARE LTD,10/5/2015,"1,784.00",Care Payments,Social Care Services
Adult Social Care,BOROUGH CARE LTD,10/5/2015,-488.56,Care Payments,Social Care Services
Adult Social Care,BOROUGH CARE LTD,10/5/2015,"10,816.00",Care Payments,Social Care Services
Adult Social Care,BOROUGH CARE LTD,10/5/2015,"-2,950.48",Care Payments,Social Care Services
Adult Social Care,BOROUGH CARE LTD,10/5/2015,"10,816.00",Care Payments,Social Care Services
Adult Social Care,BOROUGH CARE LTD,10/5/2015,"-2,683.00",Care Payments,Social Care Services
Adult Social Care,BOROUGH CARE LTD,10/5/2015,"16,355.43",Care Payments,Social Care Services
Adult Social Care,BOROUGH CARE LTD,10/5/2015,"-3,385.04",Care Payments,Social Care Services
Adult Social Care,BOROUGH CARE LTD,10/5/2015,"11,206.00",Care Payments,Social Care Services
Adult Social Care,BOROUGH CARE LTD,10/5/2015,"-2,647.76",Care Payments,Social Care Services
Adult Social Care,BOROUGH CARE LTD,10/5/2015,"11,580.57",Care Payments,Social Care Services
Adult Social Care,BOROUGH CARE LTD,10/5/2015,"-2,203.36",Care Payments,Social Care Services
Adult Social Care,BOROUGH CARE LTD,10/5/2015,"3,687.71",Care Payments,Social Care Services
Adult Social Care,BOROUGH CARE LTD,10/5/2015,"3,428.00",Care Payments,Social Care Services
Adult Social Care,BOROUGH CARE LTD,10/5/2015,-556.32,Care Payments,Social Care Services
Adult Social Care,BOROUGH CARE LTD,10/5/2015,"1,840.00",Care Payments,Social Care Services
Adult Social Care,BOROUGH CARE LTD,10/5/2015,-582.16,Care Payments,Social Care Services
Adult Social Care,BOROUGH CARE LTD,10/5/2015,"26,676.86",Care Payments,Social Care Services
Adult Social Care,BOROUGH CARE LTD,10/5/2015,"-3,582.72",Care Payments,Social Care Services
Adult Social Care,BOROUGH CARE LTD,10/5/2015,"1,784.00",Care Payments,Social Care Services
Adult Social Care,BOROUGH CARE LTD,10/5/2015,-544.88,Care Payments,Social Care Services
Adult Social Care,BOROUGH CARE LTD,10/5/2015,"1,784.00",Care Payments,Social Care Services
Adult Social Care,BOROUGH CARE LTD,10/5/2015,-454.28,Care Payments,Social Care Services
Adult Social Care,BOROUGH CARE LTD,10/5/2015,"1,784.00",Care Payments,Social Care Services
Adult Social Care,BOROUGH CARE LTD,10/5/2015,-842.72,Care Payments,Social Care Services
Adult Social Care,BOROUGH CARE LTD,10/5/2015,"22,744.00",Care Payments,Social Care Services
Adult Social Care,BOROUGH CARE LTD,10/5/2015,"-7,294.64",Care Payments,Social Care Services
Adult Social Care,BOROUGH CARE LTD,10/5/2015,"8,668.00",Care Payments,Social Care Services
Adult Social Care,BOROUGH CARE LTD,10/5/2015,"-4,043.12",Care Payments,Social Care Services
Adult Social Care,BOROUGH CARE LTD,10/5/2015,"1,784.00",Care Payments,Social Care Services
Adult Social Care,BOROUGH CARE LTD,10/5/2015,"3,568.00",Care Payments,Social Care Services
Adult Social Care,BOROUGH CARE LTD,10/5/2015,-505.2,Care Payments,Social Care Services
Adult Social Care,BOROUGH CARE LTD,10/5/2015,"1,784.00",Care Payments,Social Care Services
Adult Social Care,BOROUGH CARE LTD,10/5/2015,-459.84,Care Payments,Social Care Services
Adult Social Care,BOROUGH CARE LTD,10/5/2015,"29,436.00",Care Payments,Social Care Services
Adult Social Care,BOROUGH CARE LTD,10/5/2015,"-12,624.76",Care Payments,Social Care Services
Adult Social Care,BOROUGH CARE LTD,10/5/2015,"1,784.00",Care Payments,Social Care Services
Adult Social Care,BOROUGH CARE LTD,10/5/2015,-551.32,Care Payments,Social Care Services
Adult Social Care,BOROUGH CARE LTD,10/5/2015,"1,784.00",Care Payments,Social Care Services
Adult Social Care,BOROUGH CARE LTD,10/5/2015,-533.68,Care Payments,Social Care Services
Adult Social Care,BOROUGH CARE LTD,10/5/2015,446,Care Payments,Social Care Services
Adult Social Care,BOROUGH CARE LTD,10/5/2015,"5,464.00",Care Payments,Social Care Services
Adult Social Care,BOROUGH CARE LTD,10/5/2015,"-1,809.88",Care Payments,Social Care Services
Adult Social Care,BOROUGH CARE LTD,10/5/2015,"11,894.29",Care Payments,Social Care Services
Adult Social Care,BOROUGH CARE LTD,10/5/2015,"-2,213.32",Care Payments,Social Care Services
Adult Social Care,BOROUGH CARE LTD,10/5/2015,"1,784.00",Care Payments,Social Care Services
Adult Social Care,BOROUGH CARE LTD,10/5/2015,-637.2,Care Payments,Social Care Services
Adult Social Care,BOROUGH CARE LTD,10/5/2015,"1,840.00",Care Payments,Social Care Services
Adult Social Care,BOROUGH CARE LTD,10/5/2015,-505.2,Care Payments,Social Care Services
Adult Social Care,BOROUGH CARE LTD,10/5/2015,"1,840.00",Care Payments,Social Care Services
Adult Social Care,BOROUGH CARE LTD,10/5/2015,"5,981.43",Care Payments,Social Care Services
Adult Social Care,BOROUGH CARE LTD,10/5/2015,"-1,610.32",Care Payments,Social Care Services
Adult Social Care,BOROUGH CARE LTD,10/5/2015,"1,840.00",Care Payments,Social Care Services
Adult Social Care,BOROUGH CARE LTD,10/5/2015,-623.56,Care Payments,Social Care Services
Adult Social Care,BOROUGH CARE LTD,10/5/2015,"10,816.00",Care Payments,Social Care Services
Adult Social Care,BOROUGH CARE LTD,10/5/2015,"-4,183.40",Care Payments,Social Care Services
Adult Social Care,BOROUGH CARE LTD,10/5/2015,"15,189.14",Care Payments,Social Care Services
Adult Social Care,BOROUGH CARE LTD,10/5/2015,"-4,618.42",Care Payments,Social Care Services
Adult Social Care,BOROUGH CARE LTD,10/5/2015,"23,806.00",Care Payments,Social Care Services
Adult Social Care,BOROUGH CARE LTD,10/5/2015,"-9,608.13",Care Payments,Social Care Services
Adult Social Care,BOROUGH CARE LTD,10/5/2015,"3,624.00",Care Payments,Social Care Services
Adult Social Care,BOROUGH CARE LTD,10/5/2015,"-1,358.36",Care Payments,Social Care Services
Adult Social Care,BOROUGH CARE LTD,10/5/2015,"5,040.00",Care Payments,Social Care Services
Adult Social Care,BOROUGH CARE LTD,10/5/2015,"-2,126.64",Care Payments,Social Care Services
Adult Social Care,BOROUGH CARE LTD,10/5/2015,"9,620.00",Care Payments,Social Care Services
Adult Social Care,BOROUGH CARE LTD,10/5/2015,"-5,352.68",Care Payments,Social Care Services
Adult Social Care,BOROUGH CARE LTD,10/5/2015,"16,367.43",Care Payments,Social Care Services
Adult Social Care,BOROUGH CARE LTD,10/5/2015,"-5,860.70",Care Payments,Social Care Services
Adult Social Care,BOROUGH CARE LTD,10/7/2015,114,Care Payments,Social Care Services
Adult Social Care,BOROUGH CARE LTD,10/7/2015,456,Care Payments,Social Care Services
Adult Social Care,BOROUGH CARE LTD,10/7/2015,456,Care Payments,Social Care Services
Adult Social Care,BOROUGH CARE LTD,10/7/2015,418,Care Payments,Social Care Services
Adult Social Care,BOROUGH CARE LTD,10/7/2015,886,Care Payments,Social Care Services
Adult Social Care,BOROUGH CARE LTD,10/7/2015,228,Care Payments,Social Care Services
Adult Social Care,BOROUGH CARE LTD,10/26/2015,"3,822.86",Care Payments,Social Care Services
Adult Social Care,BOROUGH CARE LTD,10/26/2015,"1,338.00",Care Payments,Social Care Services
Adult Social Care,BOROUGH CARE LTD,10/26/2015,"2,497.14",Care Payments,Social Care Services
Adult Social Care,BOROUGH CARE LTD,10/26/2015,"1,529.14",Care Payments,Social Care Services
Adult Social Care,BOROUGH CARE LTD,10/26/2015,"3,504.29",Care Payments,Social Care Services
Adult Social Care,BOROUGH CARE LTD,10/26/2015,"4,400.00",Care Payments,Social Care Services
Adult Social Care,BOROUGH CARE LTD,10/26/2015,"-1,508.57",Care Payments,Social Care Services
Adult Social Care,BOROUGH CARE LTD,10/26/2015,77.86,Care Payments,Social Care Services
Adult Social Care,BOROUGH CARE LTD,10/26/2015,-12.14,Care Payments,Social Care Services
Adult Social Care,BOROUGH CARE LTD,10/26/2015,"1,784.00",Care Payments,Social Care Services
Adult Social Care,BOROUGH CARE LTD,10/26/2015,"2,930.86",Care Payments,Social Care Services
Adult Social Care,BOROUGH CARE LTD,10/26/2015,"4,778.57",Care Payments,Social Care Services
Adult Social Care,BOROUGH CARE LTD,10/26/2015,"3,687.71",Care Payments,Social Care Services
Adult Social Care,BOROUGH CARE LTD,10/26/2015,446,Care Payments,Social Care Services
Adult Social Care,BOROUGH CARE LTD,10/26/2015,"4,462.28",Care Payments,Social Care Services
Adult Social Care,BOROUGH CARE LTD,10/26/2015,"2,230.00",Care Payments,Social Care Services
Adult Social Care,BOROUGH CARE LTD,10/26/2015,"14,908.00",Care Payments,Social Care Services
Adult Social Care,BOROUGH CARE LTD,10/26/2015,"-4,262.29",Care Payments,Social Care Services
Adult Social Care,BOROUGH CARE LTD,10/26/2015,"68,200.71",Care Payments,Social Care Services
Adult Social Care,BOROUGH CARE LTD,10/26/2015,"33,760.00",Care Payments,Social Care Services
Adult Social Care,BOROUGH CARE LTD,10/7/2015,-570,Care Payments,Social Care Services
Adult Social Care,BOROUGH CARE LTD,10/26/2015,"-1,083.14",Care Payments,Social Care Services
Adult Social Care,BOROUGH CARE LTD,10/26/2015,657.14,Care Payments,Social Care Services
Adult Social Care,BOROUGH CARE LTD,10/20/2015,"9,360.00",Care Payments,Social Care Services
Adult Social Care,BOWERFIELD COURT,10/5/2015,448,Care Payments,Social Care Services
Adult Social Care,BOWERFIELD COURT,10/5/2015,"1,984.00",Care Payments,Social Care Services
Adult Social Care,BOWERFIELD COURT,10/5/2015,"8,520.44",Care Payments,Social Care Services
Adult Social Care,BOWERFIELD COURT,10/5/2015,-679.76,Care Payments,Social Care Services
Adult Social Care,BOWERFIELD COURT,10/5/2015,"-4,139.92",Care Payments,Social Care Services
Adult Social Care,BOWERFIELD COURT,10/26/2015,"3,152.00",Care Payments,Social Care Services
Adult Social Care,BOWERFIELD COURT,10/26/2015,332.14,Care Payments,Social Care Services
Adult Social Care,BOWERFIELD COURT,10/26/2015,"10,381.00",Care Payments,Social Care Services
Adult Social Care,BOWERFIELD COURT,10/26/2015,176,Care Payments,Social Care Services
Adult Social Care,BOWLACRE HOME,10/5/2015,"3,558.80",Care Payments,Social Care Services
Adult Social Care,BOWLACRE HOME,10/5/2015,-505.2,Care Payments,Social Care Services
Adult Social Care,BOWLACRE HOME,10/5/2015,"1,600.00",Care Payments,Social Care Services
Adult Social Care,BOWLACRE HOME,10/5/2015,-948.76,Care Payments,Social Care Services
Adult Social Care,BOWLACRE HOME,10/5/2015,"3,482.80",Care Payments,Social Care Services
Adult Social Care,BOWLACRE HOME,10/5/2015,"-2,426.20",Care Payments,Social Care Services
Adult Social Care,BRABYNS HOUSE LTD,10/5/2015,"11,984.57",Care Payments,Social Care Services
Adult Social Care,BRABYNS HOUSE LTD,10/5/2015,"-5,341.94",Care Payments,Social Care Services
Adult Social Care,BRABYNS HOUSE LTD,10/26/2015,446,Care Payments,Social Care Services
Public Health,BRACONDALE MEDICAL CENTRE,10/28/2015,569.17,Care Payments,Health Services
Public Health,BRACONDALE MEDICAL CENTRE,10/28/2015,57,Care Payments,Health Services
Public Health,BRACONDALE MEDICAL CENTRE,10/28/2015,500,Service Contract Payments,Health Services
Childrens & Educational Services,BRAMBLES FOODS LTD,10/23/2015,-91.07,Care Payments,"Catering, Food and Beverages"
Corporate & Democratic Core,BRAMBLES FOODS LTD,10/28/2015,-70,Expenses and Allowances,"Catering, Food and Beverages"
Central Support Costs,BRAMBLES FOODS LTD,10/30/2015,"1,488.21",Leasing /Transport Hire,"Catering, Food and Beverages"
Public Health,BRAMHALL HEALTH CENTRE,10/28/2015,"1,408.00",Care Payments,Health Services
Public Health,BRAMHALL HEALTH CENTRE,10/28/2015,929,Care Payments,Health Services
Adult Social Care,BRAMLEY CARPETS,10/8/2015,765,Furniture and Equipment,Furniture and Furnishings
Adult Social Care,BRIDGE CARE SERVICES LTD,10/7/2015,655.2,Care Payments,Social Care Services
Adult Social Care,BRIDGE CARE SERVICES LTD,10/7/2015,938.7,Care Payments,Social Care Services
Adult Social Care,BRIDGE CARE SERVICES LTD,10/14/2015,163.8,Care Payments,Social Care Services
Adult Social Care,BRIDGE CARE SERVICES LTD,10/14/2015,18.9,Care Payments,Social Care Services
Adult Social Care,BRIDGE CARE SERVICES LTD,10/14/2015,"2,201.85",Care Payments,Social Care Services
Adult Social Care,BRIDGE CARE SERVICES LTD,10/14/2015,"7,021.35",Care Payments,Social Care Services
Adult Social Care,BRIDGE CARE SERVICES LTD,10/14/2015,163.8,Care Payments,Social Care Services
Adult Social Care,BRIDGE CARE SERVICES LTD,10/14/2015,15.75,Care Payments,Social Care Services
Adult Social Care,BRIDGE CARE SERVICES LTD,10/14/2015,"1,984.50",Care Payments,Social Care Services
Adult Social Care,BRIDGE CARE SERVICES LTD,10/14/2015,"7,506.45",Care Payments,Social Care Services
Adult Social Care,BRIDGE CARE SERVICES LTD,10/28/2015,163.8,Care Payments,Social Care Services
Adult Social Care,BRIDGE CARE SERVICES LTD,10/28/2015,18.9,Care Payments,Social Care Services
Adult Social Care,BRIDGE CARE SERVICES LTD,10/28/2015,"2,101.05",Care Payments,Social Care Services
Adult Social Care,BRIDGE CARE SERVICES LTD,10/28/2015,"7,386.75",Care Payments,Social Care Services
Adult Social Care,BRIDGE CARE SERVICES LTD,10/28/2015,163.8,Care Payments,Social Care Services
Adult Social Care,BRIDGE CARE SERVICES LTD,10/28/2015,15.75,Care Payments,Social Care Services
Adult Social Care,BRIDGE CARE SERVICES LTD,10/28/2015,"2,211.30",Care Payments,Social Care Services
Adult Social Care,BRIDGE CARE SERVICES LTD,10/28/2015,"7,424.55",Care Payments,Social Care Services
Public Health,BRINNINGTON SURGERIES,10/12/2015,744,Care Payments,Health Services
Public Health,BRINNINGTON SURGERIES,10/28/2015,"1,707.51",Care Payments,Health Services
Public Health,BRINNINGTON SURGERIES,10/28/2015,"2,550.00",Service Contract Payments,Health Services
Adult Social Care,BRINNINGTON SURGERY,10/12/2015,"7,612.50",Care Payments,Health Services
Adult Social Care,BRINNINGTON SURGERY,10/12/2015,"2,430.78",Care Payments,Health Services
Public Health,BRINNINGTON SURGERY,10/27/2015,500,Care Payments,Health Services
Capital Expenditure,BROADLAND GROUP LTD,10/28/2015,"2,570.00",Repairs and Maintenance,Environmental Services
Capital Expenditure,BROADLAND GROUP LTD,10/5/2015,675,Repairs and Maintenance,Environmental Services
Capital Expenditure,BROADLAND GROUP LTD,10/13/2015,985,Repairs and Maintenance,Environmental Services
Capital Expenditure,BROADLAND GROUP LTD,10/13/2015,695,Repairs and Maintenance,Environmental Services
Capital Expenditure,BROADLAND GROUP LTD,10/13/2015,"1,175.00",Repairs and Maintenance,Environmental Services
Capital Expenditure,BROADLAND GROUP LTD,10/13/2015,"1,175.00",Repairs and Maintenance,Environmental Services
Capital Expenditure,BROADLAND GROUP LTD,10/13/2015,"1,175.00",Repairs and Maintenance,Environmental Services
Capital Expenditure,BROADLAND GROUP LTD,10/20/2015,675,Repairs and Maintenance,Environmental Services
Adult Social Care,BROOKVALE,10/5/2015,"11,593.80",Care Payments,Social Care Services
Adult Social Care,BROOKVALE,10/5/2015,"-1,019.00",Care Payments,Social Care Services
Adult Social Care,Brookward Consulting,10/8/2015,"2,102.73",Professional Fees,Professional / Consultancy Services
Adult Social Care,Brookward Consulting,10/26/2015,"4,390.70",Professional Fees,Professional / Consultancy Services
Adult Social Care,BROTHERS OF CHARITY MERSEYSIDE,10/9/2015,"10,669.90",Care Payments,Social Care Services
Adult Social Care,BROTHERS OF CHARITY MERSEYSIDE,10/20/2015,176.4,Care Payments,Social Care Services
Adult Social Care,BROTHERS OF CHARITY MERSEYSIDE,10/20/2015,126,Care Payments,Social Care Services
Adult Social Care,BROTHERS OF CHARITY MERSEYSIDE,10/21/2015,"1,120.00",Care Payments,Social Care Services
Childrens & Educational Services,BROWNS BOOKS,10/13/2015,107.95,Furniture and Equipment,Books / Magazines / Media
Childrens & Educational Services,BROWNS BOOKS,10/14/2015,45.6,Furniture and Equipment,Books / Magazines / Media
Childrens & Educational Services,BROWNS BOOKS,10/22/2015,319.8,Furniture and Equipment,Books / Magazines / Media
Childrens & Educational Services,BROWNS BOOKS,10/22/2015,21.13,Furniture and Equipment,Books / Magazines / Media
Childrens & Educational Services,BROWNS BOOKS,10/29/2015,24.45,Furniture and Equipment,Books / Magazines / Media
Environmental & Regulatory Services,BROWNS BOOKS,10/12/2015,44.99,Library Equipment,Books / Magazines / Media
Childrens & Educational Services,BROWNS BOOKS,10/30/2015,13.99,Office Expenses,Books / Magazines / Media
Capital Expenditure,BT PAYPHONES,10/27/2015,"2,405.00",Supplies and services,Communications and Technology
Central Support Costs,BT PLC,10/19/2015,"4,251.24",Information and Communications Technology,Communications and Technology
Cultural & Related Services,BT PLC,10/13/2015,37.86,Information and Communications Technology,Communications and Technology
Adult Social Care,BUPA CARE HOMES,10/5/2015,"1,705.28",Care Payments,Social Care Services
Adult Social Care,BUPA CARE HOMES,10/5/2015,-48,Care Payments,Social Care Services
Adult Social Care,BUPA CARE HOMES,10/5/2015,"1,816.44",Care Payments,Social Care Services
Adult Social Care,BUPA CARE HOMES,10/5/2015,-628.52,Care Payments,Social Care Services
Adult Social Care,BUPA CARE HOMES,10/5/2015,310.08,Care Payments,Social Care Services
Adult Social Care,BUPA CARE HOMES,10/26/2015,583.86,Care Payments,Social Care Services
Adult Social Care,BUPA CARE HOMES,10/26/2015,"1,984.50",Care Payments,Social Care Services
Adult Social Care,BUPA CARE SERVICES,10/5/2015,768,Care Payments,Social Care Services
Adult Social Care,BUPA CARE SERVICES,10/26/2015,192,Care Payments,Social Care Services
Adult Social Care,BUPA CARE SERVICES,10/5/2015,463.84,Care Payments,Social Care Services
Adult Social Care,BUPA CARE SERVICES,10/5/2015,"2,156.00",Care Payments,Social Care Services
Adult Social Care,BUPA CARE SERVICES,10/5/2015,-321.8,Care Payments,Social Care Services
Adult Social Care,BUPA CARE SERVICES,10/5/2015,"1,784.00",Care Payments,Social Care Services
Adult Social Care,BUPA CARE SERVICES,10/5/2015,"7,216.00",Care Payments,Social Care Services
Adult Social Care,BUPA CARE SERVICES,10/5/2015,-554.36,Care Payments,Social Care Services
Adult Social Care,BUPA CARE SERVICES,10/5/2015,"-3,840.56",Care Payments,Social Care Services
Adult Social Care,BUPA CARE SERVICES,10/5/2015,"-2,431.05",Care Payments,Social Care Services
Adult Social Care,BUPA CARE SERVICES,10/5/2015,528,Care Payments,Social Care Services
Adult Social Care,BUPA CARE SERVICES,10/5/2015,"4,509.14",Care Payments,Social Care Services
Adult Social Care,BUPA CARE SERVICES,10/26/2015,322.14,Care Payments,Social Care Services
Adult Social Care,BUPA CARE SERVICES,10/26/2015,"1,784.00",Care Payments,Social Care Services
Adult Social Care,BUPA CARE SERVICES,10/26/2015,"1,804.00",Care Payments,Social Care Services
Adult Social Care,BUPA CARE SERVICES STANDING,10/5/2015,"1,868.40",Care Payments,Social Care Services
Adult Social Care,BUPA CARE SERVICES STANDING,10/5/2015,443.56,Care Payments,Social Care Services
Adult Social Care,BUPA CARE SERVICES STANDING,10/5/2015,"1,868.40",Care Payments,Social Care Services
Adult Social Care,BUPA CARE SERVICES STANDING,10/5/2015,-759.64,Care Payments,Social Care Services
Adult Social Care,BUPA CARE SERVICES STANDING,10/5/2015,-505.2,Care Payments,Social Care Services
Adult Social Care,BUPA CARE SERVICES STANDING,10/5/2015,0.79,Care Payments,Social Care Services
Environmental & Regulatory Services,BUREAU VERITAS UK LTD,10/21/2015,"1,679.64",Fees and Charges,Environmental Services
Childrens & Educational Services,BUTTONS NURSERY,10/7/2015,600,Care Payments,Childcare Provision
Childrens & Educational Services,BUTTONS NURSERY,10/16/2015,240,Expenses and Allowances,Childcare Provision
Childrens & Educational Services,BUTTONS NURSERY,10/16/2015,240,Expenses and Allowances,Childcare Provision
Childrens & Educational Services,BY THE BRIDGE,10/7/2015,"7,462.50",Care Payments,Foster Care
Childrens & Educational Services,Cafelito,10/9/2015,"1,000.00",Third party payments - Private/Voluntary Sector,"Catering, Food and Beverages"
Adult Social Care,CAIS,10/26/2015,"2,300.00",Care Payments,Social Care Services
Adult Social Care,CAIS,10/26/2015,"1,578.57",Care Payments,Social Care Services
Adult Social Care,CAIS,10/26/2015,-88.06,Care Payments,Social Care Services
Public Health,CALE GREEN SURGERY,10/28/2015,515,Care Payments,Health Services
Capital Expenditure,CAMELOT PROPERTY MANAGEMENT LTD,10/22/2015,242.37,Professional Fees,Property Management
Capital Expenditure,CAMELOT PROPERTY MANAGEMENT LTD,10/22/2015,242.37,Professional Fees,Property Management
Capital Expenditure,CAMELOT PROPERTY MANAGEMENT LTD,10/22/2015,242.37,Professional Fees,Property Management
Capital Expenditure,CAMELOT PROPERTY MANAGEMENT LTD,10/22/2015,242.37,Professional Fees,Property Management
Housing (Revenue Account) Services,CAMELOT PROPERTY MANAGEMENT LTD,10/14/2015,358.55,Professional Fees,Property Management
Housing (Revenue Account) Services,CAMELOT PROPERTY MANAGEMENT LTD,10/20/2015,358.55,Professional Fees,Property Management
Childrens & Educational Services,CANON (UK) LTD,10/16/2015,17.12,Office Expenses,Office Equipment
Planning Services,CANON (UK) LTD,10/8/2015,"1,126.40",Office Expenses,Office Equipment
Adult Social Care,CANTERBURY CARE HOMES LTD,10/5/2015,"2,132.28",Care Payments,Social Care Services
Adult Social Care,CANTERBURY CARE HOMES LTD,10/5/2015,-400,Care Payments,Social Care Services
Central Support Costs,CAPITA TREASURY SOLUTIONS LTD,10/5/2015,250,Staff Training,Financial Services
Childrens & Educational Services,CAPSTONE FOSTER CARE,10/7/2015,"4,599.45",Care Payments,Foster Care
Adult Social Care,Care 24,10/7/2015,201.6,Care Payments,Social Care Services
Adult Social Care,Care 24,10/14/2015,352.8,Care Payments,Social Care Services
Adult Social Care,Care 24,10/14/2015,"2,592.45",Care Payments,Social Care Services
Adult Social Care,Care 24,10/14/2015,"2,923.20",Care Payments,Social Care Services
Adult Social Care,Care 24,10/14/2015,94.5,Care Payments,Social Care Services
Adult Social Care,Care 24,10/14/2015,"2,583.00",Care Payments,Social Care Services
Adult Social Care,Care 24,10/14/2015,"2,853.90",Care Payments,Social Care Services
Adult Social Care,Care 24,10/14/2015,132.3,Care Payments,Social Care Services
Adult Social Care,Care 24,10/28/2015,"2,608.20",Care Payments,Social Care Services
Adult Social Care,Care 24,10/28/2015,"2,542.05",Care Payments,Social Care Services
Adult Social Care,Care 24,10/28/2015,132.3,Care Payments,Social Care Services
Adult Social Care,Care 24,10/28/2015,"2,053.80",Care Payments,Social Care Services
Adult Social Care,Care 24,10/28/2015,"2,731.05",Care Payments,Social Care Services
Adult Social Care,Care 24,10/28/2015,132.3,Care Payments,Social Care Services
Adult Social Care,Care at Home (Wales) in Administrat,10/5/2015,"1,910.84",Care Payments,Social Care Services
Adult Social Care,Care at Home (Wales) in Administrat,10/5/2015,"-1,022.44",Care Payments,Social Care Services
Childrens & Educational Services,CARE HAVEN (UK) T/A PENARTH HOUSE,10/7/2015,"9,750.00",Care Payments,Childcare Provision
Adult Social Care,CARE MONITORING 2000 LTD,10/7/2015,"11,127.05",Information and Communications Technology,Communications and Technology
Adult Social Care,CARE NEEDS LTD,10/7/2015,126,Care Payments,Social Care Services
Adult Social Care,CARE NEEDS LTD,10/7/2015,100.8,Care Payments,Social Care Services
Adult Social Care,CARE NEEDS LTD,10/14/2015,"1,250.55",Care Payments,Social Care Services
Adult Social Care,CARE NEEDS LTD,10/14/2015,"1,741.95",Care Payments,Social Care Services
Adult Social Care,CARE NEEDS LTD,10/14/2015,"1,782.90",Care Payments,Social Care Services
Adult Social Care,CARE NEEDS LTD,10/14/2015,"3,386.25",Care Payments,Social Care Services
Adult Social Care,CARE NEEDS LTD,10/14/2015,"1,225.35",Care Payments,Social Care Services
Adult Social Care,CARE NEEDS LTD,10/14/2015,"1,830.15",Care Payments,Social Care Services
Adult Social Care,CARE NEEDS LTD,10/14/2015,"1,820.70",Care Payments,Social Care Services
Adult Social Care,CARE NEEDS LTD,10/14/2015,"3,515.40",Care Payments,Social Care Services
Adult Social Care,CARE NEEDS LTD,10/28/2015,"1,178.10",Care Payments,Social Care Services
Adult Social Care,CARE NEEDS LTD,10/28/2015,"1,782.90",Care Payments,Social Care Services
Adult Social Care,CARE NEEDS LTD,10/28/2015,"1,534.05",Care Payments,Social Care Services
Adult Social Care,CARE NEEDS LTD,10/28/2015,"3,461.85",Care Payments,Social Care Services
Adult Social Care,CARE NEEDS LTD,10/28/2015,"1,178.10",Care Payments,Social Care Services
Adult Social Care,CARE NEEDS LTD,10/28/2015,"1,808.10",Care Payments,Social Care Services
Adult Social Care,CARE NEEDS LTD,10/28/2015,"1,411.20",Care Payments,Social Care Services
Adult Social Care,CARE NEEDS LTD,10/28/2015,"3,250.80",Care Payments,Social Care Services
Adult Social Care,CARE NEEDS LTD,10/27/2015,60,Care Payments,Social Care Services
Adult Social Care,CARE SHOP LTD,10/1/2015,439.89,Furniture and Equipment,Mobility Equipment / Supplies
Adult Social Care,CARE SHOP LTD,10/20/2015,"2,234.93",Furniture and Equipment,Mobility Equipment / Supplies
Adult Social Care,CARE SHOP LTD,10/27/2015,"2,037.27",Furniture and Equipment,Mobility Equipment / Supplies
Adult Social Care,CARE SHOP LTD,10/8/2015,125,Furniture and Equipment,Mobility Equipment / Supplies
Childrens & Educational Services,CARE TODAY CHILDRENS SERVICE,10/7/2015,"9,990.00",Care Payments,Childcare Provision
Adult Social Care,CARE UK COMMUNITY PARTNERSHIPS LTD,10/5/2015,"1,868.40",Care Payments,Social Care Services
Adult Social Care,CARE UK COMMUNITY PARTNERSHIPS LTD,10/5/2015,-432,Care Payments,Social Care Services
Adult Social Care,CARE UK COMMUNITY PARTNERSHIPS LTD,10/5/2015,"-3,749.38",Care Payments,Social Care Services
Adult Social Care,CARE UK COMMUNITY PARTNERSHIPS LTD,10/5/2015,"3,928.88",Care Payments,Social Care Services
Adult Social Care,CARE UK COMMUNITY PARTNERSHIPS LTD,10/5/2015,"-1,073.76",Care Payments,Social Care Services
Adult Social Care,CARE UK COMMUNITY PARTNERSHIPS LTD,10/5/2015,"7,641.68",Care Payments,Social Care Services
Adult Social Care,CARE UK COMMUNITY PARTNERSHIPS LTD,10/5/2015,"-1,601.40",Care Payments,Social Care Services
Adult Social Care,CARE UK COMMUNITY PARTNERSHIPS LTD,10/5/2015,"2,276.00",Care Payments,Social Care Services
Adult Social Care,CARE UK COMMUNITY PARTNERSHIPS LTD,10/5/2015,-388.88,Care Payments,Social Care Services
Adult Social Care,CARE UK COMMUNITY PARTNERSHIPS LTD,10/26/2015,968.3,Care Payments,Social Care Services
Adult Social Care,CARE UK COMMUNITY PARTNERSHIPS LTD,10/26/2015,-102.66,Care Payments,Social Care Services
Adult Social Care,Caremark (Stockport),10/14/2015,176.4,Care Payments,Social Care Services
Adult Social Care,Caremark (Stockport),10/14/2015,176.4,Care Payments,Social Care Services
Adult Social Care,Caremark (Stockport),10/14/2015,466.2,Care Payments,Social Care Services
Adult Social Care,Caremark (Stockport),10/14/2015,176.4,Care Payments,Social Care Services
Adult Social Care,Caremark (Stockport),10/14/2015,176.4,Care Payments,Social Care Services
Adult Social Care,Caremark (Stockport),10/14/2015,466.2,Care Payments,Social Care Services
Adult Social Care,Caremark (Stockport),10/26/2015,176.4,Care Payments,Social Care Services
Adult Social Care,Caremark (Stockport),10/26/2015,176.4,Care Payments,Social Care Services
Adult Social Care,Caremark (Stockport),10/26/2015,308.7,Care Payments,Social Care Services
Adult Social Care,Caremark (Stockport),10/26/2015,176.4,Care Payments,Social Care Services
Adult Social Care,Caremark (Stockport),10/26/2015,176.4,Care Payments,Social Care Services
Adult Social Care,Caremark (Stockport),10/26/2015,447.3,Care Payments,Social Care Services
Capital Expenditure,Carillion (AMBS) Ltd,10/15/2015,"-560,839.00",Capital Expenditure - Works,Construction / Building Services
Capital Expenditure,Carillion (AMBS) Ltd,10/15/2015,"560,839.00",Capital Expenditure - Works,Construction / Building Services
Childrens & Educational Services,Carillion (AMBS) Ltd,10/13/2015,"4,150.36",Furniture and Equipment,Construction / Building Services
Central Support Costs,Carillion (AMBS) Ltd,10/9/2015,"169,756.35",Professional Fees,Construction / Building Services
Central Support Costs,Carillion (AMBS) Ltd,10/1/2015,142.5,Professional Fees,Construction / Building Services
Central Support Costs,Carillion (AMBS) Ltd,10/9/2015,"19,787.66",Professional Fees,Construction / Building Services
Central Support Costs,Carillion (AMBS) Ltd,10/1/2015,"10,559.00",Professional Fees,Construction / Building Services
Central Support Costs,Carillion (AMBS) Ltd,10/9/2015,"67,692.50",Professional Fees,Construction / Building Services
Central Support Costs,Carillion (AMBS) Ltd,10/23/2015,562.56,Professional Fees,Construction / Building Services
Central Support Costs,Carillion (AMBS) Ltd,10/9/2015,"-19,787.66",Professional Fees,Construction / Building Services
Capital Expenditure,Carillion (AMBS) Ltd,10/29/2015,"1,529.35",Professional Fees,Construction / Building Services
Capital Expenditure,Carillion (AMBS) Ltd,10/15/2015,"1,097.05",Professional Fees,Construction / Building Services
Childrens & Educational Services,Carillion (AMBS) Ltd,10/19/2015,"2,156.85",Repairs and Maintenance,Construction / Building Services
Childrens & Educational Services,Carillion (AMBS) Ltd,10/19/2015,469.32,Supplies and services,Construction / Building Services
Childrens & Educational Services,Carillion (AMBS) Ltd,10/28/2015,"1,268.24",Supplies and services,Construction / Building Services
Capital Expenditure,Carillion Construction Limited,10/28/2015,"264,006.82",Capital Expenditure - Works,Construction / Building Services
Capital Expenditure,Carillion Construction Limited,10/16/2015,"560,839.00",Capital Expenditure - Works,Construction / Building Services
Capital Expenditure,CARILLION MORGAN SINDALL JV,10/20/2015,"1,973,831.69",Supplies and services,Construction / Building Services
Capital Expenditure,CARILLION MORGAN SINDALL JV,10/20/2015,"1,147.50",Supplies and services,Construction / Building Services
Capital Expenditure,CARILLION MORGAN SINDALL JV,10/20/2015,"3,956.33",Supplies and services,Construction / Building Services
Childrens & Educational Services,Caritas Diocese Of Salford,10/27/2015,"8,443.50",Care Payments,Church / Place of Worship
Childrens & Educational Services,Caritas Diocese Of Salford,10/15/2015,"4,221.75",Professional Fees,Church / Place of Worship
Childrens & Educational Services,Caritas Diocese Of Salford,10/28/2015,120,Professional Fees,Church / Place of Worship
Childrens & Educational Services,Caritas Diocese Of Salford,10/28/2015,20,Professional Fees,Church / Place of Worship
Public Health,CARITAS GP PARTNERSHIP,10/22/2015,305,Care Payments,Health Services
Public Health,CARITAS GP PARTNERSHIP,10/28/2015,"1,856.00",Care Payments,Health Services
Public Health,CARITAS GP PARTNERSHIP,10/28/2015,100,Service Contract Payments,Health Services
Adult Social Care,Caritas Services Ltd,10/26/2015,"6,698.96",Care Payments,Social Care Services
Adult Social Care,Caritas Services Ltd,10/26/2015,"7,423.96",Care Payments,Social Care Services
Childrens & Educational Services,Cartlidge Stewart Ltd,10/8/2015,"1,080.00",Legal Fees,Psychology / Assessment Services
Childrens & Educational Services,CASICARE,10/7/2015,"4,000.00",Care Payments,Social Care Services
Capital Expenditure,CAVENDISH SERVICES,10/12/2015,"2,685.76",Repairs and Maintenance,Building Services
Central Support Costs,CAVENDISH SERVICES,10/19/2015,607,Repairs and Maintenance,Building Services
Central Support Costs,CBC COMPUTER SYSTEM (KIRKLEES),10/20/2015,36,Furniture and Equipment,ICT Consultancy / Support
Central Support Costs,CBC COMPUTER SYSTEM (KIRKLEES),10/27/2015,110,Furniture and Equipment,ICT Consultancy / Support
Central Support Costs,CBC COMPUTER SYSTEM (KIRKLEES),10/27/2015,36,Furniture and Equipment,ICT Consultancy / Support
Planning Services,CBC COMPUTER SYSTEM (KIRKLEES),10/6/2015,30,Furniture and Equipment,ICT Consultancy / Support
Planning Services,CBC COMPUTER SYSTEM (KIRKLEES),10/27/2015,120,Furniture and Equipment,ICT Consultancy / Support
Childrens & Educational Services,CBC COMPUTER SYSTEM (KIRKLEES),10/27/2015,146,Furniture and Equipment,ICT Consultancy / Support
Cultural & Related Services,CBC COMPUTER SYSTEM (KIRKLEES),10/6/2015,71.5,Furniture and Equipment,ICT Consultancy / Support
Cultural & Related Services,CBC COMPUTER SYSTEM (KIRKLEES),10/20/2015,552,Furniture and Equipment,ICT Consultancy / Support
Central Services to the public,CBC COMPUTER SYSTEM (KIRKLEES),10/27/2015,33.5,Information and Communications Technology,ICT Consultancy / Support
Central Support Costs,CBC COMPUTER SYSTEM (KIRKLEES),10/6/2015,19,Information and Communications Technology,ICT Consultancy / Support
Central Support Costs,CBC COMPUTER SYSTEM (KIRKLEES),10/6/2015,44,Information and Communications Technology,ICT Consultancy / Support
Central Support Costs,CBC COMPUTER SYSTEM (KIRKLEES),10/6/2015,7,Information and Communications Technology,ICT Consultancy / Support
Central Support Costs,CBC COMPUTER SYSTEM (KIRKLEES),10/6/2015,4.75,Information and Communications Technology,ICT Consultancy / Support
Central Support Costs,CBC COMPUTER SYSTEM (KIRKLEES),10/13/2015,149.5,Information and Communications Technology,ICT Consultancy / Support
Central Support Costs,CBC COMPUTER SYSTEM (KIRKLEES),10/20/2015,11.75,Information and Communications Technology,ICT Consultancy / Support
Central Support Costs,CBC COMPUTER SYSTEM (KIRKLEES),10/27/2015,"1,290.00",Information and Communications Technology,ICT Consultancy / Support
Planning Services,CBC COMPUTER SYSTEM (KIRKLEES),10/13/2015,805,Information and Communications Technology,ICT Consultancy / Support
Adult Social Care,CBC COMPUTER SYSTEM (KIRKLEES),10/13/2015,240,Information and Communications Technology,ICT Consultancy / Support
Adult Social Care,CBC COMPUTER SYSTEM (KIRKLEES),10/14/2015,189,Information and Communications Technology,ICT Consultancy / Support
Childrens & Educational Services,CBC COMPUTER SYSTEM (KIRKLEES),10/6/2015,552,Information and Communications Technology,ICT Consultancy / Support
Childrens & Educational Services,CBC COMPUTER SYSTEM (KIRKLEES),10/6/2015,73,Information and Communications Technology,ICT Consultancy / Support
Childrens & Educational Services,CBC COMPUTER SYSTEM (KIRKLEES),10/27/2015,4.75,Information and Communications Technology,ICT Consultancy / Support
Childrens & Educational Services,CBC COMPUTER SYSTEM (KIRKLEES),10/27/2015,4.75,Information and Communications Technology,ICT Consultancy / Support
Childrens & Educational Services,CBC COMPUTER SYSTEM (KIRKLEES),10/14/2015,15,Information and Communications Technology,ICT Consultancy / Support
Highways & Transport Services,CBC COMPUTER SYSTEM (KIRKLEES),10/13/2015,14.25,Information and Communications Technology,ICT Consultancy / Support
Highways & Transport Services,CBC COMPUTER SYSTEM (KIRKLEES),10/15/2015,43,Information and Communications Technology,ICT Consultancy / Support
Planning Services,CBC COMPUTER SYSTEM (KIRKLEES),10/27/2015,11.75,Information and Communications Technology,ICT Consultancy / Support
Central Support Costs,CBRE,10/19/2015,"41,000.00",Professional Fees,Property Development
Planning Services,CDN NETWORKS LTD,10/2/2015,800,Information and Communications Technology,Communications and Technology
Planning Services,CDN NETWORKS LTD,10/22/2015,450,Information and Communications Technology,Communications and Technology
Planning Services,CDN NETWORKS LTD,10/28/2015,750,Information and Communications Technology,Communications and Technology
Public Health,CENTRAL MANCHESTER NHS TRUST,10/27/2015,"-3,364.00",Fees and Charges,NHS Organisation
Public Health,CENTRAL MANCHESTER NHS TRUST,10/27/2015,"7,232.00",Service Contract Payments,NHS Organisation
Public Health,CENTRAL MANCHESTER NHS TRUST,10/29/2015,"31,330.00",Supplies and services,NHS Organisation
Central Services to the public,Central Manchester University Hospi,10/13/2015,264.07,Third party payments - Public Sector,NHS Organisation
Central Services to the public,Central Manchester University Hospi,10/13/2015,264.07,Third party payments - Public Sector,NHS Organisation
Environmental & Regulatory Services,CENTURYWISE LTD,10/16/2015,384,Furniture and Equipment,Cleaning Supplies
Environmental & Regulatory Services,CENTURYWISE LTD,10/28/2015,488,Furniture and Equipment,Cleaning Supplies
Environmental & Regulatory Services,CERA Ltd,10/9/2015,185,Publicity and Promotion,Education Services
Childrens & Educational Services,CERA Ltd,10/20/2015,"1,305.00",Publicity and Promotion,Education Services
Cultural & Related Services,CGC EVENTS LIMITED,10/23/2015,450,Publicity and Promotion,"Catering, Food and Beverages"
Childrens & Educational Services,CGC EVENTS LIMITED,10/29/2015,179.6,Staff Training,"Catering, Food and Beverages"
Public Health,CHADSFIELD MEDICAL PRACTICE,10/8/2015,105,Care Payments,Health Services
Public Health,CHADSFIELD MEDICAL PRACTICE,10/28/2015,569.17,Care Payments,Health Services
Public Health,CHADSFIELD MEDICAL PRACTICE,10/28/2015,"1,257.00",Care Payments,Health Services
Public Health,CHADSFIELD MEDICAL PRACTICE,10/28/2015,50,Service Contract Payments,Health Services
Adult Social Care,CHARNLEY HOUSE LTD,10/5/2015,"7,248.00",Care Payments,Social Care Services
Adult Social Care,CHARNLEY HOUSE LTD,10/5/2015,"-2,333.36",Care Payments,Social Care Services
Adult Social Care,CHARNLEY HOUSE LTD,10/5/2015,"5,388.57",Care Payments,Social Care Services
Adult Social Care,CHARNLEY HOUSE LTD,10/5/2015,"-1,840.00",Care Payments,Social Care Services
Adult Social Care,CHARNLEY HOUSE LTD,10/5/2015,"1,840.00",Care Payments,Social Care Services
Adult Social Care,CHARNLEY HOUSE LTD,10/5/2015,-505.2,Care Payments,Social Care Services
Adult Social Care,CHARNLEY HOUSE LTD,10/26/2015,"3,548.57",Care Payments,Social Care Services
Adult Social Care,CHARNLEY HOUSE LTD,10/26/2015,"5,242.87",Care Payments,Social Care Services
Adult Social Care,CHARNLEY HOUSE LTD,10/26/2015,446,Care Payments,Social Care Services
Adult Social Care,CHARNLEY HOUSE LTD,10/26/2015,-525.71,Care Payments,Social Care Services
Childrens & Educational Services,CHARNWOOD NURSERY SCHOOL,10/30/2015,"17,349.00",Third party payments - Private/Voluntary Sector,Education Services
Childrens & Educational Services,Cheadle Hulme Academy,10/12/2015,"4,500.00",Fees and Charges,Client/Customer (Non-Trade)
Childrens & Educational Services,Cheadle Hulme Academy,10/21/2015,"42,209.74",Fees and Charges,Client/Customer (Non-Trade)
Public Health,CHEADLE MEDICAL PRACTICE,10/28/2015,793,Care Payments,Health Services
Corporate & Democratic Core,CHEADLE VILLAGE HALL ASSOCIATION,10/13/2015,"1,000.00",Publicity and Promotion,Community Building / Facility
Corporate & Democratic Core,Cheadle Village Partnership,10/19/2015,"1,000.00",Publicity and Promotion,Charity/Third Sector
Adult Social Care,Cherry Tree Vale T/A Home Focus,10/12/2015,"17,028.48",Care Payments,Social Care Services
Adult Social Care,CHERRYFIELD HOUSE,10/5/2015,"5,464.00",Care Payments,Social Care Services
Adult Social Care,CHERRYFIELD HOUSE,10/5/2015,"-1,247.68",Care Payments,Social Care Services
Adult Social Care,CHERRYFIELD HOUSE,10/5/2015,328.57,Care Payments,Social Care Services
Adult Social Care,CHERRYFIELD HOUSE,10/5/2015,"26,919.43",Care Payments,Social Care Services
Adult Social Care,CHERRYFIELD HOUSE,10/5/2015,"-8,340.23",Care Payments,Social Care Services
Adult Social Care,CHERRYFIELD HOUSE,10/5/2015,"2,760.00",Care Payments,Social Care Services
Adult Social Care,CHERRYFIELD HOUSE,10/5/2015,-727.72,Care Payments,Social Care Services
Adult Social Care,CHERRYFIELD HOUSE,10/26/2015,"6,702.86",Care Payments,Social Care Services
Adult Social Care,CHERRYFIELD HOUSE,10/26/2015,"6,242.86",Care Payments,Social Care Services
Housing (General Fund) Services,CHESHIRE & GREATER MANCHESTER CRC L,10/20/2015,"3,575.00",Fees and Charges,Courts / Justice / Police
Adult Social Care,Cheshire Grange Care Home,10/5/2015,"1,784.00",Care Payments,Social Care Services
Adult Social Care,Cheshire Grange Care Home,10/5/2015,"1,804.00",Care Payments,Social Care Services
Adult Social Care,Cheshire Grange Care Home,10/5/2015,-951.28,Care Payments,Social Care Services
Central Support Costs,CHESHIRE REFRIGERATION LTD,10/21/2015,540.26,Repairs and Maintenance,Construction / Building Services
Environmental & Regulatory Services,CHESHIRE REFRIGERATION LTD,10/21/2015,560,Repairs and Maintenance,Construction / Building Services
Planning Services,Cheshire Specialist Engineering Ltd,10/1/2015,"4,290.00",Third party payments - Private/Voluntary Sector,Manufacturer
Adult Social Care,CHESTER HOUSE,10/5/2015,"1,592.00",Care Payments,Social Care Services
Adult Social Care,CHESTER HOUSE,10/5/2015,"1,748.00",Care Payments,Social Care Services
Adult Social Care,CHESTER HOUSE,10/5/2015,"1,592.00",Care Payments,Social Care Services
Adult Social Care,CHESTER HOUSE,10/5/2015,"3,568.00",Care Payments,Social Care Services
Adult Social Care,CHESTER HOUSE,10/5/2015,-481.2,Care Payments,Social Care Services
Adult Social Care,CHOICE SUPPORT,10/19/2015,"1,479.92",Care Payments,Social Care Services
Adult Social Care,CHOICE SUPPORT,10/20/2015,"30,017.95",Care Payments,Social Care Services
Central Support Costs,CILEX,10/27/2015,673.5,Staff Training,Professional / Trade Body
Central Support Costs,CIPFA,10/27/2015,30,Fees and Charges,Professional / Trade Body
Central Support Costs,CIPFA,10/1/2015,925,Other Payments,Professional / Trade Body
Highways & Transport Services,CIPFA BUSINESS LTD,10/6/2015,"1,445.00",Furniture and Equipment,Professional / Trade Body
Childrens & Educational Services,CITY & GUILDS,10/1/2015,796,Fees and Charges,Education Services
Childrens & Educational Services,CITY & GUILDS,10/2/2015,200,Fees and Charges,Education Services
Childrens & Educational Services,CITY & GUILDS,10/15/2015,"1,660.00",Fees and Charges,Education Services
Childrens & Educational Services,CITY & GUILDS,10/28/2015,"2,010.00",Fees and Charges,Education Services
Capital Expenditure,CITY LOCK AND SAFE LTD,10/13/2015,51.9,Capital Expenditure - Works,Construction / Building Services
Capital Expenditure,CITY LOCK AND SAFE LTD,10/30/2015,125.7,Capital Expenditure - Works,Construction / Building Services
Central Support Costs,CITY LOCK AND SAFE LTD,10/26/2015,4.75,Furniture and Equipment,Construction / Building Services
Adult Social Care,CITY LOCK AND SAFE LTD,10/8/2015,150.5,Furniture and Equipment,Construction / Building Services
Adult Social Care,CITY LOCK AND SAFE LTD,10/29/2015,14.25,Furniture and Equipment,Construction / Building Services
Childrens & Educational Services,CITY LOCK AND SAFE LTD,10/16/2015,418.3,Furniture and Equipment,Construction / Building Services
Childrens & Educational Services,CITY LOCK AND SAFE LTD,10/16/2015,76,Office Expenses,Construction / Building Services
Capital Expenditure,CITY LOCK AND SAFE LTD,10/26/2015,36.03,Repairs and Maintenance,Construction / Building Services
Adult Social Care,CITY LOCK AND SAFE LTD,10/29/2015,35.44,Repairs and Maintenance,Construction / Building Services
Cultural & Related Services,CITY LOCK AND SAFE LTD,10/29/2015,11.95,Repairs and Maintenance,Construction / Building Services
Central Services to the public,CIVICA UK LTD,10/15/2015,455.37,Information and Communications Technology,Software Supplier
Central Services to the public,CIVICA UK LTD,10/15/2015,"2,649.02",Information and Communications Technology,Software Supplier
Central Services to the public,CIVICA UK LTD,10/19/2015,114.2,Information and Communications Technology,Software Supplier
Central Services to the public,CIVICA UK LTD,10/19/2015,"8,637.28",Information and Communications Technology,Software Supplier
Central Services to the public,CIVICA UK LTD,10/19/2015,"5,109.73",Information and Communications Technology,Software Supplier
Central Services to the public,CIVICA UK LTD,10/19/2015,557.23,Information and Communications Technology,Software Supplier
Central Services to the public,CIVICA UK LTD,10/15/2015,-455.37,Information and Communications Technology,Software Supplier
Central Services to the public,CIVICA UK LTD,10/15/2015,"-2,649.02",Information and Communications Technology,Software Supplier
Central Services to the public,CIVICA UK LTD,10/27/2015,455.37,Information and Communications Technology,Software Supplier
Central Services to the public,CIVICA UK LTD,10/27/2015,-455.37,Information and Communications Technology,Software Supplier
Central Services to the public,CIVICA UK LTD,10/27/2015,455.37,Information and Communications Technology,Software Supplier
Cultural & Related Services,CIVICA UK LTD,10/28/2015,975,Information and Communications Technology,Software Supplier
Central Services to the public,CIVICA UK LTD,10/15/2015,700.73,Supplies and services,Software Supplier
Central Services to the public,CIVICA UK LTD,10/15/2015,"9,686.49",Supplies and services,Software Supplier
Central Services to the public,CIVICA UK LTD,10/15/2015,"25,498.75",Supplies and services,Software Supplier
Central Services to the public,CIVICA UK LTD,10/15/2015,"-25,498.75",Supplies and services,Software Supplier
Central Services to the public,CIVICA UK LTD,10/15/2015,-700.73,Supplies and services,Software Supplier
Central Services to the public,CIVICA UK LTD,10/15/2015,"-9,686.49",Supplies and services,Software Supplier
Central Services to the public,CIVICA UK LTD,10/30/2015,"24,385.25",Supplies and services,Software Supplier
Central Services to the public,CIVICA UK LTD,10/2/2015,700.73,Supplies and services,Software Supplier
Central Services to the public,CIVICA UK LTD,10/2/2015,"9,686.49",Supplies and services,Software Supplier
Central Support Costs,CIVICA UK LTD,10/21/2015,"8,064.00",Supplies and services,Software Supplier
Childrens & Educational Services,CJ TAXIS,10/15/2015,"1,302.00",Leasing /Transport Hire,Transport and Travel
Planning Services,CLARKE NICKLIN LLP,10/19/2015,"2,000.00",Publicity and Promotion,Legal Services
Capital Expenditure,Classic Lifts Ltd,10/14/2015,"6,859.20",Capital Expenditure - Works,Construction / Building Services
Capital Expenditure,Classic Lifts Ltd,10/14/2015,"10,974.72",Capital Expenditure - Works,Construction / Building Services
Capital Expenditure,Classic Lifts Ltd,10/16/2015,"10,179.30",Capital Expenditure - Works,Construction / Building Services
Childrens & Educational Services,Cliffemount Community Care,10/2/2015,"3,107.00",Care Payments,Social Care Services
Childrens & Educational Services,Cliffemount Community Care,10/27/2015,"1,500.00",Care Payments,Social Care Services
Capital Expenditure,Climate Heating & Plumbing Services,10/1/2015,"7,220.00",Capital Expenditure - Works,Construction / Building Services
Capital Expenditure,Climate Heating & Plumbing Services,10/1/2015,"13,478.00",Capital Expenditure - Works,Construction / Building Services
Capital Expenditure,Climate Heating & Plumbing Services,10/1/2015,"6,499.00",Capital Expenditure - Works,Construction / Building Services
Capital Expenditure,CLINTWORTH (MARBLE & TERRAZZO) LTD,10/2/2015,"1,455.00",Capital Expenditure - Works,Construction / Building Services
Central Support Costs,CLONSHALL LTD,10/6/2015,387,Repairs and Maintenance,Construction / Building Services
Central Support Costs,CLONSHALL LTD,10/6/2015,166.25,Repairs and Maintenance,Construction / Building Services
Central Support Costs,CLONSHALL LTD,10/6/2015,720,Repairs and Maintenance,Construction / Building Services
Central Support Costs,CLONSHALL LTD,10/6/2015,174.25,Repairs and Maintenance,Construction / Building Services
Central Support Costs,CLONSHALL LTD,10/19/2015,626,Repairs and Maintenance,Construction / Building Services
Central Support Costs,CLONSHALL LTD,10/19/2015,982.74,Repairs and Maintenance,Construction / Building Services
Central Support Costs,CLONSHALL LTD,10/28/2015,109,Repairs and Maintenance,Construction / Building Services
Adult Social Care,CLS CARE SERVICES,10/5/2015,"1,868.40",Care Payments,Social Care Services
Adult Social Care,CLS CARE SERVICES,10/5/2015,-505.2,Care Payments,Social Care Services
Adult Social Care,CLS CARE SERVICES - Ingersley Court,10/5/2015,"1,399.28",Care Payments,Social Care Services
Planning Services,CLUCASDESIGN,10/26/2015,490,Publicity and Promotion,Design Services
Planning Services,CLUCASDESIGN,10/16/2015,"1,380.00",Publicity and Promotion,Design Services
Adult Social Care,CLYDE HOUSE LTD,10/5/2015,"10,440.00",Care Payments,Social Care Services
Adult Social Care,CLYDE HOUSE LTD,10/5/2015,"3,924.00",Care Payments,Social Care Services
Adult Social Care,CLYDE HOUSE LTD,10/26/2015,"1,885.71",Care Payments,Social Care Services
Adult Social Care,CLYDE HOUSE NURSING HOMES LTD,10/29/2015,567.34,Care Payments,Social Care Services
Adult Social Care,CLYDE HOUSE NURSING HOMES LTD,10/29/2015,567.34,Care Payments,Social Care Services
Adult Social Care,CLYDE HOUSE NURSING HOMES LTD,10/29/2015,567.34,Care Payments,Social Care Services
Capital Expenditure,COLAS LTD,10/2/2015,"53,092.19",Capital Expenditure - Works,Construction / Building Services
Capital Expenditure,COLAS LTD,10/2/2015,"24,283.85",Capital Expenditure - Works,Construction / Building Services
Capital Expenditure,COLAS LTD,10/2/2015,"1,156.34",Capital Expenditure - Works,Construction / Building Services
Capital Expenditure,COLAS LTD,10/20/2015,"76,145.96",Capital Expenditure - Works,Construction / Building Services
Capital Expenditure,COLAS LTD,10/20/2015,"64,998.94",Capital Expenditure - Works,Construction / Building Services
Capital Expenditure,COLAS LTD,10/20/2015,"22,786.24",Capital Expenditure - Works,Construction / Building Services
Capital Expenditure,COLAS LTD,10/20/2015,"1,011.76",Capital Expenditure - Works,Construction / Building Services
Capital Expenditure,COLAS LTD,10/20/2015,"1,930.58",Capital Expenditure - Works,Construction / Building Services
Capital Expenditure,COLAS LTD,10/20/2015,"1,644.97",Capital Expenditure - Works,Construction / Building Services
Capital Expenditure,COLAS LTD,10/20/2015,"1,987.13",Capital Expenditure - Works,Construction / Building Services
Capital Expenditure,COLAS LTD,10/20/2015,195.27,Capital Expenditure - Works,Construction / Building Services
Capital Expenditure,COLAS LTD,10/20/2015,"1,284.82",Capital Expenditure - Works,Construction / Building Services
Capital Expenditure,COLAS LTD,10/20/2015,258.78,Capital Expenditure - Works,Construction / Building Services
Capital Expenditure,COLAS LTD,10/20/2015,197.84,Capital Expenditure - Works,Construction / Building Services
Capital Expenditure,COLAS LTD,10/20/2015,"1,107.37",Capital Expenditure - Works,Construction / Building Services
Capital Expenditure,COLAS LTD,10/20/2015,566.32,Capital Expenditure - Works,Construction / Building Services
Capital Expenditure,COLAS LTD,10/20/2015,"4,217.60",Capital Expenditure - Works,Construction / Building Services
Capital Expenditure,COLAS LTD,10/20/2015,"2,824.39",Capital Expenditure - Works,Construction / Building Services
Capital Expenditure,COLAS LTD,10/20/2015,177.53,Capital Expenditure - Works,Construction / Building Services
Capital Expenditure,COLAS LTD,10/20/2015,901.25,Capital Expenditure - Works,Construction / Building Services
Capital Expenditure,COLAS LTD,10/20/2015,295.74,Capital Expenditure - Works,Construction / Building Services
Capital Expenditure,COLAS LTD,10/20/2015,"3,862.06",Capital Expenditure - Works,Construction / Building Services
Capital Expenditure,COLAS LTD,10/26/2015,"150,088.23",Capital Expenditure - Works,Construction / Building Services
Capital Expenditure,COLAS LTD,10/26/2015,917.55,Capital Expenditure - Works,Construction / Building Services
Capital Expenditure,COLAS LTD,10/26/2015,"5,639.90",Capital Expenditure - Works,Construction / Building Services
Capital Expenditure,COLAS LTD,10/26/2015,638.24,Capital Expenditure - Works,Construction / Building Services
Capital Expenditure,COLAS LTD,10/26/2015,"5,359.22",Capital Expenditure - Works,Construction / Building Services
Capital Expenditure,COLAS LTD,10/26/2015,724.13,Capital Expenditure - Works,Construction / Building Services
Capital Expenditure,COLAS LTD,10/26/2015,"2,206.15",Capital Expenditure - Works,Construction / Building Services
Capital Expenditure,COLAS LTD,10/26/2015,"5,251.15",Capital Expenditure - Works,Construction / Building Services
Capital Expenditure,COLAS LTD,10/26/2015,479.83,Capital Expenditure - Works,Construction / Building Services
Capital Expenditure,COLAS LTD,10/26/2015,"3,088.46",Capital Expenditure - Works,Construction / Building Services
Capital Expenditure,COLAS LTD,10/26/2015,970.04,Capital Expenditure - Works,Construction / Building Services
Capital Expenditure,COLAS LTD,10/26/2015,857.05,Capital Expenditure - Works,Construction / Building Services
Highways & Transport Services,COLAS LTD,10/20/2015,"20,942.51",Repairs and Maintenance,Construction / Building Services
Highways & Transport Services,COLAS LTD,10/26/2015,"12,682.82",Repairs and Maintenance,Construction / Building Services
Adult Social Care,COMMUNITY INTEGRATED CARE,10/5/2015,"1,943.60",Care Payments,Social Care Services
Adult Social Care,COMMUNITY INTEGRATED CARE,10/5/2015,-933.4,Care Payments,Social Care Services
Adult Social Care,COMMUNITY INTEGRATED CARE,10/7/2015,"15,429.08",Care Payments,Social Care Services
Adult Social Care,COMPREHENSIVE CARE LTD,10/7/2015,379.89,Care Payments,Social Care Services
Adult Social Care,COMPREHENSIVE CARE LTD,10/14/2015,88.2,Care Payments,Social Care Services
Adult Social Care,COMPREHENSIVE CARE LTD,10/14/2015,756,Care Payments,Social Care Services
Adult Social Care,COMPREHENSIVE CARE LTD,10/14/2015,286.65,Care Payments,Social Care Services
Adult Social Care,COMPREHENSIVE CARE LTD,10/14/2015,"3,294.90",Care Payments,Social Care Services
Adult Social Care,COMPREHENSIVE CARE LTD,10/14/2015,88.2,Care Payments,Social Care Services
Adult Social Care,COMPREHENSIVE CARE LTD,10/14/2015,759.15,Care Payments,Social Care Services
Adult Social Care,COMPREHENSIVE CARE LTD,10/14/2015,283.5,Care Payments,Social Care Services
Adult Social Care,COMPREHENSIVE CARE LTD,10/14/2015,"3,049.20",Care Payments,Social Care Services
Adult Social Care,COMPREHENSIVE CARE LTD,10/28/2015,88.2,Care Payments,Social Care Services
Adult Social Care,COMPREHENSIVE CARE LTD,10/28/2015,749.7,Care Payments,Social Care Services
Adult Social Care,COMPREHENSIVE CARE LTD,10/28/2015,286.65,Care Payments,Social Care Services
Adult Social Care,COMPREHENSIVE CARE LTD,10/28/2015,"3,005.10",Care Payments,Social Care Services
Adult Social Care,COMPREHENSIVE CARE LTD,10/28/2015,88.2,Care Payments,Social Care Services
Adult Social Care,COMPREHENSIVE CARE LTD,10/28/2015,759.15,Care Payments,Social Care Services
Adult Social Care,COMPREHENSIVE CARE LTD,10/28/2015,277.2,Care Payments,Social Care Services
Adult Social Care,COMPREHENSIVE CARE LTD,10/28/2015,"3,020.85",Care Payments,Social Care Services
Adult Social Care,COMPREHENSIVE CARE LTD,10/20/2015,411.6,Care Payments,Social Care Services
Capital Expenditure,CONCEPT ELEVATORS (MIDLANDS) LTD,10/13/2015,50.75,Repairs and Maintenance,Construction / Building Services
Central Support Costs,CONCEPT ELEVATORS (MIDLANDS) LTD,10/12/2015,232,Repairs and Maintenance,Construction / Building Services
Central Support Costs,CONCEPT ELEVATORS (MIDLANDS) LTD,10/13/2015,120.75,Repairs and Maintenance,Construction / Building Services
Central Support Costs,CONCEPT ELEVATORS (MIDLANDS) LTD,10/26/2015,428,Repairs and Maintenance,Construction / Building Services
Central Support Costs,CONCEPT ELEVATORS (MIDLANDS) LTD,10/29/2015,"1,285.67",Repairs and Maintenance,Construction / Building Services
Adult Social Care,CONCEPT ELEVATORS (MIDLANDS) LTD,10/5/2015,18,Repairs and Maintenance,Construction / Building Services
Adult Social Care,CONCEPT ELEVATORS (MIDLANDS) LTD,10/5/2015,26,Repairs and Maintenance,Construction / Building Services
Adult Social Care,CONCEPT ELEVATORS (MIDLANDS) LTD,10/5/2015,"3,760.42",Repairs and Maintenance,Construction / Building Services
Adult Social Care,Concept Home Care,10/29/2015,"3,280.00",Care Payments,Social Care Services
Childrens & Educational Services,CORE ASSETS FOSTERING,10/7/2015,"4,945.50",Care Payments,Foster Care
Childrens & Educational Services,CORE ASSETS FOSTERING,10/7/2015,"3,853.35",Care Payments,Foster Care
Central Services to the public,CORPROTEX APPAREL LTD,10/28/2015,196.3,Clothing Uniforms and Laundry,"Clothing, Workwear and Safety Equipment"
Central Services to the public,CORPROTEX APPAREL LTD,10/26/2015,428.82,Clothing Uniforms and Laundry,"Clothing, Workwear and Safety Equipment"
Central Services to the public,CORPROTEX APPAREL LTD,10/15/2015,9.5,Clothing Uniforms and Laundry,"Clothing, Workwear and Safety Equipment"
Central Services to the public,CORPROTEX APPAREL LTD,10/13/2015,674.17,Clothing Uniforms and Laundry,"Clothing, Workwear and Safety Equipment"
Central Support Costs,CORPROTEX APPAREL LTD,10/12/2015,75,Clothing Uniforms and Laundry,"Clothing, Workwear and Safety Equipment"
Central Support Costs,CORPROTEX APPAREL LTD,10/12/2015,148.4,Clothing Uniforms and Laundry,"Clothing, Workwear and Safety Equipment"
Central Support Costs,CORPROTEX APPAREL LTD,10/28/2015,170.75,Clothing Uniforms and Laundry,"Clothing, Workwear and Safety Equipment"
Childrens & Educational Services,Country Attire,10/9/2015,"1,000.00",Third party payments - Private/Voluntary Sector,Retailer
Planning Services,COUNTY CAR & VAN HIRE,10/1/2015,"4,557.05",Third party payments - Private/Voluntary Sector,Transport and Travel
Planning Services,CPC,10/8/2015,56.98,Furniture and Equipment,Equipment Supplies
Planning Services,CPC,10/8/2015,806.48,Furniture and Equipment,Equipment Supplies
Planning Services,CPC,10/8/2015,158.22,Furniture and Equipment,Equipment Supplies
Planning Services,CPC,10/8/2015,71,Furniture and Equipment,Equipment Supplies
Planning Services,CPC,10/13/2015,111.1,Furniture and Equipment,Equipment Supplies
Planning Services,CPC,10/23/2015,77.2,Furniture and Equipment,Equipment Supplies
Environmental & Regulatory Services,CRAEMER UK LTD,10/15/2015,"11,490.00",Waste Management Equipment,Equipment Supplies
Environmental & Regulatory Services,CRAEMER UK LTD,10/15/2015,"-11,490.00",Waste Management Equipment,Equipment Supplies
Environmental & Regulatory Services,CRAEMER UK LTD,10/28/2015,"11,392.50",Waste Management Equipment,Equipment Supplies
Planning Services,Creative Concern Ltd,10/7/2015,70.2,Publicity and Promotion,Design Services
Planning Services,Creative Concern Ltd,10/1/2015,"4,799.50",Publicity and Promotion,Design Services
Central Support Costs,CREATIVE IDEAS IN PRINT LTD,10/8/2015,395,Publicity and Promotion,Printing Services
Central Support Costs,CREATIVE IDEAS IN PRINT LTD,10/8/2015,540,Publicity and Promotion,Printing Services
Central Support Costs,CREATIVE IDEAS IN PRINT LTD,10/13/2015,"1,895.00",Publicity and Promotion,Printing Services
Central Support Costs,CREATIVE IDEAS IN PRINT LTD,10/13/2015,275,Publicity and Promotion,Printing Services
Central Support Costs,CREATIVE IDEAS IN PRINT LTD,10/8/2015,165,Publicity and Promotion,Printing Services
Central Support Costs,CREATIVE IDEAS IN PRINT LTD,10/30/2015,950,Publicity and Promotion,Printing Services
Planning Services,CREATIVE IDEAS IN PRINT LTD,10/1/2015,489.65,Publicity and Promotion,Printing Services
Planning Services,CREATIVE IDEAS IN PRINT LTD,10/1/2015,263.2,Publicity and Promotion,Printing Services
Planning Services,CREATIVE IDEAS IN PRINT LTD,10/16/2015,"15,194.58",Publicity and Promotion,Printing Services
Planning Services,CREATIVE IDEAS IN PRINT LTD,10/16/2015,495,Publicity and Promotion,Printing Services
Adult Social Care,CREATIVE SUPPORT LTD,10/7/2015,264.6,Care Payments,Social Care Services
Adult Social Care,CREATIVE SUPPORT LTD,10/7/2015,302.4,Care Payments,Social Care Services
Adult Social Care,CREATIVE SUPPORT LTD,10/7/2015,100.8,Care Payments,Social Care Services
Adult Social Care,CREATIVE SUPPORT LTD,10/7/2015,252,Care Payments,Social Care Services
Adult Social Care,CREATIVE SUPPORT LTD,10/20/2015,80.68,Care Payments,Social Care Services
Adult Social Care,CREATIVE SUPPORT LTD,10/7/2015,"5,445.80",Care Payments,Social Care Services
Adult Social Care,CREATIVE SUPPORT LTD,10/7/2015,"8,269.44",Care Payments,Social Care Services
Adult Social Care,CREATIVE SUPPORT LTD,10/7/2015,"6,172.88",Care Payments,Social Care Services
Adult Social Care,CREATIVE SUPPORT LTD,10/7/2015,"5,615.16",Care Payments,Social Care Services
Adult Social Care,CREATIVE SUPPORT LTD,10/7/2015,212.48,Care Payments,Social Care Services
Adult Social Care,CREATIVE SUPPORT LTD,10/7/2015,106.24,Care Payments,Social Care Services
Adult Social Care,CREATIVE SUPPORT LTD,10/7/2015,212.48,Care Payments,Social Care Services
Adult Social Care,CREATIVE SUPPORT LTD,10/7/2015,318.72,Care Payments,Social Care Services
Adult Social Care,CREATIVE SUPPORT LTD,10/7/2015,7.2,Care Payments,Social Care Services
Adult Social Care,CREATIVE SUPPORT LTD,10/7/2015,504.64,Care Payments,Social Care Services
Adult Social Care,CREATIVE SUPPORT LTD,10/7/2015,318.72,Care Payments,Social Care Services
Adult Social Care,CREATIVE SUPPORT LTD,10/7/2015,318.72,Care Payments,Social Care Services
Adult Social Care,CREATIVE SUPPORT LTD,10/7/2015,212.48,Care Payments,Social Care Services
Adult Social Care,CREATIVE SUPPORT LTD,10/7/2015,79.68,Care Payments,Social Care Services
Adult Social Care,CREATIVE SUPPORT LTD,10/7/2015,10.5,Care Payments,Social Care Services
Adult Social Care,CREATIVE SUPPORT LTD,10/7/2015,478.08,Care Payments,Social Care Services
Adult Social Care,CREATIVE SUPPORT LTD,10/7/2015,53.12,Care Payments,Social Care Services
Adult Social Care,CREATIVE SUPPORT LTD,10/7/2015,185.92,Care Payments,Social Care Services
Adult Social Care,CREATIVE SUPPORT LTD,10/7/2015,20,Care Payments,Social Care Services
Adult Social Care,CREATIVE SUPPORT LTD,10/7/2015,106.24,Care Payments,Social Care Services
Adult Social Care,CREATIVE SUPPORT LTD,10/7/2015,112.88,Care Payments,Social Care Services
Adult Social Care,CREATIVE SUPPORT LTD,10/14/2015,185.92,Care Payments,Social Care Services
Adult Social Care,CREATIVE SUPPORT LTD,10/14/2015,132.8,Care Payments,Social Care Services
Adult Social Care,CREATIVE SUPPORT LTD,10/26/2015,106.25,Care Payments,Social Care Services
Adult Social Care,CREATIVE SUPPORT LTD,10/29/2015,"15,847.00",Care Payments,Social Care Services
Adult Social Care,CREATIVE SUPPORT LTD,10/20/2015,"6,565.80",Care Payments,Social Care Services
Adult Social Care,CREATIVE SUPPORT LTD,10/20/2015,"6,565.80",Care Payments,Social Care Services
Adult Social Care,CREATIVE SUPPORT LTD,10/20/2015,"6,565.80",Care Payments,Social Care Services
Adult Social Care,CREATIVE SUPPORT LTD,10/20/2015,"6,565.80",Care Payments,Social Care Services
Adult Social Care,CREATIVE SUPPORT LTD,10/20/2015,"2,396.38",Care Payments,Social Care Services
Adult Social Care,CREATIVE SUPPORT LTD,10/20/2015,10.4,Care Payments,Social Care Services
Adult Social Care,CREATIVE SUPPORT LTD,10/20/2015,11.3,Care Payments,Social Care Services
Adult Social Care,CREATIVE SUPPORT LTD,10/20/2015,8.4,Care Payments,Social Care Services
Adult Social Care,CREATIVE SUPPORT LTD,10/20/2015,132.8,Care Payments,Social Care Services
Adult Social Care,CREATIVE SUPPORT LTD,10/21/2015,139.44,Care Payments,Social Care Services
Adult Social Care,CREATIVE SUPPORT LTD,10/27/2015,185.92,Care Payments,Social Care Services
Adult Social Care,CREATIVE SUPPORT LTD,10/27/2015,478.08,Care Payments,Social Care Services
Adult Social Care,CREATIVE SUPPORT LTD,10/27/2015,106.24,Care Payments,Social Care Services
Adult Social Care,CREATIVE SUPPORT LTD,10/27/2015,106.24,Care Payments,Social Care Services
Adult Social Care,CREATIVE SUPPORT LTD,10/27/2015,199.2,Care Payments,Social Care Services
Adult Social Care,CREATIVE SUPPORT LTD,10/27/2015,92.96,Care Payments,Social Care Services
Adult Social Care,CREATIVE SUPPORT LTD,10/27/2015,531.2,Care Payments,Social Care Services
Adult Social Care,CREATIVE SUPPORT LTD,10/27/2015,292.16,Care Payments,Social Care Services
Adult Social Care,CREATIVE SUPPORT LTD,10/27/2015,212.48,Care Payments,Social Care Services
Adult Social Care,CREATIVE SUPPORT LTD,10/27/2015,132.8,Care Payments,Social Care Services
Corporate & Democratic Core,Crimson Document Management Service,10/28/2015,"1,791.08",Information and Communications Technology,ICT Consultancy / Support
Adult Social Care,CROSSROADS CARE IN GREATER MANCHEST,10/20/2015,151.2,Care Payments,Social Care Services
Adult Social Care,CROSSROADS CARE IN GREATER MANCHEST,10/20/2015,491.4,Care Payments,Social Care Services
Adult Social Care,CROSSROADS CARE IN GREATER MANCHEST,10/20/2015,37.8,Care Payments,Social Care Services
Adult Social Care,CROSSROADS CARE IN GREATER MANCHEST,10/20/2015,163.8,Care Payments,Social Care Services
Adult Social Care,CROSSROADS CARE IN GREATER MANCHEST,10/20/2015,333.9,Care Payments,Social Care Services
Adult Social Care,CROSSROADS CARE IN GREATER MANCHEST,10/20/2015,226.8,Care Payments,Social Care Services
Adult Social Care,CROSSROADS CARE IN GREATER MANCHEST,10/20/2015,441,Care Payments,Social Care Services
Adult Social Care,CROSSROADS CARE IN GREATER MANCHEST,10/20/2015,"1,858.50",Care Payments,Social Care Services
Adult Social Care,CROSSROADS CARE IN GREATER MANCHEST,10/20/2015,567,Care Payments,Social Care Services
Childrens & Educational Services,CROSSROADS CARE IN GREATER MANCHEST,10/13/2015,"1,677.50",Care Payments,Social Care Services
Childrens & Educational Services,CROSSROADS CARE IN GREATER MANCHEST,10/13/2015,424.96,Care Payments,Social Care Services
Childrens & Educational Services,CROSSROADS CARE IN GREATER MANCHEST,10/13/2015,"3,341.25",Care Payments,Social Care Services
Childrens & Educational Services,CROSSROADS CARE IN GREATER MANCHEST,10/30/2015,-4,Care Payments,Social Care Services
Childrens & Educational Services,CROSSROADS CARE IN GREATER MANCHEST,10/19/2015,5.05,Care Payments,Social Care Services
Childrens & Educational Services,CROSSROADS CARE IN GREATER MANCHEST,10/30/2015,"1,161.88",Care Payments,Social Care Services
Childrens & Educational Services,Cruckton Hall Ltd,10/16/2015,"52,402.75",Fees and Charges,Education Services
Childrens & Educational Services,Cruckton Hall Ltd,10/28/2015,"52,402.75",Fees and Charges,Education Services
Adult Social Care,Darnton House,10/5/2015,"6,709.29",Care Payments,Social Care Services
Adult Social Care,Darnton House,10/5/2015,"9,869.00",Care Payments,Social Care Services
Adult Social Care,Darnton House,10/5/2015,"10,082.00",Care Payments,Social Care Services
Adult Social Care,Darnton House,10/5/2015,"2,485.00",Care Payments,Social Care Services
Adult Social Care,Darnton House,10/26/2015,923,Care Payments,Social Care Services
Adult Social Care,DAVENPORT MANOR NURSING HOME LTD,10/5/2015,"1,840.00",Care Payments,Social Care Services
Adult Social Care,DAVENPORT MANOR NURSING HOME LTD,10/5/2015,"-1,349.56",Care Payments,Social Care Services
Adult Social Care,DAVENPORT MANOR NURSING HOME LTD,10/5/2015,"17,248.00",Care Payments,Social Care Services
Adult Social Care,DAVENPORT MANOR NURSING HOME LTD,10/5/2015,"-6,400.48",Care Payments,Social Care Services
Adult Social Care,DAVENPORT MANOR NURSING HOME LTD,10/5/2015,"5,408.00",Care Payments,Social Care Services
Adult Social Care,DAVENPORT MANOR NURSING HOME LTD,10/5/2015,"-2,697.20",Care Payments,Social Care Services
Adult Social Care,DAVENPORT MANOR NURSING HOME LTD,10/5/2015,"5,156.00",Care Payments,Social Care Services
Adult Social Care,DAVENPORT MANOR NURSING HOME LTD,10/5/2015,"-1,543.36",Care Payments,Social Care Services
Adult Social Care,DAVENPORT MANOR NURSING HOME LTD,10/5/2015,"7,048.00",Care Payments,Social Care Services
Adult Social Care,DAVENPORT MANOR NURSING HOME LTD,10/5/2015,"-1,443.60",Care Payments,Social Care Services
Adult Social Care,DAVENPORT MANOR NURSING HOME LTD,10/5/2015,"9,168.00",Care Payments,Social Care Services
Adult Social Care,DAVENPORT MANOR NURSING HOME LTD,10/5/2015,"-2,955.24",Care Payments,Social Care Services
Adult Social Care,DAVENPORT MANOR NURSING HOME LTD,10/5/2015,"1,840.00",Care Payments,Social Care Services
Adult Social Care,DAVENPORT MANOR NURSING HOME LTD,10/5/2015,-911.96,Care Payments,Social Care Services
Adult Social Care,DAVENPORT MANOR NURSING HOME LTD,10/26/2015,347.14,Care Payments,Social Care Services
Adult Social Care,DAVENPORT MANOR NURSING HOME LTD,10/26/2015,-28.57,Care Payments,Social Care Services
Adult Social Care,DAVENPORT MANOR NURSING HOME LTD,10/26/2015,"6,007.42",Care Payments,Social Care Services
Adult Social Care,DAVENPORT MANOR NURSING HOME LTD,10/26/2015,-485.72,Care Payments,Social Care Services
Adult Social Care,DAVENPORT MANOR NURSING HOME LTD,10/26/2015,"8,215.43",Care Payments,Social Care Services
Adult Social Care,DAVENPORT MANOR NURSING HOME LTD,10/26/2015,-57.14,Care Payments,Social Care Services
Adult Social Care,DAVID BUCKLEY - TAXIS,10/13/2015,30,Leasing /Transport Hire,Transport and Travel
Adult Social Care,DAVID BUCKLEY - TAXIS,10/13/2015,840,Leasing /Transport Hire,Transport and Travel
Childrens & Educational Services,DAVID MYERS - COACHING,10/27/2015,750,Professional Fees,Sports/Outdoor Activities
Planning Services,DAWSON RENTALS SWEEPERS,10/12/2015,675,Cleaning,Equipment Rental
Planning Services,DAWSON RENTALS SWEEPERS,10/14/2015,675,Cleaning,Equipment Rental
Planning Services,DAWSON RENTALS SWEEPERS,10/14/2015,675,Cleaning,Equipment Rental
Adult Social Care,DEAFNESS SUPPORT NETWORK,10/7/2015,233.04,Care Payments,Disability Support
Adult Social Care,DEAFNESS SUPPORT NETWORK,10/7/2015,233.04,Care Payments,Disability Support
Adult Social Care,DEAFNESS SUPPORT NETWORK,10/7/2015,"2,612.24",Care Payments,Disability Support
Adult Social Care,DEAFNESS SUPPORT NETWORK,10/7/2015,"2,852.56",Care Payments,Disability Support
Highways & Transport Services,DEBENHAMS PROPERTIES LTD,10/12/2015,"6,783.00",Rents,Property Management
Childrens & Educational Services,DEBONAIR LANGUAGES LTD,10/8/2015,"2,317.50",Professional Fees,Translation / Interpreter
Childrens & Educational Services,DEBONAIR LANGUAGES LTD,10/9/2015,"2,032.50",Professional Fees,Translation / Interpreter
Childrens & Educational Services,DEBONAIR LANGUAGES LTD,10/12/2015,"1,520.00",Professional Fees,Translation / Interpreter
Childrens & Educational Services,DEBONAIR LANGUAGES LTD,10/27/2015,"1,316.25",Professional Fees,Translation / Interpreter
Corporate & Democratic Core,DEEP STORE LTD,10/28/2015,"2,969.71",Office Expenses,Information Services
Corporate & Democratic Core,DEEP STORE LTD,10/12/2015,"2,315.78",Rents,Information Services
Adult Social Care,DERBYSHIRE C.C. - ADULT SOCIAL SERV,10/5/2015,"1,879.92",Care Payments,Local Authority
Childrens & Educational Services,DERWEN COLLEGE,10/13/2015,"10,317.66",Third party payments - Private/Voluntary Sector,Further and Higher Education
Childrens & Educational Services,DEVERE VENUES,10/28/2015,"3,078.00",Office Expenses,Facilities / Room Hire
Adult Social Care,DISABILITY STOCKPORT LTD,10/7/2015,"11,264.00",Care Payments,Disability Support
Adult Social Care,DISABILITY STOCKPORT LTD,10/7/2015,"1,364.00",Care Payments,Disability Support
Adult Social Care,DISABILITY STOCKPORT LTD,10/7/2015,"1,848.00",Care Payments,Disability Support
Adult Social Care,DISABILITY STOCKPORT LTD,10/7/2015,"3,828.00",Care Payments,Disability Support
Adult Social Care,DISABILITY STOCKPORT LTD,10/7/2015,"1,540.00",Care Payments,Disability Support
Planning Services,DISABILITY STOCKPORT LTD,10/29/2015,"3,118.00",Third party payments - Private/Voluntary Sector,Disability Support
Central Support Costs,DISCLOSURE AND BARRING SERVICE,10/21/2015,"5,522.00",Third party payments - Public Sector,Other Public Sector Organisation
Environmental & Regulatory Services,DISCLOSURE AND BARRING SERVICE,10/16/2015,792,Third party payments - Public Sector,Other Public Sector Organisation
Capital Expenditure,DODD GROUP (MIDLANDS) LTD,10/30/2015,214.3,Capital Expenditure - Works,Construction / Building Services
Capital Expenditure,DODD GROUP (MIDLANDS) LTD,10/14/2015,"3,460.22",Capital Expenditure - Works,Construction / Building Services
Capital Expenditure,DODD GROUP (MIDLANDS) LTD,10/30/2015,"1,893.28",Capital Expenditure - Works,Construction / Building Services
Capital Expenditure,DODD GROUP (MIDLANDS) LTD,10/2/2015,"34,584.64",Capital Expenditure - Works,Construction / Building Services
Capital Expenditure,DODD GROUP (MIDLANDS) LTD,10/7/2015,163.02,Capital Expenditure - Works,Construction / Building Services
Capital Expenditure,DODD GROUP (MIDLANDS) LTD,10/9/2015,194.37,Capital Expenditure - Works,Construction / Building Services
Capital Expenditure,DODD GROUP (MIDLANDS) LTD,10/14/2015,"2,941.91",Capital Expenditure - Works,Construction / Building Services
Capital Expenditure,DODD GROUP (MIDLANDS) LTD,10/13/2015,"5,549.40",Capital Expenditure - Works,Construction / Building Services
Capital Expenditure,DODD GROUP (MIDLANDS) LTD,10/19/2015,369.93,Capital Expenditure - Works,Construction / Building Services
Capital Expenditure,DODD GROUP (MIDLANDS) LTD,10/21/2015,"6,325.00",Capital Expenditure - Works,Construction / Building Services
Capital Expenditure,DODD GROUP (MIDLANDS) LTD,10/21/2015,"16,159.88",Capital Expenditure - Works,Construction / Building Services
Capital Expenditure,DODD GROUP (MIDLANDS) LTD,10/21/2015,"21,869.57",Capital Expenditure - Works,Construction / Building Services
Capital Expenditure,DODD GROUP (MIDLANDS) LTD,10/30/2015,757.84,Capital Expenditure - Works,Construction / Building Services
Capital Expenditure,DODD GROUP (MIDLANDS) LTD,10/23/2015,680.54,Capital Expenditure - Works,Construction / Building Services
Capital Expenditure,DODD GROUP (MIDLANDS) LTD,10/23/2015,686.48,Capital Expenditure - Works,Construction / Building Services
Capital Expenditure,DODD GROUP (MIDLANDS) LTD,10/23/2015,839.18,Capital Expenditure - Works,Construction / Building Services
Capital Expenditure,DODD GROUP (MIDLANDS) LTD,10/23/2015,913.26,Capital Expenditure - Works,Construction / Building Services
Capital Expenditure,DODD GROUP (MIDLANDS) LTD,10/30/2015,219.45,Capital Expenditure - Works,Construction / Building Services
Central Support Costs,DODD GROUP (MIDLANDS) LTD,10/8/2015,37.62,Furniture and Equipment,Construction / Building Services
Central Support Costs,DODD GROUP (MIDLANDS) LTD,10/29/2015,25,Furniture and Equipment,Construction / Building Services
Central Support Costs,DODD GROUP (MIDLANDS) LTD,10/29/2015,334.62,Furniture and Equipment,Construction / Building Services
Central Support Costs,DODD GROUP (MIDLANDS) LTD,10/29/2015,116.82,Furniture and Equipment,Construction / Building Services
Central Support Costs,DODD GROUP (MIDLANDS) LTD,10/29/2015,"2,846.25",Furniture and Equipment,Construction / Building Services
Central Support Costs,DODD GROUP (MIDLANDS) LTD,10/13/2015,70.91,Repairs and Maintenance,Construction / Building Services
Central Support Costs,DODD GROUP (MIDLANDS) LTD,10/1/2015,"1,315.31",Repairs and Maintenance,Construction / Building Services
Central Support Costs,DODD GROUP (MIDLANDS) LTD,10/6/2015,-169.73,Repairs and Maintenance,Construction / Building Services
Central Support Costs,DODD GROUP (MIDLANDS) LTD,10/19/2015,"2,443.60",Repairs and Maintenance,Construction / Building Services
Central Support Costs,DODD GROUP (MIDLANDS) LTD,10/21/2015,"1,233.76",Repairs and Maintenance,Construction / Building Services
Central Support Costs,DODD GROUP (MIDLANDS) LTD,10/21/2015,"4,493.96",Repairs and Maintenance,Construction / Building Services
Central Support Costs,DODD GROUP (MIDLANDS) LTD,10/22/2015,"4,599.30",Repairs and Maintenance,Construction / Building Services
Central Support Costs,DODD GROUP (MIDLANDS) LTD,10/22/2015,"4,831.23",Repairs and Maintenance,Construction / Building Services
Central Support Costs,DODD GROUP (MIDLANDS) LTD,10/27/2015,313.83,Repairs and Maintenance,Construction / Building Services
Central Support Costs,DODD GROUP (MIDLANDS) LTD,10/16/2015,175,Repairs and Maintenance,Construction / Building Services
Central Support Costs,DODD GROUP (MIDLANDS) LTD,10/12/2015,"50,000.00",Repairs and Maintenance,Construction / Building Services
Central Support Costs,DODD GROUP (MIDLANDS) LTD,10/22/2015,175,Repairs and Maintenance,Construction / Building Services
Central Support Costs,DODD GROUP (MIDLANDS) LTD,10/29/2015,"20,071.01",Repairs and Maintenance,Construction / Building Services
Central Support Costs,DODD GROUP (MIDLANDS) LTD,10/29/2015,"20,117.28",Repairs and Maintenance,Construction / Building Services
Central Support Costs,DODD GROUP (MIDLANDS) LTD,10/29/2015,175,Repairs and Maintenance,Construction / Building Services
Central Support Costs,DODD GROUP (MIDLANDS) LTD,10/29/2015,169.73,Repairs and Maintenance,Construction / Building Services
Central Support Costs,DODD GROUP (MIDLANDS) LTD,10/29/2015,231.45,Repairs and Maintenance,Construction / Building Services
Central Support Costs,DODD GROUP (MIDLANDS) LTD,10/29/2015,632.63,Repairs and Maintenance,Construction / Building Services
Central Support Costs,DODD GROUP (MIDLANDS) LTD,10/29/2015,185.16,Repairs and Maintenance,Construction / Building Services
Central Support Costs,DODD GROUP (MIDLANDS) LTD,10/29/2015,"3,500.00",Repairs and Maintenance,Construction / Building Services
Capital Expenditure,DODD GROUP (MIDLANDS) LTD,10/1/2015,170.43,Repairs and Maintenance,Construction / Building Services
Capital Expenditure,DODD GROUP (MIDLANDS) LTD,10/6/2015,"2,957.69",Repairs and Maintenance,Construction / Building Services
Capital Expenditure,DODD GROUP (MIDLANDS) LTD,10/30/2015,"2,488.32",Repairs and Maintenance,Construction / Building Services
Childrens & Educational Services,DODD GROUP (MIDLANDS) LTD,10/13/2015,13.83,Repairs and Maintenance,Construction / Building Services
Childrens & Educational Services,DODD GROUP (MIDLANDS) LTD,10/13/2015,170.98,Repairs and Maintenance,Construction / Building Services
Childrens & Educational Services,DODD GROUP (MIDLANDS) LTD,10/13/2015,290.43,Repairs and Maintenance,Construction / Building Services
Childrens & Educational Services,DODD GROUP (MIDLANDS) LTD,10/13/2015,41.49,Repairs and Maintenance,Construction / Building Services
Childrens & Educational Services,DODD GROUP (MIDLANDS) LTD,10/12/2015,571.84,Repairs and Maintenance,Construction / Building Services
Childrens & Educational Services,DODD GROUP (MIDLANDS) LTD,10/30/2015,69.15,Repairs and Maintenance,Construction / Building Services
Planning Services,DODD GROUP (MIDLANDS) LTD,10/27/2015,227.27,Repairs and Maintenance,Construction / Building Services
Adult Social Care,DOM POLSKI RESIDENTIAL CARE HOME,10/5/2015,"1,663.36",Care Payments,Social Care Services
Central Support Costs,DOOR CARE & SECURITY LTD,10/1/2015,264.4,Cleaning,Construction / Building Services
Central Support Costs,DOOR CARE & SECURITY LTD,10/1/2015,187.1,Repairs and Maintenance,Construction / Building Services
Central Support Costs,DOOR CARE & SECURITY LTD,10/1/2015,153,Repairs and Maintenance,Construction / Building Services
Central Support Costs,DOOR CARE & SECURITY LTD,10/20/2015,212.39,Repairs and Maintenance,Construction / Building Services
Central Support Costs,DOOR CARE & SECURITY LTD,10/21/2015,328.67,Repairs and Maintenance,Construction / Building Services
Childrens & Educational Services,DOOR CARE & SECURITY LTD,10/16/2015,99.5,Repairs and Maintenance,Construction / Building Services
Adult Social Care,Dovehaven Care Group,10/5/2015,"1,868.84",Care Payments,Social Care Services
Adult Social Care,Dovehaven Care Group,10/5/2015,"-1,024.20",Care Payments,Social Care Services
Public Health,DR A GHAFOOR,10/2/2015,585.52,Care Payments,Health Services
Adult Social Care,DR AMAN GUPTA,10/1/2015,180.42,Fees and Charges,Health Services
Adult Social Care,DR AMAN GUPTA,10/1/2015,173.37,Fees and Charges,Health Services
Adult Social Care,DR AMAN GUPTA,10/1/2015,173.37,Fees and Charges,Health Services
Adult Social Care,DR AMAN GUPTA,10/1/2015,180.42,Fees and Charges,Health Services
Adult Social Care,DR AMAN GUPTA,10/1/2015,176.19,Fees and Charges,Health Services
Adult Social Care,DR AMAN GUPTA,10/1/2015,173.37,Fees and Charges,Health Services
Adult Social Care,DR AMAN GUPTA,10/1/2015,179.95,Fees and Charges,Health Services
Adult Social Care,DR AMAN GUPTA,10/6/2015,175.25,Fees and Charges,Health Services
Adult Social Care,DR AMAN GUPTA,10/21/2015,182.77,Fees and Charges,Health Services
Adult Social Care,DR AMAN GUPTA,10/21/2015,176.66,Fees and Charges,Health Services
Adult Social Care,DR AMAN GUPTA,10/21/2015,176.19,Fees and Charges,Health Services
Adult Social Care,DR AMAN GUPTA,10/21/2015,177.13,Fees and Charges,Health Services
Adult Social Care,DR AMAN GUPTA,10/21/2015,173.37,Fees and Charges,Health Services
Adult Social Care,DR AMAN GUPTA,10/21/2015,184.18,Fees and Charges,Health Services
Adult Social Care,DR AMAN GUPTA,10/21/2015,177.13,Fees and Charges,Health Services
Adult Social Care,DR AMAN GUPTA,10/21/2015,173.37,Fees and Charges,Health Services
Adult Social Care,DR AMAN GUPTA,10/21/2015,181.36,Fees and Charges,Health Services
Adult Social Care,DR AMAN GUPTA,10/23/2015,175.25,Fees and Charges,Health Services
Adult Social Care,DR AMAN GUPTA,10/23/2015,173.37,Fees and Charges,Health Services
Adult Social Care,DR AMAN GUPTA,10/21/2015,186.53,Fees and Charges,Health Services
Adult Social Care,DR AMAN GUPTA,10/23/2015,173.37,Fees and Charges,Health Services
Adult Social Care,DR AMAN GUPTA,10/23/2015,180.89,Fees and Charges,Health Services
Adult Social Care,DR AMAN GUPTA,10/27/2015,173.37,Fees and Charges,Health Services
Adult Social Care,DR AMAN GUPTA,10/27/2015,176.66,Fees and Charges,Health Services
Childrens & Educational Services,Dr Aneela Pilkington - Psychologist,10/26/2015,320,Professional Fees,Health Services
Childrens & Educational Services,Dr Aneela Pilkington - Psychologist,10/26/2015,400,Professional Fees,Health Services
Childrens & Educational Services,Dr Aneela Pilkington - Psychologist,10/26/2015,800,Professional Fees,Health Services
Childrens & Educational Services,DR CAROLINE WHITE,10/29/2015,"1,100.00",Professional Fees,Trainer / Facilitator
Public Health,DR DEVINE & PARTNERS,10/12/2015,"1,270.00",Care Payments,Health Services
Public Health,DR DEVINE & PARTNERS,10/28/2015,"1,300.96",Care Payments,Health Services
Public Health,DR DEVINE & PARTNERS,10/28/2015,"1,000.00",Service Contract Payments,Health Services
Public Health,DR MATHEWSON,10/28/2015,297,Care Payments,Health Services
Public Health,DR MATHEWSON,10/28/2015,650.48,Care Payments,Health Services
Public Health,DR MATHEWSON,10/28/2015,250,Service Contract Payments,Health Services
Adult Social Care,Dr Raghupathy Paranthaman,10/1/2015,189.82,Fees and Charges,Health Services
Adult Social Care,Dr Raghupathy Paranthaman,10/1/2015,187.47,Fees and Charges,Health Services
Adult Social Care,Dr Raghupathy Paranthaman,10/1/2015,173.37,Fees and Charges,Health Services
Adult Social Care,Dr Raghupathy Paranthaman,10/1/2015,173.37,Fees and Charges,Health Services
Adult Social Care,Dr Raghupathy Paranthaman,10/1/2015,173.37,Fees and Charges,Health Services
Adult Social Care,Dr Raghupathy Paranthaman,10/1/2015,179.01,Fees and Charges,Health Services
Adult Social Care,Dr Raghupathy Paranthaman,10/1/2015,180.42,Professional Fees,Health Services
Adult Social Care,Dr Rashad Nazir,10/1/2015,22.56,Fees and Charges,Health Services
Adult Social Care,Dr Rashad Nazir,10/1/2015,22.56,Fees and Charges,Health Services
Adult Social Care,Dr Rashad Nazir,10/1/2015,22.56,Fees and Charges,Health Services
Adult Social Care,Dr Rashad Nazir,10/1/2015,22.56,Fees and Charges,Health Services
Adult Social Care,Dr Rashad Nazir,10/1/2015,21.62,Fees and Charges,Health Services
Adult Social Care,Dr Rashad Nazir,10/21/2015,193.11,Fees and Charges,Health Services
Adult Social Care,Dr Rashad Nazir,10/21/2015,221.31,Fees and Charges,Health Services
Adult Social Care,Dr Rashad Nazir,10/21/2015,199.69,Fees and Charges,Health Services
Adult Social Care,Dr Rashad Nazir,10/21/2015,194.99,Fees and Charges,Health Services
Adult Social Care,Dr Rashad Nazir,10/22/2015,199.87,Fees and Charges,Health Services
Adult Social Care,Dr Rashad Nazir,10/22/2015,197.93,Fees and Charges,Health Services
Public Health,DR RJ SEABROOK & PARTNERS,10/28/2015,60,Care Payments,Health Services
Public Health,DR RJ SEABROOK & PARTNERS,10/29/2015,731.79,Care Payments,Health Services
Public Health,DR RJ SEABROOK & PARTNERS,10/29/2015,650,Service Contract Payments,Health Services
Childrens & Educational Services,Dr Stuart Hepworth,10/9/2015,"1,200.00",Publicity and Promotion,Trainer / Facilitator
Adult Social Care,DR SUDHIR KUMAR SALUJHA,10/1/2015,173.37,Fees and Charges,Health Services
Adult Social Care,DR SUDHIR KUMAR SALUJHA,10/1/2015,178.07,Fees and Charges,Health Services
Adult Social Care,DR SUDHIR KUMAR SALUJHA,10/20/2015,173.37,Fees and Charges,Health Services
Central Support Costs,DRAINAGE CONSULTANTS LTD,10/21/2015,"1,400.00",Repairs and Maintenance,Utilities
Central Support Costs,DRAINAGE CONSULTANTS LTD,10/21/2015,700,Repairs and Maintenance,Utilities
Central Support Costs,DRAINAGE CONSULTANTS LTD,10/21/2015,540,Utilities,Utilities
Adult Social Care,DRAKELOW HOUSE,10/5/2015,"27,996.00",Care Payments,Social Care Services
Adult Social Care,DRAKELOW HOUSE,10/5/2015,"-6,858.90",Care Payments,Social Care Services
Adult Social Care,DRAKELOW HOUSE,10/26/2015,"1,900.00",Care Payments,Social Care Services
Adult Social Care,DRAKELOW HOUSE,10/26/2015,-368,Care Payments,Social Care Services
Central Services to the public,DSI Billing Services Ltd,10/30/2015,"6,905.01",Office Expenses,"Postal, Mail and Courier Services"
Central Support Costs,DWF LLP,10/12/2015,"2,755.10",Professional Fees,Legal Services
Public Health,East Cheshire NHS Trust,10/22/2015,"2,169.98",Fees and Charges,NHS Organisation
Public Health,East Cheshire NHS Trust,10/27/2015,"1,412.00",Fees and Charges,NHS Organisation
Public Health,East Cheshire NHS Trust,10/27/2015,"1,757.60",Fees and Charges,NHS Organisation
Public Health,East Cheshire NHS Trust,10/27/2015,"1,865.68",Fees and Charges,NHS Organisation
Public Health,East Cheshire NHS Trust,10/27/2015,"1,669.46",Fees and Charges,NHS Organisation
Public Health,East Cheshire NHS Trust,10/28/2015,"2,032.52",Fees and Charges,NHS Organisation
Adult Social Care,EASTHOLME SURGERY,10/30/2015,"2,393.95",Care Payments,Health Services
Public Health,EASTHOLME SURGERY,10/28/2015,"1,235.00",Care Payments,Health Services
Public Health,EASTHOLME SURGERY,10/28/2015,450,Service Contract Payments,Health Services
Adult Social Care,EASYGO CT (STOCKPORT),10/20/2015,13.5,Leasing /Transport Hire,Transport and Travel
Adult Social Care,EASYGO CT (STOCKPORT),10/20/2015,"2,485.20",Leasing /Transport Hire,Transport and Travel
Adult Social Care,EASYGO CT (STOCKPORT),10/20/2015,"1,583.81",Leasing /Transport Hire,Transport and Travel
Childrens & Educational Services,EASYGO CT (STOCKPORT),10/20/2015,"2,120.00",Leasing /Transport Hire,Transport and Travel
Planning Services,EASYGO CT (STOCKPORT),10/21/2015,53.6,Publicity and Promotion,Transport and Travel
Adult Social Care,EDEN MANSIONS NURSING HOME,10/5/2015,448,Care Payments,Social Care Services
Adult Social Care,EDEN MANSIONS NURSING HOME,10/5/2015,"1,988.00",Care Payments,Social Care Services
Adult Social Care,EDEN MANSIONS NURSING HOME,10/5/2015,448,Care Payments,Social Care Services
Adult Social Care,EDEN MANSIONS NURSING HOME,10/5/2015,"1,988.00",Care Payments,Social Care Services
Adult Social Care,EDEN MANSIONS NURSING HOME,10/5/2015,"1,784.00",Care Payments,Social Care Services
Adult Social Care,EDEN MANSIONS NURSING HOME,10/5/2015,"3,920.00",Care Payments,Social Care Services
Adult Social Care,EDEN MANSIONS NURSING HOME,10/5/2015,-732,Care Payments,Social Care Services
Adult Social Care,EDEN MANSIONS NURSING HOME,10/5/2015,"-1,010.40",Care Payments,Social Care Services
Childrens & Educational Services,EDEN SPRINGS (UK) LTD,10/9/2015,302.11,Expenses and Allowances,"Catering, Food and Beverages"
Childrens & Educational Services,EDEN SPRINGS (UK) LTD,10/27/2015,566.6,Expenses and Allowances,"Catering, Food and Beverages"
Childrens & Educational Services,EDEN SPRINGS (UK) LTD,10/12/2015,566.6,Expenses and Allowances,"Catering, Food and Beverages"
Childrens & Educational Services,EDEN SPRINGS (UK) LTD,10/12/2015,458.95,Expenses and Allowances,"Catering, Food and Beverages"
Childrens & Educational Services,EDEN SPRINGS (UK) LTD,10/21/2015,69.04,Expenses and Allowances,"Catering, Food and Beverages"
Childrens & Educational Services,EDEN SPRINGS (UK) LTD,10/9/2015,-4.53,Expenses and Allowances,"Catering, Food and Beverages"
Childrens & Educational Services,EDEN SPRINGS (UK) LTD,10/9/2015,45.96,Office Expenses,"Catering, Food and Beverages"
Childrens & Educational Services,EDMUNDSON ELECTRICAL LTD,10/19/2015,34,Repairs and Maintenance,Construction / Building Services
Cultural & Related Services,EDMUNDSON ELECTRICAL LTD,10/23/2015,614,Repairs and Maintenance,Construction / Building Services
Adult Social Care,EGAN REID STATIONERY CO LTD,10/2/2015,10.12,Catering Supplies,Office Equipment / Stationery Supplies
Childrens & Educational Services,EGAN REID STATIONERY CO LTD,10/8/2015,19.1,Catering Supplies,Office Equipment / Stationery Supplies
Adult Social Care,EGAN REID STATIONERY CO LTD,10/9/2015,16.99,Catering Supplies,Office Equipment / Stationery Supplies
Central Support Costs,EGAN REID STATIONERY CO LTD,10/9/2015,338.79,Catering Supplies,Office Equipment / Stationery Supplies
Central Support Costs,EGAN REID STATIONERY CO LTD,10/30/2015,44.46,Catering Supplies,Office Equipment / Stationery Supplies
Childrens & Educational Services,EGAN REID STATIONERY CO LTD,10/8/2015,17.55,Catering Supplies,Office Equipment / Stationery Supplies
Childrens & Educational Services,EGAN REID STATIONERY CO LTD,10/8/2015,20.23,Catering Supplies,Office Equipment / Stationery Supplies
Childrens & Educational Services,EGAN REID STATIONERY CO LTD,10/8/2015,2.92,Catering Supplies,Office Equipment / Stationery Supplies
Childrens & Educational Services,EGAN REID STATIONERY CO LTD,10/9/2015,89.58,Catering Supplies,Office Equipment / Stationery Supplies
Childrens & Educational Services,EGAN REID STATIONERY CO LTD,10/29/2015,1.59,Catering Supplies,Office Equipment / Stationery Supplies
Childrens & Educational Services,EGAN REID STATIONERY CO LTD,10/30/2015,30.25,Catering Supplies,Office Equipment / Stationery Supplies
Cultural & Related Services,EGAN REID STATIONERY CO LTD,10/2/2015,104.55,Catering Supplies,Office Equipment / Stationery Supplies
Cultural & Related Services,EGAN REID STATIONERY CO LTD,10/2/2015,29,Catering Supplies,Office Equipment / Stationery Supplies
Central Support Costs,EGAN REID STATIONERY CO LTD,10/9/2015,22.89,Cleaning,Office Equipment / Stationery Supplies
Central Support Costs,EGAN REID STATIONERY CO LTD,10/30/2015,22.89,Cleaning,Office Equipment / Stationery Supplies
Childrens & Educational Services,EGAN REID STATIONERY CO LTD,10/8/2015,54.22,Cleaning,Office Equipment / Stationery Supplies
Childrens & Educational Services,EGAN REID STATIONERY CO LTD,10/8/2015,34.73,Clothing Uniforms and Laundry,Office Equipment / Stationery Supplies
Planning Services,EGAN REID STATIONERY CO LTD,10/15/2015,28.62,Expenses and Allowances,Office Equipment / Stationery Supplies
Childrens & Educational Services,EGAN REID STATIONERY CO LTD,10/30/2015,147.5,Expenses and Allowances,Office Equipment / Stationery Supplies
Central Services to the public,EGAN REID STATIONERY CO LTD,10/30/2015,6.41,Furniture and Equipment,Office Equipment / Stationery Supplies
Central Services to the public,EGAN REID STATIONERY CO LTD,10/21/2015,67.91,Furniture and Equipment,Office Equipment / Stationery Supplies
Central Support Costs,EGAN REID STATIONERY CO LTD,10/19/2015,8.67,Furniture and Equipment,Office Equipment / Stationery Supplies
Central Support Costs,EGAN REID STATIONERY CO LTD,10/14/2015,395.96,Furniture and Equipment,Office Equipment / Stationery Supplies
Central Support Costs,EGAN REID STATIONERY CO LTD,10/21/2015,50.77,Furniture and Equipment,Office Equipment / Stationery Supplies
Central Support Costs,EGAN REID STATIONERY CO LTD,10/8/2015,35.02,Furniture and Equipment,Office Equipment / Stationery Supplies
Central Support Costs,EGAN REID STATIONERY CO LTD,10/8/2015,5.38,Furniture and Equipment,Office Equipment / Stationery Supplies
Central Support Costs,EGAN REID STATIONERY CO LTD,10/9/2015,23.13,Furniture and Equipment,Office Equipment / Stationery Supplies
Central Support Costs,EGAN REID STATIONERY CO LTD,10/9/2015,256.4,Furniture and Equipment,Office Equipment / Stationery Supplies
Central Support Costs,EGAN REID STATIONERY CO LTD,10/9/2015,27.47,Furniture and Equipment,Office Equipment / Stationery Supplies
Central Support Costs,EGAN REID STATIONERY CO LTD,10/9/2015,25.26,Furniture and Equipment,Office Equipment / Stationery Supplies
Central Support Costs,EGAN REID STATIONERY CO LTD,10/30/2015,288.82,Furniture and Equipment,Office Equipment / Stationery Supplies
Central Support Costs,EGAN REID STATIONERY CO LTD,10/30/2015,68.75,Furniture and Equipment,Office Equipment / Stationery Supplies
Central Support Costs,EGAN REID STATIONERY CO LTD,10/30/2015,27.09,Furniture and Equipment,Office Equipment / Stationery Supplies
Childrens & Educational Services,EGAN REID STATIONERY CO LTD,10/9/2015,55.96,Furniture and Equipment,Office Equipment / Stationery Supplies
Corporate & Democratic Core,EGAN REID STATIONERY CO LTD,10/2/2015,49.46,Furniture and Equipment,Office Equipment / Stationery Supplies
Corporate & Democratic Core,EGAN REID STATIONERY CO LTD,10/9/2015,50.85,Furniture and Equipment,Office Equipment / Stationery Supplies
Adult Social Care,EGAN REID STATIONERY CO LTD,10/8/2015,6.86,Furniture and Equipment,Office Equipment / Stationery Supplies
Adult Social Care,EGAN REID STATIONERY CO LTD,10/9/2015,10.36,Furniture and Equipment,Office Equipment / Stationery Supplies
Adult Social Care,EGAN REID STATIONERY CO LTD,10/19/2015,-179.94,Furniture and Equipment,Office Equipment / Stationery Supplies
Childrens & Educational Services,EGAN REID STATIONERY CO LTD,10/2/2015,3.38,Furniture and Equipment,Office Equipment / Stationery Supplies
Childrens & Educational Services,EGAN REID STATIONERY CO LTD,10/2/2015,87.1,Furniture and Equipment,Office Equipment / Stationery Supplies
Childrens & Educational Services,EGAN REID STATIONERY CO LTD,10/2/2015,33.76,Furniture and Equipment,Office Equipment / Stationery Supplies
Childrens & Educational Services,EGAN REID STATIONERY CO LTD,10/2/2015,3.47,Furniture and Equipment,Office Equipment / Stationery Supplies
Childrens & Educational Services,EGAN REID STATIONERY CO LTD,10/2/2015,3.8,Furniture and Equipment,Office Equipment / Stationery Supplies
Childrens & Educational Services,EGAN REID STATIONERY CO LTD,10/2/2015,3.47,Furniture and Equipment,Office Equipment / Stationery Supplies
Childrens & Educational Services,EGAN REID STATIONERY CO LTD,10/2/2015,96.47,Furniture and Equipment,Office Equipment / Stationery Supplies
Childrens & Educational Services,EGAN REID STATIONERY CO LTD,10/2/2015,77.1,Furniture and Equipment,Office Equipment / Stationery Supplies
Childrens & Educational Services,EGAN REID STATIONERY CO LTD,10/13/2015,10.11,Furniture and Equipment,Office Equipment / Stationery Supplies
Childrens & Educational Services,EGAN REID STATIONERY CO LTD,10/8/2015,27.4,Furniture and Equipment,Office Equipment / Stationery Supplies
Childrens & Educational Services,EGAN REID STATIONERY CO LTD,10/8/2015,8.38,Furniture and Equipment,Office Equipment / Stationery Supplies
Childrens & Educational Services,EGAN REID STATIONERY CO LTD,10/8/2015,16.2,Furniture and Equipment,Office Equipment / Stationery Supplies
Childrens & Educational Services,EGAN REID STATIONERY CO LTD,10/9/2015,10.38,Furniture and Equipment,Office Equipment / Stationery Supplies
Childrens & Educational Services,EGAN REID STATIONERY CO LTD,10/9/2015,44.6,Furniture and Equipment,Office Equipment / Stationery Supplies
Childrens & Educational Services,EGAN REID STATIONERY CO LTD,10/9/2015,2.85,Furniture and Equipment,Office Equipment / Stationery Supplies
Childrens & Educational Services,EGAN REID STATIONERY CO LTD,10/19/2015,-20,Furniture and Equipment,Office Equipment / Stationery Supplies
Childrens & Educational Services,EGAN REID STATIONERY CO LTD,10/29/2015,6.7,Furniture and Equipment,Office Equipment / Stationery Supplies
Childrens & Educational Services,EGAN REID STATIONERY CO LTD,10/29/2015,96.47,Furniture and Equipment,Office Equipment / Stationery Supplies
Childrens & Educational Services,EGAN REID STATIONERY CO LTD,10/29/2015,45.41,Furniture and Equipment,Office Equipment / Stationery Supplies
Childrens & Educational Services,EGAN REID STATIONERY CO LTD,10/29/2015,23.32,Furniture and Equipment,Office Equipment / Stationery Supplies
Childrens & Educational Services,EGAN REID STATIONERY CO LTD,10/30/2015,7.1,Furniture and Equipment,Office Equipment / Stationery Supplies
Childrens & Educational Services,EGAN REID STATIONERY CO LTD,10/30/2015,8.92,Furniture and Equipment,Office Equipment / Stationery Supplies
Childrens & Educational Services,EGAN REID STATIONERY CO LTD,10/19/2015,116.36,Furniture and Equipment,Office Equipment / Stationery Supplies
Childrens & Educational Services,EGAN REID STATIONERY CO LTD,10/9/2015,2.62,Furniture and Equipment,Office Equipment / Stationery Supplies
Childrens & Educational Services,EGAN REID STATIONERY CO LTD,10/8/2015,17.82,Furniture and Equipment,Office Equipment / Stationery Supplies
Childrens & Educational Services,EGAN REID STATIONERY CO LTD,10/14/2015,12.34,Furniture and Equipment,Office Equipment / Stationery Supplies
Childrens & Educational Services,EGAN REID STATIONERY CO LTD,10/19/2015,198.39,Furniture and Equipment,Office Equipment / Stationery Supplies
Childrens & Educational Services,EGAN REID STATIONERY CO LTD,10/26/2015,196.1,Furniture and Equipment,Office Equipment / Stationery Supplies
Childrens & Educational Services,EGAN REID STATIONERY CO LTD,10/23/2015,14,Furniture and Equipment,Office Equipment / Stationery Supplies
Childrens & Educational Services,EGAN REID STATIONERY CO LTD,10/19/2015,-116.36,Furniture and Equipment,Office Equipment / Stationery Supplies
Cultural & Related Services,EGAN REID STATIONERY CO LTD,10/2/2015,2.43,Furniture and Equipment,Office Equipment / Stationery Supplies
Cultural & Related Services,EGAN REID STATIONERY CO LTD,10/29/2015,22.94,Furniture and Equipment,Office Equipment / Stationery Supplies
Environmental & Regulatory Services,EGAN REID STATIONERY CO LTD,10/29/2015,16.29,Furniture and Equipment,Office Equipment / Stationery Supplies
Highways & Transport Services,EGAN REID STATIONERY CO LTD,10/29/2015,27.78,Furniture and Equipment,Office Equipment / Stationery Supplies
Central Services to the public,EGAN REID STATIONERY CO LTD,10/19/2015,-122.46,Information and Communications Technology,Office Equipment / Stationery Supplies
Public Health,EGAN REID STATIONERY CO LTD,10/1/2015,166.2,Library Equipment,Office Equipment / Stationery Supplies
Adult Social Care,EGAN REID STATIONERY CO LTD,10/2/2015,135.63,Office Expenses,Office Equipment / Stationery Supplies
Adult Social Care,EGAN REID STATIONERY CO LTD,10/9/2015,189.85,Office Expenses,Office Equipment / Stationery Supplies
Adult Social Care,EGAN REID STATIONERY CO LTD,10/9/2015,207.48,Office Expenses,Office Equipment / Stationery Supplies
Adult Social Care,EGAN REID STATIONERY CO LTD,10/29/2015,54.12,Office Expenses,Office Equipment / Stationery Supplies
Adult Social Care,EGAN REID STATIONERY CO LTD,10/30/2015,85.41,Office Expenses,Office Equipment / Stationery Supplies
Central Services to the public,EGAN REID STATIONERY CO LTD,10/30/2015,26.7,Office Expenses,Office Equipment / Stationery Supplies
Central Services to the public,EGAN REID STATIONERY CO LTD,10/5/2015,33.5,Office Expenses,Office Equipment / Stationery Supplies
Central Services to the public,EGAN REID STATIONERY CO LTD,10/21/2015,30.25,Office Expenses,Office Equipment / Stationery Supplies
Central Services to the public,EGAN REID STATIONERY CO LTD,10/2/2015,33.84,Office Expenses,Office Equipment / Stationery Supplies
Central Services to the public,EGAN REID STATIONERY CO LTD,10/2/2015,179.86,Office Expenses,Office Equipment / Stationery Supplies
Central Services to the public,EGAN REID STATIONERY CO LTD,10/2/2015,43.72,Office Expenses,Office Equipment / Stationery Supplies
Central Services to the public,EGAN REID STATIONERY CO LTD,10/8/2015,36.25,Office Expenses,Office Equipment / Stationery Supplies
Central Services to the public,EGAN REID STATIONERY CO LTD,10/8/2015,298.39,Office Expenses,Office Equipment / Stationery Supplies
Central Services to the public,EGAN REID STATIONERY CO LTD,10/8/2015,396.37,Office Expenses,Office Equipment / Stationery Supplies
Central Services to the public,EGAN REID STATIONERY CO LTD,10/19/2015,25.43,Office Expenses,Office Equipment / Stationery Supplies
Central Services to the public,EGAN REID STATIONERY CO LTD,10/30/2015,58.76,Office Expenses,Office Equipment / Stationery Supplies
Central Services to the public,EGAN REID STATIONERY CO LTD,10/30/2015,68.73,Office Expenses,Office Equipment / Stationery Supplies
Central Services to the public,EGAN REID STATIONERY CO LTD,10/30/2015,137.5,Office Expenses,Office Equipment / Stationery Supplies
Central Services to the public,EGAN REID STATIONERY CO LTD,10/30/2015,9.18,Office Expenses,Office Equipment / Stationery Supplies
Central Services to the public,EGAN REID STATIONERY CO LTD,10/30/2015,42.48,Office Expenses,Office Equipment / Stationery Supplies
Central Support Costs,EGAN REID STATIONERY CO LTD,10/19/2015,22.43,Office Expenses,Office Equipment / Stationery Supplies
Central Support Costs,EGAN REID STATIONERY CO LTD,10/26/2015,5.18,Office Expenses,Office Equipment / Stationery Supplies
Central Support Costs,EGAN REID STATIONERY CO LTD,10/27/2015,12.13,Office Expenses,Office Equipment / Stationery Supplies
Central Support Costs,EGAN REID STATIONERY CO LTD,10/8/2015,96.68,Office Expenses,Office Equipment / Stationery Supplies
Central Support Costs,EGAN REID STATIONERY CO LTD,10/1/2015,17.4,Office Expenses,Office Equipment / Stationery Supplies
Central Support Costs,EGAN REID STATIONERY CO LTD,10/19/2015,24.62,Office Expenses,Office Equipment / Stationery Supplies
Central Support Costs,EGAN REID STATIONERY CO LTD,10/2/2015,2.41,Office Expenses,Office Equipment / Stationery Supplies
Central Support Costs,EGAN REID STATIONERY CO LTD,10/2/2015,20.57,Office Expenses,Office Equipment / Stationery Supplies
Central Support Costs,EGAN REID STATIONERY CO LTD,10/15/2015,8.26,Office Expenses,Office Equipment / Stationery Supplies
Central Support Costs,EGAN REID STATIONERY CO LTD,10/2/2015,24.14,Office Expenses,Office Equipment / Stationery Supplies
Central Support Costs,EGAN REID STATIONERY CO LTD,10/2/2015,3.43,Office Expenses,Office Equipment / Stationery Supplies
Central Support Costs,EGAN REID STATIONERY CO LTD,10/2/2015,35.86,Office Expenses,Office Equipment / Stationery Supplies
Central Support Costs,EGAN REID STATIONERY CO LTD,10/2/2015,26.75,Office Expenses,Office Equipment / Stationery Supplies
Central Support Costs,EGAN REID STATIONERY CO LTD,10/2/2015,19.71,Office Expenses,Office Equipment / Stationery Supplies
Central Support Costs,EGAN REID STATIONERY CO LTD,10/2/2015,68.39,Office Expenses,Office Equipment / Stationery Supplies
Central Support Costs,EGAN REID STATIONERY CO LTD,10/2/2015,8.32,Office Expenses,Office Equipment / Stationery Supplies
Central Support Costs,EGAN REID STATIONERY CO LTD,10/2/2015,3.25,Office Expenses,Office Equipment / Stationery Supplies
Central Support Costs,EGAN REID STATIONERY CO LTD,10/2/2015,9.59,Office Expenses,Office Equipment / Stationery Supplies
Central Support Costs,EGAN REID STATIONERY CO LTD,10/14/2015,16.26,Office Expenses,Office Equipment / Stationery Supplies
Central Support Costs,EGAN REID STATIONERY CO LTD,10/2/2015,16.02,Office Expenses,Office Equipment / Stationery Supplies
Central Support Costs,EGAN REID STATIONERY CO LTD,10/2/2015,2.59,Office Expenses,Office Equipment / Stationery Supplies
Central Support Costs,EGAN REID STATIONERY CO LTD,10/2/2015,2.24,Office Expenses,Office Equipment / Stationery Supplies
Central Support Costs,EGAN REID STATIONERY CO LTD,10/2/2015,5.39,Office Expenses,Office Equipment / Stationery Supplies
Central Support Costs,EGAN REID STATIONERY CO LTD,10/2/2015,48.88,Office Expenses,Office Equipment / Stationery Supplies
Central Support Costs,EGAN REID STATIONERY CO LTD,10/8/2015,-4.31,Office Expenses,Office Equipment / Stationery Supplies
Central Support Costs,EGAN REID STATIONERY CO LTD,10/8/2015,72.06,Office Expenses,Office Equipment / Stationery Supplies
Central Support Costs,EGAN REID STATIONERY CO LTD,10/8/2015,70.03,Office Expenses,Office Equipment / Stationery Supplies
Central Support Costs,EGAN REID STATIONERY CO LTD,10/8/2015,11.21,Office Expenses,Office Equipment / Stationery Supplies
Central Support Costs,EGAN REID STATIONERY CO LTD,10/8/2015,23.75,Office Expenses,Office Equipment / Stationery Supplies
Central Support Costs,EGAN REID STATIONERY CO LTD,10/8/2015,9.88,Office Expenses,Office Equipment / Stationery Supplies
Central Support Costs,EGAN REID STATIONERY CO LTD,10/22/2015,12.57,Office Expenses,Office Equipment / Stationery Supplies
Central Support Costs,EGAN REID STATIONERY CO LTD,10/9/2015,25.49,Office Expenses,Office Equipment / Stationery Supplies
Central Support Costs,EGAN REID STATIONERY CO LTD,10/9/2015,90.74,Office Expenses,Office Equipment / Stationery Supplies
Central Support Costs,EGAN REID STATIONERY CO LTD,10/19/2015,47.1,Office Expenses,Office Equipment / Stationery Supplies
Central Support Costs,EGAN REID STATIONERY CO LTD,10/30/2015,27.38,Office Expenses,Office Equipment / Stationery Supplies
Central Support Costs,EGAN REID STATIONERY CO LTD,10/14/2015,91.73,Office Expenses,Office Equipment / Stationery Supplies
Central Support Costs,EGAN REID STATIONERY CO LTD,10/19/2015,-67.8,Office Expenses,Office Equipment / Stationery Supplies
Central Support Costs,EGAN REID STATIONERY CO LTD,10/19/2015,-5.6,Office Expenses,Office Equipment / Stationery Supplies
Central Support Costs,EGAN REID STATIONERY CO LTD,10/19/2015,-4.31,Office Expenses,Office Equipment / Stationery Supplies
Central Support Costs,EGAN REID STATIONERY CO LTD,10/29/2015,2.67,Office Expenses,Office Equipment / Stationery Supplies
Central Support Costs,EGAN REID STATIONERY CO LTD,10/29/2015,25.05,Office Expenses,Office Equipment / Stationery Supplies
Central Support Costs,EGAN REID STATIONERY CO LTD,10/30/2015,79.82,Office Expenses,Office Equipment / Stationery Supplies
Central Support Costs,EGAN REID STATIONERY CO LTD,10/30/2015,24.33,Office Expenses,Office Equipment / Stationery Supplies
Central Support Costs,EGAN REID STATIONERY CO LTD,10/30/2015,28.25,Office Expenses,Office Equipment / Stationery Supplies
Central Support Costs,EGAN REID STATIONERY CO LTD,10/30/2015,16.62,Office Expenses,Office Equipment / Stationery Supplies
Central Support Costs,EGAN REID STATIONERY CO LTD,10/30/2015,30.76,Office Expenses,Office Equipment / Stationery Supplies
Central Support Costs,EGAN REID STATIONERY CO LTD,10/30/2015,4.08,Office Expenses,Office Equipment / Stationery Supplies
Central Support Costs,EGAN REID STATIONERY CO LTD,10/30/2015,147.7,Office Expenses,Office Equipment / Stationery Supplies
Childrens & Educational Services,EGAN REID STATIONERY CO LTD,10/8/2015,16.95,Office Expenses,Office Equipment / Stationery Supplies
Childrens & Educational Services,EGAN REID STATIONERY CO LTD,10/8/2015,15.7,Office Expenses,Office Equipment / Stationery Supplies
Childrens & Educational Services,EGAN REID STATIONERY CO LTD,10/8/2015,1.2,Office Expenses,Office Equipment / Stationery Supplies
Childrens & Educational Services,EGAN REID STATIONERY CO LTD,10/9/2015,6.38,Office Expenses,Office Equipment / Stationery Supplies
Environmental & Regulatory Services,EGAN REID STATIONERY CO LTD,10/8/2015,0.99,Office Expenses,Office Equipment / Stationery Supplies
Environmental & Regulatory Services,EGAN REID STATIONERY CO LTD,10/30/2015,53.19,Office Expenses,Office Equipment / Stationery Supplies
Environmental & Regulatory Services,EGAN REID STATIONERY CO LTD,10/30/2015,21.98,Office Expenses,Office Equipment / Stationery Supplies
Planning Services,EGAN REID STATIONERY CO LTD,10/19/2015,88.22,Office Expenses,Office Equipment / Stationery Supplies
Planning Services,EGAN REID STATIONERY CO LTD,10/19/2015,119.94,Office Expenses,Office Equipment / Stationery Supplies
Planning Services,EGAN REID STATIONERY CO LTD,10/2/2015,11.5,Office Expenses,Office Equipment / Stationery Supplies
Planning Services,EGAN REID STATIONERY CO LTD,10/8/2015,49,Office Expenses,Office Equipment / Stationery Supplies
Planning Services,EGAN REID STATIONERY CO LTD,10/9/2015,90.94,Office Expenses,Office Equipment / Stationery Supplies
Planning Services,EGAN REID STATIONERY CO LTD,10/19/2015,-0.81,Office Expenses,Office Equipment / Stationery Supplies
Planning Services,EGAN REID STATIONERY CO LTD,10/19/2015,-21.58,Office Expenses,Office Equipment / Stationery Supplies
Adult Social Care,EGAN REID STATIONERY CO LTD,10/7/2015,77.37,Office Expenses,Office Equipment / Stationery Supplies
Adult Social Care,EGAN REID STATIONERY CO LTD,10/7/2015,12.32,Office Expenses,Office Equipment / Stationery Supplies
Adult Social Care,EGAN REID STATIONERY CO LTD,10/2/2015,23.8,Office Expenses,Office Equipment / Stationery Supplies
Adult Social Care,EGAN REID STATIONERY CO LTD,10/2/2015,12.95,Office Expenses,Office Equipment / Stationery Supplies
Adult Social Care,EGAN REID STATIONERY CO LTD,10/5/2015,5.77,Office Expenses,Office Equipment / Stationery Supplies
Adult Social Care,EGAN REID STATIONERY CO LTD,10/2/2015,36.58,Office Expenses,Office Equipment / Stationery Supplies
Adult Social Care,EGAN REID STATIONERY CO LTD,10/2/2015,20.75,Office Expenses,Office Equipment / Stationery Supplies
Adult Social Care,EGAN REID STATIONERY CO LTD,10/2/2015,4.86,Office Expenses,Office Equipment / Stationery Supplies
Adult Social Care,EGAN REID STATIONERY CO LTD,10/2/2015,31.22,Office Expenses,Office Equipment / Stationery Supplies
Adult Social Care,EGAN REID STATIONERY CO LTD,10/2/2015,1.66,Office Expenses,Office Equipment / Stationery Supplies
Adult Social Care,EGAN REID STATIONERY CO LTD,10/2/2015,29.56,Office Expenses,Office Equipment / Stationery Supplies
Adult Social Care,EGAN REID STATIONERY CO LTD,10/2/2015,7.19,Office Expenses,Office Equipment / Stationery Supplies
Adult Social Care,EGAN REID STATIONERY CO LTD,10/8/2015,8.58,Office Expenses,Office Equipment / Stationery Supplies
Adult Social Care,EGAN REID STATIONERY CO LTD,10/8/2015,8.58,Office Expenses,Office Equipment / Stationery Supplies
Adult Social Care,EGAN REID STATIONERY CO LTD,10/8/2015,6.64,Office Expenses,Office Equipment / Stationery Supplies
Adult Social Care,EGAN REID STATIONERY CO LTD,10/8/2015,4.82,Office Expenses,Office Equipment / Stationery Supplies
Adult Social Care,EGAN REID STATIONERY CO LTD,10/8/2015,30.57,Office Expenses,Office Equipment / Stationery Supplies
Adult Social Care,EGAN REID STATIONERY CO LTD,10/9/2015,14.52,Office Expenses,Office Equipment / Stationery Supplies
Adult Social Care,EGAN REID STATIONERY CO LTD,10/9/2015,4.95,Office Expenses,Office Equipment / Stationery Supplies
Adult Social Care,EGAN REID STATIONERY CO LTD,10/9/2015,3.24,Office Expenses,Office Equipment / Stationery Supplies
Adult Social Care,EGAN REID STATIONERY CO LTD,10/9/2015,10.16,Office Expenses,Office Equipment / Stationery Supplies
Adult Social Care,EGAN REID STATIONERY CO LTD,10/9/2015,5.13,Office Expenses,Office Equipment / Stationery Supplies
Adult Social Care,EGAN REID STATIONERY CO LTD,10/9/2015,17.16,Office Expenses,Office Equipment / Stationery Supplies
Adult Social Care,EGAN REID STATIONERY CO LTD,10/9/2015,14.95,Office Expenses,Office Equipment / Stationery Supplies
Adult Social Care,EGAN REID STATIONERY CO LTD,10/9/2015,5.57,Office Expenses,Office Equipment / Stationery Supplies
Adult Social Care,EGAN REID STATIONERY CO LTD,10/19/2015,-2.89,Office Expenses,Office Equipment / Stationery Supplies
Adult Social Care,EGAN REID STATIONERY CO LTD,10/19/2015,-5.4,Office Expenses,Office Equipment / Stationery Supplies
Adult Social Care,EGAN REID STATIONERY CO LTD,10/19/2015,-17.4,Office Expenses,Office Equipment / Stationery Supplies
Adult Social Care,EGAN REID STATIONERY CO LTD,10/29/2015,35.42,Office Expenses,Office Equipment / Stationery Supplies
Adult Social Care,EGAN REID STATIONERY CO LTD,10/29/2015,0.24,Office Expenses,Office Equipment / Stationery Supplies
Adult Social Care,EGAN REID STATIONERY CO LTD,10/30/2015,56.52,Office Expenses,Office Equipment / Stationery Supplies
Adult Social Care,EGAN REID STATIONERY CO LTD,10/30/2015,35.37,Office Expenses,Office Equipment / Stationery Supplies
Adult Social Care,EGAN REID STATIONERY CO LTD,10/30/2015,10.16,Office Expenses,Office Equipment / Stationery Supplies
Adult Social Care,EGAN REID STATIONERY CO LTD,10/30/2015,4.68,Office Expenses,Office Equipment / Stationery Supplies
Adult Social Care,EGAN REID STATIONERY CO LTD,10/30/2015,12.95,Office Expenses,Office Equipment / Stationery Supplies
Adult Social Care,EGAN REID STATIONERY CO LTD,10/30/2015,1.66,Office Expenses,Office Equipment / Stationery Supplies
Adult Social Care,EGAN REID STATIONERY CO LTD,10/30/2015,5.12,Office Expenses,Office Equipment / Stationery Supplies
Adult Social Care,EGAN REID STATIONERY CO LTD,10/30/2015,17.65,Office Expenses,Office Equipment / Stationery Supplies
Adult Social Care,EGAN REID STATIONERY CO LTD,10/30/2015,23.26,Office Expenses,Office Equipment / Stationery Supplies
Childrens & Educational Services,EGAN REID STATIONERY CO LTD,10/14/2015,115.2,Office Expenses,Office Equipment / Stationery Supplies
Childrens & Educational Services,EGAN REID STATIONERY CO LTD,10/14/2015,139.2,Office Expenses,Office Equipment / Stationery Supplies
Childrens & Educational Services,EGAN REID STATIONERY CO LTD,10/14/2015,29.99,Office Expenses,Office Equipment / Stationery Supplies
Childrens & Educational Services,EGAN REID STATIONERY CO LTD,10/14/2015,280.46,Office Expenses,Office Equipment / Stationery Supplies
Childrens & Educational Services,EGAN REID STATIONERY CO LTD,10/14/2015,41.05,Office Expenses,Office Equipment / Stationery Supplies
Childrens & Educational Services,EGAN REID STATIONERY CO LTD,10/2/2015,128.37,Office Expenses,Office Equipment / Stationery Supplies
Childrens & Educational Services,EGAN REID STATIONERY CO LTD,10/2/2015,8.3,Office Expenses,Office Equipment / Stationery Supplies
Childrens & Educational Services,EGAN REID STATIONERY CO LTD,10/2/2015,48.73,Office Expenses,Office Equipment / Stationery Supplies
Childrens & Educational Services,EGAN REID STATIONERY CO LTD,10/2/2015,14.98,Office Expenses,Office Equipment / Stationery Supplies
Childrens & Educational Services,EGAN REID STATIONERY CO LTD,10/2/2015,20.49,Office Expenses,Office Equipment / Stationery Supplies
Childrens & Educational Services,EGAN REID STATIONERY CO LTD,10/2/2015,10.13,Office Expenses,Office Equipment / Stationery Supplies
Childrens & Educational Services,EGAN REID STATIONERY CO LTD,10/2/2015,168.95,Office Expenses,Office Equipment / Stationery Supplies
Childrens & Educational Services,EGAN REID STATIONERY CO LTD,10/8/2015,285.12,Office Expenses,Office Equipment / Stationery Supplies
Childrens & Educational Services,EGAN REID STATIONERY CO LTD,10/8/2015,22.01,Office Expenses,Office Equipment / Stationery Supplies
Childrens & Educational Services,EGAN REID STATIONERY CO LTD,10/8/2015,39.19,Office Expenses,Office Equipment / Stationery Supplies
Childrens & Educational Services,EGAN REID STATIONERY CO LTD,10/8/2015,22.35,Office Expenses,Office Equipment / Stationery Supplies
Childrens & Educational Services,EGAN REID STATIONERY CO LTD,10/8/2015,4.7,Office Expenses,Office Equipment / Stationery Supplies
Childrens & Educational Services,EGAN REID STATIONERY CO LTD,10/8/2015,12.06,Office Expenses,Office Equipment / Stationery Supplies
Childrens & Educational Services,EGAN REID STATIONERY CO LTD,10/8/2015,82.5,Office Expenses,Office Equipment / Stationery Supplies
Childrens & Educational Services,EGAN REID STATIONERY CO LTD,10/8/2015,74.52,Office Expenses,Office Equipment / Stationery Supplies
Childrens & Educational Services,EGAN REID STATIONERY CO LTD,10/8/2015,3.43,Office Expenses,Office Equipment / Stationery Supplies
Childrens & Educational Services,EGAN REID STATIONERY CO LTD,10/9/2015,3.54,Office Expenses,Office Equipment / Stationery Supplies
Childrens & Educational Services,EGAN REID STATIONERY CO LTD,10/9/2015,83.48,Office Expenses,Office Equipment / Stationery Supplies
Childrens & Educational Services,EGAN REID STATIONERY CO LTD,10/27/2015,255,Office Expenses,Office Equipment / Stationery Supplies
Childrens & Educational Services,EGAN REID STATIONERY CO LTD,10/9/2015,24.31,Office Expenses,Office Equipment / Stationery Supplies
Childrens & Educational Services,EGAN REID STATIONERY CO LTD,10/9/2015,43.71,Office Expenses,Office Equipment / Stationery Supplies
Childrens & Educational Services,EGAN REID STATIONERY CO LTD,10/9/2015,81.22,Office Expenses,Office Equipment / Stationery Supplies
Childrens & Educational Services,EGAN REID STATIONERY CO LTD,10/9/2015,94.14,Office Expenses,Office Equipment / Stationery Supplies
Childrens & Educational Services,EGAN REID STATIONERY CO LTD,10/19/2015,-50.66,Office Expenses,Office Equipment / Stationery Supplies
Childrens & Educational Services,EGAN REID STATIONERY CO LTD,10/19/2015,-12.07,Office Expenses,Office Equipment / Stationery Supplies
Childrens & Educational Services,EGAN REID STATIONERY CO LTD,10/19/2015,-4.64,Office Expenses,Office Equipment / Stationery Supplies
Childrens & Educational Services,EGAN REID STATIONERY CO LTD,10/29/2015,127.54,Office Expenses,Office Equipment / Stationery Supplies
Childrens & Educational Services,EGAN REID STATIONERY CO LTD,10/29/2015,23.7,Office Expenses,Office Equipment / Stationery Supplies
Childrens & Educational Services,EGAN REID STATIONERY CO LTD,10/29/2015,12.96,Office Expenses,Office Equipment / Stationery Supplies
Childrens & Educational Services,EGAN REID STATIONERY CO LTD,10/29/2015,17.72,Office Expenses,Office Equipment / Stationery Supplies
Childrens & Educational Services,EGAN REID STATIONERY CO LTD,10/30/2015,10.2,Office Expenses,Office Equipment / Stationery Supplies
Childrens & Educational Services,EGAN REID STATIONERY CO LTD,10/30/2015,0.89,Office Expenses,Office Equipment / Stationery Supplies
Childrens & Educational Services,EGAN REID STATIONERY CO LTD,10/30/2015,16.6,Office Expenses,Office Equipment / Stationery Supplies
Childrens & Educational Services,EGAN REID STATIONERY CO LTD,10/30/2015,539.43,Office Expenses,Office Equipment / Stationery Supplies
Childrens & Educational Services,EGAN REID STATIONERY CO LTD,10/30/2015,33.36,Office Expenses,Office Equipment / Stationery Supplies
Childrens & Educational Services,EGAN REID STATIONERY CO LTD,10/30/2015,8.55,Office Expenses,Office Equipment / Stationery Supplies
Childrens & Educational Services,EGAN REID STATIONERY CO LTD,10/30/2015,12.99,Office Expenses,Office Equipment / Stationery Supplies
Childrens & Educational Services,EGAN REID STATIONERY CO LTD,10/30/2015,9.2,Office Expenses,Office Equipment / Stationery Supplies
Childrens & Educational Services,EGAN REID STATIONERY CO LTD,10/30/2015,24.5,Office Expenses,Office Equipment / Stationery Supplies
Childrens & Educational Services,EGAN REID STATIONERY CO LTD,10/30/2015,164.3,Office Expenses,Office Equipment / Stationery Supplies
Childrens & Educational Services,EGAN REID STATIONERY CO LTD,10/30/2015,48.42,Office Expenses,Office Equipment / Stationery Supplies
Childrens & Educational Services,EGAN REID STATIONERY CO LTD,10/30/2015,29.32,Office Expenses,Office Equipment / Stationery Supplies
Childrens & Educational Services,EGAN REID STATIONERY CO LTD,10/30/2015,33.8,Office Expenses,Office Equipment / Stationery Supplies
Housing (General Fund) Services,EGAN REID STATIONERY CO LTD,10/2/2015,109.54,Office Expenses,Office Equipment / Stationery Supplies
Public Health,EGAN REID STATIONERY CO LTD,10/9/2015,99.66,Office Expenses,Office Equipment / Stationery Supplies
Public Health,EGAN REID STATIONERY CO LTD,10/2/2015,11.57,Office Expenses,Office Equipment / Stationery Supplies
Public Health,EGAN REID STATIONERY CO LTD,10/9/2015,13.01,Office Expenses,Office Equipment / Stationery Supplies
Public Health,EGAN REID STATIONERY CO LTD,10/9/2015,-37.05,Office Expenses,Office Equipment / Stationery Supplies
Public Health,EGAN REID STATIONERY CO LTD,10/19/2015,-26.39,Office Expenses,Office Equipment / Stationery Supplies
Cultural & Related Services,EGAN REID STATIONERY CO LTD,10/30/2015,11.3,Office Expenses,Office Equipment / Stationery Supplies
Cultural & Related Services,EGAN REID STATIONERY CO LTD,10/30/2015,22.36,Office Expenses,Office Equipment / Stationery Supplies
Cultural & Related Services,EGAN REID STATIONERY CO LTD,10/5/2015,17.73,Office Expenses,Office Equipment / Stationery Supplies
Cultural & Related Services,EGAN REID STATIONERY CO LTD,10/2/2015,14.24,Office Expenses,Office Equipment / Stationery Supplies
Cultural & Related Services,EGAN REID STATIONERY CO LTD,10/15/2015,19.51,Office Expenses,Office Equipment / Stationery Supplies
Cultural & Related Services,EGAN REID STATIONERY CO LTD,10/2/2015,39.98,Office Expenses,Office Equipment / Stationery Supplies
Cultural & Related Services,EGAN REID STATIONERY CO LTD,10/14/2015,24.95,Office Expenses,Office Equipment / Stationery Supplies
Cultural & Related Services,EGAN REID STATIONERY CO LTD,10/2/2015,32.4,Office Expenses,Office Equipment / Stationery Supplies
Cultural & Related Services,EGAN REID STATIONERY CO LTD,10/8/2015,37.31,Office Expenses,Office Equipment / Stationery Supplies
Cultural & Related Services,EGAN REID STATIONERY CO LTD,10/30/2015,14.63,Office Expenses,Office Equipment / Stationery Supplies
Environmental & Regulatory Services,EGAN REID STATIONERY CO LTD,10/8/2015,76.3,Office Expenses,Office Equipment / Stationery Supplies
Environmental & Regulatory Services,EGAN REID STATIONERY CO LTD,10/8/2015,286.51,Office Expenses,Office Equipment / Stationery Supplies
Environmental & Regulatory Services,EGAN REID STATIONERY CO LTD,10/9/2015,39.24,Office Expenses,Office Equipment / Stationery Supplies
Highways & Transport Services,EGAN REID STATIONERY CO LTD,10/19/2015,112.17,Office Expenses,Office Equipment / Stationery Supplies
Highways & Transport Services,EGAN REID STATIONERY CO LTD,10/13/2015,192.9,Office Expenses,Office Equipment / Stationery Supplies
Highways & Transport Services,EGAN REID STATIONERY CO LTD,10/22/2015,62.73,Office Expenses,Office Equipment / Stationery Supplies
Highways & Transport Services,EGAN REID STATIONERY CO LTD,10/19/2015,-112.17,Office Expenses,Office Equipment / Stationery Supplies
Planning Services,EGAN REID STATIONERY CO LTD,10/2/2015,37.2,Office Expenses,Office Equipment / Stationery Supplies
Planning Services,EGAN REID STATIONERY CO LTD,10/30/2015,9.55,Office Expenses,Office Equipment / Stationery Supplies
Planning Services,EGAN REID STATIONERY CO LTD,10/30/2015,3.54,Office Expenses,Office Equipment / Stationery Supplies
Childrens & Educational Services,EGAN REID STATIONERY CO LTD,10/2/2015,28.23,Printing and Photocopying,Office Equipment / Stationery Supplies
Childrens & Educational Services,EGAN REID STATIONERY CO LTD,10/8/2015,18.9,Printing and Photocopying,Office Equipment / Stationery Supplies
Childrens & Educational Services,EGAN REID STATIONERY CO LTD,10/9/2015,37.54,Printing and Photocopying,Office Equipment / Stationery Supplies
Planning Services,EGAN REID STATIONERY CO LTD,10/19/2015,32.58,Publicity and Promotion,Office Equipment / Stationery Supplies
Planning Services,EGAN REID STATIONERY CO LTD,10/30/2015,71.55,Publicity and Promotion,Office Equipment / Stationery Supplies
Childrens & Educational Services,EGAN REID STATIONERY CO LTD,10/30/2015,16.99,Publicity and Promotion,Office Equipment / Stationery Supplies
Cultural & Related Services,EGAN REID STATIONERY CO LTD,10/9/2015,31.32,Publicity and Promotion,Office Equipment / Stationery Supplies
Adult Social Care,ELDER HOMES MANCHESTER,10/5/2015,"2,084.84",Care Payments,Social Care Services
Adult Social Care,ELDER HOMES MANCHESTER,10/5/2015,-569.64,Care Payments,Social Care Services
Adult Social Care,ELDER HOMES MANCHESTER,10/5/2015,448,Care Payments,Social Care Services
Adult Social Care,ELDER HOMES MANCHESTER,10/5/2015,"1,904.00",Care Payments,Social Care Services
Adult Social Care,ELDER HOMES MANCHESTER,10/5/2015,-505.2,Care Payments,Social Care Services
Central Services to the public,ELECTORAL REFORM SERVICES,10/28/2015,"2,830.52",Printing and Photocopying,Advisory Services
Capital Expenditure,ELECTRICITY NORTH WEST LIMITED,10/7/2015,"38,622.96",Supplies and services,Utilities
Capital Expenditure,ELECTRICITY NORTH WEST LIMITED,10/6/2015,"39,778.00",Supplies and services,Utilities
Capital Expenditure,ELECTRICITY NORTH WEST LIMITED,10/6/2015,"9,173.27",Supplies and services,Utilities
Capital Expenditure,ELECTRICITY NORTH WEST LIMITED,10/30/2015,"44,573.98",Supplies and services,Utilities
Adult Social Care,ELITE HOMECARE,10/7/2015,151.2,Care Payments,Social Care Services
Adult Social Care,ELITE HOMECARE,10/14/2015,25.2,Care Payments,Social Care Services
Adult Social Care,ELITE HOMECARE,10/14/2015,151.2,Care Payments,Social Care Services
Adult Social Care,ELITE HOMECARE,10/14/2015,"3,676.05",Care Payments,Social Care Services
Adult Social Care,ELITE HOMECARE,10/14/2015,25.2,Care Payments,Social Care Services
Adult Social Care,ELITE HOMECARE,10/14/2015,100.8,Care Payments,Social Care Services
Adult Social Care,ELITE HOMECARE,10/14/2015,"4,069.80",Care Payments,Social Care Services
Adult Social Care,ELITE HOMECARE,10/28/2015,25.2,Care Payments,Social Care Services
Adult Social Care,ELITE HOMECARE,10/28/2015,151.2,Care Payments,Social Care Services
Adult Social Care,ELITE HOMECARE,10/28/2015,"3,836.70",Care Payments,Social Care Services
Adult Social Care,ELITE HOMECARE,10/28/2015,25.2,Care Payments,Social Care Services
Adult Social Care,ELITE HOMECARE,10/28/2015,229.95,Care Payments,Social Care Services
Adult Social Care,ELITE HOMECARE,10/28/2015,"3,852.45",Care Payments,Social Care Services
Cultural & Related Services,EMMA HADLEY CURATORIAL SERVICES,10/8/2015,"1,950.00",Repairs and Maintenance,Arts / Cultural Services
Adult Social Care,ENGAGE SUPPORT LTD,10/5/2015,"7,431.41",Care Payments,Social Care Services
Adult Social Care,ENGAGE SUPPORT LTD,10/5/2015,-529.99,Care Payments,Social Care Services
Adult Social Care,ENGAGE SUPPORT LTD,10/20/2015,"1,651.40",Care Payments,Social Care Services
Adult Social Care,Engineering Ingegneria Informatica,10/29/2015,"9,314.66",Fees and Charges,Engineering Services
Adult Social Care,ENTERPRISE CARE GROUP LIMITED,10/14/2015,"1,168.65",Care Payments,Social Care Services
Adult Social Care,ENTERPRISE CARE GROUP LIMITED,10/14/2015,88.2,Care Payments,Social Care Services
Adult Social Care,ENTERPRISE CARE GROUP LIMITED,10/14/2015,"1,165.50",Care Payments,Social Care Services
Adult Social Care,ENTERPRISE CARE GROUP LIMITED,10/14/2015,88.2,Care Payments,Social Care Services
Adult Social Care,ENTERPRISE CARE GROUP LIMITED,10/28/2015,"1,146.60",Care Payments,Social Care Services
Adult Social Care,ENTERPRISE CARE GROUP LIMITED,10/28/2015,88.2,Care Payments,Social Care Services
Adult Social Care,ENTERPRISE CARE GROUP LIMITED,10/28/2015,"1,115.10",Care Payments,Social Care Services
Adult Social Care,ENTERPRISE CARE GROUP LIMITED,10/28/2015,75.6,Care Payments,Social Care Services
Adult Social Care,Enterprise Stuff Ltd,10/12/2015,"9,000.00",Publicity and Promotion,Business Services / Support
Highways & Transport Services,ENTWISLE PADDON & CO (STOCKPORT) LT,10/14/2015,496,Printing and Photocopying,Office Equipment
Central Support Costs,ENTWISLE PADDON & CO (STOCKPORT) LT,10/20/2015,150,Publicity and Promotion,Office Equipment
Central Support Costs,ENTWISLE PADDON & CO (STOCKPORT) LT,10/20/2015,149,Publicity and Promotion,Office Equipment
Environmental & Regulatory Services,E-ON,10/9/2015,298.87,Utilities,Utilities
Environmental & Regulatory Services,E-ON,10/27/2015,256.89,Utilities,Utilities
Capital Expenditure,E-ON (FORMERLEY POWERGEN),10/26/2015,41.12,Capital Expenditure - Acquisitions,Utilities
Capital Expenditure,E-ON (FORMERLEY POWERGEN),10/26/2015,31.68,Capital Expenditure - Acquisitions,Utilities
Capital Expenditure,E-ON (FORMERLEY POWERGEN),10/27/2015,29.99,Capital Expenditure - Acquisitions,Utilities
Environmental & Regulatory Services,E-ON (FORMERLEY POWERGEN),10/26/2015,249.06,Repairs and Maintenance,Utilities
Capital Expenditure,E-ON (FORMERLEY POWERGEN),10/16/2015,159.63,Utilities,Utilities
Adult Social Care,EQUALITY HOMECARE SERVICES LTD,10/7/2015,277.2,Care Payments,Social Care Services
Adult Social Care,EQUALITY HOMECARE SERVICES LTD,10/14/2015,"4,038.30",Care Payments,Social Care Services
Adult Social Care,EQUALITY HOMECARE SERVICES LTD,10/14/2015,"3,899.70",Care Payments,Social Care Services
Adult Social Care,EQUALITY HOMECARE SERVICES LTD,10/28/2015,"3,713.85",Care Payments,Social Care Services
Adult Social Care,EQUALITY HOMECARE SERVICES LTD,10/28/2015,"3,732.75",Care Payments,Social Care Services
Adult Social Care,EQUILIBRIUM HEALTHCARE LTD,10/5/2015,896,Care Payments,Social Care Services
Adult Social Care,EQUILIBRIUM HEALTHCARE LTD,10/5/2015,"3,630.68",Care Payments,Social Care Services
Adult Social Care,EQUILIBRIUM HEALTHCARE LTD,10/5/2015,"4,000.00",Care Payments,Social Care Services
Adult Social Care,EQUILIBRIUM HEALTHCARE LTD,10/5/2015,"3,988.00",Care Payments,Social Care Services
Capital Expenditure,EQUITA LTD,10/19/2015,878.17,Capital Expenditure - Works,Bailiffs
Adult Social Care,EQUITY HOUSING GROUP,10/27/2015,614.3,Rents,Housing Services
Adult Social Care,EQUITY HOUSING GROUP,10/20/2015,490.12,Rents,Housing Services
Adult Social Care,ESTHER HOUSE RESIDENTIAL CARE HOME,10/5/2015,"3,176.00",Care Payments,Social Care Services
Adult Social Care,ESTHER HOUSE RESIDENTIAL CARE HOME,10/5/2015,"-1,013.68",Care Payments,Social Care Services
Adult Social Care,ESTHER HOUSE RESIDENTIAL CARE HOME,10/26/2015,984.86,Care Payments,Social Care Services
Adult Social Care,EUROLYNX (TAXIS) LTD,10/13/2015,608,Leasing /Transport Hire,Transport and Travel
Childrens & Educational Services,EUROLYNX (TAXIS) LTD,10/15/2015,"1,658.45",Leasing /Transport Hire,Transport and Travel
Childrens & Educational Services,EUROLYNX (TAXIS) LTD,10/28/2015,"1,793.40",Leasing /Transport Hire,Transport and Travel
Childrens & Educational Services,EVANS EASYSPACE LTD,10/1/2015,575,Catering Supplies,Facilities / Room Hire
Childrens & Educational Services,EVANS EASYSPACE LTD,10/1/2015,400,Office Expenses,Facilities / Room Hire
Childrens & Educational Services,EVANS EASYSPACE LTD,10/1/2015,158.4,Office Expenses,Facilities / Room Hire
Childrens & Educational Services,EVANS EASYSPACE LTD,10/1/2015,200,Office Expenses,Facilities / Room Hire
Planning Services,EXERTIS MICRO-P,10/30/2015,925,Furniture and Equipment,ICT Consultancy / Support
Planning Services,EXERTIS MICRO-P,10/30/2015,-10.3,Furniture and Equipment,ICT Consultancy / Support
Planning Services,EXERTIS MICRO-P,10/30/2015,-13.44,Furniture and Equipment,ICT Consultancy / Support
Planning Services,EXERTIS MICRO-P,10/30/2015,-285,Furniture and Equipment,ICT Consultancy / Support
Planning Services,EXERTIS MICRO-P,10/30/2015,-25,Information and Communications Technology,ICT Consultancy / Support
Childrens & Educational Services,Eyelaw LTD,10/27/2015,940.5,Legal Fees,Legal Services
Capital Expenditure,F BAMFORD (ENGINEERING) LTD,10/29/2015,"8,386.80",Capital Expenditure - Works,Construction / Building Services
Capital Expenditure,FABRIFEN LTD,10/23/2015,687,Capital Expenditure - Works,Construction / Building Services
Capital Expenditure,FABRIFEN LTD,10/23/2015,120,Capital Expenditure - Works,Construction / Building Services
Capital Expenditure,FABRIFEN LTD,10/30/2015,"2,244.00",Capital Expenditure - Works,Construction / Building Services
Cultural & Related Services,FAILSWORTH HATS LTD,10/16/2015,605.13,Publicity and Promotion,Retail Goods
Cultural & Related Services,FAILSWORTH HATS LTD,10/19/2015,138.28,Publicity and Promotion,Retail Goods
Childrens & Educational Services,Fairfield Care Lltd,10/22/2015,"3,774.65",Care Payments,Social Care Services
Childrens & Educational Services,Fairfield Care Lltd,10/22/2015,"1,828.20",Care Payments,Social Care Services
Adult Social Care,FAIRFIELD RESIDENTIAL,10/5/2015,"16,790.72",Care Payments,Social Care Services
Adult Social Care,FAIRFIELD RESIDENTIAL,10/5/2015,-390.68,Care Payments,Social Care Services
Adult Social Care,FAIRFIELD RESIDENTIAL,10/7/2015,936,Care Payments,Social Care Services
Childrens & Educational Services,FAIRFIELD RESIDENTIAL,10/7/2015,"14,107.45",Care Payments,Social Care Services
Adult Social Care,Fairfield View Care Ltd,10/5/2015,"1,992.00",Care Payments,Social Care Services
Childrens & Educational Services,FAMILY RIGHTS GROUP,10/26/2015,950,Fees and Charges,Child / Family Support
Capital Expenditure,FIBRELITE PLC,10/1/2015,565,Information and Communications Technology,Communications and Technology
Capital Expenditure,FIBRELITE PLC,10/1/2015,"7,300.00",Information and Communications Technology,Communications and Technology
Capital Expenditure,FIBRELITE PLC,10/5/2015,"5,940.00",Information and Communications Technology,Communications and Technology
Capital Expenditure,FIBRELITE PLC,10/28/2015,"7,775.00",Information and Communications Technology,Communications and Technology
Adult Social Care,FIRBANK NURSING HOME,10/5/2015,"3,136.00",Care Payments,Social Care Services
Adult Social Care,FIRBANK NURSING HOME,10/5/2015,448,Care Payments,Social Care Services
Adult Social Care,FIRBANK NURSING HOME,10/5/2015,"1,804.00",Care Payments,Social Care Services
Adult Social Care,FIRBANK NURSING HOME,10/5/2015,"1,584.00",Care Payments,Social Care Services
Adult Social Care,FIRBANK NURSING HOME,10/5/2015,"2,128.00",Care Payments,Social Care Services
Adult Social Care,FIRBANK NURSING HOME,10/5/2015,"5,017.00",Care Payments,Social Care Services
Adult Social Care,FIRBANK NURSING HOME,10/5/2015,-871.76,Care Payments,Social Care Services
Adult Social Care,FIRBANK NURSING HOME,10/5/2015,"-1,635.10",Care Payments,Social Care Services
Adult Social Care,FIRBANK NURSING HOME,10/5/2015,976,Care Payments,Social Care Services
Adult Social Care,FIRBANK NURSING HOME,10/5/2015,"5,498.43",Care Payments,Social Care Services
Adult Social Care,FIRBANK NURSING HOME,10/5/2015,"-1,845.80",Care Payments,Social Care Services
Central Support Costs,FIRE QUEEN LTD,10/28/2015,60.01,Repairs and Maintenance,Security / Safety
Central Support Costs,FIRE QUEEN LTD,10/5/2015,39.55,Repairs and Maintenance,Security / Safety
Central Support Costs,FIRE QUEEN LTD,10/13/2015,73.76,Repairs and Maintenance,Security / Safety
Central Support Costs,FIRE QUEEN LTD,10/15/2015,41.63,Repairs and Maintenance,Security / Safety
Central Support Costs,FIRE QUEEN LTD,10/15/2015,18.28,Repairs and Maintenance,Security / Safety
Central Support Costs,FIRE QUEEN LTD,10/29/2015,226.68,Repairs and Maintenance,Security / Safety
Central Support Costs,FIRE QUEEN LTD,10/29/2015,17,Repairs and Maintenance,Security / Safety
Central Support Costs,FIRE QUEEN LTD,10/29/2015,109.29,Repairs and Maintenance,Security / Safety
Central Support Costs,FIRE QUEEN LTD,10/29/2015,72.84,Repairs and Maintenance,Security / Safety
Central Support Costs,FIRE QUEEN LTD,10/29/2015,17,Repairs and Maintenance,Security / Safety
Central Support Costs,FIRE QUEEN LTD,10/29/2015,87.36,Repairs and Maintenance,Security / Safety
Central Support Costs,FIRE QUEEN LTD,10/29/2015,102.64,Repairs and Maintenance,Security / Safety
Central Support Costs,FIRE QUEEN LTD,10/27/2015,17,Repairs and Maintenance,Security / Safety
Capital Expenditure,FIRE QUEEN LTD,10/19/2015,150.36,Repairs and Maintenance,Security / Safety
Childrens & Educational Services,FIRE QUEEN LTD,10/16/2015,167.14,Repairs and Maintenance,Security / Safety
Adult Social Care,Flint Bishop Solicitors,10/21/2015,"1,131.06",Care Payments,Legal Services
Adult Social Care,Flint Bishop Solicitors,10/21/2015,981.11,Care Payments,Legal Services
Adult Social Care,Flint Bishop Solicitors,10/21/2015,995.4,Care Payments,Legal Services
Adult Social Care,Flint Bishop Solicitors,10/21/2015,"1,095.67",Care Payments,Legal Services
Adult Social Care,Flint Bishop Solicitors,10/21/2015,520.76,Care Payments,Legal Services
Childrens & Educational Services,FONETAX 07 LTD,10/28/2015,"1,058.40",Leasing /Transport Hire,Transport and Travel
Childrens & Educational Services,FONETAX 07 LTD,10/28/2015,705.6,Leasing /Transport Hire,Transport and Travel
Central Services to the public,FORENSICS LTD,10/14/2015,"2,784.96",Fees and Charges,Forensics / Laboratories
Central Services to the public,FORENSICS LTD,10/9/2015,840,Fees and Charges,Forensics / Laboratories
Central Services to the public,FORENSICS LTD,10/5/2015,"1,835.00",Fees and Charges,Forensics / Laboratories
Adult Social Care,FORESIGHT RESIDENTIAL LTD,10/5/2015,"3,125.12",Care Payments,Social Care Services
Adult Social Care,FORESIGHT RESIDENTIAL LTD,10/5/2015,-321.8,Care Payments,Social Care Services
Childrens & Educational Services,FOSTER REFRIGERATOR,10/30/2015,"2,146.00",Office Expenses,Equipment Supplies
Childrens & Educational Services,FOSTERING SOLUTIONS LTD,10/7/2015,"9,022.95",Care Payments,Foster Care
Adult Social Care,FOUR SEASONS (EVEDALE) LTD,10/5/2015,448,Care Payments,Social Care Services
Adult Social Care,FOUR SEASONS (EVEDALE) LTD,10/5/2015,"1,696.84",Care Payments,Social Care Services
Central Support Costs,FRANK ASPINALL & CO,10/21/2015,238,Publicity and Promotion,Printing Services
Central Support Costs,FRANK ASPINALL & CO,10/26/2015,192,Publicity and Promotion,Printing Services
Central Support Costs,FRANK ASPINALL & CO,10/22/2015,205,Publicity and Promotion,Printing Services
Central Support Costs,FRANK ASPINALL & CO,10/22/2015,72,Publicity and Promotion,Printing Services
Adult Social Care,FREDERIC ROBINSON LTD,10/13/2015,400,Expenses and Allowances,"Catering, Food and Beverages"
Adult Social Care,FREDERIC ROBINSON LTD,10/29/2015,152,Office Expenses,"Catering, Food and Beverages"
Adult Social Care,FREDERIC ROBINSON LTD,10/22/2015,190,Staff Training,"Catering, Food and Beverages"
Adult Social Care,FREDERIC ROBINSON LTD,10/26/2015,152,Staff Training,"Catering, Food and Beverages"
Adult Social Care,FREDERIC ROBINSON LTD,10/26/2015,190,Staff Training,"Catering, Food and Beverages"
Adult Social Care,FREDERIC ROBINSON LTD,10/30/2015,190,Staff Training,"Catering, Food and Beverages"
Childrens & Educational Services,Fresh Start Independence Project,10/7/2015,"13,092.86",Care Payments,Childcare Provision
Childrens & Educational Services,Fresh Start Independence Project,10/1/2015,57.9,Care Payments,Childcare Provision
Adult Social Care,FRESHFIELD CARE LTD,10/5/2015,"1,584.00",Care Payments,Social Care Services
Adult Social Care,FRESHFIELD CARE LTD,10/5/2015,-713.72,Care Payments,Social Care Services
Adult Social Care,FRESHFIELD CARE LTD,10/5/2015,"12,882.86",Care Payments,Social Care Services
Adult Social Care,FRESHFIELD CARE LTD,10/5/2015,"-4,128.20",Care Payments,Social Care Services
Adult Social Care,FURNITURE RESOURCE CENTRE,10/29/2015,"4,003.73",Fixtures and Fittings,Furniture and Furnishings
Adult Social Care,FURNITURE RESOURCE CENTRE,10/29/2015,897.02,Furniture and Equipment,Furniture and Furnishings
Adult Social Care,FURNITURE RESOURCE CENTRE,10/15/2015,897.02,Furniture and Equipment,Furniture and Furnishings
Adult Social Care,FURNITURE RESOURCE CENTRE,10/15/2015,-627.58,Furniture and Equipment,Furniture and Furnishings
Adult Social Care,FURNITURE RESOURCE CENTRE,10/15/2015,627.58,Furniture and Equipment,Furniture and Furnishings
Adult Social Care,FURNITURE RESOURCE CENTRE,10/15/2015,-897.02,Furniture and Equipment,Furniture and Furnishings
Housing (General Fund) Services,FURNITURE STATION (FURNITURE),10/16/2015,"1,435.00",Furniture and Equipment,Furniture and Furnishings
Childrens & Educational Services,Fusion Care Ltd,10/7/2015,"2,975.00",Care Payments,Social Care Services
Childrens & Educational Services,Fusion Care Ltd,10/27/2015,"1,588.57",Care Payments,Social Care Services
Childrens & Educational Services,Fusion Care Ltd,10/27/2015,229.4,Care Payments,Social Care Services
Adult Social Care,FUTURE DIRECTIONS CIC,10/7/2015,"9,398.34",Care Payments,Social Care Services
Adult Social Care,FUTURE DIRECTIONS CIC,10/7/2015,"9,398.34",Care Payments,Social Care Services
Adult Social Care,FUTURE DIRECTIONS CIC,10/20/2015,"9,398.34",Care Payments,Social Care Services
Adult Social Care,FUTURE DIRECTIONS CIC,10/29/2015,"65,081.58",Care Payments,Social Care Services
Childrens & Educational Services,G.B. COACHES LTD,10/27/2015,900,Leasing /Transport Hire,Transport and Travel
Childrens & Educational Services,G.B. COACHES LTD,10/27/2015,"1,050.00",Leasing /Transport Hire,Transport and Travel
Central Support Costs,Gallagher Bassett (Imprest),10/5/2015,"30,000.00",Insurance,Insurance Services
Central Support Costs,Gallagher Bassett (Imprest),10/5/2015,"30,000.00",Insurance,Insurance Services
Central Support Costs,Gallagher Bassett (Imprest),10/12/2015,"50,000.00",Insurance,Insurance Services
Capital Expenditure,GALLIFORD TRY INFRASTRUCTURE LTD,10/9/2015,"8,080.09",Supplies and services,Construction / Building Services
Childrens & Educational Services,GARY BEARDSELL - TAXIS,10/19/2015,"1,512.00",Leasing /Transport Hire,Transport and Travel
Central Support Costs,GATENBY SANDERSON LTD,10/7/2015,"12,150.00",Agency Staff,Recruitment / Staffing
Central Support Costs,GATENBY SANDERSON LTD,10/30/2015,"8,775.00",Agency Staff,Recruitment / Staffing
Childrens & Educational Services,Gatley Primary School (Academy),10/19/2015,"7,342.00",Fees and Charges,Education Services
Housing (Revenue Account) Services,GEE BENNETT - SURVEYORS,10/30/2015,738.57,Fees and Charges,Surveyor
Capital Expenditure,GEORGE COX & SONS LTD,10/13/2015,"22,557.94",Capital Expenditure - Works,Construction / Building Services
Capital Expenditure,GEORGE COX & SONS LTD,10/22/2015,"25,975.74",Capital Expenditure - Works,Construction / Building Services
Highways & Transport Services,GEORGE COX & SONS LTD,10/2/2015,450,Grounds Maintenance,Construction / Building Services
Highways & Transport Services,GEORGE COX & SONS LTD,10/5/2015,"13,645.80",Grounds Maintenance,Construction / Building Services
Cultural & Related Services,GEORGE COX & SONS LTD,10/2/2015,77.5,Professional Fees,Construction / Building Services
Cultural & Related Services,GEORGE COX & SONS LTD,10/7/2015,458.7,Professional Fees,Construction / Building Services
Highways & Transport Services,GEORGE COX & SONS LTD,10/2/2015,"39,324.02",Repairs and Maintenance,Construction / Building Services
Capital Expenditure,GEORGE COX & SONS LTD,10/2/2015,"1,040.00",Supplies and services,Construction / Building Services
Capital Expenditure,GEORGE COX & SONS LTD,10/2/2015,195.41,Supplies and services,Construction / Building Services
Capital Expenditure,GEORGE COX & SONS LTD,10/2/2015,409.64,Supplies and services,Construction / Building Services
Capital Expenditure,GEORGE COX & SONS LTD,10/8/2015,"4,954.90",Supplies and services,Construction / Building Services
Capital Expenditure,GEORGE COX & SONS LTD,10/8/2015,"1,192.54",Supplies and services,Construction / Building Services
Capital Expenditure,GEORGE COX & SONS LTD,10/14/2015,"2,999.67",Supplies and services,Construction / Building Services
Capital Expenditure,GEORGE COX & SONS LTD,10/14/2015,"5,652.26",Supplies and services,Construction / Building Services
Capital Expenditure,GEORGE COX & SONS LTD,10/14/2015,"9,500.62",Supplies and services,Construction / Building Services
Capital Expenditure,GEORGE COX & SONS LTD,10/14/2015,"62,468.09",Supplies and services,Construction / Building Services
Capital Expenditure,GEORGE COX & SONS LTD,10/19/2015,"1,310.06",Supplies and services,Construction / Building Services
Capital Expenditure,GEORGE COX & SONS LTD,10/8/2015,"2,999.67",Supplies and services,Construction / Building Services
Capital Expenditure,GEORGE COX & SONS LTD,10/14/2015,"1,192.54",Supplies and services,Construction / Building Services
Capital Expenditure,GEORGE COX & SONS LTD,10/12/2015,"4,954.90",Supplies and services,Construction / Building Services
Capital Expenditure,GEORGE COX & SONS LTD,10/2/2015,"1,600.00",Supplies and services,Construction / Building Services
Capital Expenditure,GEORGE COX & SONS LTD,10/2/2015,235.17,Supplies and services,Construction / Building Services
Capital Expenditure,GEORGE COX & SONS LTD,10/2/2015,"2,160.00",Supplies and services,Construction / Building Services
Capital Expenditure,GEORGE COX & SONS LTD,10/8/2015,"187,815.94",Supplies and services,Construction / Building Services
Capital Expenditure,GEORGE COX & SONS LTD,10/12/2015,"-4,954.90",Supplies and services,Construction / Building Services
Capital Expenditure,GEORGE COX & SONS LTD,10/14/2015,"-1,192.54",Supplies and services,Construction / Building Services
Capital Expenditure,GEORGE COX & SONS LTD,10/14/2015,"-2,999.67",Supplies and services,Construction / Building Services
Capital Expenditure,GEORGE COX & SONS LTD,10/15/2015,"289,732.01",Supplies and services,Construction / Building Services
Capital Expenditure,GEORGE COX & SONS LTD,10/14/2015,"-62,468.09",Supplies and services,Construction / Building Services
Capital Expenditure,GEORGE COX & SONS LTD,10/14/2015,"62,468.09",Supplies and services,Construction / Building Services
Capital Expenditure,GEORGE COX & SONS LTD,10/22/2015,"11,031.99",Supplies and services,Construction / Building Services
Capital Expenditure,GEORGE COX & SONS LTD,10/22/2015,"102,330.37",Supplies and services,Construction / Building Services
Capital Expenditure,GEORGE COX & SONS LTD,10/30/2015,"61,898.27",Supplies and services,Construction / Building Services
Capital Expenditure,GEORGE COX & SONS LTD,10/29/2015,"54,394.88",Supplies and services,Construction / Building Services
Highways & Transport Services,GEORGE COX & SONS LTD,10/2/2015,"6,053.21",Supplies and services,Construction / Building Services
Highways & Transport Services,GEORGE COX & SONS LTD,10/9/2015,"44,838.78",Supplies and services,Construction / Building Services
Environmental & Regulatory Services,GEORGE COX & SONS LTD,10/13/2015,"4,766.80",Utilities,Construction / Building Services
Public Health,GEORGE HOUSE TRUST,10/5/2015,"1,275.00",Service Contract Payments,Health Advice / Awareness
Childrens & Educational Services,GL EDUCATION GROUP LTD,10/15/2015,"15,516.47",Third party payments - Private/Voluntary Sector,Education Services
Childrens & Educational Services,GL EDUCATION GROUP LTD,10/15/2015,"-15,516.47",Third party payments - Private/Voluntary Sector,Education Services
Childrens & Educational Services,GL EDUCATION GROUP LTD,10/6/2015,"15,516.47",Third party payments - Private/Voluntary Sector,Education Services
Environmental & Regulatory Services,Global Radio Services Ltd,10/23/2015,"4,671.38",Office Expenses,Digital / Media Services
Environmental & Regulatory Services,GMCVO,10/20/2015,290,Publicity and Promotion,Charity/Third Sector Support
Planning Services,GMCVO,10/23/2015,360,Publicity and Promotion,Charity/Third Sector Support
Capital Expenditure,GORVINS SOLICITORS,10/16/2015,"1,237.45",Supplies and services,Legal Services
Capital Expenditure,GR BAYLEY (ELEC CONTRACTORS) LTD,10/19/2015,"22,298.50",Capital Expenditure - Works,Construction / Building Services
Corporate & Democratic Core,GRANT THORNTON UK LLP,10/7/2015,"31,532.00",Professional Fees,Finance / Accountancy Services
Adult Social Care,GRAPHNET HEALTH,10/26/2015,"10,000.00",Information and Communications Technology,Software Supplier
Planning Services,GREATER MANCHESTER CHAMBER OF COMME,10/23/2015,"30,000.00",Publicity and Promotion,Professional / Trade Body
Capital Expenditure,GREATER MANCHESTER COMBINED AUTHORI,10/1/2015,"1,030.96",Capital Expenditure - Works,Local Authority
Capital Expenditure,GREATER MANCHESTER COMBINED AUTHORI,10/1/2015,302.12,Capital Expenditure - Works,Local Authority
Capital Expenditure,GREATER MANCHESTER COMBINED AUTHORI,10/1/2015,"1,130.73",Capital Expenditure - Works,Local Authority
Capital Expenditure,GREATER MANCHESTER COMBINED AUTHORI,10/1/2015,869.24,Capital Expenditure - Works,Local Authority
Capital Expenditure,GREATER MANCHESTER COMBINED AUTHORI,10/6/2015,"2,500.00",Professional Fees,Local Authority
Capital Expenditure,GREATER MANCHESTER COMBINED AUTHORI,10/7/2015,"3,887.37",Supplies and services,Local Authority
Capital Expenditure,GREATER MANCHESTER COMBINED AUTHORI,10/6/2015,"12,624.69",Supplies and services,Local Authority
Highways & Transport Services,Greater Manchester Combined Authori,10/13/2015,"2,048,500.00",Third party payments - Levies,Other Public Sector Organisation
Cultural & Related Services,GREATER MANCHESTER TREESTATION LTD,10/27/2015,"4,446.00",Supplies and services,Grounds Maintenance
Cultural & Related Services,GREATER MANCHESTER TREESTATION LTD,10/26/2015,"2,808.00",Supplies and services,Grounds Maintenance
Cultural & Related Services,GREATER MANCHESTER TREESTATION LTD,10/26/2015,961.2,Supplies and services,Grounds Maintenance
Cultural & Related Services,GREATER MANCHESTER TREESTATION LTD,10/27/2015,"1,250.00",Supplies and services,Grounds Maintenance
Environmental & Regulatory Services,GREATER MANCHESTER WASTE DISPOSAL A,10/21/2015,"1,418,583.00",Third party payments - Levies,Other Public Sector Organisation
Cultural & Related Services,GROUNDWORK & LEISURE SERVICES LTD,10/16/2015,"6,522.50",Grounds Maintenance,Construction / Building Services
Cultural & Related Services,GROUNDWORK & LEISURE SERVICES LTD,10/22/2015,360,Grounds Maintenance,Construction / Building Services
Capital Expenditure,GROUNDWORK LANDSCAPES LTD,10/7/2015,"2,823.85",Capital Expenditure - Works,Construction / Building Services
Cultural & Related Services,GROUNDWORK LANDSCAPES LTD,10/22/2015,"2,361.40",Grounds Maintenance,Construction / Building Services
Cultural & Related Services,GROUNDWORK LANDSCAPES LTD,10/26/2015,150,Grounds Maintenance,Construction / Building Services
Cultural & Related Services,GROUNDWORK LANDSCAPES LTD,10/26/2015,"1,637.50",Grounds Maintenance,Construction / Building Services
Housing (General Fund) Services,GROUNDWORK MSSTT,10/9/2015,"6,500.00",Third party payments - Private/Voluntary Sector,Landscape / Gardening
Adult Social Care,GROVE LODGE CARE HOME LTD,10/5/2015,"3,150.00",Care Payments,Social Care Services
Adult Social Care,GROVE LODGE CARE HOME LTD,10/5/2015,"-1,017.20",Care Payments,Social Care Services
Adult Social Care,GROVE LODGE CARE HOME LTD,10/5/2015,854,Care Payments,Social Care Services
Adult Social Care,GROVE LODGE CARE HOME LTD,10/5/2015,"-4,048.00",Care Payments,Social Care Services
Adult Social Care,GROVE LODGE CARE HOME LTD,10/5/2015,"2,461.59",Care Payments,Social Care Services
Adult Social Care,GROVE LODGE CARE HOME LTD,10/5/2015,"8,028.57",Care Payments,Social Care Services
Adult Social Care,GROVE LODGE CARE HOME LTD,10/5/2015,"-2,079.24",Care Payments,Social Care Services
Adult Social Care,GROVE LODGE CARE HOME LTD,10/7/2015,200,Care Payments,Social Care Services
Adult Social Care,GROVE LODGE CARE HOME LTD,10/26/2015,"4,560.00",Care Payments,Social Care Services
Adult Social Care,GROVE LODGE CARE HOME LTD,10/26/2015,-216,Care Payments,Social Care Services
Adult Social Care,GROVE LODGE CARE HOME LTD,10/26/2015,"30,010.00",Care Payments,Social Care Services
Adult Social Care,GROVE LODGE CARE HOME LTD,10/26/2015,"-7,647.71",Care Payments,Social Care Services
Cultural & Related Services,Guide ID,10/27/2015,"1,376.89",Furniture and Equipment,Books / Magazines / Media
Planning Services,GVA GRIMLEY LLP,10/23/2015,"1,950.00",Professional Fees,Surveyor
Planning Services,GVA GRIMLEY LLP,10/23/2015,"4,610.00",Professional Fees,Surveyor
Environmental & Regulatory Services,GVA GRIMLEY RE MERSEYWAY,10/22/2015,"11,149.25",Supplies and services,Surveyor
Environmental & Regulatory Services,GVA GRIMLEY RE MERSEYWAY,10/26/2015,"2,778.42",Supplies and services,Surveyor
Capital Expenditure,H JENKINSON & CO LTD,10/1/2015,"2,999.29",Capital Expenditure - Works,Office Equipment
Capital Expenditure,H JENKINSON & CO LTD,10/21/2015,"2,087.64",Furniture and Equipment,Office Equipment
Adult Social Care,H JENKINSON & CO LTD,10/13/2015,77,Furniture and Equipment,Office Equipment
Adult Social Care,H JENKINSON & CO LTD,10/13/2015,492,Furniture and Equipment,Office Equipment
Childrens & Educational Services,H JENKINSON & CO LTD,10/13/2015,615.69,Furniture and Equipment,Office Equipment
Childrens & Educational Services,H JENKINSON & CO LTD,10/13/2015,616.32,Furniture and Equipment,Office Equipment
Cultural & Related Services,H JENKINSON & CO LTD,10/30/2015,235,Furniture and Equipment,Office Equipment
Cultural & Related Services,H JENKINSON & CO LTD,10/30/2015,"1,261.26",Furniture and Equipment,Office Equipment
Highways & Transport Services,H JENKINSON & CO LTD,10/9/2015,91,Furniture and Equipment,Office Equipment
Central Support Costs,H JENKINSON & CO LTD,10/14/2015,11,Repairs and Maintenance,Office Equipment
Capital Expenditure,Hale Solicitors,10/13/2015,"22,500.00",Supplies and services,Legal Services
Adult Social Care,HALLIWELL HOMES M/C LIMITED,10/5/2015,"12,512.00",Care Payments,Social Care Services
Adult Social Care,HALLIWELL HOMES M/C LIMITED,10/5/2015,"-5,064.04",Care Payments,Social Care Services
Capital Expenditure,HANTALL DEVELOPMENTS LTD,10/19/2015,"49,251.00",Capital Expenditure - Works,Construction / Building Services
Adult Social Care,HARBEX NURSING & CARE,10/9/2015,506.88,Care Payments,Social Care Services
Adult Social Care,HARBEX NURSING & CARE,10/9/2015,956.16,Care Payments,Social Care Services
Adult Social Care,HARBEX NURSING & CARE,10/14/2015,652.05,Care Payments,Social Care Services
Adult Social Care,HARBEX NURSING & CARE,10/14/2015,689.85,Care Payments,Social Care Services
Adult Social Care,HARBEX NURSING & CARE,10/28/2015,693,Care Payments,Social Care Services
Adult Social Care,HARBEX NURSING & CARE,10/28/2015,670.95,Care Payments,Social Care Services
Adult Social Care,HARBOUR HEALTHCARE LTD,10/5/2015,"4,480.00",Care Payments,Social Care Services
Adult Social Care,HARBOUR HEALTHCARE LTD,10/5/2015,"5,352.00",Care Payments,Social Care Services
Adult Social Care,HARBOUR HEALTHCARE LTD,10/5/2015,"5,376.00",Care Payments,Social Care Services
Adult Social Care,HARBOUR HEALTHCARE LTD,10/5/2015,"23,296.00",Care Payments,Social Care Services
Adult Social Care,HARBOUR HEALTHCARE LTD,10/5/2015,"-2,039.50",Care Payments,Social Care Services
Adult Social Care,HARBOUR HEALTHCARE LTD,10/5/2015,"-7,184.76",Care Payments,Social Care Services
Adult Social Care,HARBOUR HEALTHCARE LTD,10/5/2015,"3,568.00",Care Payments,Social Care Services
Adult Social Care,HARBOUR HEALTHCARE LTD,10/5/2015,448,Care Payments,Social Care Services
Adult Social Care,HARBOUR HEALTHCARE LTD,10/5/2015,"1,932.00",Care Payments,Social Care Services
Adult Social Care,HARBOUR HEALTHCARE LTD,10/5/2015,"-1,007.00",Care Payments,Social Care Services
Adult Social Care,HARBOUR HEALTHCARE LTD,10/5/2015,-448.6,Care Payments,Social Care Services
Adult Social Care,HARBOUR HEALTHCARE LTD,10/5/2015,"3,624.00",Care Payments,Social Care Services
Adult Social Care,HARBOUR HEALTHCARE LTD,10/5/2015,"1,792.00",Care Payments,Social Care Services
Adult Social Care,HARBOUR HEALTHCARE LTD,10/5/2015,"5,596.00",Care Payments,Social Care Services
Adult Social Care,HARBOUR HEALTHCARE LTD,10/5/2015,"-1,471.16",Care Payments,Social Care Services
Adult Social Care,HARBOUR HEALTHCARE LTD,10/5/2015,"-1,833.84",Care Payments,Social Care Services
Adult Social Care,HARBOUR HEALTHCARE LTD,10/5/2015,"3,584.00",Care Payments,Social Care Services
Adult Social Care,HARBOUR HEALTHCARE LTD,10/5/2015,448,Care Payments,Social Care Services
Adult Social Care,HARBOUR HEALTHCARE LTD,10/5/2015,"1,888.00",Care Payments,Social Care Services
Adult Social Care,HARBOUR HEALTHCARE LTD,10/5/2015,-540.52,Care Payments,Social Care Services
Adult Social Care,HARBOUR HEALTHCARE LTD,10/5/2015,"3,136.00",Care Payments,Social Care Services
Adult Social Care,HARBOUR HEALTHCARE LTD,10/5/2015,"14,192.00",Care Payments,Social Care Services
Adult Social Care,HARBOUR HEALTHCARE LTD,10/5/2015,"3,664.00",Care Payments,Social Care Services
Adult Social Care,HARBOUR HEALTHCARE LTD,10/5/2015,"16,240.00",Care Payments,Social Care Services
Adult Social Care,HARBOUR HEALTHCARE LTD,10/5/2015,"-3,305.42",Care Payments,Social Care Services
Adult Social Care,HARBOUR HEALTHCARE LTD,10/5/2015,"-4,488.68",Care Payments,Social Care Services
Adult Social Care,HARBOUR HEALTHCARE LTD,10/5/2015,"1,840.00",Care Payments,Social Care Services
Adult Social Care,HARBOUR HEALTHCARE LTD,10/5/2015,896,Care Payments,Social Care Services
Adult Social Care,HARBOUR HEALTHCARE LTD,10/5/2015,"1,804.00",Care Payments,Social Care Services
Adult Social Care,HARBOUR HEALTHCARE LTD,10/5/2015,-505.2,Care Payments,Social Care Services
Adult Social Care,HARBOUR HEALTHCARE LTD,10/5/2015,-681.36,Care Payments,Social Care Services
Adult Social Care,HARBOUR HEALTHCARE LTD,10/5/2015,"1,940.00",Care Payments,Social Care Services
Adult Social Care,HARBOUR HEALTHCARE LTD,10/5/2015,896,Care Payments,Social Care Services
Adult Social Care,HARBOUR HEALTHCARE LTD,10/5/2015,"1,980.00",Care Payments,Social Care Services
Adult Social Care,HARBOUR HEALTHCARE LTD,10/5/2015,-100,Care Payments,Social Care Services
Adult Social Care,HARBOUR HEALTHCARE LTD,10/5/2015,"-1,032.20",Care Payments,Social Care Services
Adult Social Care,HARBOUR HEALTHCARE LTD,10/5/2015,"1,784.00",Care Payments,Social Care Services
Adult Social Care,HARBOUR HEALTHCARE LTD,10/5/2015,-505.2,Care Payments,Social Care Services
Adult Social Care,HARBOUR HEALTHCARE LTD,10/26/2015,"6,279.00",Care Payments,Social Care Services
Adult Social Care,HARBOUR HEALTHCARE LTD,10/26/2015,"1,932.00",Care Payments,Social Care Services
Adult Social Care,HARBOUR HEALTHCARE LTD,10/26/2015,"-4,347.00",Care Payments,Social Care Services
Adult Social Care,HARBOUR HEALTHCARE LTD,10/26/2015,"2,416.86",Care Payments,Social Care Services
Adult Social Care,HARBOUR HEALTHCARE LTD,10/26/2015,-85.71,Care Payments,Social Care Services
Adult Social Care,HARBOUR HEALTHCARE LTD,10/26/2015,"2,596.29",Care Payments,Social Care Services
Adult Social Care,HARBOUR HEALTHCARE LTD,10/26/2015,"1,804.00",Care Payments,Social Care Services
Adult Social Care,HARBOUR HEALTHCARE LTD,10/26/2015,"8,920.00",Care Payments,Social Care Services
Adult Social Care,HARBOUR HEALTHCARE LTD,10/5/2015,"1,532.00",Care Payments,Social Care Services
Adult Social Care,HARBOUR HEALTHCARE LTD,10/5/2015,"10,077.57",Care Payments,Social Care Services
Adult Social Care,HARBOUR HEALTHCARE LTD,10/5/2015,"-3,390.60",Care Payments,Social Care Services
Adult Social Care,HARBOUR HEALTHCARE LTD,10/5/2015,"1,532.00",Care Payments,Social Care Services
Adult Social Care,HARBOUR HEALTHCARE LTD,10/5/2015,"-1,532.00",Care Payments,Social Care Services
Adult Social Care,HARBOUR HEALTHCARE LTD,10/5/2015,"1,532.00",Care Payments,Social Care Services
Adult Social Care,HARBOUR HEALTHCARE LTD,10/5/2015,-495.8,Care Payments,Social Care Services
Adult Social Care,HARBOUR HEALTHCARE LTD,10/5/2015,"4,848.00",Care Payments,Social Care Services
Adult Social Care,HARBOUR HEALTHCARE LTD,10/5/2015,"-1,389.76",Care Payments,Social Care Services
Capital Expenditure,HARDALL INTERNATIONAL LTD,10/28/2015,"1,800.00",Capital Expenditure - Works,Construction / Building Services
Capital Expenditure,HARDALL INTERNATIONAL LTD,10/28/2015,"6,450.00",Capital Expenditure - Works,Construction / Building Services
Childrens & Educational Services,HARDING BUILDING SERVICES,10/15/2015,"1,000.00",Third party payments - Private/Voluntary Sector,Construction / Building Services
Cultural & Related Services,Harris + Henry Early Years Consulta,10/1/2015,450,Professional Fees,Education Services
Cultural & Related Services,Harris + Henry Early Years Consulta,10/9/2015,180,Professional Fees,Education Services
Adult Social Care,HARVEY SCOTT - PROPERTY MGT,10/16/2015,450,Rents,Property Management
Adult Social Care,HARVEY SCOTT - PROPERTY MGT,10/27/2015,450,Rents,Property Management
Adult Social Care,Hayes Cottage Nursing Home Ltd,10/5/2015,"2,070.48",Care Payments,Social Care Services
Adult Social Care,Hayes Cottage Nursing Home Ltd,10/5/2015,-505.2,Care Payments,Social Care Services
Central Support Costs,HAYS SPECIALIST RECRUITMENT LTD,10/2/2015,"1,210.98",Agency Staff,Recruitment / Staffing
Central Support Costs,HAYS SPECIALIST RECRUITMENT LTD,10/2/2015,"2,133.76",Agency Staff,Recruitment / Staffing
Central Support Costs,HAYS SPECIALIST RECRUITMENT LTD,10/2/2015,"3,623.32",Agency Staff,Recruitment / Staffing
Central Support Costs,HAYS SPECIALIST RECRUITMENT LTD,10/9/2015,"1,189.13",Agency Staff,Recruitment / Staffing
Central Support Costs,HAYS SPECIALIST RECRUITMENT LTD,10/9/2015,"1,997.71",Agency Staff,Recruitment / Staffing
Central Support Costs,HAYS SPECIALIST RECRUITMENT LTD,10/9/2015,"1,096.60",Agency Staff,Recruitment / Staffing
Central Support Costs,HAYS SPECIALIST RECRUITMENT LTD,10/16/2015,"2,254.23",Agency Staff,Recruitment / Staffing
Central Support Costs,HAYS SPECIALIST RECRUITMENT LTD,10/16/2015,"2,133.77",Agency Staff,Recruitment / Staffing
Central Support Costs,HAYS SPECIALIST RECRUITMENT LTD,10/16/2015,"2,193.20",Agency Staff,Recruitment / Staffing
Central Support Costs,HAYS SPECIALIST RECRUITMENT LTD,10/23/2015,"1,207.77",Agency Staff,Recruitment / Staffing
Central Support Costs,HAYS SPECIALIST RECRUITMENT LTD,10/23/2015,"1,997.71",Agency Staff,Recruitment / Staffing
Central Support Costs,HAYS SPECIALIST RECRUITMENT LTD,10/23/2015,"4,927.11",Agency Staff,Recruitment / Staffing
Central Support Costs,HAYS SPECIALIST RECRUITMENT LTD,10/30/2015,"1,202.32",Agency Staff,Recruitment / Staffing
Central Support Costs,HAYS SPECIALIST RECRUITMENT LTD,10/30/2015,"1,127.00",Agency Staff,Recruitment / Staffing
Central Support Costs,HAYS SPECIALIST RECRUITMENT LTD,10/30/2015,"2,703.35",Agency Staff,Recruitment / Staffing
Corporate & Democratic Core,HAYS SPECIALIST RECRUITMENT LTD,10/23/2015,"3,008.48",Agency Staff,Recruitment / Staffing
Corporate & Democratic Core,HAYS SPECIALIST RECRUITMENT LTD,10/30/2015,"1,880.30",Agency Staff,Recruitment / Staffing
Adult Social Care,HAYS SPECIALIST RECRUITMENT LTD,10/2/2015,131.68,Agency Staff,Recruitment / Staffing
Adult Social Care,HAYS SPECIALIST RECRUITMENT LTD,10/2/2015,"2,822.26",Agency Staff,Recruitment / Staffing
Adult Social Care,HAYS SPECIALIST RECRUITMENT LTD,10/2/2015,887.26,Agency Staff,Recruitment / Staffing
Adult Social Care,HAYS SPECIALIST RECRUITMENT LTD,10/2/2015,"1,897.12",Agency Staff,Recruitment / Staffing
Adult Social Care,HAYS SPECIALIST RECRUITMENT LTD,10/2/2015,"1,209.13",Agency Staff,Recruitment / Staffing
Adult Social Care,HAYS SPECIALIST RECRUITMENT LTD,10/9/2015,511.16,Agency Staff,Recruitment / Staffing
Adult Social Care,HAYS SPECIALIST RECRUITMENT LTD,10/9/2015,887.26,Agency Staff,Recruitment / Staffing
Adult Social Care,HAYS SPECIALIST RECRUITMENT LTD,10/9/2015,"1,366.20",Agency Staff,Recruitment / Staffing
Adult Social Care,HAYS SPECIALIST RECRUITMENT LTD,10/9/2015,"1,330.19",Agency Staff,Recruitment / Staffing
Adult Social Care,HAYS SPECIALIST RECRUITMENT LTD,10/16/2015,503.7,Agency Staff,Recruitment / Staffing
Adult Social Care,HAYS SPECIALIST RECRUITMENT LTD,10/16/2015,"1,843.97",Agency Staff,Recruitment / Staffing
Adult Social Care,HAYS SPECIALIST RECRUITMENT LTD,10/16/2015,887.26,Agency Staff,Recruitment / Staffing
Adult Social Care,HAYS SPECIALIST RECRUITMENT LTD,10/16/2015,"2,937.10",Agency Staff,Recruitment / Staffing
Adult Social Care,HAYS SPECIALIST RECRUITMENT LTD,10/23/2015,915.14,Agency Staff,Recruitment / Staffing
Adult Social Care,HAYS SPECIALIST RECRUITMENT LTD,10/23/2015,"2,799.45",Agency Staff,Recruitment / Staffing
Adult Social Care,HAYS SPECIALIST RECRUITMENT LTD,10/23/2015,964.66,Agency Staff,Recruitment / Staffing
Adult Social Care,HAYS SPECIALIST RECRUITMENT LTD,10/23/2015,"1,991.50",Agency Staff,Recruitment / Staffing
Adult Social Care,HAYS SPECIALIST RECRUITMENT LTD,10/23/2015,"1,912.11",Agency Staff,Recruitment / Staffing
Adult Social Care,HAYS SPECIALIST RECRUITMENT LTD,10/23/2015,730.8,Agency Staff,Recruitment / Staffing
Adult Social Care,HAYS SPECIALIST RECRUITMENT LTD,10/30/2015,"1,326.90",Agency Staff,Recruitment / Staffing
Adult Social Care,HAYS SPECIALIST RECRUITMENT LTD,10/30/2015,"1,500.35",Agency Staff,Recruitment / Staffing
Adult Social Care,HAYS SPECIALIST RECRUITMENT LTD,10/30/2015,887.26,Agency Staff,Recruitment / Staffing
Adult Social Care,HAYS SPECIALIST RECRUITMENT LTD,10/30/2015,198.7,Agency Staff,Recruitment / Staffing
Childrens & Educational Services,HAYS SPECIALIST RECRUITMENT LTD,10/2/2015,"1,048.04",Agency Staff,Recruitment / Staffing
Childrens & Educational Services,HAYS SPECIALIST RECRUITMENT LTD,10/2/2015,"1,808.27",Agency Staff,Recruitment / Staffing
Childrens & Educational Services,HAYS SPECIALIST RECRUITMENT LTD,10/2/2015,333.74,Agency Staff,Recruitment / Staffing
Childrens & Educational Services,HAYS SPECIALIST RECRUITMENT LTD,10/2/2015,"2,044.62",Agency Staff,Recruitment / Staffing
Childrens & Educational Services,HAYS SPECIALIST RECRUITMENT LTD,10/2/2015,591,Agency Staff,Recruitment / Staffing
Childrens & Educational Services,HAYS SPECIALIST RECRUITMENT LTD,10/2/2015,"4,151.92",Agency Staff,Recruitment / Staffing
Childrens & Educational Services,HAYS SPECIALIST RECRUITMENT LTD,10/2/2015,948.29,Agency Staff,Recruitment / Staffing
Childrens & Educational Services,HAYS SPECIALIST RECRUITMENT LTD,10/2/2015,"1,494.04",Agency Staff,Recruitment / Staffing
Childrens & Educational Services,HAYS SPECIALIST RECRUITMENT LTD,10/2/2015,765.78,Agency Staff,Recruitment / Staffing
Childrens & Educational Services,HAYS SPECIALIST RECRUITMENT LTD,10/2/2015,828.88,Agency Staff,Recruitment / Staffing
Childrens & Educational Services,HAYS SPECIALIST RECRUITMENT LTD,10/2/2015,"2,701.08",Agency Staff,Recruitment / Staffing
Childrens & Educational Services,HAYS SPECIALIST RECRUITMENT LTD,10/2/2015,"1,182.00",Agency Staff,Recruitment / Staffing
Childrens & Educational Services,HAYS SPECIALIST RECRUITMENT LTD,10/9/2015,"1,166.24",Agency Staff,Recruitment / Staffing
Childrens & Educational Services,HAYS SPECIALIST RECRUITMENT LTD,10/9/2015,613.81,Agency Staff,Recruitment / Staffing
Childrens & Educational Services,HAYS SPECIALIST RECRUITMENT LTD,10/9/2015,318.4,Agency Staff,Recruitment / Staffing
Childrens & Educational Services,HAYS SPECIALIST RECRUITMENT LTD,10/9/2015,207.22,Agency Staff,Recruitment / Staffing
Childrens & Educational Services,HAYS SPECIALIST RECRUITMENT LTD,10/9/2015,"6,704.62",Agency Staff,Recruitment / Staffing
Childrens & Educational Services,HAYS SPECIALIST RECRUITMENT LTD,10/9/2015,"4,301.02",Agency Staff,Recruitment / Staffing
Childrens & Educational Services,HAYS SPECIALIST RECRUITMENT LTD,10/9/2015,"1,355.35",Agency Staff,Recruitment / Staffing
Childrens & Educational Services,HAYS SPECIALIST RECRUITMENT LTD,10/9/2015,"1,556.20",Agency Staff,Recruitment / Staffing
Childrens & Educational Services,HAYS SPECIALIST RECRUITMENT LTD,10/9/2015,728.18,Agency Staff,Recruitment / Staffing
Childrens & Educational Services,HAYS SPECIALIST RECRUITMENT LTD,10/9/2015,"1,035.49",Agency Staff,Recruitment / Staffing
Childrens & Educational Services,HAYS SPECIALIST RECRUITMENT LTD,10/9/2015,"1,036.69",Agency Staff,Recruitment / Staffing
Childrens & Educational Services,HAYS SPECIALIST RECRUITMENT LTD,10/16/2015,635.12,Agency Staff,Recruitment / Staffing
Childrens & Educational Services,HAYS SPECIALIST RECRUITMENT LTD,10/16/2015,174.6,Agency Staff,Recruitment / Staffing
Childrens & Educational Services,HAYS SPECIALIST RECRUITMENT LTD,10/16/2015,85.8,Agency Staff,Recruitment / Staffing
Childrens & Educational Services,HAYS SPECIALIST RECRUITMENT LTD,10/16/2015,"2,328.92",Agency Staff,Recruitment / Staffing
Childrens & Educational Services,HAYS SPECIALIST RECRUITMENT LTD,10/16/2015,"1,557.38",Agency Staff,Recruitment / Staffing
Childrens & Educational Services,HAYS SPECIALIST RECRUITMENT LTD,10/16/2015,"1,362.80",Agency Staff,Recruitment / Staffing
Childrens & Educational Services,HAYS SPECIALIST RECRUITMENT LTD,10/16/2015,161.2,Agency Staff,Recruitment / Staffing
Childrens & Educational Services,HAYS SPECIALIST RECRUITMENT LTD,10/16/2015,"1,069.89",Agency Staff,Recruitment / Staffing
Childrens & Educational Services,HAYS SPECIALIST RECRUITMENT LTD,10/16/2015,"2,507.38",Agency Staff,Recruitment / Staffing
Childrens & Educational Services,HAYS SPECIALIST RECRUITMENT LTD,10/16/2015,"1,063.80",Agency Staff,Recruitment / Staffing
Childrens & Educational Services,HAYS SPECIALIST RECRUITMENT LTD,10/23/2015,613.82,Agency Staff,Recruitment / Staffing
Childrens & Educational Services,HAYS SPECIALIST RECRUITMENT LTD,10/23/2015,622.52,Agency Staff,Recruitment / Staffing
Childrens & Educational Services,HAYS SPECIALIST RECRUITMENT LTD,10/23/2015,"5,850.69",Agency Staff,Recruitment / Staffing
Childrens & Educational Services,HAYS SPECIALIST RECRUITMENT LTD,10/23/2015,"1,534.76",Agency Staff,Recruitment / Staffing
Childrens & Educational Services,HAYS SPECIALIST RECRUITMENT LTD,10/23/2015,"3,703.41",Agency Staff,Recruitment / Staffing
Childrens & Educational Services,HAYS SPECIALIST RECRUITMENT LTD,10/23/2015,794.31,Agency Staff,Recruitment / Staffing
Childrens & Educational Services,HAYS SPECIALIST RECRUITMENT LTD,10/23/2015,"1,041.49",Agency Staff,Recruitment / Staffing
Childrens & Educational Services,HAYS SPECIALIST RECRUITMENT LTD,10/23/2015,"1,049.92",Agency Staff,Recruitment / Staffing
Childrens & Educational Services,HAYS SPECIALIST RECRUITMENT LTD,10/23/2015,591,Agency Staff,Recruitment / Staffing
Childrens & Educational Services,HAYS SPECIALIST RECRUITMENT LTD,10/30/2015,"1,749.36",Agency Staff,Recruitment / Staffing
Childrens & Educational Services,HAYS SPECIALIST RECRUITMENT LTD,10/30/2015,"4,136.00",Agency Staff,Recruitment / Staffing
Childrens & Educational Services,HAYS SPECIALIST RECRUITMENT LTD,10/30/2015,"2,453.08",Agency Staff,Recruitment / Staffing
Childrens & Educational Services,HAYS SPECIALIST RECRUITMENT LTD,10/30/2015,"1,534.76",Agency Staff,Recruitment / Staffing
Childrens & Educational Services,HAYS SPECIALIST RECRUITMENT LTD,10/30/2015,"1,556.20",Agency Staff,Recruitment / Staffing
Childrens & Educational Services,HAYS SPECIALIST RECRUITMENT LTD,10/30/2015,"1,416.36",Agency Staff,Recruitment / Staffing
Childrens & Educational Services,HAYS SPECIALIST RECRUITMENT LTD,10/30/2015,"2,119.38",Agency Staff,Recruitment / Staffing
Environmental & Regulatory Services,HAYS SPECIALIST RECRUITMENT LTD,10/23/2015,"1,469.46",Agency Staff,Recruitment / Staffing
Environmental & Regulatory Services,HAYS SPECIALIST RECRUITMENT LTD,10/30/2015,684.4,Agency Staff,Recruitment / Staffing
Highways & Transport Services,HAYS SPECIALIST RECRUITMENT LTD,10/2/2015,"1,034.12",Agency Staff,Recruitment / Staffing
Highways & Transport Services,HAYS SPECIALIST RECRUITMENT LTD,10/16/2015,867.84,Agency Staff,Recruitment / Staffing
Highways & Transport Services,HAYS SPECIALIST RECRUITMENT LTD,10/30/2015,433.92,Agency Staff,Recruitment / Staffing
Capital Expenditure,Hazel Grove High School (Academy),10/2/2015,"167,760.71",Capital Expenditure - Works,Education Services
Childrens & Educational Services,Hazel Grove High School (Academy),10/12/2015,"3,750.00",Fees and Charges,Education Services
Childrens & Educational Services,Hazel Grove High School (Academy),10/21/2015,"6,752.23",Fees and Charges,Education Services
Childrens & Educational Services,HAZEL GROVE METHODIST CHURCH,10/9/2015,"1,050.00",Rents,Church / Place of Worship
Childrens & Educational Services,HAZEL GROVE METHODIST CHURCH,10/9/2015,"1,530.00",Rents,Church / Place of Worship
Capital Expenditure,HB DEVELOPMENTS NORTH WEST LTD,10/9/2015,"6,634.16",Capital Expenditure - Works,Construction / Building Services
Adult Social Care,HC-ONE Callands Care Home,10/5/2015,"1,623.15",Care Payments,Social Care Services
Adult Social Care,HC-ONE LIMITED,10/5/2015,"1,840.00",Care Payments,Social Care Services
Adult Social Care,HC-ONE LIMITED,10/5/2015,-321.8,Care Payments,Social Care Services
Adult Social Care,HC-ONE LIMITED,10/5/2015,448,Care Payments,Social Care Services
Adult Social Care,HC-ONE LIMITED,10/5/2015,"4,928.00",Care Payments,Social Care Services
Adult Social Care,HC-ONE LIMITED,10/5/2015,"6,940.00",Care Payments,Social Care Services
Adult Social Care,HC-ONE LIMITED,10/5/2015,"3,216.00",Care Payments,Social Care Services
Adult Social Care,HC-ONE LIMITED,10/5/2015,"11,492.14",Care Payments,Social Care Services
Adult Social Care,HC-ONE LIMITED,10/5/2015,"-2,656.24",Care Payments,Social Care Services
Adult Social Care,HC-ONE LIMITED,10/5/2015,"-2,841.00",Care Payments,Social Care Services
Adult Social Care,HC-ONE LIMITED,10/5/2015,"1,344.00",Care Payments,Social Care Services
Adult Social Care,HC-ONE LIMITED,10/5/2015,"3,700.00",Care Payments,Social Care Services
Adult Social Care,HC-ONE LIMITED,10/5/2015,"-1,626.88",Care Payments,Social Care Services
Adult Social Care,HC-ONE LIMITED,10/5/2015,"1,792.00",Care Payments,Social Care Services
Adult Social Care,HC-ONE LIMITED,10/5/2015,"7,440.00",Care Payments,Social Care Services
Adult Social Care,HC-ONE LIMITED,10/5/2015,"-2,277.88",Care Payments,Social Care Services
Adult Social Care,HC-ONE LIMITED,10/26/2015,465,Care Payments,Social Care Services
Adult Social Care,HC-ONE LIMITED,10/26/2015,"1,129.29",Care Payments,Social Care Services
Adult Social Care,HC-ONE LIMITED,10/26/2015,"7,360.00",Care Payments,Social Care Services
Adult Social Care,HC-ONE LIMITED,10/12/2015,"35,340.00",Care Payments,Social Care Services
Adult Social Care,HC-ONE LIMITED,10/5/2015,"10,466.63",Care Payments,Social Care Services
Adult Social Care,HC-ONE LIMITED,10/5/2015,"-3,276.04",Care Payments,Social Care Services
Adult Social Care,HC-ONE LIMITED,10/5/2015,"8,653.64",Care Payments,Social Care Services
Adult Social Care,HC-ONE LIMITED,10/5/2015,"-2,584.88",Care Payments,Social Care Services
Adult Social Care,HC-ONE LIMITED,10/5/2015,"3,497.88",Care Payments,Social Care Services
Adult Social Care,HC-ONE LIMITED,10/5/2015,"-1,285.72",Care Payments,Social Care Services
Adult Social Care,HC-ONE LIMITED,10/5/2015,"17,671.52",Care Payments,Social Care Services
Adult Social Care,HC-ONE LIMITED,10/5/2015,"-6,918.48",Care Payments,Social Care Services
Adult Social Care,HC-ONE LIMITED,10/5/2015,"1,792.00",Care Payments,Social Care Services
Adult Social Care,HC-ONE LIMITED,10/5/2015,"5,322.86",Care Payments,Social Care Services
Adult Social Care,HC-ONE LIMITED,10/5/2015,432,Care Payments,Social Care Services
Adult Social Care,HC-ONE LIMITED,10/5/2015,"1,793.57",Care Payments,Social Care Services
Adult Social Care,HC-ONE LIMITED,10/5/2015,-540.24,Care Payments,Social Care Services
Adult Social Care,HC-ONE LIMITED,10/5/2015,-674.72,Care Payments,Social Care Services
Adult Social Care,HC-ONE LIMITED,10/5/2015,"5,212.68",Care Payments,Social Care Services
Adult Social Care,HC-ONE LIMITED,10/5/2015,896,Care Payments,Social Care Services
Adult Social Care,HC-ONE LIMITED,10/5/2015,"4,090.00",Care Payments,Social Care Services
Adult Social Care,HC-ONE LIMITED,10/5/2015,"-1,206.12",Care Payments,Social Care Services
Adult Social Care,HC-ONE LIMITED,10/5/2015,"-1,613.76",Care Payments,Social Care Services
Adult Social Care,HC-ONE LIMITED,10/5/2015,"10,269.79",Care Payments,Social Care Services
Adult Social Care,HC-ONE LIMITED,10/5/2015,896,Care Payments,Social Care Services
Adult Social Care,HC-ONE LIMITED,10/5/2015,"3,720.00",Care Payments,Social Care Services
Adult Social Care,HC-ONE LIMITED,10/5/2015,-507.6,Care Payments,Social Care Services
Adult Social Care,HC-ONE LIMITED,10/5/2015,-732.64,Care Payments,Social Care Services
Adult Social Care,HC-ONE LIMITED,10/5/2015,"13,396.66",Care Payments,Social Care Services
Adult Social Care,HC-ONE LIMITED,10/5/2015,"3,136.00",Care Payments,Social Care Services
Adult Social Care,HC-ONE LIMITED,10/5/2015,"12,073.12",Care Payments,Social Care Services
Adult Social Care,HC-ONE LIMITED,10/5/2015,"-4,413.60",Care Payments,Social Care Services
Adult Social Care,HC-ONE LIMITED,10/5/2015,"-2,792.76",Care Payments,Social Care Services
Adult Social Care,HC-ONE LIMITED,10/26/2015,"9,200.00",Care Payments,Social Care Services
Adult Social Care,HC-ONE LIMITED,10/26/2015,-182.12,Care Payments,Social Care Services
Adult Social Care,HC-One Limited,10/5/2015,"1,876.00",Care Payments,Social Care Services
Adult Social Care,HC-One Limited,10/5/2015,-553.08,Care Payments,Social Care Services
Adult Social Care,HC-One Limited,10/5/2015,"1,683.76",Care Payments,Social Care Services
Adult Social Care,HC-One Limited,10/5/2015,-506,Care Payments,Social Care Services
Adult Social Care,Heathcotes Ltd,10/5/2015,"29,828.04",Care Payments,Social Care Services
Adult Social Care,Heathcotes Ltd,10/5/2015,"-1,284.80",Care Payments,Social Care Services
Adult Social Care,HEATON LODGE LTD,10/5/2015,"9,976.00",Care Payments,Social Care Services
Adult Social Care,HEATON LODGE LTD,10/5/2015,"-1,001.00",Care Payments,Social Care Services
Adult Social Care,HEATON LODGE LTD,10/5/2015,"6,276.00",Care Payments,Social Care Services
Adult Social Care,HEATON LODGE LTD,10/5/2015,"2,828.00",Care Payments,Social Care Services
Adult Social Care,HEATON LODGE LTD,10/5/2015,"5,664.29",Care Payments,Social Care Services
Adult Social Care,HEATON LODGE LTD,10/5/2015,"1,648.00",Care Payments,Social Care Services
Adult Social Care,HEATON LODGE LTD,10/5/2015,-505.2,Care Payments,Social Care Services
Adult Social Care,HEATON LODGE LTD,10/26/2015,"2,200.00",Care Payments,Social Care Services
Adult Social Care,HEATON LODGE LTD,10/26/2015,707.14,Care Payments,Social Care Services
Adult Social Care,HEATON LODGE LTD,10/26/2015,-98.61,Care Payments,Social Care Services
Adult Social Care,HEATON NORRIS HEALTH CENTRE,10/21/2015,"7,612.50",Care Payments,Health Services
Public Health,HEATON NORRIS HEALTH CENTRE,10/28/2015,569.17,Care Payments,Health Services
Public Health,HEATON NORRIS HEALTH CENTRE,10/28/2015,500,Service Contract Payments,Health Services
Childrens & Educational Services,HENRYS SOLICITORS,10/15/2015,600,Legal Fees,Legal Services
Childrens & Educational Services,HERTFORDSHIRE COUNTY COUNCIL,10/15/2015,"40,000.00",Care Payments,Local Authority
Childrens & Educational Services,Hexagon Care Services,10/7/2015,"10,517.50",Care Payments,Social Care Services
Adult Social Care,HFT,10/5/2015,"4,992.08",Care Payments,Social Care Services
Adult Social Care,HFT,10/5/2015,-321.8,Care Payments,Social Care Services
Adult Social Care,HFT,10/7/2015,"8,109.08",Care Payments,Social Care Services
Adult Social Care,HG CARE SERVICES LTD,10/7/2015,239.4,Care Payments,Social Care Services
Adult Social Care,HG CARE SERVICES LTD,10/7/2015,302.4,Care Payments,Social Care Services
Adult Social Care,HG CARE SERVICES LTD,10/7/2015,157.5,Care Payments,Social Care Services
Adult Social Care,HG CARE SERVICES LTD,10/14/2015,"3,931.20",Care Payments,Social Care Services
Adult Social Care,HG CARE SERVICES LTD,10/14/2015,"6,917.40",Care Payments,Social Care Services
Adult Social Care,HG CARE SERVICES LTD,10/14/2015,904.05,Care Payments,Social Care Services
Adult Social Care,HG CARE SERVICES LTD,10/14/2015,529.2,Care Payments,Social Care Services
Adult Social Care,HG CARE SERVICES LTD,10/14/2015,"4,120.20",Care Payments,Social Care Services
Adult Social Care,HG CARE SERVICES LTD,10/14/2015,"6,967.80",Care Payments,Social Care Services
Adult Social Care,HG CARE SERVICES LTD,10/14/2015,904.05,Care Payments,Social Care Services
Adult Social Care,HG CARE SERVICES LTD,10/14/2015,529.2,Care Payments,Social Care Services
Adult Social Care,HG CARE SERVICES LTD,10/28/2015,"4,287.15",Care Payments,Social Care Services
Adult Social Care,HG CARE SERVICES LTD,10/28/2015,"7,093.80",Care Payments,Social Care Services
Adult Social Care,HG CARE SERVICES LTD,10/28/2015,907.2,Care Payments,Social Care Services
Adult Social Care,HG CARE SERVICES LTD,10/28/2015,529.2,Care Payments,Social Care Services
Adult Social Care,HG CARE SERVICES LTD,10/28/2015,"4,485.60",Care Payments,Social Care Services
Adult Social Care,HG CARE SERVICES LTD,10/28/2015,"7,153.65",Care Payments,Social Care Services
Adult Social Care,HG CARE SERVICES LTD,10/28/2015,970.2,Care Payments,Social Care Services
Adult Social Care,HG CARE SERVICES LTD,10/28/2015,529.2,Care Payments,Social Care Services
Capital Expenditure,Hibberts LLP,10/9/2015,"250,000.00",Supplies and services,Legal Services
Capital Expenditure,Hibberts LLP,10/9/2015,"7,640.10",Supplies and services,Legal Services
Capital Expenditure,HILL PROPERTY SERVICES LTD,10/8/2015,"2,036.71",Capital Expenditure - Works,Construction / Building Services
Adult Social Care,HILLBROOK GRANGE RESIDENT CARE HOME,10/5/2015,"7,650.14",Care Payments,Social Care Services
Adult Social Care,HILLBROOK GRANGE RESIDENT CARE HOME,10/5/2015,"-4,258.64",Care Payments,Social Care Services
Adult Social Care,HILLBROOK GRANGE RESIDENT CARE HOME,10/26/2015,"8,920.00",Care Payments,Social Care Services
Capital Expenditure,HMRC Shipley,10/15/2015,"14,670.00",Fees and Charges,Central Government Department
Adult Social Care,HOIST & SHOWER CHAIR CO LTD,10/15/2015,"2,590.00",Furniture and Equipment,Construction / Building Services
Planning Services,HOLLISSVINCENT,10/13/2015,790.3,Professional Fees,Property Development
Adult Social Care,HOME INSTEAD SENIOR CARE,10/12/2015,140,Care Payments,Social Care Services
Adult Social Care,HOME INSTEAD SENIOR CARE,10/12/2015,393.63,Care Payments,Social Care Services
Adult Social Care,HOME INSTEAD SENIOR CARE,10/12/2015,494.5,Care Payments,Social Care Services
Adult Social Care,HOME INSTEAD SENIOR CARE,10/20/2015,201,Care Payments,Social Care Services
Adult Social Care,HOME INSTEAD SENIOR CARE,10/27/2015,70,Care Payments,Social Care Services
Adult Social Care,Homecare Northwest,10/14/2015,544.95,Care Payments,Social Care Services
Adult Social Care,Homecare Northwest,10/14/2015,532.35,Care Payments,Social Care Services
Adult Social Care,Homecare Northwest,10/28/2015,507.15,Care Payments,Social Care Services
Adult Social Care,Homecare Northwest,10/28/2015,526.05,Care Payments,Social Care Services
Adult Social Care,HOMECARE4U LTD,10/7/2015,75.6,Care Payments,Social Care Services
Adult Social Care,HOMECARE4U LTD,10/14/2015,100.8,Care Payments,Social Care Services
Adult Social Care,HOMECARE4U LTD,10/14/2015,"2,249.10",Care Payments,Social Care Services
Adult Social Care,HOMECARE4U LTD,10/14/2015,"3,946.95",Care Payments,Social Care Services
Adult Social Care,HOMECARE4U LTD,10/14/2015,"3,294.90",Care Payments,Social Care Services
Adult Social Care,HOMECARE4U LTD,10/14/2015,122.85,Care Payments,Social Care Services
Adult Social Care,HOMECARE4U LTD,10/14/2015,"2,438.10",Care Payments,Social Care Services
Adult Social Care,HOMECARE4U LTD,10/14/2015,"3,972.15",Care Payments,Social Care Services
Adult Social Care,HOMECARE4U LTD,10/14/2015,"2,948.40",Care Payments,Social Care Services
Adult Social Care,HOMECARE4U LTD,10/28/2015,122.85,Care Payments,Social Care Services
Adult Social Care,HOMECARE4U LTD,10/28/2015,"2,447.55",Care Payments,Social Care Services
Adult Social Care,HOMECARE4U LTD,10/28/2015,"3,780.00",Care Payments,Social Care Services
Adult Social Care,HOMECARE4U LTD,10/28/2015,"3,071.25",Care Payments,Social Care Services
Adult Social Care,HOMECARE4U LTD,10/28/2015,126,Care Payments,Social Care Services
Adult Social Care,HOMECARE4U LTD,10/28/2015,"2,378.25",Care Payments,Social Care Services
Adult Social Care,HOMECARE4U LTD,10/28/2015,"3,969.00",Care Payments,Social Care Services
Adult Social Care,HOMECARE4U LTD,10/28/2015,"3,064.95",Care Payments,Social Care Services
Environmental & Regulatory Services,HOTLINE GROUP LTD,10/20/2015,723.9,Office Expenses,Office Equipment / Stationery Supplies
Capital Expenditure,HOW Planning LLP,10/28/2015,"2,272.95",Professional Fees,Professional / Consultancy Services
Capital Expenditure,HOWARD BASFORD LTD,10/8/2015,165.25,Capital Expenditure - Works,Insurance Services
Capital Expenditure,HOWARD BASFORD LTD,10/8/2015,41.67,Capital Expenditure - Works,Insurance Services
Capital Expenditure,HOWARD BASFORD LTD,10/8/2015,101.17,Capital Expenditure - Works,Insurance Services
Capital Expenditure,HOWARD BASFORD LTD,10/8/2015,102.36,Capital Expenditure - Works,Insurance Services
Capital Expenditure,HOWARD BASFORD LTD,10/22/2015,53.71,Capital Expenditure - Works,Insurance Services
Central Support Costs,HOWARD BASFORD LTD,10/23/2015,250,Vehicle Insurance,Insurance Services
Capital Expenditure,HUGH STEEPER LTD,10/21/2015,"2,976.86",Capital Expenditure - Works,Construction / Building Services
Public Health,HULME HALL MEDICAL GROUP,10/29/2015,830,Care Payments,Health Services
Adult Social Care,HUMAN SUPPORT GROUP LTD,10/14/2015,229.95,Care Payments,Social Care Services
Adult Social Care,HUMAN SUPPORT GROUP LTD,10/14/2015,"1,077.30",Care Payments,Social Care Services
Adult Social Care,HUMAN SUPPORT GROUP LTD,10/14/2015,"1,993.95",Care Payments,Social Care Services
Adult Social Care,HUMAN SUPPORT GROUP LTD,10/14/2015,850.5,Care Payments,Social Care Services
Adult Social Care,HUMAN SUPPORT GROUP LTD,10/14/2015,261.45,Care Payments,Social Care Services
Adult Social Care,HUMAN SUPPORT GROUP LTD,10/14/2015,"1,105.65",Care Payments,Social Care Services
Adult Social Care,HUMAN SUPPORT GROUP LTD,10/14/2015,"1,956.15",Care Payments,Social Care Services
Adult Social Care,HUMAN SUPPORT GROUP LTD,10/14/2015,841.05,Care Payments,Social Care Services
Adult Social Care,HUMAN SUPPORT GROUP LTD,10/28/2015,264.6,Care Payments,Social Care Services
Adult Social Care,HUMAN SUPPORT GROUP LTD,10/28/2015,"1,083.60",Care Payments,Social Care Services
Adult Social Care,HUMAN SUPPORT GROUP LTD,10/28/2015,"1,908.90",Care Payments,Social Care Services
Adult Social Care,HUMAN SUPPORT GROUP LTD,10/28/2015,834.75,Care Payments,Social Care Services
Adult Social Care,HUMAN SUPPORT GROUP LTD,10/28/2015,264.6,Care Payments,Social Care Services
Adult Social Care,HUMAN SUPPORT GROUP LTD,10/28/2015,"1,111.95",Care Payments,Social Care Services
Adult Social Care,HUMAN SUPPORT GROUP LTD,10/28/2015,"2,063.25",Care Payments,Social Care Services
Adult Social Care,HUMAN SUPPORT GROUP LTD,10/28/2015,866.25,Care Payments,Social Care Services
Childrens & Educational Services,Hursthead Junior (Academy),10/19/2015,"1,212.54",Fees and Charges,Education Services
Adult Social Care,iCare Solutions Ltd,10/14/2015,176.4,Care Payments,Social Care Services
Adult Social Care,iCare Solutions Ltd,10/14/2015,"2,186.10",Care Payments,Social Care Services
Adult Social Care,iCare Solutions Ltd,10/14/2015,"1,335.60",Care Payments,Social Care Services
Adult Social Care,iCare Solutions Ltd,10/14/2015,176.4,Care Payments,Social Care Services
Adult Social Care,iCare Solutions Ltd,10/14/2015,"2,428.65",Care Payments,Social Care Services
Adult Social Care,iCare Solutions Ltd,10/14/2015,"1,423.80",Care Payments,Social Care Services
Adult Social Care,iCare Solutions Ltd,10/28/2015,176.4,Care Payments,Social Care Services
Adult Social Care,iCare Solutions Ltd,10/28/2015,"2,857.05",Care Payments,Social Care Services
Adult Social Care,iCare Solutions Ltd,10/28/2015,"1,423.80",Care Payments,Social Care Services
Adult Social Care,iCare Solutions Ltd,10/28/2015,176.4,Care Payments,Social Care Services
Adult Social Care,iCare Solutions Ltd,10/28/2015,"2,964.15",Care Payments,Social Care Services
Adult Social Care,iCare Solutions Ltd,10/28/2015,"1,423.80",Care Payments,Social Care Services
Central Support Costs,ICS Learn,10/27/2015,"1,666.67",Staff Training,Education Services
Adult Social Care,Ideal Care Homes(Hatton Grange),10/5/2015,"3,765.60",Care Payments,Social Care Services
Adult Social Care,Ideal Care Homes(Hatton Grange),10/5/2015,-505.2,Care Payments,Social Care Services
Adult Social Care,Ideal Care Homes(Hatton Grange),10/5/2015,"1,796.00",Care Payments,Social Care Services
Adult Social Care,Ideal Care Homes(Hatton Grange),10/5/2015,-120,Care Payments,Social Care Services
Adult Social Care,Ideal Care Homes(Hatton Grange),10/5/2015,"5,082.80",Care Payments,Social Care Services
Adult Social Care,Ideal Care Homes(Hatton Grange),10/5/2015,"-1,600.56",Care Payments,Social Care Services
Adult Social Care,Ideal Care Homes(Hatton Grange),10/26/2015,"3,399.58",Care Payments,Social Care Services
Adult Social Care,Ideal Care Homes(Hatton Grange),10/26/2015,-227.14,Care Payments,Social Care Services
Adult Social Care,IDEAL CAREHOMES LTD,10/5/2015,"7,660.00",Care Payments,Social Care Services
Adult Social Care,IDEAL CAREHOMES LTD,10/5/2015,"-1,394.84",Care Payments,Social Care Services
Adult Social Care,IDEAL CAREHOMES LTD,10/5/2015,"39,077.14",Care Payments,Social Care Services
Adult Social Care,IDEAL CAREHOMES LTD,10/5/2015,"-10,433.32",Care Payments,Social Care Services
Adult Social Care,IDEAL CAREHOMES LTD,10/5/2015,"3,680.00",Care Payments,Social Care Services
Adult Social Care,IDEAL CAREHOMES LTD,10/5/2015,"-1,477.48",Care Payments,Social Care Services
Adult Social Care,IDEAL CAREHOMES LTD,10/5/2015,"8,948.00",Care Payments,Social Care Services
Adult Social Care,IDEAL CAREHOMES LTD,10/5/2015,"-3,282.36",Care Payments,Social Care Services
Adult Social Care,IDEAL CAREHOMES LTD,10/5/2015,"13,000.00",Care Payments,Social Care Services
Adult Social Care,IDEAL CAREHOMES LTD,10/5/2015,"-4,158.88",Care Payments,Social Care Services
Adult Social Care,IDEAL CAREHOMES LTD,10/26/2015,"2,170.00",Care Payments,Social Care Services
Adult Social Care,IDEAL CAREHOMES LTD,10/26/2015,-132.86,Care Payments,Social Care Services
Adult Social Care,IDEAL CAREHOMES LTD,10/29/2015,"3,065.00",Care Payments,Social Care Services
Adult Social Care,IDEAL CAREHOMES LTD,10/29/2015,-898.08,Care Payments,Social Care Services
Housing (General Fund) Services,IEG4  LTD,10/28/2015,"40,000.00",Information and Communications Technology,ICT Consultancy / Support
Adult Social Care,ILBP Support Ltd,10/20/2015,624,Care Payments,Social Care Services
Adult Social Care,ILBP Support Ltd,10/20/2015,624,Care Payments,Social Care Services
Adult Social Care,ILBP Support Ltd,10/20/2015,252,Care Payments,Social Care Services
Adult Social Care,ILBP Support Ltd,10/20/2015,780,Care Payments,Social Care Services
Adult Social Care,ILBP Support Ltd,10/20/2015,780,Care Payments,Social Care Services
Adult Social Care,ILBP Support Ltd,10/20/2015,312,Care Payments,Social Care Services
Childrens & Educational Services,IMAGINE FM LTD,10/28/2015,"1,800.00",Publicity and Promotion,Digital / Media Services
Adult Social Care,IMAP CENTRE LIMITED,10/5/2015,"12,516.00",Care Payments,Social Care Services
Adult Social Care,IMAP CENTRE LIMITED,10/26/2015,"10,728.00",Care Payments,Social Care Services
Public Health,Imparture Ltd,10/23/2015,399.5,Publicity and Promotion,Digital / Media Services
Central Support Costs,Imparture Ltd,10/1/2015,794.75,Staff Training,Digital / Media Services
Planning Services,Imparture Ltd,10/19/2015,399.5,Staff Training,Digital / Media Services
Adult Social Care,INDEPENDENT OPTIONS (NORTH WEST),10/9/2015,"21,897.24",Care Payments,Social Care Services
Adult Social Care,INDEPENDENT OPTIONS (NORTH WEST),10/9/2015,252,Care Payments,Social Care Services
Adult Social Care,INDEPENDENT OPTIONS (NORTH WEST),10/9/2015,"6,691.11",Care Payments,Social Care Services
Adult Social Care,INDEPENDENT OPTIONS (NORTH WEST),10/9/2015,730.8,Care Payments,Social Care Services
Adult Social Care,INDEPENDENT OPTIONS (NORTH WEST),10/9/2015,441,Care Payments,Social Care Services
Adult Social Care,INDEPENDENT OPTIONS (NORTH WEST),10/9/2015,163.8,Care Payments,Social Care Services
Adult Social Care,INDEPENDENT OPTIONS (NORTH WEST),10/9/2015,438.24,Care Payments,Social Care Services
Adult Social Care,INDEPENDENT OPTIONS (NORTH WEST),10/9/2015,"5,632.50",Care Payments,Social Care Services
Adult Social Care,INDEPENDENT OPTIONS (NORTH WEST),10/9/2015,302.4,Care Payments,Social Care Services
Adult Social Care,INDEPENDENT OPTIONS (NORTH WEST),10/9/2015,151.2,Care Payments,Social Care Services
Adult Social Care,INDEPENDENT OPTIONS (NORTH WEST),10/12/2015,444.6,Care Payments,Social Care Services
Adult Social Care,INDEPENDENT OPTIONS (NORTH WEST),10/12/2015,444.6,Care Payments,Social Care Services
Adult Social Care,INDEPENDENT OPTIONS (NORTH WEST),10/12/2015,444.6,Care Payments,Social Care Services
Adult Social Care,INDEPENDENT OPTIONS (NORTH WEST),10/12/2015,444.6,Care Payments,Social Care Services
Adult Social Care,INDEPENDENT OPTIONS (NORTH WEST),10/12/2015,"1,467.90",Care Payments,Social Care Services
Adult Social Care,INDEPENDENT OPTIONS (NORTH WEST),10/12/2015,6.6,Care Payments,Social Care Services
Adult Social Care,INDEPENDENT OPTIONS (NORTH WEST),10/12/2015,"29,288.28",Care Payments,Social Care Services
Adult Social Care,INDEPENDENT OPTIONS (NORTH WEST),10/12/2015,220.5,Care Payments,Social Care Services
Adult Social Care,INDEPENDENT OPTIONS (NORTH WEST),10/12/2015,107.1,Care Payments,Social Care Services
Adult Social Care,INDEPENDENT OPTIONS (NORTH WEST),10/20/2015,"11,987.00",Care Payments,Social Care Services
Adult Social Care,INDEPENDENT OPTIONS (NORTH WEST),10/28/2015,"12,348.60",Care Payments,Social Care Services
Adult Social Care,INDEPENDENT OPTIONS (NORTH WEST),10/5/2015,"10,354.17",Care Payments,Social Care Services
Adult Social Care,INDEPENDENT OPTIONS (NORTH WEST),10/5/2015,"10,354.17",Care Payments,Social Care Services
Childrens & Educational Services,INDEPENDENT OPTIONS (NORTH WEST),10/22/2015,166.2,Care Payments,Social Care Services
Childrens & Educational Services,INDEPENDENT OPTIONS (NORTH WEST),10/22/2015,415.5,Care Payments,Social Care Services
Childrens & Educational Services,INDEPENDENT OPTIONS (NORTH WEST),10/22/2015,69.25,Care Payments,Social Care Services
Childrens & Educational Services,INDEPENDENT OPTIONS (NORTH WEST),10/22/2015,415.5,Care Payments,Social Care Services
Childrens & Educational Services,INDEPENDENT OPTIONS (NORTH WEST),10/22/2015,110.8,Care Payments,Social Care Services
Childrens & Educational Services,INDEPENDENT OPTIONS (NORTH WEST),10/22/2015,457.05,Care Payments,Social Care Services
Childrens & Educational Services,INDEPENDENT OPTIONS (NORTH WEST),10/14/2015,166.2,Care Payments,Social Care Services
Childrens & Educational Services,INDEPENDENT OPTIONS (NORTH WEST),10/14/2015,69.25,Care Payments,Social Care Services
Childrens & Educational Services,INDEPENDENT OPTIONS (NORTH WEST),10/14/2015,865.63,Care Payments,Social Care Services
Childrens & Educational Services,INDEPENDENT OPTIONS (NORTH WEST),10/14/2015,831,Care Payments,Social Care Services
Childrens & Educational Services,INDEPENDENT OPTIONS (NORTH WEST),10/14/2015,360.1,Care Payments,Social Care Services
Childrens & Educational Services,INDEPENDENT OPTIONS (NORTH WEST),10/22/2015,48.48,Care Payments,Social Care Services
Childrens & Educational Services,INDEPENDENT OPTIONS (NORTH WEST),10/14/2015,117.72,Care Payments,Social Care Services
Childrens & Educational Services,INDEPENDENT OPTIONS (NORTH WEST),10/14/2015,193.9,Care Payments,Social Care Services
Childrens & Educational Services,INDEPENDENT OPTIONS (NORTH WEST),10/14/2015,166.2,Care Payments,Social Care Services
Childrens & Educational Services,INDEPENDENT OPTIONS (NORTH WEST),10/14/2015,53.4,Care Payments,Social Care Services
Childrens & Educational Services,INDEPENDENT OPTIONS (NORTH WEST),10/15/2015,160.2,Care Payments,Social Care Services
Childrens & Educational Services,INDEPENDENT OPTIONS (NORTH WEST),10/14/2015,110.8,Care Payments,Social Care Services
Childrens & Educational Services,INDEPENDENT OPTIONS (NORTH WEST),10/14/2015,55.4,Care Payments,Social Care Services
Childrens & Educational Services,INDEPENDENT OPTIONS (NORTH WEST),10/20/2015,-152.35,Care Payments,Social Care Services
Childrens & Educational Services,INDEPENDENT OPTIONS (NORTH WEST),10/22/2015,80,Office Expenses,Social Care Services
Adult Social Care,INDIAN SENIOR CITIZENS CENTRE,10/7/2015,674.96,Care Payments,Social Care Services
Adult Social Care,INGLEWOOD RESIDENTIAL CARE HOME,10/26/2015,"1,860.57",Care Payments,Social Care Services
Adult Social Care,INGLEWOOD RESIDENTIAL CARE HOME,10/26/2015,-792.91,Care Payments,Social Care Services
Adult Social Care,INGLEWOOD RESIDENTIAL CARE HOME,10/26/2015,"3,256.00",Care Payments,Social Care Services
Adult Social Care,INGLEWOOD RESIDENTIAL CARE HOME,10/26/2015,"-2,459.00",Care Payments,Social Care Services
Adult Social Care,INGLEWOOD RESIDENTIAL CARE HOME,10/26/2015,-242.93,Care Payments,Social Care Services
Adult Social Care,INGLEWOOD RESIDENTIAL CARE HOME,10/26/2015,"-1,059.83",Care Payments,Social Care Services
Childrens & Educational Services,INITIAL WASHROOM SOLUTIONS,10/26/2015,524.57,Waste Management,Cleaning Supplies
Cultural & Related Services,INIVEA LTD,10/7/2015,"34,643.25",Rents,Property Management
Adult Social Care,INTACT PROJECTS LTD,10/12/2015,475,Care Payments,Property Management
Adult Social Care,INTACT PROJECTS LTD,10/26/2015,950,Care Payments,Property Management
Adult Social Care,INTACT PROJECTS LTD,10/26/2015,950,Care Payments,Property Management
Childrens & Educational Services,INTACT PROJECTS LTD,10/7/2015,"4,745.00",Care Payments,Property Management
Childrens & Educational Services,INTACT PROJECTS LTD,10/1/2015,57.9,Care Payments,Property Management
Childrens & Educational Services,INTACT PROJECTS LTD,10/8/2015,57.9,Care Payments,Property Management
Childrens & Educational Services,INTACT PROJECTS LTD,10/15/2015,57.9,Care Payments,Property Management
Childrens & Educational Services,INTACT PROJECTS LTD,10/22/2015,57.9,Care Payments,Property Management
Childrens & Educational Services,INTACT PROJECTS LTD,10/29/2015,57.9,Care Payments,Property Management
Adult Social Care,Integrate (Preston & Chorley limite,10/21/2015,"7,027.44",Care Payments,Social Care Services
Adult Social Care,Integrate (Preston & Chorley limite,10/21/2015,"7,027.44",Care Payments,Social Care Services
Adult Social Care,Integrate (Preston & Chorley limite,10/21/2015,"7,027.44",Care Payments,Social Care Services
Adult Social Care,Integrate (Preston & Chorley limite,10/21/2015,"7,027.44",Care Payments,Social Care Services
Planning Services,IRON MOUNTAIN (UK) LTD,10/28/2015,698.53,Furniture and Equipment,Information Services
Planning Services,ISIS Stockport,10/1/2015,"1,660.00",Publicity and Promotion,Community Building / Facility
Capital Expenditure,J COONEY LTD,10/2/2015,"11,014.69",Capital Expenditure - Works,Construction / Building Services
Capital Expenditure,J COONEY LTD,10/2/2015,"34,336.99",Capital Expenditure - Works,Construction / Building Services
Capital Expenditure,J COONEY LTD,10/2/2015,"62,027.39",Capital Expenditure - Works,Construction / Building Services
Capital Expenditure,J COONEY LTD,10/2/2015,"2,639.55",Capital Expenditure - Works,Construction / Building Services
Capital Expenditure,J COONEY LTD,10/26/2015,"10,767.19",Capital Expenditure - Works,Construction / Building Services
Capital Expenditure,J COONEY LTD,10/26/2015,"26,557.84",Capital Expenditure - Works,Construction / Building Services
Capital Expenditure,J COONEY LTD,10/12/2015,844.97,Capital Expenditure - Works,Construction / Building Services
Capital Expenditure,J COONEY LTD,10/12/2015,297.72,Capital Expenditure - Works,Construction / Building Services
Capital Expenditure,J COONEY LTD,10/12/2015,"1,043.97",Capital Expenditure - Works,Construction / Building Services
Capital Expenditure,J COONEY LTD,10/12/2015,681.9,Capital Expenditure - Works,Construction / Building Services
Capital Expenditure,J COONEY LTD,10/12/2015,718.47,Capital Expenditure - Works,Construction / Building Services
Capital Expenditure,J COONEY LTD,10/12/2015,719.36,Capital Expenditure - Works,Construction / Building Services
Capital Expenditure,J COONEY LTD,10/12/2015,"1,009.21",Capital Expenditure - Works,Construction / Building Services
Capital Expenditure,J COONEY LTD,10/12/2015,545.82,Capital Expenditure - Works,Construction / Building Services
Capital Expenditure,J COONEY LTD,10/12/2015,915.76,Capital Expenditure - Works,Construction / Building Services
Capital Expenditure,J COONEY LTD,10/12/2015,764.52,Capital Expenditure - Works,Construction / Building Services
Capital Expenditure,J COONEY LTD,10/12/2015,"1,258.73",Capital Expenditure - Works,Construction / Building Services
Capital Expenditure,J COONEY LTD,10/12/2015,793.27,Capital Expenditure - Works,Construction / Building Services
Capital Expenditure,J COONEY LTD,10/12/2015,525.48,Capital Expenditure - Works,Construction / Building Services
Capital Expenditure,J COONEY LTD,10/12/2015,688,Capital Expenditure - Works,Construction / Building Services
Capital Expenditure,J COONEY LTD,10/12/2015,"1,421.79",Capital Expenditure - Works,Construction / Building Services
Capital Expenditure,J COONEY LTD,10/12/2015,746.69,Capital Expenditure - Works,Construction / Building Services
Capital Expenditure,J COONEY LTD,10/12/2015,791.7,Capital Expenditure - Works,Construction / Building Services
Capital Expenditure,J COONEY LTD,10/12/2015,601.1,Capital Expenditure - Works,Construction / Building Services
Capital Expenditure,J COONEY LTD,10/12/2015,615.24,Capital Expenditure - Works,Construction / Building Services
Capital Expenditure,J COONEY LTD,10/12/2015,591.51,Capital Expenditure - Works,Construction / Building Services
Capital Expenditure,J COONEY LTD,10/12/2015,957.51,Capital Expenditure - Works,Construction / Building Services
Capital Expenditure,J COONEY LTD,10/12/2015,"2,004.82",Capital Expenditure - Works,Construction / Building Services
Capital Expenditure,J COONEY LTD,10/12/2015,861.95,Capital Expenditure - Works,Construction / Building Services
Capital Expenditure,J COONEY LTD,10/12/2015,"1,376.10",Capital Expenditure - Works,Construction / Building Services
Capital Expenditure,J COONEY LTD,10/12/2015,"1,226.13",Capital Expenditure - Works,Construction / Building Services
Capital Expenditure,J COONEY LTD,10/12/2015,"1,028.30",Capital Expenditure - Works,Construction / Building Services
Capital Expenditure,J COONEY LTD,10/12/2015,743.64,Capital Expenditure - Works,Construction / Building Services
Capital Expenditure,J COONEY LTD,10/12/2015,568.12,Capital Expenditure - Works,Construction / Building Services
Capital Expenditure,J COONEY LTD,10/12/2015,"2,080.27",Capital Expenditure - Works,Construction / Building Services
Capital Expenditure,J COONEY LTD,10/12/2015,532.82,Capital Expenditure - Works,Construction / Building Services
Capital Expenditure,J COONEY LTD,10/12/2015,"1,258.73",Capital Expenditure - Works,Construction / Building Services
Capital Expenditure,J COONEY LTD,10/12/2015,"1,072.72",Capital Expenditure - Works,Construction / Building Services
Capital Expenditure,J COONEY LTD,10/12/2015,636.19,Capital Expenditure - Works,Construction / Building Services
Capital Expenditure,J COONEY LTD,10/12/2015,575.59,Capital Expenditure - Works,Construction / Building Services
Capital Expenditure,J COONEY LTD,10/12/2015,891.83,Capital Expenditure - Works,Construction / Building Services
Capital Expenditure,J COONEY LTD,10/12/2015,"1,663.81",Capital Expenditure - Works,Construction / Building Services
Capital Expenditure,J COONEY LTD,10/12/2015,777.51,Capital Expenditure - Works,Construction / Building Services
Capital Expenditure,J COONEY LTD,10/12/2015,592.4,Capital Expenditure - Works,Construction / Building Services
Capital Expenditure,J COONEY LTD,10/12/2015,666.05,Capital Expenditure - Works,Construction / Building Services
Capital Expenditure,J COONEY LTD,10/12/2015,373.35,Capital Expenditure - Works,Construction / Building Services
Capital Expenditure,J COONEY LTD,10/12/2015,"1,113.58",Capital Expenditure - Works,Construction / Building Services
Capital Expenditure,J COONEY LTD,10/12/2015,767.57,Capital Expenditure - Works,Construction / Building Services
Capital Expenditure,J COONEY LTD,10/12/2015,777.51,Capital Expenditure - Works,Construction / Building Services
Capital Expenditure,J COONEY LTD,10/12/2015,419.73,Capital Expenditure - Works,Construction / Building Services
Capital Expenditure,J COONEY LTD,10/14/2015,527.31,Capital Expenditure - Works,Construction / Building Services
Capital Expenditure,J COONEY LTD,10/14/2015,752.7,Capital Expenditure - Works,Construction / Building Services
Capital Expenditure,J COONEY LTD,10/14/2015,634.15,Capital Expenditure - Works,Construction / Building Services
Capital Expenditure,J COONEY LTD,10/14/2015,268.97,Capital Expenditure - Works,Construction / Building Services
Capital Expenditure,J COONEY LTD,10/14/2015,322.54,Capital Expenditure - Works,Construction / Building Services
Capital Expenditure,J COONEY LTD,10/14/2015,508.01,Capital Expenditure - Works,Construction / Building Services
Capital Expenditure,J COONEY LTD,10/14/2015,681.02,Capital Expenditure - Works,Construction / Building Services
Capital Expenditure,J COONEY LTD,10/14/2015,936.63,Capital Expenditure - Works,Construction / Building Services
Capital Expenditure,J COONEY LTD,10/14/2015,592.4,Capital Expenditure - Works,Construction / Building Services
Capital Expenditure,J COONEY LTD,10/14/2015,829.7,Capital Expenditure - Works,Construction / Building Services
Capital Expenditure,J COONEY LTD,10/14/2015,760.58,Capital Expenditure - Works,Construction / Building Services
Capital Expenditure,J COONEY LTD,10/14/2015,529.42,Capital Expenditure - Works,Construction / Building Services
Capital Expenditure,J COONEY LTD,10/14/2015,955.35,Capital Expenditure - Works,Construction / Building Services
Capital Expenditure,J COONEY LTD,10/14/2015,"1,232.10",Capital Expenditure - Works,Construction / Building Services
Capital Expenditure,J COONEY LTD,10/14/2015,667.13,Capital Expenditure - Works,Construction / Building Services
Capital Expenditure,J COONEY LTD,10/14/2015,534.4,Capital Expenditure - Works,Construction / Building Services
Capital Expenditure,J COONEY LTD,10/14/2015,268.97,Capital Expenditure - Works,Construction / Building Services
Capital Expenditure,J COONEY LTD,10/14/2015,978.38,Capital Expenditure - Works,Construction / Building Services
Capital Expenditure,J COONEY LTD,10/14/2015,608.44,Capital Expenditure - Works,Construction / Building Services
Capital Expenditure,J COONEY LTD,10/14/2015,815.32,Capital Expenditure - Works,Construction / Building Services
Capital Expenditure,J COONEY LTD,10/14/2015,664.08,Capital Expenditure - Works,Construction / Building Services
Capital Expenditure,J COONEY LTD,10/14/2015,625.38,Capital Expenditure - Works,Construction / Building Services
Capital Expenditure,J COONEY LTD,10/14/2015,762.55,Capital Expenditure - Works,Construction / Building Services
Capital Expenditure,J COONEY LTD,10/14/2015,701.89,Capital Expenditure - Works,Construction / Building Services
Capital Expenditure,J COONEY LTD,10/14/2015,"1,510.07",Capital Expenditure - Works,Construction / Building Services
Capital Expenditure,J COONEY LTD,10/14/2015,623.22,Capital Expenditure - Works,Construction / Building Services
Capital Expenditure,J COONEY LTD,10/14/2015,815.32,Capital Expenditure - Works,Construction / Building Services
Capital Expenditure,J COONEY LTD,10/14/2015,445.92,Capital Expenditure - Works,Construction / Building Services
Capital Expenditure,J COONEY LTD,10/14/2015,"1,098.71",Capital Expenditure - Works,Construction / Building Services
Capital Expenditure,J COONEY LTD,10/14/2015,627.16,Capital Expenditure - Works,Construction / Building Services
Capital Expenditure,J COONEY LTD,10/14/2015,626.27,Capital Expenditure - Works,Construction / Building Services
Capital Expenditure,J COONEY LTD,10/14/2015,"1,005.27",Capital Expenditure - Works,Construction / Building Services
Capital Expenditure,J COONEY LTD,10/14/2015,276.85,Capital Expenditure - Works,Construction / Building Services
Capital Expenditure,J COONEY LTD,10/14/2015,651.08,Capital Expenditure - Works,Construction / Building Services
Capital Expenditure,J COONEY LTD,10/14/2015,361.24,Capital Expenditure - Works,Construction / Building Services
Capital Expenditure,J COONEY LTD,10/14/2015,722.77,Capital Expenditure - Works,Construction / Building Services
Capital Expenditure,J COONEY LTD,10/14/2015,793.27,Capital Expenditure - Works,Construction / Building Services
Capital Expenditure,J COONEY LTD,10/14/2015,349.42,Capital Expenditure - Works,Construction / Building Services
Capital Expenditure,J COONEY LTD,10/14/2015,608.44,Capital Expenditure - Works,Construction / Building Services
Capital Expenditure,J COONEY LTD,10/14/2015,545.82,Capital Expenditure - Works,Construction / Building Services
Capital Expenditure,J COONEY LTD,10/14/2015,453.8,Capital Expenditure - Works,Construction / Building Services
Capital Expenditure,J COONEY LTD,10/14/2015,760.58,Capital Expenditure - Works,Construction / Building Services
Capital Expenditure,J COONEY LTD,10/14/2015,638.91,Capital Expenditure - Works,Construction / Building Services
Capital Expenditure,J COONEY LTD,10/19/2015,651.08,Capital Expenditure - Works,Construction / Building Services
Capital Expenditure,J GREENWOOD (BUILDERS) LTD,10/1/2015,"65,059.12",Capital Expenditure - Works,Construction / Building Services
Capital Expenditure,J GREENWOOD (BUILDERS) LTD,10/9/2015,"19,495.00",Capital Expenditure - Works,Construction / Building Services
Capital Expenditure,J GREENWOOD (BUILDERS) LTD,10/1/2015,"1,823.00",Capital Expenditure - Works,Construction / Building Services
Capital Expenditure,J GREENWOOD (BUILDERS) LTD,10/20/2015,"20,949.00",Capital Expenditure - Works,Construction / Building Services
Capital Expenditure,J GREENWOOD (BUILDERS) LTD,10/16/2015,"3,944.21",Capital Expenditure - Works,Construction / Building Services
Capital Expenditure,J GREENWOOD (BUILDERS) LTD,10/28/2015,"21,587.55",Capital Expenditure - Works,Construction / Building Services
Capital Expenditure,"JACKSON, JACKSON & SONS LTD",10/1/2015,"31,798.65",Capital Expenditure - Works,Construction / Building Services
Capital Expenditure,"JACKSON, JACKSON & SONS LTD",10/1/2015,"19,558.28",Capital Expenditure - Works,Construction / Building Services
Capital Expenditure,"JACKSON, JACKSON & SONS LTD",10/8/2015,"32,755.90",Capital Expenditure - Works,Construction / Building Services
Capital Expenditure,"JACKSON, JACKSON & SONS LTD",10/8/2015,"4,173.81",Capital Expenditure - Works,Construction / Building Services
Capital Expenditure,"JACKSON, JACKSON & SONS LTD",10/14/2015,"5,769.22",Capital Expenditure - Works,Construction / Building Services
Capital Expenditure,"JACKSON, JACKSON & SONS LTD",10/14/2015,"59,489.27",Capital Expenditure - Works,Construction / Building Services
Capital Expenditure,"JACKSON, JACKSON & SONS LTD",10/21/2015,"10,303.33",Capital Expenditure - Works,Construction / Building Services
Capital Expenditure,"JACKSON, JACKSON & SONS LTD",10/21/2015,"7,167.98",Capital Expenditure - Works,Construction / Building Services
Capital Expenditure,"JACKSON, JACKSON & SONS LTD",10/21/2015,"9,116.04",Capital Expenditure - Works,Construction / Building Services
Capital Expenditure,"JACKSON, JACKSON & SONS LTD",10/21/2015,"25,864.98",Capital Expenditure - Works,Construction / Building Services
Capital Expenditure,"JACKSON, JACKSON & SONS LTD",10/21/2015,"20,949.06",Capital Expenditure - Works,Construction / Building Services
Capital Expenditure,"JACKSON, JACKSON & SONS LTD",10/21/2015,"6,987.58",Capital Expenditure - Works,Construction / Building Services
Capital Expenditure,"JACKSON, JACKSON & SONS LTD",10/29/2015,"50,965.38",Capital Expenditure - Works,Construction / Building Services
Capital Expenditure,"JACKSON, JACKSON & SONS LTD",10/27/2015,"17,457.55",Capital Expenditure - Works,Construction / Building Services
Capital Expenditure,"JACKSON, JACKSON & SONS LTD",10/27/2015,"50,708.03",Capital Expenditure - Works,Construction / Building Services
Capital Expenditure,"JACKSON, JACKSON & SONS LTD",10/30/2015,"11,176.16",Capital Expenditure - Works,Construction / Building Services
Capital Expenditure,"JACKSON, JACKSON & SONS LTD",10/29/2015,"7,596.70",Capital Expenditure - Works,Construction / Building Services
Central Services to the public,JACOBS CERTIFICATED BAILIFFS,10/5/2015,"24,314.00",Fees and Charges,Bailiffs
Adult Social Care,JAH-JIREH (CHARITY) HOMES,10/5/2015,"1,613.92",Care Payments,Social Care Services
Adult Social Care,James Fisher t/a Transform Home Imp,10/20/2015,"1,290.00",Grounds Maintenance,Property Repairs and Maintenance
Cultural & Related Services,Jandi Enterprises,10/15/2015,725.61,Fees and Charges,ICT Supplies
Adult Social Care,Jasmine House,10/5/2015,"5,952.16",Care Payments,Social Care Services
Adult Social Care,Jasmine House,10/5/2015,-390.64,Care Payments,Social Care Services
Central Support Costs,JetBrains,10/20/2015,"1,586.50",Information and Communications Technology,ICT Supplies
Childrens & Educational Services,JIGSAW (NW),10/7/2015,"4,156.25",Care Payments,Foster Care
Corporate & Democratic Core,Joan Firth,10/15/2015,"1,113.34",Furniture and Equipment,Furniture and Furnishings
Corporate & Democratic Core,Joan Firth,10/23/2015,198,Furniture and Equipment,Furniture and Furnishings
Central Support Costs,JOHN HARRIS - NEWSAGENTS,10/22/2015,111.6,Library Equipment,Retailer
Corporate & Democratic Core,JOHN HARRIS - NEWSAGENTS,10/20/2015,135,Library Equipment,Retailer
Central Support Costs,JOHN HARRIS - NEWSAGENTS,10/5/2015,134,Library Equipment,Retailer
Central Support Costs,JOHN HARRIS - NEWSAGENTS,10/23/2015,62.85,Library Equipment,Retailer
Cultural & Related Services,JOHN HARRIS - NEWSAGENTS,10/23/2015,434.65,Library Equipment,Retailer
Capital Expenditure,JOSEPH PERCIVAL & CO,10/30/2015,134,Capital Expenditure - Works,Construction / Building Services
Adult Social Care,JOSEPH PERCIVAL & CO,10/28/2015,70,Furniture and Equipment,Construction / Building Services
Capital Expenditure,JOSEPH PERCIVAL & CO,10/12/2015,353,Repairs and Maintenance,Construction / Building Services
Central Support Costs,JOSEPH PERCIVAL & CO,10/19/2015,55,Repairs and Maintenance,Construction / Building Services
Capital Expenditure,JR FOY & SON LTD,10/28/2015,"4,026.00",Capital Expenditure - Works,Construction / Building Services
Central Support Costs,JR FOY & SON LTD,10/1/2015,115,Repairs and Maintenance,Construction / Building Services
Central Support Costs,JR FOY & SON LTD,10/23/2015,"10,000.00",Repairs and Maintenance,Construction / Building Services
Central Support Costs,JR FOY & SON LTD,10/30/2015,"16,360.00",Repairs and Maintenance,Construction / Building Services
Planning Services,JTRS LTD,10/15/2015,"19,739.00",Furniture and Equipment,Software Supplier
Planning Services,JTRS LTD,10/15/2015,"-19,739.00",Furniture and Equipment,Software Supplier
Planning Services,JTRS LTD,10/30/2015,633.3,Information and Communications Technology,Software Supplier
Adult Social Care,JTV CARE HOMES LTD,10/5/2015,"2,760.00",Care Payments,Social Care Services
Adult Social Care,JTV CARE HOMES LTD,10/5/2015,-511.28,Care Payments,Social Care Services
Adult Social Care,JTV CARE HOMES LTD,10/26/2015,788.57,Care Payments,Social Care Services
Adult Social Care,JTV CARE HOMES LTD,10/26/2015,591.43,Care Payments,Social Care Services
Childrens & Educational Services,Jump Nation,10/15/2015,900,Publicity and Promotion,Sports/Outdoor Activities
Capital Expenditure,Kate Measures Consulting,10/19/2015,"1,613.80",Professional Fees,Heritage
Highways & Transport Services,KELTIC CLOTHING LTD,10/2/2015,309.25,Clothing Uniforms and Laundry,"Clothing, Workwear and Safety Equipment"
Highways & Transport Services,KELTIC CLOTHING LTD,10/16/2015,205.75,Clothing Uniforms and Laundry,"Clothing, Workwear and Safety Equipment"
Childrens & Educational Services,KENNETH LEE - TAXIS,10/16/2015,"16,615.20",Leasing /Transport Hire,Transport and Travel
Childrens & Educational Services,KENNETH LEE - TAXIS,10/16/2015,"1,460.00",Leasing /Transport Hire,Transport and Travel
Capital Expenditure,KEY BUILDING SERVICES STOCKPORT LTD,10/28/2015,"-1,340.00",Capital Expenditure - Works,Construction / Building Services
Capital Expenditure,KEY BUILDING SERVICES STOCKPORT LTD,10/28/2015,"-1,335.00",Capital Expenditure - Works,Construction / Building Services
Capital Expenditure,KEY BUILDING SERVICES STOCKPORT LTD,10/28/2015,"4,296.00",Capital Expenditure - Works,Construction / Building Services
Cultural & Related Services,KEYCRAFT,10/12/2015,541.24,Publicity and Promotion,Retail Goods
Childrens & Educational Services,KEYS CHILDCARE LTD,10/7/2015,"17,000.00",Care Payments,Childcare Provision
Capital Expenditure,KEYSTONE INTERIORS & CONSTRUCTION,10/22/2015,"1,335.00",Capital Expenditure - Works,Construction / Building Services
Capital Expenditure,KEYSTONE INTERIORS & CONSTRUCTION,10/22/2015,"1,340.00",Capital Expenditure - Works,Construction / Building Services
Capital Expenditure,KEYSTONE INTERIORS & CONSTRUCTION,10/28/2015,"4,184.00",Capital Expenditure - Works,Construction / Building Services
Capital Expenditure,KEYSTONE INTERIORS & CONSTRUCTION,10/28/2015,417,Capital Expenditure - Works,Construction / Building Services
Environmental & Regulatory Services,KILLGERM CHEMICALS LTD,10/14/2015,292,Furniture and Equipment,Environmental Services
Environmental & Regulatory Services,KILLGERM CHEMICALS LTD,10/16/2015,"1,770.64",Furniture and Equipment,Environmental Services
Environmental & Regulatory Services,KILLGERM CHEMICALS LTD,10/16/2015,983.83,Furniture and Equipment,Environmental Services
Planning Services,KINGS CHAMBERS,10/6/2015,"1,125.00",Legal Fees,Legal Services
Central Support Costs,KINGS CHAMBERS,10/22/2015,250,Professional Fees,Legal Services
Central Support Costs,KINGS CHAMBERS,10/21/2015,100,Staff Training,Legal Services
Capital Expenditure,Knowsley Lift Service Ltd,10/26/2015,"28,713.20",Capital Expenditure - Works,Construction / Building Services
Childrens & Educational Services,KONICA MINOLTA BUSINESS SOLUTIONS (,10/22/2015,173.37,Furniture and Equipment,Office Equipment
Childrens & Educational Services,KONICA MINOLTA BUSINESS SOLUTIONS (,10/22/2015,17.6,Furniture and Equipment,Office Equipment
Planning Services,KONICA MINOLTA BUSINESS SOLUTIONS (,10/22/2015,234.6,Office Expenses,Office Equipment
Planning Services,KONICA MINOLTA BUSINESS SOLUTIONS (,10/22/2015,476.48,Office Expenses,Office Equipment
Planning Services,KONICA MINOLTA BUSINESS SOLUTIONS (,10/21/2015,353.1,Office Expenses,Office Equipment
Planning Services,KONICA MINOLTA BUSINESS SOLUTIONS (,10/22/2015,775.93,Office Expenses,Office Equipment
Childrens & Educational Services,KONICA MINOLTA BUSINESS SOLUTIONS (,10/20/2015,26.49,Office Expenses,Office Equipment
Cultural & Related Services,KONICA MINOLTA BUSINESS SOLUTIONS (,10/23/2015,197.67,Office Expenses,Office Equipment
Cultural & Related Services,KONICA MINOLTA BUSINESS SOLUTIONS (,10/23/2015,62.55,Office Expenses,Office Equipment
Cultural & Related Services,KONICA MINOLTA BUSINESS SOLUTIONS (,10/22/2015,27.34,Office Expenses,Office Equipment
Childrens & Educational Services,KONICA MINOLTA BUSINESS SOLUTIONS (,10/26/2015,159.33,Printing and Photocopying,Office Equipment
Childrens & Educational Services,KONICA MINOLTA BUSINESS SOLUTIONS (,10/26/2015,159.33,Printing and Photocopying,Office Equipment
Childrens & Educational Services,KONICA MINOLTA BUSINESS SOLUTIONS (,10/20/2015,90.95,Printing and Photocopying,Office Equipment
Childrens & Educational Services,KONICA MINOLTA BUSINESS SOLUTIONS (,10/26/2015,90.08,Printing and Photocopying,Office Equipment
Central Support Costs,KW Management Consultancy Ltd,10/14/2015,"4,000.00",Professional Fees,Professional / Consultancy Services
Central Support Costs,KW Management Consultancy Ltd,10/14/2015,"5,500.00",Professional Fees,Professional / Consultancy Services
Public Health,Labcold Ltd,10/22/2015,857.25,Furniture and Equipment,Forensics / Laboratories
Public Health,Labcold Ltd,10/28/2015,43.06,Furniture and Equipment,Forensics / Laboratories
Adult Social Care,LADYBIRDS,10/7/2015,152.88,Care Payments,Cleaning Services
Adult Social Care,LADYBIRDS,10/7/2015,41.7,Care Payments,Cleaning Services
Adult Social Care,LADYBIRDS,10/7/2015,166.8,Care Payments,Cleaning Services
Adult Social Care,LADYBIRDS,10/7/2015,27.8,Care Payments,Cleaning Services
Adult Social Care,LADYBIRDS,10/7/2015,55.6,Care Payments,Cleaning Services
Adult Social Care,LADYBIRDS,10/7/2015,52.12,Care Payments,Cleaning Services
Adult Social Care,LADYBIRDS,10/27/2015,107.72,Care Payments,Cleaning Services
Adult Social Care,LADYBIRDS,10/27/2015,152.88,Care Payments,Cleaning Services
Adult Social Care,LADYBIRDS,10/27/2015,55.6,Care Payments,Cleaning Services
Adult Social Care,LADYBIRDS,10/27/2015,41.7,Care Payments,Cleaning Services
Adult Social Care,LADYBIRDS,10/27/2015,156.37,Care Payments,Cleaning Services
Adult Social Care,LADYBIRDS,10/27/2015,55.6,Care Payments,Cleaning Services
Capital Expenditure,LAUDERDALE BUILDERS,10/13/2015,"5,198.00",Capital Expenditure - Works,Construction / Building Services
Adult Social Care,LAUREL BANK,10/5/2015,"5,464.00",Care Payments,Social Care Services
Adult Social Care,LAUREL BANK,10/5/2015,-993,Care Payments,Social Care Services
Adult Social Care,LAUREL BANK,10/5/2015,"1,840.00",Care Payments,Social Care Services
Adult Social Care,LAUREL BANK,10/5/2015,"17,264.00",Care Payments,Social Care Services
Adult Social Care,LAUREL BANK,10/5/2015,"-3,328.56",Care Payments,Social Care Services
Adult Social Care,LAUREL BANK,10/5/2015,"16,782.00",Care Payments,Social Care Services
Adult Social Care,LAUREL BANK,10/5/2015,"-11,825.52",Care Payments,Social Care Services
Adult Social Care,LAUREL BANK,10/26/2015,"2,930.86",Care Payments,Social Care Services
Adult Social Care,LAUREL BANK,10/26/2015,"1,750.86",Care Payments,Social Care Services
Adult Social Care,LAUREL BANK,10/26/2015,"1,115.14",Care Payments,Social Care Services
Adult Social Care,LAUREL BANK SUPPORT AT HOME,10/7/2015,151.2,Care Payments,Social Care Services
Adult Social Care,LAUREL BANK SUPPORT AT HOME,10/14/2015,37.8,Care Payments,Social Care Services
Adult Social Care,LAUREL BANK SUPPORT AT HOME,10/14/2015,"1,678.95",Care Payments,Social Care Services
Adult Social Care,LAUREL BANK SUPPORT AT HOME,10/14/2015,478.8,Care Payments,Social Care Services
Adult Social Care,LAUREL BANK SUPPORT AT HOME,10/14/2015,"5,695.20",Care Payments,Social Care Services
Adult Social Care,LAUREL BANK SUPPORT AT HOME,10/14/2015,37.8,Care Payments,Social Care Services
Adult Social Care,LAUREL BANK SUPPORT AT HOME,10/14/2015,"1,534.05",Care Payments,Social Care Services
Adult Social Care,LAUREL BANK SUPPORT AT HOME,10/14/2015,459.9,Care Payments,Social Care Services
Adult Social Care,LAUREL BANK SUPPORT AT HOME,10/14/2015,"5,950.35",Care Payments,Social Care Services
Adult Social Care,LAUREL BANK SUPPORT AT HOME,10/28/2015,37.8,Care Payments,Social Care Services
Adult Social Care,LAUREL BANK SUPPORT AT HOME,10/28/2015,"1,833.30",Care Payments,Social Care Services
Adult Social Care,LAUREL BANK SUPPORT AT HOME,10/28/2015,500.85,Care Payments,Social Care Services
Adult Social Care,LAUREL BANK SUPPORT AT HOME,10/28/2015,"6,107.85",Care Payments,Social Care Services
Adult Social Care,LAUREL BANK SUPPORT AT HOME,10/28/2015,37.8,Care Payments,Social Care Services
Adult Social Care,LAUREL BANK SUPPORT AT HOME,10/28/2015,"1,902.60",Care Payments,Social Care Services
Adult Social Care,LAUREL BANK SUPPORT AT HOME,10/28/2015,437.85,Care Payments,Social Care Services
Adult Social Care,LAUREL BANK SUPPORT AT HOME,10/28/2015,"6,063.75",Care Payments,Social Care Services
Adult Social Care,LAUREL COURT,10/5/2015,"10,785.28",Care Payments,Social Care Services
Adult Social Care,LAUREL COURT,10/5/2015,"-4,931.24",Care Payments,Social Care Services
Adult Social Care,LAUREL COURT,10/5/2015,"11,967.08",Care Payments,Social Care Services
Adult Social Care,LAUREL COURT,10/5/2015,"-5,832.28",Care Payments,Social Care Services
Adult Social Care,LAUREL COURT,10/5/2015,"3,890.00",Care Payments,Social Care Services
Adult Social Care,LAUREL COURT,10/5/2015,"-1,554.50",Care Payments,Social Care Services
Adult Social Care,LAUREL COURT,10/5/2015,"1,694.60",Care Payments,Social Care Services
Adult Social Care,LAUREL COURT,10/5/2015,-500.96,Care Payments,Social Care Services
Adult Social Care,LAUREL COURT,10/26/2015,22.86,Care Payments,Social Care Services
Adult Social Care,LEA HOUSE CARE HOME,10/5/2015,"9,360.57",Care Payments,Social Care Services
Adult Social Care,LEA HOUSE CARE HOME,10/5/2015,"-3,079.24",Care Payments,Social Care Services
Adult Social Care,LEA HOUSE CARE HOME,10/5/2015,"3,624.00",Care Payments,Social Care Services
Adult Social Care,LEA HOUSE CARE HOME,10/5/2015,-518.28,Care Payments,Social Care Services
Adult Social Care,LEA HOUSE CARE HOME,10/26/2015,"1,274.29",Care Payments,Social Care Services
Adult Social Care,LEA HOUSE CARE HOME,10/26/2015,318.57,Care Payments,Social Care Services
Adult Social Care,LEA HOUSE CARE HOME,10/26/2015,"1,834.00",Care Payments,Social Care Services
Adult Social Care,LEA HOUSE CARE HOME,10/26/2015,460,Care Payments,Social Care Services
Adult Social Care,LEA HOUSE CARE HOME,10/29/2015,"3,328.85",Care Payments,Social Care Services
Adult Social Care,LEA HOUSE CARE HOME,10/29/2015,-274.29,Care Payments,Social Care Services
Adult Social Care,LEA HOUSE CARE HOME,10/29/2015,"3,215.71",Care Payments,Social Care Services
Adult Social Care,LEA HOUSE CARE HOME,10/29/2015,"1,975.14",Care Payments,Social Care Services
Childrens & Educational Services,Lee Baron Limited,10/7/2015,"7,424.12",Rents,Property Management
Central Support Costs,LEGACY TELECOM LTD,10/14/2015,"1,108.50",Information and Communications Technology,Communications and Technology
Childrens & Educational Services,LEGACY TELECOM LTD,10/6/2015,"4,000.00",Information and Communications Technology,Communications and Technology
Childrens & Educational Services,LEISURE FOR AUTISM,10/2/2015,"6,293.51",Publicity and Promotion,Sports/Outdoor Activities
Childrens & Educational Services,LEMON TREE ENTERTAINMENT,10/7/2015,59.4,Publicity and Promotion,Activities and Events Provision
Childrens & Educational Services,LEMON TREE ENTERTAINMENT,10/7/2015,"1,125.00",Publicity and Promotion,Activities and Events Provision
Capital Expenditure,LEONARD BUILDING SERVICES LTD,10/15/2015,"3,061.00",Capital Expenditure - Works,Construction / Building Services
Capital Expenditure,LEONARD BUILDING SERVICES LTD,10/16/2015,"1,587.00",Capital Expenditure - Works,Construction / Building Services
Adult Social Care,LEONARD CHESHIRE DISABILITY,10/5/2015,"3,934.08",Care Payments,Social Care Services
Adult Social Care,LEONARD CHESHIRE DISABILITY,10/5/2015,-321.8,Care Payments,Social Care Services
Adult Social Care,LEONARD CHESHIRE DISABILITY,10/5/2015,"3,216.00",Care Payments,Social Care Services
Adult Social Care,LEONARD CHESHIRE DISABILITY,10/5/2015,-321.8,Care Payments,Social Care Services
Adult Social Care,LEONARD CHESHIRE DISABILITY,10/5/2015,"2,768.40",Care Payments,Social Care Services
Adult Social Care,LEONARD CHESHIRE DISABILITY,10/5/2015,-498.76,Care Payments,Social Care Services
Adult Social Care,LEONARD CHESHIRE DISABILITY,10/5/2015,"4,394.36",Care Payments,Social Care Services
Adult Social Care,LEONARD CHESHIRE DISABILITY,10/5/2015,-321.8,Care Payments,Social Care Services
Adult Social Care,LEONARD CHESHIRE DISABILITY,10/29/2015,"32,086.63",Care Payments,Social Care Services
Capital Expenditure,LEONARDO WINDOWS,10/28/2015,749.68,Capital Expenditure - Works,Property Repairs and Maintenance
Childrens & Educational Services,LEWIS'S MEDICAL SUPPLIES,10/30/2015,850,Furniture and Equipment,Healthcare Supplies
Childrens & Educational Services,LEWIS'S MEDICAL SUPPLIES,10/16/2015,0.99,Office Expenses,Healthcare Supplies
Childrens & Educational Services,LEWIS'S MEDICAL SUPPLIES,10/16/2015,43.59,Office Expenses,Healthcare Supplies
Childrens & Educational Services,LEWIS'S MEDICAL SUPPLIES,10/16/2015,11.35,Office Expenses,Healthcare Supplies
Adult Social Care,LH ALLIANCES LTD,10/21/2015,"4,346.38",Fees and Charges,Charity/Third Sector Support
Housing (General Fund) Services,LIBBY SPENCER - HOUSING,10/9/2015,"3,546.78",Agency Staff,Professional / Consultancy Services
Adult Social Care,LIFE OPPORTUNITIES LTD,10/7/2015,"1,688.40",Care Payments,Social Care Services
Adult Social Care,LIFE OPPORTUNITIES LTD,10/7/2015,"4,202.24",Care Payments,Social Care Services
Childrens & Educational Services,LINKUP TRANSLATION LTD,10/29/2015,152.88,Professional Fees,Translation / Interpreter
Childrens & Educational Services,LINKUP TRANSLATION LTD,10/29/2015,620.48,Professional Fees,Translation / Interpreter
Childrens & Educational Services,LINKUP TRANSLATION LTD,10/29/2015,334.68,Professional Fees,Translation / Interpreter
Capital Expenditure,LIQUID ROOFING LTD,10/29/2015,"4,749.00",Capital Expenditure - Works,Construction / Building Services
Childrens & Educational Services,LITTLE GIGGLES PRIVATE DAY NURSERY,10/5/2015,155,Expenses and Allowances,Childcare Provision
Childrens & Educational Services,LITTLE GIGGLES PRIVATE DAY NURSERY,10/20/2015,208,Expenses and Allowances,Childcare Provision
Childrens & Educational Services,LITTLE GIGGLES PRIVATE DAY NURSERY,10/20/2015,416,Expenses and Allowances,Childcare Provision
Childrens & Educational Services,LITTLE GIGGLES PRIVATE DAY NURSERY,10/30/2015,358,Expenses and Allowances,Childcare Provision
Adult Social Care,LIVABILITY,10/5/2015,"2,462.80",Care Payments,Social Care Services
Adult Social Care,LIVABILITY,10/5/2015,-321.8,Care Payments,Social Care Services
Capital Expenditure,LLOYD EVANS PRICHARD,10/28/2015,"4,958.12",Professional Fees,Architectural Services
Planning Services,LOCAL WORLD,10/23/2015,560,Office Expenses,Digital / Media Services
Adult Social Care,LONDON AND MANCHESTER HEALTHCARE(RO,10/5/2015,448,Care Payments,Social Care Services
Adult Social Care,LONDON AND MANCHESTER HEALTHCARE(RO,10/5/2015,"1,988.00",Care Payments,Social Care Services
Adult Social Care,LONDON AND MANCHESTER HEALTHCARE(RO,10/5/2015,448,Care Payments,Social Care Services
Adult Social Care,LONDON AND MANCHESTER HEALTHCARE(RO,10/5/2015,"1,860.00",Care Payments,Social Care Services
Adult Social Care,LONDON AND MANCHESTER HEALTHCARE(RO,10/5/2015,-422.28,Care Payments,Social Care Services
Adult Social Care,LONDON AND MANCHESTER HEALTHCARE(RO,10/5/2015,"6,673.13",Care Payments,Social Care Services
Adult Social Care,LONDON AND MANCHESTER HEALTHCARE(RO,10/5/2015,"3,136.00",Care Payments,Social Care Services
Adult Social Care,LONDON AND MANCHESTER HEALTHCARE(RO,10/5/2015,"13,732.00",Care Payments,Social Care Services
Adult Social Care,LONDON AND MANCHESTER HEALTHCARE(RO,10/5/2015,"-2,464.92",Care Payments,Social Care Services
Adult Social Care,LONDON AND MANCHESTER HEALTHCARE(RO,10/5/2015,"5,504.00",Care Payments,Social Care Services
Adult Social Care,LONDON AND MANCHESTER HEALTHCARE(RO,10/5/2015,"17,712.14",Care Payments,Social Care Services
Adult Social Care,LONDON AND MANCHESTER HEALTHCARE(RO,10/5/2015,"-5,411.08",Care Payments,Social Care Services
Adult Social Care,LONDON AND MANCHESTER HEALTHCARE(RO,10/5/2015,"3,824.00",Care Payments,Social Care Services
Adult Social Care,LONDON AND MANCHESTER HEALTHCARE(RO,10/5/2015,"12,872.57",Care Payments,Social Care Services
Adult Social Care,LONDON AND MANCHESTER HEALTHCARE(RO,10/5/2015,"-2,969.45",Care Payments,Social Care Services
Adult Social Care,LONDON AND MANCHESTER HEALTHCARE(RO,10/5/2015,"5,008.00",Care Payments,Social Care Services
Adult Social Care,LONDON AND MANCHESTER HEALTHCARE(RO,10/5/2015,"9,760.14",Care Payments,Social Care Services
Adult Social Care,LONDON AND MANCHESTER HEALTHCARE(RO,10/5/2015,"-1,510.72",Care Payments,Social Care Services
Adult Social Care,LONDON AND MANCHESTER HEALTHCARE(RO,10/26/2015,"2,911.00",Care Payments,Social Care Services
Adult Social Care,LONDON AND MANCHESTER HEALTHCARE(RO,10/26/2015,"15,534.28",Care Payments,Social Care Services
Adult Social Care,LONDON AND MANCHESTER HEALTHCARE(RO,10/26/2015,"12,488.57",Care Payments,Social Care Services
Adult Social Care,LOXLEY HALL,10/5/2015,"1,777.92",Care Payments,Social Care Services
Adult Social Care,LOXLEY HALL,10/5/2015,-869.88,Care Payments,Social Care Services
Capital Expenditure,M KEATING (CIVIL ENGINEERING),10/9/2015,"5,531.31",Capital Expenditure - Works,Construction / Building Services
Childrens & Educational Services,M P ALMOND - Trainer,10/8/2015,"1,950.00",Staff Training,Trainer / Facilitator
Capital Expenditure,MAC BUILDING PRODUCTS,10/14/2015,-160,Capital Expenditure - Works,Building Supplies
Adult Social Care,MAC BUILDING PRODUCTS,10/1/2015,454,Furniture and Equipment,Building Supplies
Adult Social Care,MAC BUILDING PRODUCTS,10/1/2015,21.86,Furniture and Equipment,Building Supplies
Cultural & Related Services,MAC BUILDING PRODUCTS,10/14/2015,27.05,Furniture and Equipment,Building Supplies
Cultural & Related Services,MAC BUILDING PRODUCTS,10/16/2015,62.45,Furniture and Equipment,Building Supplies
Cultural & Related Services,MAC BUILDING PRODUCTS,10/16/2015,179.26,Furniture and Equipment,Building Supplies
Planning Services,MAC BUILDING PRODUCTS,10/16/2015,13.76,Furniture and Equipment,Building Supplies
Planning Services,MAC BUILDING PRODUCTS,10/16/2015,32.71,Furniture and Equipment,Building Supplies
Capital Expenditure,MACK 4 LIMITED,10/22/2015,"5,702.19",Capital Expenditure - Works,Construction / Building Services
Cultural & Related Services,MAGNA PRINT BOOKS,10/14/2015,230.58,Library Equipment,Books / Magazines / Media
Cultural & Related Services,MAGNA PRINT BOOKS,10/19/2015,246.48,Library Equipment,Books / Magazines / Media
Cultural & Related Services,MAGNA PRINT BOOKS,10/20/2015,113.34,Library Equipment,Books / Magazines / Media
Adult Social Care,MAIN & MAIN,10/28/2015,850,Rents,Estate Agent
Adult Social Care,MANCHESTER & DISTRICT HOUSING ASSOC,10/6/2015,703.12,Rents,Housing Services
Adult Social Care,MANGAR INTERNATIONAL LTD,10/20/2015,"1,850.00",Furniture and Equipment,Mobility Equipment / Supplies
Adult Social Care,MANGAR INTERNATIONAL LTD,10/20/2015,-719.2,Furniture and Equipment,Mobility Equipment / Supplies
Highways & Transport Services,MAPS Legal Asistance,10/30/2015,360.35,Professional Fees,Legal Services
Highways & Transport Services,MAPS Legal Asistance,10/30/2015,262.5,Professional Fees,Legal Services
Childrens & Educational Services,Mark Finnis Training & Consultancy,10/26/2015,"2,625.00",Professional Fees,Trainer / Facilitator
Childrens & Educational Services,Mark Finnis Training & Consultancy,10/26/2015,"-1,463.50",Professional Fees,Trainer / Facilitator
Childrens & Educational Services,Mark Hancock,10/15/2015,"1,100.00",Professional Fees,Psychology / Assessment Services
Childrens & Educational Services,Mark Hancock,10/19/2015,"1,100.00",Professional Fees,Psychology / Assessment Services
Childrens & Educational Services,Mark Hancock,10/27/2015,"1,110.00",Professional Fees,Psychology / Assessment Services
Public Health,MARPLE BRIDGE SURGERY,10/28/2015,"1,426.00",Care Payments,Health Services
Public Health,MARPLE BRIDGE SURGERY,10/28/2015,250,Service Contract Payments,Health Services
Adult Social Care,MARPLE LODGE CARE HOME,10/5/2015,"8,990.29",Care Payments,Social Care Services
Adult Social Care,MARPLE LODGE CARE HOME,10/5/2015,"-1,026.00",Care Payments,Social Care Services
Adult Social Care,MARPLE LODGE CARE HOME,10/5/2015,"5,536.00",Care Payments,Social Care Services
Adult Social Care,MARPLE LODGE CARE HOME,10/5/2015,"-3,020.24",Care Payments,Social Care Services
Adult Social Care,MARY & JOSEPH HOUSE,10/26/2015,"1,737.00",Care Payments,Social Care Services
Cultural & Related Services,MASSEY & HARRIS ENGINEERING,10/15/2015,190,Fees and Charges,Construction / Building Services
Cultural & Related Services,MASSEY & HARRIS ENGINEERING,10/15/2015,170,Fixtures and Fittings,Construction / Building Services
Cultural & Related Services,MASSEY & HARRIS ENGINEERING,10/13/2015,"2,500.00",Grounds Maintenance,Construction / Building Services
Public Health,Mastercall Healthcare,10/16/2015,"4,873.36",Supplies and services,Health Services
Public Health,Mastercall Healthcare,10/22/2015,168.95,Supplies and services,Health Services
Public Health,Mastercall Healthcare,10/22/2015,449.64,Supplies and services,Health Services
Public Health,Mastercall Healthcare,10/28/2015,"4,132.00",Supplies and services,Health Services
Childrens & Educational Services,MATTHEW COOKE - TRAINER,10/7/2015,165,Publicity and Promotion,Trainer / Facilitator
Central Support Costs,MATTHEW COOKE - TRAINER,10/7/2015,250,Staff Training,Trainer / Facilitator
Central Support Costs,MATTHEW COOKE - TRAINER,10/15/2015,250,Staff Training,Trainer / Facilitator
Central Support Costs,MATTHEW COOKE - TRAINER,10/21/2015,250,Staff Training,Trainer / Facilitator
Central Support Costs,MATTHEW COOKE - TRAINER,10/29/2015,250,Staff Training,Trainer / Facilitator
Childrens & Educational Services,MAVODA LLP,10/9/2015,"1,208.99",Furniture and Equipment,Communications and Technology
Childrens & Educational Services,MAVODA LLP,10/29/2015,"4,782.89",Information and Communications Technology,Communications and Technology
Capital Expenditure,MAYFIELD,10/21/2015,125,Capital Expenditure - Works,Construction / Building Services
Capital Expenditure,MAYFIELD,10/21/2015,125,Capital Expenditure - Works,Construction / Building Services
Capital Expenditure,MAYFIELD,10/13/2015,180,Capital Expenditure - Works,Construction / Building Services
Capital Expenditure,MAYFIELD,10/12/2015,125,Fees and Charges,Construction / Building Services
Central Support Costs,MAYFIELD,10/1/2015,45.95,Repairs and Maintenance,Construction / Building Services
Central Support Costs,MAYFIELD,10/1/2015,39.95,Repairs and Maintenance,Construction / Building Services
Central Support Costs,MAYFIELD,10/1/2015,148,Repairs and Maintenance,Construction / Building Services
Central Support Costs,MAYFIELD,10/19/2015,129.5,Repairs and Maintenance,Construction / Building Services
Adult Social Care,Mayfield Care Home,10/5/2015,"1,610.84",Care Payments,Social Care Services
Adult Social Care,Mayfield Care Home,10/5/2015,"-1,056.04",Care Payments,Social Care Services
Adult Social Care,MEDEQUIP ASSISTIVE TECHNOLOGY LTD,10/30/2015,201.75,Agency Staff,Mobility Equipment / Supplies
Adult Social Care,MEDEQUIP ASSISTIVE TECHNOLOGY LTD,10/5/2015,"35,825.91",Furniture and Equipment,Mobility Equipment / Supplies
Adult Social Care,MEDICO,10/14/2015,94.5,Care Payments,Social Care Services
Adult Social Care,MEDICO,10/14/2015,185.85,Care Payments,Social Care Services
Adult Social Care,MEDICO,10/14/2015,812.7,Care Payments,Social Care Services
Adult Social Care,MEDICO,10/14/2015,330.75,Care Payments,Social Care Services
Adult Social Care,MEDICO,10/14/2015,18.9,Care Payments,Social Care Services
Adult Social Care,MEDICO,10/14/2015,94.5,Care Payments,Social Care Services
Adult Social Care,MEDICO,10/14/2015,185.85,Care Payments,Social Care Services
Adult Social Care,MEDICO,10/14/2015,837.9,Care Payments,Social Care Services
Adult Social Care,MEDICO,10/14/2015,343.35,Care Payments,Social Care Services
Adult Social Care,MEDICO,10/26/2015,100.8,Care Payments,Social Care Services
Adult Social Care,MEDICO,10/26/2015,211.05,Care Payments,Social Care Services
Adult Social Care,MEDICO,10/26/2015,674.1,Care Payments,Social Care Services
Adult Social Care,MEDICO,10/26/2015,387.45,Care Payments,Social Care Services
Adult Social Care,MEDICO,10/26/2015,135.45,Care Payments,Social Care Services
Central Support Costs,MEDIGOLD HEALTH CONSULTANCY LTD,10/21/2015,561.56,Fees and Charges,Health Services
Childrens & Educational Services,Mellor Academy,10/19/2015,"12,166.94",Fees and Charges,Education Services
Childrens & Educational Services,Mellor Academy,10/21/2015,"14,136.00",Third party payments - Private/Voluntary Sector,Education Services
Adult Social Care,MENCAP,10/7/2015,560,Care Payments,Social Care Services
Adult Social Care,MENCAP,10/7/2015,"3,931.20",Care Payments,Social Care Services
Adult Social Care,MENCAP,10/9/2015,665,Care Payments,Social Care Services
Adult Social Care,Merevale House Residential Home,10/26/2015,"3,600.00",Care Payments,Social Care Services
Adult Social Care,MERIDIAN HEALTHCARE LTD,10/5/2015,"1,916.00",Care Payments,Social Care Services
Adult Social Care,MERIDIAN HEALTHCARE LTD,10/5/2015,448,Care Payments,Social Care Services
Adult Social Care,MERIDIAN HEALTHCARE LTD,10/5/2015,"2,140.00",Care Payments,Social Care Services
Adult Social Care,MERIDIAN HEALTHCARE LTD,10/5/2015,448,Care Payments,Social Care Services
Adult Social Care,MERIDIAN HEALTHCARE LTD,10/5/2015,"4,213.28",Care Payments,Social Care Services
Adult Social Care,MERIDIAN HEALTHCARE LTD,10/5/2015,896,Care Payments,Social Care Services
Adult Social Care,MERIDIAN HEALTHCARE LTD,10/5/2015,"6,398.12",Care Payments,Social Care Services
Adult Social Care,MERIDIAN HEALTHCARE LTD,10/5/2015,"-1,637.60",Care Payments,Social Care Services
Adult Social Care,MERIDIAN HEALTHCARE LTD,10/5/2015,896,Care Payments,Social Care Services
Adult Social Care,MERIDIAN HEALTHCARE LTD,10/5/2015,"6,313.32",Care Payments,Social Care Services
Adult Social Care,MERIDIAN HEALTHCARE LTD,10/5/2015,"-2,479.28",Care Payments,Social Care Services
Adult Social Care,MERIDIAN HEALTHCARE LTD,10/5/2015,"1,848.00",Care Payments,Social Care Services
Adult Social Care,MERIDIAN HEALTHCARE LTD,10/5/2015,"1,846.80",Care Payments,Social Care Services
Adult Social Care,MERIDIAN HEALTHCARE LTD,10/5/2015,-398,Care Payments,Social Care Services
Adult Social Care,MERIDIAN HEALTHCARE LTD,10/26/2015,"1,968.00",Care Payments,Social Care Services
Adult Social Care,MERIDIAN HEALTHCARE LTD,10/26/2015,569.14,Care Payments,Social Care Services
Cultural & Related Services,METRO TAXIS LTD,10/19/2015,139.15,Expenses and Allowances,Transport and Travel
Childrens & Educational Services,METRO TAXIS LTD,10/22/2015,46.7,Furniture and Equipment,Transport and Travel
Adult Social Care,METRO TAXIS LTD,10/23/2015,57.6,Leasing /Transport Hire,Transport and Travel
Adult Social Care,METRO TAXIS LTD,10/13/2015,"1,833.60",Leasing /Transport Hire,Transport and Travel
Adult Social Care,METRO TAXIS LTD,10/13/2015,"1,160.55",Leasing /Transport Hire,Transport and Travel
Adult Social Care,METRO TAXIS LTD,10/13/2015,"1,426.80",Leasing /Transport Hire,Transport and Travel
Adult Social Care,METRO TAXIS LTD,10/13/2015,489.2,Leasing /Transport Hire,Transport and Travel
Adult Social Care,METRO TAXIS LTD,10/13/2015,427.5,Leasing /Transport Hire,Transport and Travel
Adult Social Care,METRO TAXIS LTD,10/13/2015,943.95,Leasing /Transport Hire,Transport and Travel
Adult Social Care,METRO TAXIS LTD,10/13/2015,495,Leasing /Transport Hire,Transport and Travel
Adult Social Care,METRO TAXIS LTD,10/13/2015,156,Leasing /Transport Hire,Transport and Travel
Adult Social Care,METRO TAXIS LTD,10/13/2015,461,Leasing /Transport Hire,Transport and Travel
Adult Social Care,METRO TAXIS LTD,10/13/2015,292.5,Leasing /Transport Hire,Transport and Travel
Adult Social Care,METRO TAXIS LTD,10/13/2015,292.5,Leasing /Transport Hire,Transport and Travel
Adult Social Care,METRO TAXIS LTD,10/13/2015,309.6,Leasing /Transport Hire,Transport and Travel
Adult Social Care,METRO TAXIS LTD,10/13/2015,262,Leasing /Transport Hire,Transport and Travel
Adult Social Care,METRO TAXIS LTD,10/13/2015,96,Leasing /Transport Hire,Transport and Travel
Adult Social Care,METRO TAXIS LTD,10/13/2015,118.5,Leasing /Transport Hire,Transport and Travel
Adult Social Care,METRO TAXIS LTD,10/13/2015,"1,478.15",Leasing /Transport Hire,Transport and Travel
Adult Social Care,METRO TAXIS LTD,10/13/2015,694.1,Leasing /Transport Hire,Transport and Travel
Adult Social Care,METRO TAXIS LTD,10/13/2015,"1,053.62",Leasing /Transport Hire,Transport and Travel
Adult Social Care,METRO TAXIS LTD,10/13/2015,"9,482.63",Leasing /Transport Hire,Transport and Travel
Adult Social Care,METRO TAXIS LTD,10/13/2015,4.5,Leasing /Transport Hire,Transport and Travel
Adult Social Care,METRO TAXIS LTD,10/13/2015,213.92,Leasing /Transport Hire,Transport and Travel
Adult Social Care,METRO TAXIS LTD,10/13/2015,213.93,Leasing /Transport Hire,Transport and Travel
Adult Social Care,METRO TAXIS LTD,10/13/2015,69.65,Leasing /Transport Hire,Transport and Travel
Adult Social Care,METRO TAXIS LTD,10/13/2015,311.61,Leasing /Transport Hire,Transport and Travel
Adult Social Care,METRO TAXIS LTD,10/13/2015,155.81,Leasing /Transport Hire,Transport and Travel
Adult Social Care,METRO TAXIS LTD,10/13/2015,84.98,Leasing /Transport Hire,Transport and Travel
Adult Social Care,METRO TAXIS LTD,10/13/2015,155.8,Leasing /Transport Hire,Transport and Travel
Adult Social Care,METRO TAXIS LTD,10/13/2015,60.14,Leasing /Transport Hire,Transport and Travel
Adult Social Care,METRO TAXIS LTD,10/13/2015,290.7,Leasing /Transport Hire,Transport and Travel
Adult Social Care,METRO TAXIS LTD,10/13/2015,120.29,Leasing /Transport Hire,Transport and Travel
Adult Social Care,METRO TAXIS LTD,10/13/2015,180.43,Leasing /Transport Hire,Transport and Travel
Adult Social Care,METRO TAXIS LTD,10/13/2015,350.84,Leasing /Transport Hire,Transport and Travel
Adult Social Care,METRO TAXIS LTD,10/13/2015,311.13,Leasing /Transport Hire,Transport and Travel
Adult Social Care,METRO TAXIS LTD,10/13/2015,105.78,Leasing /Transport Hire,Transport and Travel
Adult Social Care,METRO TAXIS LTD,10/13/2015,205.34,Leasing /Transport Hire,Transport and Travel
Adult Social Care,METRO TAXIS LTD,10/13/2015,845.98,Leasing /Transport Hire,Transport and Travel
Adult Social Care,METRO TAXIS LTD,10/13/2015,571.03,Leasing /Transport Hire,Transport and Travel
Adult Social Care,METRO TAXIS LTD,10/13/2015,126.9,Leasing /Transport Hire,Transport and Travel
Adult Social Care,METRO TAXIS LTD,10/13/2015,571.04,Leasing /Transport Hire,Transport and Travel
Adult Social Care,METRO TAXIS LTD,10/13/2015,97.6,Leasing /Transport Hire,Transport and Travel
Adult Social Care,METRO TAXIS LTD,10/13/2015,48.8,Leasing /Transport Hire,Transport and Travel
Adult Social Care,METRO TAXIS LTD,10/13/2015,97.6,Leasing /Transport Hire,Transport and Travel
Adult Social Care,METRO TAXIS LTD,10/13/2015,62.08,Leasing /Transport Hire,Transport and Travel
Adult Social Care,METRO TAXIS LTD,10/13/2015,193.95,Leasing /Transport Hire,Transport and Travel
Adult Social Care,METRO TAXIS LTD,10/13/2015,131.88,Leasing /Transport Hire,Transport and Travel
Adult Social Care,METRO TAXIS LTD,10/13/2015,325.83,Leasing /Transport Hire,Transport and Travel
Adult Social Care,METRO TAXIS LTD,10/13/2015,62.06,Leasing /Transport Hire,Transport and Travel
Adult Social Care,METRO TAXIS LTD,10/13/2015,315.63,Leasing /Transport Hire,Transport and Travel
Adult Social Care,METRO TAXIS LTD,10/13/2015,78.9,Leasing /Transport Hire,Transport and Travel
Adult Social Care,METRO TAXIS LTD,10/13/2015,157.81,Leasing /Transport Hire,Transport and Travel
Adult Social Care,METRO TAXIS LTD,10/13/2015,236.71,Leasing /Transport Hire,Transport and Travel
Adult Social Care,METRO TAXIS LTD,10/13/2015,"1,126.10",Leasing /Transport Hire,Transport and Travel
Adult Social Care,METRO TAXIS LTD,10/20/2015,13.2,Leasing /Transport Hire,Transport and Travel
Childrens & Educational Services,METRO TAXIS LTD,10/15/2015,"1,074.00",Leasing /Transport Hire,Transport and Travel
Childrens & Educational Services,METRO TAXIS LTD,10/15/2015,"1,053.00",Leasing /Transport Hire,Transport and Travel
Childrens & Educational Services,METRO TAXIS LTD,10/15/2015,351,Leasing /Transport Hire,Transport and Travel
Childrens & Educational Services,METRO TAXIS LTD,10/15/2015,"1,689.33",Leasing /Transport Hire,Transport and Travel
Childrens & Educational Services,METRO TAXIS LTD,10/15/2015,844.67,Leasing /Transport Hire,Transport and Travel
Childrens & Educational Services,METRO TAXIS LTD,10/15/2015,"1,534.50",Leasing /Transport Hire,Transport and Travel
Childrens & Educational Services,METRO TAXIS LTD,10/15/2015,511.5,Leasing /Transport Hire,Transport and Travel
Childrens & Educational Services,METRO TAXIS LTD,10/15/2015,"2,016.00",Leasing /Transport Hire,Transport and Travel
Childrens & Educational Services,METRO TAXIS LTD,10/15/2015,"2,000.00",Leasing /Transport Hire,Transport and Travel
Childrens & Educational Services,METRO TAXIS LTD,10/15/2015,"1,908.40",Leasing /Transport Hire,Transport and Travel
Childrens & Educational Services,METRO TAXIS LTD,10/15/2015,"1,368.00",Leasing /Transport Hire,Transport and Travel
Childrens & Educational Services,METRO TAXIS LTD,10/15/2015,196,Leasing /Transport Hire,Transport and Travel
Childrens & Educational Services,METRO TAXIS LTD,10/15/2015,357,Leasing /Transport Hire,Transport and Travel
Childrens & Educational Services,METRO TAXIS LTD,10/22/2015,104.8,Leasing /Transport Hire,Transport and Travel
Childrens & Educational Services,METRO TAXIS LTD,10/15/2015,"1,505.00",Leasing /Transport Hire,Transport and Travel
Childrens & Educational Services,METRO TAXIS LTD,10/15/2015,930.6,Leasing /Transport Hire,Transport and Travel
Childrens & Educational Services,METRO TAXIS LTD,10/15/2015,296.1,Leasing /Transport Hire,Transport and Travel
Childrens & Educational Services,METRO TAXIS LTD,10/15/2015,888.3,Leasing /Transport Hire,Transport and Travel
Childrens & Educational Services,METRO TAXIS LTD,10/15/2015,"1,184.40",Leasing /Transport Hire,Transport and Travel
Childrens & Educational Services,METRO TAXIS LTD,10/15/2015,800,Leasing /Transport Hire,Transport and Travel
Childrens & Educational Services,METRO TAXIS LTD,10/16/2015,395.25,Leasing /Transport Hire,Transport and Travel
Childrens & Educational Services,METRO TAXIS LTD,10/16/2015,471,Leasing /Transport Hire,Transport and Travel
Childrens & Educational Services,METRO TAXIS LTD,10/16/2015,"1,413.00",Leasing /Transport Hire,Transport and Travel
Childrens & Educational Services,METRO TAXIS LTD,10/16/2015,937.33,Leasing /Transport Hire,Transport and Travel
Childrens & Educational Services,METRO TAXIS LTD,10/16/2015,468.67,Leasing /Transport Hire,Transport and Travel
Childrens & Educational Services,METRO TAXIS LTD,10/16/2015,"1,608.00",Leasing /Transport Hire,Transport and Travel
Childrens & Educational Services,METRO TAXIS LTD,10/16/2015,"1,908.00",Leasing /Transport Hire,Transport and Travel
Childrens & Educational Services,METRO TAXIS LTD,10/16/2015,"1,608.00",Leasing /Transport Hire,Transport and Travel
Childrens & Educational Services,METRO TAXIS LTD,10/16/2015,"1,419.60",Leasing /Transport Hire,Transport and Travel
Childrens & Educational Services,METRO TAXIS LTD,10/16/2015,684,Leasing /Transport Hire,Transport and Travel
Childrens & Educational Services,METRO TAXIS LTD,10/16/2015,828,Leasing /Transport Hire,Transport and Travel
Childrens & Educational Services,METRO TAXIS LTD,10/16/2015,"1,000.40",Leasing /Transport Hire,Transport and Travel
Childrens & Educational Services,METRO TAXIS LTD,10/16/2015,612,Leasing /Transport Hire,Transport and Travel
Childrens & Educational Services,METRO TAXIS LTD,10/16/2015,804,Leasing /Transport Hire,Transport and Travel
Childrens & Educational Services,METRO TAXIS LTD,10/16/2015,804,Leasing /Transport Hire,Transport and Travel
Childrens & Educational Services,METRO TAXIS LTD,10/16/2015,"1,971.00",Leasing /Transport Hire,Transport and Travel
Childrens & Educational Services,METRO TAXIS LTD,10/16/2015,"1,512.20",Leasing /Transport Hire,Transport and Travel
Childrens & Educational Services,METRO TAXIS LTD,10/16/2015,"1,156.40",Leasing /Transport Hire,Transport and Travel
Childrens & Educational Services,METRO TAXIS LTD,10/16/2015,"2,418.40",Leasing /Transport Hire,Transport and Travel
Childrens & Educational Services,METRO TAXIS LTD,10/16/2015,84,Leasing /Transport Hire,Transport and Travel
Childrens & Educational Services,METRO TAXIS LTD,10/16/2015,690.8,Leasing /Transport Hire,Transport and Travel
Childrens & Educational Services,METRO TAXIS LTD,10/16/2015,574,Leasing /Transport Hire,Transport and Travel
Childrens & Educational Services,METRO TAXIS LTD,10/16/2015,612.1,Leasing /Transport Hire,Transport and Travel
Childrens & Educational Services,METRO TAXIS LTD,10/16/2015,612.1,Leasing /Transport Hire,Transport and Travel
Childrens & Educational Services,METRO TAXIS LTD,10/22/2015,80.8,Leasing /Transport Hire,Transport and Travel
Childrens & Educational Services,METRO TAXIS LTD,10/19/2015,"1,155.00",Leasing /Transport Hire,Transport and Travel
Childrens & Educational Services,METRO TAXIS LTD,10/19/2015,"1,014.00",Leasing /Transport Hire,Transport and Travel
Childrens & Educational Services,METRO TAXIS LTD,10/19/2015,735.2,Leasing /Transport Hire,Transport and Travel
Childrens & Educational Services,METRO TAXIS LTD,10/19/2015,588,Leasing /Transport Hire,Transport and Travel
Childrens & Educational Services,METRO TAXIS LTD,10/19/2015,320,Leasing /Transport Hire,Transport and Travel
Childrens & Educational Services,METRO TAXIS LTD,10/19/2015,640,Leasing /Transport Hire,Transport and Travel
Childrens & Educational Services,METRO TAXIS LTD,10/19/2015,"1,058.40",Leasing /Transport Hire,Transport and Travel
Childrens & Educational Services,METRO TAXIS LTD,10/19/2015,"1,128.00",Leasing /Transport Hire,Transport and Travel
Childrens & Educational Services,METRO TAXIS LTD,10/19/2015,320,Leasing /Transport Hire,Transport and Travel
Childrens & Educational Services,METRO TAXIS LTD,10/19/2015,420,Leasing /Transport Hire,Transport and Travel
Childrens & Educational Services,METRO TAXIS LTD,10/19/2015,576,Leasing /Transport Hire,Transport and Travel
Childrens & Educational Services,METRO TAXIS LTD,10/19/2015,808,Leasing /Transport Hire,Transport and Travel
Childrens & Educational Services,METRO TAXIS LTD,10/19/2015,"1,288.00",Leasing /Transport Hire,Transport and Travel
Childrens & Educational Services,METRO TAXIS LTD,10/19/2015,"1,016.40",Leasing /Transport Hire,Transport and Travel
Childrens & Educational Services,METRO TAXIS LTD,10/19/2015,"1,512.00",Leasing /Transport Hire,Transport and Travel
Childrens & Educational Services,METRO TAXIS LTD,10/19/2015,"1,495.00",Leasing /Transport Hire,Transport and Travel
Childrens & Educational Services,METRO TAXIS LTD,10/19/2015,840,Leasing /Transport Hire,Transport and Travel
Childrens & Educational Services,METRO TAXIS LTD,10/19/2015,"1,147.60",Leasing /Transport Hire,Transport and Travel
Childrens & Educational Services,METRO TAXIS LTD,10/19/2015,"1,436.40",Leasing /Transport Hire,Transport and Travel
Childrens & Educational Services,METRO TAXIS LTD,10/19/2015,"2,080.00",Leasing /Transport Hire,Transport and Travel
Childrens & Educational Services,METRO TAXIS LTD,10/19/2015,504,Leasing /Transport Hire,Transport and Travel
Childrens & Educational Services,METRO TAXIS LTD,10/19/2015,"1,406.40",Leasing /Transport Hire,Transport and Travel
Childrens & Educational Services,METRO TAXIS LTD,10/19/2015,990,Leasing /Transport Hire,Transport and Travel
Childrens & Educational Services,METRO TAXIS LTD,10/19/2015,"1,328.00",Leasing /Transport Hire,Transport and Travel
Childrens & Educational Services,METRO TAXIS LTD,10/19/2015,611.2,Leasing /Transport Hire,Transport and Travel
Childrens & Educational Services,METRO TAXIS LTD,10/19/2015,543,Leasing /Transport Hire,Transport and Travel
Childrens & Educational Services,METRO TAXIS LTD,10/19/2015,"1,606.40",Leasing /Transport Hire,Transport and Travel
Childrens & Educational Services,METRO TAXIS LTD,10/19/2015,"2,208.00",Leasing /Transport Hire,Transport and Travel
Childrens & Educational Services,METRO TAXIS LTD,10/19/2015,"1,848.00",Leasing /Transport Hire,Transport and Travel
Childrens & Educational Services,METRO TAXIS LTD,10/19/2015,969.4,Leasing /Transport Hire,Transport and Travel
Childrens & Educational Services,METRO TAXIS LTD,10/19/2015,"1,080.00",Leasing /Transport Hire,Transport and Travel
Childrens & Educational Services,METRO TAXIS LTD,10/19/2015,576,Leasing /Transport Hire,Transport and Travel
Childrens & Educational Services,METRO TAXIS LTD,10/19/2015,"1,448.00",Leasing /Transport Hire,Transport and Travel
Childrens & Educational Services,METRO TAXIS LTD,10/19/2015,"3,272.80",Leasing /Transport Hire,Transport and Travel
Childrens & Educational Services,METRO TAXIS LTD,10/19/2015,720,Leasing /Transport Hire,Transport and Travel
Childrens & Educational Services,METRO TAXIS LTD,10/19/2015,"2,442.00",Leasing /Transport Hire,Transport and Travel
Childrens & Educational Services,METRO TAXIS LTD,10/19/2015,"1,984.00",Leasing /Transport Hire,Transport and Travel
Childrens & Educational Services,METRO TAXIS LTD,10/19/2015,360,Leasing /Transport Hire,Transport and Travel
Childrens & Educational Services,METRO TAXIS LTD,10/19/2015,243,Leasing /Transport Hire,Transport and Travel
Childrens & Educational Services,METRO TAXIS LTD,10/19/2015,"1,208.00",Leasing /Transport Hire,Transport and Travel
Childrens & Educational Services,METRO TAXIS LTD,10/19/2015,604.8,Leasing /Transport Hire,Transport and Travel
Childrens & Educational Services,METRO TAXIS LTD,10/19/2015,"1,728.00",Leasing /Transport Hire,Transport and Travel
Childrens & Educational Services,METRO TAXIS LTD,10/20/2015,120,Leasing /Transport Hire,Transport and Travel
Childrens & Educational Services,METRO TAXIS LTD,10/20/2015,169.4,Leasing /Transport Hire,Transport and Travel
Childrens & Educational Services,METRO TAXIS LTD,10/20/2015,"1,180.00",Leasing /Transport Hire,Transport and Travel
Childrens & Educational Services,METRO TAXIS LTD,10/28/2015,594.7,Leasing /Transport Hire,Transport and Travel
Childrens & Educational Services,METRO TAXIS LTD,10/28/2015,594.7,Leasing /Transport Hire,Transport and Travel
Childrens & Educational Services,METRO TAXIS LTD,10/28/2015,"2,952.80",Leasing /Transport Hire,Transport and Travel
Childrens & Educational Services,METRO TAXIS LTD,10/28/2015,"2,180.00",Leasing /Transport Hire,Transport and Travel
Adult Social Care,METRO TAXIS LTD,10/30/2015,91.25,Travelling Expenses,Transport and Travel
Adult Social Care,METRO TAXIS LTD,10/7/2015,14.35,Travelling Expenses,Transport and Travel
Adult Social Care,METRO TAXIS LTD,10/7/2015,10,Travelling Expenses,Transport and Travel
Adult Social Care,METRO TAXIS LTD,10/8/2015,27.6,Travelling Expenses,Transport and Travel
Public Health,METRO TAXIS LTD,10/19/2015,137,Travelling Expenses,Transport and Travel
Capital Expenditure,MILLERCARE LTD,10/1/2015,250,Capital Expenditure - Works,Construction / Building Services
Capital Expenditure,MILLERCARE LTD,10/16/2015,900,Capital Expenditure - Works,Construction / Building Services
Adult Social Care,MILLERCARE LTD,10/2/2015,"1,496.12",Furniture and Equipment,Construction / Building Services
Adult Social Care,MILLERCARE LTD,10/8/2015,"1,741.08",Furniture and Equipment,Construction / Building Services
Adult Social Care,MILLERCARE LTD,10/27/2015,"3,886.87",Furniture and Equipment,Construction / Building Services
Childrens & Educational Services,MILLERCARE LTD,10/13/2015,22,Furniture and Equipment,Construction / Building Services
Central Support Costs,MISS CLARE GRUNDY - LEGAL/LAW,10/21/2015,"1,450.00",Professional Fees,Legal Services
Central Support Costs,MISS LISA PARTINGTON - LEGAL/LAW,10/12/2015,600,Professional Fees,Legal Services
Capital Expenditure,MITIE TILLEY ROOFING LTD,10/23/2015,"51,125.00",Repairs and Maintenance,Construction / Building Services
Central Services to the public,MJ Leeming,10/2/2015,"1,647.36",Professional Fees,Professional / Consultancy Services
Childrens & Educational Services,MO WHITTLE - SOCIAL CARE TRAINER,10/15/2015,"1,401.00",Fees and Charges,Trainer / Facilitator
Adult Social Care,MOBILITY SUPPLIES LTD,10/7/2015,612.32,Furniture and Equipment,Mobility Equipment / Supplies
Adult Social Care,MOBILITY SUPPLIES LTD,10/28/2015,733.36,Furniture and Equipment,Mobility Equipment / Supplies
Adult Social Care,MOBILITY SUPPLIES LTD,10/29/2015,890.83,Furniture and Equipment,Mobility Equipment / Supplies
Corporate & Democratic Core,MODERN MINDSET LTD,10/6/2015,"3,700.00",Office Expenses,Software Supplier
Adult Social Care,Momma J's Ltd,10/7/2015,156,Care Payments,Cleaning Services
Adult Social Care,Momma J's Ltd,10/7/2015,735,Care Payments,Cleaning Services
Childrens & Educational Services,MONARCH EDUCATION LTD,10/19/2015,460,Agency Staff,Recruitment / Staffing
Childrens & Educational Services,MONARCH EDUCATION LTD,10/27/2015,575,Agency Staff,Recruitment / Staffing
Childrens & Educational Services,MONARCH EDUCATION LTD,10/13/2015,230,Staff Training,Recruitment / Staffing
Childrens & Educational Services,MONARCH EDUCATION LTD,10/13/2015,-230,Staff Training,Recruitment / Staffing
Childrens & Educational Services,MONARCH EDUCATION LTD,10/20/2015,575,Staff Training,Recruitment / Staffing
Adult Social Care,Montrose Hall,10/5/2015,"1,620.00",Care Payments,Social Care Services
Adult Social Care,Montrose Hall,10/5/2015,-926.4,Care Payments,Social Care Services
Capital Expenditure,MORRISON HIGHWAY MAINTENANCE,10/2/2015,946.08,Capital Expenditure - Works,Construction / Building Services
Capital Expenditure,MORRISON HIGHWAY MAINTENANCE,10/27/2015,"4,197.84",Capital Expenditure - Works,Construction / Building Services
Highways & Transport Services,MORRISON HIGHWAY MAINTENANCE,10/23/2015,"2,986.49",Highways Maintenance,Construction / Building Services
Highways & Transport Services,MORRISON HIGHWAY MAINTENANCE,10/29/2015,811.9,Highways Maintenance,Construction / Building Services
Public Health,MOSSBANK HOMES LTD,10/27/2015,"10,000.00",Supplies and services,Housing Services
Adult Social Care,MOTIV8ED SUPPORT LTD,10/7/2015,210,Care Payments,Social Care Services
Adult Social Care,MOTIV8ED SUPPORT LTD,10/7/2015,144.75,Care Payments,Social Care Services
Adult Social Care,MOTIV8ED SUPPORT LTD,10/7/2015,132.15,Care Payments,Social Care Services
Adult Social Care,MOTIV8ED SUPPORT LTD,10/7/2015,147.95,Care Payments,Social Care Services
Adult Social Care,MOTIV8ED SUPPORT LTD,10/7/2015,345,Care Payments,Social Care Services
Adult Social Care,MOTIV8ED SUPPORT LTD,10/7/2015,287,Care Payments,Social Care Services
Adult Social Care,MOTIV8ED SUPPORT LTD,10/7/2015,308,Care Payments,Social Care Services
Adult Social Care,MOTIV8ED SUPPORT LTD,10/21/2015,165,Care Payments,Social Care Services
Adult Social Care,MOTIV8ED SUPPORT LTD,10/21/2015,135,Care Payments,Social Care Services
Adult Social Care,MOTIV8ED SUPPORT LTD,10/21/2015,210,Care Payments,Social Care Services
Adult Social Care,MOTIV8ED SUPPORT LTD,10/21/2015,165,Care Payments,Social Care Services
Adult Social Care,MOTIV8ED SUPPORT LTD,10/21/2015,60,Care Payments,Social Care Services
Adult Social Care,MOTIV8ED SUPPORT LTD,10/21/2015,308,Care Payments,Social Care Services
Adult Social Care,MOTIV8ED SUPPORT LTD,10/27/2015,329.52,Care Payments,Social Care Services
Adult Social Care,MOTIV8ED SUPPORT LTD,10/27/2015,224,Care Payments,Social Care Services
Adult Social Care,MOTIV8ED SUPPORT LTD,10/27/2015,238.2,Care Payments,Social Care Services
Capital Expenditure,MPS CONSTRUCTION LTD,10/26/2015,"2,331.58",Capital Expenditure - Works,Construction / Building Services
Adult Social Care,MR A BROCKLEHURST - TAXIS,10/13/2015,"1,000.00",Leasing /Transport Hire,Transport and Travel
Capital Expenditure,MR ALAN EVANS - LEGAL/LAW,10/9/2015,"2,475.00",Capital Expenditure - Acquisitions,Legal Services
Childrens & Educational Services,MR G WATSON - PAINTER AND DECORATOR,10/2/2015,"2,379.00",Repairs and Maintenance,Construction / Building Services
Childrens & Educational Services,MR J MCDONALD - TAXIS,10/15/2015,960,Leasing /Transport Hire,Transport and Travel
Planning Services,MR JOHN HUNTER - LEGAL/LAW,10/21/2015,"1,125.00",Legal Fees,Legal Services
Central Support Costs,MR PETER MARCUS,10/21/2015,"1,975.00",Professional Fees,Professional / Consultancy Services
Central Support Costs,MR SHAUN SPENCER - Legal/Law,10/28/2015,"2,050.00",Professional Fees,Legal Services
Central Support Costs,MR SIMON CRABTREE - Legal/Law,10/23/2015,"1,776.50",Professional Fees,Legal Services
Childrens & Educational Services,MR SURESH KUMAR SHARMA - TAXIS,10/19/2015,630,Leasing /Transport Hire,Transport and Travel
Childrens & Educational Services,MR SURESH KUMAR SHARMA - TAXIS,10/19/2015,630,Leasing /Transport Hire,Transport and Travel
Adult Social Care,MRL HEALTHCARE LIMITED,10/7/2015,138.6,Care Payments,Social Care Services
Adult Social Care,MRL HEALTHCARE LIMITED,10/14/2015,113.4,Care Payments,Social Care Services
Adult Social Care,MRL HEALTHCARE LIMITED,10/14/2015,"3,997.35",Care Payments,Social Care Services
Adult Social Care,MRL HEALTHCARE LIMITED,10/14/2015,859.95,Care Payments,Social Care Services
Adult Social Care,MRL HEALTHCARE LIMITED,10/14/2015,"1,537.20",Care Payments,Social Care Services
Adult Social Care,MRL HEALTHCARE LIMITED,10/14/2015,107.1,Care Payments,Social Care Services
Adult Social Care,MRL HEALTHCARE LIMITED,10/14/2015,"4,473.00",Care Payments,Social Care Services
Adult Social Care,MRL HEALTHCARE LIMITED,10/14/2015,932.4,Care Payments,Social Care Services
Adult Social Care,MRL HEALTHCARE LIMITED,10/14/2015,"1,348.20",Care Payments,Social Care Services
Adult Social Care,MRL HEALTHCARE LIMITED,10/28/2015,107.1,Care Payments,Social Care Services
Adult Social Care,MRL HEALTHCARE LIMITED,10/28/2015,"3,641.40",Care Payments,Social Care Services
Adult Social Care,MRL HEALTHCARE LIMITED,10/28/2015,951.3,Care Payments,Social Care Services
Adult Social Care,MRL HEALTHCARE LIMITED,10/28/2015,"1,313.55",Care Payments,Social Care Services
Adult Social Care,MRL HEALTHCARE LIMITED,10/28/2015,100.8,Care Payments,Social Care Services
Adult Social Care,MRL HEALTHCARE LIMITED,10/28/2015,"3,909.15",Care Payments,Social Care Services
Adult Social Care,MRL HEALTHCARE LIMITED,10/28/2015,894.6,Care Payments,Social Care Services
Adult Social Care,MRL HEALTHCARE LIMITED,10/28/2015,"1,370.25",Care Payments,Social Care Services
Adult Social Care,MRL HEALTHCARE LIMITED,10/20/2015,"1,071.00",Care Payments,Social Care Services
Childrens & Educational Services,MUSICPARTS UK,10/2/2015,"1,962.36",Furniture and Equipment,Music and Musical Instruments
Childrens & Educational Services,MUSICPARTS UK,10/29/2015,347.52,Furniture and Equipment,Music and Musical Instruments
Cultural & Related Services,MYERS TREE CARE LTD,10/30/2015,"4,250.00",Supplies and services,Grounds Maintenance
Housing (General Fund) Services,Nacro,10/20/2015,"40,677.00",Professional Fees,Welfare Services
Housing (General Fund) Services,Nacro,10/20/2015,"35,000.00",Professional Fees,Welfare Services
Adult Social Care,NADA NURSING HOME,10/26/2015,"2,400.00",Care Payments,Social Care Services
Adult Social Care,NADA NURSING HOME,10/26/2015,"3,376.86",Care Payments,Social Care Services
Adult Social Care,NAS SERVICES LIMITED,10/5/2015,"15,631.68",Care Payments,Social Care Services
Adult Social Care,NAS SERVICES LIMITED,10/5/2015,"-1,067.60",Care Payments,Social Care Services
Adult Social Care,NAS SERVICES LIMITED,10/7/2015,"2,836.75",Care Payments,Social Care Services
Adult Social Care,NAS SERVICES LIMITED,10/7/2015,"12,783.04",Care Payments,Social Care Services
Adult Social Care,NAS SERVICES LIMITED,10/7/2015,"12,201.32",Care Payments,Social Care Services
Adult Social Care,NAS SERVICES LIMITED,10/15/2015,165.86,Care Payments,Social Care Services
Adult Social Care,NAS SERVICES LIMITED,10/27/2015,174.28,Care Payments,Social Care Services
Capital Expenditure,NATIONAL GRID GAS PLC,10/6/2015,"12,861.88",Supplies and services,Utilities
Cultural & Related Services,NATIONAL HOLIDAYS LTD,10/8/2015,-625.31,Office Expenses,Transport and Travel
Cultural & Related Services,NATIONAL HOLIDAYS LTD,10/13/2015,-338.11,Office Expenses,Transport and Travel
Cultural & Related Services,NATIONAL HOLIDAYS LTD,10/28/2015,-740.79,Office Expenses,Transport and Travel
Cultural & Related Services,NATIONAL HOLIDAYS LTD,10/8/2015,"3,945.49",Publicity and Promotion,Transport and Travel
Cultural & Related Services,NATIONAL HOLIDAYS LTD,10/13/2015,"2,493.65",Publicity and Promotion,Transport and Travel
Cultural & Related Services,NATIONAL HOLIDAYS LTD,10/28/2015,"4,830.63",Publicity and Promotion,Transport and Travel
Central Support Costs,NEOPOST CREDIFON FRANKING POSTAGE,10/14/2015,"20,000.00",Publicity and Promotion,"Postal, Mail and Courier Services"
Adult Social Care,New Care Projects (Timperley) LLP,10/5/2015,"2,978.40",Care Payments,Social Care Services
Adult Social Care,New Care Projects (Timperley) LLP,10/5/2015,"-2,166.40",Care Payments,Social Care Services
Childrens & Educational Services,NEW HORIZONS PSYCHOLOGY,10/26/2015,"1,864.20",Professional Fees,Psychology / Assessment Services
Childrens & Educational Services,New Horizons(Stockport)Ltd,10/7/2015,"26,750.00",Care Payments,Childcare Provision
Childrens & Educational Services,New Start Childcare,10/7/2015,"24,000.00",Care Payments,Childcare Provision
Capital Expenditure,NEWEY & EYRE LTD,10/15/2015,"10,073.00",Capital Expenditure - Works,Building Supplies
Planning Services,NEWEY & EYRE LTD,10/26/2015,153.1,Furniture and Equipment,Building Supplies
Capital Expenditure,NEWEY & EYRE LTD,10/29/2015,"3,034.00",Repairs and Maintenance,Building Supplies
Cultural & Related Services,NEWEY & EYRE LTD,10/16/2015,34.5,Repairs and Maintenance,Building Supplies
Public Health,NHS BUSINESS SERVICES AUTHORITY,10/27/2015,"28,187.40",Fees and Charges,NHS Organisation
Public Health,NHS England,10/15/2015,"2,916.66",Third party payments - Private/Voluntary Sector,NHS Organisation
Adult Social Care,NHS STOCKPORT CCG,10/13/2015,"17,849.18",Fees and Charges,NHS Organisation
Public Health,NHS STOCKPORT CCG,10/22/2015,"126,292.00",Third party payments - Private/Voluntary Sector,NHS Organisation
Capital Expenditure,Nightingales Ltd,10/29/2015,"20,250.00",Supplies and services,Legal Services
Childrens & Educational Services,NIGHTSTOP IN STOCKPORT,10/6/2015,"11,750.00",Care Payments,Housing Services
Central Support Costs,Noble Systems,10/13/2015,"5,400.00",Information and Communications Technology,Software Supplier
Childrens & Educational Services,NORMANS (BURTON ON TRENT) LTD,10/9/2015,102,Furniture and Equipment,Music and Musical Instruments
Childrens & Educational Services,NORMANS (BURTON ON TRENT) LTD,10/12/2015,84.37,Furniture and Equipment,Music and Musical Instruments
Childrens & Educational Services,NORMANS (BURTON ON TRENT) LTD,10/9/2015,170,Furniture and Equipment,Music and Musical Instruments
Childrens & Educational Services,NORMANS (BURTON ON TRENT) LTD,10/8/2015,68,Furniture and Equipment,Music and Musical Instruments
Childrens & Educational Services,NORMANS (BURTON ON TRENT) LTD,10/28/2015,7.07,Furniture and Equipment,Music and Musical Instruments
Childrens & Educational Services,NORMANS (BURTON ON TRENT) LTD,10/21/2015,33.96,Furniture and Equipment,Music and Musical Instruments
Childrens & Educational Services,NORMANS (BURTON ON TRENT) LTD,10/19/2015,122.98,Furniture and Equipment,Music and Musical Instruments
Childrens & Educational Services,NORMANS (BURTON ON TRENT) LTD,10/19/2015,71.92,Furniture and Equipment,Music and Musical Instruments
Childrens & Educational Services,NORMANS (BURTON ON TRENT) LTD,10/19/2015,305.03,Furniture and Equipment,Music and Musical Instruments
Childrens & Educational Services,NORMANS (BURTON ON TRENT) LTD,10/26/2015,8.99,Furniture and Equipment,Music and Musical Instruments
Childrens & Educational Services,NORMANS (BURTON ON TRENT) LTD,10/27/2015,18.98,Furniture and Equipment,Music and Musical Instruments
Capital Expenditure,NORTHERN INSULATION CONTRACTORS,10/30/2015,"2,170.00",Capital Expenditure - Works,Construction / Building Services
Capital Expenditure,NORTHERN INSULATION CONTRACTORS,10/21/2015,"2,200.00",Repairs and Maintenance,Construction / Building Services
Capital Expenditure,NORTHERN INSULATION CONTRACTORS,10/20/2015,820,Repairs and Maintenance,Construction / Building Services
Adult Social Care,NORTHGATE INFORMATION SOLUTIONS UK,10/16/2015,"2,024.00",Driving and Vehicle Licences,Software Supplier
Central Support Costs,NORTHGATE INFORMATION SOLUTIONS UK,10/15/2015,680,Information and Communications Technology,Software Supplier
Central Support Costs,NORTHGATE INFORMATION SOLUTIONS UK,10/15/2015,"3,130.00",Information and Communications Technology,Software Supplier
Central Support Costs,NORTHGATE INFORMATION SOLUTIONS UK,10/15/2015,"-3,130.00",Information and Communications Technology,Software Supplier
Central Support Costs,NORTHGATE INFORMATION SOLUTIONS UK,10/15/2015,-680,Information and Communications Technology,Software Supplier
Central Support Costs,NORTHGATE INFORMATION SOLUTIONS UK,10/13/2015,680,Information and Communications Technology,Software Supplier
Central Support Costs,NORTHGATE INFORMATION SOLUTIONS UK,10/13/2015,-680,Information and Communications Technology,Software Supplier
Central Support Costs,NORTHGATE INFORMATION SOLUTIONS UK,10/13/2015,"3,130.00",Information and Communications Technology,Software Supplier
Central Support Costs,NORTHGATE INFORMATION SOLUTIONS UK,10/13/2015,680,Information and Communications Technology,Software Supplier
Central Support Costs,NORWEL COMPUTER SERVICES LTD,10/16/2015,240,Information and Communications Technology,Software Supplier
Central Support Costs,NORWEL COMPUTER SERVICES LTD,10/28/2015,"4,302.32",Information and Communications Technology,Software Supplier
Central Support Costs,NORWEL COMPUTER SERVICES LTD,10/28/2015,932.94,Information and Communications Technology,Software Supplier
Adult Social Care,NORWOOD TRUST LTD,10/5/2015,"25,530.40",Care Payments,Social Care Services
Adult Social Care,NORWOOD TRUST LTD,10/5/2015,"-5,019.28",Care Payments,Social Care Services
Adult Social Care,NORWOOD TRUST LTD,10/9/2015,630,Care Payments,Social Care Services
Highways & Transport Services,NPOWER (ELECTRICITY),10/5/2015,"108,065.45",Utilities,Utilities
Highways & Transport Services,NPOWER (ELECTRICITY),10/28/2015,"123,778.95",Utilities,Utilities
Planning Services,NTS (UK) LTD,10/26/2015,"10,143.78",Information and Communications Technology,ICT Consultancy / Support
Childrens & Educational Services,NUGENT CARE,10/21/2015,"9,000.00",Care Payments,Social Care Services
Adult Social Care,OAKVIEW CARE HOME LIMITED,10/5/2015,"1,784.00",Care Payments,Social Care Services
Adult Social Care,OAKVIEW CARE HOME LIMITED,10/5/2015,"1,840.00",Care Payments,Social Care Services
Adult Social Care,OAKVIEW CARE HOME LIMITED,10/5/2015,-579.64,Care Payments,Social Care Services
Adult Social Care,OAKVIEW CARE HOME LIMITED,10/5/2015,"2,930.86",Care Payments,Social Care Services
Adult Social Care,OAKVIEW CARE HOME LIMITED,10/26/2015,"2,114.29",Care Payments,Social Care Services
Adult Social Care,OAKVIEW CARE HOME LIMITED,10/26/2015,"5,734.29",Care Payments,Social Care Services
Adult Social Care,OAKVIEW CARE HOME LIMITED,10/26/2015,"5,925.43",Care Payments,Social Care Services
Public Health,Oakwood House Psychological Service,10/22/2015,"3,315.00",Professional Fees,Psychology / Assessment Services
Central Services to the public,Oldham Council,10/21/2015,500,Office Expenses,Local Authority
Adult Social Care,Olea Care Group,10/5/2015,"3,440.00",Care Payments,Social Care Services
Adult Social Care,Olea Care Group,10/5/2015,896,Care Payments,Social Care Services
Adult Social Care,Olea Care Group,10/5/2015,-832,Care Payments,Social Care Services
Adult Social Care,Olea Care Group,10/26/2015,"4,178.57",Care Payments,Social Care Services
Adult Social Care,Olea Care Group,10/26/2015,"6,023.81",Care Payments,Social Care Services
Adult Social Care,Olea Care Group,10/26/2015,"-1,221.43",Care Payments,Social Care Services
Adult Social Care,Olea Care Group,10/26/2015,-552.71,Care Payments,Social Care Services
Adult Social Care,Olea Care Group,10/26/2015,"2,042.85",Care Payments,Social Care Services
Childrens & Educational Services,One Agency Ltd,10/26/2015,"2,160.00",Publicity and Promotion,Digital / Media Services
Childrens & Educational Services,ONE FILE LTD,10/23/2015,"5,856.75",Information and Communications Technology,Software Supplier
Capital Expenditure,OPENREACH,10/6/2015,"96,947.74",Supplies and services,Communications and Technology
Capital Expenditure,OPENREACH,10/6/2015,"9,941.16",Supplies and services,Communications and Technology
Capital Expenditure,OPENREACH,10/6/2015,"15,096.82",Supplies and services,Communications and Technology
Capital Expenditure,OPENREACH,10/9/2015,"1,085.00",Supplies and services,Communications and Technology
Capital Expenditure,OPENREACH,10/30/2015,"2,107.20",Supplies and services,Communications and Technology
Planning Services,ORANGE PAYMENT PROCESSING,10/9/2015,62,Information and Communications Technology,Communications and Technology
Planning Services,ORANGE PAYMENT PROCESSING,10/13/2015,"2,983.46",Information and Communications Technology,Communications and Technology
Planning Services,ORANGE PAYMENT PROCESSING,10/13/2015,44.49,Information and Communications Technology,Communications and Technology
Planning Services,ORANGE PAYMENT PROCESSING,10/9/2015,111.42,Information and Communications Technology,Communications and Technology
Planning Services,ORANGE PAYMENT PROCESSING,10/13/2015,"2,225.17",Information and Communications Technology,Communications and Technology
Planning Services,ORANGE PAYMENT PROCESSING,10/13/2015,612.97,Information and Communications Technology,Communications and Technology
Planning Services,ORANGE PAYMENT PROCESSING,10/13/2015,"4,774.02",Information and Communications Technology,Communications and Technology
Planning Services,ORANGE PAYMENT PROCESSING,10/13/2015,335.85,Information and Communications Technology,Communications and Technology
Planning Services,ORANGE PAYMENT PROCESSING,10/13/2015,"3,076.10",Information and Communications Technology,Communications and Technology
Planning Services,ORANGE PAYMENT PROCESSING,10/13/2015,689.94,Information and Communications Technology,Communications and Technology
Planning Services,ORANGE PAYMENT PROCESSING,10/13/2015,"1,290.29",Information and Communications Technology,Communications and Technology
Planning Services,ORANGE PAYMENT PROCESSING,10/13/2015,"4,567.79",Information and Communications Technology,Communications and Technology
Planning Services,ORANGE PAYMENT PROCESSING,10/13/2015,181,Information and Communications Technology,Communications and Technology
Planning Services,ORANGE PAYMENT PROCESSING,10/13/2015,549.53,Information and Communications Technology,Communications and Technology
Planning Services,ORANGE PAYMENT PROCESSING,10/9/2015,15.96,Information and Communications Technology,Communications and Technology
Planning Services,ORANGE PAYMENT PROCESSING,10/9/2015,"4,945.27",Information and Communications Technology,Communications and Technology
Planning Services,ORANGE PAYMENT PROCESSING,10/9/2015,404.32,Information and Communications Technology,Communications and Technology
Planning Services,ORANGE PAYMENT PROCESSING,10/27/2015,434.19,Information and Communications Technology,Communications and Technology
Planning Services,ORANGE PAYMENT PROCESSING,10/29/2015,"4,501.87",Information and Communications Technology,Communications and Technology
Planning Services,ORANGE PAYMENT PROCESSING,10/29/2015,725.92,Information and Communications Technology,Communications and Technology
Planning Services,ORANGE PAYMENT PROCESSING,10/30/2015,"1,483.71",Information and Communications Technology,Communications and Technology
Planning Services,ORANGE PAYMENT PROCESSING,10/30/2015,"4,961.61",Information and Communications Technology,Communications and Technology
Planning Services,ORANGE PAYMENT PROCESSING,10/30/2015,74.24,Information and Communications Technology,Communications and Technology
Planning Services,ORANGE PAYMENT PROCESSING,10/30/2015,258.68,Information and Communications Technology,Communications and Technology
Planning Services,ORANGE PAYMENT PROCESSING,10/30/2015,152.95,Information and Communications Technology,Communications and Technology
Planning Services,ORANGE PAYMENT PROCESSING,10/30/2015,62,Information and Communications Technology,Communications and Technology
Adult Social Care,ORANGE PAYMENT PROCESSING,10/12/2015,"1,115.82",Information and Communications Technology,Communications and Technology
Adult Social Care,Orchard Care Homes,10/5/2015,"2,040.00",Care Payments,Social Care Services
Adult Social Care,Orchard Care Homes,10/5/2015,-505.2,Care Payments,Social Care Services
Adult Social Care,Orchard Medical Recruitment Ltd,10/27/2015,824.06,Agency Staff,Finance / Accountancy Services
Adult Social Care,Orchard Medical Recruitment Ltd,10/1/2015,"1,650.46",Agency Staff,Finance / Accountancy Services
Adult Social Care,Orchard Medical Recruitment Ltd,10/8/2015,"1,377.66",Agency Staff,Finance / Accountancy Services
Adult Social Care,Orchard Medical Recruitment Ltd,10/12/2015,"1,494.53",Agency Staff,Finance / Accountancy Services
Adult Social Care,Orchard Medical Recruitment Ltd,10/12/2015,825.47,Agency Staff,Finance / Accountancy Services
Adult Social Care,Orchard Medical Recruitment Ltd,10/20/2015,825.94,Agency Staff,Finance / Accountancy Services
Adult Social Care,Orchard Medical Recruitment Ltd,10/20/2015,"1,529.83",Agency Staff,Finance / Accountancy Services
Adult Social Care,Orchard Medical Recruitment Ltd,10/20/2015,"1,388.94",Agency Staff,Finance / Accountancy Services
Adult Social Care,OSPREY HEALTHCARE,10/1/2015,560,Furniture and Equipment,Mobility Equipment / Supplies
Adult Social Care,OUTREACH,10/5/2015,"2,048.32",Care Payments,Social Care Services
Adult Social Care,OUTREACH,10/5/2015,-321.8,Care Payments,Social Care Services
Planning Services,OXFORD INNOVATION LTD FOR STOCKPORT,10/23/2015,"37,270.49",Fees and Charges,Business Services / Support
Highways & Transport Services,P & T BARTON LTD,10/21/2015,"1,500.00",Supplies and services,Construction / Building Services
Childrens & Educational Services,P CULBERT - TAXIS,10/15/2015,"1,150.00",Leasing /Transport Hire,Transport and Travel
Childrens & Educational Services,P WALKER TAXIS,10/15/2015,"1,575.00",Leasing /Transport Hire,Transport and Travel
Childrens & Educational Services,PARALLEL PARENTS (FF),10/7/2015,"7,272.50",Care Payments,Foster Care
Public Health,PARK VIEW GROUP PRACTICE,10/28/2015,114,Care Payments,Health Services
Public Health,PARK VIEW GROUP PRACTICE,10/28/2015,"1,463.58",Care Payments,Health Services
Public Health,PARK VIEW GROUP PRACTICE,10/28/2015,"1,050.00",Service Contract Payments,Health Services
Housing (General Fund) Services,PayPoint Network Ltd,10/8/2015,"2,402.39",Utilities,Financial Services
Childrens & Educational Services,PAYPOINT PLC,10/6/2015,80,Care Payments,Financial Services
Childrens & Educational Services,PAYPOINT PLC,10/6/2015,280,Care Payments,Financial Services
Childrens & Educational Services,PAYPOINT PLC,10/6/2015,58,Care Payments,Financial Services
Childrens & Educational Services,PAYPOINT PLC,10/6/2015,30,Care Payments,Financial Services
Childrens & Educational Services,PAYPOINT PLC,10/6/2015,19,Care Payments,Financial Services
Childrens & Educational Services,PAYPOINT PLC,10/6/2015,143,Care Payments,Financial Services
Childrens & Educational Services,PAYPOINT PLC,10/6/2015,120,Care Payments,Financial Services
Childrens & Educational Services,PAYPOINT PLC,10/6/2015,100,Care Payments,Financial Services
Childrens & Educational Services,PAYPOINT PLC,10/6/2015,15,Care Payments,Financial Services
Childrens & Educational Services,PAYPOINT PLC,10/6/2015,45,Care Payments,Financial Services
Childrens & Educational Services,PAYPOINT PLC,10/6/2015,30,Care Payments,Financial Services
Childrens & Educational Services,PAYPOINT PLC,10/6/2015,210,Care Payments,Financial Services
Childrens & Educational Services,PAYPOINT PLC,10/6/2015,58,Care Payments,Financial Services
Childrens & Educational Services,PAYPOINT PLC,10/6/2015,41,Care Payments,Financial Services
Childrens & Educational Services,PAYPOINT PLC,10/6/2015,52,Care Payments,Financial Services
Childrens & Educational Services,PAYPOINT PLC,10/6/2015,31,Care Payments,Financial Services
Childrens & Educational Services,PAYPOINT PLC,10/6/2015,82,Care Payments,Financial Services
Childrens & Educational Services,PAYPOINT PLC,10/16/2015,180,Care Payments,Financial Services
Childrens & Educational Services,PAYPOINT PLC,10/16/2015,84,Care Payments,Financial Services
Childrens & Educational Services,PAYPOINT PLC,10/16/2015,210,Care Payments,Financial Services
Childrens & Educational Services,PAYPOINT PLC,10/16/2015,74,Care Payments,Financial Services
Childrens & Educational Services,PAYPOINT PLC,10/16/2015,200,Care Payments,Financial Services
Childrens & Educational Services,PAYPOINT PLC,10/16/2015,141,Care Payments,Financial Services
Childrens & Educational Services,PAYPOINT PLC,10/16/2015,100,Care Payments,Financial Services
Childrens & Educational Services,PAYPOINT PLC,10/16/2015,58,Care Payments,Financial Services
Childrens & Educational Services,PAYPOINT PLC,10/16/2015,17,Care Payments,Financial Services
Childrens & Educational Services,PAYPOINT PLC,10/16/2015,80,Care Payments,Financial Services
Childrens & Educational Services,PAYPOINT PLC,10/16/2015,80,Care Payments,Financial Services
Childrens & Educational Services,PAYPOINT PLC,10/16/2015,44,Care Payments,Financial Services
Childrens & Educational Services,PAYPOINT PLC,10/16/2015,117,Care Payments,Financial Services
Childrens & Educational Services,PAYPOINT PLC,10/16/2015,92,Care Payments,Financial Services
Childrens & Educational Services,PAYPOINT PLC,10/27/2015,333.5,Care Payments,Financial Services
Childrens & Educational Services,PAYPOINT PLC,10/27/2015,38.5,Care Payments,Financial Services
Childrens & Educational Services,PAYPOINT PLC,10/27/2015,40,Care Payments,Financial Services
Childrens & Educational Services,PAYPOINT PLC,10/27/2015,363,Care Payments,Financial Services
Childrens & Educational Services,PAYPOINT PLC,10/27/2015,20,Care Payments,Financial Services
Childrens & Educational Services,PAYPOINT PLC,10/27/2015,60,Care Payments,Financial Services
Housing (General Fund) Services,PAYPOINT PLC,10/6/2015,65,Utilities,Financial Services
Housing (General Fund) Services,PAYPOINT PLC,10/6/2015,50,Utilities,Financial Services
Housing (General Fund) Services,PAYPOINT PLC,10/6/2015,25,Utilities,Financial Services
Housing (General Fund) Services,PAYPOINT PLC,10/6/2015,15,Utilities,Financial Services
Housing (General Fund) Services,PAYPOINT PLC,10/16/2015,45,Utilities,Financial Services
Housing (General Fund) Services,PAYPOINT PLC,10/16/2015,15,Utilities,Financial Services
Housing (General Fund) Services,PAYPOINT PLC,10/16/2015,30,Utilities,Financial Services
Housing (General Fund) Services,PAYPOINT PLC,10/16/2015,40,Utilities,Financial Services
Housing (General Fund) Services,PAYPOINT PLC,10/27/2015,80,Utilities,Financial Services
Housing (General Fund) Services,PAYPOINT PLC,10/27/2015,75,Utilities,Financial Services
Public Health,PEBBLE ENTERPRISES LTD,10/28/2015,"21,313.57",Supplies and services,Welfare Services
Public Health,PEBBLE ENTERPRISES LTD,10/28/2015,"21,313.57",Supplies and services,Welfare Services
Public Health,PEBBLE ENTERPRISES LTD,10/30/2015,"21,313.57",Supplies and services,Welfare Services
Childrens & Educational Services,PENARTH GROUP,10/7/2015,"13,286.25",Care Payments,Social Care Services
Childrens & Educational Services,PENARTH GROUP,10/19/2015,"3,409.99",Fees and Charges,Social Care Services
Capital Expenditure,Pendle Stained Glass,10/9/2015,"6,317.50",Repairs and Maintenance,Heritage
Adult Social Care,PENDLEBURY CARE HOMES LTD,10/5/2015,"1,830.64",Care Payments,Social Care Services
Adult Social Care,PENDLEBURY CARE HOMES LTD,10/5/2015,-505.2,Care Payments,Social Care Services
Adult Social Care,PENDLEBURY CARE HOMES LTD,10/5/2015,"1,910.64",Care Payments,Social Care Services
Adult Social Care,PENDLEBURY CARE HOMES LTD,10/5/2015,-585.64,Care Payments,Social Care Services
Adult Social Care,PENDLETON CARE LTD,10/5/2015,"5,133.60",Care Payments,Social Care Services
Adult Social Care,PENDLETON CARE LTD,10/5/2015,-348.6,Care Payments,Social Care Services
Adult Social Care,PENDLETON CARE LTD,10/5/2015,"3,560.00",Care Payments,Social Care Services
Childrens & Educational Services,PENNINE CAMPHILL COMMUNITY,10/27/2015,"11,798.67",Third party payments - Private/Voluntary Sector,Social Care Services
Adult Social Care,PENNINE CARE NHS TRUST,10/27/2015,"15,000.00",Agency Staff,NHS Organisation
Adult Social Care,PENNINE CARE NHS TRUST,10/27/2015,"15,000.00",Agency Staff,NHS Organisation
Adult Social Care,PENNINE CARE NHS TRUST,10/21/2015,"1,269.70",Agency Staff,NHS Organisation
Adult Social Care,PENNINE CARE NHS TRUST,10/21/2015,"10,185.00",Agency Staff,NHS Organisation
Adult Social Care,PENNINE CARE NHS TRUST,10/21/2015,"3,039.00",Agency Staff,NHS Organisation
Adult Social Care,PENNINE CARE NHS TRUST,10/21/2015,"12,402.00",Agency Staff,NHS Organisation
Adult Social Care,PENNINE CARE NHS TRUST,10/21/2015,"5,987.00",Agency Staff,NHS Organisation
Adult Social Care,PENNINE CARE NHS TRUST,10/21/2015,"5,493.00",Agency Staff,NHS Organisation
Adult Social Care,PENNINE CARE NHS TRUST,10/22/2015,"2,461.00",Agency Staff,NHS Organisation
Adult Social Care,PENNINE CARE NHS TRUST,10/28/2015,"3,797.85",Agency Staff,NHS Organisation
Adult Social Care,PENNINE CARE NHS TRUST,10/27/2015,"1,572.01",Agency Staff,NHS Organisation
Childrens & Educational Services,PENNINE CARE NHS TRUST,10/27/2015,"9,620.00",Professional Fees,NHS Organisation
Childrens & Educational Services,PENNINE CARE NHS TRUST,10/5/2015,"5,088.00",Third party payments - Public Sector,NHS Organisation
Childrens & Educational Services,PENNINE CARE NHS TRUST,10/5/2015,"4,717.00",Third party payments - Public Sector,NHS Organisation
Childrens & Educational Services,PENNINE CARE NHS TRUST,10/21/2015,"7,879.42",Third party payments - Public Sector,NHS Organisation
Childrens & Educational Services,PENNINE CARE NHS TRUST,10/21/2015,"14,100.00",Third party payments - Public Sector,NHS Organisation
Childrens & Educational Services,PENNINE CARE NHS TRUST,10/21/2015,"10,026.00",Third party payments - Public Sector,NHS Organisation
Childrens & Educational Services,PENNINE CARE NHS TRUST,10/21/2015,"2,500.00",Third party payments - Public Sector,NHS Organisation
Childrens & Educational Services,PENNINE CARE NHS TRUST,10/27/2015,"5,273.80",Third party payments - Public Sector,NHS Organisation
Cultural & Related Services,PENNINE SERVICES,10/29/2015,132,Furniture and Equipment,Equipment Rental
Cultural & Related Services,PENNINE SERVICES,10/29/2015,176,Furniture and Equipment,Equipment Rental
Cultural & Related Services,PENNINE SERVICES,10/29/2015,242,Furniture and Equipment,Equipment Rental
Adult Social Care,Pen-Y-Garth,10/5/2015,"2,038.88",Care Payments,Social Care Services
Adult Social Care,Pen-Y-Garth,10/5/2015,-505.2,Care Payments,Social Care Services
Childrens & Educational Services,PERFORMING RIGHT SOCIETY LTD,10/28/2015,"3,601.42",Fees and Charges,Professional / Trade Body
Capital Expenditure,PERSONA ASSOCIATES,10/20/2015,"2,888.00",Legal Fees,Legal Services
Capital Expenditure,PERSONA ASSOCIATES,10/20/2015,840,Legal Fees,Legal Services
Childrens & Educational Services,Peter Richards,10/2/2015,"3,762.00",Legal Fees,Health Services
Childrens & Educational Services,Peter Richards,10/2/2015,855,Legal Fees,Health Services
Childrens & Educational Services,Peter Richards,10/2/2015,181.68,Legal Fees,Health Services
Cultural & Related Services,PETERS BOOKSELLING SERVICES,10/23/2015,985.99,Library Equipment,Books / Magazines / Media
Cultural & Related Services,PETERS BOOKSELLING SERVICES,10/21/2015,"1,107.99",Library Equipment,Books / Magazines / Media
Cultural & Related Services,PETERS BOOKSELLING SERVICES,10/21/2015,205.39,Library Equipment,Books / Magazines / Media
Cultural & Related Services,PETERS BOOKSELLING SERVICES,10/21/2015,"1,034.23",Library Equipment,Books / Magazines / Media
Cultural & Related Services,PETERS BOOKSELLING SERVICES,10/21/2015,264.51,Library Equipment,Books / Magazines / Media
Cultural & Related Services,PETERS BOOKSELLING SERVICES,10/21/2015,491.28,Library Equipment,Books / Magazines / Media
Cultural & Related Services,PETERS BOOKSELLING SERVICES,10/21/2015,494.97,Library Equipment,Books / Magazines / Media
Cultural & Related Services,PETERS BOOKSELLING SERVICES,10/21/2015,982.78,Library Equipment,Books / Magazines / Media
Cultural & Related Services,PETERS BOOKSELLING SERVICES,10/21/2015,951.25,Library Equipment,Books / Magazines / Media
Cultural & Related Services,PETERS BOOKSELLING SERVICES,10/21/2015,195.64,Library Equipment,Books / Magazines / Media
Cultural & Related Services,PETERS BOOKSELLING SERVICES,10/21/2015,413.83,Library Equipment,Books / Magazines / Media
Cultural & Related Services,PETERS BOOKSELLING SERVICES,10/21/2015,10.1,Library Equipment,Books / Magazines / Media
Cultural & Related Services,PETERS BOOKSELLING SERVICES,10/21/2015,739.08,Library Equipment,Books / Magazines / Media
Cultural & Related Services,PETERS BOOKSELLING SERVICES,10/23/2015,329.87,Library Equipment,Books / Magazines / Media
Planning Services,PHOENIX SOFTWARE LTD,10/28/2015,285.8,Information and Communications Technology,Software Supplier
Planning Services,PHOENIX SOFTWARE LTD,10/28/2015,691.78,Information and Communications Technology,Software Supplier
Planning Services,PHOENIX SOFTWARE LTD,10/28/2015,"13,962.87",Information and Communications Technology,Software Supplier
Cultural & Related Services,PHS GROUP,10/23/2015,94.17,Cleaning,Cleaning Supplies
Cultural & Related Services,PHS GROUP,10/23/2015,27.04,Cleaning,Cleaning Supplies
Planning Services,PHS GROUP,10/23/2015,6.24,Cleaning,Cleaning Supplies
Adult Social Care,PHS GROUP,10/20/2015,18.72,Cleaning,Cleaning Supplies
Adult Social Care,PHS GROUP,10/23/2015,76.44,Cleaning,Cleaning Supplies
Adult Social Care,PHS GROUP,10/23/2015,3.12,Cleaning,Cleaning Supplies
Childrens & Educational Services,PHS GROUP,10/14/2015,9.36,Cleaning,Cleaning Supplies
Childrens & Educational Services,PHS GROUP,10/1/2015,6.24,Cleaning,Cleaning Supplies
Childrens & Educational Services,PHS GROUP,10/23/2015,25.74,Cleaning,Cleaning Supplies
Childrens & Educational Services,PHS GROUP,10/23/2015,32.11,Cleaning,Cleaning Supplies
Childrens & Educational Services,PHS GROUP,10/23/2015,13.52,Cleaning,Cleaning Supplies
Childrens & Educational Services,PHS GROUP,10/23/2015,2.6,Cleaning,Cleaning Supplies
Childrens & Educational Services,PHS GROUP,10/23/2015,9.36,Cleaning,Cleaning Supplies
Childrens & Educational Services,PHS GROUP,10/23/2015,25.74,Cleaning,Cleaning Supplies
Childrens & Educational Services,PHS GROUP,10/23/2015,45.04,Cleaning,Cleaning Supplies
Childrens & Educational Services,PHS GROUP,10/23/2015,13.2,Cleaning,Cleaning Supplies
Childrens & Educational Services,PHS GROUP,10/23/2015,6.24,Cleaning,Cleaning Supplies
Childrens & Educational Services,PHS GROUP,10/23/2015,465.81,Cleaning,Cleaning Supplies
Childrens & Educational Services,PHS GROUP,10/26/2015,20.67,Cleaning,Cleaning Supplies
Childrens & Educational Services,PHS GROUP,10/23/2015,6.24,Cleaning,Cleaning Supplies
Childrens & Educational Services,PHS GROUP,10/23/2015,560.43,Cleaning,Cleaning Supplies
Childrens & Educational Services,PHS GROUP,10/26/2015,24.96,Cleaning,Cleaning Supplies
Childrens & Educational Services,PHS GROUP,10/26/2015,33.42,Cleaning,Cleaning Supplies
Childrens & Educational Services,PHS GROUP,10/23/2015,120.73,Cleaning,Cleaning Supplies
Childrens & Educational Services,PHS GROUP,10/26/2015,411.73,Cleaning,Cleaning Supplies
Childrens & Educational Services,PHS GROUP,10/23/2015,9.36,Cleaning,Cleaning Supplies
Childrens & Educational Services,PHS GROUP,10/23/2015,40,Cleaning,Cleaning Supplies
Childrens & Educational Services,PHS GROUP,10/26/2015,58.77,Cleaning,Cleaning Supplies
Childrens & Educational Services,PHS GROUP,10/23/2015,1.42,Cleaning,Cleaning Supplies
Childrens & Educational Services,PHS GROUP,10/30/2015,40,Cleaning,Cleaning Supplies
Childrens & Educational Services,PHS GROUP,10/23/2015,15.6,Cleaning,Cleaning Supplies
Childrens & Educational Services,PHS GROUP,10/23/2015,9.36,Cleaning,Cleaning Supplies
Childrens & Educational Services,PHS GROUP,10/23/2015,106.56,Cleaning,Cleaning Supplies
Cultural & Related Services,PHS GROUP,10/23/2015,18.92,Cleaning,Cleaning Supplies
Cultural & Related Services,PHS GROUP,10/23/2015,3.12,Cleaning,Cleaning Supplies
Cultural & Related Services,PHS GROUP,10/23/2015,9.36,Cleaning,Cleaning Supplies
Cultural & Related Services,PHS GROUP,10/23/2015,137.45,Cleaning,Cleaning Supplies
Cultural & Related Services,PHS GROUP,10/23/2015,6.24,Cleaning,Cleaning Supplies
Cultural & Related Services,PHS GROUP,10/23/2015,3.12,Cleaning,Cleaning Supplies
Cultural & Related Services,PHS GROUP,10/23/2015,113.7,Cleaning,Cleaning Supplies
Cultural & Related Services,PHS GROUP,10/23/2015,12.09,Cleaning,Cleaning Supplies
Cultural & Related Services,PHS GROUP,10/23/2015,66.17,Cleaning,Cleaning Supplies
Cultural & Related Services,PHS GROUP,10/23/2015,35.1,Cleaning,Cleaning Supplies
Cultural & Related Services,PHS GROUP,10/23/2015,63.99,Cleaning,Cleaning Supplies
Cultural & Related Services,PHS GROUP,10/23/2015,74.7,Cleaning,Cleaning Supplies
Cultural & Related Services,PHS GROUP,10/23/2015,12.09,Cleaning,Cleaning Supplies
Cultural & Related Services,PHS GROUP,10/23/2015,12.09,Cleaning,Cleaning Supplies
Cultural & Related Services,PHS GROUP,10/23/2015,12.09,Cleaning,Cleaning Supplies
Cultural & Related Services,PHS GROUP,10/23/2015,6.24,Cleaning,Cleaning Supplies
Cultural & Related Services,PHS GROUP,10/23/2015,31.59,Cleaning,Cleaning Supplies
Cultural & Related Services,PHS GROUP,10/23/2015,12.09,Cleaning,Cleaning Supplies
Cultural & Related Services,PHS GROUP,10/23/2015,89.49,Cleaning,Cleaning Supplies
Cultural & Related Services,PHS GROUP,10/23/2015,34.71,Cleaning,Cleaning Supplies
Cultural & Related Services,PHS GROUP,10/23/2015,97.57,Cleaning,Cleaning Supplies
Cultural & Related Services,PHS GROUP,10/23/2015,12.09,Cleaning,Cleaning Supplies
Cultural & Related Services,PHS GROUP,10/23/2015,18.92,Cleaning,Cleaning Supplies
Cultural & Related Services,PHS GROUP,10/23/2015,12.48,Cleaning,Cleaning Supplies
Cultural & Related Services,PHS GROUP,10/23/2015,68.9,Cleaning,Cleaning Supplies
Cultural & Related Services,PHS GROUP,10/23/2015,35.1,Cleaning,Cleaning Supplies
Cultural & Related Services,PHS GROUP,10/23/2015,180.7,Cleaning,Cleaning Supplies
Cultural & Related Services,PHS GROUP,10/23/2015,31.59,Cleaning,Cleaning Supplies
Cultural & Related Services,PHS GROUP,10/23/2015,17.04,Cleaning,Cleaning Supplies
Cultural & Related Services,PHS GROUP,10/23/2015,77.74,Cleaning,Cleaning Supplies
Cultural & Related Services,PHS GROUP,10/23/2015,3.12,Cleaning,Cleaning Supplies
Cultural & Related Services,PHS GROUP,10/23/2015,140.4,Cleaning,Cleaning Supplies
Cultural & Related Services,PHS GROUP,10/23/2015,218.52,Cleaning,Cleaning Supplies
Environmental & Regulatory Services,PHS GROUP,10/27/2015,"1,463.00",Cleaning,Cleaning Supplies
Planning Services,PHS GROUP,10/23/2015,498.87,Cleaning,Cleaning Supplies
Planning Services,PHS GROUP,10/21/2015,226.35,Cleaning,Cleaning Supplies
Adult Social Care,PHS GROUP,10/23/2015,15.8,Furniture and Equipment,Cleaning Supplies
Adult Social Care,PHS GROUP,10/23/2015,102.22,Furniture and Equipment,Cleaning Supplies
Adult Social Care,PHS GROUP,10/23/2015,15.8,Furniture and Equipment,Cleaning Supplies
Adult Social Care,PHS GROUP,10/23/2015,8.97,Furniture and Equipment,Cleaning Supplies
Adult Social Care,PHS GROUP,10/23/2015,81.12,Furniture and Equipment,Cleaning Supplies
Adult Social Care,PHS GROUP,10/23/2015,11.7,Furniture and Equipment,Cleaning Supplies
Central Services to the public,PHS GROUP,10/23/2015,35.3,Furniture and Equipment,Cleaning Supplies
Cultural & Related Services,PHS GROUP,10/23/2015,13.52,Furniture and Equipment,Cleaning Supplies
Cultural & Related Services,PHS GROUP,10/23/2015,9.36,Furniture and Equipment,Cleaning Supplies
Cultural & Related Services,PHS GROUP,10/23/2015,191.88,Furniture and Equipment,Cleaning Supplies
Highways & Transport Services,PHS GROUP,10/23/2015,36.42,Furniture and Equipment,Cleaning Supplies
Highways & Transport Services,PHS GROUP,10/23/2015,18.21,Furniture and Equipment,Cleaning Supplies
Childrens & Educational Services,PHS GROUP,10/23/2015,49.34,Repairs and Maintenance,Cleaning Supplies
Childrens & Educational Services,PHS GROUP,10/23/2015,2.08,Staff Training,Cleaning Supplies
Environmental & Regulatory Services,PHS GROUP,10/23/2015,331.72,Supplies and services,Cleaning Supplies
Cultural & Related Services,PHS GROUP,10/23/2015,4.16,Waste Management,Cleaning Supplies
Planning Services,Pinacl Solutions UK Limited,10/1/2015,614,Furniture and Equipment,Communications and Technology
Adult Social Care,PLANE TREE COURT,10/5/2015,"4,800.00",Care Payments,Social Care Services
Adult Social Care,PLANE TREE COURT,10/5/2015,"3,428.00",Care Payments,Social Care Services
Adult Social Care,PLANE TREE COURT,10/5/2015,"2,192.00",Care Payments,Social Care Services
Adult Social Care,PLANE TREE COURT,10/5/2015,"3,720.00",Care Payments,Social Care Services
Adult Social Care,PLANE TREE COURT,10/5/2015,"-1,087.08",Care Payments,Social Care Services
Adult Social Care,PLANE TREE COURT,10/5/2015,-489.2,Care Payments,Social Care Services
Adult Social Care,PLANE TREE COURT,10/5/2015,"3,680.00",Care Payments,Social Care Services
Adult Social Care,PLANE TREE COURT,10/5/2015,896,Care Payments,Social Care Services
Adult Social Care,PLANE TREE COURT,10/5/2015,"1,860.00",Care Payments,Social Care Services
Adult Social Care,PLANE TREE COURT,10/5/2015,-471.12,Care Payments,Social Care Services
Adult Social Care,PLANE TREE COURT,10/5/2015,-401.8,Care Payments,Social Care Services
Adult Social Care,PLANE TREE COURT,10/5/2015,"11,300.00",Care Payments,Social Care Services
Adult Social Care,PLANE TREE COURT,10/5/2015,"5,376.00",Care Payments,Social Care Services
Adult Social Care,PLANE TREE COURT,10/5/2015,"20,925.00",Care Payments,Social Care Services
Adult Social Care,PLANE TREE COURT,10/5/2015,"-3,691.92",Care Payments,Social Care Services
Adult Social Care,PLANE TREE COURT,10/5/2015,"-3,844.64",Care Payments,Social Care Services
Adult Social Care,PLANE TREE COURT,10/5/2015,"1,840.00",Care Payments,Social Care Services
Adult Social Care,PLANE TREE COURT,10/5/2015,448,Care Payments,Social Care Services
Adult Social Care,PLANE TREE COURT,10/5/2015,"1,860.00",Care Payments,Social Care Services
Adult Social Care,PLANE TREE COURT,10/5/2015,-823.68,Care Payments,Social Care Services
Adult Social Care,PLANE TREE COURT,10/5/2015,-971.08,Care Payments,Social Care Services
Adult Social Care,PLANE TREE COURT,10/26/2015,"4,140.00",Care Payments,Social Care Services
Adult Social Care,PLANE TREE COURT,10/26/2015,"3,454.28",Care Payments,Social Care Services
Cultural & Related Services,PMP (Planned Maintenance Pennine) L,10/22/2015,"1,600.00",Clothing Uniforms and Laundry,Property Repairs and Maintenance
Cultural & Related Services,PMP (Planned Maintenance Pennine) L,10/22/2015,"1,600.00",Clothing Uniforms and Laundry,Property Repairs and Maintenance
Cultural & Related Services,PMP (Planned Maintenance Pennine) L,10/22/2015,"-1,600.00",Clothing Uniforms and Laundry,Property Repairs and Maintenance
Adult Social Care,POLEBANK HALL RESIDENTIAL CARE HOME,10/5/2015,"1,840.00",Care Payments,Social Care Services
Adult Social Care,POLEBANK HALL RESIDENTIAL CARE HOME,10/5/2015,"-1,454.16",Care Payments,Social Care Services
Adult Social Care,POLEBANK HALL RESIDENTIAL CARE HOME,10/5/2015,"6,440.00",Care Payments,Social Care Services
Adult Social Care,POLEBANK HALL RESIDENTIAL CARE HOME,10/5/2015,"10,601.14",Care Payments,Social Care Services
Adult Social Care,POLEBANK HALL RESIDENTIAL CARE HOME,10/5/2015,"-2,101.10",Care Payments,Social Care Services
Adult Social Care,POLEBANK HALL RESIDENTIAL CARE HOME,10/26/2015,"3,614.28",Care Payments,Social Care Services
Adult Social Care,POLEBANK HALL RESIDENTIAL CARE HOME,10/26/2015,446,Care Payments,Social Care Services
Adult Social Care,POLEBANK HALL RESIDENTIAL CARE HOME,10/26/2015,985.71,Care Payments,Social Care Services
Adult Social Care,POLONIA RESIDENTIAL HOME,10/5/2015,"1,593.40",Care Payments,Social Care Services
Adult Social Care,POLONIA RESIDENTIAL HOME,10/5/2015,-495.72,Care Payments,Social Care Services
Adult Social Care,POTENSIAL LTD,10/5/2015,"1,290.00",Care Payments,Social Care Services
Adult Social Care,POTENSIAL LTD,10/5/2015,"6,054.00",Care Payments,Social Care Services
Adult Social Care,POTENSIAL LTD,10/26/2015,"19,525.71",Care Payments,Social Care Services
Adult Social Care,POTENSIAL LTD,10/26/2015,"3,064.00",Care Payments,Social Care Services
Adult Social Care,PPL,10/28/2015,75.4,Fees and Charges,Professional / Trade Body
Adult Social Care,PPL,10/28/2015,92.8,Fees and Charges,Professional / Trade Body
Adult Social Care,PPL,10/28/2015,200.1,Fees and Charges,Professional / Trade Body
Adult Social Care,PPL,10/28/2015,130.5,Fees and Charges,Professional / Trade Body
Cultural & Related Services,PPL,10/28/2015,398.75,Fees and Charges,Professional / Trade Body
Cultural & Related Services,PPL,10/28/2015,204.45,Fees and Charges,Professional / Trade Body
Cultural & Related Services,PR ENGLAND & SONS LTD,10/21/2015,584,Fees and Charges,Landscape / Gardening
Cultural & Related Services,PR ENGLAND & SONS LTD,10/21/2015,410,Fixtures and Fittings,Landscape / Gardening
Cultural & Related Services,PR ENGLAND & SONS LTD,10/21/2015,280,Fixtures and Fittings,Landscape / Gardening
Cultural & Related Services,PR ENGLAND & SONS LTD,10/21/2015,205,Fixtures and Fittings,Landscape / Gardening
Adult Social Care,PREMIER CARE MARK BATES LTD,10/12/2015,90,Care Payments,Social Care Services
Adult Social Care,PREMIER CARE MARK BATES LTD,10/9/2015,90,Care Payments,Social Care Services
Adult Social Care,PREMIER CARE MARK BATES LTD,10/1/2015,90,Care Payments,Social Care Services
Adult Social Care,PREMIER CARE MARK BATES LTD,10/9/2015,90,Care Payments,Social Care Services
Adult Social Care,PREMIER CARE MARK BATES LTD,10/26/2015,90,Care Payments,Social Care Services
Adult Social Care,PREMIER CARE MARK BATES LTD,10/27/2015,90,Care Payments,Social Care Services
Adult Social Care,PREMIER CARE MARK BATES LTD,10/30/2015,90,Care Payments,Social Care Services
Adult Social Care,PREMIER CARE MARK BATES LTD,10/30/2015,90,Care Payments,Social Care Services
Adult Social Care,PREMIER CARE MARK BATES LTD,10/30/2015,90,Care Payments,Social Care Services
Adult Social Care,PREMIER CARE MARK BATES LTD,10/30/2015,90,Care Payments,Social Care Services
Adult Social Care,PREMIER CARE MARK BATES LTD,10/20/2015,90,Care Payments,Social Care Services
Childrens & Educational Services,PREMIER CARE MARK BATES LTD,10/9/2015,90,Insurance,Social Care Services
Childrens & Educational Services,PREMIER CARE MARK BATES LTD,10/30/2015,90,Insurance,Social Care Services
Adult Social Care,PREMIUM CARE LTD,10/5/2015,"1,783.68",Care Payments,Social Care Services
Capital Expenditure,PRESTIGE PROTEC SYSTEMS LTD,10/7/2015,748.07,Capital Expenditure - Works,Security / Safety
Central Support Costs,PRICE LIMITED,10/29/2015,"2,700.00",Fees and Charges,Training Provision
Central Support Costs,PRICE LIMITED,10/30/2015,"2,700.00",Fees and Charges,Training Provision
Central Support Costs,PRICE LIMITED,10/29/2015,"-2,700.00",Fees and Charges,Training Provision
Central Support Costs,PRICE WATERHOUSE COOPERS LLP,10/23/2015,"29,422.00",Agency Staff,Finance / Accountancy Services
Adult Social Care,Prime Support Service Ltd,10/9/2015,"1,115.10",Care Payments,Social Care Services
Adult Social Care,Prime Support Service Ltd,10/14/2015,50.4,Care Payments,Social Care Services
Adult Social Care,Prime Support Service Ltd,10/14/2015,853.65,Care Payments,Social Care Services
Adult Social Care,Prime Support Service Ltd,10/14/2015,144.9,Care Payments,Social Care Services
Adult Social Care,Prime Support Service Ltd,10/14/2015,774.9,Care Payments,Social Care Services
Adult Social Care,Prime Support Service Ltd,10/14/2015,185.85,Care Payments,Social Care Services
Adult Social Care,Prime Support Service Ltd,10/14/2015,50.4,Care Payments,Social Care Services
Adult Social Care,Prime Support Service Ltd,10/14/2015,979.65,Care Payments,Social Care Services
Adult Social Care,Prime Support Service Ltd,10/14/2015,12.6,Care Payments,Social Care Services
Adult Social Care,Prime Support Service Ltd,10/14/2015,693,Care Payments,Social Care Services
Adult Social Care,Prime Support Service Ltd,10/14/2015,185.85,Care Payments,Social Care Services
Adult Social Care,Prime Support Service Ltd,10/28/2015,50.4,Care Payments,Social Care Services
Adult Social Care,Prime Support Service Ltd,10/28/2015,938.7,Care Payments,Social Care Services
Adult Social Care,Prime Support Service Ltd,10/28/2015,126,Care Payments,Social Care Services
Adult Social Care,Prime Support Service Ltd,10/28/2015,746.55,Care Payments,Social Care Services
Adult Social Care,Prime Support Service Ltd,10/28/2015,179.55,Care Payments,Social Care Services
Adult Social Care,Prime Support Service Ltd,10/28/2015,50.4,Care Payments,Social Care Services
Adult Social Care,Prime Support Service Ltd,10/28/2015,967.05,Care Payments,Social Care Services
Adult Social Care,Prime Support Service Ltd,10/28/2015,211.05,Care Payments,Social Care Services
Adult Social Care,Prime Support Service Ltd,10/28/2015,803.25,Care Payments,Social Care Services
Adult Social Care,Prime Support Service Ltd,10/28/2015,179.55,Care Payments,Social Care Services
Capital Expenditure,Priority Law Ltd,10/13/2015,"440,100.00",Capital Expenditure - Acquisitions,Legal Services
Adult Social Care,Prolife Healthcare Services,10/5/2015,573.3,Care Payments,Social Care Services
Adult Social Care,Prolife Healthcare Services,10/5/2015,"1,083.60",Care Payments,Social Care Services
Adult Social Care,Prolife Healthcare Services,10/5/2015,"1,930.95",Care Payments,Social Care Services
Adult Social Care,Prolife Healthcare Services,10/5/2015,573.3,Care Payments,Social Care Services
Adult Social Care,Prolife Healthcare Services,10/5/2015,"1,927.80",Care Payments,Social Care Services
Adult Social Care,Prolife Healthcare Services,10/5/2015,"1,930.95",Care Payments,Social Care Services
Adult Social Care,Prolife Healthcare Services,10/14/2015,573.3,Care Payments,Social Care Services
Adult Social Care,Prolife Healthcare Services,10/14/2015,"1,234.80",Care Payments,Social Care Services
Adult Social Care,Prolife Healthcare Services,10/14/2015,"1,930.95",Care Payments,Social Care Services
Adult Social Care,Prolife Healthcare Services,10/14/2015,573.3,Care Payments,Social Care Services
Adult Social Care,Prolife Healthcare Services,10/14/2015,"1,102.50",Care Payments,Social Care Services
Adult Social Care,Prolife Healthcare Services,10/14/2015,"2,110.50",Care Payments,Social Care Services
Adult Social Care,Prolife Healthcare Services,10/28/2015,573.3,Care Payments,Social Care Services
Adult Social Care,Prolife Healthcare Services,10/28/2015,567,Care Payments,Social Care Services
Adult Social Care,Prolife Healthcare Services,10/28/2015,"1,858.50",Care Payments,Social Care Services
Adult Social Care,Prolife Healthcare Services,10/28/2015,573.3,Care Payments,Social Care Services
Adult Social Care,Prolife Healthcare Services,10/28/2015,491.4,Care Payments,Social Care Services
Adult Social Care,Prolife Healthcare Services,10/28/2015,"1,767.15",Care Payments,Social Care Services
Childrens & Educational Services,PRONTAPRINT,10/30/2015,"3,743.00",Printing and Photocopying,Printing Services
Central Support Costs,PRONTAPRINT,10/28/2015,313.16,Publicity and Promotion,Printing Services
Central Support Costs,PRONTAPRINT,10/28/2015,243.86,Publicity and Promotion,Printing Services
Central Support Costs,PRONTAPRINT,10/28/2015,232.43,Publicity and Promotion,Printing Services
Central Support Costs,PRONTAPRINT,10/28/2015,"1,724.29",Publicity and Promotion,Printing Services
Capital Expenditure,PTS-PLUMBING TRADE SUPPLIES,10/14/2015,"2,007.02",Capital Expenditure - Works,Building Supplies
Capital Expenditure,PTS-PLUMBING TRADE SUPPLIES,10/14/2015,"3,140.70",Capital Expenditure - Works,Building Supplies
Capital Expenditure,PTS-PLUMBING TRADE SUPPLIES,10/30/2015,"2,826.91",Capital Expenditure - Works,Building Supplies
Capital Expenditure,PTS-PLUMBING TRADE SUPPLIES,10/27/2015,"8,534.37",Capital Expenditure - Works,Building Supplies
Corporate & Democratic Core,PUBLIC-I,10/21/2015,"11,496.00",Office Expenses,Digital / Media Services
Adult Social Care,PURE INNOVATIONS LTD,10/7/2015,880,Care Payments,Disability Support
Adult Social Care,PURE INNOVATIONS LTD,10/7/2015,"117,157.50",Care Payments,Disability Support
Adult Social Care,PURE INNOVATIONS LTD,10/7/2015,"1,008.00",Care Payments,Disability Support
Adult Social Care,PURE INNOVATIONS LTD,10/7/2015,"2,374.00",Care Payments,Disability Support
Adult Social Care,PURE INNOVATIONS LTD,10/7/2015,"1,884.00",Care Payments,Disability Support
Cultural & Related Services,PURE INNOVATIONS LTD,10/30/2015,270.33,Catering Supplies,Disability Support
Cultural & Related Services,PURE INNOVATIONS LTD,10/30/2015,-270.33,Catering Supplies,Disability Support
Cultural & Related Services,PURE INNOVATIONS LTD,10/30/2015,362.83,Catering Supplies,Disability Support
Cultural & Related Services,PURE INNOVATIONS LTD,10/30/2015,92.5,Office Expenses,Disability Support
Cultural & Related Services,PURE INNOVATIONS LTD,10/30/2015,-92.5,Office Expenses,Disability Support
Planning Services,PURE INNOVATIONS LTD,10/21/2015,"2,402.50",Publicity and Promotion,Disability Support
Childrens & Educational Services,PURE INNOVATIONS LTD,10/29/2015,956.8,Publicity and Promotion,Disability Support
Childrens & Educational Services,Pure Insight,10/23/2015,525,Expenses and Allowances,Welfare Services
Adult Social Care,Pyramid8 Limited,10/5/2015,"2,201.52",Agency Staff,Recruitment / Staffing
Adult Social Care,Pyramid8 Limited,10/27/2015,"2,751.90",Agency Staff,Recruitment / Staffing
Adult Social Care,Pyramid8 Limited,10/26/2015,"1,499.52",Agency Staff,Recruitment / Staffing
Adult Social Care,Pyramid8 Limited,10/26/2015,"2,999.04",Agency Staff,Recruitment / Staffing
Adult Social Care,Pyramid8 Limited,10/26/2015,"1,124.64",Agency Staff,Recruitment / Staffing
Central Support Costs,QA LIMITED,10/22/2015,"2,855.00",Fees and Charges,Training Provision
Central Support Costs,QA LIMITED,10/22/2015,"1,234.00",Fees and Charges,Training Provision
Central Support Costs,QA LIMITED,10/22/2015,"-2,855.00",Fees and Charges,Training Provision
Central Support Costs,QA LIMITED,10/22/2015,"-1,234.00",Fees and Charges,Training Provision
Central Support Costs,QA LIMITED,10/22/2015,"4,089.00",Fees and Charges,Training Provision
Central Support Costs,QA LIMITED,10/21/2015,441,Staff Training,Training Provision
Central Support Costs,QA LIMITED,10/21/2015,"1,235.25",Staff Training,Training Provision
Central Support Costs,QA LIMITED,10/21/2015,"1,873.00",Staff Training,Training Provision
Central Support Costs,QA LIMITED,10/21/2015,"1,228.00",Staff Training,Training Provision
Central Support Costs,QA LIMITED,10/21/2015,"1,281.80",Staff Training,Training Provision
Planning Services,QA LIMITED,10/21/2015,"1,346.00",Staff Training,Training Provision
Planning Services,QA LIMITED,10/21/2015,"1,346.00",Staff Training,Training Provision
Planning Services,QA LIMITED,10/21/2015,"2,074.00",Staff Training,Training Provision
Planning Services,QA LIMITED,10/21/2015,"-1,346.00",Staff Training,Training Provision
Planning Services,QA LIMITED,10/21/2015,"1,691.00",Staff Training,Training Provision
Planning Services,QA LIMITED,10/16/2015,"1,346.00",Staff Training,Training Provision
Childrens & Educational Services,QUALITY 4 EARLY YEARS,10/26/2015,375,Fees and Charges,Training Provision
Childrens & Educational Services,QUALITY 4 EARLY YEARS,10/28/2015,460,Fees and Charges,Training Provision
Childrens & Educational Services,QUALITY 4 EARLY YEARS,10/28/2015,610,Fees and Charges,Training Provision
Adult Social Care,QUALITY CARE OF CHEADLE,10/7/2015,100.8,Care Payments,Social Care Services
Adult Social Care,QUALITY CARE OF CHEADLE,10/14/2015,"1,927.80",Care Payments,Social Care Services
Adult Social Care,QUALITY CARE OF CHEADLE,10/14/2015,"4,756.50",Care Payments,Social Care Services
Adult Social Care,QUALITY CARE OF CHEADLE,10/14/2015,"2,214.45",Care Payments,Social Care Services
Adult Social Care,QUALITY CARE OF CHEADLE,10/14/2015,"4,554.90",Care Payments,Social Care Services
Adult Social Care,QUALITY CARE OF CHEADLE,10/28/2015,"2,113.65",Care Payments,Social Care Services
Adult Social Care,QUALITY CARE OF CHEADLE,10/28/2015,"4,482.45",Care Payments,Social Care Services
Adult Social Care,QUALITY CARE OF CHEADLE,10/28/2015,"2,088.45",Care Payments,Social Care Services
Adult Social Care,QUALITY CARE OF CHEADLE,10/28/2015,"4,435.20",Care Payments,Social Care Services
Childrens & Educational Services,QUALITY PROTECTS CHILDREN LTD,10/7/2015,"20,325.00",Care Payments,Childcare Provision
Capital Expenditure,QUARTZELEC LTD,10/1/2015,"115,937.00",Capital Expenditure - Works,Construction / Building Services
Capital Expenditure,QUARTZELEC LTD,10/1/2015,"-115,937.00",Capital Expenditure - Works,Construction / Building Services
Capital Expenditure,QUARTZELEC LTD,10/29/2015,"21,435.00",Capital Expenditure - Works,Construction / Building Services
Adult Social Care,QUEST 88 LTD,10/1/2015,770,Furniture and Equipment,Mobility Equipment / Supplies
Childrens & Educational Services,QUEST 88 LTD,10/9/2015,785,Furniture and Equipment,Mobility Equipment / Supplies
Capital Expenditure,RACKLINE LTD,10/15/2015,"18,640.00",Capital Expenditure - Works,Equipment Supplies
Childrens & Educational Services,RANDSTAD EDUCATION LTD,10/15/2015,72,Publicity and Promotion,Training Provision
Childrens & Educational Services,RANDSTAD EDUCATION LTD,10/15/2015,360,Publicity and Promotion,Training Provision
Childrens & Educational Services,RANDSTAD EDUCATION LTD,10/15/2015,72,Publicity and Promotion,Training Provision
Childrens & Educational Services,RANDSTAD EDUCATION LTD,10/15/2015,373.7,Publicity and Promotion,Training Provision
Childrens & Educational Services,RANDSTAD EDUCATION LTD,10/15/2015,373.7,Publicity and Promotion,Training Provision
Childrens & Educational Services,RANDSTAD EDUCATION LTD,10/15/2015,144,Publicity and Promotion,Training Provision
Childrens & Educational Services,RANDSTAD EDUCATION LTD,10/15/2015,216,Publicity and Promotion,Training Provision
Childrens & Educational Services,Raphael Healthcare Limited,10/9/2015,"15,675.00",Care Payments,Social Care Services
Childrens & Educational Services,Raye of Sunshine,10/29/2015,544,Care Payments,Social Care Services
Planning Services,RED ROSE PACKAGING LIMITED,10/6/2015,"10,000.00",Third party payments - Private/Voluntary Sector,Manufacturer
Capital Expenditure,Redacted  Personal Data,10/7/2015,138.3,Capital Expenditure - Compensation,Client/Customer (Non-Trade)
Capital Expenditure,Redacted  Personal Data,10/7/2015,229.24,Capital Expenditure - Compensation,Client/Customer (Non-Trade)
Capital Expenditure,Redacted  Personal Data,10/7/2015,617.77,Capital Expenditure - Compensation,Client/Customer (Non-Trade)
Capital Expenditure,Redacted  Personal Data,10/8/2015,"3,750.00",Capital Expenditure - Compensation,Client/Customer (Non-Trade)
Capital Expenditure,Redacted  Personal Data,10/16/2015,"5,402.05",Capital Expenditure - Compensation,Client/Customer (Non-Trade)
Capital Expenditure,Redacted  Personal Data,10/27/2015,500,Capital Expenditure - Compensation,Client/Customer (Non-Trade)
Capital Expenditure,Redacted  Personal Data,10/21/2015,829,Capital Expenditure - Compensation,Client/Customer (Non-Trade)
Capital Expenditure,Redacted  Personal Data,10/26/2015,-127,Capital Expenditure - Works,Client/Customer (Non-Trade)
Capital Expenditure,Redacted  Personal Data,10/26/2015,-110,Capital Expenditure - Works,Client/Customer (Non-Trade)
Capital Expenditure,Redacted  Personal Data,10/26/2015,-50,Capital Expenditure - Works,Client/Customer (Non-Trade)
Capital Expenditure,Redacted  Personal Data,10/26/2015,-110,Capital Expenditure - Works,Client/Customer (Non-Trade)
Capital Expenditure,Redacted  Personal Data,10/26/2015,-110,Capital Expenditure - Works,Client/Customer (Non-Trade)
Capital Expenditure,Redacted  Personal Data,10/27/2015,-99,Capital Expenditure - Works,Client/Customer (Non-Trade)
Capital Expenditure,Redacted  Personal Data,10/8/2015,127,Capital Expenditure - Works,Client/Customer (Non-Trade)
Capital Expenditure,Redacted  Personal Data,10/8/2015,110,Capital Expenditure - Works,Client/Customer (Non-Trade)
Capital Expenditure,Redacted  Personal Data,10/8/2015,143,Capital Expenditure - Works,Client/Customer (Non-Trade)
Capital Expenditure,Redacted  Personal Data,10/21/2015,30,Capital Expenditure - Works,Client/Customer (Non-Trade)
Capital Expenditure,Redacted  Personal Data,10/21/2015,182,Capital Expenditure - Works,Client/Customer (Non-Trade)
Capital Expenditure,Redacted  Personal Data,10/22/2015,160,Capital Expenditure - Works,Client/Customer (Non-Trade)
Capital Expenditure,Redacted  Personal Data,10/22/2015,143,Capital Expenditure - Works,Client/Customer (Non-Trade)
Capital Expenditure,Redacted  Personal Data,10/22/2015,160,Capital Expenditure - Works,Client/Customer (Non-Trade)
Capital Expenditure,Redacted  Personal Data,10/22/2015,160,Capital Expenditure - Works,Client/Customer (Non-Trade)
Capital Expenditure,Redacted  Personal Data,10/22/2015,110,Capital Expenditure - Works,Client/Customer (Non-Trade)
Capital Expenditure,Redacted  Personal Data,10/22/2015,160,Capital Expenditure - Works,Client/Customer (Non-Trade)
Capital Expenditure,Redacted  Personal Data,10/22/2015,110,Capital Expenditure - Works,Client/Customer (Non-Trade)
Capital Expenditure,Redacted  Personal Data,10/27/2015,160,Capital Expenditure - Works,Client/Customer (Non-Trade)
Capital Expenditure,Redacted  Personal Data,10/28/2015,160,Capital Expenditure - Works,Client/Customer (Non-Trade)
Capital Expenditure,Redacted  Personal Data,10/28/2015,160,Capital Expenditure - Works,Client/Customer (Non-Trade)
Capital Expenditure,Redacted  Personal Data,10/28/2015,127,Capital Expenditure - Works,Client/Customer (Non-Trade)
Capital Expenditure,Redacted  Personal Data,10/28/2015,160,Capital Expenditure - Works,Client/Customer (Non-Trade)
Adult Social Care,Redacted  Personal Data,10/7/2015,439.14,Care Payments,Client/Customer (Non-Trade)
Adult Social Care,Redacted  Personal Data,10/13/2015,104.89,Care Payments,Client/Customer (Non-Trade)
Adult Social Care,Redacted  Personal Data,10/23/2015,100,Care Payments,Client/Customer (Non-Trade)
Adult Social Care,Redacted  Personal Data,10/15/2015,"3,262.00",Care Payments,Client/Customer (Non-Trade)
Adult Social Care,Redacted  Personal Data,10/15/2015,-182.88,Care Payments,Client/Customer (Non-Trade)
Adult Social Care,Redacted  Personal Data,10/15/2015,371.84,Care Payments,Client/Customer (Non-Trade)
Adult Social Care,Redacted  Personal Data,10/15/2015,-252.32,Care Payments,Client/Customer (Non-Trade)
Adult Social Care,Redacted  Personal Data,10/15/2015,621.4,Care Payments,Client/Customer (Non-Trade)
Adult Social Care,Redacted  Personal Data,10/22/2015,92.96,Care Payments,Client/Customer (Non-Trade)
Adult Social Care,Redacted  Personal Data,10/15/2015,"6,961.08",Care Payments,Client/Customer (Non-Trade)
Adult Social Care,Redacted  Personal Data,10/15/2015,"1,053.80",Care Payments,Client/Customer (Non-Trade)
Adult Social Care,Redacted  Personal Data,10/15/2015,-8.08,Care Payments,Client/Customer (Non-Trade)
Adult Social Care,Redacted  Personal Data,10/15/2015,"2,389.40",Care Payments,Client/Customer (Non-Trade)
Adult Social Care,Redacted  Personal Data,10/15/2015,"5,737.52",Care Payments,Client/Customer (Non-Trade)
Adult Social Care,Redacted  Personal Data,10/15/2015,-831.48,Care Payments,Client/Customer (Non-Trade)
Adult Social Care,Redacted  Personal Data,10/15/2015,"4,332.00",Care Payments,Client/Customer (Non-Trade)
Adult Social Care,Redacted  Personal Data,10/15/2015,"1,373.60",Care Payments,Client/Customer (Non-Trade)
Adult Social Care,Redacted  Personal Data,10/15/2015,-189.12,Care Payments,Client/Customer (Non-Trade)
Adult Social Care,Redacted  Personal Data,10/15/2015,720,Care Payments,Client/Customer (Non-Trade)
Adult Social Care,Redacted  Personal Data,10/15/2015,600,Care Payments,Client/Customer (Non-Trade)
Adult Social Care,Redacted  Personal Data,10/15/2015,"2,780.00",Care Payments,Client/Customer (Non-Trade)
Adult Social Care,Redacted  Personal Data,10/15/2015,"2,453.60",Care Payments,Client/Customer (Non-Trade)
Adult Social Care,Redacted  Personal Data,10/15/2015,-59.04,Care Payments,Client/Customer (Non-Trade)
Adult Social Care,Redacted  Personal Data,10/22/2015,520.92,Care Payments,Client/Customer (Non-Trade)
Adult Social Care,Redacted  Personal Data,10/15/2015,720,Care Payments,Client/Customer (Non-Trade)
Adult Social Care,Redacted  Personal Data,10/15/2015,"2,240.00",Care Payments,Client/Customer (Non-Trade)
Adult Social Care,Redacted  Personal Data,10/15/2015,"-1,084.00",Care Payments,Client/Customer (Non-Trade)
Adult Social Care,Redacted  Personal Data,10/15/2015,853.44,Care Payments,Client/Customer (Non-Trade)
Adult Social Care,Redacted  Personal Data,10/15/2015,-17.68,Care Payments,Client/Customer (Non-Trade)
Adult Social Care,Redacted  Personal Data,10/15/2015,"6,417.60",Care Payments,Client/Customer (Non-Trade)
Adult Social Care,Redacted  Personal Data,10/15/2015,"1,843.80",Care Payments,Client/Customer (Non-Trade)
Adult Social Care,Redacted  Personal Data,10/15/2015,704,Care Payments,Client/Customer (Non-Trade)
Adult Social Care,Redacted  Personal Data,10/15/2015,891.84,Care Payments,Client/Customer (Non-Trade)
Adult Social Care,Redacted  Personal Data,10/15/2015,"3,052.68",Care Payments,Client/Customer (Non-Trade)
Adult Social Care,Redacted  Personal Data,10/15/2015,-968.4,Care Payments,Client/Customer (Non-Trade)
Adult Social Care,Redacted  Personal Data,10/15/2015,672,Care Payments,Client/Customer (Non-Trade)
Adult Social Care,Redacted  Personal Data,10/15/2015,"1,120.00",Care Payments,Client/Customer (Non-Trade)
Adult Social Care,Redacted  Personal Data,10/15/2015,"1,284.00",Care Payments,Client/Customer (Non-Trade)
Adult Social Care,Redacted  Personal Data,10/15/2015,"1,411.20",Care Payments,Client/Customer (Non-Trade)
Adult Social Care,Redacted  Personal Data,10/15/2015,"1,680.00",Care Payments,Client/Customer (Non-Trade)
Adult Social Care,Redacted  Personal Data,10/15/2015,-20.84,Care Payments,Client/Customer (Non-Trade)
Adult Social Care,Redacted  Personal Data,10/15/2015,"1,648.48",Care Payments,Client/Customer (Non-Trade)
Adult Social Care,Redacted  Personal Data,10/15/2015,-60.84,Care Payments,Client/Customer (Non-Trade)
Adult Social Care,Redacted  Personal Data,10/15/2015,"1,168.00",Care Payments,Client/Customer (Non-Trade)
Adult Social Care,Redacted  Personal Data,10/15/2015,"2,701.20",Care Payments,Client/Customer (Non-Trade)
Adult Social Care,Redacted  Personal Data,10/15/2015,"2,076.64",Care Payments,Client/Customer (Non-Trade)
Adult Social Care,Redacted  Personal Data,10/15/2015,"2,163.20",Care Payments,Client/Customer (Non-Trade)
Adult Social Care,Redacted  Personal Data,10/15/2015,840,Care Payments,Client/Customer (Non-Trade)
Adult Social Care,Redacted  Personal Data,10/14/2015,"1,489.40",Care Payments,Client/Customer (Non-Trade)
Adult Social Care,Redacted  Personal Data,10/15/2015,"1,686.12",Care Payments,Client/Customer (Non-Trade)
Adult Social Care,Redacted  Personal Data,10/15/2015,-87.84,Care Payments,Client/Customer (Non-Trade)
Adult Social Care,Redacted  Personal Data,10/15/2015,859.6,Care Payments,Client/Customer (Non-Trade)
Adult Social Care,Redacted  Personal Data,10/15/2015,"15,273.92",Care Payments,Client/Customer (Non-Trade)
Adult Social Care,Redacted  Personal Data,10/15/2015,"2,602.32",Care Payments,Client/Customer (Non-Trade)
Adult Social Care,Redacted  Personal Data,10/15/2015,-117.32,Care Payments,Client/Customer (Non-Trade)
Adult Social Care,Redacted  Personal Data,10/15/2015,"1,600.00",Care Payments,Client/Customer (Non-Trade)
Adult Social Care,Redacted  Personal Data,10/15/2015,"3,654.68",Care Payments,Client/Customer (Non-Trade)
Adult Social Care,Redacted  Personal Data,10/15/2015,814,Care Payments,Client/Customer (Non-Trade)
Adult Social Care,Redacted  Personal Data,10/15/2015,"2,758.32",Care Payments,Client/Customer (Non-Trade)
Adult Social Care,Redacted  Personal Data,10/15/2015,"2,124.80",Care Payments,Client/Customer (Non-Trade)
Adult Social Care,Redacted  Personal Data,10/15/2015,-26.68,Care Payments,Client/Customer (Non-Trade)
Adult Social Care,Redacted  Personal Data,10/15/2015,"3,913.12",Care Payments,Client/Customer (Non-Trade)
Adult Social Care,Redacted  Personal Data,10/15/2015,"2,496.00",Care Payments,Client/Customer (Non-Trade)
Adult Social Care,Redacted  Personal Data,10/15/2015,"3,193.04",Care Payments,Client/Customer (Non-Trade)
Adult Social Care,Redacted  Personal Data,10/15/2015,749.8,Care Payments,Client/Customer (Non-Trade)
Adult Social Care,Redacted  Personal Data,10/15/2015,720,Care Payments,Client/Customer (Non-Trade)
Adult Social Care,Redacted  Personal Data,10/15/2015,"1,616.00",Care Payments,Client/Customer (Non-Trade)
Adult Social Care,Redacted  Personal Data,10/15/2015,"1,577.24",Care Payments,Client/Customer (Non-Trade)
Adult Social Care,Redacted  Personal Data,10/15/2015,"2,834.44",Care Payments,Client/Customer (Non-Trade)
Adult Social Care,Redacted  Personal Data,10/15/2015,-26.68,Care Payments,Client/Customer (Non-Trade)
Adult Social Care,Redacted  Personal Data,10/15/2015,804.64,Care Payments,Client/Customer (Non-Trade)
Adult Social Care,Redacted  Personal Data,10/15/2015,"1,302.93",Care Payments,Client/Customer (Non-Trade)
Adult Social Care,Redacted  Personal Data,10/15/2015,"2,536.00",Care Payments,Client/Customer (Non-Trade)
Adult Social Care,Redacted  Personal Data,10/15/2015,"2,125.80",Care Payments,Client/Customer (Non-Trade)
Adult Social Care,Redacted  Personal Data,10/15/2015,702.24,Care Payments,Client/Customer (Non-Trade)
Adult Social Care,Redacted  Personal Data,10/15/2015,800,Care Payments,Client/Customer (Non-Trade)
Adult Social Care,Redacted  Personal Data,10/15/2015,-97.44,Care Payments,Client/Customer (Non-Trade)
Adult Social Care,Redacted  Personal Data,10/15/2015,640,Care Payments,Client/Customer (Non-Trade)
Adult Social Care,Redacted  Personal Data,10/15/2015,"1,062.40",Care Payments,Client/Customer (Non-Trade)
Adult Social Care,Redacted  Personal Data,10/15/2015,"1,559.48",Care Payments,Client/Customer (Non-Trade)
Adult Social Care,Redacted  Personal Data,10/15/2015,553.84,Care Payments,Client/Customer (Non-Trade)
Adult Social Care,Redacted  Personal Data,10/15/2015,-25.88,Care Payments,Client/Customer (Non-Trade)
Adult Social Care,Redacted  Personal Data,10/15/2015,"1,982.72",Care Payments,Client/Customer (Non-Trade)
Adult Social Care,Redacted  Personal Data,10/15/2015,"1,328.00",Care Payments,Client/Customer (Non-Trade)
Adult Social Care,Redacted  Personal Data,10/15/2015,-6.04,Care Payments,Client/Customer (Non-Trade)
Adult Social Care,Redacted  Personal Data,10/15/2015,"1,227.50",Care Payments,Client/Customer (Non-Trade)
Adult Social Care,Redacted  Personal Data,10/15/2015,"1,590.20",Care Payments,Client/Customer (Non-Trade)
Adult Social Care,Redacted  Personal Data,10/15/2015,840,Care Payments,Client/Customer (Non-Trade)
Adult Social Care,Redacted  Personal Data,10/15/2015,"2,464.88",Care Payments,Client/Customer (Non-Trade)
Adult Social Care,Redacted  Personal Data,10/15/2015,"-1,084.00",Care Payments,Client/Customer (Non-Trade)
Adult Social Care,Redacted  Personal Data,10/15/2015,903.2,Care Payments,Client/Customer (Non-Trade)
Adult Social Care,Redacted  Personal Data,10/15/2015,800,Care Payments,Client/Customer (Non-Trade)
Adult Social Care,Redacted  Personal Data,10/15/2015,-70,Care Payments,Client/Customer (Non-Trade)
Adult Social Care,Redacted  Personal Data,10/14/2015,666.2,Care Payments,Client/Customer (Non-Trade)
Adult Social Care,Redacted  Personal Data,10/15/2015,"2,496.00",Care Payments,Client/Customer (Non-Trade)
Adult Social Care,Redacted  Personal Data,10/15/2015,-26,Care Payments,Client/Customer (Non-Trade)
Adult Social Care,Redacted  Personal Data,10/15/2015,877.44,Care Payments,Client/Customer (Non-Trade)
Adult Social Care,Redacted  Personal Data,10/15/2015,-6.04,Care Payments,Client/Customer (Non-Trade)
Adult Social Care,Redacted  Personal Data,10/15/2015,860,Care Payments,Client/Customer (Non-Trade)
Adult Social Care,Redacted  Personal Data,10/15/2015,"2,816.80",Care Payments,Client/Customer (Non-Trade)
Adult Social Care,Redacted  Personal Data,10/15/2015,"1,989.20",Care Payments,Client/Customer (Non-Trade)
Adult Social Care,Redacted  Personal Data,10/15/2015,"1,504.32",Care Payments,Client/Customer (Non-Trade)
Adult Social Care,Redacted  Personal Data,10/15/2015,873.44,Care Payments,Client/Customer (Non-Trade)
Adult Social Care,Redacted  Personal Data,10/15/2015,"2,640.00",Care Payments,Client/Customer (Non-Trade)
Adult Social Care,Redacted  Personal Data,10/15/2015,"1,000.00",Care Payments,Client/Customer (Non-Trade)
Adult Social Care,Redacted  Personal Data,10/15/2015,541.4,Care Payments,Client/Customer (Non-Trade)
Adult Social Care,Redacted  Personal Data,10/15/2015,531.2,Care Payments,Client/Customer (Non-Trade)
Adult Social Care,Redacted  Personal Data,10/15/2015,-26,Care Payments,Client/Customer (Non-Trade)
Adult Social Care,Redacted  Personal Data,10/15/2015,722.8,Care Payments,Client/Customer (Non-Trade)
Adult Social Care,Redacted  Personal Data,10/15/2015,531.2,Care Payments,Client/Customer (Non-Trade)
Adult Social Care,Redacted  Personal Data,10/15/2015,720,Care Payments,Client/Customer (Non-Trade)
Adult Social Care,Redacted  Personal Data,10/15/2015,623.08,Care Payments,Client/Customer (Non-Trade)
Adult Social Care,Redacted  Personal Data,10/15/2015,800,Care Payments,Client/Customer (Non-Trade)
Adult Social Care,Redacted  Personal Data,10/15/2015,"2,668.40",Care Payments,Client/Customer (Non-Trade)
Adult Social Care,Redacted  Personal Data,10/15/2015,916.48,Care Payments,Client/Customer (Non-Trade)
Adult Social Care,Redacted  Personal Data,10/15/2015,-168.6,Care Payments,Client/Customer (Non-Trade)
Adult Social Care,Redacted  Personal Data,10/15/2015,"1,501.20",Care Payments,Client/Customer (Non-Trade)
Adult Social Care,Redacted  Personal Data,10/15/2015,-186.64,Care Payments,Client/Customer (Non-Trade)
Adult Social Care,Redacted  Personal Data,10/15/2015,709.8,Care Payments,Client/Customer (Non-Trade)
Adult Social Care,Redacted  Personal Data,10/15/2015,840,Care Payments,Client/Customer (Non-Trade)
Adult Social Care,Redacted  Personal Data,10/15/2015,"1,286.40",Care Payments,Client/Customer (Non-Trade)
Adult Social Care,Redacted  Personal Data,10/15/2015,741.4,Care Payments,Client/Customer (Non-Trade)
Adult Social Care,Redacted  Personal Data,10/15/2015,"1,732.48",Care Payments,Client/Customer (Non-Trade)
Adult Social Care,Redacted  Personal Data,10/15/2015,"2,226.72",Care Payments,Client/Customer (Non-Trade)
Adult Social Care,Redacted  Personal Data,10/15/2015,741.4,Care Payments,Client/Customer (Non-Trade)
Adult Social Care,Redacted  Personal Data,10/15/2015,-6.04,Care Payments,Client/Customer (Non-Trade)
Adult Social Care,Redacted  Personal Data,10/15/2015,528,Care Payments,Client/Customer (Non-Trade)
Adult Social Care,Redacted  Personal Data,10/15/2015,"4,502.50",Care Payments,Client/Customer (Non-Trade)
Adult Social Care,Redacted  Personal Data,10/15/2015,"1,805.04",Care Payments,Client/Customer (Non-Trade)
Adult Social Care,Redacted  Personal Data,10/22/2015,"3,637.44",Care Payments,Client/Customer (Non-Trade)
Adult Social Care,Redacted  Personal Data,10/15/2015,"1,610.80",Care Payments,Client/Customer (Non-Trade)
Adult Social Care,Redacted  Personal Data,10/15/2015,-236.32,Care Payments,Client/Customer (Non-Trade)
Adult Social Care,Redacted  Personal Data,10/15/2015,"1,400.00",Care Payments,Client/Customer (Non-Trade)
Adult Social Care,Redacted  Personal Data,10/15/2015,"1,209.60",Care Payments,Client/Customer (Non-Trade)
Adult Social Care,Redacted  Personal Data,10/15/2015,560,Care Payments,Client/Customer (Non-Trade)
Adult Social Care,Redacted  Personal Data,10/15/2015,"1,567.76",Care Payments,Client/Customer (Non-Trade)
Adult Social Care,Redacted  Personal Data,10/15/2015,"1,615.00",Care Payments,Client/Customer (Non-Trade)
Adult Social Care,Redacted  Personal Data,10/15/2015,-38.96,Care Payments,Client/Customer (Non-Trade)
Adult Social Care,Redacted  Personal Data,10/15/2015,"1,600.00",Care Payments,Client/Customer (Non-Trade)
Adult Social Care,Redacted  Personal Data,10/15/2015,"6,168.00",Care Payments,Client/Customer (Non-Trade)
Adult Social Care,Redacted  Personal Data,10/15/2015,528,Care Payments,Client/Customer (Non-Trade)
Adult Social Care,Redacted  Personal Data,10/15/2015,"1,813.60",Care Payments,Client/Customer (Non-Trade)
Adult Social Care,Redacted  Personal Data,10/15/2015,-212.72,Care Payments,Client/Customer (Non-Trade)
Adult Social Care,Redacted  Personal Data,10/15/2015,"1,092.48",Care Payments,Client/Customer (Non-Trade)
Adult Social Care,Redacted  Personal Data,10/15/2015,"1,232.00",Care Payments,Client/Customer (Non-Trade)
Adult Social Care,Redacted  Personal Data,10/15/2015,637.44,Care Payments,Client/Customer (Non-Trade)
Adult Social Care,Redacted  Personal Data,10/15/2015,-35.6,Care Payments,Client/Customer (Non-Trade)
Adult Social Care,Redacted  Personal Data,10/15/2015,"2,032.80",Care Payments,Client/Customer (Non-Trade)
Adult Social Care,Redacted  Personal Data,10/15/2015,"2,433.60",Care Payments,Client/Customer (Non-Trade)
Adult Social Care,Redacted  Personal Data,10/15/2015,-94.6,Care Payments,Client/Customer (Non-Trade)
Adult Social Care,Redacted  Personal Data,10/15/2015,929.6,Care Payments,Client/Customer (Non-Trade)
Adult Social Care,Redacted  Personal Data,10/15/2015,728,Care Payments,Client/Customer (Non-Trade)
Adult Social Care,Redacted  Personal Data,10/15/2015,-15.4,Care Payments,Client/Customer (Non-Trade)
Adult Social Care,Redacted  Personal Data,10/15/2015,880,Care Payments,Client/Customer (Non-Trade)
Adult Social Care,Redacted  Personal Data,10/15/2015,"1,052.40",Care Payments,Client/Customer (Non-Trade)
Adult Social Care,Redacted  Personal Data,10/15/2015,-41.6,Care Payments,Client/Customer (Non-Trade)
Adult Social Care,Redacted  Personal Data,10/15/2015,"1,141.36",Care Payments,Client/Customer (Non-Trade)
Adult Social Care,Redacted  Personal Data,10/15/2015,504,Care Payments,Client/Customer (Non-Trade)
Adult Social Care,Redacted  Personal Data,10/15/2015,"1,633.88",Care Payments,Client/Customer (Non-Trade)
Adult Social Care,Redacted  Personal Data,10/15/2015,756,Care Payments,Client/Customer (Non-Trade)
Adult Social Care,Redacted  Personal Data,10/15/2015,729.4,Care Payments,Client/Customer (Non-Trade)
Adult Social Care,Redacted  Personal Data,10/15/2015,-156.08,Care Payments,Client/Customer (Non-Trade)
Adult Social Care,Redacted  Personal Data,10/15/2015,"2,282.80",Care Payments,Client/Customer (Non-Trade)
Adult Social Care,Redacted  Personal Data,10/14/2015,"1,369.56",Care Payments,Client/Customer (Non-Trade)
Adult Social Care,Redacted  Personal Data,10/15/2015,"1,994.44",Care Payments,Client/Customer (Non-Trade)
Adult Social Care,Redacted  Personal Data,10/15/2015,-80.04,Care Payments,Client/Customer (Non-Trade)
Adult Social Care,Redacted  Personal Data,10/15/2015,828.8,Care Payments,Client/Customer (Non-Trade)
Adult Social Care,Redacted  Personal Data,10/15/2015,600,Care Payments,Client/Customer (Non-Trade)
Adult Social Care,Redacted  Personal Data,10/15/2015,"1,190.20",Care Payments,Client/Customer (Non-Trade)
Adult Social Care,Redacted  Personal Data,10/15/2015,-206.16,Care Payments,Client/Customer (Non-Trade)
Adult Social Care,Redacted  Personal Data,10/15/2015,840,Care Payments,Client/Customer (Non-Trade)
Adult Social Care,Redacted  Personal Data,10/15/2015,"1,235.52",Care Payments,Client/Customer (Non-Trade)
Adult Social Care,Redacted  Personal Data,10/15/2015,"3,160.00",Care Payments,Client/Customer (Non-Trade)
Adult Social Care,Redacted  Personal Data,10/15/2015,"1,294.00",Care Payments,Client/Customer (Non-Trade)
Adult Social Care,Redacted  Personal Data,10/15/2015,"2,067.36",Care Payments,Client/Customer (Non-Trade)
Adult Social Care,Redacted  Personal Data,10/15/2015,"1,053.48",Care Payments,Client/Customer (Non-Trade)
Adult Social Care,Redacted  Personal Data,10/15/2015,577.68,Care Payments,Client/Customer (Non-Trade)
Adult Social Care,Redacted  Personal Data,10/15/2015,926.6,Care Payments,Client/Customer (Non-Trade)
Adult Social Care,Redacted  Personal Data,10/15/2015,-41.6,Care Payments,Client/Customer (Non-Trade)
Adult Social Care,Redacted  Personal Data,10/15/2015,"1,293.36",Care Payments,Client/Customer (Non-Trade)
Adult Social Care,Redacted  Personal Data,10/15/2015,"1,415.60",Care Payments,Client/Customer (Non-Trade)
Adult Social Care,Redacted  Personal Data,10/15/2015,640,Care Payments,Client/Customer (Non-Trade)
Adult Social Care,Redacted  Personal Data,10/15/2015,"1,200.00",Care Payments,Client/Customer (Non-Trade)
Adult Social Care,Redacted  Personal Data,10/15/2015,608,Care Payments,Client/Customer (Non-Trade)
Adult Social Care,Redacted  Personal Data,10/15/2015,-38.32,Care Payments,Client/Customer (Non-Trade)
Adult Social Care,Redacted  Personal Data,10/15/2015,539.6,Care Payments,Client/Customer (Non-Trade)
Adult Social Care,Redacted  Personal Data,10/15/2015,539.6,Care Payments,Client/Customer (Non-Trade)
Adult Social Care,Redacted  Personal Data,10/15/2015,744.2,Care Payments,Client/Customer (Non-Trade)
Adult Social Care,Redacted  Personal Data,10/15/2015,-71.4,Care Payments,Client/Customer (Non-Trade)
Adult Social Care,Redacted  Personal Data,10/15/2015,"1,435.20",Care Payments,Client/Customer (Non-Trade)
Adult Social Care,Redacted  Personal Data,10/15/2015,517.68,Care Payments,Client/Customer (Non-Trade)
Adult Social Care,Redacted  Personal Data,10/15/2015,821.4,Care Payments,Client/Customer (Non-Trade)
Adult Social Care,Redacted  Personal Data,10/15/2015,"1,165.76",Care Payments,Client/Customer (Non-Trade)
Adult Social Care,Redacted  Personal Data,10/15/2015,849.92,Care Payments,Client/Customer (Non-Trade)
Adult Social Care,Redacted  Personal Data,10/15/2015,849.92,Care Payments,Client/Customer (Non-Trade)
Adult Social Care,Redacted  Personal Data,10/15/2015,"1,960.00",Care Payments,Client/Customer (Non-Trade)
Adult Social Care,Redacted  Personal Data,10/15/2015,"1,280.96",Care Payments,Client/Customer (Non-Trade)
Adult Social Care,Redacted  Personal Data,10/15/2015,-94.12,Care Payments,Client/Customer (Non-Trade)
Adult Social Care,Redacted  Personal Data,10/15/2015,"1,840.00",Care Payments,Client/Customer (Non-Trade)
Adult Social Care,Redacted  Personal Data,10/15/2015,-225.16,Care Payments,Client/Customer (Non-Trade)
Adult Social Care,Redacted  Personal Data,10/15/2015,500,Care Payments,Client/Customer (Non-Trade)
Adult Social Care,Redacted  Personal Data,10/15/2015,"1,280.00",Care Payments,Client/Customer (Non-Trade)
Adult Social Care,Redacted  Personal Data,10/15/2015,-59.92,Care Payments,Client/Customer (Non-Trade)
Adult Social Care,Redacted  Personal Data,10/15/2015,"3,207.20",Care Payments,Client/Customer (Non-Trade)
Adult Social Care,Redacted  Personal Data,10/15/2015,"4,535.20",Care Payments,Client/Customer (Non-Trade)
Adult Social Care,Redacted  Personal Data,10/15/2015,-360.04,Care Payments,Client/Customer (Non-Trade)
Adult Social Care,Redacted  Personal Data,10/15/2015,656.8,Care Payments,Client/Customer (Non-Trade)
Adult Social Care,Redacted  Personal Data,10/15/2015,"1,067.80",Care Payments,Client/Customer (Non-Trade)
Adult Social Care,Redacted  Personal Data,10/15/2015,876.48,Care Payments,Client/Customer (Non-Trade)
Adult Social Care,Redacted  Personal Data,10/15/2015,"1,200.00",Care Payments,Client/Customer (Non-Trade)
Adult Social Care,Redacted  Personal Data,10/15/2015,"1,917.84",Care Payments,Client/Customer (Non-Trade)
Adult Social Care,Redacted  Personal Data,10/15/2015,800,Care Payments,Client/Customer (Non-Trade)
Adult Social Care,Redacted  Personal Data,10/15/2015,929.6,Care Payments,Client/Customer (Non-Trade)
Adult Social Care,Redacted  Personal Data,10/15/2015,557.76,Care Payments,Client/Customer (Non-Trade)
Adult Social Care,Redacted  Personal Data,10/15/2015,"1,408.24",Care Payments,Client/Customer (Non-Trade)
Adult Social Care,Redacted  Personal Data,10/15/2015,-246.96,Care Payments,Client/Customer (Non-Trade)
Adult Social Care,Redacted  Personal Data,10/15/2015,"1,009.40",Care Payments,Client/Customer (Non-Trade)
Adult Social Care,Redacted  Personal Data,10/15/2015,449.4,Care Payments,Client/Customer (Non-Trade)
Adult Social Care,Redacted  Personal Data,10/15/2015,-198.36,Care Payments,Client/Customer (Non-Trade)
Adult Social Care,Redacted  Personal Data,10/22/2015,781.2,Care Payments,Client/Customer (Non-Trade)
Adult Social Care,Redacted  Personal Data,10/15/2015,"1,819.64",Care Payments,Client/Customer (Non-Trade)
Adult Social Care,Redacted  Personal Data,10/15/2015,540,Care Payments,Client/Customer (Non-Trade)
Adult Social Care,Redacted  Personal Data,10/15/2015,733.76,Care Payments,Client/Customer (Non-Trade)
Adult Social Care,Redacted  Personal Data,10/15/2015,669.8,Care Payments,Client/Customer (Non-Trade)
Adult Social Care,Redacted  Personal Data,10/15/2015,-152.84,Care Payments,Client/Customer (Non-Trade)
Adult Social Care,Redacted  Personal Data,10/15/2015,859.56,Care Payments,Client/Customer (Non-Trade)
Adult Social Care,Redacted  Personal Data,10/15/2015,-136.4,Care Payments,Client/Customer (Non-Trade)
Adult Social Care,Redacted  Personal Data,10/15/2015,627.48,Care Payments,Client/Customer (Non-Trade)
Adult Social Care,Redacted  Personal Data,10/15/2015,"1,400.00",Care Payments,Client/Customer (Non-Trade)
Adult Social Care,Redacted  Personal Data,10/15/2015,"1,437.60",Care Payments,Client/Customer (Non-Trade)
Adult Social Care,Redacted  Personal Data,10/15/2015,-44.12,Care Payments,Client/Customer (Non-Trade)
Adult Social Care,Redacted  Personal Data,10/15/2015,"1,065.60",Care Payments,Client/Customer (Non-Trade)
Adult Social Care,Redacted  Personal Data,10/15/2015,-223.32,Care Payments,Client/Customer (Non-Trade)
Adult Social Care,Redacted  Personal Data,10/15/2015,"2,187.12",Care Payments,Client/Customer (Non-Trade)
Adult Social Care,Redacted  Personal Data,10/15/2015,"1,109.52",Care Payments,Client/Customer (Non-Trade)
Adult Social Care,Redacted  Personal Data,10/15/2015,"2,191.20",Care Payments,Client/Customer (Non-Trade)
Adult Social Care,Redacted  Personal Data,10/15/2015,-239.16,Care Payments,Client/Customer (Non-Trade)
Adult Social Care,Redacted  Personal Data,10/15/2015,"1,185.20",Care Payments,Client/Customer (Non-Trade)
Adult Social Care,Redacted  Personal Data,10/15/2015,"5,185.92",Care Payments,Client/Customer (Non-Trade)
Adult Social Care,Redacted  Personal Data,10/15/2015,729.4,Care Payments,Client/Customer (Non-Trade)
Adult Social Care,Redacted  Personal Data,10/15/2015,669.8,Care Payments,Client/Customer (Non-Trade)
Adult Social Care,Redacted  Personal Data,10/15/2015,"6,009.40",Care Payments,Client/Customer (Non-Trade)
Adult Social Care,Redacted  Personal Data,10/15/2015,-55.44,Care Payments,Client/Customer (Non-Trade)
Adult Social Care,Redacted  Personal Data,10/15/2015,"1,278.96",Care Payments,Client/Customer (Non-Trade)
Adult Social Care,Redacted  Personal Data,10/15/2015,"1,559.48",Care Payments,Client/Customer (Non-Trade)
Adult Social Care,Redacted  Personal Data,10/15/2015,"1,323.00",Care Payments,Client/Customer (Non-Trade)
Adult Social Care,Redacted  Personal Data,10/15/2015,"1,051.04",Care Payments,Client/Customer (Non-Trade)
Adult Social Care,Redacted  Personal Data,10/15/2015,"1,240.00",Care Payments,Client/Customer (Non-Trade)
Adult Social Care,Redacted  Personal Data,10/15/2015,"1,068.00",Care Payments,Client/Customer (Non-Trade)
Adult Social Care,Redacted  Personal Data,10/22/2015,"1,584.00",Care Payments,Client/Customer (Non-Trade)
Adult Social Care,Redacted  Personal Data,10/15/2015,992,Care Payments,Client/Customer (Non-Trade)
Adult Social Care,Redacted  Personal Data,10/15/2015,"1,600.00",Care Payments,Client/Customer (Non-Trade)
Adult Social Care,Redacted  Personal Data,10/15/2015,"3,402.00",Care Payments,Client/Customer (Non-Trade)
Adult Social Care,Redacted  Personal Data,10/15/2015,715.13,Care Payments,Client/Customer (Non-Trade)
Adult Social Care,Redacted  Personal Data,10/15/2015,812.7,Care Payments,Client/Customer (Non-Trade)
Adult Social Care,Redacted  Personal Data,10/15/2015,-32.08,Care Payments,Client/Customer (Non-Trade)
Adult Social Care,Redacted  Personal Data,10/22/2015,270.9,Care Payments,Client/Customer (Non-Trade)
Adult Social Care,Redacted  Personal Data,10/15/2015,"1,385.92",Care Payments,Client/Customer (Non-Trade)
Adult Social Care,Redacted  Personal Data,10/15/2015,-290.64,Care Payments,Client/Customer (Non-Trade)
Adult Social Care,Redacted  Personal Data,10/15/2015,"2,600.00",Care Payments,Client/Customer (Non-Trade)
Adult Social Care,Redacted  Personal Data,10/15/2015,720,Care Payments,Client/Customer (Non-Trade)
Adult Social Care,Redacted  Personal Data,10/15/2015,-29.36,Care Payments,Client/Customer (Non-Trade)
Adult Social Care,Redacted  Personal Data,10/15/2015,"1,047.68",Care Payments,Client/Customer (Non-Trade)
Adult Social Care,Redacted  Personal Data,10/15/2015,"1,331.20",Care Payments,Client/Customer (Non-Trade)
Adult Social Care,Redacted  Personal Data,10/15/2015,"1,000.00",Care Payments,Client/Customer (Non-Trade)
Adult Social Care,Redacted  Personal Data,10/15/2015,536,Care Payments,Client/Customer (Non-Trade)
Adult Social Care,Redacted  Personal Data,10/15/2015,"1,888.00",Care Payments,Client/Customer (Non-Trade)
Adult Social Care,Redacted  Personal Data,10/15/2015,638.4,Care Payments,Client/Customer (Non-Trade)
Adult Social Care,Redacted  Personal Data,10/15/2015,600,Care Payments,Client/Customer (Non-Trade)
Adult Social Care,Redacted  Personal Data,10/15/2015,705.88,Care Payments,Client/Customer (Non-Trade)
Adult Social Care,Redacted  Personal Data,10/15/2015,-159.2,Care Payments,Client/Customer (Non-Trade)
Adult Social Care,Redacted  Personal Data,10/15/2015,"1,410.28",Care Payments,Client/Customer (Non-Trade)
Adult Social Care,Redacted  Personal Data,10/15/2015,880,Care Payments,Client/Customer (Non-Trade)
Adult Social Care,Redacted  Personal Data,10/15/2015,-90.16,Care Payments,Client/Customer (Non-Trade)
Adult Social Care,Redacted  Personal Data,10/15/2015,456,Care Payments,Client/Customer (Non-Trade)
Adult Social Care,Redacted  Personal Data,10/15/2015,-18.8,Care Payments,Client/Customer (Non-Trade)
Adult Social Care,Redacted  Personal Data,10/12/2015,681.79,Care Payments,Client/Customer (Non-Trade)
Adult Social Care,Redacted  Personal Data,10/15/2015,705.6,Care Payments,Client/Customer (Non-Trade)
Adult Social Care,Redacted  Personal Data,10/15/2015,501.4,Care Payments,Client/Customer (Non-Trade)
Adult Social Care,Redacted  Personal Data,10/15/2015,"4,656.00",Care Payments,Client/Customer (Non-Trade)
Adult Social Care,Redacted  Personal Data,10/15/2015,"1,559.48",Care Payments,Client/Customer (Non-Trade)
Adult Social Care,Redacted  Personal Data,10/15/2015,860,Care Payments,Client/Customer (Non-Trade)
Adult Social Care,Redacted  Personal Data,10/15/2015,704,Care Payments,Client/Customer (Non-Trade)
Adult Social Care,Redacted  Personal Data,10/15/2015,584,Care Payments,Client/Customer (Non-Trade)
Adult Social Care,Redacted  Personal Data,10/15/2015,504,Care Payments,Client/Customer (Non-Trade)
Adult Social Care,Redacted  Personal Data,10/15/2015,"1,982.08",Care Payments,Client/Customer (Non-Trade)
Adult Social Care,Redacted  Personal Data,10/15/2015,"3,244.28",Care Payments,Client/Customer (Non-Trade)
Adult Social Care,Redacted  Personal Data,10/15/2015,793.92,Care Payments,Client/Customer (Non-Trade)
Adult Social Care,Redacted  Personal Data,10/15/2015,"1,320.00",Care Payments,Client/Customer (Non-Trade)
Adult Social Care,Redacted  Personal Data,10/15/2015,-226.24,Care Payments,Client/Customer (Non-Trade)
Adult Social Care,Redacted  Personal Data,10/15/2015,839.2,Care Payments,Client/Customer (Non-Trade)
Adult Social Care,Redacted  Personal Data,10/15/2015,-83.8,Care Payments,Client/Customer (Non-Trade)
Adult Social Care,Redacted  Personal Data,10/15/2015,720,Care Payments,Client/Customer (Non-Trade)
Adult Social Care,Redacted  Personal Data,10/15/2015,-15.68,Care Payments,Client/Customer (Non-Trade)
Adult Social Care,Redacted  Personal Data,10/15/2015,712,Care Payments,Client/Customer (Non-Trade)
Adult Social Care,Redacted  Personal Data,10/15/2015,"1,400.00",Care Payments,Client/Customer (Non-Trade)
Adult Social Care,Redacted  Personal Data,10/15/2015,"1,986.00",Care Payments,Client/Customer (Non-Trade)
Adult Social Care,Redacted  Personal Data,10/15/2015,-20.84,Care Payments,Client/Customer (Non-Trade)
Adult Social Care,Redacted  Personal Data,10/15/2015,"1,047.68",Care Payments,Client/Customer (Non-Trade)
Adult Social Care,Redacted  Personal Data,10/15/2015,-134.44,Care Payments,Client/Customer (Non-Trade)
Adult Social Care,Redacted  Personal Data,10/15/2015,558.92,Care Payments,Client/Customer (Non-Trade)
Adult Social Care,Redacted  Personal Data,10/15/2015,637.44,Care Payments,Client/Customer (Non-Trade)
Adult Social Care,Redacted  Personal Data,10/15/2015,"1,062.40",Care Payments,Client/Customer (Non-Trade)
Adult Social Care,Redacted  Personal Data,10/15/2015,-254.88,Care Payments,Client/Customer (Non-Trade)
Adult Social Care,Redacted  Personal Data,10/15/2015,819.6,Care Payments,Client/Customer (Non-Trade)
Adult Social Care,Redacted  Personal Data,10/15/2015,"1,489.92",Care Payments,Client/Customer (Non-Trade)
Adult Social Care,Redacted  Personal Data,10/15/2015,-191.72,Care Payments,Client/Customer (Non-Trade)
Adult Social Care,Redacted  Personal Data,10/15/2015,520,Care Payments,Client/Customer (Non-Trade)
Adult Social Care,Redacted  Personal Data,10/15/2015,"2,200.00",Care Payments,Client/Customer (Non-Trade)
Adult Social Care,Redacted  Personal Data,10/15/2015,"1,235.52",Care Payments,Client/Customer (Non-Trade)
Adult Social Care,Redacted  Personal Data,10/15/2015,"1,503.92",Care Payments,Client/Customer (Non-Trade)
Adult Social Care,Redacted  Personal Data,10/15/2015,"1,080.00",Care Payments,Client/Customer (Non-Trade)
Adult Social Care,Redacted  Personal Data,10/15/2015,"1,293.80",Care Payments,Client/Customer (Non-Trade)
Adult Social Care,Redacted  Personal Data,10/15/2015,728,Care Payments,Client/Customer (Non-Trade)
Adult Social Care,Redacted  Personal Data,10/15/2015,"2,268.00",Care Payments,Client/Customer (Non-Trade)
Adult Social Care,Redacted  Personal Data,10/15/2015,842,Care Payments,Client/Customer (Non-Trade)
Adult Social Care,Redacted  Personal Data,10/15/2015,"1,000.00",Care Payments,Client/Customer (Non-Trade)
Adult Social Care,Redacted  Personal Data,10/15/2015,"1,200.00",Care Payments,Client/Customer (Non-Trade)
Adult Social Care,Redacted  Personal Data,10/15/2015,760,Care Payments,Client/Customer (Non-Trade)
Adult Social Care,Redacted  Personal Data,10/15/2015,720,Care Payments,Client/Customer (Non-Trade)
Adult Social Care,Redacted  Personal Data,10/15/2015,-20.84,Care Payments,Client/Customer (Non-Trade)
Adult Social Care,Redacted  Personal Data,10/15/2015,"1,593.60",Care Payments,Client/Customer (Non-Trade)
Adult Social Care,Redacted  Personal Data,10/15/2015,"1,797.80",Care Payments,Client/Customer (Non-Trade)
Adult Social Care,Redacted  Personal Data,10/15/2015,"2,548.80",Care Payments,Client/Customer (Non-Trade)
Adult Social Care,Redacted  Personal Data,10/15/2015,"1,978.00",Care Payments,Client/Customer (Non-Trade)
Adult Social Care,Redacted  Personal Data,10/15/2015,-163.6,Care Payments,Client/Customer (Non-Trade)
Adult Social Care,Redacted  Personal Data,10/15/2015,"1,111.64",Care Payments,Client/Customer (Non-Trade)
Adult Social Care,Redacted  Personal Data,10/15/2015,-38,Care Payments,Client/Customer (Non-Trade)
Adult Social Care,Redacted  Personal Data,10/15/2015,"4,276.56",Care Payments,Client/Customer (Non-Trade)
Adult Social Care,Redacted  Personal Data,10/15/2015,"1,800.00",Care Payments,Client/Customer (Non-Trade)
Adult Social Care,Redacted  Personal Data,10/15/2015,"1,600.00",Care Payments,Client/Customer (Non-Trade)
Adult Social Care,Redacted  Personal Data,10/15/2015,-62.72,Care Payments,Client/Customer (Non-Trade)
Adult Social Care,Redacted  Personal Data,10/15/2015,796.8,Care Payments,Client/Customer (Non-Trade)
Adult Social Care,Redacted  Personal Data,10/15/2015,"1,408.00",Care Payments,Client/Customer (Non-Trade)
Adult Social Care,Redacted  Personal Data,10/15/2015,"1,360.00",Care Payments,Client/Customer (Non-Trade)
Adult Social Care,Redacted  Personal Data,10/15/2015,440,Care Payments,Client/Customer (Non-Trade)
Adult Social Care,Redacted  Personal Data,10/22/2015,110,Care Payments,Client/Customer (Non-Trade)
Adult Social Care,Redacted  Personal Data,10/15/2015,"2,320.00",Care Payments,Client/Customer (Non-Trade)
Adult Social Care,Redacted  Personal Data,10/22/2015,"3,520.00",Care Payments,Client/Customer (Non-Trade)
Adult Social Care,Redacted  Personal Data,10/15/2015,599.2,Care Payments,Client/Customer (Non-Trade)
Adult Social Care,Redacted  Personal Data,10/15/2015,292.16,Care Payments,Client/Customer (Non-Trade)
Adult Social Care,Redacted  Personal Data,10/14/2015,846.84,Care Payments,Client/Customer (Non-Trade)
Adult Social Care,Redacted  Personal Data,10/15/2015,"1,186.00",Care Payments,Client/Customer (Non-Trade)
Adult Social Care,Redacted  Personal Data,10/15/2015,-309.96,Care Payments,Client/Customer (Non-Trade)
Adult Social Care,Redacted  Personal Data,10/15/2015,531.2,Care Payments,Client/Customer (Non-Trade)
Adult Social Care,Redacted  Personal Data,10/15/2015,810.64,Care Payments,Client/Customer (Non-Trade)
Adult Social Care,Redacted  Personal Data,10/15/2015,849.96,Care Payments,Client/Customer (Non-Trade)
Adult Social Care,Redacted  Personal Data,10/15/2015,-225.12,Care Payments,Client/Customer (Non-Trade)
Adult Social Care,Redacted  Personal Data,10/15/2015,"2,018.56",Care Payments,Client/Customer (Non-Trade)
Adult Social Care,Redacted  Personal Data,10/15/2015,-37.6,Care Payments,Client/Customer (Non-Trade)
Adult Social Care,Redacted  Personal Data,10/15/2015,750.88,Care Payments,Client/Customer (Non-Trade)
Adult Social Care,Redacted  Personal Data,10/27/2015,"2,700.00",Care Payments,Client/Customer (Non-Trade)
Adult Social Care,Redacted  Personal Data,10/15/2015,"1,089.92",Care Payments,Client/Customer (Non-Trade)
Adult Social Care,Redacted  Personal Data,10/15/2015,"2,000.00",Care Payments,Client/Customer (Non-Trade)
Adult Social Care,Redacted  Personal Data,10/15/2015,-89.08,Care Payments,Client/Customer (Non-Trade)
Adult Social Care,Redacted  Personal Data,10/15/2015,780.6,Care Payments,Client/Customer (Non-Trade)
Adult Social Care,Redacted  Personal Data,10/15/2015,"1,990.80",Care Payments,Client/Customer (Non-Trade)
Adult Social Care,Redacted  Personal Data,10/15/2015,"1,805.44",Care Payments,Client/Customer (Non-Trade)
Adult Social Care,Redacted  Personal Data,10/15/2015,"-1,140.00",Care Payments,Client/Customer (Non-Trade)
Adult Social Care,Redacted  Personal Data,10/15/2015,640,Care Payments,Client/Customer (Non-Trade)
Adult Social Care,Redacted  Personal Data,10/15/2015,616.6,Care Payments,Client/Customer (Non-Trade)
Adult Social Care,Redacted  Personal Data,10/15/2015,880,Care Payments,Client/Customer (Non-Trade)
Adult Social Care,Redacted  Personal Data,10/15/2015,"1,959.60",Care Payments,Client/Customer (Non-Trade)
Adult Social Care,Redacted  Personal Data,10/15/2015,889.2,Care Payments,Client/Customer (Non-Trade)
Adult Social Care,Redacted  Personal Data,10/15/2015,-13.04,Care Payments,Client/Customer (Non-Trade)
Adult Social Care,Redacted  Personal Data,10/15/2015,"1,585.92",Care Payments,Client/Customer (Non-Trade)
Adult Social Care,Redacted  Personal Data,10/15/2015,-95,Care Payments,Client/Customer (Non-Trade)
Adult Social Care,Redacted  Personal Data,10/15/2015,"1,800.00",Care Payments,Client/Customer (Non-Trade)
Adult Social Care,Redacted  Personal Data,10/15/2015,560,Care Payments,Client/Customer (Non-Trade)
Adult Social Care,Redacted  Personal Data,10/15/2015,"1,600.00",Care Payments,Client/Customer (Non-Trade)
Adult Social Care,Redacted  Personal Data,10/15/2015,676,Care Payments,Client/Customer (Non-Trade)
Adult Social Care,Redacted  Personal Data,10/15/2015,"1,157.08",Care Payments,Client/Customer (Non-Trade)
Adult Social Care,Redacted  Personal Data,10/15/2015,-421.04,Care Payments,Client/Customer (Non-Trade)
Adult Social Care,Redacted  Personal Data,10/15/2015,"1,189.30",Care Payments,Client/Customer (Non-Trade)
Adult Social Care,Redacted  Personal Data,10/15/2015,800,Care Payments,Client/Customer (Non-Trade)
Adult Social Care,Redacted  Personal Data,10/15/2015,523.84,Care Payments,Client/Customer (Non-Trade)
Adult Social Care,Redacted  Personal Data,10/15/2015,"1,087.60",Care Payments,Client/Customer (Non-Trade)
Adult Social Care,Redacted  Personal Data,10/15/2015,-324.4,Care Payments,Client/Customer (Non-Trade)
Adult Social Care,Redacted  Personal Data,10/15/2015,"3,111.68",Care Payments,Client/Customer (Non-Trade)
Adult Social Care,Redacted  Personal Data,10/15/2015,-193.44,Care Payments,Client/Customer (Non-Trade)
Adult Social Care,Redacted  Personal Data,10/15/2015,"1,232.00",Care Payments,Client/Customer (Non-Trade)
Adult Social Care,Redacted  Personal Data,10/15/2015,529.2,Care Payments,Client/Customer (Non-Trade)
Adult Social Care,Redacted  Personal Data,10/15/2015,800,Care Payments,Client/Customer (Non-Trade)
Adult Social Care,Redacted  Personal Data,10/15/2015,849.12,Care Payments,Client/Customer (Non-Trade)
Adult Social Care,Redacted  Personal Data,10/15/2015,736.52,Care Payments,Client/Customer (Non-Trade)
Adult Social Care,Redacted  Personal Data,10/15/2015,-211.12,Care Payments,Client/Customer (Non-Trade)
Adult Social Care,Redacted  Personal Data,10/15/2015,"1,372.00",Care Payments,Client/Customer (Non-Trade)
Adult Social Care,Redacted  Personal Data,10/15/2015,622.24,Care Payments,Client/Customer (Non-Trade)
Adult Social Care,Redacted  Personal Data,10/15/2015,838,Care Payments,Client/Customer (Non-Trade)
Adult Social Care,Redacted  Personal Data,10/15/2015,840,Care Payments,Client/Customer (Non-Trade)
Adult Social Care,Redacted  Personal Data,10/15/2015,"1,066.24",Care Payments,Client/Customer (Non-Trade)
Adult Social Care,Redacted  Personal Data,10/15/2015,-232.12,Care Payments,Client/Customer (Non-Trade)
Adult Social Care,Redacted  Personal Data,10/22/2015,"1,282.16",Care Payments,Client/Customer (Non-Trade)
Adult Social Care,Redacted  Personal Data,10/15/2015,"2,735.60",Care Payments,Client/Customer (Non-Trade)
Adult Social Care,Redacted  Personal Data,10/15/2015,760,Care Payments,Client/Customer (Non-Trade)
Adult Social Care,Redacted  Personal Data,10/15/2015,650.72,Care Payments,Client/Customer (Non-Trade)
Adult Social Care,Redacted  Personal Data,10/15/2015,789.44,Care Payments,Client/Customer (Non-Trade)
Adult Social Care,Redacted  Personal Data,10/15/2015,-225.68,Care Payments,Client/Customer (Non-Trade)
Adult Social Care,Redacted  Personal Data,10/15/2015,"1,047.68",Care Payments,Client/Customer (Non-Trade)
Adult Social Care,Redacted  Personal Data,10/15/2015,-58.24,Care Payments,Client/Customer (Non-Trade)
Adult Social Care,Redacted  Personal Data,10/15/2015,823.36,Care Payments,Client/Customer (Non-Trade)
Adult Social Care,Redacted  Personal Data,10/15/2015,-249.32,Care Payments,Client/Customer (Non-Trade)
Adult Social Care,Redacted  Personal Data,10/15/2015,"1,080.00",Care Payments,Client/Customer (Non-Trade)
Adult Social Care,Redacted  Personal Data,10/15/2015,680,Care Payments,Client/Customer (Non-Trade)
Adult Social Care,Redacted  Personal Data,10/15/2015,-169.48,Care Payments,Client/Customer (Non-Trade)
Adult Social Care,Redacted  Personal Data,10/15/2015,778,Care Payments,Client/Customer (Non-Trade)
Adult Social Care,Redacted  Personal Data,10/15/2015,705.6,Care Payments,Client/Customer (Non-Trade)
Adult Social Care,Redacted  Personal Data,10/15/2015,-193.12,Care Payments,Client/Customer (Non-Trade)
Adult Social Care,Redacted  Personal Data,10/15/2015,"1,759.36",Care Payments,Client/Customer (Non-Trade)
Adult Social Care,Redacted  Personal Data,10/15/2015,"-1,140.00",Care Payments,Client/Customer (Non-Trade)
Adult Social Care,Redacted  Personal Data,10/15/2015,612,Care Payments,Client/Customer (Non-Trade)
Adult Social Care,Redacted  Personal Data,10/15/2015,500,Care Payments,Client/Customer (Non-Trade)
Adult Social Care,Redacted  Personal Data,10/15/2015,"1,448.60",Care Payments,Client/Customer (Non-Trade)
Adult Social Care,Redacted  Personal Data,10/15/2015,-111.88,Care Payments,Client/Customer (Non-Trade)
Adult Social Care,Redacted  Personal Data,10/15/2015,"1,620.00",Care Payments,Client/Customer (Non-Trade)
Adult Social Care,Redacted  Personal Data,10/15/2015,"2,003.68",Care Payments,Client/Customer (Non-Trade)
Adult Social Care,Redacted  Personal Data,10/15/2015,-238.2,Care Payments,Client/Customer (Non-Trade)
Adult Social Care,Redacted  Personal Data,10/15/2015,"1,411.20",Care Payments,Client/Customer (Non-Trade)
Adult Social Care,Redacted  Personal Data,10/15/2015,-184.44,Care Payments,Client/Customer (Non-Trade)
Adult Social Care,Redacted  Personal Data,10/15/2015,704,Care Payments,Client/Customer (Non-Trade)
Adult Social Care,Redacted  Personal Data,10/15/2015,821.4,Care Payments,Client/Customer (Non-Trade)
Adult Social Care,Redacted  Personal Data,10/15/2015,"1,220.00",Care Payments,Client/Customer (Non-Trade)
Adult Social Care,Redacted  Personal Data,10/15/2015,-687.8,Care Payments,Client/Customer (Non-Trade)
Adult Social Care,Redacted  Personal Data,10/15/2015,"4,099.20",Care Payments,Client/Customer (Non-Trade)
Adult Social Care,Redacted  Personal Data,10/15/2015,844.2,Care Payments,Client/Customer (Non-Trade)
Adult Social Care,Redacted  Personal Data,10/15/2015,-182.76,Care Payments,Client/Customer (Non-Trade)
Adult Social Care,Redacted  Personal Data,10/15/2015,"1,613.08",Care Payments,Client/Customer (Non-Trade)
Adult Social Care,Redacted  Personal Data,10/15/2015,-9.44,Care Payments,Client/Customer (Non-Trade)
Adult Social Care,Redacted  Personal Data,10/15/2015,"4,126.00",Care Payments,Client/Customer (Non-Trade)
Adult Social Care,Redacted  Personal Data,10/15/2015,"1,487.36",Care Payments,Client/Customer (Non-Trade)
Adult Social Care,Redacted  Personal Data,10/15/2015,-6.2,Care Payments,Client/Customer (Non-Trade)
Adult Social Care,Redacted  Personal Data,10/15/2015,"1,103.36",Care Payments,Client/Customer (Non-Trade)
Adult Social Care,Redacted  Personal Data,10/15/2015,797.76,Care Payments,Client/Customer (Non-Trade)
Adult Social Care,Redacted  Personal Data,10/15/2015,-211.16,Care Payments,Client/Customer (Non-Trade)
Adult Social Care,Redacted  Personal Data,10/15/2015,753.16,Care Payments,Client/Customer (Non-Trade)
Adult Social Care,Redacted  Personal Data,10/15/2015,"1,753.28",Care Payments,Client/Customer (Non-Trade)
Adult Social Care,Redacted  Personal Data,10/15/2015,"1,737.15",Care Payments,Client/Customer (Non-Trade)
Adult Social Care,Redacted  Personal Data,10/15/2015,-310.88,Care Payments,Client/Customer (Non-Trade)
Adult Social Care,Redacted  Personal Data,10/15/2015,"1,400.00",Care Payments,Client/Customer (Non-Trade)
Adult Social Care,Redacted  Personal Data,10/15/2015,700,Care Payments,Client/Customer (Non-Trade)
Adult Social Care,Redacted  Personal Data,10/15/2015,835.36,Care Payments,Client/Customer (Non-Trade)
Adult Social Care,Redacted  Personal Data,10/15/2015,"2,119.76",Care Payments,Client/Customer (Non-Trade)
Adult Social Care,Redacted  Personal Data,10/15/2015,"1,652.44",Care Payments,Client/Customer (Non-Trade)
Adult Social Care,Redacted  Personal Data,10/15/2015,960,Care Payments,Client/Customer (Non-Trade)
Adult Social Care,Redacted  Personal Data,10/15/2015,-205.76,Care Payments,Client/Customer (Non-Trade)
Adult Social Care,Redacted  Personal Data,10/15/2015,"1,612.80",Care Payments,Client/Customer (Non-Trade)
Adult Social Care,Redacted  Personal Data,10/15/2015,503.04,Care Payments,Client/Customer (Non-Trade)
Adult Social Care,Redacted  Personal Data,10/15/2015,678.8,Care Payments,Client/Customer (Non-Trade)
Adult Social Care,Redacted  Personal Data,10/15/2015,"1,055.20",Care Payments,Client/Customer (Non-Trade)
Adult Social Care,Redacted  Personal Data,10/15/2015,-226.24,Care Payments,Client/Customer (Non-Trade)
Adult Social Care,Redacted  Personal Data,10/15/2015,"1,141.36",Care Payments,Client/Customer (Non-Trade)
Adult Social Care,Redacted  Personal Data,10/15/2015,-225,Care Payments,Client/Customer (Non-Trade)
Adult Social Care,Redacted  Personal Data,10/15/2015,"1,395.40",Care Payments,Client/Customer (Non-Trade)
Adult Social Care,Redacted  Personal Data,10/15/2015,-118.64,Care Payments,Client/Customer (Non-Trade)
Adult Social Care,Redacted  Personal Data,10/15/2015,853.36,Care Payments,Client/Customer (Non-Trade)
Adult Social Care,Redacted  Personal Data,10/15/2015,"1,212.40",Care Payments,Client/Customer (Non-Trade)
Adult Social Care,Redacted  Personal Data,10/15/2015,"1,556.00",Care Payments,Client/Customer (Non-Trade)
Adult Social Care,Redacted  Personal Data,10/15/2015,573.72,Care Payments,Client/Customer (Non-Trade)
Adult Social Care,Redacted  Personal Data,10/15/2015,932.4,Care Payments,Client/Customer (Non-Trade)
Adult Social Care,Redacted  Personal Data,10/15/2015,"2,511.20",Care Payments,Client/Customer (Non-Trade)
Adult Social Care,Redacted  Personal Data,10/15/2015,-51.48,Care Payments,Client/Customer (Non-Trade)
Adult Social Care,Redacted  Personal Data,10/15/2015,"1,612.80",Care Payments,Client/Customer (Non-Trade)
Adult Social Care,Redacted  Personal Data,10/15/2015,"6,717.40",Care Payments,Client/Customer (Non-Trade)
Adult Social Care,Redacted  Personal Data,10/15/2015,"-1,140.00",Care Payments,Client/Customer (Non-Trade)
Adult Social Care,Redacted  Personal Data,10/15/2015,"1,178.40",Care Payments,Client/Customer (Non-Trade)
Adult Social Care,Redacted  Personal Data,10/15/2015,-269.8,Care Payments,Client/Customer (Non-Trade)
Adult Social Care,Redacted  Personal Data,10/15/2015,880,Care Payments,Client/Customer (Non-Trade)
Adult Social Care,Redacted  Personal Data,10/15/2015,655.2,Care Payments,Client/Customer (Non-Trade)
Adult Social Care,Redacted  Personal Data,10/15/2015,-26,Care Payments,Client/Customer (Non-Trade)
Adult Social Care,Redacted  Personal Data,10/15/2015,641,Care Payments,Client/Customer (Non-Trade)
Adult Social Care,Redacted  Personal Data,10/15/2015,"1,370.32",Care Payments,Client/Customer (Non-Trade)
Adult Social Care,Redacted  Personal Data,10/15/2015,705.6,Care Payments,Client/Customer (Non-Trade)
Adult Social Care,Redacted  Personal Data,10/15/2015,913.6,Care Payments,Client/Customer (Non-Trade)
Adult Social Care,Redacted  Personal Data,10/15/2015,"1,442.40",Care Payments,Client/Customer (Non-Trade)
Adult Social Care,Redacted  Personal Data,10/15/2015,-220.96,Care Payments,Client/Customer (Non-Trade)
Adult Social Care,Redacted  Personal Data,10/15/2015,"1,905.75",Care Payments,Client/Customer (Non-Trade)
Adult Social Care,Redacted  Personal Data,10/15/2015,-213.8,Care Payments,Client/Customer (Non-Trade)
Adult Social Care,Redacted  Personal Data,10/15/2015,"4,461.08",Care Payments,Client/Customer (Non-Trade)
Adult Social Care,Redacted  Personal Data,10/15/2015,"1,719.24",Care Payments,Client/Customer (Non-Trade)
Adult Social Care,Redacted  Personal Data,10/15/2015,-18.04,Care Payments,Client/Customer (Non-Trade)
Adult Social Care,Redacted  Personal Data,10/15/2015,976.44,Care Payments,Client/Customer (Non-Trade)
Adult Social Care,Redacted  Personal Data,10/15/2015,-279.44,Care Payments,Client/Customer (Non-Trade)
Adult Social Care,Redacted  Personal Data,10/22/2015,"1,450.00",Care Payments,Client/Customer (Non-Trade)
Adult Social Care,Redacted  Personal Data,10/15/2015,"1,259.20",Care Payments,Client/Customer (Non-Trade)
Adult Social Care,Redacted  Personal Data,10/15/2015,604.8,Care Payments,Client/Customer (Non-Trade)
Adult Social Care,Redacted  Personal Data,10/15/2015,"1,539.48",Care Payments,Client/Customer (Non-Trade)
Adult Social Care,Redacted  Personal Data,10/15/2015,"1,234.80",Care Payments,Client/Customer (Non-Trade)
Adult Social Care,Redacted  Personal Data,10/15/2015,"2,280.40",Care Payments,Client/Customer (Non-Trade)
Adult Social Care,Redacted  Personal Data,10/15/2015,-225.32,Care Payments,Client/Customer (Non-Trade)
Adult Social Care,Redacted  Personal Data,10/15/2015,"1,160.00",Care Payments,Client/Customer (Non-Trade)
Adult Social Care,Redacted  Personal Data,10/15/2015,976,Care Payments,Client/Customer (Non-Trade)
Adult Social Care,Redacted  Personal Data,10/15/2015,970.2,Care Payments,Client/Customer (Non-Trade)
Adult Social Care,Redacted  Personal Data,10/15/2015,-355.32,Care Payments,Client/Customer (Non-Trade)
Adult Social Care,Redacted  Personal Data,10/15/2015,976,Care Payments,Client/Customer (Non-Trade)
Adult Social Care,Redacted  Personal Data,10/15/2015,-23.56,Care Payments,Client/Customer (Non-Trade)
Adult Social Care,Redacted  Personal Data,10/15/2015,617.4,Care Payments,Client/Customer (Non-Trade)
Adult Social Care,Redacted  Personal Data,10/15/2015,993,Care Payments,Client/Customer (Non-Trade)
Adult Social Care,Redacted  Personal Data,10/15/2015,"1,210.16",Care Payments,Client/Customer (Non-Trade)
Adult Social Care,Redacted  Personal Data,10/15/2015,"1,767.88",Care Payments,Client/Customer (Non-Trade)
Adult Social Care,Redacted  Personal Data,10/15/2015,-579.52,Care Payments,Client/Customer (Non-Trade)
Adult Social Care,Redacted  Personal Data,10/15/2015,"1,137.36",Care Payments,Client/Customer (Non-Trade)
Adult Social Care,Redacted  Personal Data,10/15/2015,-242.36,Care Payments,Client/Customer (Non-Trade)
Adult Social Care,Redacted  Personal Data,10/15/2015,"1,411.20",Care Payments,Client/Customer (Non-Trade)
Adult Social Care,Redacted  Personal Data,10/15/2015,-230.36,Care Payments,Client/Customer (Non-Trade)
Adult Social Care,Redacted  Personal Data,10/15/2015,907.2,Care Payments,Client/Customer (Non-Trade)
Adult Social Care,Redacted  Personal Data,10/15/2015,-256.12,Care Payments,Client/Customer (Non-Trade)
Adult Social Care,Redacted  Personal Data,10/22/2015,284.96,Care Payments,Client/Customer (Non-Trade)
Adult Social Care,Redacted  Personal Data,10/15/2015,"1,716.00",Care Payments,Client/Customer (Non-Trade)
Adult Social Care,Redacted  Personal Data,10/15/2015,-14.8,Care Payments,Client/Customer (Non-Trade)
Adult Social Care,Redacted  Personal Data,10/15/2015,831.6,Care Payments,Client/Customer (Non-Trade)
Adult Social Care,Redacted  Personal Data,10/15/2015,-268.88,Care Payments,Client/Customer (Non-Trade)
Adult Social Care,Redacted  Personal Data,10/15/2015,"1,400.00",Care Payments,Client/Customer (Non-Trade)
Adult Social Care,Redacted  Personal Data,10/15/2015,400,Care Payments,Client/Customer (Non-Trade)
Adult Social Care,Redacted  Personal Data,10/15/2015,400,Care Payments,Client/Customer (Non-Trade)
Adult Social Care,Redacted  Personal Data,10/15/2015,"1,946.32",Care Payments,Client/Customer (Non-Trade)
Adult Social Care,Redacted  Personal Data,10/15/2015,554.4,Care Payments,Client/Customer (Non-Trade)
Adult Social Care,Redacted  Personal Data,10/15/2015,"1,350.52",Care Payments,Client/Customer (Non-Trade)
Adult Social Care,Redacted  Personal Data,10/15/2015,528,Care Payments,Client/Customer (Non-Trade)
Adult Social Care,Redacted  Personal Data,10/15/2015,800,Care Payments,Client/Customer (Non-Trade)
Adult Social Care,Redacted  Personal Data,10/15/2015,800,Care Payments,Client/Customer (Non-Trade)
Adult Social Care,Redacted  Personal Data,10/15/2015,"1,977.12",Care Payments,Client/Customer (Non-Trade)
Adult Social Care,Redacted  Personal Data,10/15/2015,-253.08,Care Payments,Client/Customer (Non-Trade)
Adult Social Care,Redacted  Personal Data,10/15/2015,831.6,Care Payments,Client/Customer (Non-Trade)
Adult Social Care,Redacted  Personal Data,10/15/2015,"1,096.80",Care Payments,Client/Customer (Non-Trade)
Adult Social Care,Redacted  Personal Data,10/15/2015,880,Care Payments,Client/Customer (Non-Trade)
Adult Social Care,Redacted  Personal Data,10/15/2015,-51.36,Care Payments,Client/Customer (Non-Trade)
Adult Social Care,Redacted  Personal Data,10/15/2015,"1,456.96",Care Payments,Client/Customer (Non-Trade)
Adult Social Care,Redacted  Personal Data,10/15/2015,-195.52,Care Payments,Client/Customer (Non-Trade)
Adult Social Care,Redacted  Personal Data,10/15/2015,705.6,Care Payments,Client/Customer (Non-Trade)
Adult Social Care,Redacted  Personal Data,10/15/2015,757.2,Care Payments,Client/Customer (Non-Trade)
Adult Social Care,Redacted  Personal Data,10/15/2015,882.6,Care Payments,Client/Customer (Non-Trade)
Adult Social Care,Redacted  Personal Data,10/15/2015,"1,096.20",Care Payments,Client/Customer (Non-Trade)
Adult Social Care,Redacted  Personal Data,10/15/2015,600,Care Payments,Client/Customer (Non-Trade)
Adult Social Care,Redacted  Personal Data,10/15/2015,"1,193.72",Care Payments,Client/Customer (Non-Trade)
Adult Social Care,Redacted  Personal Data,10/15/2015,-233.8,Care Payments,Client/Customer (Non-Trade)
Adult Social Care,Redacted  Personal Data,10/15/2015,"1,061.20",Care Payments,Client/Customer (Non-Trade)
Adult Social Care,Redacted  Personal Data,10/15/2015,-104,Care Payments,Client/Customer (Non-Trade)
Adult Social Care,Redacted  Personal Data,10/15/2015,"1,020.00",Care Payments,Client/Customer (Non-Trade)
Adult Social Care,Redacted  Personal Data,10/15/2015,-199.04,Care Payments,Client/Customer (Non-Trade)
Adult Social Care,Redacted  Personal Data,10/15/2015,736.52,Care Payments,Client/Customer (Non-Trade)
Adult Social Care,Redacted  Personal Data,10/15/2015,-102.68,Care Payments,Client/Customer (Non-Trade)
Adult Social Care,Redacted  Personal Data,10/15/2015,579.6,Care Payments,Client/Customer (Non-Trade)
Adult Social Care,Redacted  Personal Data,10/15/2015,-10.2,Care Payments,Client/Customer (Non-Trade)
Adult Social Care,Redacted  Personal Data,10/15/2015,546.24,Care Payments,Client/Customer (Non-Trade)
Adult Social Care,Redacted  Personal Data,10/15/2015,"2,061.92",Care Payments,Client/Customer (Non-Trade)
Adult Social Care,Redacted  Personal Data,10/15/2015,-87.6,Care Payments,Client/Customer (Non-Trade)
Adult Social Care,Redacted  Personal Data,10/15/2015,984,Care Payments,Client/Customer (Non-Trade)
Adult Social Care,Redacted  Personal Data,10/15/2015,-472.4,Care Payments,Client/Customer (Non-Trade)
Adult Social Care,Redacted  Personal Data,10/15/2015,"1,370.32",Care Payments,Client/Customer (Non-Trade)
Adult Social Care,Redacted  Personal Data,10/15/2015,"1,168.00",Care Payments,Client/Customer (Non-Trade)
Adult Social Care,Redacted  Personal Data,10/15/2015,"1,116.00",Care Payments,Client/Customer (Non-Trade)
Adult Social Care,Redacted  Personal Data,10/15/2015,833.2,Care Payments,Client/Customer (Non-Trade)
Adult Social Care,Redacted  Personal Data,10/15/2015,-21.88,Care Payments,Client/Customer (Non-Trade)
Adult Social Care,Redacted  Personal Data,10/15/2015,"1,262.56",Care Payments,Client/Customer (Non-Trade)
Adult Social Care,Redacted  Personal Data,10/15/2015,"1,144.60",Care Payments,Client/Customer (Non-Trade)
Adult Social Care,Redacted  Personal Data,10/15/2015,-281.6,Care Payments,Client/Customer (Non-Trade)
Adult Social Care,Redacted  Personal Data,10/15/2015,"1,000.00",Care Payments,Client/Customer (Non-Trade)
Adult Social Care,Redacted  Personal Data,10/14/2015,901.88,Care Payments,Client/Customer (Non-Trade)
Adult Social Care,Redacted  Personal Data,10/15/2015,"2,612.00",Care Payments,Client/Customer (Non-Trade)
Adult Social Care,Redacted  Personal Data,10/15/2015,-309.76,Care Payments,Client/Customer (Non-Trade)
Adult Social Care,Redacted  Personal Data,10/28/2015,537.12,Care Payments,Client/Customer (Non-Trade)
Adult Social Care,Redacted  Personal Data,10/15/2015,"1,324.68",Care Payments,Client/Customer (Non-Trade)
Adult Social Care,Redacted  Personal Data,10/14/2015,"1,211.88",Care Payments,Client/Customer (Non-Trade)
Adult Social Care,Redacted  Personal Data,10/15/2015,"2,604.00",Care Payments,Client/Customer (Non-Trade)
Adult Social Care,Redacted  Personal Data,10/15/2015,"1,237.60",Care Payments,Client/Customer (Non-Trade)
Adult Social Care,Redacted  Personal Data,10/15/2015,-26.68,Care Payments,Client/Customer (Non-Trade)
Adult Social Care,Redacted  Personal Data,10/15/2015,604.8,Care Payments,Client/Customer (Non-Trade)
Adult Social Care,Redacted  Personal Data,10/15/2015,991.6,Care Payments,Client/Customer (Non-Trade)
Adult Social Care,Redacted  Personal Data,10/15/2015,705.6,Care Payments,Client/Customer (Non-Trade)
Adult Social Care,Redacted  Personal Data,10/15/2015,-10.88,Care Payments,Client/Customer (Non-Trade)
Adult Social Care,Redacted  Personal Data,10/14/2015,"1,613.44",Care Payments,Client/Customer (Non-Trade)
Adult Social Care,Redacted  Personal Data,10/15/2015,560,Care Payments,Client/Customer (Non-Trade)
Adult Social Care,Redacted  Personal Data,10/12/2015,105,Care Payments,Client/Customer (Non-Trade)
Adult Social Care,Redacted  Personal Data,10/12/2015,90,Care Payments,Client/Customer (Non-Trade)
Adult Social Care,Redacted  Personal Data,10/12/2015,172.5,Care Payments,Client/Customer (Non-Trade)
Adult Social Care,Redacted  Personal Data,10/12/2015,390,Care Payments,Client/Customer (Non-Trade)
Adult Social Care,Redacted  Personal Data,10/12/2015,120,Care Payments,Client/Customer (Non-Trade)
Adult Social Care,Redacted  Personal Data,10/12/2015,157.5,Care Payments,Client/Customer (Non-Trade)
Adult Social Care,Redacted  Personal Data,10/15/2015,"1,464.60",Care Payments,Client/Customer (Non-Trade)
Adult Social Care,Redacted  Personal Data,10/15/2015,940,Care Payments,Client/Customer (Non-Trade)
Adult Social Care,Redacted  Personal Data,10/15/2015,-157.2,Care Payments,Client/Customer (Non-Trade)
Adult Social Care,Redacted  Personal Data,10/14/2015,"3,260.00",Care Payments,Client/Customer (Non-Trade)
Adult Social Care,Redacted  Personal Data,10/15/2015,"2,936.25",Care Payments,Client/Customer (Non-Trade)
Adult Social Care,Redacted  Personal Data,10/15/2015,773.08,Care Payments,Client/Customer (Non-Trade)
Adult Social Care,Redacted  Personal Data,10/15/2015,600,Care Payments,Client/Customer (Non-Trade)
Adult Social Care,Redacted  Personal Data,10/15/2015,-33.56,Care Payments,Client/Customer (Non-Trade)
Adult Social Care,Redacted  Personal Data,10/15/2015,630,Care Payments,Client/Customer (Non-Trade)
Adult Social Care,Redacted  Personal Data,10/15/2015,800,Care Payments,Client/Customer (Non-Trade)
Adult Social Care,Redacted  Personal Data,10/15/2015,761.56,Care Payments,Client/Customer (Non-Trade)
Adult Social Care,Redacted  Personal Data,10/15/2015,"2,044.00",Care Payments,Client/Customer (Non-Trade)
Adult Social Care,Redacted  Personal Data,10/15/2015,622.24,Care Payments,Client/Customer (Non-Trade)
Adult Social Care,Redacted  Personal Data,10/15/2015,504,Care Payments,Client/Customer (Non-Trade)
Adult Social Care,Redacted  Personal Data,10/15/2015,"1,091.84",Care Payments,Client/Customer (Non-Trade)
Adult Social Care,Redacted  Personal Data,10/15/2015,759,Care Payments,Client/Customer (Non-Trade)
Adult Social Care,Redacted  Personal Data,10/22/2015,759,Care Payments,Client/Customer (Non-Trade)
Adult Social Care,Redacted  Personal Data,10/15/2015,528,Care Payments,Client/Customer (Non-Trade)
Adult Social Care,Redacted  Personal Data,10/15/2015,"2,838.80",Care Payments,Client/Customer (Non-Trade)
Adult Social Care,Redacted  Personal Data,10/15/2015,"1,130.00",Care Payments,Client/Customer (Non-Trade)
Adult Social Care,Redacted  Personal Data,10/15/2015,-12.64,Care Payments,Client/Customer (Non-Trade)
Adult Social Care,Redacted  Personal Data,10/15/2015,"1,160.40",Care Payments,Client/Customer (Non-Trade)
Adult Social Care,Redacted  Personal Data,10/15/2015,"1,203.48",Care Payments,Client/Customer (Non-Trade)
Adult Social Care,Redacted  Personal Data,10/15/2015,-562.08,Care Payments,Client/Customer (Non-Trade)
Adult Social Care,Redacted  Personal Data,10/15/2015,"1,240.00",Care Payments,Client/Customer (Non-Trade)
Adult Social Care,Redacted  Personal Data,10/15/2015,"1,280.00",Care Payments,Client/Customer (Non-Trade)
Adult Social Care,Redacted  Personal Data,10/15/2015,"1,528.32",Care Payments,Client/Customer (Non-Trade)
Adult Social Care,Redacted  Personal Data,10/15/2015,"1,600.00",Care Payments,Client/Customer (Non-Trade)
Adult Social Care,Redacted  Personal Data,10/15/2015,720,Care Payments,Client/Customer (Non-Trade)
Adult Social Care,Redacted  Personal Data,10/15/2015,"2,132.00",Care Payments,Client/Customer (Non-Trade)
Adult Social Care,Redacted  Personal Data,10/15/2015,"1,891.15",Care Payments,Client/Customer (Non-Trade)
Adult Social Care,Redacted  Personal Data,10/15/2015,-485.2,Care Payments,Client/Customer (Non-Trade)
Adult Social Care,Redacted  Personal Data,10/15/2015,875.68,Care Payments,Client/Customer (Non-Trade)
Adult Social Care,Redacted  Personal Data,10/15/2015,"2,018.37",Care Payments,Client/Customer (Non-Trade)
Adult Social Care,Redacted  Personal Data,10/15/2015,"4,329.60",Care Payments,Client/Customer (Non-Trade)
Adult Social Care,Redacted  Personal Data,10/15/2015,"4,410.00",Care Payments,Client/Customer (Non-Trade)
Adult Social Care,Redacted  Personal Data,10/15/2015,"2,579.85",Care Payments,Client/Customer (Non-Trade)
Adult Social Care,Redacted  Personal Data,10/15/2015,-218.32,Care Payments,Client/Customer (Non-Trade)
Adult Social Care,Redacted  Personal Data,10/15/2015,541.2,Care Payments,Client/Customer (Non-Trade)
Childrens & Educational Services,Redacted  Personal Data,10/2/2015,170,Care Payments,Client/Customer (Non-Trade)
Childrens & Educational Services,Redacted  Personal Data,10/8/2015,221.5,Care Payments,Client/Customer (Non-Trade)
Childrens & Educational Services,Redacted  Personal Data,10/12/2015,171.9,Care Payments,Client/Customer (Non-Trade)
Childrens & Educational Services,Redacted  Personal Data,10/19/2015,541.5,Care Payments,Client/Customer (Non-Trade)
Childrens & Educational Services,Redacted  Personal Data,10/26/2015,679.05,Care Payments,Client/Customer (Non-Trade)
Childrens & Educational Services,Redacted  Personal Data,10/7/2015,319.3,Care Payments,Client/Customer (Non-Trade)
Childrens & Educational Services,Redacted  Personal Data,10/14/2015,319.3,Care Payments,Client/Customer (Non-Trade)
Childrens & Educational Services,Redacted  Personal Data,10/21/2015,319.3,Care Payments,Client/Customer (Non-Trade)
Childrens & Educational Services,Redacted  Personal Data,10/28/2015,319.3,Care Payments,Client/Customer (Non-Trade)
Childrens & Educational Services,Redacted  Personal Data,10/5/2015,133.42,Care Payments,Client/Customer (Non-Trade)
Childrens & Educational Services,Redacted  Personal Data,10/12/2015,133.42,Care Payments,Client/Customer (Non-Trade)
Childrens & Educational Services,Redacted  Personal Data,10/19/2015,133.42,Care Payments,Client/Customer (Non-Trade)
Childrens & Educational Services,Redacted  Personal Data,10/26/2015,133.42,Care Payments,Client/Customer (Non-Trade)
Childrens & Educational Services,Redacted  Personal Data,10/5/2015,902.74,Care Payments,Client/Customer (Non-Trade)
Childrens & Educational Services,Redacted  Personal Data,10/12/2015,619.71,Care Payments,Client/Customer (Non-Trade)
Childrens & Educational Services,Redacted  Personal Data,10/19/2015,619.71,Care Payments,Client/Customer (Non-Trade)
Childrens & Educational Services,Redacted  Personal Data,10/26/2015,619.71,Care Payments,Client/Customer (Non-Trade)
Childrens & Educational Services,Redacted  Personal Data,10/7/2015,319.3,Care Payments,Client/Customer (Non-Trade)
Childrens & Educational Services,Redacted  Personal Data,10/14/2015,319.3,Care Payments,Client/Customer (Non-Trade)
Childrens & Educational Services,Redacted  Personal Data,10/21/2015,319.3,Care Payments,Client/Customer (Non-Trade)
Childrens & Educational Services,Redacted  Personal Data,10/28/2015,319.3,Care Payments,Client/Customer (Non-Trade)
Childrens & Educational Services,Redacted  Personal Data,10/5/2015,414.61,Care Payments,Client/Customer (Non-Trade)
Childrens & Educational Services,Redacted  Personal Data,10/12/2015,414.61,Care Payments,Client/Customer (Non-Trade)
Childrens & Educational Services,Redacted  Personal Data,10/19/2015,414.61,Care Payments,Client/Customer (Non-Trade)
Childrens & Educational Services,Redacted  Personal Data,10/26/2015,414.61,Care Payments,Client/Customer (Non-Trade)
Childrens & Educational Services,Redacted  Personal Data,10/5/2015,195.93,Care Payments,Client/Customer (Non-Trade)
Childrens & Educational Services,Redacted  Personal Data,10/12/2015,195.93,Care Payments,Client/Customer (Non-Trade)
Childrens & Educational Services,Redacted  Personal Data,10/19/2015,195.93,Care Payments,Client/Customer (Non-Trade)
Childrens & Educational Services,Redacted  Personal Data,10/26/2015,195.93,Care Payments,Client/Customer (Non-Trade)
Childrens & Educational Services,Redacted  Personal Data,10/5/2015,3.92,Care Payments,Client/Customer (Non-Trade)
Childrens & Educational Services,Redacted  Personal Data,10/12/2015,3.92,Care Payments,Client/Customer (Non-Trade)
Childrens & Educational Services,Redacted  Personal Data,10/19/2015,3.92,Care Payments,Client/Customer (Non-Trade)
Childrens & Educational Services,Redacted  Personal Data,10/26/2015,3.92,Care Payments,Client/Customer (Non-Trade)
Childrens & Educational Services,Redacted  Personal Data,10/7/2015,130.65,Care Payments,Client/Customer (Non-Trade)
Childrens & Educational Services,Redacted  Personal Data,10/14/2015,130.65,Care Payments,Client/Customer (Non-Trade)
Childrens & Educational Services,Redacted  Personal Data,10/21/2015,130.65,Care Payments,Client/Customer (Non-Trade)
Childrens & Educational Services,Redacted  Personal Data,10/28/2015,130.65,Care Payments,Client/Customer (Non-Trade)
Childrens & Educational Services,Redacted  Personal Data,10/5/2015,812.6,Care Payments,Client/Customer (Non-Trade)
Childrens & Educational Services,Redacted  Personal Data,10/12/2015,731.46,Care Payments,Client/Customer (Non-Trade)
Childrens & Educational Services,Redacted  Personal Data,10/19/2015,731.46,Care Payments,Client/Customer (Non-Trade)
Childrens & Educational Services,Redacted  Personal Data,10/26/2015,816.46,Care Payments,Client/Customer (Non-Trade)
Childrens & Educational Services,Redacted  Personal Data,10/7/2015,319.3,Care Payments,Client/Customer (Non-Trade)
Childrens & Educational Services,Redacted  Personal Data,10/14/2015,319.3,Care Payments,Client/Customer (Non-Trade)
Childrens & Educational Services,Redacted  Personal Data,10/15/2015,130,Care Payments,Client/Customer (Non-Trade)
Childrens & Educational Services,Redacted  Personal Data,10/21/2015,319.3,Care Payments,Client/Customer (Non-Trade)
Childrens & Educational Services,Redacted  Personal Data,10/28/2015,319.3,Care Payments,Client/Customer (Non-Trade)
Childrens & Educational Services,Redacted  Personal Data,10/15/2015,"1,000.00",Care Payments,Client/Customer (Non-Trade)
Childrens & Educational Services,Redacted  Personal Data,10/5/2015,709.66,Care Payments,Client/Customer (Non-Trade)
Childrens & Educational Services,Redacted  Personal Data,10/12/2015,709.66,Care Payments,Client/Customer (Non-Trade)
Childrens & Educational Services,Redacted  Personal Data,10/19/2015,709.66,Care Payments,Client/Customer (Non-Trade)
Childrens & Educational Services,Redacted  Personal Data,10/26/2015,991.9,Care Payments,Client/Customer (Non-Trade)
Childrens & Educational Services,Redacted  Personal Data,10/5/2015,809.09,Care Payments,Client/Customer (Non-Trade)
Childrens & Educational Services,Redacted  Personal Data,10/12/2015,"1,218.09",Care Payments,Client/Customer (Non-Trade)
Childrens & Educational Services,Redacted  Personal Data,10/19/2015,809.09,Care Payments,Client/Customer (Non-Trade)
Childrens & Educational Services,Redacted  Personal Data,10/26/2015,809.09,Care Payments,Client/Customer (Non-Trade)
Childrens & Educational Services,Redacted  Personal Data,10/5/2015,87.5,Care Payments,Client/Customer (Non-Trade)
Childrens & Educational Services,Redacted  Personal Data,10/12/2015,87.5,Care Payments,Client/Customer (Non-Trade)
Childrens & Educational Services,Redacted  Personal Data,10/19/2015,87.5,Care Payments,Client/Customer (Non-Trade)
Childrens & Educational Services,Redacted  Personal Data,10/26/2015,87.5,Care Payments,Client/Customer (Non-Trade)
Childrens & Educational Services,Redacted  Personal Data,10/15/2015,133.14,Care Payments,Client/Customer (Non-Trade)
Childrens & Educational Services,Redacted  Personal Data,10/15/2015,931.95,Care Payments,Client/Customer (Non-Trade)
Childrens & Educational Services,Redacted  Personal Data,10/22/2015,133.14,Care Payments,Client/Customer (Non-Trade)
Childrens & Educational Services,Redacted  Personal Data,10/29/2015,133.14,Care Payments,Client/Customer (Non-Trade)
Childrens & Educational Services,Redacted  Personal Data,10/5/2015,379.05,Care Payments,Client/Customer (Non-Trade)
Childrens & Educational Services,Redacted  Personal Data,10/12/2015,379.05,Care Payments,Client/Customer (Non-Trade)
Childrens & Educational Services,Redacted  Personal Data,10/19/2015,379.05,Care Payments,Client/Customer (Non-Trade)
Childrens & Educational Services,Redacted  Personal Data,10/26/2015,385.05,Care Payments,Client/Customer (Non-Trade)
Childrens & Educational Services,Redacted  Personal Data,10/5/2015,"1,172.71",Care Payments,Client/Customer (Non-Trade)
Childrens & Educational Services,Redacted  Personal Data,10/12/2015,"1,172.71",Care Payments,Client/Customer (Non-Trade)
Childrens & Educational Services,Redacted  Personal Data,10/19/2015,"1,172.71",Care Payments,Client/Customer (Non-Trade)
Childrens & Educational Services,Redacted  Personal Data,10/26/2015,"1,172.71",Care Payments,Client/Customer (Non-Trade)
Childrens & Educational Services,Redacted  Personal Data,10/5/2015,74.27,Care Payments,Client/Customer (Non-Trade)
Childrens & Educational Services,Redacted  Personal Data,10/5/2015,240.66,Care Payments,Client/Customer (Non-Trade)
Childrens & Educational Services,Redacted  Personal Data,10/12/2015,74.27,Care Payments,Client/Customer (Non-Trade)
Childrens & Educational Services,Redacted  Personal Data,10/12/2015,240.66,Care Payments,Client/Customer (Non-Trade)
Childrens & Educational Services,Redacted  Personal Data,10/19/2015,74.27,Care Payments,Client/Customer (Non-Trade)
Childrens & Educational Services,Redacted  Personal Data,10/19/2015,240.66,Care Payments,Client/Customer (Non-Trade)
Childrens & Educational Services,Redacted  Personal Data,10/26/2015,74.27,Care Payments,Client/Customer (Non-Trade)
Childrens & Educational Services,Redacted  Personal Data,10/26/2015,240.66,Care Payments,Client/Customer (Non-Trade)
Childrens & Educational Services,Redacted  Personal Data,10/5/2015,814.61,Care Payments,Client/Customer (Non-Trade)
Childrens & Educational Services,Redacted  Personal Data,10/12/2015,414.61,Care Payments,Client/Customer (Non-Trade)
Childrens & Educational Services,Redacted  Personal Data,10/19/2015,414.61,Care Payments,Client/Customer (Non-Trade)
Childrens & Educational Services,Redacted  Personal Data,10/26/2015,414.61,Care Payments,Client/Customer (Non-Trade)
Childrens & Educational Services,Redacted  Personal Data,10/5/2015,227.15,Care Payments,Client/Customer (Non-Trade)
Childrens & Educational Services,Redacted  Personal Data,10/12/2015,227.15,Care Payments,Client/Customer (Non-Trade)
Childrens & Educational Services,Redacted  Personal Data,10/19/2015,227.15,Care Payments,Client/Customer (Non-Trade)
Childrens & Educational Services,Redacted  Personal Data,10/26/2015,227.15,Care Payments,Client/Customer (Non-Trade)
Childrens & Educational Services,Redacted  Personal Data,10/5/2015,369.11,Care Payments,Client/Customer (Non-Trade)
Childrens & Educational Services,Redacted  Personal Data,10/12/2015,369.11,Care Payments,Client/Customer (Non-Trade)
Childrens & Educational Services,Redacted  Personal Data,10/19/2015,369.11,Care Payments,Client/Customer (Non-Trade)
Childrens & Educational Services,Redacted  Personal Data,10/26/2015,369.11,Care Payments,Client/Customer (Non-Trade)
Childrens & Educational Services,Redacted  Personal Data,10/5/2015,687.6,Care Payments,Client/Customer (Non-Trade)
Childrens & Educational Services,Redacted  Personal Data,10/5/2015,191.8,Care Payments,Client/Customer (Non-Trade)
Childrens & Educational Services,Redacted  Personal Data,10/12/2015,191.8,Care Payments,Client/Customer (Non-Trade)
Childrens & Educational Services,Redacted  Personal Data,10/19/2015,191.8,Care Payments,Client/Customer (Non-Trade)
Childrens & Educational Services,Redacted  Personal Data,10/26/2015,191.8,Care Payments,Client/Customer (Non-Trade)
Childrens & Educational Services,Redacted  Personal Data,10/5/2015,"1,137.64",Care Payments,Client/Customer (Non-Trade)
Childrens & Educational Services,Redacted  Personal Data,10/12/2015,"1,137.64",Care Payments,Client/Customer (Non-Trade)
Childrens & Educational Services,Redacted  Personal Data,10/19/2015,"1,137.64",Care Payments,Client/Customer (Non-Trade)
Childrens & Educational Services,Redacted  Personal Data,10/26/2015,"1,137.64",Care Payments,Client/Customer (Non-Trade)
Childrens & Educational Services,Redacted  Personal Data,10/5/2015,467.37,Care Payments,Client/Customer (Non-Trade)
Childrens & Educational Services,Redacted  Personal Data,10/12/2015,517.93,Care Payments,Client/Customer (Non-Trade)
Childrens & Educational Services,Redacted  Personal Data,10/19/2015,517.93,Care Payments,Client/Customer (Non-Trade)
Childrens & Educational Services,Redacted  Personal Data,10/26/2015,871.08,Care Payments,Client/Customer (Non-Trade)
Childrens & Educational Services,Redacted  Personal Data,10/7/2015,25,Care Payments,Client/Customer (Non-Trade)
Childrens & Educational Services,Redacted  Personal Data,10/14/2015,25,Care Payments,Client/Customer (Non-Trade)
Childrens & Educational Services,Redacted  Personal Data,10/21/2015,25,Care Payments,Client/Customer (Non-Trade)
Childrens & Educational Services,Redacted  Personal Data,10/28/2015,25,Care Payments,Client/Customer (Non-Trade)
Childrens & Educational Services,Redacted  Personal Data,10/28/2015,189.18,Care Payments,Client/Customer (Non-Trade)
Childrens & Educational Services,Redacted  Personal Data,10/28/2015,189.18,Care Payments,Client/Customer (Non-Trade)
Childrens & Educational Services,Redacted  Personal Data,10/28/2015,147.14,Care Payments,Client/Customer (Non-Trade)
Childrens & Educational Services,Redacted  Personal Data,10/28/2015,147.14,Care Payments,Client/Customer (Non-Trade)
Childrens & Educational Services,Redacted  Personal Data,10/5/2015,90.6,Care Payments,Client/Customer (Non-Trade)
Childrens & Educational Services,Redacted  Personal Data,10/5/2015,83.6,Care Payments,Client/Customer (Non-Trade)
Childrens & Educational Services,Redacted  Personal Data,10/12/2015,90.6,Care Payments,Client/Customer (Non-Trade)
Childrens & Educational Services,Redacted  Personal Data,10/12/2015,83.6,Care Payments,Client/Customer (Non-Trade)
Childrens & Educational Services,Redacted  Personal Data,10/19/2015,90.6,Care Payments,Client/Customer (Non-Trade)
Childrens & Educational Services,Redacted  Personal Data,10/19/2015,83.6,Care Payments,Client/Customer (Non-Trade)
Childrens & Educational Services,Redacted  Personal Data,10/26/2015,90.6,Care Payments,Client/Customer (Non-Trade)
Childrens & Educational Services,Redacted  Personal Data,10/26/2015,83.6,Care Payments,Client/Customer (Non-Trade)
Childrens & Educational Services,Redacted  Personal Data,10/5/2015,299.67,Care Payments,Client/Customer (Non-Trade)
Childrens & Educational Services,Redacted  Personal Data,10/12/2015,299.67,Care Payments,Client/Customer (Non-Trade)
Childrens & Educational Services,Redacted  Personal Data,10/19/2015,299.67,Care Payments,Client/Customer (Non-Trade)
Childrens & Educational Services,Redacted  Personal Data,10/26/2015,299.67,Care Payments,Client/Customer (Non-Trade)
Childrens & Educational Services,Redacted  Personal Data,10/5/2015,469,Care Payments,Client/Customer (Non-Trade)
Childrens & Educational Services,Redacted  Personal Data,10/12/2015,898.72,Care Payments,Client/Customer (Non-Trade)
Childrens & Educational Services,Redacted  Personal Data,10/19/2015,469,Care Payments,Client/Customer (Non-Trade)
Childrens & Educational Services,Redacted  Personal Data,10/26/2015,469,Care Payments,Client/Customer (Non-Trade)
Childrens & Educational Services,Redacted  Personal Data,10/5/2015,456.68,Care Payments,Client/Customer (Non-Trade)
Childrens & Educational Services,Redacted  Personal Data,10/12/2015,456.68,Care Payments,Client/Customer (Non-Trade)
Childrens & Educational Services,Redacted  Personal Data,10/19/2015,456.68,Care Payments,Client/Customer (Non-Trade)
Childrens & Educational Services,Redacted  Personal Data,10/26/2015,690.22,Care Payments,Client/Customer (Non-Trade)
Childrens & Educational Services,Redacted  Personal Data,10/5/2015,366.27,Care Payments,Client/Customer (Non-Trade)
Childrens & Educational Services,Redacted  Personal Data,10/12/2015,366.27,Care Payments,Client/Customer (Non-Trade)
Childrens & Educational Services,Redacted  Personal Data,10/19/2015,366.27,Care Payments,Client/Customer (Non-Trade)
Childrens & Educational Services,Redacted  Personal Data,10/26/2015,366.27,Care Payments,Client/Customer (Non-Trade)
Childrens & Educational Services,Redacted  Personal Data,10/5/2015,299.67,Care Payments,Client/Customer (Non-Trade)
Childrens & Educational Services,Redacted  Personal Data,10/12/2015,299.67,Care Payments,Client/Customer (Non-Trade)
Childrens & Educational Services,Redacted  Personal Data,10/19/2015,299.67,Care Payments,Client/Customer (Non-Trade)
Childrens & Educational Services,Redacted  Personal Data,10/26/2015,299.67,Care Payments,Client/Customer (Non-Trade)
Childrens & Educational Services,Redacted  Personal Data,10/5/2015,599.34,Care Payments,Client/Customer (Non-Trade)
Childrens & Educational Services,Redacted  Personal Data,10/12/2015,599.34,Care Payments,Client/Customer (Non-Trade)
Childrens & Educational Services,Redacted  Personal Data,10/19/2015,599.34,Care Payments,Client/Customer (Non-Trade)
Childrens & Educational Services,Redacted  Personal Data,10/26/2015,599.34,Care Payments,Client/Customer (Non-Trade)
Childrens & Educational Services,Redacted  Personal Data,10/5/2015,414.61,Care Payments,Client/Customer (Non-Trade)
Childrens & Educational Services,Redacted  Personal Data,10/12/2015,414.61,Care Payments,Client/Customer (Non-Trade)
Childrens & Educational Services,Redacted  Personal Data,10/19/2015,414.61,Care Payments,Client/Customer (Non-Trade)
Childrens & Educational Services,Redacted  Personal Data,10/26/2015,414.61,Care Payments,Client/Customer (Non-Trade)
Childrens & Educational Services,Redacted  Personal Data,10/7/2015,319.3,Care Payments,Client/Customer (Non-Trade)
Childrens & Educational Services,Redacted  Personal Data,10/14/2015,319.3,Care Payments,Client/Customer (Non-Trade)
Childrens & Educational Services,Redacted  Personal Data,10/21/2015,319.3,Care Payments,Client/Customer (Non-Trade)
Childrens & Educational Services,Redacted  Personal Data,10/28/2015,319.3,Care Payments,Client/Customer (Non-Trade)
Childrens & Educational Services,Redacted  Personal Data,10/5/2015,798.21,Care Payments,Client/Customer (Non-Trade)
Childrens & Educational Services,Redacted  Personal Data,10/12/2015,798.21,Care Payments,Client/Customer (Non-Trade)
Childrens & Educational Services,Redacted  Personal Data,10/19/2015,798.21,Care Payments,Client/Customer (Non-Trade)
Childrens & Educational Services,Redacted  Personal Data,10/26/2015,798.21,Care Payments,Client/Customer (Non-Trade)
Childrens & Educational Services,Redacted  Personal Data,10/5/2015,414.61,Care Payments,Client/Customer (Non-Trade)
Childrens & Educational Services,Redacted  Personal Data,10/12/2015,414.61,Care Payments,Client/Customer (Non-Trade)
Childrens & Educational Services,Redacted  Personal Data,10/19/2015,414.61,Care Payments,Client/Customer (Non-Trade)
Childrens & Educational Services,Redacted  Personal Data,10/26/2015,414.61,Care Payments,Client/Customer (Non-Trade)
Childrens & Educational Services,Redacted  Personal Data,10/5/2015,127.54,Care Payments,Client/Customer (Non-Trade)
Childrens & Educational Services,Redacted  Personal Data,10/12/2015,127.54,Care Payments,Client/Customer (Non-Trade)
Childrens & Educational Services,Redacted  Personal Data,10/19/2015,127.54,Care Payments,Client/Customer (Non-Trade)
Childrens & Educational Services,Redacted  Personal Data,10/26/2015,127.54,Care Payments,Client/Customer (Non-Trade)
Childrens & Educational Services,Redacted  Personal Data,10/5/2015,87.5,Care Payments,Client/Customer (Non-Trade)
Childrens & Educational Services,Redacted  Personal Data,10/5/2015,100,Care Payments,Client/Customer (Non-Trade)
Childrens & Educational Services,Redacted  Personal Data,10/12/2015,87.5,Care Payments,Client/Customer (Non-Trade)
Childrens & Educational Services,Redacted  Personal Data,10/12/2015,100,Care Payments,Client/Customer (Non-Trade)
Childrens & Educational Services,Redacted  Personal Data,10/19/2015,87.5,Care Payments,Client/Customer (Non-Trade)
Childrens & Educational Services,Redacted  Personal Data,10/19/2015,100,Care Payments,Client/Customer (Non-Trade)
Childrens & Educational Services,Redacted  Personal Data,10/26/2015,87.5,Care Payments,Client/Customer (Non-Trade)
Childrens & Educational Services,Redacted  Personal Data,10/26/2015,100,Care Payments,Client/Customer (Non-Trade)
Childrens & Educational Services,Redacted  Personal Data,10/5/2015,758.1,Care Payments,Client/Customer (Non-Trade)
Childrens & Educational Services,Redacted  Personal Data,10/12/2015,758.1,Care Payments,Client/Customer (Non-Trade)
Childrens & Educational Services,Redacted  Personal Data,10/19/2015,758.1,Care Payments,Client/Customer (Non-Trade)
Childrens & Educational Services,Redacted  Personal Data,10/26/2015,758.1,Care Payments,Client/Customer (Non-Trade)
Childrens & Educational Services,Redacted  Personal Data,10/1/2015,12.6,Care Payments,Client/Customer (Non-Trade)
Childrens & Educational Services,Redacted  Personal Data,10/8/2015,12.6,Care Payments,Client/Customer (Non-Trade)
Childrens & Educational Services,Redacted  Personal Data,10/15/2015,12.6,Care Payments,Client/Customer (Non-Trade)
Childrens & Educational Services,Redacted  Personal Data,10/22/2015,12.6,Care Payments,Client/Customer (Non-Trade)
Childrens & Educational Services,Redacted  Personal Data,10/5/2015,91.07,Care Payments,Client/Customer (Non-Trade)
Childrens & Educational Services,Redacted  Personal Data,10/5/2015,352.41,Care Payments,Client/Customer (Non-Trade)
Childrens & Educational Services,Redacted  Personal Data,10/12/2015,91.07,Care Payments,Client/Customer (Non-Trade)
Childrens & Educational Services,Redacted  Personal Data,10/12/2015,352.41,Care Payments,Client/Customer (Non-Trade)
Childrens & Educational Services,Redacted  Personal Data,10/19/2015,91.07,Care Payments,Client/Customer (Non-Trade)
Childrens & Educational Services,Redacted  Personal Data,10/19/2015,352.41,Care Payments,Client/Customer (Non-Trade)
Childrens & Educational Services,Redacted  Personal Data,10/26/2015,91.07,Care Payments,Client/Customer (Non-Trade)
Childrens & Educational Services,Redacted  Personal Data,10/26/2015,522.14,Care Payments,Client/Customer (Non-Trade)
Childrens & Educational Services,Redacted  Personal Data,10/5/2015,414.61,Care Payments,Client/Customer (Non-Trade)
Childrens & Educational Services,Redacted  Personal Data,10/12/2015,414.61,Care Payments,Client/Customer (Non-Trade)
Childrens & Educational Services,Redacted  Personal Data,10/19/2015,"1,025.61",Care Payments,Client/Customer (Non-Trade)
Childrens & Educational Services,Redacted  Personal Data,10/26/2015,414.61,Care Payments,Client/Customer (Non-Trade)
Childrens & Educational Services,Redacted  Personal Data,10/5/2015,165.34,Care Payments,Client/Customer (Non-Trade)
Childrens & Educational Services,Redacted  Personal Data,10/12/2015,165.34,Care Payments,Client/Customer (Non-Trade)
Childrens & Educational Services,Redacted  Personal Data,10/19/2015,165.34,Care Payments,Client/Customer (Non-Trade)
Childrens & Educational Services,Redacted  Personal Data,10/26/2015,165.34,Care Payments,Client/Customer (Non-Trade)
Childrens & Educational Services,Redacted  Personal Data,10/5/2015,"4,027.64",Care Payments,Client/Customer (Non-Trade)
Childrens & Educational Services,Redacted  Personal Data,10/5/2015,148.54,Care Payments,Client/Customer (Non-Trade)
Childrens & Educational Services,Redacted  Personal Data,10/12/2015,148.54,Care Payments,Client/Customer (Non-Trade)
Childrens & Educational Services,Redacted  Personal Data,10/19/2015,148.54,Care Payments,Client/Customer (Non-Trade)
Childrens & Educational Services,Redacted  Personal Data,10/26/2015,148.54,Care Payments,Client/Customer (Non-Trade)
Childrens & Educational Services,Redacted  Personal Data,10/7/2015,319.3,Care Payments,Client/Customer (Non-Trade)
Childrens & Educational Services,Redacted  Personal Data,10/14/2015,319.3,Care Payments,Client/Customer (Non-Trade)
Childrens & Educational Services,Redacted  Personal Data,10/21/2015,319.3,Care Payments,Client/Customer (Non-Trade)
Childrens & Educational Services,Redacted  Personal Data,10/28/2015,319.3,Care Payments,Client/Customer (Non-Trade)
Childrens & Educational Services,Redacted  Personal Data,10/5/2015,833.73,Care Payments,Client/Customer (Non-Trade)
Childrens & Educational Services,Redacted  Personal Data,10/12/2015,833.73,Care Payments,Client/Customer (Non-Trade)
Childrens & Educational Services,Redacted  Personal Data,10/19/2015,833.73,Care Payments,Client/Customer (Non-Trade)
Childrens & Educational Services,Redacted  Personal Data,10/26/2015,833.73,Care Payments,Client/Customer (Non-Trade)
Childrens & Educational Services,Redacted  Personal Data,10/7/2015,319.3,Care Payments,Client/Customer (Non-Trade)
Childrens & Educational Services,Redacted  Personal Data,10/14/2015,319.3,Care Payments,Client/Customer (Non-Trade)
Childrens & Educational Services,Redacted  Personal Data,10/21/2015,319.3,Care Payments,Client/Customer (Non-Trade)
Childrens & Educational Services,Redacted  Personal Data,10/28/2015,319.3,Care Payments,Client/Customer (Non-Trade)
Childrens & Educational Services,Redacted  Personal Data,10/5/2015,960.43,Care Payments,Client/Customer (Non-Trade)
Childrens & Educational Services,Redacted  Personal Data,10/12/2015,960.43,Care Payments,Client/Customer (Non-Trade)
Childrens & Educational Services,Redacted  Personal Data,10/19/2015,960.43,Care Payments,Client/Customer (Non-Trade)
Childrens & Educational Services,Redacted  Personal Data,10/26/2015,960.43,Care Payments,Client/Customer (Non-Trade)
Childrens & Educational Services,Redacted  Personal Data,10/5/2015,57.47,Care Payments,Client/Customer (Non-Trade)
Childrens & Educational Services,Redacted  Personal Data,10/12/2015,57.47,Care Payments,Client/Customer (Non-Trade)
Childrens & Educational Services,Redacted  Personal Data,10/19/2015,57.47,Care Payments,Client/Customer (Non-Trade)
Childrens & Educational Services,Redacted  Personal Data,10/26/2015,57.47,Care Payments,Client/Customer (Non-Trade)
Childrens & Educational Services,Redacted  Personal Data,10/7/2015,118.06,Care Payments,Client/Customer (Non-Trade)
Childrens & Educational Services,Redacted  Personal Data,10/14/2015,118.06,Care Payments,Client/Customer (Non-Trade)
Childrens & Educational Services,Redacted  Personal Data,10/21/2015,118.06,Care Payments,Client/Customer (Non-Trade)
Childrens & Educational Services,Redacted  Personal Data,10/28/2015,118.06,Care Payments,Client/Customer (Non-Trade)
Childrens & Educational Services,Redacted  Personal Data,10/5/2015,414.61,Care Payments,Client/Customer (Non-Trade)
Childrens & Educational Services,Redacted  Personal Data,10/12/2015,414.61,Care Payments,Client/Customer (Non-Trade)
Childrens & Educational Services,Redacted  Personal Data,10/19/2015,414.61,Care Payments,Client/Customer (Non-Trade)
Childrens & Educational Services,Redacted  Personal Data,10/26/2015,414.61,Care Payments,Client/Customer (Non-Trade)
Childrens & Educational Services,Redacted  Personal Data,10/7/2015,25,Care Payments,Client/Customer (Non-Trade)
Childrens & Educational Services,Redacted  Personal Data,10/14/2015,25,Care Payments,Client/Customer (Non-Trade)
Childrens & Educational Services,Redacted  Personal Data,10/21/2015,25,Care Payments,Client/Customer (Non-Trade)
Childrens & Educational Services,Redacted  Personal Data,10/21/2015,147.15,Care Payments,Client/Customer (Non-Trade)
Childrens & Educational Services,Redacted  Personal Data,10/28/2015,25,Care Payments,Client/Customer (Non-Trade)
Childrens & Educational Services,Redacted  Personal Data,10/5/2015,136.73,Care Payments,Client/Customer (Non-Trade)
Childrens & Educational Services,Redacted  Personal Data,10/12/2015,136.73,Care Payments,Client/Customer (Non-Trade)
Childrens & Educational Services,Redacted  Personal Data,10/19/2015,136.73,Care Payments,Client/Customer (Non-Trade)
Childrens & Educational Services,Redacted  Personal Data,10/26/2015,136.73,Care Payments,Client/Customer (Non-Trade)
Childrens & Educational Services,Redacted  Personal Data,10/7/2015,319.3,Care Payments,Client/Customer (Non-Trade)
Childrens & Educational Services,Redacted  Personal Data,10/14/2015,319.3,Care Payments,Client/Customer (Non-Trade)
Childrens & Educational Services,Redacted  Personal Data,10/21/2015,319.3,Care Payments,Client/Customer (Non-Trade)
Childrens & Educational Services,Redacted  Personal Data,10/28/2015,319.3,Care Payments,Client/Customer (Non-Trade)
Childrens & Educational Services,Redacted  Personal Data,10/7/2015,319.3,Care Payments,Client/Customer (Non-Trade)
Childrens & Educational Services,Redacted  Personal Data,10/14/2015,319.3,Care Payments,Client/Customer (Non-Trade)
Childrens & Educational Services,Redacted  Personal Data,10/21/2015,319.3,Care Payments,Client/Customer (Non-Trade)
Childrens & Educational Services,Redacted  Personal Data,10/28/2015,319.3,Care Payments,Client/Customer (Non-Trade)
Childrens & Educational Services,Redacted  Personal Data,10/7/2015,319.3,Care Payments,Client/Customer (Non-Trade)
Childrens & Educational Services,Redacted  Personal Data,10/14/2015,319.3,Care Payments,Client/Customer (Non-Trade)
Childrens & Educational Services,Redacted  Personal Data,10/21/2015,319.3,Care Payments,Client/Customer (Non-Trade)
Childrens & Educational Services,Redacted  Personal Data,10/28/2015,319.3,Care Payments,Client/Customer (Non-Trade)
Childrens & Educational Services,Redacted  Personal Data,10/5/2015,136.99,Care Payments,Client/Customer (Non-Trade)
Childrens & Educational Services,Redacted  Personal Data,10/12/2015,136.99,Care Payments,Client/Customer (Non-Trade)
Childrens & Educational Services,Redacted  Personal Data,10/19/2015,136.99,Care Payments,Client/Customer (Non-Trade)
Childrens & Educational Services,Redacted  Personal Data,10/26/2015,136.99,Care Payments,Client/Customer (Non-Trade)
Childrens & Educational Services,Redacted  Personal Data,10/5/2015,540.71,Care Payments,Client/Customer (Non-Trade)
Childrens & Educational Services,Redacted  Personal Data,10/12/2015,379.05,Care Payments,Client/Customer (Non-Trade)
Childrens & Educational Services,Redacted  Personal Data,10/19/2015,379.05,Care Payments,Client/Customer (Non-Trade)
Childrens & Educational Services,Redacted  Personal Data,10/26/2015,379.05,Care Payments,Client/Customer (Non-Trade)
Childrens & Educational Services,Redacted  Personal Data,10/5/2015,759.78,Care Payments,Client/Customer (Non-Trade)
Childrens & Educational Services,Redacted  Personal Data,10/12/2015,759.78,Care Payments,Client/Customer (Non-Trade)
Childrens & Educational Services,Redacted  Personal Data,10/19/2015,759.78,Care Payments,Client/Customer (Non-Trade)
Childrens & Educational Services,Redacted  Personal Data,10/26/2015,759.78,Care Payments,Client/Customer (Non-Trade)
Childrens & Educational Services,Redacted  Personal Data,10/7/2015,319.3,Care Payments,Client/Customer (Non-Trade)
Childrens & Educational Services,Redacted  Personal Data,10/14/2015,319.3,Care Payments,Client/Customer (Non-Trade)
Childrens & Educational Services,Redacted  Personal Data,10/21/2015,319.3,Care Payments,Client/Customer (Non-Trade)
Childrens & Educational Services,Redacted  Personal Data,10/28/2015,319.3,Care Payments,Client/Customer (Non-Trade)
Childrens & Educational Services,Redacted  Personal Data,10/7/2015,319.3,Care Payments,Client/Customer (Non-Trade)
Childrens & Educational Services,Redacted  Personal Data,10/14/2015,319.3,Care Payments,Client/Customer (Non-Trade)
Childrens & Educational Services,Redacted  Personal Data,10/21/2015,319.3,Care Payments,Client/Customer (Non-Trade)
Childrens & Educational Services,Redacted  Personal Data,10/28/2015,319.3,Care Payments,Client/Customer (Non-Trade)
Childrens & Educational Services,Redacted  Personal Data,10/5/2015,240.66,Care Payments,Client/Customer (Non-Trade)
Childrens & Educational Services,Redacted  Personal Data,10/12/2015,240.66,Care Payments,Client/Customer (Non-Trade)
Childrens & Educational Services,Redacted  Personal Data,10/19/2015,240.66,Care Payments,Client/Customer (Non-Trade)
Childrens & Educational Services,Redacted  Personal Data,10/26/2015,240.66,Care Payments,Client/Customer (Non-Trade)
Childrens & Educational Services,Redacted  Personal Data,10/16/2015,937.5,Care Payments,Client/Customer (Non-Trade)
Childrens & Educational Services,Redacted  Personal Data,10/5/2015,562.45,Care Payments,Client/Customer (Non-Trade)
Childrens & Educational Services,Redacted  Personal Data,10/12/2015,562.45,Care Payments,Client/Customer (Non-Trade)
Childrens & Educational Services,Redacted  Personal Data,10/19/2015,562.45,Care Payments,Client/Customer (Non-Trade)
Childrens & Educational Services,Redacted  Personal Data,10/26/2015,562.45,Care Payments,Client/Customer (Non-Trade)
Childrens & Educational Services,Redacted  Personal Data,10/5/2015,228.34,Care Payments,Client/Customer (Non-Trade)
Childrens & Educational Services,Redacted  Personal Data,10/12/2015,228.34,Care Payments,Client/Customer (Non-Trade)
Childrens & Educational Services,Redacted  Personal Data,10/19/2015,228.34,Care Payments,Client/Customer (Non-Trade)
Childrens & Educational Services,Redacted  Personal Data,10/26/2015,228.34,Care Payments,Client/Customer (Non-Trade)
Childrens & Educational Services,Redacted  Personal Data,10/5/2015,312.06,Care Payments,Client/Customer (Non-Trade)
Childrens & Educational Services,Redacted  Personal Data,10/12/2015,170.94,Care Payments,Client/Customer (Non-Trade)
Childrens & Educational Services,Redacted  Personal Data,10/19/2015,170.94,Care Payments,Client/Customer (Non-Trade)
Childrens & Educational Services,Redacted  Personal Data,10/26/2015,170.94,Care Payments,Client/Customer (Non-Trade)
Childrens & Educational Services,Redacted  Personal Data,10/5/2015,299.67,Care Payments,Client/Customer (Non-Trade)
Childrens & Educational Services,Redacted  Personal Data,10/12/2015,299.67,Care Payments,Client/Customer (Non-Trade)
Childrens & Educational Services,Redacted  Personal Data,10/19/2015,299.67,Care Payments,Client/Customer (Non-Trade)
Childrens & Educational Services,Redacted  Personal Data,10/26/2015,299.67,Care Payments,Client/Customer (Non-Trade)
Childrens & Educational Services,Redacted  Personal Data,10/5/2015,249.27,Care Payments,Client/Customer (Non-Trade)
Childrens & Educational Services,Redacted  Personal Data,10/12/2015,249.27,Care Payments,Client/Customer (Non-Trade)
Childrens & Educational Services,Redacted  Personal Data,10/19/2015,249.27,Care Payments,Client/Customer (Non-Trade)
Childrens & Educational Services,Redacted  Personal Data,10/26/2015,249.27,Care Payments,Client/Customer (Non-Trade)
Childrens & Educational Services,Redacted  Personal Data,10/5/2015,156.94,Care Payments,Client/Customer (Non-Trade)
Childrens & Educational Services,Redacted  Personal Data,10/5/2015,"1,022.00",Care Payments,Client/Customer (Non-Trade)
Childrens & Educational Services,Redacted  Personal Data,10/12/2015,156.94,Care Payments,Client/Customer (Non-Trade)
Childrens & Educational Services,Redacted  Personal Data,10/12/2015,"1,022.00",Care Payments,Client/Customer (Non-Trade)
Childrens & Educational Services,Redacted  Personal Data,10/19/2015,156.94,Care Payments,Client/Customer (Non-Trade)
Childrens & Educational Services,Redacted  Personal Data,10/19/2015,"1,022.00",Care Payments,Client/Customer (Non-Trade)
Childrens & Educational Services,Redacted  Personal Data,10/26/2015,156.94,Care Payments,Client/Customer (Non-Trade)
Childrens & Educational Services,Redacted  Personal Data,10/26/2015,"1,022.00",Care Payments,Client/Customer (Non-Trade)
Childrens & Educational Services,Redacted  Personal Data,10/5/2015,133.42,Care Payments,Client/Customer (Non-Trade)
Childrens & Educational Services,Redacted  Personal Data,10/12/2015,133.42,Care Payments,Client/Customer (Non-Trade)
Childrens & Educational Services,Redacted  Personal Data,10/19/2015,133.42,Care Payments,Client/Customer (Non-Trade)
Childrens & Educational Services,Redacted  Personal Data,10/26/2015,133.42,Care Payments,Client/Customer (Non-Trade)
Childrens & Educational Services,Redacted  Personal Data,10/5/2015,414.61,Care Payments,Client/Customer (Non-Trade)
Childrens & Educational Services,Redacted  Personal Data,10/12/2015,414.61,Care Payments,Client/Customer (Non-Trade)
Childrens & Educational Services,Redacted  Personal Data,10/19/2015,414.61,Care Payments,Client/Customer (Non-Trade)
Childrens & Educational Services,Redacted  Personal Data,10/26/2015,414.61,Care Payments,Client/Customer (Non-Trade)
Childrens & Educational Services,Redacted  Personal Data,10/5/2015,352.41,Care Payments,Client/Customer (Non-Trade)
Childrens & Educational Services,Redacted  Personal Data,10/12/2015,511.41,Care Payments,Client/Customer (Non-Trade)
Childrens & Educational Services,Redacted  Personal Data,10/19/2015,352.41,Care Payments,Client/Customer (Non-Trade)
Childrens & Educational Services,Redacted  Personal Data,10/26/2015,352.41,Care Payments,Client/Customer (Non-Trade)
Childrens & Educational Services,Redacted  Personal Data,10/7/2015,319.3,Care Payments,Client/Customer (Non-Trade)
Childrens & Educational Services,Redacted  Personal Data,10/5/2015,597.8,Care Payments,Client/Customer (Non-Trade)
Childrens & Educational Services,Redacted  Personal Data,10/12/2015,469,Care Payments,Client/Customer (Non-Trade)
Childrens & Educational Services,Redacted  Personal Data,10/19/2015,469,Care Payments,Client/Customer (Non-Trade)
Childrens & Educational Services,Redacted  Personal Data,10/26/2015,469,Care Payments,Client/Customer (Non-Trade)
Childrens & Educational Services,Redacted  Personal Data,10/7/2015,319.3,Care Payments,Client/Customer (Non-Trade)
Childrens & Educational Services,Redacted  Personal Data,10/14/2015,319.3,Care Payments,Client/Customer (Non-Trade)
Childrens & Educational Services,Redacted  Personal Data,10/21/2015,319.3,Care Payments,Client/Customer (Non-Trade)
Childrens & Educational Services,Redacted  Personal Data,10/28/2015,319.3,Care Payments,Client/Customer (Non-Trade)
Childrens & Educational Services,Redacted  Personal Data,10/5/2015,149.66,Care Payments,Client/Customer (Non-Trade)
Childrens & Educational Services,Redacted  Personal Data,10/12/2015,149.66,Care Payments,Client/Customer (Non-Trade)
Childrens & Educational Services,Redacted  Personal Data,10/19/2015,149.66,Care Payments,Client/Customer (Non-Trade)
Childrens & Educational Services,Redacted  Personal Data,10/26/2015,149.66,Care Payments,Client/Customer (Non-Trade)
Childrens & Educational Services,Redacted  Personal Data,10/5/2015,127.68,Care Payments,Client/Customer (Non-Trade)
Childrens & Educational Services,Redacted  Personal Data,10/12/2015,127.68,Care Payments,Client/Customer (Non-Trade)
Childrens & Educational Services,Redacted  Personal Data,10/19/2015,127.68,Care Payments,Client/Customer (Non-Trade)
Childrens & Educational Services,Redacted  Personal Data,10/26/2015,127.68,Care Payments,Client/Customer (Non-Trade)
Childrens & Educational Services,Redacted  Personal Data,10/5/2015,481.32,Care Payments,Client/Customer (Non-Trade)
Childrens & Educational Services,Redacted  Personal Data,10/12/2015,481.32,Care Payments,Client/Customer (Non-Trade)
Childrens & Educational Services,Redacted  Personal Data,10/5/2015,671.07,Care Payments,Client/Customer (Non-Trade)
Childrens & Educational Services,Redacted  Personal Data,10/12/2015,379.05,Care Payments,Client/Customer (Non-Trade)
Childrens & Educational Services,Redacted  Personal Data,10/19/2015,463.72,Care Payments,Client/Customer (Non-Trade)
Childrens & Educational Services,Redacted  Personal Data,10/26/2015,379.05,Care Payments,Client/Customer (Non-Trade)
Childrens & Educational Services,Redacted  Personal Data,10/7/2015,319.3,Care Payments,Client/Customer (Non-Trade)
Childrens & Educational Services,Redacted  Personal Data,10/14/2015,319.3,Care Payments,Client/Customer (Non-Trade)
Childrens & Educational Services,Redacted  Personal Data,10/21/2015,319.3,Care Payments,Client/Customer (Non-Trade)
Childrens & Educational Services,Redacted  Personal Data,10/28/2015,319.3,Care Payments,Client/Customer (Non-Trade)
Childrens & Educational Services,Redacted  Personal Data,10/16/2015,"2,570.00",Care Payments,Client/Customer (Non-Trade)
Childrens & Educational Services,Redacted  Personal Data,10/5/2015,"1,146.07",Care Payments,Client/Customer (Non-Trade)
Childrens & Educational Services,Redacted  Personal Data,10/12/2015,"1,146.07",Care Payments,Client/Customer (Non-Trade)
Childrens & Educational Services,Redacted  Personal Data,10/19/2015,"1,146.07",Care Payments,Client/Customer (Non-Trade)
Childrens & Educational Services,Redacted  Personal Data,10/26/2015,"1,146.07",Care Payments,Client/Customer (Non-Trade)
Childrens & Educational Services,Redacted  Personal Data,10/5/2015,138.32,Care Payments,Client/Customer (Non-Trade)
Childrens & Educational Services,Redacted  Personal Data,10/5/2015,154.91,Care Payments,Client/Customer (Non-Trade)
Childrens & Educational Services,Redacted  Personal Data,10/12/2015,138.32,Care Payments,Client/Customer (Non-Trade)
Childrens & Educational Services,Redacted  Personal Data,10/12/2015,154.91,Care Payments,Client/Customer (Non-Trade)
Childrens & Educational Services,Redacted  Personal Data,10/19/2015,138.32,Care Payments,Client/Customer (Non-Trade)
Childrens & Educational Services,Redacted  Personal Data,10/19/2015,154.91,Care Payments,Client/Customer (Non-Trade)
Childrens & Educational Services,Redacted  Personal Data,10/26/2015,138.32,Care Payments,Client/Customer (Non-Trade)
Childrens & Educational Services,Redacted  Personal Data,10/26/2015,154.91,Care Payments,Client/Customer (Non-Trade)
Childrens & Educational Services,Redacted  Personal Data,10/5/2015,352.41,Care Payments,Client/Customer (Non-Trade)
Childrens & Educational Services,Redacted  Personal Data,10/12/2015,352.41,Care Payments,Client/Customer (Non-Trade)
Childrens & Educational Services,Redacted  Personal Data,10/19/2015,352.41,Care Payments,Client/Customer (Non-Trade)
Childrens & Educational Services,Redacted  Personal Data,10/26/2015,352.41,Care Payments,Client/Customer (Non-Trade)
Childrens & Educational Services,Redacted  Personal Data,10/5/2015,883.61,Care Payments,Client/Customer (Non-Trade)
Childrens & Educational Services,Redacted  Personal Data,10/12/2015,765.15,Care Payments,Client/Customer (Non-Trade)
Childrens & Educational Services,Redacted  Personal Data,10/19/2015,469,Care Payments,Client/Customer (Non-Trade)
Childrens & Educational Services,Redacted  Personal Data,10/26/2015,469,Care Payments,Client/Customer (Non-Trade)
Childrens & Educational Services,Redacted  Personal Data,10/14/2015,410.53,Care Payments,Client/Customer (Non-Trade)
Childrens & Educational Services,Redacted  Personal Data,10/21/2015,319.3,Care Payments,Client/Customer (Non-Trade)
Childrens & Educational Services,Redacted  Personal Data,10/28/2015,319.3,Care Payments,Client/Customer (Non-Trade)
Childrens & Educational Services,Redacted  Personal Data,10/2/2015,200,Care Payments,Client/Customer (Non-Trade)
Childrens & Educational Services,Redacted  Personal Data,10/12/2015,100,Care Payments,Client/Customer (Non-Trade)
Childrens & Educational Services,Redacted  Personal Data,10/23/2015,95,Care Payments,Client/Customer (Non-Trade)
Childrens & Educational Services,Redacted  Personal Data,10/30/2015,100,Care Payments,Client/Customer (Non-Trade)
Childrens & Educational Services,Redacted  Personal Data,10/5/2015,379.05,Care Payments,Client/Customer (Non-Trade)
Childrens & Educational Services,Redacted  Personal Data,10/12/2015,379.05,Care Payments,Client/Customer (Non-Trade)
Childrens & Educational Services,Redacted  Personal Data,10/19/2015,379.05,Care Payments,Client/Customer (Non-Trade)
Childrens & Educational Services,Redacted  Personal Data,10/26/2015,379.05,Care Payments,Client/Customer (Non-Trade)
Childrens & Educational Services,Redacted  Personal Data,10/5/2015,829.22,Care Payments,Client/Customer (Non-Trade)
Childrens & Educational Services,Redacted  Personal Data,10/12/2015,829.22,Care Payments,Client/Customer (Non-Trade)
Childrens & Educational Services,Redacted  Personal Data,10/19/2015,829.22,Care Payments,Client/Customer (Non-Trade)
Childrens & Educational Services,Redacted  Personal Data,10/26/2015,829.22,Care Payments,Client/Customer (Non-Trade)
Childrens & Educational Services,Redacted  Personal Data,10/5/2015,240.66,Care Payments,Client/Customer (Non-Trade)
Childrens & Educational Services,Redacted  Personal Data,10/12/2015,240.66,Care Payments,Client/Customer (Non-Trade)
Childrens & Educational Services,Redacted  Personal Data,10/19/2015,240.66,Care Payments,Client/Customer (Non-Trade)
Childrens & Educational Services,Redacted  Personal Data,10/26/2015,240.66,Care Payments,Client/Customer (Non-Trade)
Childrens & Educational Services,Redacted  Personal Data,10/5/2015,228.34,Care Payments,Client/Customer (Non-Trade)
Childrens & Educational Services,Redacted  Personal Data,10/12/2015,228.34,Care Payments,Client/Customer (Non-Trade)
Childrens & Educational Services,Redacted  Personal Data,10/19/2015,228.34,Care Payments,Client/Customer (Non-Trade)
Childrens & Educational Services,Redacted  Personal Data,10/26/2015,228.34,Care Payments,Client/Customer (Non-Trade)
Childrens & Educational Services,Redacted  Personal Data,10/5/2015,379.05,Care Payments,Client/Customer (Non-Trade)
Childrens & Educational Services,Redacted  Personal Data,10/12/2015,379.05,Care Payments,Client/Customer (Non-Trade)
Childrens & Educational Services,Redacted  Personal Data,10/19/2015,379.05,Care Payments,Client/Customer (Non-Trade)
Childrens & Educational Services,Redacted  Personal Data,10/26/2015,379.05,Care Payments,Client/Customer (Non-Trade)
Childrens & Educational Services,Redacted  Personal Data,10/5/2015,175.14,Care Payments,Client/Customer (Non-Trade)
Childrens & Educational Services,Redacted  Personal Data,10/12/2015,175.14,Care Payments,Client/Customer (Non-Trade)
Childrens & Educational Services,Redacted  Personal Data,10/19/2015,329.28,Care Payments,Client/Customer (Non-Trade)
Childrens & Educational Services,Redacted  Personal Data,10/26/2015,175.14,Care Payments,Client/Customer (Non-Trade)
Childrens & Educational Services,Redacted  Personal Data,10/5/2015,619.71,Care Payments,Client/Customer (Non-Trade)
Childrens & Educational Services,Redacted  Personal Data,10/12/2015,619.71,Care Payments,Client/Customer (Non-Trade)
Childrens & Educational Services,Redacted  Personal Data,10/19/2015,619.71,Care Payments,Client/Customer (Non-Trade)
Childrens & Educational Services,Redacted  Personal Data,10/26/2015,619.71,Care Payments,Client/Customer (Non-Trade)
Childrens & Educational Services,Redacted  Personal Data,10/5/2015,148.54,Care Payments,Client/Customer (Non-Trade)
Childrens & Educational Services,Redacted  Personal Data,10/12/2015,148.54,Care Payments,Client/Customer (Non-Trade)
Childrens & Educational Services,Redacted  Personal Data,10/19/2015,148.54,Care Payments,Client/Customer (Non-Trade)
Childrens & Educational Services,Redacted  Personal Data,10/26/2015,148.54,Care Payments,Client/Customer (Non-Trade)
Childrens & Educational Services,Redacted  Personal Data,10/5/2015,619.71,Care Payments,Client/Customer (Non-Trade)
Childrens & Educational Services,Redacted  Personal Data,10/12/2015,619.71,Care Payments,Client/Customer (Non-Trade)
Childrens & Educational Services,Redacted  Personal Data,10/19/2015,619.71,Care Payments,Client/Customer (Non-Trade)
Childrens & Educational Services,Redacted  Personal Data,10/26/2015,619.71,Care Payments,Client/Customer (Non-Trade)
Childrens & Educational Services,Redacted  Personal Data,10/5/2015,188.72,Care Payments,Client/Customer (Non-Trade)
Childrens & Educational Services,Redacted  Personal Data,10/12/2015,188.72,Care Payments,Client/Customer (Non-Trade)
Childrens & Educational Services,Redacted  Personal Data,10/19/2015,188.72,Care Payments,Client/Customer (Non-Trade)
Childrens & Educational Services,Redacted  Personal Data,10/26/2015,188.72,Care Payments,Client/Customer (Non-Trade)
Childrens & Educational Services,Redacted  Personal Data,10/5/2015,731.46,Care Payments,Client/Customer (Non-Trade)
Childrens & Educational Services,Redacted  Personal Data,10/12/2015,731.46,Care Payments,Client/Customer (Non-Trade)
Childrens & Educational Services,Redacted  Personal Data,10/19/2015,731.46,Care Payments,Client/Customer (Non-Trade)
Childrens & Educational Services,Redacted  Personal Data,10/26/2015,731.46,Care Payments,Client/Customer (Non-Trade)
Childrens & Educational Services,Redacted  Personal Data,10/5/2015,179.41,Care Payments,Client/Customer (Non-Trade)
Childrens & Educational Services,Redacted  Personal Data,10/5/2015,379.05,Care Payments,Client/Customer (Non-Trade)
Childrens & Educational Services,Redacted  Personal Data,10/12/2015,179.41,Care Payments,Client/Customer (Non-Trade)
Childrens & Educational Services,Redacted  Personal Data,10/12/2015,379.05,Care Payments,Client/Customer (Non-Trade)
Childrens & Educational Services,Redacted  Personal Data,10/19/2015,179.41,Care Payments,Client/Customer (Non-Trade)
Childrens & Educational Services,Redacted  Personal Data,10/19/2015,379.05,Care Payments,Client/Customer (Non-Trade)
Childrens & Educational Services,Redacted  Personal Data,10/26/2015,179.41,Care Payments,Client/Customer (Non-Trade)
Childrens & Educational Services,Redacted  Personal Data,10/26/2015,379.05,Care Payments,Client/Customer (Non-Trade)
Childrens & Educational Services,Redacted  Personal Data,10/5/2015,481.32,Care Payments,Client/Customer (Non-Trade)
Childrens & Educational Services,Redacted  Personal Data,10/12/2015,481.32,Care Payments,Client/Customer (Non-Trade)
Childrens & Educational Services,Redacted  Personal Data,10/19/2015,622.44,Care Payments,Client/Customer (Non-Trade)
Childrens & Educational Services,Redacted  Personal Data,10/26/2015,481.32,Care Payments,Client/Customer (Non-Trade)
Childrens & Educational Services,Redacted  Personal Data,10/5/2015,379.05,Care Payments,Client/Customer (Non-Trade)
Childrens & Educational Services,Redacted  Personal Data,10/12/2015,379.05,Care Payments,Client/Customer (Non-Trade)
Childrens & Educational Services,Redacted  Personal Data,10/19/2015,379.05,Care Payments,Client/Customer (Non-Trade)
Childrens & Educational Services,Redacted  Personal Data,10/26/2015,379.05,Care Payments,Client/Customer (Non-Trade)
Childrens & Educational Services,Redacted  Personal Data,10/7/2015,"4,275.00",Care Payments,Client/Customer (Non-Trade)
Childrens & Educational Services,Redacted  Personal Data,10/5/2015,420.84,Care Payments,Client/Customer (Non-Trade)
Childrens & Educational Services,Redacted  Personal Data,10/5/2015,104.5,Care Payments,Client/Customer (Non-Trade)
Childrens & Educational Services,Redacted  Personal Data,10/12/2015,420.84,Care Payments,Client/Customer (Non-Trade)
Childrens & Educational Services,Redacted  Personal Data,10/19/2015,420.84,Care Payments,Client/Customer (Non-Trade)
Childrens & Educational Services,Redacted  Personal Data,10/26/2015,420.84,Care Payments,Client/Customer (Non-Trade)
Childrens & Educational Services,Redacted  Personal Data,10/5/2015,337.19,Care Payments,Client/Customer (Non-Trade)
Childrens & Educational Services,Redacted  Personal Data,10/12/2015,337.19,Care Payments,Client/Customer (Non-Trade)
Childrens & Educational Services,Redacted  Personal Data,10/19/2015,337.19,Care Payments,Client/Customer (Non-Trade)
Childrens & Educational Services,Redacted  Personal Data,10/26/2015,337.19,Care Payments,Client/Customer (Non-Trade)
Childrens & Educational Services,Redacted  Personal Data,10/2/2015,230,Care Payments,Client/Customer (Non-Trade)
Childrens & Educational Services,Redacted  Personal Data,10/12/2015,197.5,Care Payments,Client/Customer (Non-Trade)
Childrens & Educational Services,Redacted  Personal Data,10/16/2015,232.5,Care Payments,Client/Customer (Non-Trade)
Childrens & Educational Services,Redacted  Personal Data,10/23/2015,307.5,Care Payments,Client/Customer (Non-Trade)
Childrens & Educational Services,Redacted  Personal Data,10/5/2015,414.61,Care Payments,Client/Customer (Non-Trade)
Childrens & Educational Services,Redacted  Personal Data,10/12/2015,414.61,Care Payments,Client/Customer (Non-Trade)
Childrens & Educational Services,Redacted  Personal Data,10/19/2015,414.61,Care Payments,Client/Customer (Non-Trade)
Childrens & Educational Services,Redacted  Personal Data,10/26/2015,635.81,Care Payments,Client/Customer (Non-Trade)
Childrens & Educational Services,Redacted  Personal Data,10/5/2015,229.32,Care Payments,Client/Customer (Non-Trade)
Childrens & Educational Services,Redacted  Personal Data,10/12/2015,229.32,Care Payments,Client/Customer (Non-Trade)
Childrens & Educational Services,Redacted  Personal Data,10/19/2015,229.32,Care Payments,Client/Customer (Non-Trade)
Childrens & Educational Services,Redacted  Personal Data,10/26/2015,370.44,Care Payments,Client/Customer (Non-Trade)
Childrens & Educational Services,Redacted  Personal Data,10/5/2015,234.22,Care Payments,Client/Customer (Non-Trade)
Childrens & Educational Services,Redacted  Personal Data,10/12/2015,234.22,Care Payments,Client/Customer (Non-Trade)
Childrens & Educational Services,Redacted  Personal Data,10/19/2015,234.22,Care Payments,Client/Customer (Non-Trade)
Childrens & Educational Services,Redacted  Personal Data,10/26/2015,234.22,Care Payments,Client/Customer (Non-Trade)
Childrens & Educational Services,Redacted  Personal Data,10/1/2015,300.12,Care Payments,Client/Customer (Non-Trade)
Childrens & Educational Services,Redacted  Personal Data,10/1/2015,300.12,Care Payments,Client/Customer (Non-Trade)
Childrens & Educational Services,Redacted  Personal Data,10/8/2015,300.12,Care Payments,Client/Customer (Non-Trade)
Childrens & Educational Services,Redacted  Personal Data,10/15/2015,300.12,Care Payments,Client/Customer (Non-Trade)
Childrens & Educational Services,Redacted  Personal Data,10/22/2015,300.12,Care Payments,Client/Customer (Non-Trade)
Childrens & Educational Services,Redacted  Personal Data,10/29/2015,300.12,Care Payments,Client/Customer (Non-Trade)
Childrens & Educational Services,Redacted  Personal Data,10/5/2015,133.44,Care Payments,Client/Customer (Non-Trade)
Childrens & Educational Services,Redacted  Personal Data,10/12/2015,133.44,Care Payments,Client/Customer (Non-Trade)
Childrens & Educational Services,Redacted  Personal Data,10/19/2015,133.44,Care Payments,Client/Customer (Non-Trade)
Childrens & Educational Services,Redacted  Personal Data,10/26/2015,133.44,Care Payments,Client/Customer (Non-Trade)
Childrens & Educational Services,Redacted  Personal Data,10/5/2015,"1,110.51",Care Payments,Client/Customer (Non-Trade)
Childrens & Educational Services,Redacted  Personal Data,10/12/2015,"1,110.51",Care Payments,Client/Customer (Non-Trade)
Childrens & Educational Services,Redacted  Personal Data,10/19/2015,"1,110.51",Care Payments,Client/Customer (Non-Trade)
Childrens & Educational Services,Redacted  Personal Data,10/26/2015,"1,110.51",Care Payments,Client/Customer (Non-Trade)
Childrens & Educational Services,Redacted  Personal Data,10/5/2015,208.6,Care Payments,Client/Customer (Non-Trade)
Childrens & Educational Services,Redacted  Personal Data,10/12/2015,208.6,Care Payments,Client/Customer (Non-Trade)
Childrens & Educational Services,Redacted  Personal Data,10/19/2015,208.6,Care Payments,Client/Customer (Non-Trade)
Childrens & Educational Services,Redacted  Personal Data,10/26/2015,208.6,Care Payments,Client/Customer (Non-Trade)
Childrens & Educational Services,Redacted  Personal Data,10/5/2015,243.39,Care Payments,Client/Customer (Non-Trade)
Childrens & Educational Services,Redacted  Personal Data,10/12/2015,243.39,Care Payments,Client/Customer (Non-Trade)
Childrens & Educational Services,Redacted  Personal Data,10/19/2015,243.39,Care Payments,Client/Customer (Non-Trade)
Childrens & Educational Services,Redacted  Personal Data,10/26/2015,243.39,Care Payments,Client/Customer (Non-Trade)
Childrens & Educational Services,Redacted  Personal Data,10/5/2015,379.05,Care Payments,Client/Customer (Non-Trade)
Childrens & Educational Services,Redacted  Personal Data,10/12/2015,379.05,Care Payments,Client/Customer (Non-Trade)
Childrens & Educational Services,Redacted  Personal Data,10/19/2015,379.05,Care Payments,Client/Customer (Non-Trade)
Childrens & Educational Services,Redacted  Personal Data,10/26/2015,420.09,Care Payments,Client/Customer (Non-Trade)
Childrens & Educational Services,Redacted  Personal Data,10/5/2015,228.34,Care Payments,Client/Customer (Non-Trade)
Childrens & Educational Services,Redacted  Personal Data,10/12/2015,228.34,Care Payments,Client/Customer (Non-Trade)
Childrens & Educational Services,Redacted  Personal Data,10/19/2015,130.48,Care Payments,Client/Customer (Non-Trade)
Childrens & Educational Services,Redacted  Personal Data,10/5/2015,213.85,Care Payments,Client/Customer (Non-Trade)
Childrens & Educational Services,Redacted  Personal Data,10/12/2015,213.85,Care Payments,Client/Customer (Non-Trade)
Childrens & Educational Services,Redacted  Personal Data,10/19/2015,213.85,Care Payments,Client/Customer (Non-Trade)
Childrens & Educational Services,Redacted  Personal Data,10/26/2015,213.85,Care Payments,Client/Customer (Non-Trade)
Childrens & Educational Services,Redacted  Personal Data,10/5/2015,414.61,Care Payments,Client/Customer (Non-Trade)
Childrens & Educational Services,Redacted  Personal Data,10/12/2015,914.61,Care Payments,Client/Customer (Non-Trade)
Childrens & Educational Services,Redacted  Personal Data,10/19/2015,414.61,Care Payments,Client/Customer (Non-Trade)
Childrens & Educational Services,Redacted  Personal Data,10/26/2015,414.61,Care Payments,Client/Customer (Non-Trade)
Childrens & Educational Services,Redacted  Personal Data,10/5/2015,185.85,Care Payments,Client/Customer (Non-Trade)
Childrens & Educational Services,Redacted  Personal Data,10/12/2015,185.85,Care Payments,Client/Customer (Non-Trade)
Childrens & Educational Services,Redacted  Personal Data,10/19/2015,185.85,Care Payments,Client/Customer (Non-Trade)
Childrens & Educational Services,Redacted  Personal Data,10/26/2015,185.85,Care Payments,Client/Customer (Non-Trade)
Childrens & Educational Services,Redacted  Personal Data,10/5/2015,133.77,Care Payments,Client/Customer (Non-Trade)
Childrens & Educational Services,Redacted  Personal Data,10/12/2015,274.89,Care Payments,Client/Customer (Non-Trade)
Childrens & Educational Services,Redacted  Personal Data,10/19/2015,133.77,Care Payments,Client/Customer (Non-Trade)
Childrens & Educational Services,Redacted  Personal Data,10/26/2015,133.77,Care Payments,Client/Customer (Non-Trade)
Childrens & Educational Services,Redacted  Personal Data,10/5/2015,240.66,Care Payments,Client/Customer (Non-Trade)
Childrens & Educational Services,Redacted  Personal Data,10/12/2015,240.66,Care Payments,Client/Customer (Non-Trade)
Childrens & Educational Services,Redacted  Personal Data,10/19/2015,240.66,Care Payments,Client/Customer (Non-Trade)
Childrens & Educational Services,Redacted  Personal Data,10/26/2015,240.66,Care Payments,Client/Customer (Non-Trade)
Childrens & Educational Services,Redacted  Personal Data,10/5/2015,172.06,Care Payments,Client/Customer (Non-Trade)
Childrens & Educational Services,Redacted  Personal Data,10/12/2015,172.06,Care Payments,Client/Customer (Non-Trade)
Childrens & Educational Services,Redacted  Personal Data,10/19/2015,172.06,Care Payments,Client/Customer (Non-Trade)
Childrens & Educational Services,Redacted  Personal Data,10/26/2015,172.06,Care Payments,Client/Customer (Non-Trade)
Childrens & Educational Services,Redacted  Personal Data,10/19/2015,758,Care Payments,Client/Customer (Non-Trade)
Childrens & Educational Services,Redacted  Personal Data,10/5/2015,159.81,Care Payments,Client/Customer (Non-Trade)
Childrens & Educational Services,Redacted  Personal Data,10/12/2015,159.81,Care Payments,Client/Customer (Non-Trade)
Childrens & Educational Services,Redacted  Personal Data,10/19/2015,159.81,Care Payments,Client/Customer (Non-Trade)
Childrens & Educational Services,Redacted  Personal Data,10/26/2015,159.81,Care Payments,Client/Customer (Non-Trade)
Childrens & Educational Services,Redacted  Personal Data,10/5/2015,338.35,Care Payments,Client/Customer (Non-Trade)
Childrens & Educational Services,Redacted  Personal Data,10/12/2015,338.35,Care Payments,Client/Customer (Non-Trade)
Childrens & Educational Services,Redacted  Personal Data,10/19/2015,338.35,Care Payments,Client/Customer (Non-Trade)
Childrens & Educational Services,Redacted  Personal Data,10/26/2015,338.35,Care Payments,Client/Customer (Non-Trade)
Childrens & Educational Services,Redacted  Personal Data,10/5/2015,619.71,Care Payments,Client/Customer (Non-Trade)
Childrens & Educational Services,Redacted  Personal Data,10/12/2015,619.71,Care Payments,Client/Customer (Non-Trade)
Childrens & Educational Services,Redacted  Personal Data,10/19/2015,619.71,Care Payments,Client/Customer (Non-Trade)
Childrens & Educational Services,Redacted  Personal Data,10/26/2015,619.71,Care Payments,Client/Customer (Non-Trade)
Childrens & Educational Services,Redacted  Personal Data,10/5/2015,292.81,Care Payments,Client/Customer (Non-Trade)
Childrens & Educational Services,Redacted  Personal Data,10/12/2015,292.81,Care Payments,Client/Customer (Non-Trade)
Childrens & Educational Services,Redacted  Personal Data,10/19/2015,292.81,Care Payments,Client/Customer (Non-Trade)
Childrens & Educational Services,Redacted  Personal Data,10/26/2015,292.81,Care Payments,Client/Customer (Non-Trade)
Childrens & Educational Services,Redacted  Personal Data,10/5/2015,619.71,Care Payments,Client/Customer (Non-Trade)
Childrens & Educational Services,Redacted  Personal Data,10/12/2015,619.71,Care Payments,Client/Customer (Non-Trade)
Childrens & Educational Services,Redacted  Personal Data,10/19/2015,619.71,Care Payments,Client/Customer (Non-Trade)
Childrens & Educational Services,Redacted  Personal Data,10/26/2015,619.71,Care Payments,Client/Customer (Non-Trade)
Childrens & Educational Services,Redacted  Personal Data,10/2/2015,95,Care Payments,Client/Customer (Non-Trade)
Childrens & Educational Services,Redacted  Personal Data,10/12/2015,295,Care Payments,Client/Customer (Non-Trade)
Childrens & Educational Services,Redacted  Personal Data,10/23/2015,75,Care Payments,Client/Customer (Non-Trade)
Childrens & Educational Services,Redacted  Personal Data,10/30/2015,555,Care Payments,Client/Customer (Non-Trade)
Childrens & Educational Services,Redacted  Personal Data,10/5/2015,731.46,Care Payments,Client/Customer (Non-Trade)
Childrens & Educational Services,Redacted  Personal Data,10/12/2015,731.46,Care Payments,Client/Customer (Non-Trade)
Childrens & Educational Services,Redacted  Personal Data,10/19/2015,917.1,Care Payments,Client/Customer (Non-Trade)
Childrens & Educational Services,Redacted  Personal Data,10/26/2015,811.46,Care Payments,Client/Customer (Non-Trade)
Childrens & Educational Services,Redacted  Personal Data,10/5/2015,145.39,Care Payments,Client/Customer (Non-Trade)
Childrens & Educational Services,Redacted  Personal Data,10/12/2015,145.39,Care Payments,Client/Customer (Non-Trade)
Childrens & Educational Services,Redacted  Personal Data,10/19/2015,145.39,Care Payments,Client/Customer (Non-Trade)
Childrens & Educational Services,Redacted  Personal Data,10/26/2015,145.39,Care Payments,Client/Customer (Non-Trade)
Childrens & Educational Services,Redacted  Personal Data,10/12/2015,"1,350.00",Care Payments,Client/Customer (Non-Trade)
Childrens & Educational Services,Redacted  Personal Data,10/5/2015,228.34,Care Payments,Client/Customer (Non-Trade)
Childrens & Educational Services,Redacted  Personal Data,10/12/2015,228.34,Care Payments,Client/Customer (Non-Trade)
Childrens & Educational Services,Redacted  Personal Data,10/19/2015,228.34,Care Payments,Client/Customer (Non-Trade)
Childrens & Educational Services,Redacted  Personal Data,10/26/2015,228.34,Care Payments,Client/Customer (Non-Trade)
Childrens & Educational Services,Redacted  Personal Data,10/5/2015,481.32,Care Payments,Client/Customer (Non-Trade)
Childrens & Educational Services,Redacted  Personal Data,10/12/2015,577.1,Care Payments,Client/Customer (Non-Trade)
Childrens & Educational Services,Redacted  Personal Data,10/19/2015,593.07,Care Payments,Client/Customer (Non-Trade)
Childrens & Educational Services,Redacted  Personal Data,10/26/2015,593.07,Care Payments,Client/Customer (Non-Trade)
Childrens & Educational Services,Redacted  Personal Data,10/5/2015,793.66,Care Payments,Client/Customer (Non-Trade)
Childrens & Educational Services,Redacted  Personal Data,10/12/2015,793.66,Care Payments,Client/Customer (Non-Trade)
Childrens & Educational Services,Redacted  Personal Data,10/19/2015,793.66,Care Payments,Client/Customer (Non-Trade)
Childrens & Educational Services,Redacted  Personal Data,10/26/2015,793.66,Care Payments,Client/Customer (Non-Trade)
Childrens & Educational Services,Redacted  Personal Data,10/5/2015,456.68,Care Payments,Client/Customer (Non-Trade)
Childrens & Educational Services,Redacted  Personal Data,10/12/2015,820.26,Care Payments,Client/Customer (Non-Trade)
Childrens & Educational Services,Redacted  Personal Data,10/19/2015,515.66,Care Payments,Client/Customer (Non-Trade)
Childrens & Educational Services,Redacted  Personal Data,10/26/2015,456.68,Care Payments,Client/Customer (Non-Trade)
Childrens & Educational Services,Redacted  Personal Data,10/5/2015,136.4,Care Payments,Client/Customer (Non-Trade)
Childrens & Educational Services,Redacted  Personal Data,10/12/2015,136.4,Care Payments,Client/Customer (Non-Trade)
Childrens & Educational Services,Redacted  Personal Data,10/19/2015,136.4,Care Payments,Client/Customer (Non-Trade)
Childrens & Educational Services,Redacted  Personal Data,10/26/2015,136.4,Care Payments,Client/Customer (Non-Trade)
Childrens & Educational Services,Redacted  Personal Data,10/5/2015,228.34,Care Payments,Client/Customer (Non-Trade)
Childrens & Educational Services,Redacted  Personal Data,10/12/2015,50,Care Payments,Client/Customer (Non-Trade)
Childrens & Educational Services,Redacted  Personal Data,10/12/2015,228.34,Care Payments,Client/Customer (Non-Trade)
Childrens & Educational Services,Redacted  Personal Data,10/19/2015,32.62,Care Payments,Client/Customer (Non-Trade)
Childrens & Educational Services,Redacted  Personal Data,10/5/2015,456.68,Care Payments,Client/Customer (Non-Trade)
Childrens & Educational Services,Redacted  Personal Data,10/12/2015,456.68,Care Payments,Client/Customer (Non-Trade)
Childrens & Educational Services,Redacted  Personal Data,10/19/2015,456.68,Care Payments,Client/Customer (Non-Trade)
Childrens & Educational Services,Redacted  Personal Data,10/26/2015,456.68,Care Payments,Client/Customer (Non-Trade)
Childrens & Educational Services,Redacted  Personal Data,10/5/2015,178.29,Care Payments,Client/Customer (Non-Trade)
Childrens & Educational Services,Redacted  Personal Data,10/12/2015,178.29,Care Payments,Client/Customer (Non-Trade)
Childrens & Educational Services,Redacted  Personal Data,10/19/2015,178.29,Care Payments,Client/Customer (Non-Trade)
Childrens & Educational Services,Redacted  Personal Data,10/26/2015,178.29,Care Payments,Client/Customer (Non-Trade)
Childrens & Educational Services,Redacted  Personal Data,10/15/2015,550,Care Payments,Client/Customer (Non-Trade)
Childrens & Educational Services,Redacted  Personal Data,10/5/2015,655.27,Care Payments,Client/Customer (Non-Trade)
Childrens & Educational Services,Redacted  Personal Data,10/12/2015,655.27,Care Payments,Client/Customer (Non-Trade)
Childrens & Educational Services,Redacted  Personal Data,10/19/2015,655.27,Care Payments,Client/Customer (Non-Trade)
Childrens & Educational Services,Redacted  Personal Data,10/26/2015,655.27,Care Payments,Client/Customer (Non-Trade)
Childrens & Educational Services,Redacted  Personal Data,10/5/2015,200.69,Care Payments,Client/Customer (Non-Trade)
Childrens & Educational Services,Redacted  Personal Data,10/12/2015,200.69,Care Payments,Client/Customer (Non-Trade)
Childrens & Educational Services,Redacted  Personal Data,10/19/2015,200.69,Care Payments,Client/Customer (Non-Trade)
Childrens & Educational Services,Redacted  Personal Data,10/26/2015,200.69,Care Payments,Client/Customer (Non-Trade)
Childrens & Educational Services,Redacted  Personal Data,10/5/2015,219.66,Care Payments,Client/Customer (Non-Trade)
Childrens & Educational Services,Redacted  Personal Data,10/12/2015,219.66,Care Payments,Client/Customer (Non-Trade)
Childrens & Educational Services,Redacted  Personal Data,10/19/2015,219.66,Care Payments,Client/Customer (Non-Trade)
Childrens & Educational Services,Redacted  Personal Data,10/26/2015,219.66,Care Payments,Client/Customer (Non-Trade)
Childrens & Educational Services,Redacted  Personal Data,10/5/2015,162.75,Care Payments,Client/Customer (Non-Trade)
Childrens & Educational Services,Redacted  Personal Data,10/12/2015,162.75,Care Payments,Client/Customer (Non-Trade)
Childrens & Educational Services,Redacted  Personal Data,10/19/2015,162.75,Care Payments,Client/Customer (Non-Trade)
Childrens & Educational Services,Redacted  Personal Data,10/26/2015,162.75,Care Payments,Client/Customer (Non-Trade)
Childrens & Educational Services,Redacted  Personal Data,10/5/2015,379.05,Care Payments,Client/Customer (Non-Trade)
Childrens & Educational Services,Redacted  Personal Data,10/12/2015,379.05,Care Payments,Client/Customer (Non-Trade)
Childrens & Educational Services,Redacted  Personal Data,10/19/2015,379.05,Care Payments,Client/Customer (Non-Trade)
Childrens & Educational Services,Redacted  Personal Data,10/26/2015,379.05,Care Payments,Client/Customer (Non-Trade)
Childrens & Educational Services,Redacted  Personal Data,10/15/2015,"1,381.12",Care Payments,Client/Customer (Non-Trade)
Childrens & Educational Services,Redacted  Personal Data,10/5/2015,848.05,Care Payments,Client/Customer (Non-Trade)
Childrens & Educational Services,Redacted  Personal Data,10/12/2015,848.05,Care Payments,Client/Customer (Non-Trade)
Childrens & Educational Services,Redacted  Personal Data,10/19/2015,"1,055.55",Care Payments,Client/Customer (Non-Trade)
Childrens & Educational Services,Redacted  Personal Data,10/26/2015,848.05,Care Payments,Client/Customer (Non-Trade)
Childrens & Educational Services,Redacted  Personal Data,10/29/2015,103.45,Care Payments,Client/Customer (Non-Trade)
Childrens & Educational Services,Redacted  Personal Data,10/5/2015,240.66,Care Payments,Client/Customer (Non-Trade)
Childrens & Educational Services,Redacted  Personal Data,10/12/2015,240.66,Care Payments,Client/Customer (Non-Trade)
Childrens & Educational Services,Redacted  Personal Data,10/19/2015,240.66,Care Payments,Client/Customer (Non-Trade)
Childrens & Educational Services,Redacted  Personal Data,10/26/2015,240.66,Care Payments,Client/Customer (Non-Trade)
Childrens & Educational Services,Redacted  Personal Data,10/8/2015,35.84,Care Payments,Client/Customer (Non-Trade)
Childrens & Educational Services,Redacted  Personal Data,10/8/2015,99.72,Care Payments,Client/Customer (Non-Trade)
Childrens & Educational Services,Redacted  Personal Data,10/5/2015,"1,056.68",Care Payments,Client/Customer (Non-Trade)
Childrens & Educational Services,Redacted  Personal Data,10/12/2015,456.68,Care Payments,Client/Customer (Non-Trade)
Childrens & Educational Services,Redacted  Personal Data,10/19/2015,456.68,Care Payments,Client/Customer (Non-Trade)
Childrens & Educational Services,Redacted  Personal Data,10/26/2015,456.68,Care Payments,Client/Customer (Non-Trade)
Childrens & Educational Services,Redacted  Personal Data,10/5/2015,434.07,Care Payments,Client/Customer (Non-Trade)
Childrens & Educational Services,Redacted  Personal Data,10/12/2015,434.07,Care Payments,Client/Customer (Non-Trade)
Childrens & Educational Services,Redacted  Personal Data,10/19/2015,434.07,Care Payments,Client/Customer (Non-Trade)
Childrens & Educational Services,Redacted  Personal Data,10/26/2015,240.66,Care Payments,Client/Customer (Non-Trade)
Childrens & Educational Services,Redacted  Personal Data,10/7/2015,319.3,Care Payments,Client/Customer (Non-Trade)
Childrens & Educational Services,Redacted  Personal Data,10/14/2015,319.3,Care Payments,Client/Customer (Non-Trade)
Childrens & Educational Services,Redacted  Personal Data,10/21/2015,319.3,Care Payments,Client/Customer (Non-Trade)
Childrens & Educational Services,Redacted  Personal Data,10/28/2015,319.3,Care Payments,Client/Customer (Non-Trade)
Childrens & Educational Services,Redacted  Personal Data,10/5/2015,127.75,Care Payments,Client/Customer (Non-Trade)
Childrens & Educational Services,Redacted  Personal Data,10/12/2015,127.75,Care Payments,Client/Customer (Non-Trade)
Childrens & Educational Services,Redacted  Personal Data,10/19/2015,127.75,Care Payments,Client/Customer (Non-Trade)
Childrens & Educational Services,Redacted  Personal Data,10/26/2015,127.75,Care Payments,Client/Customer (Non-Trade)
Childrens & Educational Services,Redacted  Personal Data,10/5/2015,63.21,Care Payments,Client/Customer (Non-Trade)
Childrens & Educational Services,Redacted  Personal Data,10/12/2015,63.21,Care Payments,Client/Customer (Non-Trade)
Childrens & Educational Services,Redacted  Personal Data,10/19/2015,63.21,Care Payments,Client/Customer (Non-Trade)
Childrens & Educational Services,Redacted  Personal Data,10/26/2015,63.21,Care Payments,Client/Customer (Non-Trade)
Childrens & Educational Services,Redacted  Personal Data,10/8/2015,365,Care Payments,Client/Customer (Non-Trade)
Childrens & Educational Services,Redacted  Personal Data,10/5/2015,481.32,Care Payments,Client/Customer (Non-Trade)
Childrens & Educational Services,Redacted  Personal Data,10/12/2015,340.2,Care Payments,Client/Customer (Non-Trade)
Childrens & Educational Services,Redacted  Personal Data,10/19/2015,194.4,Care Payments,Client/Customer (Non-Trade)
Childrens & Educational Services,Redacted  Personal Data,10/5/2015,240.66,Care Payments,Client/Customer (Non-Trade)
Childrens & Educational Services,Redacted  Personal Data,10/12/2015,240.66,Care Payments,Client/Customer (Non-Trade)
Childrens & Educational Services,Redacted  Personal Data,10/19/2015,240.66,Care Payments,Client/Customer (Non-Trade)
Childrens & Educational Services,Redacted  Personal Data,10/26/2015,240.66,Care Payments,Client/Customer (Non-Trade)
Childrens & Educational Services,Redacted  Personal Data,10/5/2015,962.64,Care Payments,Client/Customer (Non-Trade)
Childrens & Educational Services,Redacted  Personal Data,10/12/2015,962.64,Care Payments,Client/Customer (Non-Trade)
Childrens & Educational Services,Redacted  Personal Data,10/19/2015,962.64,Care Payments,Client/Customer (Non-Trade)
Childrens & Educational Services,Redacted  Personal Data,10/26/2015,962.64,Care Payments,Client/Customer (Non-Trade)
Childrens & Educational Services,Redacted  Personal Data,10/5/2015,352.41,Care Payments,Client/Customer (Non-Trade)
Childrens & Educational Services,Redacted  Personal Data,10/12/2015,352.41,Care Payments,Client/Customer (Non-Trade)
Childrens & Educational Services,Redacted  Personal Data,10/19/2015,596.67,Care Payments,Client/Customer (Non-Trade)
Childrens & Educational Services,Redacted  Personal Data,10/26/2015,593.07,Care Payments,Client/Customer (Non-Trade)
Childrens & Educational Services,Redacted  Personal Data,10/5/2015,140.63,Care Payments,Client/Customer (Non-Trade)
Childrens & Educational Services,Redacted  Personal Data,10/12/2015,140.63,Care Payments,Client/Customer (Non-Trade)
Childrens & Educational Services,Redacted  Personal Data,10/19/2015,140.63,Care Payments,Client/Customer (Non-Trade)
Childrens & Educational Services,Redacted  Personal Data,10/26/2015,140.63,Care Payments,Client/Customer (Non-Trade)
Childrens & Educational Services,Redacted  Personal Data,10/5/2015,481.32,Care Payments,Client/Customer (Non-Trade)
Childrens & Educational Services,Redacted  Personal Data,10/12/2015,481.32,Care Payments,Client/Customer (Non-Trade)
Childrens & Educational Services,Redacted  Personal Data,10/19/2015,481.32,Care Payments,Client/Customer (Non-Trade)
Childrens & Educational Services,Redacted  Personal Data,10/26/2015,481.32,Care Payments,Client/Customer (Non-Trade)
Childrens & Educational Services,Redacted  Personal Data,10/16/2015,"2,000.00",Care Payments,Client/Customer (Non-Trade)
Childrens & Educational Services,Redacted  Personal Data,10/7/2015,167.25,Care Payments,Client/Customer (Non-Trade)
Childrens & Educational Services,Redacted  Personal Data,10/14/2015,167.25,Care Payments,Client/Customer (Non-Trade)
Childrens & Educational Services,Redacted  Personal Data,10/21/2015,167.25,Care Payments,Client/Customer (Non-Trade)
Childrens & Educational Services,Redacted  Personal Data,10/28/2015,167.25,Care Payments,Client/Customer (Non-Trade)
Childrens & Educational Services,Redacted  Personal Data,10/15/2015,514.88,Care Payments,Client/Customer (Non-Trade)
Childrens & Educational Services,Redacted  Personal Data,10/5/2015,363.93,Care Payments,Client/Customer (Non-Trade)
Childrens & Educational Services,Redacted  Personal Data,10/12/2015,518.07,Care Payments,Client/Customer (Non-Trade)
Childrens & Educational Services,Redacted  Personal Data,10/19/2015,363.93,Care Payments,Client/Customer (Non-Trade)
Childrens & Educational Services,Redacted  Personal Data,10/26/2015,363.93,Care Payments,Client/Customer (Non-Trade)
Childrens & Educational Services,Redacted  Personal Data,10/5/2015,327.81,Care Payments,Client/Customer (Non-Trade)
Childrens & Educational Services,Redacted  Personal Data,10/12/2015,327.81,Care Payments,Client/Customer (Non-Trade)
Childrens & Educational Services,Redacted  Personal Data,10/19/2015,327.81,Care Payments,Client/Customer (Non-Trade)
Childrens & Educational Services,Redacted  Personal Data,10/26/2015,327.81,Care Payments,Client/Customer (Non-Trade)
Childrens & Educational Services,Redacted  Personal Data,10/12/2015,51.91,Care Payments,Client/Customer (Non-Trade)
Childrens & Educational Services,Redacted  Personal Data,10/19/2015,647.4,Care Payments,Client/Customer (Non-Trade)
Childrens & Educational Services,Redacted  Personal Data,10/26/2015,414.61,Care Payments,Client/Customer (Non-Trade)
Childrens & Educational Services,Redacted  Personal Data,10/5/2015,172.13,Care Payments,Client/Customer (Non-Trade)
Childrens & Educational Services,Redacted  Personal Data,10/12/2015,172.13,Care Payments,Client/Customer (Non-Trade)
Childrens & Educational Services,Redacted  Personal Data,10/19/2015,172.13,Care Payments,Client/Customer (Non-Trade)
Childrens & Educational Services,Redacted  Personal Data,10/26/2015,172.13,Care Payments,Client/Customer (Non-Trade)
Childrens & Educational Services,Redacted  Personal Data,10/5/2015,"1,004.91",Care Payments,Client/Customer (Non-Trade)
Childrens & Educational Services,Redacted  Personal Data,10/5/2015,972.12,Care Payments,Client/Customer (Non-Trade)
Childrens & Educational Services,Redacted  Personal Data,10/12/2015,972.12,Care Payments,Client/Customer (Non-Trade)
Childrens & Educational Services,Redacted  Personal Data,10/19/2015,972.12,Care Payments,Client/Customer (Non-Trade)
Childrens & Educational Services,Redacted  Personal Data,10/26/2015,972.12,Care Payments,Client/Customer (Non-Trade)
Childrens & Educational Services,Redacted  Personal Data,10/5/2015,181.89,Care Payments,Client/Customer (Non-Trade)
Childrens & Educational Services,Redacted  Personal Data,10/12/2015,181.89,Care Payments,Client/Customer (Non-Trade)
Childrens & Educational Services,Redacted  Personal Data,10/19/2015,181.89,Care Payments,Client/Customer (Non-Trade)
Childrens & Educational Services,Redacted  Personal Data,10/26/2015,181.89,Care Payments,Client/Customer (Non-Trade)
Childrens & Educational Services,Redacted  Personal Data,10/8/2015,400,Care Payments,Client/Customer (Non-Trade)
Childrens & Educational Services,Redacted  Personal Data,10/29/2015,342.6,Care Payments,Client/Customer (Non-Trade)
Childrens & Educational Services,Redacted  Personal Data,10/29/2015,270,Care Payments,Client/Customer (Non-Trade)
Childrens & Educational Services,Redacted  Personal Data,10/5/2015,164.4,Care Payments,Client/Customer (Non-Trade)
Childrens & Educational Services,Redacted  Personal Data,10/12/2015,164.4,Care Payments,Client/Customer (Non-Trade)
Childrens & Educational Services,Redacted  Personal Data,10/19/2015,164.4,Care Payments,Client/Customer (Non-Trade)
Childrens & Educational Services,Redacted  Personal Data,10/26/2015,164.4,Care Payments,Client/Customer (Non-Trade)
Childrens & Educational Services,Redacted  Personal Data,10/5/2015,159,Care Payments,Client/Customer (Non-Trade)
Childrens & Educational Services,Redacted  Personal Data,10/12/2015,159,Care Payments,Client/Customer (Non-Trade)
Childrens & Educational Services,Redacted  Personal Data,10/19/2015,159,Care Payments,Client/Customer (Non-Trade)
Childrens & Educational Services,Redacted  Personal Data,10/26/2015,159,Care Payments,Client/Customer (Non-Trade)
Childrens & Educational Services,Redacted  Personal Data,10/5/2015,481.32,Care Payments,Client/Customer (Non-Trade)
Childrens & Educational Services,Redacted  Personal Data,10/12/2015,481.32,Care Payments,Client/Customer (Non-Trade)
Childrens & Educational Services,Redacted  Personal Data,10/19/2015,481.32,Care Payments,Client/Customer (Non-Trade)
Childrens & Educational Services,Redacted  Personal Data,10/26/2015,481.32,Care Payments,Client/Customer (Non-Trade)
Childrens & Educational Services,Redacted  Personal Data,10/5/2015,228.34,Care Payments,Client/Customer (Non-Trade)
Childrens & Educational Services,Redacted  Personal Data,10/12/2015,385.91,Care Payments,Client/Customer (Non-Trade)
Childrens & Educational Services,Redacted  Personal Data,10/19/2015,357.14,Care Payments,Client/Customer (Non-Trade)
Childrens & Educational Services,Redacted  Personal Data,10/26/2015,228.34,Care Payments,Client/Customer (Non-Trade)
Childrens & Educational Services,Redacted  Personal Data,10/5/2015,188.02,Care Payments,Client/Customer (Non-Trade)
Childrens & Educational Services,Redacted  Personal Data,10/12/2015,188.02,Care Payments,Client/Customer (Non-Trade)
Childrens & Educational Services,Redacted  Personal Data,10/19/2015,188.02,Care Payments,Client/Customer (Non-Trade)
Childrens & Educational Services,Redacted  Personal Data,10/26/2015,188.02,Care Payments,Client/Customer (Non-Trade)
Childrens & Educational Services,Redacted  Personal Data,10/2/2015,322.5,Care Payments,Client/Customer (Non-Trade)
Childrens & Educational Services,Redacted  Personal Data,10/30/2015,480,Care Payments,Client/Customer (Non-Trade)
Childrens & Educational Services,Redacted  Personal Data,10/5/2015,240.66,Care Payments,Client/Customer (Non-Trade)
Childrens & Educational Services,Redacted  Personal Data,10/12/2015,275.04,Care Payments,Client/Customer (Non-Trade)
Childrens & Educational Services,Redacted  Personal Data,10/19/2015,240.66,Care Payments,Client/Customer (Non-Trade)
Childrens & Educational Services,Redacted  Personal Data,10/26/2015,304.97,Care Payments,Client/Customer (Non-Trade)
Childrens & Educational Services,Redacted  Personal Data,10/5/2015,191.31,Care Payments,Client/Customer (Non-Trade)
Childrens & Educational Services,Redacted  Personal Data,10/12/2015,320.11,Care Payments,Client/Customer (Non-Trade)
Childrens & Educational Services,Redacted  Personal Data,10/19/2015,191.31,Care Payments,Client/Customer (Non-Trade)
Childrens & Educational Services,Redacted  Personal Data,10/26/2015,191.31,Care Payments,Client/Customer (Non-Trade)
Childrens & Educational Services,Redacted  Personal Data,10/5/2015,240.66,Care Payments,Client/Customer (Non-Trade)
Childrens & Educational Services,Redacted  Personal Data,10/12/2015,240.66,Care Payments,Client/Customer (Non-Trade)
Childrens & Educational Services,Redacted  Personal Data,10/19/2015,240.66,Care Payments,Client/Customer (Non-Trade)
Childrens & Educational Services,Redacted  Personal Data,10/26/2015,240.66,Care Payments,Client/Customer (Non-Trade)
Childrens & Educational Services,Redacted  Personal Data,10/9/2015,206.4,Care Payments,Client/Customer (Non-Trade)
Childrens & Educational Services,Redacted  Personal Data,10/15/2015,531.2,Care Payments,Client/Customer (Non-Trade)
Childrens & Educational Services,Redacted  Personal Data,10/5/2015,619.71,Care Payments,Client/Customer (Non-Trade)
Childrens & Educational Services,Redacted  Personal Data,10/12/2015,619.71,Care Payments,Client/Customer (Non-Trade)
Childrens & Educational Services,Redacted  Personal Data,10/19/2015,619.71,Care Payments,Client/Customer (Non-Trade)
Childrens & Educational Services,Redacted  Personal Data,10/26/2015,619.71,Care Payments,Client/Customer (Non-Trade)
Childrens & Educational Services,Redacted  Personal Data,10/5/2015,240.66,Care Payments,Client/Customer (Non-Trade)
Childrens & Educational Services,Redacted  Personal Data,10/12/2015,270.66,Care Payments,Client/Customer (Non-Trade)
Childrens & Educational Services,Redacted  Personal Data,10/19/2015,240.66,Care Payments,Client/Customer (Non-Trade)
Childrens & Educational Services,Redacted  Personal Data,10/26/2015,240.66,Care Payments,Client/Customer (Non-Trade)
Childrens & Educational Services,Redacted  Personal Data,10/5/2015,362.41,Care Payments,Client/Customer (Non-Trade)
Childrens & Educational Services,Redacted  Personal Data,10/12/2015,352.41,Care Payments,Client/Customer (Non-Trade)
Childrens & Educational Services,Redacted  Personal Data,10/19/2015,352.41,Care Payments,Client/Customer (Non-Trade)
Childrens & Educational Services,Redacted  Personal Data,10/26/2015,963.47,Care Payments,Client/Customer (Non-Trade)
Childrens & Educational Services,Redacted  Personal Data,10/5/2015,62.51,Care Payments,Client/Customer (Non-Trade)
Childrens & Educational Services,Redacted  Personal Data,10/12/2015,62.51,Care Payments,Client/Customer (Non-Trade)
Childrens & Educational Services,Redacted  Personal Data,10/12/2015,257.6,Care Payments,Client/Customer (Non-Trade)
Childrens & Educational Services,Redacted  Personal Data,10/19/2015,62.51,Care Payments,Client/Customer (Non-Trade)
Childrens & Educational Services,Redacted  Personal Data,10/26/2015,62.51,Care Payments,Client/Customer (Non-Trade)
Childrens & Educational Services,Redacted  Personal Data,10/5/2015,731.46,Care Payments,Client/Customer (Non-Trade)
Childrens & Educational Services,Redacted  Personal Data,10/12/2015,891.92,Care Payments,Client/Customer (Non-Trade)
Childrens & Educational Services,Redacted  Personal Data,10/19/2015,731.46,Care Payments,Client/Customer (Non-Trade)
Childrens & Educational Services,Redacted  Personal Data,10/26/2015,731.46,Care Payments,Client/Customer (Non-Trade)
Childrens & Educational Services,Redacted  Personal Data,10/5/2015,883.61,Care Payments,Client/Customer (Non-Trade)
Childrens & Educational Services,Redacted  Personal Data,10/12/2015,883.61,Care Payments,Client/Customer (Non-Trade)
Childrens & Educational Services,Redacted  Personal Data,10/19/2015,883.61,Care Payments,Client/Customer (Non-Trade)
Childrens & Educational Services,Redacted  Personal Data,10/26/2015,"1,355.51",Care Payments,Client/Customer (Non-Trade)
Childrens & Educational Services,Redacted  Personal Data,10/5/2015,538.46,Care Payments,Client/Customer (Non-Trade)
Childrens & Educational Services,Redacted  Personal Data,10/12/2015,538.46,Care Payments,Client/Customer (Non-Trade)
Childrens & Educational Services,Redacted  Personal Data,10/19/2015,"1,134.11",Care Payments,Client/Customer (Non-Trade)
Childrens & Educational Services,Redacted  Personal Data,10/26/2015,917.51,Care Payments,Client/Customer (Non-Trade)
Childrens & Educational Services,Redacted  Personal Data,10/5/2015,47.53,Care Payments,Client/Customer (Non-Trade)
Childrens & Educational Services,Redacted  Personal Data,10/5/2015,100,Care Payments,Client/Customer (Non-Trade)
Childrens & Educational Services,Redacted  Personal Data,10/12/2015,47.53,Care Payments,Client/Customer (Non-Trade)
Childrens & Educational Services,Redacted  Personal Data,10/12/2015,100,Care Payments,Client/Customer (Non-Trade)
Childrens & Educational Services,Redacted  Personal Data,10/19/2015,47.53,Care Payments,Client/Customer (Non-Trade)
Childrens & Educational Services,Redacted  Personal Data,10/19/2015,100,Care Payments,Client/Customer (Non-Trade)
Childrens & Educational Services,Redacted  Personal Data,10/26/2015,47.53,Care Payments,Client/Customer (Non-Trade)
Childrens & Educational Services,Redacted  Personal Data,10/26/2015,100,Care Payments,Client/Customer (Non-Trade)
Childrens & Educational Services,Redacted  Personal Data,10/5/2015,108.29,Care Payments,Client/Customer (Non-Trade)
Childrens & Educational Services,Redacted  Personal Data,10/12/2015,108.29,Care Payments,Client/Customer (Non-Trade)
Childrens & Educational Services,Redacted  Personal Data,10/19/2015,108.29,Care Payments,Client/Customer (Non-Trade)
Childrens & Educational Services,Redacted  Personal Data,10/26/2015,108.29,Care Payments,Client/Customer (Non-Trade)
Childrens & Educational Services,Redacted  Personal Data,10/26/2015,257.6,Care Payments,Client/Customer (Non-Trade)
Childrens & Educational Services,Redacted  Personal Data,10/7/2015,319.3,Care Payments,Client/Customer (Non-Trade)
Childrens & Educational Services,Redacted  Personal Data,10/14/2015,319.3,Care Payments,Client/Customer (Non-Trade)
Childrens & Educational Services,Redacted  Personal Data,10/21/2015,319.3,Care Payments,Client/Customer (Non-Trade)
Childrens & Educational Services,Redacted  Personal Data,10/28/2015,319.3,Care Payments,Client/Customer (Non-Trade)
Childrens & Educational Services,Redacted  Personal Data,10/2/2015,"1,430.00",Care Payments,Client/Customer (Non-Trade)
Childrens & Educational Services,Redacted  Personal Data,10/16/2015,509.6,Care Payments,Client/Customer (Non-Trade)
Childrens & Educational Services,Redacted  Personal Data,10/5/2015,829.22,Care Payments,Client/Customer (Non-Trade)
Childrens & Educational Services,Redacted  Personal Data,10/12/2015,414.61,Care Payments,Client/Customer (Non-Trade)
Childrens & Educational Services,Redacted  Personal Data,10/19/2015,414.61,Care Payments,Client/Customer (Non-Trade)
Childrens & Educational Services,Redacted  Personal Data,10/26/2015,414.61,Care Payments,Client/Customer (Non-Trade)
Childrens & Educational Services,Redacted  Personal Data,10/5/2015,240.66,Care Payments,Client/Customer (Non-Trade)
Childrens & Educational Services,Redacted  Personal Data,10/12/2015,240.66,Care Payments,Client/Customer (Non-Trade)
Childrens & Educational Services,Redacted  Personal Data,10/19/2015,240.66,Care Payments,Client/Customer (Non-Trade)
Childrens & Educational Services,Redacted  Personal Data,10/26/2015,240.66,Care Payments,Client/Customer (Non-Trade)
Childrens & Educational Services,Redacted  Personal Data,10/15/2015,983.08,Care Payments,Client/Customer (Non-Trade)
Childrens & Educational Services,Redacted  Personal Data,10/5/2015,240.66,Care Payments,Client/Customer (Non-Trade)
Childrens & Educational Services,Redacted  Personal Data,10/12/2015,240.66,Care Payments,Client/Customer (Non-Trade)
Childrens & Educational Services,Redacted  Personal Data,10/19/2015,240.66,Care Payments,Client/Customer (Non-Trade)
Childrens & Educational Services,Redacted  Personal Data,10/26/2015,240.66,Care Payments,Client/Customer (Non-Trade)
Childrens & Educational Services,Redacted  Personal Data,10/5/2015,597.8,Care Payments,Client/Customer (Non-Trade)
Childrens & Educational Services,Redacted  Personal Data,10/12/2015,469,Care Payments,Client/Customer (Non-Trade)
Childrens & Educational Services,Redacted  Personal Data,10/19/2015,469,Care Payments,Client/Customer (Non-Trade)
Childrens & Educational Services,Redacted  Personal Data,10/26/2015,469,Care Payments,Client/Customer (Non-Trade)
Childrens & Educational Services,Redacted  Personal Data,10/15/2015,527.48,Care Payments,Client/Customer (Non-Trade)
Childrens & Educational Services,Redacted  Personal Data,10/15/2015,585,Care Payments,Client/Customer (Non-Trade)
Childrens & Educational Services,Redacted  Personal Data,10/2/2015,"2,158.00",Care Payments,Client/Customer (Non-Trade)
Childrens & Educational Services,Redacted  Personal Data,10/23/2015,728,Care Payments,Client/Customer (Non-Trade)
Childrens & Educational Services,Redacted  Personal Data,10/5/2015,62.51,Care Payments,Client/Customer (Non-Trade)
Childrens & Educational Services,Redacted  Personal Data,10/5/2015,63.28,Care Payments,Client/Customer (Non-Trade)
Childrens & Educational Services,Redacted  Personal Data,10/12/2015,62.51,Care Payments,Client/Customer (Non-Trade)
Childrens & Educational Services,Redacted  Personal Data,10/12/2015,63.28,Care Payments,Client/Customer (Non-Trade)
Childrens & Educational Services,Redacted  Personal Data,10/19/2015,62.51,Care Payments,Client/Customer (Non-Trade)
Childrens & Educational Services,Redacted  Personal Data,10/19/2015,63.28,Care Payments,Client/Customer (Non-Trade)
Childrens & Educational Services,Redacted  Personal Data,10/26/2015,62.51,Care Payments,Client/Customer (Non-Trade)
Childrens & Educational Services,Redacted  Personal Data,10/26/2015,63.28,Care Payments,Client/Customer (Non-Trade)
Childrens & Educational Services,Redacted  Personal Data,10/1/2015,140,Care Payments,Client/Customer (Non-Trade)
Childrens & Educational Services,Redacted  Personal Data,10/8/2015,140,Care Payments,Client/Customer (Non-Trade)
Childrens & Educational Services,Redacted  Personal Data,10/15/2015,140,Care Payments,Client/Customer (Non-Trade)
Childrens & Educational Services,Redacted  Personal Data,10/22/2015,140,Care Payments,Client/Customer (Non-Trade)
Childrens & Educational Services,Redacted  Personal Data,10/29/2015,140,Care Payments,Client/Customer (Non-Trade)
Childrens & Educational Services,Redacted  Personal Data,10/5/2015,287.34,Care Payments,Client/Customer (Non-Trade)
Childrens & Educational Services,Redacted  Personal Data,10/12/2015,287.34,Care Payments,Client/Customer (Non-Trade)
Childrens & Educational Services,Redacted  Personal Data,10/19/2015,299.51,Care Payments,Client/Customer (Non-Trade)
Childrens & Educational Services,Redacted  Personal Data,10/19/2015,36.51,Care Payments,Client/Customer (Non-Trade)
Childrens & Educational Services,Redacted  Personal Data,10/26/2015,299.51,Care Payments,Client/Customer (Non-Trade)
Childrens & Educational Services,Redacted  Personal Data,10/15/2015,223.2,Care Payments,Client/Customer (Non-Trade)
Childrens & Educational Services,Redacted  Personal Data,10/15/2015,446.4,Care Payments,Client/Customer (Non-Trade)
Childrens & Educational Services,Redacted  Personal Data,10/22/2015,223.2,Care Payments,Client/Customer (Non-Trade)
Childrens & Educational Services,Redacted  Personal Data,10/29/2015,223.2,Care Payments,Client/Customer (Non-Trade)
Childrens & Educational Services,Redacted  Personal Data,10/1/2015,125,Care Payments,Client/Customer (Non-Trade)
Childrens & Educational Services,Redacted  Personal Data,10/8/2015,125,Care Payments,Client/Customer (Non-Trade)
Childrens & Educational Services,Redacted  Personal Data,10/15/2015,125,Care Payments,Client/Customer (Non-Trade)
Childrens & Educational Services,Redacted  Personal Data,10/22/2015,125,Care Payments,Client/Customer (Non-Trade)
Childrens & Educational Services,Redacted  Personal Data,10/29/2015,125,Care Payments,Client/Customer (Non-Trade)
Childrens & Educational Services,Redacted  Personal Data,10/5/2015,228.34,Care Payments,Client/Customer (Non-Trade)
Childrens & Educational Services,Redacted  Personal Data,10/12/2015,228.34,Care Payments,Client/Customer (Non-Trade)
Childrens & Educational Services,Redacted  Personal Data,10/19/2015,228.34,Care Payments,Client/Customer (Non-Trade)
Childrens & Educational Services,Redacted  Personal Data,10/26/2015,750.26,Care Payments,Client/Customer (Non-Trade)
Childrens & Educational Services,Redacted  Personal Data,10/1/2015,225,Care Payments,Client/Customer (Non-Trade)
Childrens & Educational Services,Redacted  Personal Data,10/15/2015,57.9,Care Payments,Client/Customer (Non-Trade)
Childrens & Educational Services,Redacted  Personal Data,10/8/2015,173.7,Care Payments,Client/Customer (Non-Trade)
Childrens & Educational Services,Redacted  Personal Data,10/22/2015,57.9,Care Payments,Client/Customer (Non-Trade)
Childrens & Educational Services,Redacted  Personal Data,10/29/2015,57.9,Care Payments,Client/Customer (Non-Trade)
Childrens & Educational Services,Redacted  Personal Data,10/28/2015,786,Care Payments,Client/Customer (Non-Trade)
Childrens & Educational Services,Redacted  Personal Data,10/5/2015,697.46,Care Payments,Client/Customer (Non-Trade)
Childrens & Educational Services,Redacted  Personal Data,10/12/2015,697.46,Care Payments,Client/Customer (Non-Trade)
Childrens & Educational Services,Redacted  Personal Data,10/19/2015,697.46,Care Payments,Client/Customer (Non-Trade)
Childrens & Educational Services,Redacted  Personal Data,10/26/2015,697.46,Care Payments,Client/Customer (Non-Trade)
Childrens & Educational Services,Redacted  Personal Data,10/5/2015,724.1,Care Payments,Client/Customer (Non-Trade)
Childrens & Educational Services,Redacted  Personal Data,10/12/2015,724.1,Care Payments,Client/Customer (Non-Trade)
Childrens & Educational Services,Redacted  Personal Data,10/19/2015,945.3,Care Payments,Client/Customer (Non-Trade)
Childrens & Educational Services,Redacted  Personal Data,10/26/2015,724.1,Care Payments,Client/Customer (Non-Trade)
Childrens & Educational Services,Redacted  Personal Data,10/5/2015,352.41,Care Payments,Client/Customer (Non-Trade)
Childrens & Educational Services,Redacted  Personal Data,10/12/2015,352.41,Care Payments,Client/Customer (Non-Trade)
Childrens & Educational Services,Redacted  Personal Data,10/19/2015,352.41,Care Payments,Client/Customer (Non-Trade)
Childrens & Educational Services,Redacted  Personal Data,10/26/2015,831.3,Care Payments,Client/Customer (Non-Trade)
Childrens & Educational Services,Redacted  Personal Data,10/15/2015,800,Care Payments,Client/Customer (Non-Trade)
Childrens & Educational Services,Redacted  Personal Data,10/15/2015,300,Care Payments,Client/Customer (Non-Trade)
Childrens & Educational Services,Redacted  Personal Data,10/5/2015,414.61,Care Payments,Client/Customer (Non-Trade)
Childrens & Educational Services,Redacted  Personal Data,10/12/2015,414.61,Care Payments,Client/Customer (Non-Trade)
Childrens & Educational Services,Redacted  Personal Data,10/19/2015,414.61,Care Payments,Client/Customer (Non-Trade)
Childrens & Educational Services,Redacted  Personal Data,10/26/2015,414.61,Care Payments,Client/Customer (Non-Trade)
Childrens & Educational Services,Redacted  Personal Data,10/1/2015,107,Care Payments,Client/Customer (Non-Trade)
Childrens & Educational Services,Redacted  Personal Data,10/8/2015,107,Care Payments,Client/Customer (Non-Trade)
Childrens & Educational Services,Redacted  Personal Data,10/15/2015,107,Care Payments,Client/Customer (Non-Trade)
Childrens & Educational Services,Redacted  Personal Data,10/22/2015,107,Care Payments,Client/Customer (Non-Trade)
Childrens & Educational Services,Redacted  Personal Data,10/29/2015,107,Care Payments,Client/Customer (Non-Trade)
Childrens & Educational Services,Redacted  Personal Data,10/5/2015,481.32,Care Payments,Client/Customer (Non-Trade)
Childrens & Educational Services,Redacted  Personal Data,10/12/2015,481.32,Care Payments,Client/Customer (Non-Trade)
Childrens & Educational Services,Redacted  Personal Data,10/19/2015,481.32,Care Payments,Client/Customer (Non-Trade)
Childrens & Educational Services,Redacted  Personal Data,10/26/2015,618.33,Care Payments,Client/Customer (Non-Trade)
Childrens & Educational Services,Redacted  Personal Data,10/5/2015,469,Care Payments,Client/Customer (Non-Trade)
Childrens & Educational Services,Redacted  Personal Data,10/12/2015,610.12,Care Payments,Client/Customer (Non-Trade)
Childrens & Educational Services,Redacted  Personal Data,10/19/2015,469,Care Payments,Client/Customer (Non-Trade)
Childrens & Educational Services,Redacted  Personal Data,10/26/2015,469,Care Payments,Client/Customer (Non-Trade)
Childrens & Educational Services,Redacted  Personal Data,10/5/2015,139.58,Care Payments,Client/Customer (Non-Trade)
Childrens & Educational Services,Redacted  Personal Data,10/12/2015,139.58,Care Payments,Client/Customer (Non-Trade)
Childrens & Educational Services,Redacted  Personal Data,10/19/2015,139.58,Care Payments,Client/Customer (Non-Trade)
Childrens & Educational Services,Redacted  Personal Data,10/26/2015,139.58,Care Payments,Client/Customer (Non-Trade)
Childrens & Educational Services,Redacted  Personal Data,10/5/2015,128.8,Care Payments,Client/Customer (Non-Trade)
Childrens & Educational Services,Redacted  Personal Data,10/12/2015,128.8,Care Payments,Client/Customer (Non-Trade)
Childrens & Educational Services,Redacted  Personal Data,10/19/2015,128.8,Care Payments,Client/Customer (Non-Trade)
Childrens & Educational Services,Redacted  Personal Data,10/26/2015,128.8,Care Payments,Client/Customer (Non-Trade)
Childrens & Educational Services,Redacted  Personal Data,10/1/2015,114,Care Payments,Client/Customer (Non-Trade)
Childrens & Educational Services,Redacted  Personal Data,10/8/2015,114,Care Payments,Client/Customer (Non-Trade)
Childrens & Educational Services,Redacted  Personal Data,10/15/2015,114,Care Payments,Client/Customer (Non-Trade)
Childrens & Educational Services,Redacted  Personal Data,10/22/2015,114,Care Payments,Client/Customer (Non-Trade)
Childrens & Educational Services,Redacted  Personal Data,10/29/2015,114,Care Payments,Client/Customer (Non-Trade)
Childrens & Educational Services,Redacted  Personal Data,10/5/2015,414.61,Care Payments,Client/Customer (Non-Trade)
Childrens & Educational Services,Redacted  Personal Data,10/12/2015,414.61,Care Payments,Client/Customer (Non-Trade)
Childrens & Educational Services,Redacted  Personal Data,10/19/2015,414.61,Care Payments,Client/Customer (Non-Trade)
Childrens & Educational Services,Redacted  Personal Data,10/26/2015,414.61,Care Payments,Client/Customer (Non-Trade)
Childrens & Educational Services,Redacted  Personal Data,10/5/2015,94.59,Care Payments,Client/Customer (Non-Trade)
Childrens & Educational Services,Redacted  Personal Data,10/5/2015,47.06,Care Payments,Client/Customer (Non-Trade)
Childrens & Educational Services,Redacted  Personal Data,10/12/2015,94.59,Care Payments,Client/Customer (Non-Trade)
Childrens & Educational Services,Redacted  Personal Data,10/12/2015,47.06,Care Payments,Client/Customer (Non-Trade)
Childrens & Educational Services,Redacted  Personal Data,10/19/2015,94.59,Care Payments,Client/Customer (Non-Trade)
Childrens & Educational Services,Redacted  Personal Data,10/19/2015,47.06,Care Payments,Client/Customer (Non-Trade)
Childrens & Educational Services,Redacted  Personal Data,10/26/2015,94.59,Care Payments,Client/Customer (Non-Trade)
Childrens & Educational Services,Redacted  Personal Data,10/26/2015,47.06,Care Payments,Client/Customer (Non-Trade)
Childrens & Educational Services,Redacted  Personal Data,10/1/2015,72.38,Care Payments,Client/Customer (Non-Trade)
Childrens & Educational Services,Redacted  Personal Data,10/1/2015,66.5,Care Payments,Client/Customer (Non-Trade)
Childrens & Educational Services,Redacted  Personal Data,10/1/2015,66.5,Care Payments,Client/Customer (Non-Trade)
Childrens & Educational Services,Redacted  Personal Data,10/1/2015,60.76,Care Payments,Client/Customer (Non-Trade)
Childrens & Educational Services,Redacted  Personal Data,10/8/2015,72.38,Care Payments,Client/Customer (Non-Trade)
Childrens & Educational Services,Redacted  Personal Data,10/8/2015,66.5,Care Payments,Client/Customer (Non-Trade)
Childrens & Educational Services,Redacted  Personal Data,10/8/2015,66.5,Care Payments,Client/Customer (Non-Trade)
Childrens & Educational Services,Redacted  Personal Data,10/8/2015,60.76,Care Payments,Client/Customer (Non-Trade)
Childrens & Educational Services,Redacted  Personal Data,10/15/2015,72.38,Care Payments,Client/Customer (Non-Trade)
Childrens & Educational Services,Redacted  Personal Data,10/15/2015,66.5,Care Payments,Client/Customer (Non-Trade)
Childrens & Educational Services,Redacted  Personal Data,10/15/2015,66.5,Care Payments,Client/Customer (Non-Trade)
Childrens & Educational Services,Redacted  Personal Data,10/15/2015,60.76,Care Payments,Client/Customer (Non-Trade)
Childrens & Educational Services,Redacted  Personal Data,10/22/2015,72.38,Care Payments,Client/Customer (Non-Trade)
Childrens & Educational Services,Redacted  Personal Data,10/22/2015,66.5,Care Payments,Client/Customer (Non-Trade)
Childrens & Educational Services,Redacted  Personal Data,10/22/2015,66.5,Care Payments,Client/Customer (Non-Trade)
Childrens & Educational Services,Redacted  Personal Data,10/22/2015,60.76,Care Payments,Client/Customer (Non-Trade)
Childrens & Educational Services,Redacted  Personal Data,10/29/2015,72.38,Care Payments,Client/Customer (Non-Trade)
Childrens & Educational Services,Redacted  Personal Data,10/29/2015,66.5,Care Payments,Client/Customer (Non-Trade)
Childrens & Educational Services,Redacted  Personal Data,10/29/2015,66.5,Care Payments,Client/Customer (Non-Trade)
Childrens & Educational Services,Redacted  Personal Data,10/29/2015,60.76,Care Payments,Client/Customer (Non-Trade)
Childrens & Educational Services,Redacted  Personal Data,10/1/2015,87.5,Care Payments,Client/Customer (Non-Trade)
Childrens & Educational Services,Redacted  Personal Data,10/1/2015,60.76,Care Payments,Client/Customer (Non-Trade)
Childrens & Educational Services,Redacted  Personal Data,10/1/2015,60.76,Care Payments,Client/Customer (Non-Trade)
Childrens & Educational Services,Redacted  Personal Data,10/8/2015,87.5,Care Payments,Client/Customer (Non-Trade)
Childrens & Educational Services,Redacted  Personal Data,10/8/2015,60.76,Care Payments,Client/Customer (Non-Trade)
Childrens & Educational Services,Redacted  Personal Data,10/8/2015,60.76,Care Payments,Client/Customer (Non-Trade)
Childrens & Educational Services,Redacted  Personal Data,10/15/2015,87.5,Care Payments,Client/Customer (Non-Trade)
Childrens & Educational Services,Redacted  Personal Data,10/15/2015,60.76,Care Payments,Client/Customer (Non-Trade)
Childrens & Educational Services,Redacted  Personal Data,10/15/2015,60.76,Care Payments,Client/Customer (Non-Trade)
Childrens & Educational Services,Redacted  Personal Data,10/22/2015,87.5,Care Payments,Client/Customer (Non-Trade)
Childrens & Educational Services,Redacted  Personal Data,10/22/2015,60.76,Care Payments,Client/Customer (Non-Trade)
Childrens & Educational Services,Redacted  Personal Data,10/22/2015,60.76,Care Payments,Client/Customer (Non-Trade)
Childrens & Educational Services,Redacted  Personal Data,10/29/2015,87.5,Care Payments,Client/Customer (Non-Trade)
Childrens & Educational Services,Redacted  Personal Data,10/29/2015,60.76,Care Payments,Client/Customer (Non-Trade)
Childrens & Educational Services,Redacted  Personal Data,10/29/2015,60.76,Care Payments,Client/Customer (Non-Trade)
Childrens & Educational Services,Redacted  Personal Data,10/5/2015,414.61,Care Payments,Client/Customer (Non-Trade)
Childrens & Educational Services,Redacted  Personal Data,10/12/2015,414.61,Care Payments,Client/Customer (Non-Trade)
Childrens & Educational Services,Redacted  Personal Data,10/19/2015,414.61,Care Payments,Client/Customer (Non-Trade)
Childrens & Educational Services,Redacted  Personal Data,10/26/2015,414.61,Care Payments,Client/Customer (Non-Trade)
Childrens & Educational Services,Redacted  Personal Data,10/9/2015,-87.5,Care Payments,Client/Customer (Non-Trade)
Childrens & Educational Services,Redacted  Personal Data,10/1/2015,87.5,Care Payments,Client/Customer (Non-Trade)
Childrens & Educational Services,Redacted  Personal Data,10/1/2015,40,Care Payments,Client/Customer (Non-Trade)
Childrens & Educational Services,Redacted  Personal Data,10/8/2015,87.5,Care Payments,Client/Customer (Non-Trade)
Childrens & Educational Services,Redacted  Personal Data,10/8/2015,40,Care Payments,Client/Customer (Non-Trade)
Childrens & Educational Services,Redacted  Personal Data,10/9/2015,87.5,Care Payments,Client/Customer (Non-Trade)
Childrens & Educational Services,Redacted  Personal Data,10/15/2015,40,Care Payments,Client/Customer (Non-Trade)
Childrens & Educational Services,Redacted  Personal Data,10/15/2015,87.5,Care Payments,Client/Customer (Non-Trade)
Childrens & Educational Services,Redacted  Personal Data,10/22/2015,87.5,Care Payments,Client/Customer (Non-Trade)
Childrens & Educational Services,Redacted  Personal Data,10/22/2015,40,Care Payments,Client/Customer (Non-Trade)
Childrens & Educational Services,Redacted  Personal Data,10/29/2015,87.5,Care Payments,Client/Customer (Non-Trade)
Childrens & Educational Services,Redacted  Personal Data,10/29/2015,40,Care Payments,Client/Customer (Non-Trade)
Childrens & Educational Services,Redacted  Personal Data,10/1/2015,128.8,Care Payments,Client/Customer (Non-Trade)
Childrens & Educational Services,Redacted  Personal Data,10/1/2015,563.11,Care Payments,Client/Customer (Non-Trade)
Childrens & Educational Services,Redacted  Personal Data,10/8/2015,128.8,Care Payments,Client/Customer (Non-Trade)
Childrens & Educational Services,Redacted  Personal Data,10/15/2015,128.8,Care Payments,Client/Customer (Non-Trade)
Childrens & Educational Services,Redacted  Personal Data,10/22/2015,128.8,Care Payments,Client/Customer (Non-Trade)
Childrens & Educational Services,Redacted  Personal Data,10/29/2015,128.8,Care Payments,Client/Customer (Non-Trade)
Childrens & Educational Services,Redacted  Personal Data,10/1/2015,127.26,Care Payments,Client/Customer (Non-Trade)
Childrens & Educational Services,Redacted  Personal Data,10/8/2015,127.26,Care Payments,Client/Customer (Non-Trade)
Childrens & Educational Services,Redacted  Personal Data,10/15/2015,127.26,Care Payments,Client/Customer (Non-Trade)
Childrens & Educational Services,Redacted  Personal Data,10/15/2015,135,Care Payments,Client/Customer (Non-Trade)
Childrens & Educational Services,Redacted  Personal Data,10/22/2015,127.26,Care Payments,Client/Customer (Non-Trade)
Childrens & Educational Services,Redacted  Personal Data,10/29/2015,127.26,Care Payments,Client/Customer (Non-Trade)
Childrens & Educational Services,Redacted  Personal Data,10/5/2015,721.98,Care Payments,Client/Customer (Non-Trade)
Childrens & Educational Services,Redacted  Personal Data,10/12/2015,721.98,Care Payments,Client/Customer (Non-Trade)
Childrens & Educational Services,Redacted  Personal Data,10/19/2015,721.98,Care Payments,Client/Customer (Non-Trade)
Childrens & Educational Services,Redacted  Personal Data,10/26/2015,721.98,Care Payments,Client/Customer (Non-Trade)
Childrens & Educational Services,Redacted  Personal Data,10/5/2015,517.93,Care Payments,Client/Customer (Non-Trade)
Childrens & Educational Services,Redacted  Personal Data,10/12/2015,517.93,Care Payments,Client/Customer (Non-Trade)
Childrens & Educational Services,Redacted  Personal Data,10/19/2015,517.93,Care Payments,Client/Customer (Non-Trade)
Childrens & Educational Services,Redacted  Personal Data,10/26/2015,517.93,Care Payments,Client/Customer (Non-Trade)
Childrens & Educational Services,Redacted  Personal Data,10/1/2015,257.6,Care Payments,Client/Customer (Non-Trade)
Childrens & Educational Services,Redacted  Personal Data,10/8/2015,257.6,Care Payments,Client/Customer (Non-Trade)
Childrens & Educational Services,Redacted  Personal Data,10/15/2015,257.6,Care Payments,Client/Customer (Non-Trade)
Childrens & Educational Services,Redacted  Personal Data,10/22/2015,257.6,Care Payments,Client/Customer (Non-Trade)
Childrens & Educational Services,Redacted  Personal Data,10/29/2015,257.6,Care Payments,Client/Customer (Non-Trade)
Childrens & Educational Services,Redacted  Personal Data,10/5/2015,352.41,Care Payments,Client/Customer (Non-Trade)
Childrens & Educational Services,Redacted  Personal Data,10/12/2015,352.41,Care Payments,Client/Customer (Non-Trade)
Childrens & Educational Services,Redacted  Personal Data,10/19/2015,352.41,Care Payments,Client/Customer (Non-Trade)
Childrens & Educational Services,Redacted  Personal Data,10/26/2015,352.41,Care Payments,Client/Customer (Non-Trade)
Childrens & Educational Services,Redacted  Personal Data,10/1/2015,300.12,Care Payments,Client/Customer (Non-Trade)
Childrens & Educational Services,Redacted  Personal Data,10/1/2015,300.12,Care Payments,Client/Customer (Non-Trade)
Childrens & Educational Services,Redacted  Personal Data,10/8/2015,300.12,Care Payments,Client/Customer (Non-Trade)
Childrens & Educational Services,Redacted  Personal Data,10/15/2015,300.12,Care Payments,Client/Customer (Non-Trade)
Childrens & Educational Services,Redacted  Personal Data,10/22/2015,300.12,Care Payments,Client/Customer (Non-Trade)
Childrens & Educational Services,Redacted  Personal Data,10/29/2015,300.12,Care Payments,Client/Customer (Non-Trade)
Childrens & Educational Services,Redacted  Personal Data,10/5/2015,414.61,Care Payments,Client/Customer (Non-Trade)
Childrens & Educational Services,Redacted  Personal Data,10/12/2015,414.61,Care Payments,Client/Customer (Non-Trade)
Childrens & Educational Services,Redacted  Personal Data,10/19/2015,895.93,Care Payments,Client/Customer (Non-Trade)
Childrens & Educational Services,Redacted  Personal Data,10/26/2015,895.93,Care Payments,Client/Customer (Non-Trade)
Childrens & Educational Services,Redacted  Personal Data,10/1/2015,128.8,Care Payments,Client/Customer (Non-Trade)
Childrens & Educational Services,Redacted  Personal Data,10/8/2015,128.8,Care Payments,Client/Customer (Non-Trade)
Childrens & Educational Services,Redacted  Personal Data,10/15/2015,128.8,Care Payments,Client/Customer (Non-Trade)
Childrens & Educational Services,Redacted  Personal Data,10/22/2015,128.8,Care Payments,Client/Customer (Non-Trade)
Childrens & Educational Services,Redacted  Personal Data,10/29/2015,128.8,Care Payments,Client/Customer (Non-Trade)
Childrens & Educational Services,Redacted  Personal Data,10/26/2015,"28,667.00",Care Payments,Client/Customer (Non-Trade)
Childrens & Educational Services,Redacted  Personal Data,10/12/2015,879.03,Care Payments,Client/Customer (Non-Trade)
Childrens & Educational Services,Redacted  Personal Data,10/19/2015,240.66,Care Payments,Client/Customer (Non-Trade)
Childrens & Educational Services,Redacted  Personal Data,10/26/2015,240.66,Care Payments,Client/Customer (Non-Trade)
Childrens & Educational Services,Redacted  Personal Data,10/26/2015,"1,080.00",Care Payments,Client/Customer (Non-Trade)
Childrens & Educational Services,Redacted  Personal Data,10/19/2015,250,Care Payments,Client/Customer (Non-Trade)
Childrens & Educational Services,Redacted  Personal Data,10/19/2015,250.98,Care Payments,Client/Customer (Non-Trade)
Childrens & Educational Services,Redacted  Personal Data,10/22/2015,532,Care Payments,Client/Customer (Non-Trade)
Central Services to the public,Redacted  Personal Data,10/26/2015,-20,Clothing Uniforms and Laundry,Client/Customer (Non-Trade)
Central Services to the public,Redacted  Personal Data,10/26/2015,-20,Clothing Uniforms and Laundry,Client/Customer (Non-Trade)
Central Services to the public,Redacted  Personal Data,10/26/2015,-20,Clothing Uniforms and Laundry,Client/Customer (Non-Trade)
Central Services to the public,Redacted  Personal Data,10/26/2015,-20,Clothing Uniforms and Laundry,Client/Customer (Non-Trade)
Central Services to the public,Redacted  Personal Data,10/5/2015,40,Clothing Uniforms and Laundry,Client/Customer (Non-Trade)
Central Services to the public,Redacted  Personal Data,10/5/2015,80,Clothing Uniforms and Laundry,Client/Customer (Non-Trade)
Central Services to the public,Redacted  Personal Data,10/5/2015,80,Clothing Uniforms and Laundry,Client/Customer (Non-Trade)
Central Services to the public,Redacted  Personal Data,10/5/2015,20,Clothing Uniforms and Laundry,Client/Customer (Non-Trade)
Central Services to the public,Redacted  Personal Data,10/5/2015,20,Clothing Uniforms and Laundry,Client/Customer (Non-Trade)
Central Services to the public,Redacted  Personal Data,10/5/2015,20,Clothing Uniforms and Laundry,Client/Customer (Non-Trade)
Central Services to the public,Redacted  Personal Data,10/5/2015,40,Clothing Uniforms and Laundry,Client/Customer (Non-Trade)
Central Services to the public,Redacted  Personal Data,10/5/2015,20,Clothing Uniforms and Laundry,Client/Customer (Non-Trade)
Central Services to the public,Redacted  Personal Data,10/5/2015,20,Clothing Uniforms and Laundry,Client/Customer (Non-Trade)
Central Services to the public,Redacted  Personal Data,10/5/2015,20,Clothing Uniforms and Laundry,Client/Customer (Non-Trade)
Central Services to the public,Redacted  Personal Data,10/5/2015,40,Clothing Uniforms and Laundry,Client/Customer (Non-Trade)
Central Services to the public,Redacted  Personal Data,10/5/2015,20,Clothing Uniforms and Laundry,Client/Customer (Non-Trade)
Central Services to the public,Redacted  Personal Data,10/5/2015,40,Clothing Uniforms and Laundry,Client/Customer (Non-Trade)
Central Services to the public,Redacted  Personal Data,10/5/2015,20,Clothing Uniforms and Laundry,Client/Customer (Non-Trade)
Central Services to the public,Redacted  Personal Data,10/5/2015,80,Clothing Uniforms and Laundry,Client/Customer (Non-Trade)
Central Services to the public,Redacted  Personal Data,10/13/2015,20,Clothing Uniforms and Laundry,Client/Customer (Non-Trade)
Central Services to the public,Redacted  Personal Data,10/13/2015,20,Clothing Uniforms and Laundry,Client/Customer (Non-Trade)
Central Services to the public,Redacted  Personal Data,10/13/2015,20,Clothing Uniforms and Laundry,Client/Customer (Non-Trade)
Central Services to the public,Redacted  Personal Data,10/13/2015,80,Clothing Uniforms and Laundry,Client/Customer (Non-Trade)
Central Services to the public,Redacted  Personal Data,10/13/2015,40,Clothing Uniforms and Laundry,Client/Customer (Non-Trade)
Central Services to the public,Redacted  Personal Data,10/13/2015,20,Clothing Uniforms and Laundry,Client/Customer (Non-Trade)
Central Services to the public,Redacted  Personal Data,10/13/2015,80,Clothing Uniforms and Laundry,Client/Customer (Non-Trade)
Central Services to the public,Redacted  Personal Data,10/20/2015,20,Clothing Uniforms and Laundry,Client/Customer (Non-Trade)
Central Services to the public,Redacted  Personal Data,10/20/2015,100,Clothing Uniforms and Laundry,Client/Customer (Non-Trade)
Central Services to the public,Redacted  Personal Data,10/20/2015,40,Clothing Uniforms and Laundry,Client/Customer (Non-Trade)
Central Services to the public,Redacted  Personal Data,10/27/2015,20,Clothing Uniforms and Laundry,Client/Customer (Non-Trade)
Central Services to the public,Redacted  Personal Data,10/27/2015,80,Clothing Uniforms and Laundry,Client/Customer (Non-Trade)
Central Services to the public,Redacted  Personal Data,10/27/2015,-82.65,Expenses and Allowances,Client/Customer (Non-Trade)
Central Services to the public,Redacted  Personal Data,10/1/2015,86,Expenses and Allowances,Client/Customer (Non-Trade)
Central Services to the public,Redacted  Personal Data,10/1/2015,116.8,Expenses and Allowances,Client/Customer (Non-Trade)
Central Services to the public,Redacted  Personal Data,10/1/2015,8,Expenses and Allowances,Client/Customer (Non-Trade)
Central Services to the public,Redacted  Personal Data,10/8/2015,"1,810.90",Expenses and Allowances,Client/Customer (Non-Trade)
Childrens & Educational Services,Redacted  Personal Data,10/1/2015,183.64,Expenses and Allowances,Client/Customer (Non-Trade)
Childrens & Educational Services,Redacted  Personal Data,10/6/2015,128,Expenses and Allowances,Client/Customer (Non-Trade)
Central Services to the public,Redacted  Personal Data,10/14/2015,150,Expenses and Allowances,Client/Customer (Non-Trade)
Childrens & Educational Services,Redacted  Personal Data,10/15/2015,60,Expenses and Allowances,Client/Customer (Non-Trade)
Childrens & Educational Services,Redacted  Personal Data,10/15/2015,30,Expenses and Allowances,Client/Customer (Non-Trade)
Public Health,Redacted  Personal Data,10/22/2015,25,Expenses and Allowances,Client/Customer (Non-Trade)
Cultural & Related Services,Redacted  Personal Data,10/6/2015,24.5,Expenses and Allowances,Client/Customer (Non-Trade)
Cultural & Related Services,Redacted  Personal Data,10/6/2015,8.75,Expenses and Allowances,Client/Customer (Non-Trade)
Cultural & Related Services,Redacted  Personal Data,10/6/2015,11.2,Expenses and Allowances,Client/Customer (Non-Trade)
Cultural & Related Services,Redacted  Personal Data,10/6/2015,63.28,Expenses and Allowances,Client/Customer (Non-Trade)
Cultural & Related Services,Redacted  Personal Data,10/13/2015,46.62,Expenses and Allowances,Client/Customer (Non-Trade)
Planning Services,Redacted  Personal Data,10/2/2015,421.7,Expenses and Allowances,Client/Customer (Non-Trade)
Planning Services,Redacted  Personal Data,10/2/2015,83.33,Expenses and Allowances,Client/Customer (Non-Trade)
Environmental & Regulatory Services,Redacted  Personal Data,10/12/2015,960,Expenses and Allowances,Client/Customer (Non-Trade)
Childrens & Educational Services,Redacted  Personal Data,10/16/2015,69.16,Expenses and Allowances,Client/Customer (Non-Trade)
Childrens & Educational Services,Redacted  Personal Data,10/2/2015,39.28,Expenses and Allowances,Client/Customer (Non-Trade)
Childrens & Educational Services,Redacted  Personal Data,10/12/2015,19.64,Expenses and Allowances,Client/Customer (Non-Trade)
Childrens & Educational Services,Redacted  Personal Data,10/23/2015,9.82,Expenses and Allowances,Client/Customer (Non-Trade)
Childrens & Educational Services,Redacted  Personal Data,10/30/2015,16.36,Expenses and Allowances,Client/Customer (Non-Trade)
Childrens & Educational Services,Redacted  Personal Data,10/2/2015,8.19,Expenses and Allowances,Client/Customer (Non-Trade)
Childrens & Educational Services,Redacted  Personal Data,10/12/2015,5.32,Expenses and Allowances,Client/Customer (Non-Trade)
Childrens & Educational Services,Redacted  Personal Data,10/16/2015,8.19,Expenses and Allowances,Client/Customer (Non-Trade)
Childrens & Educational Services,Redacted  Personal Data,10/23/2015,29.45,Expenses and Allowances,Client/Customer (Non-Trade)
Childrens & Educational Services,Redacted  Personal Data,10/2/2015,12.27,Expenses and Allowances,Client/Customer (Non-Trade)
Childrens & Educational Services,Redacted  Personal Data,10/12/2015,68.72,Expenses and Allowances,Client/Customer (Non-Trade)
Childrens & Educational Services,Redacted  Personal Data,10/23/2015,32.72,Expenses and Allowances,Client/Customer (Non-Trade)
Childrens & Educational Services,Redacted  Personal Data,10/30/2015,119.04,Expenses and Allowances,Client/Customer (Non-Trade)
Childrens & Educational Services,Redacted  Personal Data,10/12/2015,158.68,Expenses and Allowances,Client/Customer (Non-Trade)
Childrens & Educational Services,Redacted  Personal Data,10/16/2015,49.08,Expenses and Allowances,Client/Customer (Non-Trade)
Childrens & Educational Services,Redacted  Personal Data,10/2/2015,42.95,Expenses and Allowances,Client/Customer (Non-Trade)
Childrens & Educational Services,Redacted  Personal Data,10/23/2015,57.26,Expenses and Allowances,Client/Customer (Non-Trade)
Central Services to the public,Redacted  Personal Data,10/13/2015,9.25,Expenses and Allowances,Client/Customer (Non-Trade)
Central Support Costs,Redacted  Personal Data,10/27/2015,-7.5,Expenses and Allowances,Client/Customer (Non-Trade)
Planning Services,Redacted  Personal Data,10/1/2015,49.3,Expenses and Allowances,Client/Customer (Non-Trade)
Adult Social Care,Redacted  Personal Data,10/23/2015,336.7,Expenses and Allowances,Client/Customer (Non-Trade)
Adult Social Care,Redacted  Personal Data,10/23/2015,562,Expenses and Allowances,Client/Customer (Non-Trade)
Childrens & Educational Services,Redacted  Personal Data,10/20/2015,300,Expenses and Allowances,Client/Customer (Non-Trade)
Childrens & Educational Services,Redacted  Personal Data,10/16/2015,1.2,Expenses and Allowances,Client/Customer (Non-Trade)
Childrens & Educational Services,Redacted  Personal Data,10/16/2015,46,Expenses and Allowances,Client/Customer (Non-Trade)
Childrens & Educational Services,Redacted  Personal Data,10/2/2015,2.5,Expenses and Allowances,Client/Customer (Non-Trade)
Childrens & Educational Services,Redacted  Personal Data,10/12/2015,3,Expenses and Allowances,Client/Customer (Non-Trade)
Childrens & Educational Services,Redacted  Personal Data,10/30/2015,3.5,Expenses and Allowances,Client/Customer (Non-Trade)
Childrens & Educational Services,Redacted  Personal Data,10/8/2015,350,Expenses and Allowances,Client/Customer (Non-Trade)
Childrens & Educational Services,Redacted  Personal Data,10/2/2015,11.25,Expenses and Allowances,Client/Customer (Non-Trade)
Childrens & Educational Services,Redacted  Personal Data,10/12/2015,26.59,Expenses and Allowances,Client/Customer (Non-Trade)
Childrens & Educational Services,Redacted  Personal Data,10/23/2015,36.09,Expenses and Allowances,Client/Customer (Non-Trade)
Childrens & Educational Services,Redacted  Personal Data,10/30/2015,105.41,Expenses and Allowances,Client/Customer (Non-Trade)
Childrens & Educational Services,Redacted  Personal Data,10/12/2015,39.5,Expenses and Allowances,Client/Customer (Non-Trade)
Childrens & Educational Services,Redacted  Personal Data,10/16/2015,22.5,Expenses and Allowances,Client/Customer (Non-Trade)
Childrens & Educational Services,Redacted  Personal Data,10/23/2015,55,Expenses and Allowances,Client/Customer (Non-Trade)
Capital Expenditure,Redacted  Personal Data,10/22/2015,611,Expenses and Allowances,Client/Customer (Non-Trade)
Capital Expenditure,Redacted  Personal Data,10/20/2015,"90,000.00",Expenses and Allowances,Client/Customer (Non-Trade)
Adult Social Care,Redacted  Personal Data,10/30/2015,222.64,Expenses and Allowances,Client/Customer (Non-Trade)
Childrens & Educational Services,Redacted  Personal Data,10/22/2015,"1,830.00",Furniture and Equipment,Client/Customer (Non-Trade)
Cultural & Related Services,Redacted  Personal Data,10/8/2015,370,Furniture and Equipment,Client/Customer (Non-Trade)
Highways & Transport Services,Redacted  Personal Data,10/16/2015,89.52,Furniture and Equipment,Client/Customer (Non-Trade)
Corporate & Democratic Core,Redacted  Personal Data,10/7/2015,300,Expenses and Allowances,Client/Customer (Non-Trade)
Childrens & Educational Services,Redacted  Personal Data,10/8/2015,67.23,Expenses and Allowances,Client/Customer (Non-Trade)
Childrens & Educational Services,Redacted  Personal Data,10/28/2015,188.7,Expenses and Allowances,Client/Customer (Non-Trade)
Childrens & Educational Services,Redacted  Personal Data,10/28/2015,"1,701.00",Expenses and Allowances,Client/Customer (Non-Trade)
Adult Social Care,Redacted  Personal Data,10/7/2015,600,Rents,Client/Customer (Non-Trade)
Childrens & Educational Services,Redacted  Personal Data,10/13/2015,190,Third party payments - Private/Voluntary Sector,Client/Customer (Non-Trade)
Childrens & Educational Services,Redacted  Personal Data,10/13/2015,140,Third party payments - Private/Voluntary Sector,Client/Customer (Non-Trade)
Childrens & Educational Services,Redacted  Personal Data,10/9/2015,250,Third party payments - Private/Voluntary Sector,Client/Customer (Non-Trade)
Childrens & Educational Services,Redacted  Personal Data,10/13/2015,"1,200.00",Third party payments - Private/Voluntary Sector,Client/Customer (Non-Trade)
Childrens & Educational Services,Redacted  Personal Data,10/13/2015,"1,200.00",Third party payments - Private/Voluntary Sector,Client/Customer (Non-Trade)
Childrens & Educational Services,Redacted  Personal Data,10/13/2015,"1,200.00",Third party payments - Private/Voluntary Sector,Client/Customer (Non-Trade)
Childrens & Educational Services,Redacted  Personal Data,10/27/2015,"1,000.00",Third party payments - Private/Voluntary Sector,Client/Customer (Non-Trade)
Childrens & Educational Services,Redacted  Personal Data,10/27/2015,"1,200.00",Third party payments - Private/Voluntary Sector,Client/Customer (Non-Trade)
Childrens & Educational Services,Redacted  Personal Data,10/23/2015,"1,200.00",Third party payments - Private/Voluntary Sector,Client/Customer (Non-Trade)
Childrens & Educational Services,Redacted  Personal Data,10/7/2015,167.25,Third party payments - Private/Voluntary Sector,Client/Customer (Non-Trade)
Childrens & Educational Services,Redacted  Personal Data,10/14/2015,167.25,Third party payments - Private/Voluntary Sector,Client/Customer (Non-Trade)
Childrens & Educational Services,Redacted  Personal Data,10/21/2015,167.25,Third party payments - Private/Voluntary Sector,Client/Customer (Non-Trade)
Childrens & Educational Services,Redacted  Personal Data,10/28/2015,167.25,Third party payments - Private/Voluntary Sector,Client/Customer (Non-Trade)
Childrens & Educational Services,Redacted  Personal Data,10/14/2015,334.5,Third party payments - Private/Voluntary Sector,Client/Customer (Non-Trade)
Childrens & Educational Services,Redacted  Personal Data,10/21/2015,167.25,Third party payments - Private/Voluntary Sector,Client/Customer (Non-Trade)
Childrens & Educational Services,Redacted  Personal Data,10/28/2015,167.25,Third party payments - Private/Voluntary Sector,Client/Customer (Non-Trade)
Childrens & Educational Services,Redacted  Personal Data,10/7/2015,336.49,Third party payments - Private/Voluntary Sector,Client/Customer (Non-Trade)
Childrens & Educational Services,Redacted  Personal Data,10/14/2015,336.49,Third party payments - Private/Voluntary Sector,Client/Customer (Non-Trade)
Childrens & Educational Services,Redacted  Personal Data,10/21/2015,336.49,Third party payments - Private/Voluntary Sector,Client/Customer (Non-Trade)
Childrens & Educational Services,Redacted  Personal Data,10/28/2015,336.49,Third party payments - Private/Voluntary Sector,Client/Customer (Non-Trade)
Childrens & Educational Services,Redacted  Personal Data,10/7/2015,262.82,Third party payments - Private/Voluntary Sector,Client/Customer (Non-Trade)
Childrens & Educational Services,Redacted  Personal Data,10/14/2015,167.25,Third party payments - Private/Voluntary Sector,Client/Customer (Non-Trade)
Childrens & Educational Services,Redacted  Personal Data,10/21/2015,167.25,Third party payments - Private/Voluntary Sector,Client/Customer (Non-Trade)
Childrens & Educational Services,Redacted  Personal Data,10/28/2015,167.25,Third party payments - Private/Voluntary Sector,Client/Customer (Non-Trade)
Childrens & Educational Services,Redacted  Personal Data,10/7/2015,138,Third party payments - Private/Voluntary Sector,Client/Customer (Non-Trade)
Childrens & Educational Services,Redacted  Personal Data,10/14/2015,138,Third party payments - Private/Voluntary Sector,Client/Customer (Non-Trade)
Childrens & Educational Services,Redacted  Personal Data,10/21/2015,138,Third party payments - Private/Voluntary Sector,Client/Customer (Non-Trade)
Childrens & Educational Services,Redacted  Personal Data,10/28/2015,138,Third party payments - Private/Voluntary Sector,Client/Customer (Non-Trade)
Childrens & Educational Services,Redacted  Personal Data,10/28/2015,552,Third party payments - Private/Voluntary Sector,Client/Customer (Non-Trade)
Childrens & Educational Services,Redacted  Personal Data,10/28/2015,786,Third party payments - Private/Voluntary Sector,Client/Customer (Non-Trade)
Childrens & Educational Services,Redacted  Personal Data,10/28/2015,786,Third party payments - Private/Voluntary Sector,Client/Customer (Non-Trade)
Childrens & Educational Services,Redacted  Personal Data,10/5/2015,666.66,Third party payments - Private/Voluntary Sector,Client/Customer (Non-Trade)
Childrens & Educational Services,Redacted  Personal Data,10/28/2015,986,Third party payments - Private/Voluntary Sector,Client/Customer (Non-Trade)
Childrens & Educational Services,Redacted  Personal Data,10/13/2015,"1,200.00",Third party payments - Private/Voluntary Sector,Client/Customer (Non-Trade)
Childrens & Educational Services,Redacted  Personal Data,10/15/2015,849.09,Third party payments - Private/Voluntary Sector,Client/Customer (Non-Trade)
Childrens & Educational Services,Redacted  Personal Data,10/15/2015,"1,202.85",Third party payments - Private/Voluntary Sector,Client/Customer (Non-Trade)
Childrens & Educational Services,Redacted  Personal Data,10/28/2015,786,Third party payments - Private/Voluntary Sector,Client/Customer (Non-Trade)
Childrens & Educational Services,Redacted  Personal Data,10/15/2015,"1,113.75",Third party payments - Private/Voluntary Sector,Client/Customer (Non-Trade)
Childrens & Educational Services,Redacted  Personal Data,10/15/2015,"1,113.65",Third party payments - Private/Voluntary Sector,Client/Customer (Non-Trade)
Childrens & Educational Services,Redacted  Personal Data,10/15/2015,"1,113.75",Third party payments - Private/Voluntary Sector,Client/Customer (Non-Trade)
Central Services to the public,Redacted  Personal Data,10/12/2015,-416,Transfer payments,Client/Customer (Non-Trade)
Central Services to the public,Redacted  Personal Data,10/6/2015,400,Transfer payments,Client/Customer (Non-Trade)
Central Services to the public,Redacted  Personal Data,10/7/2015,988,Transfer payments,Client/Customer (Non-Trade)
Central Services to the public,Redacted  Personal Data,10/12/2015,416,Transfer payments,Client/Customer (Non-Trade)
Central Support Costs,Redacted  Personal Data,10/21/2015,250,Expenses and Allowances,Client/Customer (Non-Trade)
Childrens & Educational Services,Redacted  Personal Data,10/28/2015,25.87,Welfare Payments,Client/Customer (Non-Trade)
Childrens & Educational Services,Redacted  Personal Data,10/28/2015,19.99,Welfare Payments,Client/Customer (Non-Trade)
Childrens & Educational Services,Redacted  Personal Data,10/28/2015,45.77,Welfare Payments,Client/Customer (Non-Trade)
Childrens & Educational Services,REDDISH VALE TECHNOLOGY COLLEGE,10/12/2015,"3,750.00",Fees and Charges,Charity/Third Sector
Childrens & Educational Services,REDDISH VALE TECHNOLOGY COLLEGE,10/21/2015,"6,900.34",Fees and Charges,Charity/Third Sector
Adult Social Care,REGENDA LIMITED,10/6/2015,"1,890.16",Rents,Housing Services
Adult Social Care,REGENDA LIMITED,10/27/2015,"1,890.16",Rents,Housing Services
Childrens & Educational Services,REMEDI - RESTORATIVE SERVICES,10/26/2015,927.16,Publicity and Promotion,Activities and Events Provision
Adult Social Care,Respite (North West) Ltd,10/1/2015,"1,686.56",Care Payments,Social Care Services
Adult Social Care,Respite (North West) Ltd,10/20/2015,"1,314.72",Care Payments,Social Care Services
Adult Social Care,RICHARD HOUSE,10/5/2015,"1,784.00",Care Payments,Social Care Services
Adult Social Care,RICHARD HOUSE,10/5/2015,-735.28,Care Payments,Social Care Services
Adult Social Care,RICHARD HOUSE,10/5/2015,"1,784.00",Care Payments,Social Care Services
Adult Social Care,RICHARD HOUSE,10/5/2015,"8,276.00",Care Payments,Social Care Services
Adult Social Care,RICHARD HOUSE,10/5/2015,"-2,868.84",Care Payments,Social Care Services
Adult Social Care,RICHARD HOUSE,10/26/2015,"1,083.14",Care Payments,Social Care Services
Adult Social Care,RICHARD HOUSE,10/26/2015,"9,032.00",Care Payments,Social Care Services
Capital Expenditure,Richardson Law,10/30/2015,"11,250.00",Supplies and services,Legal Services
Adult Social Care,RIG Healthcare Recruit,10/12/2015,"1,117.98",Agency Staffing,Recruitment / Staffing
Adult Social Care,Right at Home (Ealing and Hounslow),10/20/2015,318.75,Care Payments,Social Care Services
Adult Social Care,Right at Home (Ealing and Hounslow),10/21/2015,318.75,Care Payments,Social Care Services
Adult Social Care,Right at Home (Ealing and Hounslow),10/28/2015,229.1,Care Payments,Social Care Services
Adult Social Care,Right at Home (Ealing and Hounslow),10/30/2015,167.35,Care Payments,Social Care Services
Childrens & Educational Services,RITE DIRECTIONS,10/7/2015,"3,900.00",Care Payments,Social Care Services
Childrens & Educational Services,RITE DIRECTIONS,10/1/2015,57.9,Care Payments,Social Care Services
Childrens & Educational Services,RITE DIRECTIONS,10/8/2015,57.9,Care Payments,Social Care Services
Childrens & Educational Services,RITE DIRECTIONS,10/15/2015,57.9,Care Payments,Social Care Services
Childrens & Educational Services,RITE DIRECTIONS,10/22/2015,57.9,Care Payments,Social Care Services
Childrens & Educational Services,RITE DIRECTIONS,10/15/2015,250,Care Payments,Social Care Services
Childrens & Educational Services,RITE DIRECTIONS,10/29/2015,57.9,Care Payments,Social Care Services
Capital Expenditure,RM EDUCATION PLC,10/12/2015,"1,750.00",Information and Communications Technology,ICT Consultancy / Support
Capital Expenditure,RM EDUCATION PLC,10/12/2015,"3,847.00",Information and Communications Technology,ICT Consultancy / Support
Adult Social Care,RMD CARE SERVICES LTD,10/5/2015,"4,096.00",Care Payments,Social Care Services
Adult Social Care,RMD CARE SERVICES LTD,10/5/2015,"1,344.00",Care Payments,Social Care Services
Adult Social Care,RMD CARE SERVICES LTD,10/5/2015,"5,412.00",Care Payments,Social Care Services
Adult Social Care,RMD CARE SERVICES LTD,10/5/2015,"-2,691.24",Care Payments,Social Care Services
Adult Social Care,RMD CARE SERVICES LTD,10/5/2015,432,Care Payments,Social Care Services
Adult Social Care,RMD CARE SERVICES LTD,10/5/2015,-64.43,Care Payments,Social Care Services
Adult Social Care,RMD CARE SERVICES LTD,10/5/2015,42.77,Care Payments,Social Care Services
Adult Social Care,RMD CARE SERVICES LTD,10/5/2015,"3,584.00",Care Payments,Social Care Services
Adult Social Care,RMD CARE SERVICES LTD,10/5/2015,"10,880.00",Care Payments,Social Care Services
Adult Social Care,RMD CARE SERVICES LTD,10/5/2015,"-1,941.64",Care Payments,Social Care Services
Adult Social Care,RMD CARE SERVICES LTD,10/5/2015,80,Care Payments,Social Care Services
Adult Social Care,RMD CARE SERVICES LTD,10/5/2015,322.14,Care Payments,Social Care Services
Adult Social Care,RMD CARE SERVICES LTD,10/26/2015,322.14,Care Payments,Social Care Services
Capital Expenditure,RMD CONTRACTS LIMITED,10/16/2015,"1,704.00",Capital Expenditure - Works,Construction / Building Services
Capital Expenditure,RMD CONTRACTS LIMITED,10/20/2015,"2,137.00",Capital Expenditure - Works,Construction / Building Services
Adult Social Care,ROCHE HEALTHCARE LTD,10/5/2015,"1,831.76",Care Payments,Health Services
Adult Social Care,ROCHE HEALTHCARE LTD,10/5/2015,-535.32,Care Payments,Health Services
Adult Social Care,Rock House,10/5/2015,"2,400.00",Care Payments,Social Care Services
Adult Social Care,Rock House,10/5/2015,-828.52,Care Payments,Social Care Services
Adult Social Care,Roefield Specialist Care Ltd,10/5/2015,"6,720.00",Care Payments,Social Care Services
Adult Social Care,Roefield Specialist Care Ltd,10/5/2015,-236.44,Care Payments,Social Care Services
Capital Expenditure,ROGER HANNAH &CO (LEGAL FEES ONLY),10/14/2015,"20,420.00",Professional Fees,Surveyor
Corporate & Democratic Core,Romiley Allotments,10/13/2015,866,Publicity and Promotion,Charity/Third Sector
Capital Expenditure,ROMPA LTD,10/5/2015,"7,155.00",Capital Expenditure - Works,Design Services
Adult Social Care,ROSEMOUNT CARE HOME LTD,10/5/2015,"1,532.00",Care Payments,Social Care Services
Adult Social Care,ROSEMOUNT CARE HOME LTD,10/5/2015,"1,784.00",Care Payments,Social Care Services
Adult Social Care,ROSEMOUNT CARE HOME LTD,10/5/2015,-463.28,Care Payments,Social Care Services
Adult Social Care,ROSEMOUNT CARE HOME LTD,10/5/2015,"4,848.00",Care Payments,Social Care Services
Adult Social Care,ROSEMOUNT CARE HOME LTD,10/5/2015,"-2,747.20",Care Payments,Social Care Services
Central Services to the public,ROYAL MAIL GROUP LTD.,10/14/2015,"1,000.81",Office Expenses,"Postal, Mail and Courier Services"
Central Services to the public,ROYAL MAIL GROUP LTD.,10/15/2015,94,Publicity and Promotion,"Postal, Mail and Courier Services"
Central Support Costs,ROYAL MAIL GROUP LTD.,10/15/2015,"3,894.45",Publicity and Promotion,"Postal, Mail and Courier Services"
Central Support Costs,ROYAL MAIL GROUP LTD.,10/21/2015,"1,102.91",Publicity and Promotion,"Postal, Mail and Courier Services"
Central Support Costs,ROYAL MAIL GROUP LTD.,10/27/2015,"2,672.57",Publicity and Promotion,"Postal, Mail and Courier Services"
Central Support Costs,RSA,10/21/2015,"2,500.00",Insurance,Insurance Services
Adult Social Care,Rushcliffe Care Group,10/5/2015,"2,360.84",Care Payments,Social Care Services
Adult Social Care,Rushcliffe Care Group,10/5/2015,-319.4,Care Payments,Social Care Services
Adult Social Care,Rushcliffe Care Group,10/26/2015,"2,000.00",Care Payments,Social Care Services
Adult Social Care,RUSHES HOUSE CARE HOME,10/5/2015,"2,040.00",Care Payments,Social Care Services
Adult Social Care,RUSHES HOUSE CARE HOME,10/5/2015,-200,Care Payments,Social Care Services
Adult Social Care,RUSHES HOUSE CARE HOME,10/5/2015,"1,784.00",Care Payments,Social Care Services
Adult Social Care,RUSHES HOUSE CARE HOME,10/5/2015,"2,400.00",Care Payments,Social Care Services
Adult Social Care,RUSHES HOUSE CARE HOME,10/5/2015,-616,Care Payments,Social Care Services
Adult Social Care,RUSHES HOUSE CARE HOME,10/5/2015,"5,400.00",Care Payments,Social Care Services
Adult Social Care,RUSHES HOUSE CARE HOME,10/5/2015,"-2,032.76",Care Payments,Social Care Services
Childrens & Educational Services,S M JOSEPH - TUTOR,10/9/2015,653.4,Fees and Charges,Education Services
Childrens & Educational Services,S M JOSEPH - TUTOR,10/15/2015,873,Fees and Charges,Education Services
Childrens & Educational Services,S M JOSEPH - TUTOR,10/15/2015,180,Fees and Charges,Education Services
Childrens & Educational Services,S M JOSEPH - TUTOR,10/15/2015,187.99,Fees and Charges,Education Services
Central Support Costs,SAICA NATUR UK LTD,10/30/2015,50,Office Expenses,Waste Recycling / Disposal
Central Services to the public,SAICA NATUR UK LTD,10/1/2015,5.01,Waste Management,Waste Recycling / Disposal
Central Services to the public,SAICA NATUR UK LTD,10/1/2015,5.01,Waste Management,Waste Recycling / Disposal
Central Services to the public,SAICA NATUR UK LTD,10/22/2015,50,Waste Management,Waste Recycling / Disposal
Central Services to the public,SAICA NATUR UK LTD,10/27/2015,100,Waste Management,Waste Recycling / Disposal
Central Support Costs,SAICA NATUR UK LTD,10/30/2015,80,Waste Management,Waste Recycling / Disposal
Central Support Costs,SAICA NATUR UK LTD,10/16/2015,80,Waste Management,Waste Recycling / Disposal
Central Support Costs,SAICA NATUR UK LTD,10/16/2015,-80,Waste Management,Waste Recycling / Disposal
Central Support Costs,SAICA NATUR UK LTD,10/1/2015,10,Waste Management,Waste Recycling / Disposal
Central Support Costs,SAICA NATUR UK LTD,10/1/2015,20,Waste Management,Waste Recycling / Disposal
Central Support Costs,SAICA NATUR UK LTD,10/1/2015,10,Waste Management,Waste Recycling / Disposal
Central Support Costs,SAICA NATUR UK LTD,10/1/2015,10,Waste Management,Waste Recycling / Disposal
Central Support Costs,SAICA NATUR UK LTD,10/1/2015,4.99,Waste Management,Waste Recycling / Disposal
Central Support Costs,SAICA NATUR UK LTD,10/1/2015,10,Waste Management,Waste Recycling / Disposal
Central Support Costs,SAICA NATUR UK LTD,10/1/2015,10,Waste Management,Waste Recycling / Disposal
Central Support Costs,SAICA NATUR UK LTD,10/1/2015,10,Waste Management,Waste Recycling / Disposal
Central Support Costs,SAICA NATUR UK LTD,10/1/2015,20,Waste Management,Waste Recycling / Disposal
Central Support Costs,SAICA NATUR UK LTD,10/1/2015,10,Waste Management,Waste Recycling / Disposal
Central Support Costs,SAICA NATUR UK LTD,10/1/2015,10,Waste Management,Waste Recycling / Disposal
Central Support Costs,SAICA NATUR UK LTD,10/1/2015,4.99,Waste Management,Waste Recycling / Disposal
Central Support Costs,SAICA NATUR UK LTD,10/1/2015,10,Waste Management,Waste Recycling / Disposal
Central Support Costs,SAICA NATUR UK LTD,10/1/2015,10,Waste Management,Waste Recycling / Disposal
Central Support Costs,SAICA NATUR UK LTD,10/12/2015,24,Waste Management,Waste Recycling / Disposal
Central Support Costs,SAICA NATUR UK LTD,10/12/2015,12,Waste Management,Waste Recycling / Disposal
Central Support Costs,SAICA NATUR UK LTD,10/12/2015,12,Waste Management,Waste Recycling / Disposal
Central Support Costs,SAICA NATUR UK LTD,10/12/2015,12,Waste Management,Waste Recycling / Disposal
Central Support Costs,SAICA NATUR UK LTD,10/27/2015,10,Waste Management,Waste Recycling / Disposal
Central Support Costs,SAICA NATUR UK LTD,10/27/2015,12,Waste Management,Waste Recycling / Disposal
Central Support Costs,SAICA NATUR UK LTD,10/27/2015,6,Waste Management,Waste Recycling / Disposal
Central Support Costs,SAICA NATUR UK LTD,10/27/2015,10,Waste Management,Waste Recycling / Disposal
Central Support Costs,SAICA NATUR UK LTD,10/27/2015,6,Waste Management,Waste Recycling / Disposal
Central Support Costs,SAICA NATUR UK LTD,10/27/2015,6,Waste Management,Waste Recycling / Disposal
Central Support Costs,SAICA NATUR UK LTD,10/27/2015,50,Waste Management,Waste Recycling / Disposal
Planning Services,SAICA NATUR UK LTD,10/16/2015,10,Waste Management,Waste Recycling / Disposal
Planning Services,SAICA NATUR UK LTD,10/7/2015,10,Waste Management,Waste Recycling / Disposal
Planning Services,SAICA NATUR UK LTD,10/16/2015,-10,Waste Management,Waste Recycling / Disposal
Planning Services,SAICA NATUR UK LTD,10/6/2015,10,Waste Management,Waste Recycling / Disposal
Childrens & Educational Services,SAICA NATUR UK LTD,10/27/2015,50,Waste Management,Waste Recycling / Disposal
Adult Social Care,Salus - Withnell Hall,10/26/2015,"2,000.00",Care Payments,Social Care Services
Planning Services,SCAN INTERNATIONAL,10/15/2015,288.18,Furniture and Equipment,ICT Supplies
Planning Services,SCAN INTERNATIONAL,10/15/2015,675.58,Furniture and Equipment,ICT Supplies
Planning Services,SCAN INTERNATIONAL,10/15/2015,675.58,Furniture and Equipment,ICT Supplies
Planning Services,SCAN INTERNATIONAL,10/15/2015,675.58,Furniture and Equipment,ICT Supplies
Planning Services,SCAN INTERNATIONAL,10/15/2015,-675.58,Furniture and Equipment,ICT Supplies
Planning Services,SCAN INTERNATIONAL,10/15/2015,-675.58,Furniture and Equipment,ICT Supplies
Planning Services,SCAN INTERNATIONAL,10/20/2015,167.38,Furniture and Equipment,ICT Supplies
Central Support Costs,SCC PLC,10/12/2015,530.7,Information and Communications Technology,ICT Consultancy / Support
Central Support Costs,SCC PLC,10/14/2015,432.37,Information and Communications Technology,ICT Consultancy / Support
Central Support Costs,SCC PLC,10/20/2015,496,Information and Communications Technology,ICT Consultancy / Support
Central Support Costs,SCC PLC,10/20/2015,442,Information and Communications Technology,ICT Consultancy / Support
Planning Services,SCC PLC,10/12/2015,992,Information and Communications Technology,ICT Consultancy / Support
Planning Services,SCC PLC,10/20/2015,432,Information and Communications Technology,ICT Consultancy / Support
Adult Social Care,SCC PLC,10/23/2015,432.37,Information and Communications Technology,ICT Consultancy / Support
Adult Social Care,SCC PLC,10/12/2015,"5,600.40",Information and Communications Technology,ICT Consultancy / Support
Childrens & Educational Services,SCC PLC,10/12/2015,64,Information and Communications Technology,ICT Consultancy / Support
Capital Expenditure,SCC PLC,10/27/2015,105,Information and Communications Technology,ICT Consultancy / Support
Environmental & Regulatory Services,SCC PLC,10/28/2015,432,Information and Communications Technology,ICT Consultancy / Support
Highways & Transport Services,SCC PLC,10/12/2015,"2,368.00",Information and Communications Technology,ICT Consultancy / Support
Highways & Transport Services,SCC PLC,10/12/2015,697,Information and Communications Technology,ICT Consultancy / Support
Highways & Transport Services,SCC PLC,10/19/2015,432,Information and Communications Technology,ICT Consultancy / Support
Planning Services,SCC PLC,10/20/2015,432,Information and Communications Technology,ICT Consultancy / Support
Planning Services,SCC PLC,10/26/2015,43,Information and Communications Technology,ICT Consultancy / Support
Highways & Transport Services,SCHEIDT & BACHMANN (UK) LTD,10/22/2015,"4,525.00",Repairs and Maintenance,Equipment Supplies
Adult Social Care,SCOPE,10/5/2015,"3,059.12",Care Payments,Disability Support
Adult Social Care,SCOPE,10/5/2015,-321.8,Care Payments,Disability Support
Adult Social Care,SCOPE,10/5/2015,"3,715.40",Care Payments,Disability Support
Adult Social Care,SCOPE,10/5/2015,-321.8,Care Payments,Disability Support
Adult Social Care,SCOPE,10/5/2015,"3,400.00",Care Payments,Disability Support
Adult Social Care,SCOPE,10/5/2015,-321.8,Care Payments,Disability Support
Adult Social Care,SEASHELL TRUST,10/26/2015,"6,805.88",Care Payments,Social Care Services
Adult Social Care,SEASHELL TRUST,10/20/2015,"3,300.00",Care Payments,Social Care Services
Childrens & Educational Services,SEASHELL TRUST,10/22/2015,65,Care Payments,Social Care Services
Childrens & Educational Services,SEASHELL TRUST,10/29/2015,"44,884.01",Fees and Charges,Social Care Services
Childrens & Educational Services,SEASHELL TRUST,10/20/2015,"3,609.60",Publicity and Promotion,Social Care Services
Childrens & Educational Services,SEASHELL TRUST,10/20/2015,"8,798.40",Publicity and Promotion,Social Care Services
Childrens & Educational Services,SEASHELL TRUST,10/27/2015,"237,688.14",Third party payments - Private/Voluntary Sector,Social Care Services
Housing (Revenue Account) Services,SECURE EMPTY PROPERTY,10/14/2015,560,Professional Fees,Property Management
Housing (Revenue Account) Services,SECURE EMPTY PROPERTY,10/14/2015,560,Professional Fees,Property Management
Capital Expenditure,SEDDON CONSTRUCTION LTD,10/13/2015,"341,192.00",Capital Expenditure - Works,Construction / Building Services
Planning Services,SEVEN MILES OUT ARTS CIC,10/21/2015,"2,000.00",Publicity and Promotion,Activities and Events Provision
Planning Services,SEVEN MILES OUT ARTS CIC,10/21/2015,"1,450.00",Publicity and Promotion,Activities and Events Provision
Cultural & Related Services,SEVERNSIDE WHOLESALERS,10/21/2015,395.62,Publicity and Promotion,Wholesaler
Cultural & Related Services,SEVERNSIDE WHOLESALERS,10/21/2015,607.74,Publicity and Promotion,Wholesaler
Cultural & Related Services,SHEARINGS HOLIDAYS LTD,10/23/2015,-15.4,Office Expenses,Transport and Travel
Cultural & Related Services,SHEARINGS HOLIDAYS LTD,10/27/2015,-129,Office Expenses,Transport and Travel
Cultural & Related Services,SHEARINGS HOLIDAYS LTD,10/27/2015,-110.7,Office Expenses,Transport and Travel
Cultural & Related Services,SHEARINGS HOLIDAYS LTD,10/8/2015,85,Publicity and Promotion,Transport and Travel
Cultural & Related Services,SHEARINGS HOLIDAYS LTD,10/8/2015,85,Publicity and Promotion,Transport and Travel
Cultural & Related Services,SHEARINGS HOLIDAYS LTD,10/23/2015,154,Publicity and Promotion,Transport and Travel
Cultural & Related Services,SHEARINGS HOLIDAYS LTD,10/27/2015,"1,290.00",Publicity and Promotion,Transport and Travel
Cultural & Related Services,SHEARINGS HOLIDAYS LTD,10/27/2015,807,Publicity and Promotion,Transport and Travel
Cultural & Related Services,SHEARINGS HOLIDAYS LTD,10/30/2015,60,Publicity and Promotion,Transport and Travel
Capital Expenditure,SHEFFIELD HALLAM UNIVERSITY,10/22/2015,"2,000.00",Capital Expenditure - Works,Further and Higher Education
Public Health,Sheila French,10/1/2015,307.5,Fees and Charges,Trainer / Facilitator
Public Health,Sheila French,10/16/2015,307.5,Fees and Charges,Trainer / Facilitator
Planning Services,Shout Media and Events Ltd,10/20/2015,"1,000.00",Publicity and Promotion,Printing Services
Central Support Costs,SHRED-IT LTD,10/12/2015,153,Office Expenses,Information Services
Central Support Costs,SHRED-IT LTD,10/20/2015,157.5,Office Expenses,Information Services
Environmental & Regulatory Services,SHRED-IT LTD,10/21/2015,91.16,Office Expenses,Information Services
Environmental & Regulatory Services,SHRED-IT LTD,10/27/2015,91.2,Office Expenses,Information Services
Childrens & Educational Services,SHRED-IT LTD,10/6/2015,86.85,Waste Management,Information Services
Childrens & Educational Services,SHRED-IT LTD,10/27/2015,86.85,Waste Management,Information Services
Childrens & Educational Services,SHRED-IT LTD,10/5/2015,180,Waste Management,Information Services
Environmental & Regulatory Services,SHRED-IT LTD,10/15/2015,23.1,Waste Management,Information Services
Environmental & Regulatory Services,SHRED-IT LTD,10/20/2015,23.1,Waste Management,Information Services
Capital Expenditure,SIG ROOFING SUPPLIES GROUP,10/21/2015,"1,196.18",Capital Expenditure - Works,Building Supplies
Capital Expenditure,SIG ROOFING SUPPLIES GROUP,10/21/2015,"14,930.18",Capital Expenditure - Works,Building Supplies
Capital Expenditure,SIG ROOFING SUPPLIES GROUP,10/21/2015,982.56,Capital Expenditure - Works,Building Supplies
Capital Expenditure,SIG ROOFING SUPPLIES GROUP,10/21/2015,"1,508.51",Capital Expenditure - Works,Building Supplies
Capital Expenditure,SIG ROOFING SUPPLIES GROUP,10/21/2015,506.94,Capital Expenditure - Works,Building Supplies
Capital Expenditure,SIG ROOFING SUPPLIES GROUP,10/27/2015,"3,753.02",Capital Expenditure - Works,Building Supplies
Capital Expenditure,SIG ROOFING SUPPLIES GROUP,10/27/2015,"2,518.88",Capital Expenditure - Works,Building Supplies
Capital Expenditure,SIG ROOFING SUPPLIES GROUP,10/27/2015,609.78,Capital Expenditure - Works,Building Supplies
Capital Expenditure,SIG ROOFING SUPPLIES GROUP,10/27/2015,73.2,Capital Expenditure - Works,Building Supplies
Central Support Costs,SIGMA GRAPHICS LTD,10/21/2015,-14.26,Printing and Photocopying,Printing Services
Planning Services,SIGMA GRAPHICS LTD,10/21/2015,53.34,Publicity and Promotion,Printing Services
Planning Services,SIGMA GRAPHICS LTD,10/21/2015,89.7,Publicity and Promotion,Printing Services
Planning Services,SIGMA GRAPHICS LTD,10/21/2015,172.48,Publicity and Promotion,Printing Services
Planning Services,SIGMA GRAPHICS LTD,10/9/2015,180,Publicity and Promotion,Printing Services
Planning Services,SIGMA GRAPHICS LTD,10/21/2015,11.26,Publicity and Promotion,Printing Services
Planning Services,SIGMA GRAPHICS LTD,10/30/2015,10.61,Publicity and Promotion,Printing Services
Adult Social Care,SIGNHEALTH,10/5/2015,"4,723.52",Care Payments,Disability Support
Adult Social Care,SIGNHEALTH,10/5/2015,-321.8,Care Payments,Disability Support
Adult Social Care,SIGNHEALTH,10/5/2015,"5,159.24",Care Payments,Disability Support
Adult Social Care,SIGNHEALTH,10/5/2015,-321.8,Care Payments,Disability Support
Central Support Costs,SITEXORBIS LTD,10/19/2015,-100,Repairs and Maintenance,Construction / Building Services
Central Support Costs,SITEXORBIS LTD,10/19/2015,730.9,Repairs and Maintenance,Construction / Building Services
Childrens & Educational Services,SK TRAVEL AND MOTOR MAINTENANCE,10/16/2015,"1,535.00",Leasing /Transport Hire,Transport and Travel
Childrens & Educational Services,SK TRAVEL AND MOTOR MAINTENANCE,10/16/2015,386.4,Leasing /Transport Hire,Transport and Travel
Childrens & Educational Services,SK TRAVEL AND MOTOR MAINTENANCE,10/16/2015,"1,545.60",Leasing /Transport Hire,Transport and Travel
Childrens & Educational Services,SK TRAVEL AND MOTOR MAINTENANCE,10/16/2015,"1,440.00",Leasing /Transport Hire,Transport and Travel
Childrens & Educational Services,SK TRAVEL AND MOTOR MAINTENANCE,10/16/2015,"8,380.80",Leasing /Transport Hire,Transport and Travel
Childrens & Educational Services,SK TRAVEL AND MOTOR MAINTENANCE,10/16/2015,"4,051.20",Leasing /Transport Hire,Transport and Travel
Childrens & Educational Services,SK TRAVEL AND MOTOR MAINTENANCE,10/16/2015,"1,106.70",Leasing /Transport Hire,Transport and Travel
Childrens & Educational Services,SK TRAVEL AND MOTOR MAINTENANCE,10/16/2015,"1,106.70",Leasing /Transport Hire,Transport and Travel
Childrens & Educational Services,SK TRAVEL AND MOTOR MAINTENANCE,10/16/2015,"5,776.00",Leasing /Transport Hire,Transport and Travel
Childrens & Educational Services,SK TRAVEL AND MOTOR MAINTENANCE,10/16/2015,"1,308.00",Leasing /Transport Hire,Transport and Travel
Capital Expenditure,SKYLINE PROPERTY SOLUTIONS LTD,10/13/2015,"175,124.00",Capital Expenditure - Works,Construction / Building Services
Central Support Costs,Slater & Gordon (UK) LLP,10/23/2015,515.6,Furniture and Equipment,Legal Services
Central Support Costs,Slater & Gordon (UK) LLP,10/28/2015,663,Furniture and Equipment,Legal Services
Central Support Costs,Slater & Gordon (UK) LLP,10/23/2015,515.6,Professional Fees,Legal Services
Adult Social Care,SMALLWOOD HOMES LTD,10/5/2015,448,Care Payments,Social Care Services
Adult Social Care,SMALLWOOD HOMES LTD,10/5/2015,"1,344.00",Care Payments,Social Care Services
Adult Social Care,SMALLWOOD HOMES LTD,10/5/2015,"1,912.57",Care Payments,Social Care Services
Adult Social Care,SMALLWOOD HOMES LTD,10/5/2015,896,Care Payments,Social Care Services
Adult Social Care,SMALLWOOD HOMES LTD,10/5/2015,"3,608.00",Care Payments,Social Care Services
Adult Social Care,SMALLWOOD HOMES LTD,10/5/2015,-481.2,Care Payments,Social Care Services
Adult Social Care,SMALLWOOD HOMES LTD,10/5/2015,"3,624.00",Care Payments,Social Care Services
Adult Social Care,SMALLWOOD HOMES LTD,10/5/2015,"2,240.00",Care Payments,Social Care Services
Adult Social Care,SMALLWOOD HOMES LTD,10/5/2015,"5,468.00",Care Payments,Social Care Services
Adult Social Care,SMALLWOOD HOMES LTD,10/5/2015,"-1,325.52",Care Payments,Social Care Services
Adult Social Care,SMALLWOOD HOMES LTD,10/5/2015,-907.92,Care Payments,Social Care Services
Adult Social Care,SMALLWOOD HOMES LTD,10/5/2015,"3,379.71",Care Payments,Social Care Services
Adult Social Care,SMALLWOOD HOMES LTD,10/5/2015,"6,384.00",Care Payments,Social Care Services
Adult Social Care,SMALLWOOD HOMES LTD,10/5/2015,"22,124.71",Care Payments,Social Care Services
Adult Social Care,SMALLWOOD HOMES LTD,10/5/2015,218.81,Care Payments,Social Care Services
Adult Social Care,SMALLWOOD HOMES LTD,10/5/2015,"-9,358.14",Care Payments,Social Care Services
Adult Social Care,SMALLWOOD HOMES LTD,10/5/2015,448,Care Payments,Social Care Services
Adult Social Care,SMALLWOOD HOMES LTD,10/5/2015,"1,860.00",Care Payments,Social Care Services
Adult Social Care,SMALLWOOD HOMES LTD,10/26/2015,"3,930.57",Care Payments,Social Care Services
Adult Social Care,SMALLWOOD HOMES LTD,10/26/2015,"1,804.00",Care Payments,Social Care Services
Adult Social Care,SMALLWOOD HOMES LTD,10/26/2015,"3,058.29",Care Payments,Social Care Services
Adult Social Care,SMALLWOOD HOMES LTD,10/26/2015,"1,804.00",Care Payments,Social Care Services
Adult Social Care,SMALLWOOD HOMES LTD,10/26/2015,197.14,Care Payments,Social Care Services
Adult Social Care,SMALLWOOD HOMES LTD,10/26/2015,"1,511.43",Care Payments,Social Care Services
Adult Social Care,SMALLWOOD HOMES LTD,10/28/2015,"1,408.33",Care Payments,Social Care Services
Childrens & Educational Services,SMS COACHING LIMITED,10/5/2015,600,Fees and Charges,Education Services
Childrens & Educational Services,SMS COACHING LIMITED,10/9/2015,"1,680.00",Fees and Charges,Education Services
Childrens & Educational Services,SMS Education Ltd,10/1/2015,"2,599.75",Fees and Charges,Education Services
Childrens & Educational Services,SMS Education Ltd,10/19/2015,"2,599.75",Fees and Charges,Education Services
Childrens & Educational Services,SOCIAL CARE SERVICES (THE DEACONS),10/7/2015,157.14,Care Payments,Social Care Services
Childrens & Educational Services,SOCIAL CARE SERVICES (THE DEACONS),10/7/2015,"7,950.00",Care Payments,Social Care Services
Adult Social Care,SOLDEN HILL HOUSE LTD,10/5/2015,"2,437.92",Care Payments,Social Care Services
Adult Social Care,SOLDEN HILL HOUSE LTD,10/5/2015,-321.8,Care Payments,Social Care Services
Capital Expenditure,SOLUTIONS SK LTD,10/15/2015,45,Capital Expenditure - Works,Construction / Building Services
Capital Expenditure,SOLUTIONS SK LTD,10/15/2015,35,Capital Expenditure - Works,Construction / Building Services
Capital Expenditure,SOLUTIONS SK LTD,10/15/2015,45,Capital Expenditure - Works,Construction / Building Services
Capital Expenditure,SOLUTIONS SK LTD,10/16/2015,"2,100.00",Capital Expenditure - Works,Construction / Building Services
Capital Expenditure,SOLUTIONS SK LTD,10/7/2015,"1,094.62",Capital Expenditure - Works,Construction / Building Services
Capital Expenditure,SOLUTIONS SK LTD,10/8/2015,"32,592.85",Capital Expenditure - Works,Construction / Building Services
Capital Expenditure,SOLUTIONS SK LTD,10/8/2015,"124,746.46",Capital Expenditure - Works,Construction / Building Services
Capital Expenditure,SOLUTIONS SK LTD,10/26/2015,625,Capital Expenditure - Works,Construction / Building Services
Capital Expenditure,SOLUTIONS SK LTD,10/27/2015,"1,459.88",Capital Expenditure - Works,Construction / Building Services
Capital Expenditure,SOLUTIONS SK LTD,10/30/2015,"7,000.00",Capital Expenditure - Works,Construction / Building Services
Capital Expenditure,SOLUTIONS SK LTD,10/26/2015,500,Capital Expenditure - Works,Construction / Building Services
Capital Expenditure,SOLUTIONS SK LTD,10/23/2015,"61,424.51",Capital Expenditure - Works,Construction / Building Services
Capital Expenditure,SOLUTIONS SK LTD,10/26/2015,"6,925.93",Capital Expenditure - Works,Construction / Building Services
Adult Social Care,SOLUTIONS SK LTD,10/8/2015,"48,417.60",Care Payments,Construction / Building Services
Childrens & Educational Services,SOLUTIONS SK LTD,10/26/2015,535.5,Catering Supplies,Construction / Building Services
Childrens & Educational Services,SOLUTIONS SK LTD,10/26/2015,-133.25,Catering Supplies,Construction / Building Services
Childrens & Educational Services,SOLUTIONS SK LTD,10/30/2015,"6,730.34",Catering Supplies,Construction / Building Services
Adult Social Care,SOLUTIONS SK LTD,10/26/2015,709.8,Cleaning,Construction / Building Services
Adult Social Care,SOLUTIONS SK LTD,10/26/2015,709.8,Cleaning,Construction / Building Services
Adult Social Care,SOLUTIONS SK LTD,10/26/2015,709.8,Cleaning,Construction / Building Services
Central Support Costs,SOLUTIONS SK LTD,10/1/2015,630,Cleaning,Construction / Building Services
Central Support Costs,SOLUTIONS SK LTD,10/29/2015,"53,571.86",Cleaning,Construction / Building Services
Central Support Costs,SOLUTIONS SK LTD,10/29/2015,"53,571.86",Cleaning,Construction / Building Services
Central Support Costs,SOLUTIONS SK LTD,10/29/2015,"53,571.86",Cleaning,Construction / Building Services
Central Support Costs,SOLUTIONS SK LTD,10/30/2015,415.8,Cleaning,Construction / Building Services
Childrens & Educational Services,SOLUTIONS SK LTD,10/26/2015,273,Cleaning,Construction / Building Services
Childrens & Educational Services,SOLUTIONS SK LTD,10/26/2015,273,Cleaning,Construction / Building Services
Childrens & Educational Services,SOLUTIONS SK LTD,10/26/2015,273,Cleaning,Construction / Building Services
Cultural & Related Services,SOLUTIONS SK LTD,10/28/2015,60.6,Cleaning,Construction / Building Services
Cultural & Related Services,SOLUTIONS SK LTD,10/28/2015,230.28,Cleaning,Construction / Building Services
Cultural & Related Services,SOLUTIONS SK LTD,10/28/2015,390.6,Cleaning,Construction / Building Services
Adult Social Care,SOLUTIONS SK LTD,10/27/2015,100,Cleaning,Construction / Building Services
Adult Social Care,SOLUTIONS SK LTD,10/21/2015,105.28,Cleaning,Construction / Building Services
Childrens & Educational Services,SOLUTIONS SK LTD,10/16/2015,982.8,Cleaning,Construction / Building Services
Childrens & Educational Services,SOLUTIONS SK LTD,10/16/2015,"1,979.60",Cleaning,Construction / Building Services
Childrens & Educational Services,SOLUTIONS SK LTD,10/16/2015,982.8,Cleaning,Construction / Building Services
Childrens & Educational Services,SOLUTIONS SK LTD,10/16/2015,191.1,Cleaning,Construction / Building Services
Childrens & Educational Services,SOLUTIONS SK LTD,10/15/2015,462,Cleaning,Construction / Building Services
Childrens & Educational Services,SOLUTIONS SK LTD,10/26/2015,409.5,Cleaning,Construction / Building Services
Childrens & Educational Services,SOLUTIONS SK LTD,10/26/2015,409.5,Cleaning,Construction / Building Services
Childrens & Educational Services,SOLUTIONS SK LTD,10/26/2015,787.8,Cleaning,Construction / Building Services
Childrens & Educational Services,SOLUTIONS SK LTD,10/27/2015,210.08,Cleaning,Construction / Building Services
Childrens & Educational Services,SOLUTIONS SK LTD,10/26/2015,787.8,Cleaning,Construction / Building Services
Childrens & Educational Services,SOLUTIONS SK LTD,10/26/2015,210.08,Cleaning,Construction / Building Services
Childrens & Educational Services,SOLUTIONS SK LTD,10/16/2015,819,Cleaning,Construction / Building Services
Cultural & Related Services,SOLUTIONS SK LTD,10/28/2015,50,Cleaning,Construction / Building Services
Cultural & Related Services,SOLUTIONS SK LTD,10/28/2015,52,Cleaning,Construction / Building Services
Environmental & Regulatory Services,SOLUTIONS SK LTD,10/26/2015,57,Cleaning,Construction / Building Services
Environmental & Regulatory Services,SOLUTIONS SK LTD,10/8/2015,"315,785.58",Cleaning,Construction / Building Services
Environmental & Regulatory Services,SOLUTIONS SK LTD,10/26/2015,57,Cleaning,Construction / Building Services
Planning Services,SOLUTIONS SK LTD,10/27/2015,151.24,Cleaning,Construction / Building Services
Planning Services,SOLUTIONS SK LTD,10/15/2015,378.13,Cleaning,Construction / Building Services
Planning Services,SOLUTIONS SK LTD,10/15/2015,491.57,Cleaning,Construction / Building Services
Planning Services,SOLUTIONS SK LTD,10/15/2015,453.76,Cleaning,Construction / Building Services
Planning Services,SOLUTIONS SK LTD,10/27/2015,-151.24,Cleaning,Construction / Building Services
Childrens & Educational Services,SOLUTIONS SK LTD,10/30/2015,45,Driving and Vehicle Licences,Construction / Building Services
Cultural & Related Services,SOLUTIONS SK LTD,10/30/2015,"2,515.92",Expenses and Allowances,Construction / Building Services
Cultural & Related Services,SOLUTIONS SK LTD,10/12/2015,"2,900.88",Expenses and Allowances,Construction / Building Services
Environmental & Regulatory Services,SOLUTIONS SK LTD,10/5/2015,154.85,Fixtures and Fittings,Construction / Building Services
Environmental & Regulatory Services,SOLUTIONS SK LTD,10/16/2015,154.85,Fixtures and Fittings,Construction / Building Services
Environmental & Regulatory Services,SOLUTIONS SK LTD,10/5/2015,86.85,Fixtures and Fittings,Construction / Building Services
Environmental & Regulatory Services,SOLUTIONS SK LTD,10/16/2015,86.85,Fixtures and Fittings,Construction / Building Services
Environmental & Regulatory Services,SOLUTIONS SK LTD,10/5/2015,78,Fixtures and Fittings,Construction / Building Services
Environmental & Regulatory Services,SOLUTIONS SK LTD,10/5/2015,86.85,Fixtures and Fittings,Construction / Building Services
Environmental & Regulatory Services,SOLUTIONS SK LTD,10/16/2015,154.85,Fixtures and Fittings,Construction / Building Services
Environmental & Regulatory Services,SOLUTIONS SK LTD,10/19/2015,78,Fixtures and Fittings,Construction / Building Services
Environmental & Regulatory Services,SOLUTIONS SK LTD,10/19/2015,78,Fixtures and Fittings,Construction / Building Services
Environmental & Regulatory Services,SOLUTIONS SK LTD,10/19/2015,78,Fixtures and Fittings,Construction / Building Services
Environmental & Regulatory Services,SOLUTIONS SK LTD,10/16/2015,78,Fixtures and Fittings,Construction / Building Services
Environmental & Regulatory Services,SOLUTIONS SK LTD,10/19/2015,154.85,Fixtures and Fittings,Construction / Building Services
Environmental & Regulatory Services,SOLUTIONS SK LTD,10/30/2015,226.46,Fixtures and Fittings,Construction / Building Services
Environmental & Regulatory Services,SOLUTIONS SK LTD,10/30/2015,226.46,Fixtures and Fittings,Construction / Building Services
Environmental & Regulatory Services,SOLUTIONS SK LTD,10/23/2015,149.81,Fixtures and Fittings,Construction / Building Services
Highways & Transport Services,SOLUTIONS SK LTD,10/8/2015,"109,865.58",Fixtures and Fittings,Construction / Building Services
Adult Social Care,SOLUTIONS SK LTD,10/21/2015,120.84,Fuel,Construction / Building Services
Adult Social Care,SOLUTIONS SK LTD,10/29/2015,99.84,Fuel,Construction / Building Services
Adult Social Care,SOLUTIONS SK LTD,10/28/2015,180.57,Fuel,Construction / Building Services
Cultural & Related Services,SOLUTIONS SK LTD,10/1/2015,110.17,Fuel,Construction / Building Services
Highways & Transport Services,SOLUTIONS SK LTD,10/6/2015,10,Furniture and Equipment,Construction / Building Services
Highways & Transport Services,SOLUTIONS SK LTD,10/6/2015,-10,Furniture and Equipment,Construction / Building Services
Highways & Transport Services,SOLUTIONS SK LTD,10/26/2015,10,Furniture and Equipment,Construction / Building Services
Central Support Costs,SOLUTIONS SK LTD,10/19/2015,160,Grounds Maintenance,Construction / Building Services
Central Support Costs,SOLUTIONS SK LTD,10/19/2015,280,Grounds Maintenance,Construction / Building Services
Central Support Costs,SOLUTIONS SK LTD,10/15/2015,"-1,411.41",Grounds Maintenance,Construction / Building Services
Central Support Costs,SOLUTIONS SK LTD,10/28/2015,"1,411.41",Grounds Maintenance,Construction / Building Services
Environmental & Regulatory Services,SOLUTIONS SK LTD,10/15/2015,950,Grounds Maintenance,Construction / Building Services
Cultural & Related Services,SOLUTIONS SK LTD,10/1/2015,"4,311.79",Grounds Maintenance,Construction / Building Services
Cultural & Related Services,SOLUTIONS SK LTD,10/8/2015,"211,446.59",Grounds Maintenance,Construction / Building Services
Cultural & Related Services,SOLUTIONS SK LTD,10/8/2015,"29,945.00",Grounds Maintenance,Construction / Building Services
Environmental & Regulatory Services,SOLUTIONS SK LTD,10/27/2015,250,Grounds Maintenance,Construction / Building Services
Environmental & Regulatory Services,SOLUTIONS SK LTD,10/23/2015,110,Grounds Maintenance,Construction / Building Services
Highways & Transport Services,SOLUTIONS SK LTD,10/27/2015,246.12,Grounds Maintenance,Construction / Building Services
Highways & Transport Services,SOLUTIONS SK LTD,10/8/2015,"217,850.13",Highways Maintenance,Construction / Building Services
Highways & Transport Services,SOLUTIONS SK LTD,10/8/2015,"35,672.82",Highways Maintenance,Construction / Building Services
Highways & Transport Services,SOLUTIONS SK LTD,10/22/2015,450,Highways Maintenance,Construction / Building Services
Highways & Transport Services,SOLUTIONS SK LTD,10/22/2015,"2,220.00",Highways Maintenance,Construction / Building Services
Highways & Transport Services,SOLUTIONS SK LTD,10/22/2015,100,Highways Maintenance,Construction / Building Services
Highways & Transport Services,SOLUTIONS SK LTD,10/22/2015,150,Highways Maintenance,Construction / Building Services
Highways & Transport Services,SOLUTIONS SK LTD,10/22/2015,800,Highways Maintenance,Construction / Building Services
Highways & Transport Services,SOLUTIONS SK LTD,10/22/2015,50,Highways Maintenance,Construction / Building Services
Highways & Transport Services,SOLUTIONS SK LTD,10/22/2015,250,Highways Maintenance,Construction / Building Services
Highways & Transport Services,SOLUTIONS SK LTD,10/22/2015,200,Highways Maintenance,Construction / Building Services
Highways & Transport Services,SOLUTIONS SK LTD,10/22/2015,500,Highways Maintenance,Construction / Building Services
Highways & Transport Services,SOLUTIONS SK LTD,10/22/2015,"1,700.00",Highways Maintenance,Construction / Building Services
Highways & Transport Services,SOLUTIONS SK LTD,10/22/2015,"2,400.00",Highways Maintenance,Construction / Building Services
Highways & Transport Services,SOLUTIONS SK LTD,10/22/2015,"7,527.59",Highways Maintenance,Construction / Building Services
Highways & Transport Services,SOLUTIONS SK LTD,10/22/2015,200,Highways Maintenance,Construction / Building Services
Highways & Transport Services,SOLUTIONS SK LTD,10/22/2015,"1,000.00",Highways Maintenance,Construction / Building Services
Highways & Transport Services,SOLUTIONS SK LTD,10/22/2015,500,Highways Maintenance,Construction / Building Services
Highways & Transport Services,SOLUTIONS SK LTD,10/22/2015,100,Highways Maintenance,Construction / Building Services
Highways & Transport Services,SOLUTIONS SK LTD,10/22/2015,350,Highways Maintenance,Construction / Building Services
Highways & Transport Services,SOLUTIONS SK LTD,10/23/2015,100,Highways Maintenance,Construction / Building Services
Highways & Transport Services,SOLUTIONS SK LTD,10/23/2015,"8,168.82",Highways Maintenance,Construction / Building Services
Planning Services,SOLUTIONS SK LTD,10/27/2015,307.46,Leasing /Transport Hire,Construction / Building Services
Adult Social Care,SOLUTIONS SK LTD,10/26/2015,975,Leasing /Transport Hire,Construction / Building Services
Adult Social Care,SOLUTIONS SK LTD,10/21/2015,474.75,Leasing /Transport Hire,Construction / Building Services
Adult Social Care,SOLUTIONS SK LTD,10/8/2015,171.99,Leasing /Transport Hire,Construction / Building Services
Adult Social Care,SOLUTIONS SK LTD,10/15/2015,"1,300.00",Leasing /Transport Hire,Construction / Building Services
Adult Social Care,SOLUTIONS SK LTD,10/29/2015,330,Leasing /Transport Hire,Construction / Building Services
Adult Social Care,SOLUTIONS SK LTD,10/29/2015,264,Leasing /Transport Hire,Construction / Building Services
Adult Social Care,SOLUTIONS SK LTD,10/26/2015,460,Leasing /Transport Hire,Construction / Building Services
Adult Social Care,SOLUTIONS SK LTD,10/26/2015,460,Leasing /Transport Hire,Construction / Building Services
Adult Social Care,SOLUTIONS SK LTD,10/29/2015,474.75,Leasing /Transport Hire,Construction / Building Services
Adult Social Care,SOLUTIONS SK LTD,10/8/2015,"28,584.84",Leasing /Transport Hire,Construction / Building Services
Adult Social Care,SOLUTIONS SK LTD,10/8/2015,"5,271.00",Leasing /Transport Hire,Construction / Building Services
Adult Social Care,SOLUTIONS SK LTD,10/8/2015,"5,271.00",Leasing /Transport Hire,Construction / Building Services
Adult Social Care,SOLUTIONS SK LTD,10/8/2015,"5,271.00",Leasing /Transport Hire,Construction / Building Services
Adult Social Care,SOLUTIONS SK LTD,10/8/2015,"5,271.00",Leasing /Transport Hire,Construction / Building Services
Childrens & Educational Services,SOLUTIONS SK LTD,10/26/2015,966.6,Leasing /Transport Hire,Construction / Building Services
Childrens & Educational Services,SOLUTIONS SK LTD,10/26/2015,250,Leasing /Transport Hire,Construction / Building Services
Childrens & Educational Services,SOLUTIONS SK LTD,10/26/2015,859.2,Leasing /Transport Hire,Construction / Building Services
Childrens & Educational Services,SOLUTIONS SK LTD,10/28/2015,87.5,Leasing /Transport Hire,Construction / Building Services
Cultural & Related Services,SOLUTIONS SK LTD,10/2/2015,129.6,Leasing /Transport Hire,Construction / Building Services
Cultural & Related Services,SOLUTIONS SK LTD,10/1/2015,"1,522.13",Leasing /Transport Hire,Construction / Building Services
Cultural & Related Services,SOLUTIONS SK LTD,10/1/2015,452.17,Leasing /Transport Hire,Construction / Building Services
Cultural & Related Services,SOLUTIONS SK LTD,10/1/2015,81.61,Leasing /Transport Hire,Construction / Building Services
Cultural & Related Services,SOLUTIONS SK LTD,10/26/2015,52.8,Leasing /Transport Hire,Construction / Building Services
Environmental & Regulatory Services,SOLUTIONS SK LTD,10/7/2015,"1,065.98",Leasing /Transport Hire,Construction / Building Services
Highways & Transport Services,SOLUTIONS SK LTD,10/7/2015,"1,258.90",Leasing /Transport Hire,Construction / Building Services
Highways & Transport Services,SOLUTIONS SK LTD,10/7/2015,391.68,Leasing /Transport Hire,Construction / Building Services
Highways & Transport Services,SOLUTIONS SK LTD,10/1/2015,358.4,Leasing /Transport Hire,Construction / Building Services
Highways & Transport Services,SOLUTIONS SK LTD,10/23/2015,"1,542.72",Leasing /Transport Hire,Construction / Building Services
Planning Services,SOLUTIONS SK LTD,10/1/2015,"1,586.21",Leasing /Transport Hire,Construction / Building Services
Central Services to the public,SOLUTIONS SK LTD,10/5/2015,624.46,Office Expenses,Construction / Building Services
Central Services to the public,SOLUTIONS SK LTD,10/26/2015,"1,278.30",Office Expenses,Construction / Building Services
Childrens & Educational Services,SOLUTIONS SK LTD,10/23/2015,24,Office Expenses,Construction / Building Services
Environmental & Regulatory Services,SOLUTIONS SK LTD,10/8/2015,"5,749.80",Rents,Construction / Building Services
Adult Social Care,SOLUTIONS SK LTD,10/28/2015,737.1,Repairs and Maintenance,Construction / Building Services
Adult Social Care,SOLUTIONS SK LTD,10/28/2015,737.1,Repairs and Maintenance,Construction / Building Services
Capital Expenditure,SOLUTIONS SK LTD,10/19/2015,39.33,Repairs and Maintenance,Construction / Building Services
Capital Expenditure,SOLUTIONS SK LTD,10/19/2015,81,Repairs and Maintenance,Construction / Building Services
Capital Expenditure,SOLUTIONS SK LTD,10/21/2015,39.33,Repairs and Maintenance,Construction / Building Services
Capital Expenditure,SOLUTIONS SK LTD,10/21/2015,39.33,Repairs and Maintenance,Construction / Building Services
Capital Expenditure,SOLUTIONS SK LTD,10/21/2015,39.33,Repairs and Maintenance,Construction / Building Services
Central Support Costs,SOLUTIONS SK LTD,10/21/2015,"1,190.00",Repairs and Maintenance,Construction / Building Services
Central Support Costs,SOLUTIONS SK LTD,10/21/2015,39.33,Repairs and Maintenance,Construction / Building Services
Central Support Costs,SOLUTIONS SK LTD,10/21/2015,39.33,Repairs and Maintenance,Construction / Building Services
Central Support Costs,SOLUTIONS SK LTD,10/27/2015,39.33,Repairs and Maintenance,Construction / Building Services
Central Support Costs,SOLUTIONS SK LTD,10/1/2015,39.33,Repairs and Maintenance,Construction / Building Services
Central Support Costs,SOLUTIONS SK LTD,10/1/2015,44.33,Repairs and Maintenance,Construction / Building Services
Central Support Costs,SOLUTIONS SK LTD,10/1/2015,104.54,Repairs and Maintenance,Construction / Building Services
Central Support Costs,SOLUTIONS SK LTD,10/1/2015,54.39,Repairs and Maintenance,Construction / Building Services
Central Support Costs,SOLUTIONS SK LTD,10/1/2015,39.33,Repairs and Maintenance,Construction / Building Services
Central Support Costs,SOLUTIONS SK LTD,10/1/2015,265.12,Repairs and Maintenance,Construction / Building Services
Central Support Costs,SOLUTIONS SK LTD,10/19/2015,"1,112.21",Repairs and Maintenance,Construction / Building Services
Central Support Costs,SOLUTIONS SK LTD,10/19/2015,-45,Repairs and Maintenance,Construction / Building Services
Central Support Costs,SOLUTIONS SK LTD,10/19/2015,39.33,Repairs and Maintenance,Construction / Building Services
Central Support Costs,SOLUTIONS SK LTD,10/19/2015,25,Repairs and Maintenance,Construction / Building Services
Central Support Costs,SOLUTIONS SK LTD,10/19/2015,39.33,Repairs and Maintenance,Construction / Building Services
Central Support Costs,SOLUTIONS SK LTD,10/19/2015,30.12,Repairs and Maintenance,Construction / Building Services
Central Support Costs,SOLUTIONS SK LTD,10/19/2015,39.33,Repairs and Maintenance,Construction / Building Services
Central Support Costs,SOLUTIONS SK LTD,10/19/2015,81,Repairs and Maintenance,Construction / Building Services
Central Support Costs,SOLUTIONS SK LTD,10/19/2015,69.45,Repairs and Maintenance,Construction / Building Services
Central Support Costs,SOLUTIONS SK LTD,10/19/2015,39.33,Repairs and Maintenance,Construction / Building Services
Central Support Costs,SOLUTIONS SK LTD,10/19/2015,44.33,Repairs and Maintenance,Construction / Building Services
Central Support Costs,SOLUTIONS SK LTD,10/15/2015,39.33,Repairs and Maintenance,Construction / Building Services
Central Support Costs,SOLUTIONS SK LTD,10/19/2015,81,Repairs and Maintenance,Construction / Building Services
Central Support Costs,SOLUTIONS SK LTD,10/15/2015,39.33,Repairs and Maintenance,Construction / Building Services
Central Support Costs,SOLUTIONS SK LTD,10/19/2015,78.08,Repairs and Maintenance,Construction / Building Services
Central Support Costs,SOLUTIONS SK LTD,10/19/2015,147.46,Repairs and Maintenance,Construction / Building Services
Central Support Costs,SOLUTIONS SK LTD,10/19/2015,240,Repairs and Maintenance,Construction / Building Services
Central Support Costs,SOLUTIONS SK LTD,10/19/2015,25,Repairs and Maintenance,Construction / Building Services
Central Support Costs,SOLUTIONS SK LTD,10/19/2015,39.33,Repairs and Maintenance,Construction / Building Services
Central Support Costs,SOLUTIONS SK LTD,10/19/2015,50,Repairs and Maintenance,Construction / Building Services
Central Support Costs,SOLUTIONS SK LTD,10/19/2015,33.62,Repairs and Maintenance,Construction / Building Services
Central Support Costs,SOLUTIONS SK LTD,10/19/2015,81,Repairs and Maintenance,Construction / Building Services
Central Support Costs,SOLUTIONS SK LTD,10/19/2015,46.86,Repairs and Maintenance,Construction / Building Services
Central Support Costs,SOLUTIONS SK LTD,10/19/2015,69.33,Repairs and Maintenance,Construction / Building Services
Central Support Costs,SOLUTIONS SK LTD,10/21/2015,73.75,Repairs and Maintenance,Construction / Building Services
Central Support Costs,SOLUTIONS SK LTD,10/21/2015,54.39,Repairs and Maintenance,Construction / Building Services
Central Support Costs,SOLUTIONS SK LTD,10/21/2015,39.33,Repairs and Maintenance,Construction / Building Services
Central Support Costs,SOLUTIONS SK LTD,10/21/2015,39.33,Repairs and Maintenance,Construction / Building Services
Central Support Costs,SOLUTIONS SK LTD,10/21/2015,81,Repairs and Maintenance,Construction / Building Services
Central Support Costs,SOLUTIONS SK LTD,10/21/2015,39.33,Repairs and Maintenance,Construction / Building Services
Central Support Costs,SOLUTIONS SK LTD,10/21/2015,69.45,Repairs and Maintenance,Construction / Building Services
Central Support Costs,SOLUTIONS SK LTD,10/21/2015,119.25,Repairs and Maintenance,Construction / Building Services
Central Support Costs,SOLUTIONS SK LTD,10/21/2015,39.33,Repairs and Maintenance,Construction / Building Services
Central Support Costs,SOLUTIONS SK LTD,10/22/2015,43.68,Repairs and Maintenance,Construction / Building Services
Central Support Costs,SOLUTIONS SK LTD,10/22/2015,39.33,Repairs and Maintenance,Construction / Building Services
Central Support Costs,SOLUTIONS SK LTD,10/15/2015,468.69,Repairs and Maintenance,Construction / Building Services
Central Support Costs,SOLUTIONS SK LTD,10/15/2015,"-1,549.40",Repairs and Maintenance,Construction / Building Services
Central Support Costs,SOLUTIONS SK LTD,10/15/2015,"-1,855.65",Repairs and Maintenance,Construction / Building Services
Central Support Costs,SOLUTIONS SK LTD,10/15/2015,138.24,Repairs and Maintenance,Construction / Building Services
Central Support Costs,SOLUTIONS SK LTD,10/15/2015,79.04,Repairs and Maintenance,Construction / Building Services
Central Support Costs,SOLUTIONS SK LTD,10/15/2015,104.33,Repairs and Maintenance,Construction / Building Services
Central Support Costs,SOLUTIONS SK LTD,10/28/2015,"3,405.05",Repairs and Maintenance,Construction / Building Services
Central Support Costs,SOLUTIONS SK LTD,10/29/2015,35.82,Repairs and Maintenance,Construction / Building Services
Environmental & Regulatory Services,SOLUTIONS SK LTD,10/23/2015,"1,652.14",Repairs and Maintenance,Construction / Building Services
Capital Expenditure,SOLUTIONS SK LTD,10/20/2015,50,Repairs and Maintenance,Construction / Building Services
Childrens & Educational Services,SOLUTIONS SK LTD,10/12/2015,189.89,Repairs and Maintenance,Construction / Building Services
Childrens & Educational Services,SOLUTIONS SK LTD,10/15/2015,43.37,Repairs and Maintenance,Construction / Building Services
Childrens & Educational Services,SOLUTIONS SK LTD,10/21/2015,156,Repairs and Maintenance,Construction / Building Services
Childrens & Educational Services,SOLUTIONS SK LTD,10/15/2015,89.7,Repairs and Maintenance,Construction / Building Services
Central Support Costs,SOLUTIONS SK LTD,10/8/2015,"24,167.29",Repairs and Maintenance,Construction / Building Services
Cultural & Related Services,SOLUTIONS SK LTD,10/23/2015,"3,896.67",Repairs and Maintenance,Construction / Building Services
Environmental & Regulatory Services,SOLUTIONS SK LTD,10/26/2015,126.52,Repairs and Maintenance,Construction / Building Services
Highways & Transport Services,SOLUTIONS SK LTD,10/7/2015,114.05,Repairs and Maintenance,Construction / Building Services
Highways & Transport Services,SOLUTIONS SK LTD,10/26/2015,114.05,Repairs and Maintenance,Construction / Building Services
Highways & Transport Services,SOLUTIONS SK LTD,10/22/2015,400,Repairs and Maintenance,Construction / Building Services
Planning Services,SOLUTIONS SK LTD,10/27/2015,107.88,Repairs and Maintenance,Construction / Building Services
Planning Services,SOLUTIONS SK LTD,10/27/2015,107.88,Repairs and Maintenance,Construction / Building Services
Planning Services,SOLUTIONS SK LTD,10/27/2015,-107.88,Repairs and Maintenance,Construction / Building Services
Planning Services,SOLUTIONS SK LTD,10/15/2015,107.88,Repairs and Maintenance,Construction / Building Services
Planning Services,SOLUTIONS SK LTD,10/15/2015,107.88,Repairs and Maintenance,Construction / Building Services
Planning Services,SOLUTIONS SK LTD,10/15/2015,45,Repairs and Maintenance,Construction / Building Services
Planning Services,SOLUTIONS SK LTD,10/27/2015,-107.88,Repairs and Maintenance,Construction / Building Services
Central Support Costs,SOLUTIONS SK LTD,10/15/2015,"-1,839.82",Security,Construction / Building Services
Central Support Costs,SOLUTIONS SK LTD,10/15/2015,"-1,482.10",Security,Construction / Building Services
Central Support Costs,SOLUTIONS SK LTD,10/28/2015,"1,839.82",Security,Construction / Building Services
Central Support Costs,SOLUTIONS SK LTD,10/28/2015,"1,482.10",Security,Construction / Building Services
Childrens & Educational Services,SOLUTIONS SK LTD,10/16/2015,54.39,Security,Construction / Building Services
Childrens & Educational Services,SOLUTIONS SK LTD,10/15/2015,25,Security,Construction / Building Services
Environmental & Regulatory Services,SOLUTIONS SK LTD,10/8/2015,"29,832.99",Security,Construction / Building Services
Highways & Transport Services,SOLUTIONS SK LTD,10/15/2015,"1,493.33",Security,Construction / Building Services
Highways & Transport Services,SOLUTIONS SK LTD,10/15/2015,"1,493.34",Security,Construction / Building Services
Highways & Transport Services,SOLUTIONS SK LTD,10/15/2015,"-1,493.33",Security,Construction / Building Services
Highways & Transport Services,SOLUTIONS SK LTD,10/15/2015,"-1,493.34",Security,Construction / Building Services
Highways & Transport Services,SOLUTIONS SK LTD,10/15/2015,"1,493.33",Security,Construction / Building Services
Highways & Transport Services,SOLUTIONS SK LTD,10/15/2015,"1,493.34",Security,Construction / Building Services
Childrens & Educational Services,SOLUTIONS SK LTD,10/15/2015,76.91,Supplies and services,Construction / Building Services
Childrens & Educational Services,SOLUTIONS SK LTD,10/19/2015,"1,319.50",Supplies and services,Construction / Building Services
Childrens & Educational Services,SOLUTIONS SK LTD,10/26/2015,76.91,Supplies and services,Construction / Building Services
Childrens & Educational Services,SOLUTIONS SK LTD,10/28/2015,"5,522.70",Supplies and services,Construction / Building Services
Capital Expenditure,SOLUTIONS SK LTD,10/7/2015,958.38,Supplies and services,Construction / Building Services
Capital Expenditure,SOLUTIONS SK LTD,10/30/2015,50.16,Supplies and services,Construction / Building Services
Capital Expenditure,SOLUTIONS SK LTD,10/30/2015,"12,191.07",Supplies and services,Construction / Building Services
Capital Expenditure,SOLUTIONS SK LTD,10/30/2015,121.1,Supplies and services,Construction / Building Services
Capital Expenditure,SOLUTIONS SK LTD,10/30/2015,88.95,Supplies and services,Construction / Building Services
Capital Expenditure,SOLUTIONS SK LTD,10/30/2015,531.55,Supplies and services,Construction / Building Services
Capital Expenditure,SOLUTIONS SK LTD,10/30/2015,988.63,Supplies and services,Construction / Building Services
Capital Expenditure,SOLUTIONS SK LTD,10/30/2015,988.63,Supplies and services,Construction / Building Services
Capital Expenditure,SOLUTIONS SK LTD,10/30/2015,988.63,Supplies and services,Construction / Building Services
Capital Expenditure,SOLUTIONS SK LTD,10/30/2015,595.86,Supplies and services,Construction / Building Services
Capital Expenditure,SOLUTIONS SK LTD,10/26/2015,250,Supplies and services,Construction / Building Services
Cultural & Related Services,SOLUTIONS SK LTD,10/16/2015,"4,535.00",Supplies and services,Construction / Building Services
Cultural & Related Services,SOLUTIONS SK LTD,10/16/2015,"7,490.00",Supplies and services,Construction / Building Services
Cultural & Related Services,SOLUTIONS SK LTD,10/19/2015,350,Supplies and services,Construction / Building Services
Cultural & Related Services,SOLUTIONS SK LTD,10/22/2015,"4,958.00",Supplies and services,Construction / Building Services
Cultural & Related Services,SOLUTIONS SK LTD,10/26/2015,"4,236.40",Supplies and services,Construction / Building Services
Cultural & Related Services,SOLUTIONS SK LTD,10/23/2015,"1,990.00",Supplies and services,Construction / Building Services
Cultural & Related Services,SOLUTIONS SK LTD,10/27/2015,900,Supplies and services,Construction / Building Services
Cultural & Related Services,SOLUTIONS SK LTD,10/2/2015,"1,075.33",Vehicle Repairs and Maintenance,Construction / Building Services
Central Support Costs,SOLUTIONS SK LTD,10/15/2015,328,Waste Management,Construction / Building Services
Central Support Costs,SOLUTIONS SK LTD,10/15/2015,328,Waste Management,Construction / Building Services
Central Support Costs,SOLUTIONS SK LTD,10/15/2015,328,Waste Management,Construction / Building Services
Central Support Costs,SOLUTIONS SK LTD,10/15/2015,456,Waste Management,Construction / Building Services
Central Support Costs,SOLUTIONS SK LTD,10/15/2015,100,Waste Management,Construction / Building Services
Central Support Costs,SOLUTIONS SK LTD,10/15/2015,328,Waste Management,Construction / Building Services
Central Support Costs,SOLUTIONS SK LTD,10/15/2015,328,Waste Management,Construction / Building Services
Central Support Costs,SOLUTIONS SK LTD,10/15/2015,456,Waste Management,Construction / Building Services
Central Support Costs,SOLUTIONS SK LTD,10/29/2015,456,Waste Management,Construction / Building Services
Central Support Costs,SOLUTIONS SK LTD,10/29/2015,328,Waste Management,Construction / Building Services
Central Support Costs,SOLUTIONS SK LTD,10/29/2015,328,Waste Management,Construction / Building Services
Environmental & Regulatory Services,SOLUTIONS SK LTD,10/8/2015,"679,746.15",Waste Management,Construction / Building Services
Planning Services,SOLUTIONS SK LTD,10/9/2015,302.52,Waste Management,Construction / Building Services
Adult Social Care,SOUTHFIELD HOUSE LTD,10/5/2015,"2,324.00",Care Payments,Social Care Services
Adult Social Care,SOUTHFIELD HOUSE LTD,10/5/2015,-811.68,Care Payments,Social Care Services
Adult Social Care,SPA RESIDENTIAL HOME,10/5/2015,"1,577.00",Care Payments,Social Care Services
Adult Social Care,SPA RESIDENTIAL HOME,10/5/2015,-505.2,Care Payments,Social Care Services
Adult Social Care,ST GEORGE'S NURSING HOME (OLDM) LTD,10/5/2015,"4,176.00",Care Payments,Social Care Services
Adult Social Care,ST GEORGE'S NURSING HOME (OLDM) LTD,10/5/2015,-321.8,Care Payments,Social Care Services
Adult Social Care,ST GEORGE'S NURSING HOME (OLDM) LTD,10/26/2015,"1,542.86",Care Payments,Social Care Services
Adult Social Care,ST GEORGE'S NURSING HOME (OLDM) LTD,10/26/2015,625,Care Payments,Social Care Services
Adult Social Care,ST JAMES HOUSE,10/5/2015,"12,578.92",Care Payments,Social Care Services
Adult Social Care,ST JAMES HOUSE,10/5/2015,-196.4,Care Payments,Social Care Services
Childrens & Educational Services,St Matthew CE Primary School (Acade,10/19/2015,"10,433.11",Fees and Charges,Education Services
Childrens & Educational Services,St Matthew CE Primary School (Acade,10/21/2015,"16,786.50",Third party payments - Private/Voluntary Sector,Education Services
Corporate & Democratic Core,St Michael's Church,10/15/2015,"1,000.00",Publicity and Promotion,Church / Place of Worship
Childrens & Educational Services,STAGECOACH SERVICES LTD,10/8/2015,"2,960.00",Travelling Expenses,Transport and Travel
Capital Expenditure,STANNAH STAIRLIFT LTD,10/12/2015,"2,250.00",Capital Expenditure - Works,Construction / Building Services
Capital Expenditure,STANNAH STAIRLIFT LTD,10/12/2015,"2,066.00",Capital Expenditure - Works,Construction / Building Services
Capital Expenditure,STANNAH STAIRLIFT LTD,10/15/2015,"5,449.00",Capital Expenditure - Works,Construction / Building Services
Capital Expenditure,STANNAH STAIRLIFT LTD,10/28/2015,"1,513.00",Capital Expenditure - Works,Construction / Building Services
Capital Expenditure,STANNAH STAIRLIFT LTD,10/28/2015,"2,848.00",Capital Expenditure - Works,Construction / Building Services
Capital Expenditure,STANNAH STAIRLIFT LTD,10/28/2015,"1,678.00",Capital Expenditure - Works,Construction / Building Services
Capital Expenditure,STANNAH STAIRLIFT LTD,10/28/2015,"4,914.00",Capital Expenditure - Works,Construction / Building Services
Capital Expenditure,STANNAH STAIRLIFT LTD,10/28/2015,"2,352.00",Capital Expenditure - Works,Construction / Building Services
Capital Expenditure,STANNAH STAIRLIFT LTD,10/28/2015,"4,154.00",Capital Expenditure - Works,Construction / Building Services
Childrens & Educational Services,STAYAHEAD TRAINING LTD,10/29/2015,300,Fees and Charges,Recruitment / Staffing
Childrens & Educational Services,STAYAHEAD TRAINING LTD,10/29/2015,300,Fees and Charges,Recruitment / Staffing
Childrens & Educational Services,STAYAHEAD TRAINING LTD,10/29/2015,240,Fees and Charges,Recruitment / Staffing
Adult Social Care,STEARN ELECTRIC CO LTD,10/27/2015,344,Furniture and Equipment,Electrical Services
Central Support Costs,STEARN ELECTRIC CO LTD,10/30/2015,8.1,Furniture and Equipment,Electrical Services
Childrens & Educational Services,STEARN ELECTRIC CO LTD,10/27/2015,6.17,Furniture and Equipment,Electrical Services
Childrens & Educational Services,STEARN ELECTRIC CO LTD,10/27/2015,6.17,Furniture and Equipment,Electrical Services
Adult Social Care,STEARN ELECTRIC CO LTD,10/27/2015,45.75,Furniture and Equipment,Electrical Services
Adult Social Care,STEARN ELECTRIC CO LTD,10/27/2015,16.5,Furniture and Equipment,Electrical Services
Childrens & Educational Services,STEARN ELECTRIC CO LTD,10/30/2015,260,Furniture and Equipment,Electrical Services
Housing (General Fund) Services,STEARN ELECTRIC CO LTD,10/16/2015,237,Furniture and Equipment,Electrical Services
Housing (General Fund) Services,STEARN ELECTRIC CO LTD,10/16/2015,-237,Furniture and Equipment,Electrical Services
Capital Expenditure,Steer Ethelston Rural Ltd,10/9/2015,"4,168.50",Supplies and services,Legal Services
Adult Social Care,Step Out Stockport,10/7/2015,"3,707.15",Care Payments,Activities and Events Provision
Adult Social Care,Step Out Stockport,10/7/2015,775.1,Care Payments,Activities and Events Provision
Adult Social Care,Step Out Stockport,10/7/2015,"2,738.27",Care Payments,Activities and Events Provision
Adult Social Care,Step Out Stockport,10/7/2015,"1,196.37",Care Payments,Activities and Events Provision
Childrens & Educational Services,Stephanie Carrey,10/15/2015,"1,113.75",Third party payments - Private/Voluntary Sector,Childcare Provision
Capital Expenditure,STEPHENSON & SON,10/16/2015,"11,223.00",Supplies and services,Surveyor
Adult Social Care,STOCKDALES,10/5/2015,"6,318.68",Care Payments,Social Care Services
Adult Social Care,STOCKDALES,10/5/2015,-321.8,Care Payments,Social Care Services
Childrens & Educational Services,STOCKPORT ACADEMY,10/12/2015,750,Fees and Charges,Education Services
Planning Services,STOCKPORT ACTION FOR VOLUNTARY YOUTH,10/22/2015,"2,174.00",Publicity and Promotion,Volunteering
Planning Services,STOCKPORT ACTION FOR VOLUNTARY YOUTH,10/28/2015,456.4,Publicity and Promotion,Volunteering
Planning Services,STOCKPORT ACTION FOR VOLUNTARY YOUTH,10/28/2015,"1,369.18",Publicity and Promotion,Volunteering
Planning Services,STOCKPORT ACTION FOR VOLUNTARY YOUTH,10/28/2015,232.5,Publicity and Promotion,Volunteering
Planning Services,STOCKPORT ACTION FOR VOLUNTARY YOUTH,10/28/2015,697.5,Publicity and Promotion,Volunteering
Planning Services,STOCKPORT ACTION FOR VOLUNTARY YOUTH,10/28/2015,697.5,Publicity and Promotion,Volunteering
Planning Services,STOCKPORT ACTION FOR VOLUNTARY YOUTH,10/28/2015,"2,092.50",Publicity and Promotion,Volunteering
Adult Social Care,STOCKPORT CEREBRAL PALSY SOCIETY,10/5/2015,"48,906.12",Care Payments,Disability Support
Adult Social Care,STOCKPORT CEREBRAL PALSY SOCIETY,10/5/2015,"-4,760.52",Care Payments,Disability Support
Adult Social Care,STOCKPORT CEREBRAL PALSY SOCIETY,10/7/2015,420,Care Payments,Disability Support
Adult Social Care,STOCKPORT CEREBRAL PALSY SOCIETY,10/7/2015,"11,700.50",Care Payments,Disability Support
Adult Social Care,STOCKPORT CEREBRAL PALSY SOCIETY,10/7/2015,252,Care Payments,Disability Support
Adult Social Care,STOCKPORT CEREBRAL PALSY SOCIETY,10/7/2015,403.2,Care Payments,Disability Support
Adult Social Care,STOCKPORT CEREBRAL PALSY SOCIETY,10/7/2015,932.4,Care Payments,Disability Support
Adult Social Care,STOCKPORT CEREBRAL PALSY SOCIETY,10/7/2015,277.2,Care Payments,Disability Support
Adult Social Care,STOCKPORT CEREBRAL PALSY SOCIETY,10/7/2015,"38,470.04",Care Payments,Disability Support
Adult Social Care,STOCKPORT CEREBRAL PALSY SOCIETY,10/7/2015,"1,373.00",Care Payments,Disability Support
Adult Social Care,STOCKPORT CEREBRAL PALSY SOCIETY,10/7/2015,"1,260.00",Care Payments,Disability Support
Adult Social Care,STOCKPORT CEREBRAL PALSY SOCIETY,10/7/2015,693,Care Payments,Disability Support
Adult Social Care,STOCKPORT CEREBRAL PALSY SOCIETY,10/7/2015,"1,304.10",Care Payments,Disability Support
Adult Social Care,STOCKPORT CEREBRAL PALSY SOCIETY,10/20/2015,"5,460.00",Care Payments,Disability Support
Adult Social Care,STOCKPORT CEREBRAL PALSY SOCIETY,10/20/2015,"5,460.00",Care Payments,Disability Support
Adult Social Care,STOCKPORT CEREBRAL PALSY SOCIETY,10/20/2015,222.7,Care Payments,Disability Support
Adult Social Care,STOCKPORT CEREBRAL PALSY SOCIETY,10/20/2015,576.95,Care Payments,Disability Support
Adult Social Care,STOCKPORT CEREBRAL PALSY SOCIETY,10/20/2015,"4,368.00",Care Payments,Disability Support
Adult Social Care,STOCKPORT CEREBRAL PALSY SOCIETY,10/20/2015,383.35,Care Payments,Disability Support
Childrens & Educational Services,STOCKPORT CEREBRAL PALSY SOCIETY,10/7/2015,75,Care Payments,Disability Support
Childrens & Educational Services,STOCKPORT CEREBRAL PALSY SOCIETY,10/22/2015,15.41,Care Payments,Disability Support
Childrens & Educational Services,STOCKPORT CEREBRAL PALSY SOCIETY,10/20/2015,15.75,Care Payments,Disability Support
Childrens & Educational Services,STOCKPORT CEREBRAL PALSY SOCIETY,10/20/2015,"6,808.88",Care Payments,Disability Support
Childrens & Educational Services,STOCKPORT CEREBRAL PALSY SOCIETY,10/20/2015,29.5,Care Payments,Disability Support
Childrens & Educational Services,STOCKPORT CEREBRAL PALSY SOCIETY,10/22/2015,448.8,Care Payments,Disability Support
Childrens & Educational Services,STOCKPORT CEREBRAL PALSY SOCIETY,10/22/2015,299.2,Care Payments,Disability Support
Childrens & Educational Services,STOCKPORT CEREBRAL PALSY SOCIETY,10/22/2015,"8,045.44",Care Payments,Disability Support
Childrens & Educational Services,STOCKPORT CEREBRAL PALSY SOCIETY,10/14/2015,"5,396.80",Publicity and Promotion,Disability Support
Childrens & Educational Services,STOCKPORT CEREBRAL PALSY SOCIETY,10/23/2015,"5,948.00",Publicity and Promotion,Disability Support
Childrens & Educational Services,STOCKPORT CEREBRAL PALSY SOCIETY,10/23/2015,"3,111.12",Publicity and Promotion,Disability Support
Childrens & Educational Services,STOCKPORT CEREBRAL PALSY SOCIETY,10/23/2015,"6,746.00",Publicity and Promotion,Disability Support
Environmental & Regulatory Services,STOCKPORT CREMATORIUM,10/16/2015,583.14,Supplies and services,Bereavement Services
Adult Social Care,Stockport Homes Letting Service,10/21/2015,"2,228.00",Rents,Housing Services
Capital Expenditure,STOCKPORT HOMES LTD,10/1/2015,978.63,Capital Expenditure - Fees,Housing Services
Capital Expenditure,STOCKPORT HOMES LTD,10/14/2015,"1,130.23",Capital Expenditure - Works,Housing Services
Capital Expenditure,STOCKPORT HOMES LTD,10/8/2015,"2,005.84",Capital Expenditure - Works,Housing Services
Capital Expenditure,STOCKPORT HOMES LTD,10/8/2015,735.77,Capital Expenditure - Works,Housing Services
Capital Expenditure,STOCKPORT HOMES LTD,10/8/2015,"1,055.76",Capital Expenditure - Works,Housing Services
Capital Expenditure,STOCKPORT HOMES LTD,10/20/2015,"62,960.00",Capital Expenditure - Works,Housing Services
Capital Expenditure,STOCKPORT HOMES LTD,10/20/2015,"19,435.00",Capital Expenditure - Works,Housing Services
Capital Expenditure,STOCKPORT HOMES LTD,10/20/2015,817.64,Capital Expenditure - Works,Housing Services
Capital Expenditure,STOCKPORT HOMES LTD,10/20/2015,"6,050.40",Capital Expenditure - Works,Housing Services
Capital Expenditure,STOCKPORT HOMES LTD,10/20/2015,"5,234.43",Capital Expenditure - Works,Housing Services
Capital Expenditure,STOCKPORT HOMES LTD,10/20/2015,"6,782.22",Capital Expenditure - Works,Housing Services
Capital Expenditure,STOCKPORT HOMES LTD,10/20/2015,"6,452.00",Capital Expenditure - Works,Housing Services
Capital Expenditure,STOCKPORT HOMES LTD,10/20/2015,"1,398.60",Capital Expenditure - Works,Housing Services
Capital Expenditure,STOCKPORT HOMES LTD,10/20/2015,"2,100.80",Capital Expenditure - Works,Housing Services
Capital Expenditure,STOCKPORT HOMES LTD,10/20/2015,"1,218.68",Capital Expenditure - Works,Housing Services
Capital Expenditure,STOCKPORT HOMES LTD,10/20/2015,"9,384.85",Capital Expenditure - Works,Housing Services
Capital Expenditure,STOCKPORT HOMES LTD,10/20/2015,"2,811.60",Capital Expenditure - Works,Housing Services
Capital Expenditure,STOCKPORT HOMES LTD,10/20/2015,"29,207.00",Capital Expenditure - Works,Housing Services
Capital Expenditure,STOCKPORT HOMES LTD,10/20/2015,"2,426.27",Capital Expenditure - Works,Housing Services
Capital Expenditure,STOCKPORT HOMES LTD,10/20/2015,"4,762.19",Capital Expenditure - Works,Housing Services
Capital Expenditure,STOCKPORT HOMES LTD,10/20/2015,"44,504.30",Capital Expenditure - Works,Housing Services
Capital Expenditure,STOCKPORT HOMES LTD,10/29/2015,"29,956.45",Capital Expenditure - Works,Housing Services
Capital Expenditure,STOCKPORT HOMES LTD,10/29/2015,"17,040.00",Capital Expenditure - Works,Housing Services
Capital Expenditure,STOCKPORT HOMES LTD,10/29/2015,"7,575.68",Capital Expenditure - Works,Housing Services
Adult Social Care,STOCKPORT HOMES LTD,10/7/2015,73.71,Care Payments,Housing Services
Adult Social Care,STOCKPORT HOMES LTD,10/12/2015,382.98,Care Payments,Housing Services
Adult Social Care,STOCKPORT HOMES LTD,10/20/2015,"35,000.00",Furniture and Equipment,Housing Services
Adult Social Care,STOCKPORT HOMES LTD,10/29/2015,330,Leasing /Transport Hire,Housing Services
Housing (Revenue Account) Services,STOCKPORT HOMES LTD,10/1/2015,225.22,Premises-related expenditure,Housing Services
Adult Social Care,STOCKPORT HOMES LTD,10/6/2015,"2,186.91",Rents,Housing Services
Central Support Costs,STOCKPORT HOMES LTD,10/9/2015,"17,865.12",Repairs and Maintenance,Housing Services
Central Support Costs,STOCKPORT HOMES LTD,10/9/2015,"21,463.85",Repairs and Maintenance,Housing Services
Central Support Costs,STOCKPORT HOMES LTD,10/19/2015,"19,049.89",Repairs and Maintenance,Housing Services
Environmental & Regulatory Services,STOCKPORT HOMES LTD,10/26/2015,"5,342.26",Repairs and Maintenance,Housing Services
Childrens & Educational Services,STOCKPORT HOMES LTD,10/27/2015,102.26,Repairs and Maintenance,Housing Services
Capital Expenditure,STOCKPORT HOMES LTD,10/26/2015,"1,063.19",Repairs and Maintenance,Housing Services
Environmental & Regulatory Services,STOCKPORT HOMES LTD,10/2/2015,128.81,Repairs and Maintenance,Housing Services
Housing (General Fund) Services,STOCKPORT HOMES LTD,10/21/2015,"5,856.00",Repairs and Maintenance,Housing Services
Housing (Revenue Account) Services,STOCKPORT HOMES LTD,10/29/2015,"2,215,499.99",Third party payments - Private/Voluntary Sector,Housing Services
Housing (General Fund) Services,STOCKPORT HOMES LTD,10/13/2015,"401,250.00",Third party payments - Private/Voluntary Sector,Housing Services
Housing (General Fund) Services,STOCKPORT HOMES LTD,10/16/2015,"84,555.27",Third party payments - Private/Voluntary Sector,Housing Services
Housing (General Fund) Services,STOCKPORT HOMES LTD,10/29/2015,"11,242.83",Third party payments - Private/Voluntary Sector,Housing Services
Central Support Costs,STOCKPORT HOMES LTD,10/9/2015,"2,544.98",Vehicle Insurance,Housing Services
Central Support Costs,STOCKPORT HOMES LTD,10/30/2015,617.59,Vehicle Insurance,Housing Services
Public Health,STOCKPORT MEDICAL GROUP,10/28/2015,"1,382.27",Care Payments,Health Services
Public Health,STOCKPORT MEDICAL GROUP,10/28/2015,"2,650.00",Service Contract Payments,Health Services
Adult Social Care,STOCKPORT NHS TRUST,10/13/2015,"10,056.00",Agency Staff,NHS Organisation
Adult Social Care,STOCKPORT NHS TRUST,10/22/2015,"4,875.00",Care Payments,NHS Organisation
Adult Social Care,STOCKPORT NHS TRUST,10/26/2015,120,Care Payments,NHS Organisation
Adult Social Care,STOCKPORT NHS TRUST,10/15/2015,848.7,Fees and Charges,NHS Organisation
Public Health,STOCKPORT NHS TRUST,10/23/2015,7.02,Fees and Charges,NHS Organisation
Public Health,STOCKPORT NHS TRUST,10/8/2015,379.6,Fees and Charges,NHS Organisation
Public Health,STOCKPORT NHS TRUST,10/5/2015,"1,115.74",Fees and Charges,NHS Organisation
Childrens & Educational Services,STOCKPORT NHS TRUST,10/23/2015,138.24,Furniture and Equipment,NHS Organisation
Central Services to the public,STOCKPORT NHS TRUST,10/14/2015,"57,583.33",Third party payments - Public Sector,NHS Organisation
Childrens & Educational Services,STOCKPORT NHS TRUST,10/27/2015,"2,020.83",Third party payments - Public Sector,NHS Organisation
Childrens & Educational Services,STOCKPORT NHS TRUST,10/21/2015,"1,631.63",Third party payments - Public Sector,NHS Organisation
Public Health,STOCKPORT NHS TRUST,10/13/2015,"315,774.00",Third party payments - Public Sector,NHS Organisation
Public Health,STOCKPORT NHS TRUST,10/9/2015,"9,639.00",Third party payments - Public Sector,NHS Organisation
Public Health,STOCKPORT NHS TRUST,10/9/2015,"385,551.00",Third party payments - Public Sector,NHS Organisation
Adult Social Care,STOCKPORT SUPPORTED TENANCIES,10/7/2015,849.92,Care Payments,Social Care Services
Adult Social Care,STOCKPORT SUPPORTED TENANCIES,10/7/2015,637.44,Care Payments,Social Care Services
Public Health,STOCKPORT WOMENS CENTRE,10/27/2015,"1,080.00",Service Contract Payments,Counselling Services
Environmental & Regulatory Services,STOCKPORT WOMENS CENTRE,10/9/2015,"1,067.00",Third party payments - Private/Voluntary Sector,Counselling Services
Childrens & Educational Services,STOCKTAX LTD,10/28/2015,"1,520.00",Leasing /Transport Hire,Transport and Travel
Childrens & Educational Services,Streetmellor Ltd,10/2/2015,"1,027.14",Professional Fees,Professional / Consultancy Services
Childrens & Educational Services,Streetmellor Ltd,10/22/2015,"1,012.52",Professional Fees,Professional / Consultancy Services
Central Support Costs,STRETTON DEVELOPMENT LTD,10/9/2015,"1,040.00",Insurance,Property Management
Adult Social Care,STYLE HEALTH CARE,10/14/2015,"2,538.90",Care Payments,Social Care Services
Adult Social Care,STYLE HEALTH CARE,10/14/2015,"2,491.65",Care Payments,Social Care Services
Adult Social Care,STYLE HEALTH CARE,10/28/2015,"2,151.45",Care Payments,Social Care Services
Adult Social Care,STYLE HEALTH CARE,10/28/2015,"2,025.45",Care Payments,Social Care Services
Adult Social Care,SUNRISE OPERATIONS OF BRAMHALL LTD,10/5/2015,"3,136.00",Care Payments,Social Care Services
Adult Social Care,SUNRISE OPERATIONS OF BRAMHALL LTD,10/5/2015,"6,016.00",Care Payments,Social Care Services
Adult Social Care,SUNRISE OPERATIONS OF BRAMHALL LTD,10/5/2015,"-3,244.96",Care Payments,Social Care Services
Public Health,SUPERDRUG PHARMACY,10/8/2015,200,Care Payments,Pharmacy
Public Health,SUPERDRUG PHARMACY,10/8/2015,237,Care Payments,Pharmacy
Public Health,SUPERDRUG PHARMACY,10/8/2015,182.4,Care Payments,Pharmacy
Childrens & Educational Services,SUPPLIES TEAM,10/8/2015,39.64,Cleaning,Office Equipment / Stationery Supplies
Childrens & Educational Services,SUPPLIES TEAM,10/21/2015,46.58,Cleaning,Office Equipment / Stationery Supplies
Cultural & Related Services,SUPPLIES TEAM,10/26/2015,43.02,Cleaning,Office Equipment / Stationery Supplies
Central Support Costs,SUPPLIES TEAM,10/27/2015,15.72,Furniture and Equipment,Office Equipment / Stationery Supplies
Planning Services,SUPPLIES TEAM,10/16/2015,35.85,Furniture and Equipment,Office Equipment / Stationery Supplies
Childrens & Educational Services,SUPPLIES TEAM,10/16/2015,80.64,Furniture and Equipment,Office Equipment / Stationery Supplies
Corporate & Democratic Core,SUPPLIES TEAM,10/12/2015,126.22,Information and Communications Technology,Office Equipment / Stationery Supplies
Adult Social Care,SUPPLIES TEAM,10/2/2015,10.11,Office Expenses,Office Equipment / Stationery Supplies
Adult Social Care,SUPPLIES TEAM,10/20/2015,45.96,Office Expenses,Office Equipment / Stationery Supplies
Adult Social Care,SUPPLIES TEAM,10/8/2015,-71.7,Office Expenses,Office Equipment / Stationery Supplies
Adult Social Care,SUPPLIES TEAM,10/16/2015,-12.15,Office Expenses,Office Equipment / Stationery Supplies
Adult Social Care,SUPPLIES TEAM,10/29/2015,71.7,Office Expenses,Office Equipment / Stationery Supplies
Central Services to the public,SUPPLIES TEAM,10/8/2015,14.34,Office Expenses,Office Equipment / Stationery Supplies
Central Services to the public,SUPPLIES TEAM,10/13/2015,48,Office Expenses,Office Equipment / Stationery Supplies
Central Services to the public,SUPPLIES TEAM,10/16/2015,239.7,Office Expenses,Office Equipment / Stationery Supplies
Central Support Costs,SUPPLIES TEAM,10/16/2015,107.55,Office Expenses,Office Equipment / Stationery Supplies
Central Support Costs,SUPPLIES TEAM,10/16/2015,3.37,Office Expenses,Office Equipment / Stationery Supplies
Central Support Costs,SUPPLIES TEAM,10/16/2015,71.7,Office Expenses,Office Equipment / Stationery Supplies
Central Support Costs,SUPPLIES TEAM,10/16/2015,114.72,Office Expenses,Office Equipment / Stationery Supplies
Central Support Costs,SUPPLIES TEAM,10/16/2015,6.74,Office Expenses,Office Equipment / Stationery Supplies
Central Support Costs,SUPPLIES TEAM,10/16/2015,272.46,Office Expenses,Office Equipment / Stationery Supplies
Central Support Costs,SUPPLIES TEAM,10/16/2015,114.29,Office Expenses,Office Equipment / Stationery Supplies
Central Support Costs,SUPPLIES TEAM,10/16/2015,71.7,Office Expenses,Office Equipment / Stationery Supplies
Central Support Costs,SUPPLIES TEAM,10/13/2015,215.1,Office Expenses,Office Equipment / Stationery Supplies
Central Support Costs,SUPPLIES TEAM,10/15/2015,71.7,Office Expenses,Office Equipment / Stationery Supplies
Central Support Costs,SUPPLIES TEAM,10/20/2015,43.02,Office Expenses,Office Equipment / Stationery Supplies
Central Support Costs,SUPPLIES TEAM,10/8/2015,-14.34,Office Expenses,Office Equipment / Stationery Supplies
Central Support Costs,SUPPLIES TEAM,10/28/2015,114.72,Office Expenses,Office Equipment / Stationery Supplies
Central Support Costs,SUPPLIES TEAM,10/30/2015,35.85,Office Expenses,Office Equipment / Stationery Supplies
Childrens & Educational Services,SUPPLIES TEAM,10/16/2015,185.81,Office Expenses,Office Equipment / Stationery Supplies
Childrens & Educational Services,SUPPLIES TEAM,10/19/2015,286.8,Office Expenses,Office Equipment / Stationery Supplies
Corporate & Democratic Core,SUPPLIES TEAM,10/16/2015,215.1,Office Expenses,Office Equipment / Stationery Supplies
Environmental & Regulatory Services,SUPPLIES TEAM,10/8/2015,-71.7,Office Expenses,Office Equipment / Stationery Supplies
Planning Services,SUPPLIES TEAM,10/30/2015,35.85,Office Expenses,Office Equipment / Stationery Supplies
Planning Services,SUPPLIES TEAM,10/30/2015,-35.85,Office Expenses,Office Equipment / Stationery Supplies
Adult Social Care,SUPPLIES TEAM,10/2/2015,135.57,Office Expenses,Office Equipment / Stationery Supplies
Adult Social Care,SUPPLIES TEAM,10/8/2015,12.36,Office Expenses,Office Equipment / Stationery Supplies
Adult Social Care,SUPPLIES TEAM,10/8/2015,87.98,Office Expenses,Office Equipment / Stationery Supplies
Adult Social Care,SUPPLIES TEAM,10/8/2015,100.38,Office Expenses,Office Equipment / Stationery Supplies
Adult Social Care,SUPPLIES TEAM,10/8/2015,7.17,Office Expenses,Office Equipment / Stationery Supplies
Adult Social Care,SUPPLIES TEAM,10/14/2015,71.7,Office Expenses,Office Equipment / Stationery Supplies
Adult Social Care,SUPPLIES TEAM,10/8/2015,71.7,Office Expenses,Office Equipment / Stationery Supplies
Adult Social Care,SUPPLIES TEAM,10/28/2015,99.4,Office Expenses,Office Equipment / Stationery Supplies
Childrens & Educational Services,SUPPLIES TEAM,10/19/2015,16.85,Office Expenses,Office Equipment / Stationery Supplies
Childrens & Educational Services,SUPPLIES TEAM,10/15/2015,21.2,Office Expenses,Office Equipment / Stationery Supplies
Childrens & Educational Services,SUPPLIES TEAM,10/8/2015,20.16,Office Expenses,Office Equipment / Stationery Supplies
Childrens & Educational Services,SUPPLIES TEAM,10/15/2015,108.22,Office Expenses,Office Equipment / Stationery Supplies
Childrens & Educational Services,SUPPLIES TEAM,10/15/2015,-21.2,Office Expenses,Office Equipment / Stationery Supplies
Childrens & Educational Services,SUPPLIES TEAM,10/9/2015,43.02,Office Expenses,Office Equipment / Stationery Supplies
Childrens & Educational Services,SUPPLIES TEAM,10/15/2015,42.21,Office Expenses,Office Equipment / Stationery Supplies
Childrens & Educational Services,SUPPLIES TEAM,10/8/2015,-43.02,Office Expenses,Office Equipment / Stationery Supplies
Childrens & Educational Services,SUPPLIES TEAM,10/8/2015,-10.08,Office Expenses,Office Equipment / Stationery Supplies
Childrens & Educational Services,SUPPLIES TEAM,10/8/2015,-33.07,Office Expenses,Office Equipment / Stationery Supplies
Childrens & Educational Services,SUPPLIES TEAM,10/27/2015,71.7,Office Expenses,Office Equipment / Stationery Supplies
Childrens & Educational Services,SUPPLIES TEAM,10/28/2015,107.55,Office Expenses,Office Equipment / Stationery Supplies
Childrens & Educational Services,SUPPLIES TEAM,10/16/2015,-16.85,Office Expenses,Office Equipment / Stationery Supplies
Childrens & Educational Services,SUPPLIES TEAM,10/19/2015,43.02,Office Expenses,Office Equipment / Stationery Supplies
Childrens & Educational Services,SUPPLIES TEAM,10/8/2015,-14.34,Office Expenses,Office Equipment / Stationery Supplies
Cultural & Related Services,SUPPLIES TEAM,10/16/2015,7.17,Office Expenses,Office Equipment / Stationery Supplies
Cultural & Related Services,SUPPLIES TEAM,10/30/2015,7.17,Office Expenses,Office Equipment / Stationery Supplies
Cultural & Related Services,SUPPLIES TEAM,10/16/2015,28.68,Office Expenses,Office Equipment / Stationery Supplies
Cultural & Related Services,SUPPLIES TEAM,10/16/2015,14.34,Office Expenses,Office Equipment / Stationery Supplies
Cultural & Related Services,SUPPLIES TEAM,10/8/2015,99.17,Office Expenses,Office Equipment / Stationery Supplies
Cultural & Related Services,SUPPLIES TEAM,10/9/2015,43.76,Office Expenses,Office Equipment / Stationery Supplies
Cultural & Related Services,SUPPLIES TEAM,10/22/2015,7.17,Office Expenses,Office Equipment / Stationery Supplies
Cultural & Related Services,SUPPLIES TEAM,10/21/2015,7.17,Office Expenses,Office Equipment / Stationery Supplies
Cultural & Related Services,SUPPLIES TEAM,10/21/2015,14.34,Office Expenses,Office Equipment / Stationery Supplies
Cultural & Related Services,SUPPLIES TEAM,10/21/2015,35.85,Office Expenses,Office Equipment / Stationery Supplies
Cultural & Related Services,SUPPLIES TEAM,10/21/2015,24.88,Office Expenses,Office Equipment / Stationery Supplies
Cultural & Related Services,SUPPLIES TEAM,10/21/2015,14.34,Office Expenses,Office Equipment / Stationery Supplies
Cultural & Related Services,SUPPLIES TEAM,10/22/2015,14.34,Office Expenses,Office Equipment / Stationery Supplies
Cultural & Related Services,SUPPLIES TEAM,10/8/2015,-28.68,Office Expenses,Office Equipment / Stationery Supplies
Cultural & Related Services,SUPPLIES TEAM,10/30/2015,-7.17,Office Expenses,Office Equipment / Stationery Supplies
Cultural & Related Services,SUPPLIES TEAM,10/30/2015,7.17,Office Expenses,Office Equipment / Stationery Supplies
Environmental & Regulatory Services,SUPPLIES TEAM,10/15/2015,208.25,Office Expenses,Office Equipment / Stationery Supplies
Environmental & Regulatory Services,SUPPLIES TEAM,10/15/2015,71.7,Office Expenses,Office Equipment / Stationery Supplies
Environmental & Regulatory Services,SUPPLIES TEAM,10/15/2015,103.75,Office Expenses,Office Equipment / Stationery Supplies
Planning Services,SUPPLIES TEAM,10/15/2015,107.55,Office Expenses,Office Equipment / Stationery Supplies
Adult Social Care,SUPPLIES TEAM,10/20/2015,46.38,Printing and Photocopying,Office Equipment / Stationery Supplies
Childrens & Educational Services,SUPPLIES TEAM,10/21/2015,470.32,Printing and Photocopying,Office Equipment / Stationery Supplies
Highways & Transport Services,SWARCO TRAFFIC LTD,10/22/2015,"4,178.22",Highways Maintenance,Transport and Travel
Childrens & Educational Services,SWIIS FOSTERCARE LTD,10/7/2015,"17,057.50",Care Payments,Foster Care
Adult Social Care,TALL TREES CARE,10/5/2015,"27,223.76",Care Payments,Social Care Services
Adult Social Care,TALL TREES CARE,10/5/2015,-960.84,Care Payments,Social Care Services
Central Support Costs,TAMESIDE COLLEGE,10/12/2015,"1,825.00",Fees and Charges,Further and Higher Education
Childrens & Educational Services,TAMESIDE MBC,10/28/2015,"27,000.00",Care Payments,Local Authority
Childrens & Educational Services,TAMESIDE MBC,10/26/2015,149.25,Fees and Charges,Local Authority
Housing (General Fund) Services,TAMESIDE MBC,10/6/2015,"31,720.33",Fees and Charges,Local Authority
Childrens & Educational Services,TAMESIDE MBC,10/26/2015,"1,815.00",Leasing /Transport Hire,Local Authority
Capital Expenditure,TARMAC BUILDING PRODUCTS LTD,10/16/2015,"59,687.71",Supplies and services,Construction / Building Services
Capital Expenditure,TARMAC LTD,10/2/2015,"133,215.34",Capital Expenditure - Works,Construction / Building Services
Capital Expenditure,TARMAC LTD,10/2/2015,"42,652.04",Capital Expenditure - Works,Construction / Building Services
Capital Expenditure,TARMAC LTD,10/2/2015,"42,263.15",Capital Expenditure - Works,Construction / Building Services
Capital Expenditure,TARMAC LTD,10/2/2015,"16,211.42",Capital Expenditure - Works,Construction / Building Services
Capital Expenditure,TARMAC LTD,10/27/2015,"60,415.74",Capital Expenditure - Works,Construction / Building Services
Capital Expenditure,Telecom Network Solutions,10/19/2015,"4,095.00",Repairs and Maintenance,Communications and Technology
Capital Expenditure,TERRY GROUP LTD,10/21/2015,415.26,Capital Expenditure - Works,Construction / Building Services
Capital Expenditure,TERRY GROUP LTD,10/28/2015,"8,270.00",Capital Expenditure - Works,Construction / Building Services
Adult Social Care,THAMES HEALTH CARE LTD,10/5/2015,"6,111.32",Care Payments,Social Care Services
Adult Social Care,THE BELMONT CARE HOME LTD,10/5/2015,"1,532.00",Care Payments,Social Care Services
Adult Social Care,THE BELMONT CARE HOME LTD,10/5/2015,-357.8,Care Payments,Social Care Services
Adult Social Care,THE BELMONT CARE HOME LTD,10/5/2015,"5,352.00",Care Payments,Social Care Services
Adult Social Care,THE BELMONT CARE HOME LTD,10/5/2015,"-3,018.12",Care Payments,Social Care Services
Adult Social Care,THE BELMONT CARE HOME LTD,10/5/2015,"25,808.00",Care Payments,Social Care Services
Adult Social Care,THE BELMONT CARE HOME LTD,10/5/2015,"-8,375.08",Care Payments,Social Care Services
Adult Social Care,THE BELMONT CARE HOME LTD,10/5/2015,"1,532.00",Care Payments,Social Care Services
Adult Social Care,THE BELMONT CARE HOME LTD,10/5/2015,"-1,532.00",Care Payments,Social Care Services
Adult Social Care,THE BELMONT CARE HOME LTD,10/5/2015,"1,915.00",Care Payments,Social Care Services
Adult Social Care,THE BELMONT CARE HOME LTD,10/26/2015,"4,587.43",Care Payments,Social Care Services
Adult Social Care,THE BROAD GROUP LTD,10/7/2015,"3,060.96",Care Payments,Social Care Services
Capital Expenditure,THE BROWN RURAL PARTNERSHIP,10/29/2015,"6,387.60",Supplies and services,Property Management
Adult Social Care,THE CAMPHILL VILLAGE TRUST,10/7/2015,935.36,Care Payments,Social Care Services
Adult Social Care,THE CAMPHILL VILLAGE TRUST,10/7/2015,864.84,Care Payments,Social Care Services
Adult Social Care,THE DAILY SPARKLE,10/7/2015,588,Library Equipment,Books / Magazines / Media
Adult Social Care,THE DAVID LEWIS CENTRE,10/5/2015,"4,262.56",Care Payments,Social Care Services
Adult Social Care,THE DAVID LEWIS CENTRE,10/5/2015,-400.6,Care Payments,Social Care Services
Adult Social Care,THE DAVID LEWIS CENTRE,10/5/2015,"3,053.92",Care Payments,Social Care Services
Adult Social Care,THE DAVID LEWIS CENTRE,10/5/2015,-505.2,Care Payments,Social Care Services
Childrens & Educational Services,THE DAVID LEWIS CENTRE,10/19/2015,"5,969.60",Fees and Charges,Social Care Services
Childrens & Educational Services,THE DAVID LEWIS CENTRE,10/29/2015,"5,969.60",Fees and Charges,Social Care Services
Childrens & Educational Services,THE DAVID LEWIS CENTRE,10/23/2015,"16,333.33",Third party payments - Private/Voluntary Sector,Social Care Services
Childrens & Educational Services,THE DAVID LEWIS CENTRE,10/23/2015,"25,190.79",Third party payments - Private/Voluntary Sector,Social Care Services
Capital Expenditure,The Exeter Antique Lighting Company,10/28/2015,"1,150.00",Furniture and Equipment,Equipment Supplies
Public Health,THE FAMILY SURGERY,10/2/2015,807,Care Payments,Health Services
Public Health,THE FAMILY SURGERY,10/2/2015,127.5,Care Payments,Health Services
Childrens & Educational Services,The Family Unit,10/7/2015,"4,250.00",Care Payments,Foster Care
Childrens & Educational Services,The Family Unit,10/9/2015,"1,518.75",Care Payments,Foster Care
Childrens & Educational Services,The Family Unit,10/9/2015,120,Care Payments,Foster Care
Childrens & Educational Services,The Family Unit,10/9/2015,225,Care Payments,Foster Care
Childrens & Educational Services,The Family Unit,10/9/2015,250,Transfer payments,Foster Care
Adult Social Care,THE FRESH GROUND COFFEE SERV,10/13/2015,105.75,Catering Supplies,Equipment Supplies
Adult Social Care,THE FRESH GROUND COFFEE SERV,10/20/2015,177.4,Catering Supplies,Equipment Supplies
Childrens & Educational Services,THE FRESH GROUND COFFEE SERV,10/6/2015,201.6,Catering Supplies,Equipment Supplies
Childrens & Educational Services,THE FRESH GROUND COFFEE SERV,10/8/2015,126.9,Catering Supplies,Equipment Supplies
Housing (General Fund) Services,THE FURNISHING SERVICE LTD,10/29/2015,266.78,Furniture and Equipment,Furniture and Furnishings
Housing (General Fund) Services,THE FURNISHING SERVICE LTD,10/8/2015,218.41,Furniture and Equipment,Furniture and Furnishings
Housing (General Fund) Services,THE FURNISHING SERVICE LTD,10/8/2015,326.25,Furniture and Equipment,Furniture and Furnishings
Housing (General Fund) Services,THE FURNISHING SERVICE LTD,10/8/2015,325.43,Furniture and Equipment,Furniture and Furnishings
Housing (General Fund) Services,THE FURNISHING SERVICE LTD,10/8/2015,497.93,Furniture and Equipment,Furniture and Furnishings
Housing (General Fund) Services,THE FURNISHING SERVICE LTD,10/8/2015,870.38,Furniture and Equipment,Furniture and Furnishings
Housing (General Fund) Services,THE FURNISHING SERVICE LTD,10/8/2015,739.59,Furniture and Equipment,Furniture and Furnishings
Housing (General Fund) Services,THE FURNISHING SERVICE LTD,10/9/2015,394.13,Furniture and Equipment,Furniture and Furnishings
Housing (General Fund) Services,THE FURNISHING SERVICE LTD,10/9/2015,124.96,Furniture and Equipment,Furniture and Furnishings
Housing (General Fund) Services,THE FURNISHING SERVICE LTD,10/9/2015,"1,075.16",Furniture and Equipment,Furniture and Furnishings
Housing (General Fund) Services,THE FURNISHING SERVICE LTD,10/14/2015,840.91,Furniture and Equipment,Furniture and Furnishings
Housing (General Fund) Services,THE FURNISHING SERVICE LTD,10/14/2015,630.77,Furniture and Equipment,Furniture and Furnishings
Housing (General Fund) Services,THE FURNISHING SERVICE LTD,10/14/2015,676.44,Furniture and Equipment,Furniture and Furnishings
Housing (General Fund) Services,THE FURNISHING SERVICE LTD,10/13/2015,684.38,Furniture and Equipment,Furniture and Furnishings
Housing (General Fund) Services,THE FURNISHING SERVICE LTD,10/13/2015,"1,032.48",Furniture and Equipment,Furniture and Furnishings
Housing (General Fund) Services,THE FURNISHING SERVICE LTD,10/9/2015,254.58,Furniture and Equipment,Furniture and Furnishings
Housing (General Fund) Services,THE FURNISHING SERVICE LTD,10/9/2015,295.27,Furniture and Equipment,Furniture and Furnishings
Housing (General Fund) Services,THE FURNISHING SERVICE LTD,10/9/2015,153.75,Furniture and Equipment,Furniture and Furnishings
Housing (General Fund) Services,THE FURNISHING SERVICE LTD,10/14/2015,385.81,Furniture and Equipment,Furniture and Furnishings
Housing (General Fund) Services,THE FURNISHING SERVICE LTD,10/14/2015,71.92,Furniture and Equipment,Furniture and Furnishings
Housing (General Fund) Services,THE FURNISHING SERVICE LTD,10/20/2015,471.6,Furniture and Equipment,Furniture and Furnishings
Housing (General Fund) Services,THE FURNISHING SERVICE LTD,10/20/2015,488.97,Furniture and Equipment,Furniture and Furnishings
Housing (General Fund) Services,THE FURNISHING SERVICE LTD,10/20/2015,669.3,Furniture and Equipment,Furniture and Furnishings
Housing (General Fund) Services,THE FURNISHING SERVICE LTD,10/20/2015,509.57,Furniture and Equipment,Furniture and Furnishings
Housing (General Fund) Services,THE FURNISHING SERVICE LTD,10/22/2015,566.96,Furniture and Equipment,Furniture and Furnishings
Housing (General Fund) Services,THE FURNISHING SERVICE LTD,10/20/2015,628.1,Furniture and Equipment,Furniture and Furnishings
Housing (General Fund) Services,THE FURNISHING SERVICE LTD,10/22/2015,123.66,Furniture and Equipment,Furniture and Furnishings
Housing (General Fund) Services,THE FURNISHING SERVICE LTD,10/22/2015,153.75,Furniture and Equipment,Furniture and Furnishings
Housing (General Fund) Services,THE FURNISHING SERVICE LTD,10/22/2015,149.5,Furniture and Equipment,Furniture and Furnishings
Housing (General Fund) Services,THE FURNISHING SERVICE LTD,10/22/2015,449.66,Furniture and Equipment,Furniture and Furnishings
Housing (General Fund) Services,THE FURNISHING SERVICE LTD,10/26/2015,440.32,Furniture and Equipment,Furniture and Furnishings
Housing (General Fund) Services,THE FURNISHING SERVICE LTD,10/28/2015,96,Furniture and Equipment,Furniture and Furnishings
Housing (General Fund) Services,THE FURNISHING SERVICE LTD,10/28/2015,172.5,Furniture and Equipment,Furniture and Furnishings
Housing (General Fund) Services,THE FURNISHING SERVICE LTD,10/28/2015,209.15,Furniture and Equipment,Furniture and Furnishings
Housing (General Fund) Services,THE FURNISHING SERVICE LTD,10/28/2015,629.77,Furniture and Equipment,Furniture and Furnishings
Housing (General Fund) Services,THE FURNISHING SERVICE LTD,10/26/2015,724.84,Furniture and Equipment,Furniture and Furnishings
Housing (General Fund) Services,THE FURNISHING SERVICE LTD,10/26/2015,430.49,Furniture and Equipment,Furniture and Furnishings
Housing (General Fund) Services,THE FURNISHING SERVICE LTD,10/26/2015,609.89,Furniture and Equipment,Furniture and Furnishings
Housing (General Fund) Services,THE FURNISHING SERVICE LTD,10/28/2015,"1,194.74",Furniture and Equipment,Furniture and Furnishings
Housing (General Fund) Services,THE FURNISHING SERVICE LTD,10/28/2015,747.68,Furniture and Equipment,Furniture and Furnishings
Housing (General Fund) Services,THE FURNISHING SERVICE LTD,10/28/2015,729.67,Furniture and Equipment,Furniture and Furnishings
Housing (General Fund) Services,THE FURNISHING SERVICE LTD,10/28/2015,497.93,Furniture and Equipment,Furniture and Furnishings
Housing (General Fund) Services,THE FURNISHING SERVICE LTD,10/13/2015,940.11,Furniture and Equipment,Furniture and Furnishings
Housing (General Fund) Services,THE FURNISHING SERVICE LTD,10/29/2015,-392.13,Furniture and Equipment,Furniture and Furnishings
Housing (General Fund) Services,THE FURNISHING SERVICE LTD,10/29/2015,-266.78,Furniture and Equipment,Furniture and Furnishings
Housing (General Fund) Services,THE FURNISHING SERVICE LTD,10/29/2015,658.91,Furniture and Equipment,Furniture and Furnishings
Adult Social Care,THE FURNISHING SERVICE LTD,10/20/2015,668.1,Furniture and Equipment,Furniture and Furnishings
Adult Social Care,THE GRANGE RESIDENTIAL RETIREMENT H,10/5/2015,"5,224.57",Care Payments,Social Care Services
Adult Social Care,THE GRANGE RESIDENTIAL RETIREMENT H,10/5/2015,718.31,Care Payments,Social Care Services
Adult Social Care,THE GRANGE RESIDENTIAL RETIREMENT H,10/5/2015,"1,784.00",Care Payments,Social Care Services
Adult Social Care,THE GRANGE RESIDENTIAL RETIREMENT H,10/5/2015,-505.2,Care Payments,Social Care Services
Adult Social Care,THE GRANGE RESIDENTIAL RETIREMENT H,10/26/2015,"4,460.00",Care Payments,Social Care Services
Adult Social Care,THE HEATHLANDS VILLAGE,10/5/2015,"2,865.20",Care Payments,Social Care Services
Adult Social Care,THE HEATHLANDS VILLAGE,10/5/2015,"-1,715.96",Care Payments,Social Care Services
Childrens & Educational Services,THE HEATONS SPORTS CLUB LTD,10/1/2015,89.5,Office Expenses,Sports/Outdoor Activities
Childrens & Educational Services,THE HEATONS SPORTS CLUB LTD,10/15/2015,680,Office Expenses,Sports/Outdoor Activities
Childrens & Educational Services,THE HEATONS SPORTS CLUB LTD,10/14/2015,127.5,Office Expenses,Sports/Outdoor Activities
Childrens & Educational Services,THE HEATONS SPORTS CLUB LTD,10/15/2015,90,Office Expenses,Sports/Outdoor Activities
Childrens & Educational Services,THE HEATONS SPORTS CLUB LTD,10/15/2015,68,Office Expenses,Sports/Outdoor Activities
Childrens & Educational Services,THE HEATONS SPORTS CLUB LTD,10/20/2015,"1,138.50",Office Expenses,Sports/Outdoor Activities
Central Support Costs,The Life Channel Group Ltd,10/13/2015,"1,800.00",Publicity and Promotion,Digital / Media Services
Adult Social Care,The Manor,10/5/2015,"2,300.00",Care Payments,Social Care Services
Adult Social Care,The Manor,10/5/2015,"-1,187.92",Care Payments,Social Care Services
Childrens & Educational Services,THE NATIONAL FOSTERING AGENCY,10/7/2015,"3,374.00",Care Payments,Foster Care
Childrens & Educational Services,THE NATIONAL FOSTERING AGENCY,10/7/2015,"3,508.40",Care Payments,Foster Care
Cultural & Related Services,THE NATIONAL TRUST (ENTERPRISES) LT,10/29/2015,"201,367.53",Professional Fees,Heritage
Adult Social Care,THE REGARD PARTNERSHIP,10/7/2015,"4,811.08",Care Payments,Social Care Services
Adult Social Care,THE STROKE ASSOCIATION,10/20/2015,"11,500.00",Supplies and services,Disability Support
Adult Social Care,THE TOGETHER TRUST CENTRE,10/7/2015,"43,117.00",Care Payments,Social Care Services
Adult Social Care,THE TOGETHER TRUST CENTRE,10/27/2015,318.72,Care Payments,Social Care Services
Childrens & Educational Services,THE TOGETHER TRUST CENTRE,10/7/2015,"26,194.70",Care Payments,Social Care Services
Childrens & Educational Services,THE TOGETHER TRUST CENTRE,10/7/2015,"14,210.00",Care Payments,Social Care Services
Childrens & Educational Services,THE TOGETHER TRUST CENTRE,10/7/2015,"11,025.00",Care Payments,Social Care Services
Childrens & Educational Services,THE TOGETHER TRUST CENTRE,10/7/2015,"11,025.00",Care Payments,Social Care Services
Childrens & Educational Services,THE TOGETHER TRUST CENTRE,10/7/2015,"17,500.00",Care Payments,Social Care Services
Childrens & Educational Services,THE TOGETHER TRUST CENTRE,10/7/2015,"7,358.00",Care Payments,Social Care Services
Childrens & Educational Services,THE TOGETHER TRUST CENTRE,10/7/2015,-414.79,Care Payments,Social Care Services
Childrens & Educational Services,THE TOGETHER TRUST CENTRE,10/22/2015,"-2,718.53",Care Payments,Social Care Services
Childrens & Educational Services,THE TOGETHER TRUST CENTRE,10/22/2015,"3,566.61",Care Payments,Social Care Services
Childrens & Educational Services,THE TOGETHER TRUST CENTRE,10/22/2015,"1,133.37",Care Payments,Social Care Services
Childrens & Educational Services,THE TOGETHER TRUST CENTRE,10/22/2015,"1,188.87",Care Payments,Social Care Services
Childrens & Educational Services,THE TOGETHER TRUST CENTRE,10/22/2015,"1,188.87",Care Payments,Social Care Services
Childrens & Educational Services,THE TOGETHER TRUST CENTRE,10/22/2015,433.29,Care Payments,Social Care Services
Childrens & Educational Services,THE TOGETHER TRUST CENTRE,10/22/2015,433.29,Care Payments,Social Care Services
Childrens & Educational Services,THE TOGETHER TRUST CENTRE,10/22/2015,"2,718.53",Care Payments,Social Care Services
Childrens & Educational Services,THE TOGETHER TRUST CENTRE,10/22/2015,"1,622.16",Care Payments,Social Care Services
Childrens & Educational Services,THE TOGETHER TRUST CENTRE,10/22/2015,"1,133.37",Care Payments,Social Care Services
Childrens & Educational Services,THE TOGETHER TRUST CENTRE,10/22/2015,"4,128.40",Care Payments,Social Care Services
Childrens & Educational Services,THE TOGETHER TRUST CENTRE,10/22/2015,755.58,Care Payments,Social Care Services
Childrens & Educational Services,THE TOGETHER TRUST CENTRE,10/22/2015,192,Care Payments,Social Care Services
Childrens & Educational Services,THE TOGETHER TRUST CENTRE,10/22/2015,760.32,Care Payments,Social Care Services
Childrens & Educational Services,THE TOGETHER TRUST CENTRE,10/22/2015,63.36,Care Payments,Social Care Services
Childrens & Educational Services,THE TOGETHER TRUST CENTRE,10/22/2015,128,Care Payments,Social Care Services
Childrens & Educational Services,THE TOGETHER TRUST CENTRE,10/22/2015,256,Care Payments,Social Care Services
Childrens & Educational Services,THE TOGETHER TRUST CENTRE,10/22/2015,"2,255.04",Care Payments,Social Care Services
Childrens & Educational Services,THE TOGETHER TRUST CENTRE,10/22/2015,"2,473.10",Care Payments,Social Care Services
Childrens & Educational Services,THE TOGETHER TRUST CENTRE,10/22/2015,"1,696.16",Care Payments,Social Care Services
Childrens & Educational Services,THE TOGETHER TRUST CENTRE,10/22/2015,"3,239.27",Care Payments,Social Care Services
Childrens & Educational Services,THE TOGETHER TRUST CENTRE,10/22/2015,581.23,Care Payments,Social Care Services
Childrens & Educational Services,THE TOGETHER TRUST CENTRE,10/22/2015,"1,373.81",Care Payments,Social Care Services
Childrens & Educational Services,THE TOGETHER TRUST CENTRE,10/22/2015,"1,336.87",Care Payments,Social Care Services
Childrens & Educational Services,THE TOGETHER TRUST CENTRE,10/22/2015,"1,384.46",Care Payments,Social Care Services
Childrens & Educational Services,THE TOGETHER TRUST CENTRE,10/22/2015,"1,188.87",Care Payments,Social Care Services
Childrens & Educational Services,THE TOGETHER TRUST CENTRE,10/22/2015,"1,811.04",Care Payments,Social Care Services
Childrens & Educational Services,THE TOGETHER TRUST CENTRE,10/22/2015,792.58,Care Payments,Social Care Services
Childrens & Educational Services,THE TOGETHER TRUST CENTRE,10/22/2015,448,Care Payments,Social Care Services
Childrens & Educational Services,THE TOGETHER TRUST CENTRE,10/22/2015,80,Care Payments,Social Care Services
Childrens & Educational Services,THE TOGETHER TRUST CENTRE,10/22/2015,"1,045.44",Care Payments,Social Care Services
Childrens & Educational Services,THE TOGETHER TRUST CENTRE,10/22/2015,506.88,Care Payments,Social Care Services
Childrens & Educational Services,THE TOGETHER TRUST CENTRE,10/22/2015,240,Care Payments,Social Care Services
Childrens & Educational Services,THE TOGETHER TRUST CENTRE,10/22/2015,512,Care Payments,Social Care Services
Childrens & Educational Services,THE TOGETHER TRUST CENTRE,10/22/2015,"1,162.46",Care Payments,Social Care Services
Childrens & Educational Services,THE TOGETHER TRUST CENTRE,10/22/2015,"1,299.81",Care Payments,Social Care Services
Childrens & Educational Services,THE TOGETHER TRUST CENTRE,10/22/2015,622.18,Care Payments,Social Care Services
Childrens & Educational Services,THE TOGETHER TRUST CENTRE,10/22/2015,"2,636.72",Care Payments,Social Care Services
Childrens & Educational Services,THE TOGETHER TRUST CENTRE,10/22/2015,"2,642.72",Care Payments,Social Care Services
Childrens & Educational Services,THE TOGETHER TRUST CENTRE,10/22/2015,"3,614.08",Care Payments,Social Care Services
Childrens & Educational Services,THE TOGETHER TRUST CENTRE,10/21/2015,288,Professional Fees,Social Care Services
Childrens & Educational Services,THE TOGETHER TRUST CENTRE,10/28/2015,"9,111.06",Professional Fees,Social Care Services
Childrens & Educational Services,THE TOGETHER TRUST CENTRE,10/28/2015,304,Professional Fees,Social Care Services
Childrens & Educational Services,THE TOGETHER TRUST CENTRE,10/27/2015,"3,594.87",Publicity and Promotion,Social Care Services
Childrens & Educational Services,THE TOGETHER TRUST CENTRE,10/27/2015,"1,813.92",Publicity and Promotion,Social Care Services
Childrens & Educational Services,THE TOGETHER TRUST CENTRE,10/9/2015,"55,144.44",Third party payments - Private/Voluntary Sector,Social Care Services
Childrens & Educational Services,THEBIGWORD INTERPRETING SVCS LTD,10/28/2015,938.6,Professional Fees,Translation / Interpreter
Childrens & Educational Services,THEBIGWORD INTERPRETING SVCS LTD,10/28/2015,236.92,Professional Fees,Translation / Interpreter
Childrens & Educational Services,THEBIGWORD INTERPRETING SVCS LTD,10/27/2015,80.9,Professional Fees,Translation / Interpreter
Childrens & Educational Services,THEBIGWORD INTERPRETING SVCS LTD,10/29/2015,716.94,Professional Fees,Translation / Interpreter
Childrens & Educational Services,THEBIGWORD INTERPRETING SVCS LTD,10/29/2015,80.92,Professional Fees,Translation / Interpreter
Capital Expenditure,THOMAS BARNES & SONS PLC,10/19/2015,"5,281.34",Capital Expenditure - Works,Construction / Building Services
Capital Expenditure,THOMAS BARNES & SONS PLC,10/19/2015,"2,605.42",Capital Expenditure - Works,Construction / Building Services
Adult Social Care,THORNCLIFFE GRANGE NURSING HOME,10/5/2015,"1,712.00",Care Payments,Social Care Services
Adult Social Care,THORNCLIFFE GRANGE NURSING HOME,10/5/2015,"2,000.36",Care Payments,Social Care Services
Adult Social Care,THORNCLIFFE GRANGE NURSING HOME,10/5/2015,-949.4,Care Payments,Social Care Services
Adult Social Care,THORNCLIFFE GRANGE NURSING HOME,10/26/2015,"2,136.00",Care Payments,Social Care Services
Childrens & Educational Services,Three Circles Fostering Ltd,10/7/2015,"6,560.71",Care Payments,Foster Care
Adult Social Care,THREE ROSES HOME,10/5/2015,"2,880.00",Care Payments,Social Care Services
Adult Social Care,THREE ROSES HOME,10/5/2015,-321.8,Care Payments,Social Care Services
Housing (General Fund) Services,THRESHOLD HOUSING PROJECT,10/22/2015,"13,749.99",Third party payments - Private/Voluntary Sector,Housing Services
Childrens & Educational Services,TIME SPECIALIST SUPPORT,10/7/2015,357.5,Care Payments,Welfare Services
Childrens & Educational Services,TIME SPECIALIST SUPPORT,10/7/2015,312,Care Payments,Welfare Services
Childrens & Educational Services,TMP (UK) LTD,10/16/2015,294.69,Staff Training,Recruitment / Staffing
Childrens & Educational Services,TMP (UK) LTD,10/16/2015,589.38,Staff Training,Recruitment / Staffing
Childrens & Educational Services,TMP (UK) LTD,10/16/2015,294.69,Staff Training,Recruitment / Staffing
Highways & Transport Services,TRANSPORT FOR GREATER MANCHESTER,10/13/2015,480,Supplies and services,Highways / Transport
Childrens & Educational Services,TRANSPORT FOR GREATER MANCHESTER,10/28/2015,"7,044.60",Welfare Payments,Highways / Transport
Childrens & Educational Services,TRANSPORT FOR GREATER MANCHESTER,10/28/2015,"162,384.00",Welfare Payments,Highways / Transport
Childrens & Educational Services,TREVOR BUNTER - TAXIS,10/16/2015,"1,592.00",Leasing /Transport Hire,Transport and Travel
Childrens & Educational Services,TREVOR BUNTER - TAXIS,10/19/2015,"4,048.00",Leasing /Transport Hire,Transport and Travel
Childrens & Educational Services,TREVOR BUNTER - TAXIS,10/22/2015,66,Leasing /Transport Hire,Transport and Travel
Childrens & Educational Services,TREVOR BUNTER - TAXIS,10/16/2015,"1,592.00",Leasing /Transport Hire,Transport and Travel
Planning Services,TRINITY MIRROR PUBLISHING LTD,10/1/2015,264,Fees and Charges,Digital / Media Services
Capital Expenditure,TRINITY MIRROR PUBLISHING LTD,10/9/2015,616,Fees and Charges,Digital / Media Services
Capital Expenditure,TRINITY MIRROR PUBLISHING LTD,10/6/2015,220,Fees and Charges,Digital / Media Services
Capital Expenditure,TRINITY MIRROR PUBLISHING LTD,10/6/2015,176,Fees and Charges,Digital / Media Services
Capital Expenditure,TRINITY MIRROR PUBLISHING LTD,10/13/2015,308,Fees and Charges,Digital / Media Services
Capital Expenditure,TRINITY MIRROR PUBLISHING LTD,10/30/2015,220,Fees and Charges,Digital / Media Services
Capital Expenditure,TRINITY MIRROR PUBLISHING LTD,10/30/2015,220,Fees and Charges,Digital / Media Services
Capital Expenditure,TRINITY MIRROR PUBLISHING LTD,10/30/2015,220,Fees and Charges,Digital / Media Services
Capital Expenditure,TRINITY MIRROR PUBLISHING LTD,10/30/2015,506,Fees and Charges,Digital / Media Services
Capital Expenditure,TRINITY MIRROR PUBLISHING LTD,10/30/2015,242,Fees and Charges,Digital / Media Services
Capital Expenditure,TRINITY MIRROR PUBLISHING LTD,10/30/2015,242,Fees and Charges,Digital / Media Services
Capital Expenditure,TRINITY MIRROR PUBLISHING LTD,10/30/2015,198,Fees and Charges,Digital / Media Services
Capital Expenditure,TRINITY MIRROR PUBLISHING LTD,10/30/2015,198,Fees and Charges,Digital / Media Services
Highways & Transport Services,TRINITY MIRROR PUBLISHING LTD,10/15/2015,198,Fees and Charges,Digital / Media Services
Highways & Transport Services,TRINITY MIRROR PUBLISHING LTD,10/19/2015,198,Fees and Charges,Digital / Media Services
Highways & Transport Services,TRINITY MIRROR PUBLISHING LTD,10/23/2015,198,Fees and Charges,Digital / Media Services
Highways & Transport Services,TRINITY MIRROR PUBLISHING LTD,10/23/2015,198,Fees and Charges,Digital / Media Services
Highways & Transport Services,TRINITY MIRROR PUBLISHING LTD,10/26/2015,286,Fees and Charges,Digital / Media Services
Highways & Transport Services,TRINITY MIRROR PUBLISHING LTD,10/26/2015,220,Fees and Charges,Digital / Media Services
Highways & Transport Services,TRINITY MIRROR PUBLISHING LTD,10/26/2015,198,Fees and Charges,Digital / Media Services
Highways & Transport Services,TRINITY MIRROR PUBLISHING LTD,10/26/2015,242,Fees and Charges,Digital / Media Services
Highways & Transport Services,TRINITY MIRROR PUBLISHING LTD,10/26/2015,198,Fees and Charges,Digital / Media Services
Highways & Transport Services,TRINITY MIRROR PUBLISHING LTD,10/26/2015,198,Fees and Charges,Digital / Media Services
Planning Services,TRINITY MIRROR PUBLISHING LTD,10/14/2015,80,Publicity and Promotion,Digital / Media Services
Childrens & Educational Services,TRINITY MIRROR PUBLISHING LTD,10/28/2015,"4,000.00",Publicity and Promotion,Digital / Media Services
Planning Services,TRINITY MIRROR PUBLISHING LTD,10/30/2015,616,Publicity and Promotion,Digital / Media Services
Planning Services,TRINITY MIRROR PUBLISHING LTD,10/27/2015,638,Publicity and Promotion,Digital / Media Services
Planning Services,TRINITY MIRROR PUBLISHING LTD,10/27/2015,374,Publicity and Promotion,Digital / Media Services
Planning Services,TRINITY MIRROR PUBLISHING LTD,10/27/2015,264,Publicity and Promotion,Digital / Media Services
Planning Services,TRINITY MIRROR PUBLISHING LTD,10/28/2015,286,Publicity and Promotion,Digital / Media Services
Adult Social Care,TRUE HOMECARE,10/9/2015,107.1,Care Payments,Social Care Services
Adult Social Care,TRUE HOMECARE,10/14/2015,50.4,Care Payments,Social Care Services
Adult Social Care,TRUE HOMECARE,10/14/2015,"3,118.50",Care Payments,Social Care Services
Adult Social Care,TRUE HOMECARE,10/14/2015,"1,011.15",Care Payments,Social Care Services
Adult Social Care,TRUE HOMECARE,10/14/2015,25.2,Care Payments,Social Care Services
Adult Social Care,TRUE HOMECARE,10/14/2015,50.4,Care Payments,Social Care Services
Adult Social Care,TRUE HOMECARE,10/14/2015,"3,121.65",Care Payments,Social Care Services
Adult Social Care,TRUE HOMECARE,10/14/2015,"1,008.00",Care Payments,Social Care Services
Adult Social Care,TRUE HOMECARE,10/14/2015,25.2,Care Payments,Social Care Services
Adult Social Care,TRUE HOMECARE,10/28/2015,72.45,Care Payments,Social Care Services
Adult Social Care,TRUE HOMECARE,10/28/2015,"3,121.65",Care Payments,Social Care Services
Adult Social Care,TRUE HOMECARE,10/28/2015,"1,086.75",Care Payments,Social Care Services
Adult Social Care,TRUE HOMECARE,10/28/2015,25.2,Care Payments,Social Care Services
Adult Social Care,TRUE HOMECARE,10/28/2015,75.6,Care Payments,Social Care Services
Adult Social Care,TRUE HOMECARE,10/28/2015,"3,102.75",Care Payments,Social Care Services
Adult Social Care,TRUE HOMECARE,10/28/2015,"1,241.10",Care Payments,Social Care Services
Adult Social Care,TRUE HOMECARE,10/28/2015,12.6,Care Payments,Social Care Services
Adult Social Care,TRUE HOMECARE,10/2/2015,160,Care Payments,Social Care Services
Adult Social Care,TRUE HOMECARE,10/2/2015,101,Care Payments,Social Care Services
Adult Social Care,TRUE HOMECARE,10/7/2015,142,Care Payments,Social Care Services
Adult Social Care,TRUE HOMECARE,10/7/2015,30,Care Payments,Social Care Services
Adult Social Care,TRUE HOMECARE,10/7/2015,54,Care Payments,Social Care Services
Adult Social Care,TRUE HOMECARE,10/7/2015,82,Care Payments,Social Care Services
Adult Social Care,TRUE HOMECARE,10/20/2015,186,Care Payments,Social Care Services
Adult Social Care,TRUE HOMECARE,10/20/2015,30,Care Payments,Social Care Services
Adult Social Care,TRUE HOMECARE,10/20/2015,27,Care Payments,Social Care Services
Adult Social Care,TRUE HOMECARE,10/20/2015,45,Care Payments,Social Care Services
Adult Social Care,TRUE HOMECARE,10/27/2015,142,Care Payments,Social Care Services
Adult Social Care,TRUE HOMECARE,10/27/2015,30,Care Payments,Social Care Services
Adult Social Care,TRUE HOMECARE,10/27/2015,120,Care Payments,Social Care Services
Adult Social Care,TRUE HOMECARE,10/28/2015,30,Care Payments,Social Care Services
Capital Expenditure,Truline Construction & Interior Ser,10/19/2015,"132,696.00",Capital Expenditure - Works,Construction / Building Services
Adult Social Care,TTP Communities Ltd,10/26/2015,"11,764.28",Care Payments,Social Care Services
Adult Social Care,TTP Communities Ltd,10/26/2015,"-1,553.41",Care Payments,Social Care Services
Adult Social Care,TTP Communities Ltd,10/26/2015,"3,792.86",Care Payments,Social Care Services
Adult Social Care,TTP Communities Ltd,10/26/2015,64.29,Care Payments,Social Care Services
Capital Expenditure,TUNSTALL HEALTHCARE (UK) LTD,10/6/2015,"8,600.00",Furniture and Equipment,Healthcare Supplies
Adult Social Care,TURNING POINT,10/26/2015,"12,190.00",Care Payments,Welfare Services
Adult Social Care,Ty Gwynno,10/26/2015,"4,496.00",Care Payments,Social Care Services
Cultural & Related Services,ULVERSCROFT LARGE PRINT BOOKS LTD,10/14/2015,116.23,Library Equipment,Books / Magazines / Media
Cultural & Related Services,ULVERSCROFT LARGE PRINT BOOKS LTD,10/14/2015,139.47,Library Equipment,Books / Magazines / Media
Cultural & Related Services,ULVERSCROFT LARGE PRINT BOOKS LTD,10/14/2015,203.85,Library Equipment,Books / Magazines / Media
Cultural & Related Services,ULVERSCROFT LARGE PRINT BOOKS LTD,10/14/2015,203.85,Library Equipment,Books / Magazines / Media
Cultural & Related Services,ULVERSCROFT LARGE PRINT BOOKS LTD,10/14/2015,203.85,Library Equipment,Books / Magazines / Media
Cultural & Related Services,ULVERSCROFT LARGE PRINT BOOKS LTD,10/28/2015,47.1,Library Equipment,Books / Magazines / Media
Cultural & Related Services,ULVERSCROFT LARGE PRINT BOOKS LTD,10/28/2015,117.2,Library Equipment,Books / Magazines / Media
Cultural & Related Services,ULVERSCROFT LARGE PRINT BOOKS LTD,10/28/2015,125.6,Library Equipment,Books / Magazines / Media
Cultural & Related Services,ULVERSCROFT LARGE PRINT BOOKS LTD,10/28/2015,117.2,Library Equipment,Books / Magazines / Media
Cultural & Related Services,ULVERSCROFT LARGE PRINT BOOKS LTD,10/28/2015,108.3,Library Equipment,Books / Magazines / Media
Cultural & Related Services,ULVERSCROFT LARGE PRINT BOOKS LTD,10/28/2015,180.65,Library Equipment,Books / Magazines / Media
Cultural & Related Services,ULVERSCROFT LARGE PRINT BOOKS LTD,10/28/2015,130.63,Library Equipment,Books / Magazines / Media
Cultural & Related Services,ULVERSCROFT LARGE PRINT BOOKS LTD,10/28/2015,324.9,Library Equipment,Books / Magazines / Media
Cultural & Related Services,ULVERSCROFT LARGE PRINT BOOKS LTD,10/28/2015,47.1,Library Equipment,Books / Magazines / Media
Cultural & Related Services,ULVERSCROFT LARGE PRINT BOOKS LTD,10/28/2015,31.4,Library Equipment,Books / Magazines / Media
Central Support Costs,UNIFY ENTERPRISE COMMUNICATIONS,10/20/2015,"7,590.75",Information and Communications Technology,Communications and Technology
Planning Services,UNIFY ENTERPRISE COMMUNICATIONS,10/27/2015,"4,936.32",Information and Communications Technology,Communications and Technology
Childrens & Educational Services,Unitas,10/2/2015,"2,500.00",Publicity and Promotion,Education Services
Adult Social Care,United Care (North) Ltd,10/5/2015,"1,711.44",Care Payments,Social Care Services
Adult Social Care,United Care (North) Ltd,10/5/2015,-656.36,Care Payments,Social Care Services
Adult Social Care,United Care (North) Ltd,10/5/2015,"1,756.00",Care Payments,Social Care Services
Adult Social Care,United Care (North) Ltd,10/5/2015,-589.44,Care Payments,Social Care Services
Adult Social Care,UNITED RESPONSE,10/26/2015,"7,977.60",Care Payments,Disability Support
Adult Social Care,UNITED RESPONSE,10/26/2015,"5,297.60",Care Payments,Disability Support
Adult Social Care,UNITED RESPONSE,10/26/2015,"6,048.00",Care Payments,Disability Support
Childrens & Educational Services,United Utilities,10/9/2015,"1,000.00",Third party payments - Private/Voluntary Sector,Utilities
Childrens & Educational Services,UNITED UTILITIES (WATER),10/26/2015,"2,326.04",Utilities,Utilities
Childrens & Educational Services,UNITED UTILITIES WATER PLC,10/1/2015,"1,854.59",Utilities,Utilities
Central Services to the public,UNIVERSITY HOSPITAL OF SOUTH MANCHE,10/14/2015,86.2,Expenses and Allowances,NHS Organisation
Public Health,UNIVERSITY HOSPITAL OF SOUTH MANCHE,10/5/2015,"13,249.33",Fees and Charges,NHS Organisation
Public Health,UNIVERSITY HOSPITAL OF SOUTH MANCHE,10/5/2015,"-4,159.00",Supplies and services,NHS Organisation
Capital Expenditure,URS INFRASTRUCTURE & ENVIRONMENT UK,10/21/2015,"4,251.23",Professional Fees,Engineering Services
Highways & Transport Services,URS INFRASTRUCTURE & ENVIRONMENT UK,10/1/2015,"4,424.40",Professional Fees,Engineering Services
Highways & Transport Services,URS INFRASTRUCTURE & ENVIRONMENT UK,10/1/2015,"9,114.21",Professional Fees,Engineering Services
Highways & Transport Services,URS INFRASTRUCTURE & ENVIRONMENT UK,10/2/2015,"3,085.60",Professional Fees,Engineering Services
Highways & Transport Services,URS INFRASTRUCTURE & ENVIRONMENT UK,10/2/2015,"5,911.92",Professional Fees,Engineering Services
Highways & Transport Services,URS INFRASTRUCTURE & ENVIRONMENT UK,10/6/2015,"4,616.80",Professional Fees,Engineering Services
Highways & Transport Services,URS INFRASTRUCTURE & ENVIRONMENT UK,10/6/2015,"5,313.69",Professional Fees,Engineering Services
Highways & Transport Services,URS INFRASTRUCTURE & ENVIRONMENT UK,10/21/2015,"3,085.60",Professional Fees,Engineering Services
Highways & Transport Services,URS INFRASTRUCTURE & ENVIRONMENT UK,10/21/2015,"5,911.92",Professional Fees,Engineering Services
Highways & Transport Services,URS INFRASTRUCTURE & ENVIRONMENT UK,10/21/2015,"4,478.80",Professional Fees,Engineering Services
Highways & Transport Services,URS INFRASTRUCTURE & ENVIRONMENT UK,10/21/2015,"7,506.20",Professional Fees,Engineering Services
Highways & Transport Services,URS INFRASTRUCTURE & ENVIRONMENT UK,10/21/2015,"-3,085.60",Professional Fees,Engineering Services
Highways & Transport Services,URS INFRASTRUCTURE & ENVIRONMENT UK,10/21/2015,"-5,911.92",Professional Fees,Engineering Services
Adult Social Care,VERNON PARK SURGERY,10/21/2015,"2,394.00",Care Payments,Health Services
Planning Services,VIGLEN LTD,10/9/2015,166,Furniture and Equipment,ICT Supplies
Planning Services,VIGLEN LTD,10/9/2015,282,Furniture and Equipment,ICT Supplies
Planning Services,VIGLEN LTD,10/12/2015,166,Furniture and Equipment,ICT Supplies
Planning Services,VIGLEN LTD,10/12/2015,980,Furniture and Equipment,ICT Supplies
Planning Services,VIGLEN LTD,10/9/2015,805,Furniture and Equipment,ICT Supplies
Planning Services,VIGLEN LTD,10/9/2015,928.14,Furniture and Equipment,ICT Supplies
Planning Services,VIGLEN LTD,10/9/2015,354,Furniture and Equipment,ICT Supplies
Planning Services,VIGLEN LTD,10/9/2015,354,Furniture and Equipment,ICT Supplies
Planning Services,VIGLEN LTD,10/28/2015,354,Furniture and Equipment,ICT Supplies
Planning Services,VIGLEN LTD,10/28/2015,354,Furniture and Equipment,ICT Supplies
Planning Services,VIGLEN LTD,10/28/2015,"2,012.50",Furniture and Equipment,ICT Supplies
Planning Services,VIGLEN LTD,10/28/2015,"5,400.00",Furniture and Equipment,ICT Supplies
Planning Services,VIGLEN LTD,10/30/2015,"2,100.00",Furniture and Equipment,ICT Supplies
Planning Services,VIGLEN LTD,10/28/2015,805,Furniture and Equipment,ICT Supplies
Planning Services,VIGLEN LTD,10/28/2015,"2,700.00",Furniture and Equipment,ICT Supplies
Planning Services,VIGLEN LTD,10/29/2015,"1,038.00",Furniture and Equipment,ICT Supplies
Central Support Costs,VIGLEN LTD,10/9/2015,83,Information and Communications Technology,ICT Supplies
Central Support Costs,VIGLEN LTD,10/28/2015,"15,200.50",Information and Communications Technology,ICT Supplies
Planning Services,VIGLEN LTD,10/9/2015,166,Information and Communications Technology,ICT Supplies
Planning Services,VIGLEN LTD,10/30/2015,83,Information and Communications Technology,ICT Supplies
Capital Expenditure,VIGLEN LTD,10/29/2015,83,Information and Communications Technology,ICT Supplies
Highways & Transport Services,VIGLEN LTD,10/9/2015,276,Information and Communications Technology,ICT Supplies
Central Support Costs,VIGLEN LTD,10/28/2015,83,Office Expenses,ICT Supplies
Environmental & Regulatory Services,VIP SYSTEM LIMITED,10/27/2015,"2,790.52",Furniture and Equipment,Vehicle Management
Childrens & Educational Services,VIP TAXIS,10/28/2015,"4,215.00",Leasing /Transport Hire,Transport and Travel
Childrens & Educational Services,VIP TAXIS,10/28/2015,"9,446.96",Leasing /Transport Hire,Transport and Travel
Childrens & Educational Services,VIP TAXIS,10/28/2015,"32,990.60",Leasing /Transport Hire,Transport and Travel
Childrens & Educational Services,VIP TAXIS,10/28/2015,"2,163.20",Leasing /Transport Hire,Transport and Travel
Capital Expenditure,VIRGIN MEDIA,10/6/2015,"72,100.57",Supplies and services,Construction / Building Services
Cultural & Related Services,VIRGIN MEDIA BUSINESS,10/28/2015,190.1,Information and Communications Technology,Communications and Technology
Environmental & Regulatory Services,VIRGIN MEDIA BUSINESS,10/14/2015,22.41,Information and Communications Technology,Communications and Technology
Planning Services,VIRGIN MEDIA BUSINESS,10/13/2015,126.6,Information and Communications Technology,Communications and Technology
Planning Services,VIRGIN MEDIA BUSINESS,10/13/2015,12.08,Information and Communications Technology,Communications and Technology
Planning Services,VIRGIN MEDIA BUSINESS,10/13/2015,"2,744.28",Information and Communications Technology,Communications and Technology
Planning Services,VIRGIN MEDIA BUSINESS,10/27/2015,11.93,Information and Communications Technology,Communications and Technology
Planning Services,VIRGIN MEDIA BUSINESS,10/27/2015,11.1,Information and Communications Technology,Communications and Technology
Planning Services,VIRGIN MEDIA BUSINESS,10/27/2015,22,Information and Communications Technology,Communications and Technology
Planning Services,VIRGIN MEDIA BUSINESS,10/27/2015,400.45,Information and Communications Technology,Communications and Technology
Adult Social Care,VIRGIN MEDIA BUSINESS,10/7/2015,13.43,Information and Communications Technology,Communications and Technology
Adult Social Care,VIRGIN MEDIA BUSINESS,10/13/2015,11.93,Information and Communications Technology,Communications and Technology
Adult Social Care,VIRGIN MEDIA BUSINESS,10/14/2015,12.22,Information and Communications Technology,Communications and Technology
Adult Social Care,VIRGIN MEDIA BUSINESS,10/21/2015,20.93,Information and Communications Technology,Communications and Technology
Adult Social Care,VIRGIN MEDIA BUSINESS,10/13/2015,11.93,Information and Communications Technology,Communications and Technology
Adult Social Care,VIRGIN MEDIA BUSINESS,10/13/2015,21.62,Information and Communications Technology,Communications and Technology
Adult Social Care,VIRGIN MEDIA BUSINESS,10/19/2015,13.02,Information and Communications Technology,Communications and Technology
Adult Social Care,VIRGIN MEDIA BUSINESS,10/30/2015,14,Information and Communications Technology,Communications and Technology
Central Support Costs,VIRGIN MEDIA BUSINESS,10/13/2015,11.93,Information and Communications Technology,Communications and Technology
Central Support Costs,VIRGIN MEDIA BUSINESS,10/13/2015,12.02,Information and Communications Technology,Communications and Technology
Childrens & Educational Services,VIRGIN MEDIA BUSINESS,10/15/2015,58.47,Information and Communications Technology,Communications and Technology
Childrens & Educational Services,VIRGIN MEDIA BUSINESS,10/15/2015,11.93,Information and Communications Technology,Communications and Technology
Childrens & Educational Services,VIRGIN MEDIA BUSINESS,10/22/2015,193.2,Information and Communications Technology,Communications and Technology
Childrens & Educational Services,VIRGIN MEDIA BUSINESS,10/26/2015,11.93,Information and Communications Technology,Communications and Technology
Childrens & Educational Services,VIRGIN MEDIA BUSINESS,10/23/2015,49.68,Information and Communications Technology,Communications and Technology
Childrens & Educational Services,VIRGIN MEDIA BUSINESS,10/23/2015,81,Information and Communications Technology,Communications and Technology
Childrens & Educational Services,VIRGIN MEDIA BUSINESS,10/28/2015,60.42,Information and Communications Technology,Communications and Technology
Capital Expenditure,VIRGIN MEDIA BUSINESS,10/13/2015,26,Information and Communications Technology,Communications and Technology
Cultural & Related Services,VIRGIN MEDIA BUSINESS,10/12/2015,11.83,Information and Communications Technology,Communications and Technology
Cultural & Related Services,VIRGIN MEDIA BUSINESS,10/12/2015,12.04,Information and Communications Technology,Communications and Technology
Cultural & Related Services,VIRGIN MEDIA BUSINESS,10/12/2015,11.93,Information and Communications Technology,Communications and Technology
Cultural & Related Services,VIRGIN MEDIA BUSINESS,10/12/2015,11.93,Information and Communications Technology,Communications and Technology
Cultural & Related Services,VIRGIN MEDIA BUSINESS,10/12/2015,35,Information and Communications Technology,Communications and Technology
Cultural & Related Services,VIRGIN MEDIA BUSINESS,10/12/2015,22,Information and Communications Technology,Communications and Technology
Cultural & Related Services,VIRGIN MEDIA BUSINESS,10/12/2015,46.5,Information and Communications Technology,Communications and Technology
Cultural & Related Services,VIRGIN MEDIA BUSINESS,10/26/2015,173.62,Information and Communications Technology,Communications and Technology
Cultural & Related Services,VIRGIN MEDIA BUSINESS,10/15/2015,13,Information and Communications Technology,Communications and Technology
Cultural & Related Services,VIRGIN MEDIA BUSINESS,10/15/2015,-13,Information and Communications Technology,Communications and Technology
Cultural & Related Services,VIRGIN MEDIA BUSINESS,10/2/2015,11.93,Information and Communications Technology,Communications and Technology
Cultural & Related Services,VIRGIN MEDIA BUSINESS,10/2/2015,11.93,Information and Communications Technology,Communications and Technology
Cultural & Related Services,VIRGIN MEDIA BUSINESS,10/2/2015,11.93,Information and Communications Technology,Communications and Technology
Cultural & Related Services,VIRGIN MEDIA BUSINESS,10/2/2015,11.93,Information and Communications Technology,Communications and Technology
Cultural & Related Services,VIRGIN MEDIA BUSINESS,10/9/2015,11.99,Information and Communications Technology,Communications and Technology
Cultural & Related Services,VIRGIN MEDIA BUSINESS,10/9/2015,19.66,Information and Communications Technology,Communications and Technology
Cultural & Related Services,VIRGIN MEDIA BUSINESS,10/9/2015,12.14,Information and Communications Technology,Communications and Technology
Cultural & Related Services,VIRGIN MEDIA BUSINESS,10/9/2015,11.93,Information and Communications Technology,Communications and Technology
Cultural & Related Services,VIRGIN MEDIA BUSINESS,10/9/2015,11.94,Information and Communications Technology,Communications and Technology
Cultural & Related Services,VIRGIN MEDIA BUSINESS,10/9/2015,11.94,Information and Communications Technology,Communications and Technology
Cultural & Related Services,VIRGIN MEDIA BUSINESS,10/9/2015,11.93,Information and Communications Technology,Communications and Technology
Cultural & Related Services,VIRGIN MEDIA BUSINESS,10/9/2015,12.06,Information and Communications Technology,Communications and Technology
Cultural & Related Services,VIRGIN MEDIA BUSINESS,10/28/2015,11.93,Information and Communications Technology,Communications and Technology
Cultural & Related Services,VIRGIN MEDIA BUSINESS,10/28/2015,11.93,Information and Communications Technology,Communications and Technology
Cultural & Related Services,VIRGIN MEDIA BUSINESS,10/28/2015,11.93,Information and Communications Technology,Communications and Technology
Cultural & Related Services,VIRGIN MEDIA BUSINESS,10/28/2015,11.93,Information and Communications Technology,Communications and Technology
Cultural & Related Services,VIRGIN MEDIA BUSINESS,10/28/2015,12.11,Information and Communications Technology,Communications and Technology
Cultural & Related Services,VIRGIN MEDIA BUSINESS,10/28/2015,12.06,Information and Communications Technology,Communications and Technology
Cultural & Related Services,VIRGIN MEDIA BUSINESS,10/28/2015,11.93,Information and Communications Technology,Communications and Technology
Cultural & Related Services,VIRGIN MEDIA BUSINESS,10/28/2015,13.2,Information and Communications Technology,Communications and Technology
Cultural & Related Services,VIRGIN MEDIA BUSINESS,10/28/2015,11.95,Information and Communications Technology,Communications and Technology
Environmental & Regulatory Services,VIRGIN MEDIA BUSINESS,10/14/2015,20.09,Information and Communications Technology,Communications and Technology
Environmental & Regulatory Services,VIRGIN MEDIA BUSINESS,10/14/2015,12.02,Information and Communications Technology,Communications and Technology
Environmental & Regulatory Services,VIRGIN MEDIA BUSINESS,10/23/2015,11.93,Information and Communications Technology,Communications and Technology
Highways & Transport Services,VIRGIN MEDIA BUSINESS,10/9/2015,11.93,Information and Communications Technology,Communications and Technology
Highways & Transport Services,VIRGIN MEDIA BUSINESS,10/9/2015,11.93,Information and Communications Technology,Communications and Technology
Highways & Transport Services,VIRGIN MEDIA BUSINESS,10/27/2015,11.93,Information and Communications Technology,Communications and Technology
Highways & Transport Services,VIRGIN MEDIA BUSINESS,10/27/2015,11.93,Information and Communications Technology,Communications and Technology
Planning Services,VIRGIN MEDIA BUSINESS,10/13/2015,11.93,Information and Communications Technology,Communications and Technology
Planning Services,VIRGIN MEDIA BUSINESS,10/23/2015,11.83,Information and Communications Technology,Communications and Technology
Central Services to the public,VIRGIN MEDIA PAYMENTS LTD,10/15/2015,4.22,Information and Communications Technology,Communications and Technology
Central Services to the public,VIRGIN MEDIA PAYMENTS LTD,10/13/2015,4.24,Information and Communications Technology,Communications and Technology
Central Support Costs,VIRGIN MEDIA PAYMENTS LTD,10/13/2015,"3,064.54",Information and Communications Technology,Communications and Technology
Corporate & Democratic Core,VIRGIN MEDIA PAYMENTS LTD,10/13/2015,-42.94,Information and Communications Technology,Communications and Technology
Corporate & Democratic Core,VIRGIN MEDIA PAYMENTS LTD,10/13/2015,4.22,Information and Communications Technology,Communications and Technology
Planning Services,VIRGIN MEDIA PAYMENTS LTD,10/13/2015,99.24,Information and Communications Technology,Communications and Technology
Planning Services,VIRGIN MEDIA PAYMENTS LTD,10/13/2015,126.6,Information and Communications Technology,Communications and Technology
Planning Services,VIRGIN MEDIA PAYMENTS LTD,10/13/2015,"5,058.69",Information and Communications Technology,Communications and Technology
Planning Services,VIRGIN MEDIA PAYMENTS LTD,10/13/2015,126.6,Information and Communications Technology,Communications and Technology
Planning Services,VIRGIN MEDIA PAYMENTS LTD,10/13/2015,8.44,Information and Communications Technology,Communications and Technology
Planning Services,VIRGIN MEDIA PAYMENTS LTD,10/13/2015,11.31,Information and Communications Technology,Communications and Technology
Planning Services,VIRGIN MEDIA PAYMENTS LTD,10/13/2015,12.69,Information and Communications Technology,Communications and Technology
Planning Services,VIRGIN MEDIA PAYMENTS LTD,10/13/2015,"4,861.10",Information and Communications Technology,Communications and Technology
Planning Services,VIRGIN MEDIA PAYMENTS LTD,10/27/2015,38.35,Information and Communications Technology,Communications and Technology
Planning Services,VIRGIN MEDIA PAYMENTS LTD,10/27/2015,32.97,Information and Communications Technology,Communications and Technology
Adult Social Care,VIRGIN MEDIA PAYMENTS LTD,10/27/2015,75.08,Information and Communications Technology,Communications and Technology
Adult Social Care,VIRGIN MEDIA PAYMENTS LTD,10/29/2015,45.81,Information and Communications Technology,Communications and Technology
Adult Social Care,VIRGIN MEDIA PAYMENTS LTD,10/29/2015,46.07,Information and Communications Technology,Communications and Technology
Childrens & Educational Services,VIRGIN MEDIA PAYMENTS LTD,10/14/2015,54.6,Information and Communications Technology,Communications and Technology
Childrens & Educational Services,VIRGIN MEDIA PAYMENTS LTD,10/14/2015,40,Information and Communications Technology,Communications and Technology
Childrens & Educational Services,VIRGIN MEDIA PAYMENTS LTD,10/14/2015,36,Information and Communications Technology,Communications and Technology
Childrens & Educational Services,VIRGIN MEDIA PAYMENTS LTD,10/14/2015,45,Information and Communications Technology,Communications and Technology
Childrens & Educational Services,VIRGIN MEDIA PAYMENTS LTD,10/14/2015,36,Information and Communications Technology,Communications and Technology
Childrens & Educational Services,VIRGIN MEDIA PAYMENTS LTD,10/26/2015,7.51,Information and Communications Technology,Communications and Technology
Childrens & Educational Services,VIRGIN MEDIA PAYMENTS LTD,10/26/2015,30,Information and Communications Technology,Communications and Technology
Childrens & Educational Services,VIRGIN MEDIA PAYMENTS LTD,10/22/2015,4.22,Information and Communications Technology,Communications and Technology
Childrens & Educational Services,VIRGIN MEDIA PAYMENTS LTD,10/26/2015,109.58,Information and Communications Technology,Communications and Technology
Cultural & Related Services,VIRGIN MEDIA PAYMENTS LTD,10/13/2015,4.22,Information and Communications Technology,Communications and Technology
Cultural & Related Services,VIRGIN MEDIA PAYMENTS LTD,10/13/2015,4.22,Information and Communications Technology,Communications and Technology
Cultural & Related Services,VIRGIN MEDIA PAYMENTS LTD,10/30/2015,4.22,Information and Communications Technology,Communications and Technology
Cultural & Related Services,VIRGIN MEDIA PAYMENTS LTD,10/30/2015,4.22,Information and Communications Technology,Communications and Technology
Environmental & Regulatory Services,VIRGIN MEDIA PAYMENTS LTD,10/13/2015,21.15,Information and Communications Technology,Communications and Technology
Childrens & Educational Services,Vision for Education,10/9/2015,358,Agency Staff,Recruitment / Staffing
Childrens & Educational Services,Vision for Education,10/9/2015,358,Agency Staff,Recruitment / Staffing
Childrens & Educational Services,Vision for Education,10/9/2015,447.5,Agency Staff,Recruitment / Staffing
Childrens & Educational Services,Vision for Education,10/9/2015,115,Agency Staff,Recruitment / Staffing
Childrens & Educational Services,Vision for Education,10/9/2015,805.5,Agency Staff,Recruitment / Staffing
Childrens & Educational Services,Vision for Education,10/9/2015,805.5,Agency Staff,Recruitment / Staffing
Childrens & Educational Services,Vision for Education,10/12/2015,89.5,Agency Staff,Recruitment / Staffing
Childrens & Educational Services,Vision for Education,10/12/2015,447.5,Agency Staff,Recruitment / Staffing
Childrens & Educational Services,Vision for Education,10/27/2015,805.5,Agency Staff,Recruitment / Staffing
Childrens & Educational Services,Vision for Education,10/28/2015,895,Agency Staff,Recruitment / Staffing
Childrens & Educational Services,Vision for Education,10/28/2015,805.5,Agency Staff,Recruitment / Staffing
Childrens & Educational Services,Vision for Education,10/28/2015,179,Agency Staff,Recruitment / Staffing
Planning Services,VODAFONE LTD,10/13/2015,974.4,Information and Communications Technology,Communications and Technology
Planning Services,VODAFONE LTD,10/14/2015,100.73,Information and Communications Technology,Communications and Technology
Capital Expenditure,VODAFONE LTD,10/6/2015,"66,483.49",Supplies and services,Communications and Technology
Capital Expenditure,VODAFONE LTD,10/30/2015,"4,000.00",Supplies and services,Communications and Technology
Adult Social Care,VOYAGE 1 LIMITED,10/5/2015,"3,768.00",Care Payments,Social Care Services
Adult Social Care,VOYAGE 1 LIMITED,10/5/2015,-654.6,Care Payments,Social Care Services
Planning Services,WADSWORTH LTD,10/15/2015,171.36,Furniture and Equipment,ICT Supplies
Planning Services,WADSWORTH LTD,10/28/2015,412.11,Furniture and Equipment,ICT Supplies
Environmental & Regulatory Services,WAKEFIELD MDC,10/27/2015,680,Fees and Charges,Local Authority
Adult Social Care,Waltham Hall Nursing Home,10/5/2015,"1,660.00",Care Payments,Social Care Services
Adult Social Care,Waltham Hall Nursing Home,10/5/2015,-659.88,Care Payments,Social Care Services
Public Health,Warrington & Halton NHS FT,10/27/2015,"1,020.60",Supplies and services,NHS Organisation
Childrens & Educational Services,WASTE SOLUTIONS SK,10/16/2015,48.64,Repairs and Maintenance,Waste Recycling / Disposal
Childrens & Educational Services,WASTE SOLUTIONS SK,10/28/2015,48.64,Repairs and Maintenance,Waste Recycling / Disposal
Cultural & Related Services,WASTE SOLUTIONS SK,10/26/2015,918,Repairs and Maintenance,Waste Recycling / Disposal
Childrens & Educational Services,WASTE SOLUTIONS SK,10/28/2015,47.3,Waste Management,Waste Recycling / Disposal
Childrens & Educational Services,WASTE SOLUTIONS SK,10/28/2015,48.64,Waste Management,Waste Recycling / Disposal
Childrens & Educational Services,WASTE SOLUTIONS SK,10/28/2015,48.64,Waste Management,Waste Recycling / Disposal
Childrens & Educational Services,WASTE SOLUTIONS SK,10/28/2015,47.3,Waste Management,Waste Recycling / Disposal
Childrens & Educational Services,WASTE SOLUTIONS SK,10/28/2015,47.3,Waste Management,Waste Recycling / Disposal
Planning Services,WASTE SOLUTIONS SK,10/9/2015,595.66,Waste Management,Waste Recycling / Disposal
Planning Services,WASTE SOLUTIONS SK,10/13/2015,138,Waste Management,Waste Recycling / Disposal
Planning Services,WASTE SOLUTIONS SK,10/13/2015,595.66,Waste Management,Waste Recycling / Disposal
Planning Services,WASTE SOLUTIONS SK,10/23/2015,138,Waste Management,Waste Recycling / Disposal
Planning Services,WASTE SOLUTIONS SK,10/28/2015,50.94,Waste Management,Waste Recycling / Disposal
Planning Services,WASTE SOLUTIONS SK,10/28/2015,75,Waste Management,Waste Recycling / Disposal
Planning Services,WASTE SOLUTIONS SK,10/28/2015,50.94,Waste Management,Waste Recycling / Disposal
Planning Services,WASTE SOLUTIONS SK,10/30/2015,50.94,Waste Management,Waste Recycling / Disposal
Planning Services,WASTE SOLUTIONS SK,10/30/2015,228,Waste Management,Waste Recycling / Disposal
Planning Services,WASTE SOLUTIONS SK,10/30/2015,75,Waste Management,Waste Recycling / Disposal
Capital Expenditure,WATTS GROUP PLC,10/1/2015,237,Professional Fees,Surveyor
Capital Expenditure,WATTS GROUP PLC,10/28/2015,160,Professional Fees,Surveyor
Capital Expenditure,WATTS GROUP PLC,10/28/2015,240,Professional Fees,Surveyor
Capital Expenditure,WATTS GROUP PLC,10/28/2015,300,Professional Fees,Surveyor
Capital Expenditure,WATTS GROUP PLC,10/28/2015,240,Professional Fees,Surveyor
Capital Expenditure,WATTS GROUP PLC,10/28/2015,300,Professional Fees,Surveyor
Capital Expenditure,WATTS GROUP PLC,10/28/2015,"1,560.00",Professional Fees,Surveyor
Capital Expenditure,WATTS GROUP PLC,10/29/2015,760,Professional Fees,Surveyor
Central Support Costs,WATTS GROUP PLC,10/26/2015,237,Repairs and Maintenance,Surveyor
Adult Social Care,WEEKEND DAY CENTRE FOR DEMENTIA CAR,10/30/2015,"26,080.00",Third party payments - Private/Voluntary Sector,Social Care Services
Public Health,Westbrook Community Care Ltd,10/7/2015,"12,500.00",Supplies and services,Social Care Services
Adult Social Care,WESTFIELD MINIBUSES,10/13/2015,594,Leasing /Transport Hire,Transport and Travel
Adult Social Care,WESTON PARK NURSING CENTRE,10/5/2015,"1,868.40",Care Payments,Social Care Services
Cultural & Related Services,WF HOWES LTD,10/26/2015,212.8,Library Equipment,Books / Magazines / Media
Cultural & Related Services,WF HOWES LTD,10/26/2015,128,Library Equipment,Books / Magazines / Media
Cultural & Related Services,WF HOWES LTD,10/26/2015,115.2,Library Equipment,Books / Magazines / Media
Cultural & Related Services,WF HOWES LTD,10/26/2015,115.2,Library Equipment,Books / Magazines / Media
Cultural & Related Services,WF HOWES LTD,10/26/2015,127.2,Library Equipment,Books / Magazines / Media
Cultural & Related Services,WF HOWES LTD,10/26/2015,53.1,Library Equipment,Books / Magazines / Media
Cultural & Related Services,WF HOWES LTD,10/26/2015,130.4,Library Equipment,Books / Magazines / Media
Cultural & Related Services,WF HOWES LTD,10/26/2015,33.3,Library Equipment,Books / Magazines / Media
Cultural & Related Services,WF HOWES LTD,10/26/2015,374.4,Library Equipment,Books / Magazines / Media
Cultural & Related Services,WF HOWES LTD,10/26/2015,296.4,Library Equipment,Books / Magazines / Media
Cultural & Related Services,WF HOWES LTD,10/26/2015,187.2,Library Equipment,Books / Magazines / Media
Cultural & Related Services,WF HOWES LTD,10/23/2015,388.8,Library Equipment,Books / Magazines / Media
Adult Social Care,WHITEFERN,10/22/2015,"1,670.96",Furniture and Equipment,Furniture and Furnishings
Adult Social Care,WHITEFERN,10/22/2015,191.5,Furniture and Equipment,Furniture and Furnishings
Capital Expenditure,WHITFIELD & BROWN (DEV) LTD,10/13/2015,"286,890.00",Capital Expenditure - Works,Construction / Building Services
Capital Expenditure,WHITING AND MASON,10/13/2015,"99,500.00",Capital Expenditure - Acquisitions,Legal Services
Capital Expenditure,WHITING AND MASON,10/20/2015,"90,000.00",Supplies and services,Legal Services
Capital Expenditure,WHITING AND MASON,10/20/2015,335,Supplies and services,Legal Services
Adult Social Care,WIGAN Council,10/22/2015,545.45,Other Payments,Local Authority
Adult Social Care,WIGAN METROPOLITAN BOROUGH COUNCIL,10/14/2015,"1,500.00",Professional Fees,Local Authority
Capital Expenditure,WILDE CONSULTANTS LTD,10/21/2015,31.25,Capital Expenditure - Works,Engineering Services
Highways & Transport Services,WILDE CONSULTANTS LTD,10/16/2015,"4,883.95",Professional Fees,Engineering Services
Highways & Transport Services,WILDE CONSULTANTS LTD,10/21/2015,"2,769.25",Professional Fees,Engineering Services
Capital Expenditure,WILDE CONSULTANTS LTD,10/9/2015,"3,712.30",Professional Fees,Engineering Services
Capital Expenditure,WILDE CONSULTANTS LTD,10/9/2015,"1,149.82",Professional Fees,Engineering Services
Capital Expenditure,WILDE CONSULTANTS LTD,10/8/2015,"3,384.59",Professional Fees,Engineering Services
Capital Expenditure,WILDE CONSULTANTS LTD,10/8/2015,801,Professional Fees,Engineering Services
Capital Expenditure,WILDE CONSULTANTS LTD,10/8/2015,"1,343.36",Professional Fees,Engineering Services
Capital Expenditure,WILDE CONSULTANTS LTD,10/8/2015,213.75,Professional Fees,Engineering Services
Capital Expenditure,WILDE CONSULTANTS LTD,10/9/2015,83.75,Professional Fees,Engineering Services
Capital Expenditure,WILDE CONSULTANTS LTD,10/9/2015,923.75,Professional Fees,Engineering Services
Capital Expenditure,WILDE CONSULTANTS LTD,10/9/2015,"1,940.34",Professional Fees,Engineering Services
Capital Expenditure,WILDE CONSULTANTS LTD,10/16/2015,"5,962.23",Professional Fees,Engineering Services
Capital Expenditure,WILDE CONSULTANTS LTD,10/16/2015,"5,617.75",Professional Fees,Engineering Services
Capital Expenditure,WILDE CONSULTANTS LTD,10/16/2015,"8,808.50",Professional Fees,Engineering Services
Capital Expenditure,WILDE CONSULTANTS LTD,10/20/2015,"8,208.00",Professional Fees,Engineering Services
Capital Expenditure,WILDE CONSULTANTS LTD,10/16/2015,"7,406.25",Professional Fees,Engineering Services
Capital Expenditure,WILDE CONSULTANTS LTD,10/16/2015,"3,643.25",Professional Fees,Engineering Services
Capital Expenditure,WILDE CONSULTANTS LTD,10/16/2015,"9,480.00",Professional Fees,Engineering Services
Capital Expenditure,WILDE CONSULTANTS LTD,10/20/2015,"6,435.00",Professional Fees,Engineering Services
Capital Expenditure,WILDE CONSULTANTS LTD,10/16/2015,"6,754.50",Professional Fees,Engineering Services
Capital Expenditure,WILDE CONSULTANTS LTD,10/21/2015,"-1,306.00",Professional Fees,Engineering Services
Capital Expenditure,WILDE CONSULTANTS LTD,10/21/2015,"1,306.00",Professional Fees,Engineering Services
Capital Expenditure,WILDE CONSULTANTS LTD,10/21/2015,"1,306.00",Professional Fees,Engineering Services
Capital Expenditure,WILDE CONSULTANTS LTD,10/21/2015,890.73,Professional Fees,Engineering Services
Capital Expenditure,WILDE CONSULTANTS LTD,10/21/2015,743.05,Professional Fees,Engineering Services
Capital Expenditure,WILDE CONSULTANTS LTD,10/21/2015,770.72,Professional Fees,Engineering Services
Capital Expenditure,WILDE CONSULTANTS LTD,10/21/2015,"9,496.44",Professional Fees,Engineering Services
Capital Expenditure,WILDE CONSULTANTS LTD,10/21/2015,"8,045.31",Professional Fees,Engineering Services
Capital Expenditure,WILDE CONSULTANTS LTD,10/21/2015,"4,137.21",Professional Fees,Engineering Services
Capital Expenditure,WILDE CONSULTANTS LTD,10/21/2015,54,Professional Fees,Engineering Services
Capital Expenditure,WILDE CONSULTANTS LTD,10/21/2015,325,Professional Fees,Engineering Services
Capital Expenditure,WILDE CONSULTANTS LTD,10/21/2015,64.9,Professional Fees,Engineering Services
Capital Expenditure,WILDE CONSULTANTS LTD,10/21/2015,"1,569.70",Professional Fees,Engineering Services
Capital Expenditure,WILDE CONSULTANTS LTD,10/21/2015,"1,418.31",Professional Fees,Engineering Services
Capital Expenditure,WILDE CONSULTANTS LTD,10/21/2015,"4,267.00",Professional Fees,Engineering Services
Capital Expenditure,WILDE CONSULTANTS LTD,10/21/2015,"3,471.45",Professional Fees,Engineering Services
Capital Expenditure,WILDE CONSULTANTS LTD,10/21/2015,245.81,Professional Fees,Engineering Services
Capital Expenditure,WILDE CONSULTANTS LTD,10/21/2015,588.18,Professional Fees,Engineering Services
Capital Expenditure,WILDE CONSULTANTS LTD,10/21/2015,551.97,Professional Fees,Engineering Services
Capital Expenditure,WILDE CONSULTANTS LTD,10/21/2015,355.16,Professional Fees,Engineering Services
Capital Expenditure,WILDE CONSULTANTS LTD,10/21/2015,"1,927.00",Professional Fees,Engineering Services
Capital Expenditure,WILDE CONSULTANTS LTD,10/21/2015,330.13,Professional Fees,Engineering Services
Capital Expenditure,WILDE CONSULTANTS LTD,10/21/2015,772.57,Professional Fees,Engineering Services
Capital Expenditure,WILDE CONSULTANTS LTD,10/21/2015,"4,360.75",Professional Fees,Engineering Services
Capital Expenditure,WILDE CONSULTANTS LTD,10/21/2015,83.75,Professional Fees,Engineering Services
Capital Expenditure,WILDE CONSULTANTS LTD,10/21/2015,923.75,Professional Fees,Engineering Services
Capital Expenditure,WILDE CONSULTANTS LTD,10/21/2015,"1,940.34",Professional Fees,Engineering Services
Capital Expenditure,WILDE CONSULTANTS LTD,10/21/2015,"4,275.73",Professional Fees,Engineering Services
Capital Expenditure,WILDE CONSULTANTS LTD,10/30/2015,"6,498.00",Professional Fees,Engineering Services
Capital Expenditure,WILDE CONSULTANTS LTD,10/30/2015,"6,043.50",Professional Fees,Engineering Services
Capital Expenditure,WILDE CONSULTANTS LTD,10/30/2015,"4,443.75",Professional Fees,Engineering Services
Capital Expenditure,WILDE CONSULTANTS LTD,10/21/2015,"1,371.40",Professional Fees,Engineering Services
Capital Expenditure,WILDE CONSULTANTS LTD,10/27/2015,"1,510.43",Professional Fees,Engineering Services
Capital Expenditure,WILDE CONSULTANTS LTD,10/21/2015,"4,016.12",Professional Fees,Engineering Services
Capital Expenditure,WILDE CONSULTANTS LTD,10/21/2015,"2,422.80",Professional Fees,Engineering Services
Capital Expenditure,WILDE CONSULTANTS LTD,10/21/2015,489.6,Professional Fees,Engineering Services
Capital Expenditure,WILDE CONSULTANTS LTD,10/27/2015,"4,035.59",Professional Fees,Engineering Services
Capital Expenditure,WILDE CONSULTANTS LTD,10/27/2015,"2,848.26",Professional Fees,Engineering Services
Capital Expenditure,WILDE CONSULTANTS LTD,10/28/2015,"3,819.31",Professional Fees,Engineering Services
Highways & Transport Services,WILDE CONSULTANTS LTD,10/16/2015,"7,397.29",Professional Fees,Engineering Services
Highways & Transport Services,WILDE CONSULTANTS LTD,10/16/2015,"2,886.95",Professional Fees,Engineering Services
Highways & Transport Services,WILDE CONSULTANTS LTD,10/16/2015,"5,120.15",Professional Fees,Engineering Services
Highways & Transport Services,WILDE CONSULTANTS LTD,10/16/2015,"8,456.16",Professional Fees,Engineering Services
Highways & Transport Services,WILDE CONSULTANTS LTD,10/16/2015,"8,028.38",Professional Fees,Engineering Services
Highways & Transport Services,WILDE CONSULTANTS LTD,10/16/2015,"6,792.13",Professional Fees,Engineering Services
Highways & Transport Services,WILDE CONSULTANTS LTD,10/16/2015,"2,462.50",Professional Fees,Engineering Services
Highways & Transport Services,WILDE CONSULTANTS LTD,10/16/2015,"7,076.88",Professional Fees,Engineering Services
Highways & Transport Services,WILDE CONSULTANTS LTD,10/16/2015,"5,083.63",Professional Fees,Engineering Services
Highways & Transport Services,WILDE CONSULTANTS LTD,10/16/2015,"7,890.50",Professional Fees,Engineering Services
Highways & Transport Services,WILDE CONSULTANTS LTD,10/16/2015,"6,589.75",Professional Fees,Engineering Services
Highways & Transport Services,WILDE CONSULTANTS LTD,10/23/2015,"2,685.00",Professional Fees,Engineering Services
Highways & Transport Services,WILDE CONSULTANTS LTD,10/16/2015,"3,718.50",Professional Fees,Engineering Services
Highways & Transport Services,WILDE CONSULTANTS LTD,10/16/2015,"6,080.63",Professional Fees,Engineering Services
Highways & Transport Services,WILDE CONSULTANTS LTD,10/30/2015,"5,736.88",Professional Fees,Engineering Services
Highways & Transport Services,WILDE CONSULTANTS LTD,10/30/2015,"5,234.38",Professional Fees,Engineering Services
Highways & Transport Services,WILDE CONSULTANTS LTD,10/30/2015,"6,880.00",Professional Fees,Engineering Services
Highways & Transport Services,WILDE CONSULTANTS LTD,10/30/2015,"7,471.25",Professional Fees,Engineering Services
Highways & Transport Services,WILDE CONSULTANTS LTD,10/30/2015,"6,701.98",Professional Fees,Engineering Services
Highways & Transport Services,WILDE CONSULTANTS LTD,10/30/2015,"2,149.91",Professional Fees,Engineering Services
Highways & Transport Services,WILDE CONSULTANTS LTD,10/30/2015,"5,396.15",Professional Fees,Engineering Services
Highways & Transport Services,WILDE CONSULTANTS LTD,10/30/2015,"6,553.44",Professional Fees,Engineering Services
Highways & Transport Services,WILDE CONSULTANTS LTD,10/30/2015,"6,324.98",Professional Fees,Engineering Services
Highways & Transport Services,WILDE CONSULTANTS LTD,10/30/2015,"6,356.78",Professional Fees,Engineering Services
Planning Services,WILDE CONSULTANTS LTD,10/16/2015,"4,033.25",Professional Fees,Engineering Services
Planning Services,WILDE CONSULTANTS LTD,10/30/2015,"2,582.38",Professional Fees,Engineering Services
Capital Expenditure,WILDE CONSULTANTS LTD,10/8/2015,"4,249.13",Supplies and services,Engineering Services
Capital Expenditure,WILDE CONSULTANTS LTD,10/8/2015,388.7,Supplies and services,Engineering Services
Capital Expenditure,WILDE CONSULTANTS LTD,10/21/2015,-277.5,Supplies and services,Engineering Services
Capital Expenditure,WILDE CONSULTANTS LTD,10/21/2015,277.5,Supplies and services,Engineering Services
Capital Expenditure,WILDE CONSULTANTS LTD,10/21/2015,"1,452.94",Supplies and services,Engineering Services
Capital Expenditure,William Anelay Ltd,10/15/2015,"25,146.00",Repairs and Maintenance,Construction / Building Services
Adult Social Care,Wings Care (North West) LLP,10/26/2015,"7,400.00",Care Payments,Social Care Services
Adult Social Care,WIRRAL AUTISTIC SOCIETY,10/5/2015,"6,493.00",Care Payments,Disability Support
Adult Social Care,WIRRAL AUTISTIC SOCIETY,10/5/2015,-321.8,Care Payments,Disability Support
Adult Social Care,WOODEND NURSING & RESIDENTIAL CENTR,10/5/2015,"1,693.88",Care Payments,Social Care Services
Adult Social Care,WOODEND NURSING & RESIDENTIAL CENTR,10/5/2015,-505.2,Care Payments,Social Care Services
Adult Social Care,WOODEND NURSING & RESIDENTIAL CENTR,10/5/2015,"1,587.04",Care Payments,Social Care Services
Adult Social Care,WOODEND NURSING & RESIDENTIAL CENTR,10/5/2015,-882.2,Care Payments,Social Care Services
Adult Social Care,Woodside Home (Lancashire CC),10/5/2015,"3,948.50",Care Payments,Social Care Services
Central Services to the public,XEROX (UK) LTD,10/29/2015,481,Office Expenses,Office Equipment
Corporate & Democratic Core,XEROX (UK) LTD,10/29/2015,273.52,Office Expenses,Office Equipment
Planning Services,XEROX (UK) LTD,10/29/2015,134.67,Office Expenses,Office Equipment
Planning Services,XEROX (UK) LTD,10/29/2015,75.1,Office Expenses,Office Equipment
Childrens & Educational Services,XEROX (UK) LTD,10/30/2015,238.25,Office Expenses,Office Equipment
Childrens & Educational Services,XEROX (UK) LTD,10/28/2015,207.74,Office Expenses,Office Equipment
Childrens & Educational Services,Xerox Finance Limited,10/19/2015,259.99,Furniture and Equipment,Financial Services
Central Services to the public,Xerox Finance Limited,10/19/2015,318.05,Office Expenses,Financial Services
Central Support Costs,Xerox Finance Limited,10/19/2015,268.07,Office Expenses,Financial Services
Central Support Costs,Xerox Finance Limited,10/19/2015,283.07,Office Expenses,Financial Services
Childrens & Educational Services,Xerox Finance Limited,10/28/2015,214.31,Office Expenses,Financial Services
Childrens & Educational Services,YORKSHIRE PURCHASING ORGANISATION,10/28/2015,23.95,Catering Supplies,Business Services / Support
Childrens & Educational Services,YORKSHIRE PURCHASING ORGANISATION,10/6/2015,45,Furniture and Equipment,Business Services / Support
Childrens & Educational Services,YORKSHIRE PURCHASING ORGANISATION,10/6/2015,435.63,Furniture and Equipment,Business Services / Support
Childrens & Educational Services,YORKSHIRE PURCHASING ORGANISATION,10/6/2015,34.2,Furniture and Equipment,Business Services / Support
Childrens & Educational Services,YORKSHIRE PURCHASING ORGANISATION,10/6/2015,129.7,Furniture and Equipment,Business Services / Support
Childrens & Educational Services,YORKSHIRE PURCHASING ORGANISATION,10/28/2015,64.46,Furniture and Equipment,Business Services / Support
Childrens & Educational Services,YORKSHIRE PURCHASING ORGANISATION,10/6/2015,91.67,Furniture and Equipment,Business Services / Support
Childrens & Educational Services,YORKSHIRE PURCHASING ORGANISATION,10/6/2015,103.57,Furniture and Equipment,Business Services / Support
Childrens & Educational Services,YORKSHIRE PURCHASING ORGANISATION,10/28/2015,-0.78,Furniture and Equipment,Business Services / Support
Childrens & Educational Services,YORKSHIRE PURCHASING ORGANISATION,10/28/2015,-151.96,Furniture and Equipment,Business Services / Support
Childrens & Educational Services,YORKSHIRE PURCHASING ORGANISATION,10/28/2015,78.95,Furniture and Equipment,Business Services / Support
Childrens & Educational Services,YORKSHIRE PURCHASING ORGANISATION,10/28/2015,21.45,Furniture and Equipment,Business Services / Support
Childrens & Educational Services,YORKSHIRE PURCHASING ORGANISATION,10/28/2015,113.64,Furniture and Equipment,Business Services / Support
Childrens & Educational Services,YORKSHIRE PURCHASING ORGANISATION,10/28/2015,4.5,Furniture and Equipment,Business Services / Support
Childrens & Educational Services,YORKSHIRE PURCHASING ORGANISATION,10/28/2015,66,Furniture and Equipment,Business Services / Support
Childrens & Educational Services,YORKSHIRE PURCHASING ORGANISATION,10/28/2015,1.2,Furniture and Equipment,Business Services / Support
Childrens & Educational Services,YORKSHIRE PURCHASING ORGANISATION,10/28/2015,250.73,Furniture and Equipment,Business Services / Support
Childrens & Educational Services,YORKSHIRE PURCHASING ORGANISATION,10/29/2015,4.99,Furniture and Equipment,Business Services / Support
Childrens & Educational Services,YORKSHIRE PURCHASING ORGANISATION,10/6/2015,28.7,Office Expenses,Business Services / Support
Childrens & Educational Services,YORKSHIRE PURCHASING ORGANISATION,10/9/2015,30.8,Office Expenses,Business Services / Support
Childrens & Educational Services,YORKSHIRE PURCHASING ORGANISATION,10/9/2015,-30.8,Office Expenses,Business Services / Support
Childrens & Educational Services,YORKSHIRE PURCHASING ORGANISATION,10/28/2015,-10.65,Office Expenses,Business Services / Support
Childrens & Educational Services,YORKSHIRE PURCHASING ORGANISATION,10/28/2015,53.95,Office Expenses,Business Services / Support
Childrens & Educational Services,YORKSHIRE PURCHASING ORGANISATION,10/28/2015,70,Office Expenses,Business Services / Support
Childrens & Educational Services,YORKSHIRE PURCHASING ORGANISATION,10/28/2015,24.72,Office Expenses,Business Services / Support
Childrens & Educational Services,YORKSHIRE PURCHASING ORGANISATION,10/28/2015,23.54,Office Expenses,Business Services / Support
Childrens & Educational Services,YORKSHIRE PURCHASING ORGANISATION,10/28/2015,30.8,Office Expenses,Business Services / Support
Childrens & Educational Services,YORKSHIRE PURCHASING ORGANISATION,10/28/2015,10,Publicity and Promotion,Business Services / Support
Childrens & Educational Services,YORKSHIRE PURCHASING ORGANISATION,10/28/2015,6,Publicity and Promotion,Business Services / Support
Childrens & Educational Services,YORKSHIRE PURCHASING ORGANISATION,10/28/2015,9.45,Publicity and Promotion,Business Services / Support
Childrens & Educational Services,YORKSHIRE PURCHASING ORGANISATION,10/28/2015,88.5,Publicity and Promotion,Business Services / Support
Central Support Costs,ZURICH INSURANCE PLC,10/21/2015,375.98,Insurance,Insurance Services
Central Support Costs,ZURICH INSURANCE PLC,10/21/2015,"6,711.71",Insurance,Insurance Services
Central Support Costs,ZURICH INSURANCE PLC,10/21/2015,-413,Insurance,Insurance Services
